job        1214925.pbs60
host       an6007
date       2026-09-23T10:34:17+02:00
commit     e4f124f849184de516e0453420990620b5f46cc8
exe        /hpc/data/cfd-students/nnoventa/sparta/install_h200_reduce/bin/spa_kokkos_cuda
build      arch    h200_reduce reduce  1 commit  423f924c1db83cdee097469f592c852fc01effc8 date    2026-09-23T10:27:38+02:00 
input      /hpc/data/cfd-students/nnoventa/sparta/nicola/input/in.sparta.gpu
ranks      1
gpus       1
npart      30000000
nsteps     10000
reorder    0
label      reduce
nsys delay 0  duration 0
GPU 0: NVIDIA H200 (UUID: GPU-df9f0820-16cb-eac3-da5d-50f8b8db023f)
NVIDIA Nsight Systems version 2024.6.2.225-246235244400v0
Driver Version                            : 560.28.03
CUDA Version                              : 12.6
    Addressing Mode                       : None
uvm_disable_hmm: N
Collecting data...
SPARTA (27 Aug 2026)
KOKKOS mode is enabled (/hpc/data/cfd-students/nnoventa/sparta/src/KOKKOS/kokkos.cpp:50)
  requested 1 GPU(s) per node
  requested 1 thread(s) per MPI task
WARNING: When using a single thread, the Kokkos Serial backend (i.e. Makefile.kokkos_mpi_only) gives better performance than the OpenMP backend (/hpc/data/cfd-students/nnoventa/sparta/src/KOKKOS/kokkos.cpp:148)
[kp] logging allocations >= 100 MB, watching device free memory for jumps >= 1.0 GB
[kp] memory watch enabled
[kp]     0.000s  10:34:19.831  device free 139.2 GB at start of watch
Running on 1 MPI task(s)
Created orthogonal box = (-0.002001 -1e-06 -1e-06) to (0.02801 0.003001 0.087501)
Created 864000 child grid cells
  CPU time = 0.137325 secs
  create/ghost percent = 28.1558 71.8442
Balance grid migrated 0 cells
  CPU time = 0.105648 secs
  reassign/sort/migrate/ghost percent = 15.0504 1.29998 4.11164 79.5379
Reading surface file ...
  80998 triangles
  clipped to 80998 tris
  -0.002 0.028 xlo xhi
  0 0.003 ylo yhi
  0 0.0875 zlo zhi
  0.000245331 min triangle edge length
  3.15715e-08 min triangle area
  43848 0 = cells overlapping surfs, overlap cells with unmarked corner pts
  25 tiny edges removed
  269352 550800 43848 = cells outside/inside/overlapping surfs
  43848 = surf cells with 1,2,etc splits
  2.72343749998582e-06 2.7234375e-06 = cell-wise and global flow volume
  CPU time = 0.754328 secs
  read/check/sort/surf2grid/ghost/inout/particle percent = 3.56657 4.07366 1.81576 50.8585 39.6855 12.6588 0.000839157
  surf2grid time = 0.38364 secs
  map/comm1/comm2/comm3/comm4/split percent = 12.6027 1.57703 6.52901 1.61747 3.5252 71.1946
0 = initial surface count in group inlet
382 = final surface count in group inlet
0 = initial surface count in group outlet
690 = final surface count in group outlet
0 = initial surface count in group yminus
41336 = final surface count in group yminus
0 = initial surface count in group yplus
33810 = final surface count in group yplus
0 = initial surface count in group yplus_inlet
382 = final surface count in group yplus_inlet
0 = initial surface count in group yplus_inlet_wall
1314 = final surface count in group yplus_inlet_wall
0 = initial surface count in group yplus_outlet
718 = final surface count in group yplus_outlet
0 = initial surface count in group yplus_outlet_wall
1598 = final surface count in group yplus_outlet_wall
0 = initial surface count in group zminus
393 = final surface count in group zminus
0 = initial surface count in group zplus
375 = final surface count in group zplus
Creating particles ...
[kp]     1.418s  alloc        100.9 MB  Cuda     live      226.7 MB  "particle:particles"
[kp]     1.419s  alloc        100.9 MB  Host     live      192.7 MB  "particle:particles_mirror"
[kp]     1.441s  alloc        111.0 MB  Cuda     live      246.0 MB  "particle:particles"
[kp]     1.441s  alloc        111.0 MB  Host     live      211.9 MB  "particle:particles_mirror"
[kp]     1.442s  dealloc      100.9 MB  Host     live      111.0 MB  "particle:particles_mirror"
[kp]     1.450s  dealloc      100.9 MB  Cuda     live      145.0 MB  "particle:particles"
[kp]     1.466s  alloc        122.1 MB  Cuda     live      267.2 MB  "particle:particles"
[kp]     1.466s  alloc        122.1 MB  Host     live      233.1 MB  "particle:particles_mirror"
[kp]     1.466s  dealloc      111.0 MB  Host     live      122.1 MB  "particle:particles_mirror"
[kp]     1.475s  dealloc      111.0 MB  Cuda     live      156.1 MB  "particle:particles"
[kp]     1.493s  alloc        134.3 MB  Cuda     live      290.5 MB  "particle:particles"
[kp]     1.493s  alloc        134.3 MB  Host     live      256.4 MB  "particle:particles_mirror"
[kp]     1.493s  dealloc      122.1 MB  Host     live      134.3 MB  "particle:particles_mirror"
[kp]     1.503s  dealloc      122.1 MB  Cuda     live      168.4 MB  "particle:particles"
[kp]     1.526s  alloc        147.7 MB  Cuda     live      316.1 MB  "particle:particles"
[kp]     1.526s  alloc        147.7 MB  Host     live      282.1 MB  "particle:particles_mirror"
[kp]     1.527s  dealloc      134.3 MB  Host     live      147.8 MB  "particle:particles_mirror"
[kp]     1.539s  dealloc      134.3 MB  Cuda     live      181.8 MB  "particle:particles"
[kp]     1.561s  alloc        162.5 MB  Cuda     live      344.3 MB  "particle:particles"
[kp]     1.561s  alloc        162.5 MB  Host     live      310.3 MB  "particle:particles_mirror"
[kp]     1.561s  dealloc      147.7 MB  Host     live      162.5 MB  "particle:particles_mirror"
[kp]     1.574s  dealloc      147.7 MB  Cuda     live      196.6 MB  "particle:particles"
[kp]     1.617s  alloc        178.8 MB  Cuda     live      375.3 MB  "particle:particles"
[kp]     1.617s  alloc        178.8 MB  Host     live      341.3 MB  "particle:particles_mirror"
[kp]     1.617s  dealloc      162.5 MB  Host     live      178.8 MB  "particle:particles_mirror"
[kp]     1.632s  dealloc      162.5 MB  Cuda     live      212.8 MB  "particle:particles"
[kp]     1.660s  alloc        196.6 MB  Cuda     live      409.5 MB  "particle:particles"
[kp]     1.660s  alloc        196.6 MB  Host     live      375.4 MB  "particle:particles_mirror"
[kp]     1.660s  dealloc      178.8 MB  Host     live      196.7 MB  "particle:particles_mirror"
[kp]     1.676s  dealloc      178.8 MB  Cuda     live      230.7 MB  "particle:particles"
[kp]     1.705s  alloc        216.3 MB  Cuda     live      447.0 MB  "particle:particles"
[kp]     1.705s  alloc        216.3 MB  Host     live      413.0 MB  "particle:particles_mirror"
[kp]     1.705s  dealloc      196.6 MB  Host     live      216.3 MB  "particle:particles_mirror"
[kp]     1.723s  dealloc      196.6 MB  Cuda     live      250.4 MB  "particle:particles"
[kp]     1.755s  alloc        237.9 MB  Cuda     live      488.3 MB  "particle:particles"
[kp]     1.755s  alloc        237.9 MB  Host     live      454.3 MB  "particle:particles_mirror"
[kp]     1.755s  dealloc      216.3 MB  Host     live      237.9 MB  "particle:particles_mirror"
[kp]     1.774s  dealloc      216.3 MB  Cuda     live      272.0 MB  "particle:particles"
[kp]     1.810s  alloc        261.7 MB  Cuda     live      533.7 MB  "particle:particles"
[kp]     1.810s  alloc        261.7 MB  Host     live      499.7 MB  "particle:particles_mirror"
[kp]     1.810s  dealloc      237.9 MB  Host     live      261.7 MB  "particle:particles_mirror"
[kp]     1.830s  dealloc      237.9 MB  Cuda     live      295.8 MB  "particle:particles"
[kp]     1.868s  alloc        287.9 MB  Cuda     live      583.7 MB  "particle:particles"
[kp]     1.869s  alloc        287.9 MB  Host     live      549.7 MB  "particle:particles_mirror"
[kp]     1.869s  dealloc      261.7 MB  Host     live      287.9 MB  "particle:particles_mirror"
[kp]     1.892s  dealloc      261.7 MB  Cuda     live      322.0 MB  "particle:particles"
[kp]     1.935s  alloc        316.7 MB  Cuda     live      638.7 MB  "particle:particles"
[kp]     1.935s  alloc        316.7 MB  Host     live      604.6 MB  "particle:particles_mirror"
[kp]     1.935s  dealloc      287.9 MB  Host     live      316.7 MB  "particle:particles_mirror"
[kp]     1.960s  dealloc      287.9 MB  Cuda     live      350.7 MB  "particle:particles"
[kp]     2.007s  alloc        348.4 MB  Cuda     live      699.1 MB  "particle:particles"
[kp]     2.007s  alloc        348.4 MB  Host     live      665.1 MB  "particle:particles_mirror"
[kp]     2.007s  dealloc      316.7 MB  Host     live      348.4 MB  "particle:particles_mirror"
[kp]     2.034s  dealloc      316.7 MB  Cuda     live      382.4 MB  "particle:particles"
[kp]     2.084s  alloc        383.2 MB  Cuda     live      765.6 MB  "particle:particles"
[kp]     2.084s  alloc        383.2 MB  Host     live      731.6 MB  "particle:particles_mirror"
[kp]     2.084s  dealloc      348.4 MB  Host     live      383.2 MB  "particle:particles_mirror"
[kp]     2.134s  dealloc      348.4 MB  Cuda     live      417.3 MB  "particle:particles"
[kp]     2.192s  alloc        421.5 MB  Cuda     live      838.8 MB  "particle:particles"
[kp]     2.193s  alloc        421.5 MB  Host     live      804.7 MB  "particle:particles_mirror"
[kp]     2.193s  dealloc      383.2 MB  Host     live      421.5 MB  "particle:particles_mirror"
[kp]     2.226s  dealloc      383.2 MB  Cuda     live      455.6 MB  "particle:particles"
[kp]     2.290s  alloc        463.7 MB  Cuda     live      919.3 MB  "particle:particles"
[kp] ==== 10:34:22.120  device free 139.2 GB -> 138.2 GB, recent events:
[kp]          2.226s  dealloc 383.2 MB Cuda "particle:particles"
[kp]          2.274s  deep_copy 421.5 MB Cuda "particle:particles" <- Host "particle:particles_mirror"
[kp]          2.274s  begin fence "Kokkos::deep_copy: copy between contiguous views, pre view equality check"
[kp]          2.274s  end   fence "Kokkos::deep_copy: copy between contiguous views, pre view equality check"
[kp]          2.274s  begin fence "Kokkos::deep_copy: copy between contiguous views, pre view equality check"
[kp]          2.274s  end   fence "Kokkos::deep_copy: copy between contiguous views, pre view equality check"
[kp]          2.289s  begin fence "Kokkos::deep_copy: copy between contiguous views, post deep copy fence"
[kp]          2.289s  end   fence "Kokkos::deep_copy: copy between contiguous views, post deep copy fence"
[kp]          2.289s  begin fence "Kokkos::deep_copy: copy between contiguous views, post deep copy fence"
[kp]          2.289s  end   fence "Kokkos::deep_copy: copy between contiguous views, post deep copy fence"
[kp]          2.289s  end   deep_copy
[kp]          2.290s  alloc 463.7 MB Cuda "particle:particles"
[kp]     2.291s  alloc        463.7 MB  Host     live      885.2 MB  "particle:particles_mirror"
[kp]     2.291s  dealloc      421.5 MB  Host     live      463.7 MB  "particle:particles_mirror"
[kp]     2.327s  dealloc      421.5 MB  Cuda     live      497.7 MB  "particle:particles"
[kp]     2.396s  alloc        510.0 MB  Cuda     live     1007.8 MB  "particle:particles"
[kp]     2.396s  alloc        510.0 MB  Host     live      973.7 MB  "particle:particles_mirror"
[kp]     2.397s  dealloc      463.7 MB  Host     live      510.1 MB  "particle:particles_mirror"
[kp]     2.436s  dealloc      463.7 MB  Cuda     live      544.1 MB  "particle:particles"
[kp]     2.511s  alloc        561.1 MB  Cuda     live     1105.1 MB  "particle:particles"
[kp]     2.512s  alloc        561.1 MB  Host     live     1071.1 MB  "particle:particles_mirror"
[kp]     2.512s  dealloc      510.0 MB  Host     live      561.1 MB  "particle:particles_mirror"
[kp]     2.556s  dealloc      510.0 MB  Cuda     live      595.1 MB  "particle:particles"
[kp]     2.664s  alloc        617.2 MB  Cuda     live     1212.3 MB  "particle:particles"
[kp]     2.665s  alloc        617.2 MB  Host     live     1178.2 MB  "particle:particles_mirror"
[kp]     2.665s  dealloc      561.1 MB  Host     live      617.2 MB  "particle:particles_mirror"
[kp]     2.714s  dealloc      561.1 MB  Cuda     live      651.2 MB  "particle:particles"
[kp]     2.804s  alloc        678.9 MB  Cuda     live     1330.1 MB  "particle:particles"
[kp]     2.805s  alloc        678.9 MB  Host     live     1296.0 MB  "particle:particles_mirror"
[kp]     2.805s  dealloc      617.2 MB  Host     live      678.9 MB  "particle:particles_mirror"
[kp]     2.857s  dealloc      617.2 MB  Cuda     live      712.9 MB  "particle:particles"
[kp]     2.957s  alloc        746.8 MB  Cuda     live     1459.7 MB  "particle:particles"
[kp]     2.958s  alloc        746.8 MB  Host     live     1425.6 MB  "particle:particles_mirror"
[kp]     2.958s  dealloc      678.9 MB  Host     live      746.8 MB  "particle:particles_mirror"
[kp]     3.018s  dealloc      678.9 MB  Cuda     live      780.8 MB  "particle:particles"
[kp]     3.127s  alloc        821.4 MB  Cuda     live     1602.2 MB  "particle:particles"
[kp]     3.128s  alloc        821.4 MB  Host     live     1568.2 MB  "particle:particles_mirror"
[kp]     3.128s  dealloc      746.8 MB  Host     live      821.4 MB  "particle:particles_mirror"
[kp]     3.213s  dealloc      746.8 MB  Cuda     live      855.5 MB  "particle:particles"
[kp]     3.333s  alloc        903.6 MB  Cuda     live     1759.1 MB  "particle:particles"
[kp]     3.334s  alloc        903.6 MB  Host     live     1725.0 MB  "particle:particles_mirror"
[kp]     3.334s  dealloc      821.4 MB  Host     live      903.6 MB  "particle:particles_mirror"
[kp]     3.406s  dealloc      821.4 MB  Cuda     live      937.6 MB  "particle:particles"
[kp]     3.539s  alloc        993.9 MB  Cuda     live     1931.6 MB  "particle:particles"
[kp]     3.540s  alloc        993.9 MB  Host     live     1897.5 MB  "particle:particles_mirror"
[kp]     3.540s  dealloc      903.6 MB  Host     live      993.9 MB  "particle:particles_mirror"
[kp]     3.618s  dealloc      903.6 MB  Cuda     live     1028.0 MB  "particle:particles"
[kp]     3.784s  alloc       1093.3 MB  Cuda     live     2121.3 MB  "particle:particles"
[kp] ==== 10:34:23.615  device free 138.2 GB -> 137.0 GB, recent events:
[kp]          3.618s  dealloc 903.6 MB Cuda "particle:particles"
[kp]          3.749s  deep_copy 993.9 MB Cuda "particle:particles" <- Host "particle:particles_mirror"
[kp]          3.749s  begin fence "Kokkos::deep_copy: copy between contiguous views, pre view equality check"
[kp]          3.749s  end   fence "Kokkos::deep_copy: copy between contiguous views, pre view equality check"
[kp]          3.749s  begin fence "Kokkos::deep_copy: copy between contiguous views, pre view equality check"
[kp]          3.749s  end   fence "Kokkos::deep_copy: copy between contiguous views, pre view equality check"
[kp]          3.784s  begin fence "Kokkos::deep_copy: copy between contiguous views, post deep copy fence"
[kp]          3.784s  end   fence "Kokkos::deep_copy: copy between contiguous views, post deep copy fence"
[kp]          3.784s  begin fence "Kokkos::deep_copy: copy between contiguous views, post deep copy fence"
[kp]          3.784s  end   fence "Kokkos::deep_copy: copy between contiguous views, post deep copy fence"
[kp]          3.784s  end   deep_copy
[kp]          3.784s  alloc 1093.3 MB Cuda "particle:particles"
[kp]     3.786s  alloc       1093.3 MB  Host     live     2087.3 MB  "particle:particles_mirror"
[kp]     3.786s  dealloc      993.9 MB  Host     live     1093.3 MB  "particle:particles_mirror"
[kp]     3.872s  dealloc      993.9 MB  Cuda     live     1127.4 MB  "particle:particles"
[kp]     4.031s  alloc       1202.7 MB  Cuda     live     2330.1 MB  "particle:particles"
[kp]     4.033s  alloc       1202.7 MB  Host     live     2296.0 MB  "particle:particles_mirror"
[kp]     4.033s  dealloc     1093.3 MB  Host     live     1202.7 MB  "particle:particles_mirror"
[kp]     4.126s  dealloc     1093.3 MB  Cuda     live     1236.7 MB  "particle:particles"
[kp]     4.323s  alloc       1322.9 MB  Cuda     live     2559.7 MB  "particle:particles"
[kp]     4.325s  alloc       1322.9 MB  Host     live     2525.6 MB  "particle:particles_mirror"
[kp]     4.325s  dealloc     1202.7 MB  Host     live     1322.9 MB  "particle:particles_mirror"
[kp]     4.429s  dealloc     1202.7 MB  Cuda     live     1357.0 MB  "particle:particles"
[kp]     4.623s  alloc       1455.2 MB  Cuda     live     2812.2 MB  "particle:particles"
[kp]     4.624s  alloc       1455.2 MB  Host     live     2778.2 MB  "particle:particles_mirror"
[kp]     4.624s  dealloc     1322.9 MB  Host     live     1455.2 MB  "particle:particles_mirror"
[kp]     4.737s  dealloc     1322.9 MB  Cuda     live     1489.3 MB  "particle:particles"
[kp]     4.970s  alloc       1600.8 MB  Cuda     live     3090.0 MB  "particle:particles"
[kp]     4.971s  alloc       1600.8 MB  Host     live     3056.0 MB  "particle:particles_mirror"
[kp]     4.971s  dealloc     1455.2 MB  Host     live     1600.8 MB  "particle:particles_mirror"
[kp]     5.097s  dealloc     1455.2 MB  Cuda     live     1634.8 MB  "particle:particles"
[kp]     5.351s  alloc       1760.8 MB  Cuda     live     3395.6 MB  "particle:particles"
[kp] ==== 10:34:25.182  device free 137.0 GB -> 135.7 GB, recent events:
[kp]          5.097s  dealloc 1455.2 MB Cuda "particle:particles"
[kp]          5.292s  deep_copy 1600.8 MB Cuda "particle:particles" <- Host "particle:particles_mirror"
[kp]          5.293s  begin fence "Kokkos::deep_copy: copy between contiguous views, pre view equality check"
[kp]          5.293s  end   fence "Kokkos::deep_copy: copy between contiguous views, pre view equality check"
[kp]          5.293s  begin fence "Kokkos::deep_copy: copy between contiguous views, pre view equality check"
[kp]          5.293s  end   fence "Kokkos::deep_copy: copy between contiguous views, pre view equality check"
[kp]          5.351s  begin fence "Kokkos::deep_copy: copy between contiguous views, post deep copy fence"
[kp]          5.351s  end   fence "Kokkos::deep_copy: copy between contiguous views, post deep copy fence"
[kp]          5.351s  begin fence "Kokkos::deep_copy: copy between contiguous views, post deep copy fence"
[kp]          5.351s  end   fence "Kokkos::deep_copy: copy between contiguous views, post deep copy fence"
[kp]          5.351s  end   deep_copy
[kp]          5.352s  alloc 1760.8 MB Cuda "particle:particles"
[kp]     5.353s  alloc       1760.8 MB  Host     live     3361.6 MB  "particle:particles_mirror"
[kp]     5.353s  dealloc     1600.8 MB  Host     live     1760.8 MB  "particle:particles_mirror"
[kp]     5.491s  dealloc     1600.8 MB  Cuda     live     1794.9 MB  "particle:particles"
[kp] ==== 10:34:25.514  device free 135.7 GB -> 137.3 GB, recent events:
[kp]          5.355s  deep_copy 1760.8 MB Host "particle:particles_mirror" <- Cuda "particle:particles"
[kp]          5.355s  begin fence "Kokkos::deep_copy: copy between contiguous views, pre view equality check"
[kp]          5.355s  end   fence "Kokkos::deep_copy: copy between contiguous views, pre view equality check"
[kp]          5.355s  begin fence "Kokkos::deep_copy: copy between contiguous views, pre view equality check"
[kp]          5.355s  end   fence "Kokkos::deep_copy: copy between contiguous views, pre view equality check"
[kp]          5.491s  begin fence "Kokkos::deep_copy: copy between contiguous views, post deep copy fence"
[kp]          5.491s  end   fence "Kokkos::deep_copy: copy between contiguous views, post deep copy fence"
[kp]          5.491s  begin fence "Kokkos::deep_copy: copy between contiguous views, post deep copy fence"
[kp]          5.491s  end   fence "Kokkos::deep_copy: copy between contiguous views, post deep copy fence"
[kp]          5.491s  end   deep_copy
[kp]          5.491s  dealloc 1600.8 MB Cuda "particle:particles"
[kp]          5.683s  deep_copy 1760.8 MB Cuda "particle:particles" <- Host "particle:particles_mirror"
[kp]     5.748s  alloc       1936.9 MB  Cuda     live     3731.8 MB  "particle:particles"
[kp] ==== 10:34:25.579  device free 137.3 GB -> 135.4 GB, recent events:
[kp]          5.491s  dealloc 1600.8 MB Cuda "particle:particles"
[kp]          5.683s  deep_copy 1760.8 MB Cuda "particle:particles" <- Host "particle:particles_mirror"
[kp]          5.684s  begin fence "Kokkos::deep_copy: copy between contiguous views, pre view equality check"
[kp]          5.684s  end   fence "Kokkos::deep_copy: copy between contiguous views, pre view equality check"
[kp]          5.684s  begin fence "Kokkos::deep_copy: copy between contiguous views, pre view equality check"
[kp]          5.684s  end   fence "Kokkos::deep_copy: copy between contiguous views, pre view equality check"
[kp]          5.748s  begin fence "Kokkos::deep_copy: copy between contiguous views, post deep copy fence"
[kp]          5.748s  end   fence "Kokkos::deep_copy: copy between contiguous views, post deep copy fence"
[kp]          5.748s  begin fence "Kokkos::deep_copy: copy between contiguous views, post deep copy fence"
[kp]          5.748s  end   fence "Kokkos::deep_copy: copy between contiguous views, post deep copy fence"
[kp]          5.748s  end   deep_copy
[kp]          5.748s  alloc 1936.9 MB Cuda "particle:particles"
[kp]     5.750s  alloc       1936.9 MB  Host     live     3697.7 MB  "particle:particles_mirror"
[kp]     5.750s  dealloc     1760.8 MB  Host     live     1936.9 MB  "particle:particles_mirror"
[kp]     5.924s  dealloc     1760.8 MB  Cuda     live     1971.0 MB  "particle:particles"
[kp] ==== 10:34:25.968  device free 135.4 GB -> 137.1 GB, recent events:
[kp]          5.752s  deep_copy 1936.9 MB Host "particle:particles_mirror" <- Cuda "particle:particles"
[kp]          5.752s  begin fence "Kokkos::deep_copy: copy between contiguous views, pre view equality check"
[kp]          5.752s  end   fence "Kokkos::deep_copy: copy between contiguous views, pre view equality check"
[kp]          5.752s  begin fence "Kokkos::deep_copy: copy between contiguous views, pre view equality check"
[kp]          5.752s  end   fence "Kokkos::deep_copy: copy between contiguous views, pre view equality check"
[kp]          5.924s  begin fence "Kokkos::deep_copy: copy between contiguous views, post deep copy fence"
[kp]          5.924s  end   fence "Kokkos::deep_copy: copy between contiguous views, post deep copy fence"
[kp]          5.924s  begin fence "Kokkos::deep_copy: copy between contiguous views, post deep copy fence"
[kp]          5.924s  end   fence "Kokkos::deep_copy: copy between contiguous views, post deep copy fence"
[kp]          5.924s  end   deep_copy
[kp]          5.924s  dealloc 1760.8 MB Cuda "particle:particles"
[kp]          6.138s  deep_copy 1936.9 MB Cuda "particle:particles" <- Host "particle:particles_mirror"
[kp]     6.207s  alloc       2130.6 MB  Cuda     live     4101.6 MB  "particle:particles"
[kp] ==== 10:34:26.037  device free 137.1 GB -> 135.0 GB, recent events:
[kp]          5.924s  dealloc 1760.8 MB Cuda "particle:particles"
[kp]          6.138s  deep_copy 1936.9 MB Cuda "particle:particles" <- Host "particle:particles_mirror"
[kp]          6.138s  begin fence "Kokkos::deep_copy: copy between contiguous views, pre view equality check"
[kp]          6.138s  end   fence "Kokkos::deep_copy: copy between contiguous views, pre view equality check"
[kp]          6.138s  begin fence "Kokkos::deep_copy: copy between contiguous views, pre view equality check"
[kp]          6.138s  end   fence "Kokkos::deep_copy: copy between contiguous views, pre view equality check"
[kp]          6.206s  begin fence "Kokkos::deep_copy: copy between contiguous views, post deep copy fence"
[kp]          6.206s  end   fence "Kokkos::deep_copy: copy between contiguous views, post deep copy fence"
[kp]          6.206s  begin fence "Kokkos::deep_copy: copy between contiguous views, post deep copy fence"
[kp]          6.206s  end   fence "Kokkos::deep_copy: copy between contiguous views, post deep copy fence"
[kp]          6.206s  end   deep_copy
[kp]          6.207s  alloc 2130.6 MB Cuda "particle:particles"
[kp]     6.209s  alloc       2130.6 MB  Host     live     4067.5 MB  "particle:particles_mirror"
[kp]     6.209s  dealloc     1936.9 MB  Host     live     2130.6 MB  "particle:particles_mirror"
[kp]     6.400s  dealloc     1936.9 MB  Cuda     live     2164.6 MB  "particle:particles"
[kp] ==== 10:34:26.464  device free 135.0 GB -> 136.9 GB, recent events:
[kp]          6.211s  deep_copy 2130.6 MB Host "particle:particles_mirror" <- Cuda "particle:particles"
[kp]          6.211s  begin fence "Kokkos::deep_copy: copy between contiguous views, pre view equality check"
[kp]          6.211s  end   fence "Kokkos::deep_copy: copy between contiguous views, pre view equality check"
[kp]          6.211s  begin fence "Kokkos::deep_copy: copy between contiguous views, pre view equality check"
[kp]          6.211s  end   fence "Kokkos::deep_copy: copy between contiguous views, pre view equality check"
[kp]          6.400s  begin fence "Kokkos::deep_copy: copy between contiguous views, post deep copy fence"
[kp]          6.400s  end   fence "Kokkos::deep_copy: copy between contiguous views, post deep copy fence"
[kp]          6.400s  begin fence "Kokkos::deep_copy: copy between contiguous views, post deep copy fence"
[kp]          6.400s  end   fence "Kokkos::deep_copy: copy between contiguous views, post deep copy fence"
[kp]          6.400s  end   deep_copy
[kp]          6.400s  dealloc 1936.9 MB Cuda "particle:particles"
[kp]          6.633s  deep_copy 2130.6 MB Cuda "particle:particles" <- Host "particle:particles_mirror"
[kp]     6.710s  alloc       2343.7 MB  Cuda     live     4508.3 MB  "particle:particles"
[kp] ==== 10:34:26.541  device free 136.9 GB -> 134.6 GB, recent events:
[kp]          6.400s  dealloc 1936.9 MB Cuda "particle:particles"
[kp]          6.633s  deep_copy 2130.6 MB Cuda "particle:particles" <- Host "particle:particles_mirror"
[kp]          6.633s  begin fence "Kokkos::deep_copy: copy between contiguous views, pre view equality check"
[kp]          6.633s  end   fence "Kokkos::deep_copy: copy between contiguous views, pre view equality check"
[kp]          6.633s  begin fence "Kokkos::deep_copy: copy between contiguous views, pre view equality check"
[kp]          6.633s  end   fence "Kokkos::deep_copy: copy between contiguous views, pre view equality check"
[kp]          6.709s  begin fence "Kokkos::deep_copy: copy between contiguous views, post deep copy fence"
[kp]          6.710s  end   fence "Kokkos::deep_copy: copy between contiguous views, post deep copy fence"
[kp]          6.710s  begin fence "Kokkos::deep_copy: copy between contiguous views, post deep copy fence"
[kp]          6.710s  end   fence "Kokkos::deep_copy: copy between contiguous views, post deep copy fence"
[kp]          6.710s  end   deep_copy
[kp]          6.710s  alloc 2343.7 MB Cuda "particle:particles"
[kp]     6.712s  alloc       2343.7 MB  Host     live     4474.3 MB  "particle:particles_mirror"
[kp]     6.712s  dealloc     2130.6 MB  Host     live     2343.7 MB  "particle:particles_mirror"
[kp]     6.918s  dealloc     2130.6 MB  Cuda     live     2377.7 MB  "particle:particles"
[kp] ==== 10:34:27.006  device free 134.6 GB -> 136.7 GB, recent events:
[kp]          6.714s  deep_copy 2343.7 MB Host "particle:particles_mirror" <- Cuda "particle:particles"
[kp]          6.714s  begin fence "Kokkos::deep_copy: copy between contiguous views, pre view equality check"
[kp]          6.714s  end   fence "Kokkos::deep_copy: copy between contiguous views, pre view equality check"
[kp]          6.714s  begin fence "Kokkos::deep_copy: copy between contiguous views, pre view equality check"
[kp]          6.714s  end   fence "Kokkos::deep_copy: copy between contiguous views, pre view equality check"
[kp]          6.918s  begin fence "Kokkos::deep_copy: copy between contiguous views, post deep copy fence"
[kp]          6.918s  end   fence "Kokkos::deep_copy: copy between contiguous views, post deep copy fence"
[kp]          6.918s  begin fence "Kokkos::deep_copy: copy between contiguous views, post deep copy fence"
[kp]          6.918s  end   fence "Kokkos::deep_copy: copy between contiguous views, post deep copy fence"
[kp]          6.918s  end   deep_copy
[kp]          6.918s  dealloc 2130.6 MB Cuda "particle:particles"
[kp]          7.176s  deep_copy 2343.7 MB Cuda "particle:particles" <- Host "particle:particles_mirror"
[kp]     7.259s  alloc       2578.0 MB  Cuda     live     4955.7 MB  "particle:particles"
[kp] ==== 10:34:27.089  device free 136.7 GB -> 134.2 GB, recent events:
[kp]          6.918s  dealloc 2130.6 MB Cuda "particle:particles"
[kp]          7.176s  deep_copy 2343.7 MB Cuda "particle:particles" <- Host "particle:particles_mirror"
[kp]          7.176s  begin fence "Kokkos::deep_copy: copy between contiguous views, pre view equality check"
[kp]          7.176s  end   fence "Kokkos::deep_copy: copy between contiguous views, pre view equality check"
[kp]          7.176s  begin fence "Kokkos::deep_copy: copy between contiguous views, pre view equality check"
[kp]          7.176s  end   fence "Kokkos::deep_copy: copy between contiguous views, pre view equality check"
[kp]          7.258s  begin fence "Kokkos::deep_copy: copy between contiguous views, post deep copy fence"
[kp]          7.258s  end   fence "Kokkos::deep_copy: copy between contiguous views, post deep copy fence"
[kp]          7.258s  begin fence "Kokkos::deep_copy: copy between contiguous views, post deep copy fence"
[kp]          7.258s  end   fence "Kokkos::deep_copy: copy between contiguous views, post deep copy fence"
[kp]          7.258s  end   deep_copy
[kp]          7.259s  alloc 2578.0 MB Cuda "particle:particles"
[kp]     7.261s  alloc       2578.0 MB  Host     live     4921.7 MB  "particle:particles_mirror"
[kp]     7.261s  dealloc     2343.7 MB  Host     live     2578.0 MB  "particle:particles_mirror"
[kp]     7.481s  dealloc     2343.7 MB  Cuda     live     2612.1 MB  "particle:particles"
[kp] ==== 10:34:27.595  device free 134.2 GB -> 136.5 GB, recent events:
[kp]          7.263s  deep_copy 2578.0 MB Host "particle:particles_mirror" <- Cuda "particle:particles"
[kp]          7.264s  begin fence "Kokkos::deep_copy: copy between contiguous views, pre view equality check"
[kp]          7.264s  end   fence "Kokkos::deep_copy: copy between contiguous views, pre view equality check"
[kp]          7.264s  begin fence "Kokkos::deep_copy: copy between contiguous views, pre view equality check"
[kp]          7.264s  end   fence "Kokkos::deep_copy: copy between contiguous views, pre view equality check"
[kp]          7.481s  begin fence "Kokkos::deep_copy: copy between contiguous views, post deep copy fence"
[kp]          7.481s  end   fence "Kokkos::deep_copy: copy between contiguous views, post deep copy fence"
[kp]          7.481s  begin fence "Kokkos::deep_copy: copy between contiguous views, post deep copy fence"
[kp]          7.481s  end   fence "Kokkos::deep_copy: copy between contiguous views, post deep copy fence"
[kp]          7.481s  end   deep_copy
[kp]          7.482s  dealloc 2343.7 MB Cuda "particle:particles"
[kp]          7.764s  deep_copy 2578.0 MB Cuda "particle:particles" <- Host "particle:particles_mirror"
[kp]     7.858s  alloc       2835.8 MB  Cuda     live     5447.9 MB  "particle:particles"
[kp] ==== 10:34:27.688  device free 136.5 GB -> 133.7 GB, recent events:
[kp]          7.482s  dealloc 2343.7 MB Cuda "particle:particles"
[kp]          7.764s  deep_copy 2578.0 MB Cuda "particle:particles" <- Host "particle:particles_mirror"
[kp]          7.765s  begin fence "Kokkos::deep_copy: copy between contiguous views, pre view equality check"
[kp]          7.765s  end   fence "Kokkos::deep_copy: copy between contiguous views, pre view equality check"
[kp]          7.765s  begin fence "Kokkos::deep_copy: copy between contiguous views, pre view equality check"
[kp]          7.765s  end   fence "Kokkos::deep_copy: copy between contiguous views, pre view equality check"
[kp]          7.857s  begin fence "Kokkos::deep_copy: copy between contiguous views, post deep copy fence"
[kp]          7.857s  end   fence "Kokkos::deep_copy: copy between contiguous views, post deep copy fence"
[kp]          7.857s  begin fence "Kokkos::deep_copy: copy between contiguous views, post deep copy fence"
[kp]          7.857s  end   fence "Kokkos::deep_copy: copy between contiguous views, post deep copy fence"
[kp]          7.857s  end   deep_copy
[kp]          7.858s  alloc 2835.8 MB Cuda "particle:particles"
[kp]     7.861s  alloc       2835.8 MB  Host     live     5413.9 MB  "particle:particles_mirror"
[kp]     7.861s  dealloc     2578.0 MB  Host     live     2835.8 MB  "particle:particles_mirror"
[kp]     8.105s  dealloc     2578.0 MB  Cuda     live     2869.9 MB  "particle:particles"
WARNING: Created unexpected # of particles: 29999752 versus 30000000 (/hpc/data/cfd-students/nnoventa/sparta/src/create_particles.cpp:445)
Created 29999752 particles
  CPU time = 7.16977 secs
[kp] ==== 10:34:28.151  device free 133.7 GB -> 136.2 GB, recent events:
[kp]          7.863s  deep_copy 2835.8 MB Host "particle:particles_mirror" <- Cuda "particle:particles"
[kp]          7.863s  begin fence "Kokkos::deep_copy: copy between contiguous views, pre view equality check"
[kp]          7.863s  end   fence "Kokkos::deep_copy: copy between contiguous views, pre view equality check"
[kp]          7.863s  begin fence "Kokkos::deep_copy: copy between contiguous views, pre view equality check"
[kp]          7.863s  end   fence "Kokkos::deep_copy: copy between contiguous views, pre view equality check"
[kp]          8.105s  begin fence "Kokkos::deep_copy: copy between contiguous views, post deep copy fence"
[kp]          8.105s  end   fence "Kokkos::deep_copy: copy between contiguous views, post deep copy fence"
[kp]          8.105s  begin fence "Kokkos::deep_copy: copy between contiguous views, post deep copy fence"
[kp]          8.105s  end   fence "Kokkos::deep_copy: copy between contiguous views, post deep copy fence"
[kp]          8.105s  end   deep_copy
[kp]          8.106s  dealloc 2578.0 MB Cuda "particle:particles"
[kp]          8.320s  alloc 1.0 MB Cuda "Kokkos::UniqueToken<Cuda>::m_locks"
[kp]     8.728s  alloc        106.0 MB  Cuda     live     3232.6 MB  "grid:cells"
[kp]     8.728s  alloc        106.0 MB  Host     live     3197.5 MB  "grid:cells_mirror"
Memory usage per proc in Mbytes:
  particles (ave,min,max) = 5789.82 5789.82 5789.82
  grid      (ave,min,max) = 360.833 360.833 360.833
  surf      (ave,min,max) = 20.309 20.309 20.309
  modify    (ave,min,max) = 224.121 224.121 224.121
  total     (ave,min,max) = 6395.08 6395.08 6395.08
Step CPU T/CPU S/CPU Dt Np Natt Ncoll Nbound Nexit c_temp 
       0            0            0            0        3e-09 29999752        0        0        0        0    300.07997 
[kp]     9.374s  alloc        296.6 MB  Cuda     live     3631.2 MB  "particle:plist"
[kp]     9.376s  dealloc      296.6 MB  Cuda     live     3334.6 MB  "particle:plist"
[kp]     9.377s  alloc        431.8 MB  Cuda     live     3766.3 MB  "particle:plist"
[kp]     9.387s  alloc        118.2 MB  Cuda     live     3885.4 MB  "particle:mlist"
[kp] ==== 10:34:29.218  device free 136.2 GB -> 135.2 GB, recent events:
[kp]          9.387s  alloc 0.0 MB Host "DualView::modified_flags"
[kp]          9.387s  begin fence "Kokkos::Tools::invoke_kokkosp_callback: Kokkos Profile Tool Fence"
[kp]          9.387s  end   fence "Kokkos::Tools::invoke_kokkosp_callback: Kokkos Profile Tool Fence"
[kp]          9.387s  begin fence "Kokkos::Tools::invoke_kokkosp_callback: Kokkos Profile Tool Fence"
[kp]          9.387s  end   fence "Kokkos::Tools::invoke_kokkosp_callback: Kokkos Profile Tool Fence"
[kp]          9.387s  begin for "Kokkos::View::initialization [DualView::modified_flags] via memset"
[kp]          9.387s  begin fence "Kokkos::Tools::invoke_kokkosp_callback: Kokkos Profile Tool Fence"
[kp]          9.387s  end   fence "Kokkos::Tools::invoke_kokkosp_callback: Kokkos Profile Tool Fence"
[kp]          9.387s  begin fence "Kokkos::Tools::invoke_kokkosp_callback: Kokkos Profile Tool Fence"
[kp]          9.387s  end   fence "Kokkos::Tools::invoke_kokkosp_callback: Kokkos Profile Tool Fence"
[kp]          9.387s  end   for "Kokkos::View::initialization [DualView::modified_flags] via memset"
[kp]          9.387s  alloc 118.2 MB Cuda "particle:mlist"
[kp]     9.388s  alloc        118.2 MB  Host     live     3378.7 MB  "particle:mlist_mirror"
[kp]     9.419s  alloc        431.8 MB  Cuda     live     4317.8 MB  "collide:nn_last_partner"
[kp]     9.420s  dealloc      431.8 MB  Cuda     live     3886.1 MB  "collide:nn_last_partner"
[kp]     9.436s  alloc        431.8 MB  Cuda     live     4317.9 MB  "collide:nn_last_partner"
[kp]     9.436s  dealloc      431.8 MB  Cuda     live     3886.1 MB  "collide:nn_last_partner"
[kp]     9.451s  dealloc      431.8 MB  Cuda     live     3454.4 MB  "particle:plist"
[kp]     9.452s  alloc        566.9 MB  Cuda     live     4021.2 MB  "particle:plist"
[kp]     9.455s  alloc        566.9 MB  Cuda     live     4588.1 MB  "collide:nn_last_partner"
[kp]     9.455s  dealloc      566.9 MB  Cuda     live     4021.2 MB  "collide:nn_last_partner"
[kp]     9.470s  alloc        566.9 MB  Cuda     live     4588.1 MB  "collide:nn_last_partner"
[kp]     9.472s  dealloc      566.9 MB  Cuda     live     4021.2 MB  "collide:nn_last_partner"
[kp]     9.505s  alloc        566.9 MB  Cuda     live     4588.1 MB  "collide:nn_last_partner"
[kp]     9.507s  dealloc      566.9 MB  Cuda     live     4021.3 MB  "collide:nn_last_partner"
[kp]     9.522s  alloc        566.9 MB  Cuda     live     4588.1 MB  "collide:nn_last_partner"
[kp]     9.523s  dealloc      566.9 MB  Cuda     live     4021.3 MB  "collide:nn_last_partner"
[kp]     9.540s  alloc        566.9 MB  Cuda     live     4588.1 MB  "collide:nn_last_partner"
[kp]     9.541s  dealloc      566.9 MB  Cuda     live     4021.3 MB  "collide:nn_last_partner"
[kp]     9.557s  alloc        566.9 MB  Cuda     live     4588.1 MB  "collide:nn_last_partner"
[kp]     9.558s  dealloc      566.9 MB  Cuda     live     4021.3 MB  "collide:nn_last_partner"
[kp]     9.574s  alloc        566.9 MB  Cuda     live     4588.1 MB  "collide:nn_last_partner"
[kp]     9.575s  dealloc      566.9 MB  Cuda     live     4021.3 MB  "collide:nn_last_partner"
[kp]     9.591s  alloc        566.9 MB  Cuda     live     4588.1 MB  "collide:nn_last_partner"
[kp]     9.592s  dealloc      566.9 MB  Cuda     live     4021.3 MB  "collide:nn_last_partner"
[kp]     9.608s  alloc        566.9 MB  Cuda     live     4588.1 MB  "collide:nn_last_partner"
[kp]     9.609s  dealloc      566.9 MB  Cuda     live     4021.3 MB  "collide:nn_last_partner"
[kp]     9.625s  alloc        566.9 MB  Cuda     live     4588.2 MB  "collide:nn_last_partner"
[kp]     9.626s  dealloc      566.9 MB  Cuda     live     4021.3 MB  "collide:nn_last_partner"
[kp]     9.643s  alloc        566.9 MB  Cuda     live     4588.2 MB  "collide:nn_last_partner"
[kp]     9.645s  dealloc      566.9 MB  Cuda     live     4021.3 MB  "collide:nn_last_partner"
[kp]     9.661s  alloc        566.9 MB  Cuda     live     4588.2 MB  "collide:nn_last_partner"
[kp]     9.662s  dealloc      566.9 MB  Cuda     live     4021.3 MB  "collide:nn_last_partner"
[kp]     9.679s  alloc        566.9 MB  Cuda     live     4588.2 MB  "collide:nn_last_partner"
[kp]     9.680s  dealloc      566.9 MB  Cuda     live     4021.3 MB  "collide:nn_last_partner"
[kp]     9.696s  alloc        566.9 MB  Cuda     live     4588.2 MB  "collide:nn_last_partner"
[kp]     9.697s  dealloc      566.9 MB  Cuda     live     4021.3 MB  "collide:nn_last_partner"
[kp]     9.714s  alloc        566.9 MB  Cuda     live     4588.2 MB  "collide:nn_last_partner"
[kp]     9.715s  dealloc      566.9 MB  Cuda     live     4021.3 MB  "collide:nn_last_partner"
[kp]     9.732s  alloc        566.9 MB  Cuda     live     4588.2 MB  "collide:nn_last_partner"
[kp]     9.734s  dealloc      566.9 MB  Cuda     live     4021.3 MB  "collide:nn_last_partner"
[kp]     9.751s  alloc        566.9 MB  Cuda     live     4588.2 MB  "collide:nn_last_partner"
[kp]     9.752s  dealloc      566.9 MB  Cuda     live     4021.3 MB  "collide:nn_last_partner"
[kp]     9.769s  alloc        566.9 MB  Cuda     live     4588.2 MB  "collide:nn_last_partner"
[kp]     9.770s  dealloc      566.9 MB  Cuda     live     4021.3 MB  "collide:nn_last_partner"
[kp]     9.787s  alloc        566.9 MB  Cuda     live     4588.2 MB  "collide:nn_last_partner"
[kp]     9.788s  dealloc      566.9 MB  Cuda     live     4021.3 MB  "collide:nn_last_partner"
[kp]     9.805s  alloc        566.9 MB  Cuda     live     4588.2 MB  "collide:nn_last_partner"
[kp]     9.806s  dealloc      566.9 MB  Cuda     live     4021.3 MB  "collide:nn_last_partner"
[kp]     9.823s  alloc        566.9 MB  Cuda     live     4588.2 MB  "collide:nn_last_partner"
[kp]     9.824s  dealloc      566.9 MB  Cuda     live     4021.3 MB  "collide:nn_last_partner"
[kp]     9.841s  alloc        566.9 MB  Cuda     live     4588.2 MB  "collide:nn_last_partner"
[kp]     9.842s  dealloc      566.9 MB  Cuda     live     4021.3 MB  "collide:nn_last_partner"
[kp]     9.859s  alloc        566.9 MB  Cuda     live     4588.2 MB  "collide:nn_last_partner"
[kp]     9.860s  dealloc      566.9 MB  Cuda     live     4021.3 MB  "collide:nn_last_partner"
[kp]     9.877s  alloc        566.9 MB  Cuda     live     4588.2 MB  "collide:nn_last_partner"
[kp]     9.878s  dealloc      566.9 MB  Cuda     live     4021.3 MB  "collide:nn_last_partner"
[kp]     9.895s  alloc        566.9 MB  Cuda     live     4588.2 MB  "collide:nn_last_partner"
[kp]     9.897s  dealloc      566.9 MB  Cuda     live     4021.3 MB  "collide:nn_last_partner"
[kp]     9.913s  alloc        566.9 MB  Cuda     live     4588.2 MB  "collide:nn_last_partner"
[kp]     9.915s  dealloc      566.9 MB  Cuda     live     4021.3 MB  "collide:nn_last_partner"
[kp]     9.931s  alloc        566.9 MB  Cuda     live     4588.2 MB  "collide:nn_last_partner"
[kp]     9.933s  dealloc      566.9 MB  Cuda     live     4021.3 MB  "collide:nn_last_partner"
[kp]     9.950s  alloc        566.9 MB  Cuda     live     4588.2 MB  "collide:nn_last_partner"
[kp]     9.951s  dealloc      566.9 MB  Cuda     live     4021.3 MB  "collide:nn_last_partner"
[kp]     9.969s  alloc        566.9 MB  Cuda     live     4588.2 MB  "collide:nn_last_partner"
[kp]     9.970s  dealloc      566.9 MB  Cuda     live     4021.3 MB  "collide:nn_last_partner"
[kp]     9.988s  alloc        566.9 MB  Cuda     live     4588.2 MB  "collide:nn_last_partner"
[kp]     9.989s  dealloc      566.9 MB  Cuda     live     4021.3 MB  "collide:nn_last_partner"
[kp]    10.006s  alloc        566.9 MB  Cuda     live     4588.2 MB  "collide:nn_last_partner"
[kp]    10.008s  dealloc      566.9 MB  Cuda     live     4021.3 MB  "collide:nn_last_partner"
[kp]    10.039s  alloc        566.9 MB  Cuda     live     4588.2 MB  "collide:nn_last_partner"
[kp]    10.040s  dealloc      566.9 MB  Cuda     live     4021.3 MB  "collide:nn_last_partner"
[kp]    10.058s  alloc        566.9 MB  Cuda     live     4588.2 MB  "collide:nn_last_partner"
[kp]    10.059s  dealloc      566.9 MB  Cuda     live     4021.3 MB  "collide:nn_last_partner"
[kp]    10.077s  alloc        566.9 MB  Cuda     live     4588.2 MB  "collide:nn_last_partner"
[kp]    10.078s  dealloc      566.9 MB  Cuda     live     4021.3 MB  "collide:nn_last_partner"
[kp]    10.095s  alloc        566.9 MB  Cuda     live     4588.2 MB  "collide:nn_last_partner"
[kp]    10.096s  dealloc      566.9 MB  Cuda     live     4021.3 MB  "collide:nn_last_partner"
[kp]    10.113s  alloc        566.9 MB  Cuda     live     4588.2 MB  "collide:nn_last_partner"
[kp]    10.114s  dealloc      566.9 MB  Cuda     live     4021.3 MB  "collide:nn_last_partner"
[kp]    10.132s  alloc        566.9 MB  Cuda     live     4588.2 MB  "collide:nn_last_partner"
[kp]    10.133s  dealloc      566.9 MB  Cuda     live     4021.3 MB  "collide:nn_last_partner"
[kp]    10.151s  alloc        566.9 MB  Cuda     live     4588.2 MB  "collide:nn_last_partner"
[kp]    10.152s  dealloc      566.9 MB  Cuda     live     4021.3 MB  "collide:nn_last_partner"
[kp]    10.170s  alloc        566.9 MB  Cuda     live     4588.2 MB  "collide:nn_last_partner"
[kp]    10.172s  dealloc      566.9 MB  Cuda     live     4021.3 MB  "collide:nn_last_partner"
[kp]    10.189s  alloc        566.9 MB  Cuda     live     4588.2 MB  "collide:nn_last_partner"
[kp]    10.190s  dealloc      566.9 MB  Cuda     live     4021.3 MB  "collide:nn_last_partner"
[kp]    10.239s  alloc        566.9 MB  Cuda     live     4588.2 MB  "collide:nn_last_partner"
[kp]    10.240s  dealloc      566.9 MB  Cuda     live     4021.3 MB  "collide:nn_last_partner"
[kp]    10.258s  alloc        566.9 MB  Cuda     live     4588.2 MB  "collide:nn_last_partner"
[kp]    10.260s  dealloc      566.9 MB  Cuda     live     4021.3 MB  "collide:nn_last_partner"
[kp]    10.277s  alloc        566.9 MB  Cuda     live     4588.2 MB  "collide:nn_last_partner"
[kp]    10.278s  dealloc      566.9 MB  Cuda     live     4021.3 MB  "collide:nn_last_partner"
[kp]    10.296s  alloc        566.9 MB  Cuda     live     4588.2 MB  "collide:nn_last_partner"
[kp]    10.297s  dealloc      566.9 MB  Cuda     live     4021.3 MB  "collide:nn_last_partner"
[kp]    10.314s  alloc        566.9 MB  Cuda     live     4588.2 MB  "collide:nn_last_partner"
[kp]    10.316s  dealloc      566.9 MB  Cuda     live     4021.3 MB  "collide:nn_last_partner"
[kp]    10.334s  alloc        566.9 MB  Cuda     live     4588.2 MB  "collide:nn_last_partner"
[kp]    10.335s  dealloc      566.9 MB  Cuda     live     4021.3 MB  "collide:nn_last_partner"
[kp]    10.352s  alloc        566.9 MB  Cuda     live     4588.2 MB  "collide:nn_last_partner"
[kp]    10.353s  dealloc      566.9 MB  Cuda     live     4021.3 MB  "collide:nn_last_partner"
[kp]    10.371s  alloc        566.9 MB  Cuda     live     4588.2 MB  "collide:nn_last_partner"
[kp]    10.372s  dealloc      566.9 MB  Cuda     live     4021.3 MB  "collide:nn_last_partner"
[kp]    10.390s  alloc        566.9 MB  Cuda     live     4588.2 MB  "collide:nn_last_partner"
[kp]    10.391s  dealloc      566.9 MB  Cuda     live     4021.3 MB  "collide:nn_last_partner"
[kp]    10.409s  alloc        566.9 MB  Cuda     live     4588.2 MB  "collide:nn_last_partner"
[kp]    10.410s  dealloc      566.9 MB  Cuda     live     4021.3 MB  "collide:nn_last_partner"
[kp]    10.428s  alloc        566.9 MB  Cuda     live     4588.2 MB  "collide:nn_last_partner"
[kp]    10.429s  dealloc      566.9 MB  Cuda     live     4021.3 MB  "collide:nn_last_partner"
[kp]    10.448s  alloc        566.9 MB  Cuda     live     4588.2 MB  "collide:nn_last_partner"
[kp]    10.450s  dealloc      566.9 MB  Cuda     live     4021.3 MB  "collide:nn_last_partner"
[kp]    10.468s  alloc        566.9 MB  Cuda     live     4588.2 MB  "collide:nn_last_partner"
[kp]    10.469s  dealloc      566.9 MB  Cuda     live     4021.3 MB  "collide:nn_last_partner"
[kp]    10.487s  alloc        566.9 MB  Cuda     live     4588.2 MB  "collide:nn_last_partner"
[kp]    10.488s  dealloc      566.9 MB  Cuda     live     4021.3 MB  "collide:nn_last_partner"
[kp]    10.505s  alloc        566.9 MB  Cuda     live     4588.2 MB  "collide:nn_last_partner"
[kp]    10.507s  dealloc      566.9 MB  Cuda     live     4021.3 MB  "collide:nn_last_partner"
[kp]    10.524s  alloc        566.9 MB  Cuda     live     4588.2 MB  "collide:nn_last_partner"
[kp]    10.525s  dealloc      566.9 MB  Cuda     live     4021.3 MB  "collide:nn_last_partner"
[kp]    10.543s  alloc        566.9 MB  Cuda     live     4588.2 MB  "collide:nn_last_partner"
[kp]    10.544s  dealloc      566.9 MB  Cuda     live     4021.3 MB  "collide:nn_last_partner"
[kp]    10.564s  alloc        566.9 MB  Cuda     live     4588.2 MB  "collide:nn_last_partner"
[kp]    10.573s  dealloc      566.9 MB  Cuda     live     4021.3 MB  "collide:nn_last_partner"
[kp]    10.590s  alloc        566.9 MB  Cuda     live     4588.2 MB  "collide:nn_last_partner"
[kp]    10.592s  dealloc      566.9 MB  Cuda     live     4021.3 MB  "collide:nn_last_partner"
[kp]    10.609s  alloc        566.9 MB  Cuda     live     4588.2 MB  "collide:nn_last_partner"
[kp]    10.611s  dealloc      566.9 MB  Cuda     live     4021.3 MB  "collide:nn_last_partner"
[kp]    10.629s  alloc        566.9 MB  Cuda     live     4588.2 MB  "collide:nn_last_partner"
[kp]    10.630s  dealloc      566.9 MB  Cuda     live     4021.3 MB  "collide:nn_last_partner"
[kp]    10.648s  alloc        566.9 MB  Cuda     live     4588.2 MB  "collide:nn_last_partner"
[kp]    10.649s  dealloc      566.9 MB  Cuda     live     4021.3 MB  "collide:nn_last_partner"
[kp]    10.667s  alloc        566.9 MB  Cuda     live     4588.2 MB  "collide:nn_last_partner"
[kp]    10.668s  dealloc      566.9 MB  Cuda     live     4021.3 MB  "collide:nn_last_partner"
[kp]    10.686s  alloc        566.9 MB  Cuda     live     4588.2 MB  "collide:nn_last_partner"
[kp]    10.687s  dealloc      566.9 MB  Cuda     live     4021.3 MB  "collide:nn_last_partner"
[kp]    10.706s  alloc        566.9 MB  Cuda     live     4588.2 MB  "collide:nn_last_partner"
[kp]    10.707s  dealloc      566.9 MB  Cuda     live     4021.3 MB  "collide:nn_last_partner"
[kp]    10.725s  alloc        566.9 MB  Cuda     live     4588.2 MB  "collide:nn_last_partner"
[kp]    10.727s  dealloc      566.9 MB  Cuda     live     4021.3 MB  "collide:nn_last_partner"
[kp]    10.745s  alloc        566.9 MB  Cuda     live     4588.2 MB  "collide:nn_last_partner"
[kp]    10.746s  dealloc      566.9 MB  Cuda     live     4021.3 MB  "collide:nn_last_partner"
[kp]    10.764s  alloc        566.9 MB  Cuda     live     4588.2 MB  "collide:nn_last_partner"
[kp]    10.765s  dealloc      566.9 MB  Cuda     live     4021.3 MB  "collide:nn_last_partner"
[kp]    10.787s  alloc        566.9 MB  Cuda     live     4588.2 MB  "collide:nn_last_partner"
[kp]    10.788s  dealloc      566.9 MB  Cuda     live     4021.3 MB  "collide:nn_last_partner"
[kp]    10.806s  alloc        566.9 MB  Cuda     live     4588.2 MB  "collide:nn_last_partner"
[kp]    10.807s  dealloc      566.9 MB  Cuda     live     4021.3 MB  "collide:nn_last_partner"
[kp]    10.826s  alloc        566.9 MB  Cuda     live     4588.2 MB  "collide:nn_last_partner"
[kp]    10.827s  dealloc      566.9 MB  Cuda     live     4021.3 MB  "collide:nn_last_partner"
[kp]    10.845s  alloc        566.9 MB  Cuda     live     4588.2 MB  "collide:nn_last_partner"
[kp]    10.846s  dealloc      566.9 MB  Cuda     live     4021.3 MB  "collide:nn_last_partner"
[kp]    10.865s  alloc        566.9 MB  Cuda     live     4588.2 MB  "collide:nn_last_partner"
[kp]    10.866s  dealloc      566.9 MB  Cuda     live     4021.3 MB  "collide:nn_last_partner"
[kp]    10.884s  alloc        566.9 MB  Cuda     live     4588.2 MB  "collide:nn_last_partner"
[kp]    10.885s  dealloc      566.9 MB  Cuda     live     4021.3 MB  "collide:nn_last_partner"
[kp]    10.903s  alloc        566.9 MB  Cuda     live     4588.2 MB  "collide:nn_last_partner"
[kp]    10.905s  dealloc      566.9 MB  Cuda     live     4021.3 MB  "collide:nn_last_partner"
[kp]    10.923s  alloc        566.9 MB  Cuda     live     4588.2 MB  "collide:nn_last_partner"
[kp]    10.924s  dealloc      566.9 MB  Cuda     live     4021.3 MB  "collide:nn_last_partner"
[kp]    10.942s  alloc        566.9 MB  Cuda     live     4588.2 MB  "collide:nn_last_partner"
[kp]    10.943s  dealloc      566.9 MB  Cuda     live     4021.3 MB  "collide:nn_last_partner"
[kp]    10.962s  alloc        566.9 MB  Cuda     live     4588.2 MB  "collide:nn_last_partner"
[kp]    10.963s  dealloc      566.9 MB  Cuda     live     4021.3 MB  "collide:nn_last_partner"
[kp]    10.985s  alloc        566.9 MB  Cuda     live     4588.2 MB  "collide:nn_last_partner"
[kp]    10.986s  dealloc      566.9 MB  Cuda     live     4021.3 MB  "collide:nn_last_partner"
[kp]    11.006s  alloc        566.9 MB  Cuda     live     4588.2 MB  "collide:nn_last_partner"
[kp]    11.007s  dealloc      566.9 MB  Cuda     live     4021.3 MB  "collide:nn_last_partner"
[kp]    11.025s  alloc        566.9 MB  Cuda     live     4588.2 MB  "collide:nn_last_partner"
[kp]    11.027s  dealloc      566.9 MB  Cuda     live     4021.3 MB  "collide:nn_last_partner"
[kp]    11.045s  alloc        566.9 MB  Cuda     live     4588.2 MB  "collide:nn_last_partner"
[kp]    11.046s  dealloc      566.9 MB  Cuda     live     4021.3 MB  "collide:nn_last_partner"
[kp]    11.064s  alloc        566.9 MB  Cuda     live     4588.2 MB  "collide:nn_last_partner"
[kp]    11.066s  dealloc      566.9 MB  Cuda     live     4021.3 MB  "collide:nn_last_partner"
[kp]    11.089s  alloc        566.9 MB  Cuda     live     4588.2 MB  "collide:nn_last_partner"
[kp]    11.090s  dealloc      566.9 MB  Cuda     live     4021.3 MB  "collide:nn_last_partner"
[kp]    11.114s  alloc        566.9 MB  Cuda     live     4588.2 MB  "collide:nn_last_partner"
[kp]    11.115s  dealloc      566.9 MB  Cuda     live     4021.3 MB  "collide:nn_last_partner"
[kp]    11.134s  alloc        566.9 MB  Cuda     live     4588.2 MB  "collide:nn_last_partner"
[kp]    11.135s  dealloc      566.9 MB  Cuda     live     4021.3 MB  "collide:nn_last_partner"
[kp]    11.154s  alloc        566.9 MB  Cuda     live     4588.2 MB  "collide:nn_last_partner"
[kp]    11.155s  dealloc      566.9 MB  Cuda     live     4021.3 MB  "collide:nn_last_partner"
[kp]    11.174s  alloc        566.9 MB  Cuda     live     4588.2 MB  "collide:nn_last_partner"
[kp]    11.175s  dealloc      566.9 MB  Cuda     live     4021.3 MB  "collide:nn_last_partner"
[kp]    11.194s  alloc        566.9 MB  Cuda     live     4588.2 MB  "collide:nn_last_partner"
[kp]    11.195s  dealloc      566.9 MB  Cuda     live     4021.3 MB  "collide:nn_last_partner"
[kp]    11.213s  alloc        566.9 MB  Cuda     live     4588.2 MB  "collide:nn_last_partner"
[kp]    11.215s  dealloc      566.9 MB  Cuda     live     4021.3 MB  "collide:nn_last_partner"
[kp]    11.233s  alloc        566.9 MB  Cuda     live     4588.2 MB  "collide:nn_last_partner"
[kp]    11.235s  dealloc      566.9 MB  Cuda     live     4021.3 MB  "collide:nn_last_partner"
[kp]    11.253s  alloc        566.9 MB  Cuda     live     4588.2 MB  "collide:nn_last_partner"
[kp]    11.255s  dealloc      566.9 MB  Cuda     live     4021.3 MB  "collide:nn_last_partner"
[kp]    11.274s  alloc        566.9 MB  Cuda     live     4588.2 MB  "collide:nn_last_partner"
[kp]    11.275s  dealloc      566.9 MB  Cuda     live     4021.3 MB  "collide:nn_last_partner"
[kp]    11.293s  alloc        566.9 MB  Cuda     live     4588.2 MB  "collide:nn_last_partner"
[kp]    11.294s  dealloc      566.9 MB  Cuda     live     4021.3 MB  "collide:nn_last_partner"
[kp]    11.312s  alloc        566.9 MB  Cuda     live     4588.2 MB  "collide:nn_last_partner"
[kp]    11.314s  dealloc      566.9 MB  Cuda     live     4021.3 MB  "collide:nn_last_partner"
[kp]    11.334s  alloc        566.9 MB  Cuda     live     4588.2 MB  "collide:nn_last_partner"
[kp]    11.336s  dealloc      566.9 MB  Cuda     live     4021.3 MB  "collide:nn_last_partner"
[kp]    11.356s  alloc        566.9 MB  Cuda     live     4588.2 MB  "collide:nn_last_partner"
[kp]    11.357s  dealloc      566.9 MB  Cuda     live     4021.3 MB  "collide:nn_last_partner"
[kp]    11.375s  alloc        566.9 MB  Cuda     live     4588.2 MB  "collide:nn_last_partner"
[kp]    11.377s  dealloc      566.9 MB  Cuda     live     4021.3 MB  "collide:nn_last_partner"
     100    2.1153972 1.4181725e-07    47.272389        3e-09 29935513    94828    60211        0        0    298.97086 
[kp]    11.508s  alloc        566.9 MB  Cuda     live     4588.2 MB  "collide:nn_last_partner"
[kp]    11.509s  dealloc      566.9 MB  Cuda     live     4021.3 MB  "collide:nn_last_partner"
[kp]    11.527s  alloc        566.9 MB  Cuda     live     4588.2 MB  "collide:nn_last_partner"
[kp]    11.529s  dealloc      566.9 MB  Cuda     live     4021.3 MB  "collide:nn_last_partner"
[kp]    11.547s  alloc        566.9 MB  Cuda     live     4588.2 MB  "collide:nn_last_partner"
[kp]    11.548s  dealloc      566.9 MB  Cuda     live     4021.3 MB  "collide:nn_last_partner"
[kp]    11.567s  alloc        566.9 MB  Cuda     live     4588.2 MB  "collide:nn_last_partner"
[kp]    11.568s  dealloc      566.9 MB  Cuda     live     4021.3 MB  "collide:nn_last_partner"
[kp]    11.586s  alloc        566.9 MB  Cuda     live     4588.2 MB  "collide:nn_last_partner"
[kp]    11.587s  dealloc      566.9 MB  Cuda     live     4021.3 MB  "collide:nn_last_partner"
[kp]    11.615s  alloc        566.9 MB  Cuda     live     4588.2 MB  "collide:nn_last_partner"
[kp]    11.616s  dealloc      566.9 MB  Cuda     live     4021.3 MB  "collide:nn_last_partner"
[kp]    11.634s  alloc        566.9 MB  Cuda     live     4588.2 MB  "collide:nn_last_partner"
[kp]    11.636s  dealloc      566.9 MB  Cuda     live     4021.3 MB  "collide:nn_last_partner"
[kp]    11.655s  alloc        566.9 MB  Cuda     live     4588.2 MB  "collide:nn_last_partner"
[kp]    11.656s  dealloc      566.9 MB  Cuda     live     4021.3 MB  "collide:nn_last_partner"
[kp]    11.675s  alloc        566.9 MB  Cuda     live     4588.2 MB  "collide:nn_last_partner"
[kp]    11.676s  dealloc      566.9 MB  Cuda     live     4021.3 MB  "collide:nn_last_partner"
[kp]    11.695s  alloc        566.9 MB  Cuda     live     4588.2 MB  "collide:nn_last_partner"
[kp]    11.696s  dealloc      566.9 MB  Cuda     live     4021.3 MB  "collide:nn_last_partner"
[kp]    11.715s  alloc        566.9 MB  Cuda     live     4588.2 MB  "collide:nn_last_partner"
[kp]    11.716s  dealloc      566.9 MB  Cuda     live     4021.3 MB  "collide:nn_last_partner"
[kp]    11.734s  alloc        566.9 MB  Cuda     live     4588.2 MB  "collide:nn_last_partner"
[kp]    11.736s  dealloc      566.9 MB  Cuda     live     4021.3 MB  "collide:nn_last_partner"
[kp]    11.754s  alloc        566.9 MB  Cuda     live     4588.2 MB  "collide:nn_last_partner"
[kp]    11.755s  dealloc      566.9 MB  Cuda     live     4021.3 MB  "collide:nn_last_partner"
[kp]    11.774s  alloc        566.9 MB  Cuda     live     4588.2 MB  "collide:nn_last_partner"
[kp]    11.775s  dealloc      566.9 MB  Cuda     live     4021.3 MB  "collide:nn_last_partner"
[kp]    11.793s  alloc        566.9 MB  Cuda     live     4588.2 MB  "collide:nn_last_partner"
[kp]    11.795s  dealloc      566.9 MB  Cuda     live     4021.3 MB  "collide:nn_last_partner"
[kp]    11.813s  alloc        566.9 MB  Cuda     live     4588.2 MB  "collide:nn_last_partner"
[kp]    11.814s  dealloc      566.9 MB  Cuda     live     4021.3 MB  "collide:nn_last_partner"
[kp]    11.833s  alloc        566.9 MB  Cuda     live     4588.2 MB  "collide:nn_last_partner"
[kp]    11.834s  dealloc      566.9 MB  Cuda     live     4021.3 MB  "collide:nn_last_partner"
[kp]    11.852s  alloc        566.9 MB  Cuda     live     4588.2 MB  "collide:nn_last_partner"
[kp]    11.854s  dealloc      566.9 MB  Cuda     live     4021.3 MB  "collide:nn_last_partner"
[kp]    11.872s  alloc        566.9 MB  Cuda     live     4588.2 MB  "collide:nn_last_partner"
[kp]    11.873s  dealloc      566.9 MB  Cuda     live     4021.3 MB  "collide:nn_last_partner"
[kp]    11.892s  alloc        566.9 MB  Cuda     live     4588.2 MB  "collide:nn_last_partner"
[kp]    11.893s  dealloc      566.9 MB  Cuda     live     4021.3 MB  "collide:nn_last_partner"
[kp]    11.912s  alloc        566.9 MB  Cuda     live     4588.2 MB  "collide:nn_last_partner"
[kp]    11.913s  dealloc      566.9 MB  Cuda     live     4021.3 MB  "collide:nn_last_partner"
[kp]    11.932s  alloc        566.9 MB  Cuda     live     4588.2 MB  "collide:nn_last_partner"
[kp]    11.933s  dealloc      566.9 MB  Cuda     live     4021.3 MB  "collide:nn_last_partner"
[kp]    11.952s  alloc        566.9 MB  Cuda     live     4588.2 MB  "collide:nn_last_partner"
[kp]    11.953s  dealloc      566.9 MB  Cuda     live     4021.3 MB  "collide:nn_last_partner"
[kp]    11.971s  alloc        566.9 MB  Cuda     live     4588.2 MB  "collide:nn_last_partner"
[kp]    11.973s  dealloc      566.9 MB  Cuda     live     4021.3 MB  "collide:nn_last_partner"
[kp]    11.991s  alloc        566.9 MB  Cuda     live     4588.2 MB  "collide:nn_last_partner"
[kp]    11.992s  dealloc      566.9 MB  Cuda     live     4021.3 MB  "collide:nn_last_partner"
[kp]    12.011s  alloc        566.9 MB  Cuda     live     4588.2 MB  "collide:nn_last_partner"
[kp]    12.012s  dealloc      566.9 MB  Cuda     live     4021.3 MB  "collide:nn_last_partner"
[kp]    12.031s  alloc        566.9 MB  Cuda     live     4588.2 MB  "collide:nn_last_partner"
[kp]    12.032s  dealloc      566.9 MB  Cuda     live     4021.3 MB  "collide:nn_last_partner"
[kp]    12.051s  alloc        566.9 MB  Cuda     live     4588.2 MB  "collide:nn_last_partner"
[kp]    12.052s  dealloc      566.9 MB  Cuda     live     4021.3 MB  "collide:nn_last_partner"
[kp]    12.070s  alloc        566.9 MB  Cuda     live     4588.2 MB  "collide:nn_last_partner"
[kp]    12.071s  dealloc      566.9 MB  Cuda     live     4021.3 MB  "collide:nn_last_partner"
[kp]    12.090s  alloc        566.9 MB  Cuda     live     4588.2 MB  "collide:nn_last_partner"
[kp]    12.091s  dealloc      566.9 MB  Cuda     live     4021.3 MB  "collide:nn_last_partner"
[kp]    12.110s  alloc        566.9 MB  Cuda     live     4588.2 MB  "collide:nn_last_partner"
[kp]    12.111s  dealloc      566.9 MB  Cuda     live     4021.3 MB  "collide:nn_last_partner"
[kp]    12.141s  alloc        566.9 MB  Cuda     live     4588.2 MB  "collide:nn_last_partner"
[kp]    12.146s  dealloc      566.9 MB  Cuda     live     4021.3 MB  "collide:nn_last_partner"
[kp]    12.164s  alloc        566.9 MB  Cuda     live     4588.2 MB  "collide:nn_last_partner"
[kp]    12.166s  dealloc      566.9 MB  Cuda     live     4021.3 MB  "collide:nn_last_partner"
[kp]    12.185s  alloc        566.9 MB  Cuda     live     4588.2 MB  "collide:nn_last_partner"
[kp]    12.186s  dealloc      566.9 MB  Cuda     live     4021.3 MB  "collide:nn_last_partner"
[kp]    12.232s  alloc        566.9 MB  Cuda     live     4588.2 MB  "collide:nn_last_partner"
[kp]    12.234s  dealloc      566.9 MB  Cuda     live     4021.3 MB  "collide:nn_last_partner"
[kp]    12.253s  alloc        566.9 MB  Cuda     live     4588.2 MB  "collide:nn_last_partner"
[kp]    12.254s  dealloc      566.9 MB  Cuda     live     4021.3 MB  "collide:nn_last_partner"
[kp]    12.273s  alloc        566.9 MB  Cuda     live     4588.2 MB  "collide:nn_last_partner"
[kp]    12.274s  dealloc      566.9 MB  Cuda     live     4021.3 MB  "collide:nn_last_partner"
[kp]    12.292s  alloc        566.9 MB  Cuda     live     4588.2 MB  "collide:nn_last_partner"
[kp]    12.294s  dealloc      566.9 MB  Cuda     live     4021.3 MB  "collide:nn_last_partner"
[kp]    12.312s  alloc        566.9 MB  Cuda     live     4588.2 MB  "collide:nn_last_partner"
[kp]    12.314s  dealloc      566.9 MB  Cuda     live     4021.3 MB  "collide:nn_last_partner"
[kp]    12.332s  alloc        566.9 MB  Cuda     live     4588.2 MB  "collide:nn_last_partner"
[kp]    12.333s  dealloc      566.9 MB  Cuda     live     4021.3 MB  "collide:nn_last_partner"
[kp]    12.352s  alloc        566.9 MB  Cuda     live     4588.2 MB  "collide:nn_last_partner"
[kp]    12.353s  dealloc      566.9 MB  Cuda     live     4021.3 MB  "collide:nn_last_partner"
[kp]    12.372s  alloc        566.9 MB  Cuda     live     4588.2 MB  "collide:nn_last_partner"
[kp]    12.373s  dealloc      566.9 MB  Cuda     live     4021.3 MB  "collide:nn_last_partner"
[kp]    12.392s  alloc        566.9 MB  Cuda     live     4588.2 MB  "collide:nn_last_partner"
[kp]    12.394s  dealloc      566.9 MB  Cuda     live     4021.3 MB  "collide:nn_last_partner"
[kp]    12.412s  alloc        566.9 MB  Cuda     live     4588.2 MB  "collide:nn_last_partner"
[kp]    12.414s  dealloc      566.9 MB  Cuda     live     4021.3 MB  "collide:nn_last_partner"
[kp]    12.432s  alloc        566.9 MB  Cuda     live     4588.2 MB  "collide:nn_last_partner"
[kp]    12.434s  dealloc      566.9 MB  Cuda     live     4021.3 MB  "collide:nn_last_partner"
[kp]    12.452s  alloc        566.9 MB  Cuda     live     4588.2 MB  "collide:nn_last_partner"
[kp]    12.453s  dealloc      566.9 MB  Cuda     live     4021.3 MB  "collide:nn_last_partner"
[kp]    12.472s  alloc        566.9 MB  Cuda     live     4588.2 MB  "collide:nn_last_partner"
[kp]    12.473s  dealloc      566.9 MB  Cuda     live     4021.3 MB  "collide:nn_last_partner"
[kp]    12.492s  alloc        566.9 MB  Cuda     live     4588.2 MB  "collide:nn_last_partner"
[kp]    12.493s  dealloc      566.9 MB  Cuda     live     4021.3 MB  "collide:nn_last_partner"
[kp]    12.512s  alloc        566.9 MB  Cuda     live     4588.2 MB  "collide:nn_last_partner"
[kp]    12.513s  dealloc      566.9 MB  Cuda     live     4021.3 MB  "collide:nn_last_partner"
[kp]    12.531s  alloc        566.9 MB  Cuda     live     4588.2 MB  "collide:nn_last_partner"
[kp]    12.533s  dealloc      566.9 MB  Cuda     live     4021.3 MB  "collide:nn_last_partner"
[kp]    12.552s  alloc        566.9 MB  Cuda     live     4588.2 MB  "collide:nn_last_partner"
[kp]    12.553s  dealloc      566.9 MB  Cuda     live     4021.3 MB  "collide:nn_last_partner"
[kp]    12.571s  alloc        566.9 MB  Cuda     live     4588.2 MB  "collide:nn_last_partner"
[kp]    12.573s  dealloc      566.9 MB  Cuda     live     4021.3 MB  "collide:nn_last_partner"
[kp]    12.591s  alloc        566.9 MB  Cuda     live     4588.2 MB  "collide:nn_last_partner"
[kp]    12.593s  dealloc      566.9 MB  Cuda     live     4021.3 MB  "collide:nn_last_partner"
[kp]    12.612s  alloc        566.9 MB  Cuda     live     4588.2 MB  "collide:nn_last_partner"
[kp]    12.613s  dealloc      566.9 MB  Cuda     live     4021.3 MB  "collide:nn_last_partner"
[kp]    12.631s  alloc        566.9 MB  Cuda     live     4588.2 MB  "collide:nn_last_partner"
[kp]    12.633s  dealloc      566.9 MB  Cuda     live     4021.3 MB  "collide:nn_last_partner"
[kp]    12.651s  alloc        566.9 MB  Cuda     live     4588.2 MB  "collide:nn_last_partner"
[kp]    12.652s  dealloc      566.9 MB  Cuda     live     4021.3 MB  "collide:nn_last_partner"
[kp]    12.672s  alloc        566.9 MB  Cuda     live     4588.2 MB  "collide:nn_last_partner"
[kp]    12.679s  dealloc      566.9 MB  Cuda     live     4021.3 MB  "collide:nn_last_partner"
[kp]    12.697s  alloc        566.9 MB  Cuda     live     4588.2 MB  "collide:nn_last_partner"
[kp]    12.699s  dealloc      566.9 MB  Cuda     live     4021.3 MB  "collide:nn_last_partner"
[kp]    12.718s  alloc        566.9 MB  Cuda     live     4588.2 MB  "collide:nn_last_partner"
[kp]    12.719s  dealloc      566.9 MB  Cuda     live     4021.3 MB  "collide:nn_last_partner"
[kp]    12.738s  alloc        566.9 MB  Cuda     live     4588.2 MB  "collide:nn_last_partner"
[kp]    12.739s  dealloc      566.9 MB  Cuda     live     4021.3 MB  "collide:nn_last_partner"
[kp]    12.757s  alloc        566.9 MB  Cuda     live     4588.2 MB  "collide:nn_last_partner"
[kp]    12.759s  dealloc      566.9 MB  Cuda     live     4021.3 MB  "collide:nn_last_partner"
[kp]    12.777s  alloc        566.9 MB  Cuda     live     4588.2 MB  "collide:nn_last_partner"
[kp]    12.779s  dealloc      566.9 MB  Cuda     live     4021.3 MB  "collide:nn_last_partner"
[kp]    12.797s  alloc        566.9 MB  Cuda     live     4588.2 MB  "collide:nn_last_partner"
[kp]    12.799s  dealloc      566.9 MB  Cuda     live     4021.3 MB  "collide:nn_last_partner"
[kp]    12.818s  alloc        566.9 MB  Cuda     live     4588.2 MB  "collide:nn_last_partner"
[kp]    12.819s  dealloc      566.9 MB  Cuda     live     4021.3 MB  "collide:nn_last_partner"
[kp]    12.838s  alloc        566.9 MB  Cuda     live     4588.2 MB  "collide:nn_last_partner"
[kp]    12.839s  dealloc      566.9 MB  Cuda     live     4021.3 MB  "collide:nn_last_partner"
[kp]    12.858s  alloc        566.9 MB  Cuda     live     4588.2 MB  "collide:nn_last_partner"
[kp]    12.860s  dealloc      566.9 MB  Cuda     live     4021.3 MB  "collide:nn_last_partner"
[kp]    12.879s  alloc        566.9 MB  Cuda     live     4588.2 MB  "collide:nn_last_partner"
[kp]    12.880s  dealloc      566.9 MB  Cuda     live     4021.3 MB  "collide:nn_last_partner"
[kp]    12.899s  alloc        566.9 MB  Cuda     live     4588.2 MB  "collide:nn_last_partner"
[kp]    12.900s  dealloc      566.9 MB  Cuda     live     4021.3 MB  "collide:nn_last_partner"
[kp]    12.919s  alloc        566.9 MB  Cuda     live     4588.2 MB  "collide:nn_last_partner"
[kp]    12.921s  dealloc      566.9 MB  Cuda     live     4021.3 MB  "collide:nn_last_partner"
[kp]    12.940s  alloc        566.9 MB  Cuda     live     4588.2 MB  "collide:nn_last_partner"
[kp]    12.941s  dealloc      566.9 MB  Cuda     live     4021.3 MB  "collide:nn_last_partner"
[kp]    12.960s  alloc        566.9 MB  Cuda     live     4588.2 MB  "collide:nn_last_partner"
[kp]    12.961s  dealloc      566.9 MB  Cuda     live     4021.3 MB  "collide:nn_last_partner"
[kp]    12.980s  alloc        566.9 MB  Cuda     live     4588.2 MB  "collide:nn_last_partner"
[kp]    12.982s  dealloc      566.9 MB  Cuda     live     4021.3 MB  "collide:nn_last_partner"
[kp]    13.003s  alloc        566.9 MB  Cuda     live     4588.2 MB  "collide:nn_last_partner"
[kp]    13.004s  dealloc      566.9 MB  Cuda     live     4021.3 MB  "collide:nn_last_partner"
[kp]    13.023s  alloc        566.9 MB  Cuda     live     4588.2 MB  "collide:nn_last_partner"
[kp]    13.024s  dealloc      566.9 MB  Cuda     live     4021.3 MB  "collide:nn_last_partner"
[kp]    13.043s  alloc        566.9 MB  Cuda     live     4588.2 MB  "collide:nn_last_partner"
[kp]    13.044s  dealloc      566.9 MB  Cuda     live     4021.3 MB  "collide:nn_last_partner"
[kp]    13.063s  alloc        566.9 MB  Cuda     live     4588.2 MB  "collide:nn_last_partner"
[kp]    13.064s  dealloc      566.9 MB  Cuda     live     4021.3 MB  "collide:nn_last_partner"
[kp]    13.082s  alloc        566.9 MB  Cuda     live     4588.2 MB  "collide:nn_last_partner"
[kp]    13.084s  dealloc      566.9 MB  Cuda     live     4021.3 MB  "collide:nn_last_partner"
[kp]    13.103s  alloc        566.9 MB  Cuda     live     4588.2 MB  "collide:nn_last_partner"
[kp]    13.104s  dealloc      566.9 MB  Cuda     live     4021.3 MB  "collide:nn_last_partner"
[kp]    13.123s  alloc        566.9 MB  Cuda     live     4588.2 MB  "collide:nn_last_partner"
[kp]    13.124s  dealloc      566.9 MB  Cuda     live     4021.3 MB  "collide:nn_last_partner"
[kp]    13.143s  alloc        566.9 MB  Cuda     live     4588.2 MB  "collide:nn_last_partner"
[kp]    13.145s  dealloc      566.9 MB  Cuda     live     4021.3 MB  "collide:nn_last_partner"
[kp]    13.163s  alloc        566.9 MB  Cuda     live     4588.2 MB  "collide:nn_last_partner"
[kp]    13.165s  dealloc      566.9 MB  Cuda     live     4021.3 MB  "collide:nn_last_partner"
[kp]    13.184s  alloc        566.9 MB  Cuda     live     4588.2 MB  "collide:nn_last_partner"
[kp]    13.203s  dealloc      566.9 MB  Cuda     live     4021.3 MB  "collide:nn_last_partner"
[kp]    13.222s  alloc        566.9 MB  Cuda     live     4588.2 MB  "collide:nn_last_partner"
[kp]    13.223s  dealloc      566.9 MB  Cuda     live     4021.3 MB  "collide:nn_last_partner"
[kp]    13.242s  alloc        566.9 MB  Cuda     live     4588.2 MB  "collide:nn_last_partner"
[kp]    13.243s  dealloc      566.9 MB  Cuda     live     4021.3 MB  "collide:nn_last_partner"
[kp]    13.262s  alloc        566.9 MB  Cuda     live     4588.2 MB  "collide:nn_last_partner"
[kp]    13.263s  dealloc      566.9 MB  Cuda     live     4021.3 MB  "collide:nn_last_partner"
[kp]    13.282s  alloc        566.9 MB  Cuda     live     4588.2 MB  "collide:nn_last_partner"
[kp]    13.283s  dealloc      566.9 MB  Cuda     live     4021.3 MB  "collide:nn_last_partner"
[kp]    13.367s  alloc        566.9 MB  Cuda     live     4588.2 MB  "collide:nn_last_partner"
[kp]    13.368s  dealloc      566.9 MB  Cuda     live     4021.3 MB  "collide:nn_last_partner"
[kp]    13.387s  alloc        566.9 MB  Cuda     live     4588.2 MB  "collide:nn_last_partner"
[kp]    13.388s  dealloc      566.9 MB  Cuda     live     4021.3 MB  "collide:nn_last_partner"
[kp]    13.407s  alloc        566.9 MB  Cuda     live     4588.2 MB  "collide:nn_last_partner"
[kp]    13.408s  dealloc      566.9 MB  Cuda     live     4021.3 MB  "collide:nn_last_partner"
[kp]    13.427s  alloc        566.9 MB  Cuda     live     4588.2 MB  "collide:nn_last_partner"
[kp]    13.428s  dealloc      566.9 MB  Cuda     live     4021.3 MB  "collide:nn_last_partner"
[kp]    13.447s  alloc        566.9 MB  Cuda     live     4588.2 MB  "collide:nn_last_partner"
[kp]    13.448s  dealloc      566.9 MB  Cuda     live     4021.3 MB  "collide:nn_last_partner"
[kp]    13.466s  alloc        566.9 MB  Cuda     live     4588.2 MB  "collide:nn_last_partner"
[kp]    13.468s  dealloc      566.9 MB  Cuda     live     4021.3 MB  "collide:nn_last_partner"
[kp]    13.487s  alloc        566.9 MB  Cuda     live     4588.2 MB  "collide:nn_last_partner"
[kp]    13.488s  dealloc      566.9 MB  Cuda     live     4021.3 MB  "collide:nn_last_partner"
[kp]    13.506s  alloc        566.9 MB  Cuda     live     4588.2 MB  "collide:nn_last_partner"
[kp]    13.508s  dealloc      566.9 MB  Cuda     live     4021.3 MB  "collide:nn_last_partner"
[kp]    13.526s  alloc        566.9 MB  Cuda     live     4588.2 MB  "collide:nn_last_partner"
[kp]    13.527s  dealloc      566.9 MB  Cuda     live     4021.3 MB  "collide:nn_last_partner"
[kp]    13.546s  alloc        566.9 MB  Cuda     live     4588.2 MB  "collide:nn_last_partner"
[kp]    13.548s  dealloc      566.9 MB  Cuda     live     4021.3 MB  "collide:nn_last_partner"
[kp]    13.567s  alloc        566.9 MB  Cuda     live     4588.2 MB  "collide:nn_last_partner"
[kp]    13.568s  dealloc      566.9 MB  Cuda     live     4021.3 MB  "collide:nn_last_partner"
[kp]    13.587s  alloc        566.9 MB  Cuda     live     4588.2 MB  "collide:nn_last_partner"
[kp]    13.588s  dealloc      566.9 MB  Cuda     live     4021.3 MB  "collide:nn_last_partner"
[kp]    13.607s  alloc        566.9 MB  Cuda     live     4588.2 MB  "collide:nn_last_partner"
[kp]    13.609s  dealloc      566.9 MB  Cuda     live     4021.3 MB  "collide:nn_last_partner"
[kp]    13.628s  alloc        566.9 MB  Cuda     live     4588.2 MB  "collide:nn_last_partner"
[kp]    13.629s  dealloc      566.9 MB  Cuda     live     4021.3 MB  "collide:nn_last_partner"
     200    4.3874631 1.3203816e-07    44.012721        3e-09 29855531    99510    59670        0        0    298.13802 
[kp]    13.780s  alloc        566.9 MB  Cuda     live     4588.2 MB  "collide:nn_last_partner"
[kp]    13.781s  dealloc      566.9 MB  Cuda     live     4021.3 MB  "collide:nn_last_partner"
[kp]    13.935s  alloc        566.9 MB  Cuda     live     4588.2 MB  "collide:nn_last_partner"
[kp]    13.936s  dealloc      566.9 MB  Cuda     live     4021.3 MB  "collide:nn_last_partner"
[kp]    13.955s  alloc        566.9 MB  Cuda     live     4588.2 MB  "collide:nn_last_partner"
[kp]    13.957s  dealloc      566.9 MB  Cuda     live     4021.3 MB  "collide:nn_last_partner"
[kp]    13.977s  alloc        566.9 MB  Cuda     live     4588.2 MB  "collide:nn_last_partner"
[kp]    13.978s  dealloc      566.9 MB  Cuda     live     4021.3 MB  "collide:nn_last_partner"
[kp]    13.997s  alloc        566.9 MB  Cuda     live     4588.2 MB  "collide:nn_last_partner"
[kp]    13.998s  dealloc      566.9 MB  Cuda     live     4021.3 MB  "collide:nn_last_partner"
[kp]    14.017s  alloc        566.9 MB  Cuda     live     4588.2 MB  "collide:nn_last_partner"
[kp]    14.018s  dealloc      566.9 MB  Cuda     live     4021.3 MB  "collide:nn_last_partner"
[kp]    14.037s  alloc        566.9 MB  Cuda     live     4588.2 MB  "collide:nn_last_partner"
[kp]    14.038s  dealloc      566.9 MB  Cuda     live     4021.3 MB  "collide:nn_last_partner"
[kp]    14.057s  alloc        566.9 MB  Cuda     live     4588.2 MB  "collide:nn_last_partner"
[kp]    14.058s  dealloc      566.9 MB  Cuda     live     4021.3 MB  "collide:nn_last_partner"
[kp]    14.077s  alloc        566.9 MB  Cuda     live     4588.2 MB  "collide:nn_last_partner"
[kp]    14.078s  dealloc      566.9 MB  Cuda     live     4021.3 MB  "collide:nn_last_partner"
[kp]    14.097s  alloc        566.9 MB  Cuda     live     4588.2 MB  "collide:nn_last_partner"
[kp]    14.098s  dealloc      566.9 MB  Cuda     live     4021.3 MB  "collide:nn_last_partner"
[kp]    14.117s  alloc        566.9 MB  Cuda     live     4588.2 MB  "collide:nn_last_partner"
[kp]    14.118s  dealloc      566.9 MB  Cuda     live     4021.3 MB  "collide:nn_last_partner"
[kp]    14.137s  alloc        566.9 MB  Cuda     live     4588.2 MB  "collide:nn_last_partner"
[kp]    14.139s  dealloc      566.9 MB  Cuda     live     4021.3 MB  "collide:nn_last_partner"
[kp]    14.157s  alloc        566.9 MB  Cuda     live     4588.2 MB  "collide:nn_last_partner"
[kp]    14.159s  dealloc      566.9 MB  Cuda     live     4021.3 MB  "collide:nn_last_partner"
[kp]    14.177s  alloc        566.9 MB  Cuda     live     4588.2 MB  "collide:nn_last_partner"
[kp]    14.179s  dealloc      566.9 MB  Cuda     live     4021.3 MB  "collide:nn_last_partner"
[kp]    14.197s  alloc        566.9 MB  Cuda     live     4588.2 MB  "collide:nn_last_partner"
[kp]    14.199s  dealloc      566.9 MB  Cuda     live     4021.3 MB  "collide:nn_last_partner"
[kp]    14.219s  alloc        566.9 MB  Cuda     live     4588.2 MB  "collide:nn_last_partner"
[kp]    14.220s  dealloc      566.9 MB  Cuda     live     4021.3 MB  "collide:nn_last_partner"
[kp]    14.256s  alloc        566.9 MB  Cuda     live     4588.2 MB  "collide:nn_last_partner"
[kp]    14.257s  dealloc      566.9 MB  Cuda     live     4021.3 MB  "collide:nn_last_partner"
[kp]    14.276s  alloc        566.9 MB  Cuda     live     4588.2 MB  "collide:nn_last_partner"
[kp]    14.277s  dealloc      566.9 MB  Cuda     live     4021.3 MB  "collide:nn_last_partner"
[kp]    14.296s  alloc        566.9 MB  Cuda     live     4588.2 MB  "collide:nn_last_partner"
[kp]    14.298s  dealloc      566.9 MB  Cuda     live     4021.3 MB  "collide:nn_last_partner"
[kp]    14.316s  alloc        566.9 MB  Cuda     live     4588.2 MB  "collide:nn_last_partner"
[kp]    14.318s  dealloc      566.9 MB  Cuda     live     4021.3 MB  "collide:nn_last_partner"
[kp]    14.337s  alloc        566.9 MB  Cuda     live     4588.2 MB  "collide:nn_last_partner"
[kp]    14.338s  dealloc      566.9 MB  Cuda     live     4021.3 MB  "collide:nn_last_partner"
[kp]    14.359s  alloc        566.9 MB  Cuda     live     4588.2 MB  "collide:nn_last_partner"
[kp]    14.360s  dealloc      566.9 MB  Cuda     live     4021.3 MB  "collide:nn_last_partner"
[kp]    14.379s  alloc        566.9 MB  Cuda     live     4588.2 MB  "collide:nn_last_partner"
[kp]    14.380s  dealloc      566.9 MB  Cuda     live     4021.3 MB  "collide:nn_last_partner"
[kp]    14.399s  alloc        566.9 MB  Cuda     live     4588.2 MB  "collide:nn_last_partner"
[kp]    14.401s  dealloc      566.9 MB  Cuda     live     4021.3 MB  "collide:nn_last_partner"
[kp]    14.420s  alloc        566.9 MB  Cuda     live     4588.2 MB  "collide:nn_last_partner"
[kp]    14.422s  dealloc      566.9 MB  Cuda     live     4021.3 MB  "collide:nn_last_partner"
[kp]    14.441s  alloc        566.9 MB  Cuda     live     4588.2 MB  "collide:nn_last_partner"
[kp]    14.442s  dealloc      566.9 MB  Cuda     live     4021.3 MB  "collide:nn_last_partner"
[kp]    14.461s  alloc        566.9 MB  Cuda     live     4588.2 MB  "collide:nn_last_partner"
[kp]    14.462s  dealloc      566.9 MB  Cuda     live     4021.3 MB  "collide:nn_last_partner"
[kp]    14.499s  alloc        566.9 MB  Cuda     live     4588.2 MB  "collide:nn_last_partner"
[kp]    14.510s  dealloc      566.9 MB  Cuda     live     4021.3 MB  "collide:nn_last_partner"
[kp]    14.529s  alloc        566.9 MB  Cuda     live     4588.2 MB  "collide:nn_last_partner"
[kp]    14.530s  dealloc      566.9 MB  Cuda     live     4021.3 MB  "collide:nn_last_partner"
[kp]    14.549s  alloc        566.9 MB  Cuda     live     4588.2 MB  "collide:nn_last_partner"
[kp]    14.551s  dealloc      566.9 MB  Cuda     live     4021.3 MB  "collide:nn_last_partner"
[kp]    14.570s  alloc        566.9 MB  Cuda     live     4588.2 MB  "collide:nn_last_partner"
[kp]    14.571s  dealloc      566.9 MB  Cuda     live     4021.3 MB  "collide:nn_last_partner"
[kp]    14.590s  alloc        566.9 MB  Cuda     live     4588.2 MB  "collide:nn_last_partner"
[kp]    14.591s  dealloc      566.9 MB  Cuda     live     4021.3 MB  "collide:nn_last_partner"
[kp]    14.610s  alloc        566.9 MB  Cuda     live     4588.2 MB  "collide:nn_last_partner"
[kp]    14.612s  dealloc      566.9 MB  Cuda     live     4021.3 MB  "collide:nn_last_partner"
[kp]    14.630s  alloc        566.9 MB  Cuda     live     4588.2 MB  "collide:nn_last_partner"
[kp]    14.631s  dealloc      566.9 MB  Cuda     live     4021.3 MB  "collide:nn_last_partner"
[kp]    14.650s  alloc        566.9 MB  Cuda     live     4588.2 MB  "collide:nn_last_partner"
[kp]    14.652s  dealloc      566.9 MB  Cuda     live     4021.3 MB  "collide:nn_last_partner"
[kp]    14.670s  alloc        566.9 MB  Cuda     live     4588.2 MB  "collide:nn_last_partner"
[kp]    14.671s  dealloc      566.9 MB  Cuda     live     4021.3 MB  "collide:nn_last_partner"
[kp]    14.691s  alloc        566.9 MB  Cuda     live     4588.2 MB  "collide:nn_last_partner"
[kp]    14.692s  dealloc      566.9 MB  Cuda     live     4021.3 MB  "collide:nn_last_partner"
[kp]    14.711s  alloc        566.9 MB  Cuda     live     4588.2 MB  "collide:nn_last_partner"
[kp]    14.712s  dealloc      566.9 MB  Cuda     live     4021.3 MB  "collide:nn_last_partner"
[kp]    14.731s  alloc        566.9 MB  Cuda     live     4588.2 MB  "collide:nn_last_partner"
[kp]    14.732s  dealloc      566.9 MB  Cuda     live     4021.3 MB  "collide:nn_last_partner"
[kp]    14.751s  alloc        566.9 MB  Cuda     live     4588.2 MB  "collide:nn_last_partner"
[kp]    14.752s  dealloc      566.9 MB  Cuda     live     4021.3 MB  "collide:nn_last_partner"
[kp]    14.790s  alloc        566.9 MB  Cuda     live     4588.2 MB  "collide:nn_last_partner"
[kp]    14.792s  dealloc      566.9 MB  Cuda     live     4021.3 MB  "collide:nn_last_partner"
[kp]    14.811s  alloc        566.9 MB  Cuda     live     4588.2 MB  "collide:nn_last_partner"
[kp]    14.812s  dealloc      566.9 MB  Cuda     live     4021.3 MB  "collide:nn_last_partner"
[kp]    14.831s  alloc        566.9 MB  Cuda     live     4588.2 MB  "collide:nn_last_partner"
[kp]    14.832s  dealloc      566.9 MB  Cuda     live     4021.3 MB  "collide:nn_last_partner"
[kp]    14.851s  alloc        566.9 MB  Cuda     live     4588.2 MB  "collide:nn_last_partner"
[kp]    14.852s  dealloc      566.9 MB  Cuda     live     4021.3 MB  "collide:nn_last_partner"
[kp]    14.871s  alloc        566.9 MB  Cuda     live     4588.2 MB  "collide:nn_last_partner"
[kp]    14.872s  dealloc      566.9 MB  Cuda     live     4021.3 MB  "collide:nn_last_partner"
[kp]    14.891s  alloc        566.9 MB  Cuda     live     4588.2 MB  "collide:nn_last_partner"
[kp]    14.893s  dealloc      566.9 MB  Cuda     live     4021.3 MB  "collide:nn_last_partner"
[kp]    14.911s  alloc        566.9 MB  Cuda     live     4588.2 MB  "collide:nn_last_partner"
[kp]    14.913s  dealloc      566.9 MB  Cuda     live     4021.3 MB  "collide:nn_last_partner"
[kp]    14.932s  alloc        566.9 MB  Cuda     live     4588.2 MB  "collide:nn_last_partner"
[kp]    14.933s  dealloc      566.9 MB  Cuda     live     4021.3 MB  "collide:nn_last_partner"
[kp]    14.951s  dealloc      566.9 MB  Cuda     live     3454.4 MB  "particle:plist"
[kp]    14.953s  alloc        705.3 MB  Cuda     live     4159.7 MB  "particle:plist"
[kp]    14.954s  alloc        705.3 MB  Cuda     live     4865.1 MB  "collide:nn_last_partner"
[kp]    14.956s  dealloc      705.3 MB  Cuda     live     4159.7 MB  "collide:nn_last_partner"
[kp]    14.975s  alloc        705.3 MB  Cuda     live     4865.1 MB  "collide:nn_last_partner"
[kp]    14.976s  dealloc      705.3 MB  Cuda     live     4159.7 MB  "collide:nn_last_partner"
[kp]    14.995s  alloc        705.3 MB  Cuda     live     4865.1 MB  "collide:nn_last_partner"
[kp]    14.996s  dealloc      705.3 MB  Cuda     live     4159.7 MB  "collide:nn_last_partner"
[kp]    15.015s  alloc        705.3 MB  Cuda     live     4865.1 MB  "collide:nn_last_partner"
[kp]    15.016s  dealloc      705.3 MB  Cuda     live     4159.7 MB  "collide:nn_last_partner"
[kp]    15.035s  alloc        705.3 MB  Cuda     live     4865.1 MB  "collide:nn_last_partner"
[kp]    15.037s  dealloc      705.3 MB  Cuda     live     4159.7 MB  "collide:nn_last_partner"
[kp]    15.056s  alloc        705.3 MB  Cuda     live     4865.1 MB  "collide:nn_last_partner"
[kp]    15.057s  dealloc      705.3 MB  Cuda     live     4159.7 MB  "collide:nn_last_partner"
[kp]    15.076s  alloc        705.3 MB  Cuda     live     4865.1 MB  "collide:nn_last_partner"
[kp]    15.078s  dealloc      705.3 MB  Cuda     live     4159.7 MB  "collide:nn_last_partner"
[kp]    15.097s  alloc        705.3 MB  Cuda     live     4865.1 MB  "collide:nn_last_partner"
[kp]    15.099s  dealloc      705.3 MB  Cuda     live     4159.7 MB  "collide:nn_last_partner"
[kp]    15.118s  alloc        705.3 MB  Cuda     live     4865.1 MB  "collide:nn_last_partner"
[kp]    15.119s  dealloc      705.3 MB  Cuda     live     4159.7 MB  "collide:nn_last_partner"
[kp]    15.138s  alloc        705.3 MB  Cuda     live     4865.1 MB  "collide:nn_last_partner"
[kp]    15.140s  dealloc      705.3 MB  Cuda     live     4159.7 MB  "collide:nn_last_partner"
[kp]    15.159s  alloc        705.3 MB  Cuda     live     4865.1 MB  "collide:nn_last_partner"
[kp]    15.160s  dealloc      705.3 MB  Cuda     live     4159.7 MB  "collide:nn_last_partner"
[kp]    15.179s  alloc        705.3 MB  Cuda     live     4865.1 MB  "collide:nn_last_partner"
[kp]    15.180s  dealloc      705.3 MB  Cuda     live     4159.7 MB  "collide:nn_last_partner"
[kp]    15.199s  alloc        705.3 MB  Cuda     live     4865.1 MB  "collide:nn_last_partner"
[kp]    15.200s  dealloc      705.3 MB  Cuda     live     4159.7 MB  "collide:nn_last_partner"
[kp]    15.319s  alloc        705.3 MB  Cuda     live     4865.1 MB  "collide:nn_last_partner"
[kp]    15.321s  dealloc      705.3 MB  Cuda     live     4159.7 MB  "collide:nn_last_partner"
[kp]    15.340s  alloc        705.3 MB  Cuda     live     4865.1 MB  "collide:nn_last_partner"
[kp]    15.341s  dealloc      705.3 MB  Cuda     live     4159.7 MB  "collide:nn_last_partner"
[kp]    15.360s  alloc        705.3 MB  Cuda     live     4865.1 MB  "collide:nn_last_partner"
[kp]    15.361s  dealloc      705.3 MB  Cuda     live     4159.7 MB  "collide:nn_last_partner"
[kp]    15.380s  alloc        705.3 MB  Cuda     live     4865.1 MB  "collide:nn_last_partner"
[kp]    15.382s  dealloc      705.3 MB  Cuda     live     4159.7 MB  "collide:nn_last_partner"
[kp]    15.401s  alloc        705.3 MB  Cuda     live     4865.1 MB  "collide:nn_last_partner"
[kp]    15.402s  dealloc      705.3 MB  Cuda     live     4159.7 MB  "collide:nn_last_partner"
[kp]    15.421s  alloc        705.3 MB  Cuda     live     4865.1 MB  "collide:nn_last_partner"
[kp]    15.422s  dealloc      705.3 MB  Cuda     live     4159.7 MB  "collide:nn_last_partner"
[kp]    15.441s  alloc        705.3 MB  Cuda     live     4865.1 MB  "collide:nn_last_partner"
[kp]    15.442s  dealloc      705.3 MB  Cuda     live     4159.7 MB  "collide:nn_last_partner"
[kp]    15.461s  alloc        705.3 MB  Cuda     live     4865.1 MB  "collide:nn_last_partner"
[kp]    15.462s  dealloc      705.3 MB  Cuda     live     4159.7 MB  "collide:nn_last_partner"
[kp]    15.481s  alloc        705.3 MB  Cuda     live     4865.1 MB  "collide:nn_last_partner"
[kp]    15.483s  dealloc      705.3 MB  Cuda     live     4159.7 MB  "collide:nn_last_partner"
[kp]    15.502s  alloc        705.3 MB  Cuda     live     4865.1 MB  "collide:nn_last_partner"
[kp]    15.503s  dealloc      705.3 MB  Cuda     live     4159.7 MB  "collide:nn_last_partner"
[kp]    15.522s  alloc        705.3 MB  Cuda     live     4865.1 MB  "collide:nn_last_partner"
[kp]    15.523s  dealloc      705.3 MB  Cuda     live     4159.7 MB  "collide:nn_last_partner"
[kp]    15.542s  alloc        705.3 MB  Cuda     live     4865.1 MB  "collide:nn_last_partner"
[kp]    15.544s  dealloc      705.3 MB  Cuda     live     4159.7 MB  "collide:nn_last_partner"
[kp]    15.563s  alloc        705.3 MB  Cuda     live     4865.1 MB  "collide:nn_last_partner"
[kp]    15.564s  dealloc      705.3 MB  Cuda     live     4159.7 MB  "collide:nn_last_partner"
[kp]    15.583s  alloc        705.3 MB  Cuda     live     4865.1 MB  "collide:nn_last_partner"
[kp]    15.584s  dealloc      705.3 MB  Cuda     live     4159.7 MB  "collide:nn_last_partner"
[kp]    15.603s  alloc        705.3 MB  Cuda     live     4865.1 MB  "collide:nn_last_partner"
[kp]    15.605s  dealloc      705.3 MB  Cuda     live     4159.7 MB  "collide:nn_last_partner"
[kp]    15.624s  alloc        705.3 MB  Cuda     live     4865.1 MB  "collide:nn_last_partner"
[kp]    15.625s  dealloc      705.3 MB  Cuda     live     4159.7 MB  "collide:nn_last_partner"
[kp]    15.644s  alloc        705.3 MB  Cuda     live     4865.1 MB  "collide:nn_last_partner"
[kp]    15.645s  dealloc      705.3 MB  Cuda     live     4159.7 MB  "collide:nn_last_partner"
[kp]    15.664s  alloc        705.3 MB  Cuda     live     4865.1 MB  "collide:nn_last_partner"
[kp]    15.665s  dealloc      705.3 MB  Cuda     live     4159.7 MB  "collide:nn_last_partner"
[kp]    15.684s  alloc        705.3 MB  Cuda     live     4865.1 MB  "collide:nn_last_partner"
[kp]    15.686s  dealloc      705.3 MB  Cuda     live     4159.7 MB  "collide:nn_last_partner"
[kp]    15.704s  alloc        705.3 MB  Cuda     live     4865.1 MB  "collide:nn_last_partner"
[kp]    15.706s  dealloc      705.3 MB  Cuda     live     4159.7 MB  "collide:nn_last_partner"
[kp]    15.724s  alloc        705.3 MB  Cuda     live     4865.1 MB  "collide:nn_last_partner"
[kp]    15.726s  dealloc      705.3 MB  Cuda     live     4159.7 MB  "collide:nn_last_partner"
[kp]    15.744s  alloc        705.3 MB  Cuda     live     4865.1 MB  "collide:nn_last_partner"
[kp]    15.746s  dealloc      705.3 MB  Cuda     live     4159.7 MB  "collide:nn_last_partner"
[kp]    15.765s  alloc        705.3 MB  Cuda     live     4865.1 MB  "collide:nn_last_partner"
[kp]    15.766s  dealloc      705.3 MB  Cuda     live     4159.7 MB  "collide:nn_last_partner"
[kp]    15.785s  alloc        705.3 MB  Cuda     live     4865.1 MB  "collide:nn_last_partner"
[kp]    15.787s  dealloc      705.3 MB  Cuda     live     4159.7 MB  "collide:nn_last_partner"
[kp]    15.820s  alloc        705.3 MB  Cuda     live     4865.1 MB  "collide:nn_last_partner"
[kp]    15.822s  dealloc      705.3 MB  Cuda     live     4159.7 MB  "collide:nn_last_partner"
[kp]    15.847s  alloc        705.3 MB  Cuda     live     4865.1 MB  "collide:nn_last_partner"
[kp]    15.848s  dealloc      705.3 MB  Cuda     live     4159.7 MB  "collide:nn_last_partner"
[kp]    15.868s  alloc        705.3 MB  Cuda     live     4865.1 MB  "collide:nn_last_partner"
[kp]    15.869s  dealloc      705.3 MB  Cuda     live     4159.7 MB  "collide:nn_last_partner"
[kp]    15.888s  alloc        705.3 MB  Cuda     live     4865.1 MB  "collide:nn_last_partner"
[kp]    15.890s  dealloc      705.3 MB  Cuda     live     4159.7 MB  "collide:nn_last_partner"
[kp]    15.908s  alloc        705.3 MB  Cuda     live     4865.1 MB  "collide:nn_last_partner"
[kp]    15.910s  dealloc      705.3 MB  Cuda     live     4159.7 MB  "collide:nn_last_partner"
[kp]    15.929s  alloc        705.3 MB  Cuda     live     4865.1 MB  "collide:nn_last_partner"
[kp]    15.930s  dealloc      705.3 MB  Cuda     live     4159.7 MB  "collide:nn_last_partner"
[kp]    15.949s  alloc        705.3 MB  Cuda     live     4865.1 MB  "collide:nn_last_partner"
[kp]    15.950s  dealloc      705.3 MB  Cuda     live     4159.7 MB  "collide:nn_last_partner"
[kp]    15.970s  alloc        705.3 MB  Cuda     live     4865.1 MB  "collide:nn_last_partner"
[kp]    15.971s  dealloc      705.3 MB  Cuda     live     4159.7 MB  "collide:nn_last_partner"
[kp]    15.990s  alloc        705.3 MB  Cuda     live     4865.1 MB  "collide:nn_last_partner"
[kp]    15.991s  dealloc      705.3 MB  Cuda     live     4159.7 MB  "collide:nn_last_partner"
[kp]    16.010s  alloc        705.3 MB  Cuda     live     4865.1 MB  "collide:nn_last_partner"
[kp]    16.012s  dealloc      705.3 MB  Cuda     live     4159.7 MB  "collide:nn_last_partner"
[kp]    16.031s  alloc        705.3 MB  Cuda     live     4865.1 MB  "collide:nn_last_partner"
[kp]    16.032s  dealloc      705.3 MB  Cuda     live     4159.7 MB  "collide:nn_last_partner"
[kp]    16.052s  alloc        705.3 MB  Cuda     live     4865.1 MB  "collide:nn_last_partner"
[kp]    16.053s  dealloc      705.3 MB  Cuda     live     4159.7 MB  "collide:nn_last_partner"
[kp]    16.072s  alloc        705.3 MB  Cuda     live     4865.1 MB  "collide:nn_last_partner"
[kp]    16.073s  dealloc      705.3 MB  Cuda     live     4159.7 MB  "collide:nn_last_partner"
[kp]    16.092s  alloc        705.3 MB  Cuda     live     4865.1 MB  "collide:nn_last_partner"
[kp]    16.094s  dealloc      705.3 MB  Cuda     live     4159.7 MB  "collide:nn_last_partner"
[kp]    16.113s  alloc        705.3 MB  Cuda     live     4865.1 MB  "collide:nn_last_partner"
[kp]    16.114s  dealloc      705.3 MB  Cuda     live     4159.7 MB  "collide:nn_last_partner"
     300    6.8537643 1.2163989e-07    40.546634        3e-09 29766378   101864    59499        0        0     297.3796 
[kp]    16.246s  alloc        705.3 MB  Cuda     live     4865.1 MB  "collide:nn_last_partner"
[kp]    16.248s  dealloc      705.3 MB  Cuda     live     4159.8 MB  "collide:nn_last_partner"
[kp]    16.267s  alloc        705.3 MB  Cuda     live     4865.1 MB  "collide:nn_last_partner"
[kp]    16.268s  dealloc      705.3 MB  Cuda     live     4159.8 MB  "collide:nn_last_partner"
[kp]    16.287s  alloc        705.3 MB  Cuda     live     4865.1 MB  "collide:nn_last_partner"
[kp]    16.288s  dealloc      705.3 MB  Cuda     live     4159.8 MB  "collide:nn_last_partner"
[kp]    16.307s  alloc        705.3 MB  Cuda     live     4865.1 MB  "collide:nn_last_partner"
[kp]    16.309s  dealloc      705.3 MB  Cuda     live     4159.8 MB  "collide:nn_last_partner"
[kp]    16.340s  alloc        705.3 MB  Cuda     live     4865.1 MB  "collide:nn_last_partner"
[kp]    16.341s  dealloc      705.3 MB  Cuda     live     4159.8 MB  "collide:nn_last_partner"
[kp]    16.368s  alloc        705.3 MB  Cuda     live     4865.1 MB  "collide:nn_last_partner"
[kp]    16.369s  dealloc      705.3 MB  Cuda     live     4159.8 MB  "collide:nn_last_partner"
[kp]    16.388s  alloc        705.3 MB  Cuda     live     4865.1 MB  "collide:nn_last_partner"
[kp]    16.389s  dealloc      705.3 MB  Cuda     live     4159.8 MB  "collide:nn_last_partner"
[kp]    16.408s  alloc        705.3 MB  Cuda     live     4865.1 MB  "collide:nn_last_partner"
[kp]    16.409s  dealloc      705.3 MB  Cuda     live     4159.8 MB  "collide:nn_last_partner"
[kp]    16.428s  alloc        705.3 MB  Cuda     live     4865.1 MB  "collide:nn_last_partner"
[kp]    16.430s  dealloc      705.3 MB  Cuda     live     4159.8 MB  "collide:nn_last_partner"
[kp]    16.449s  alloc        705.3 MB  Cuda     live     4865.1 MB  "collide:nn_last_partner"
[kp]    16.450s  dealloc      705.3 MB  Cuda     live     4159.8 MB  "collide:nn_last_partner"
[kp]    16.469s  alloc        705.3 MB  Cuda     live     4865.1 MB  "collide:nn_last_partner"
[kp]    16.470s  dealloc      705.3 MB  Cuda     live     4159.8 MB  "collide:nn_last_partner"
[kp]    16.489s  alloc        705.3 MB  Cuda     live     4865.1 MB  "collide:nn_last_partner"
[kp]    16.490s  dealloc      705.3 MB  Cuda     live     4159.8 MB  "collide:nn_last_partner"
[kp]    16.509s  alloc        705.3 MB  Cuda     live     4865.1 MB  "collide:nn_last_partner"
[kp]    16.511s  dealloc      705.3 MB  Cuda     live     4159.8 MB  "collide:nn_last_partner"
[kp]    16.530s  alloc        705.3 MB  Cuda     live     4865.1 MB  "collide:nn_last_partner"
[kp]    16.531s  dealloc      705.3 MB  Cuda     live     4159.8 MB  "collide:nn_last_partner"
[kp]    16.551s  alloc        705.3 MB  Cuda     live     4865.1 MB  "collide:nn_last_partner"
[kp]    16.552s  dealloc      705.3 MB  Cuda     live     4159.8 MB  "collide:nn_last_partner"
[kp]    16.571s  alloc        705.3 MB  Cuda     live     4865.1 MB  "collide:nn_last_partner"
[kp]    16.573s  dealloc      705.3 MB  Cuda     live     4159.8 MB  "collide:nn_last_partner"
[kp]    16.592s  alloc        705.3 MB  Cuda     live     4865.1 MB  "collide:nn_last_partner"
[kp]    16.593s  dealloc      705.3 MB  Cuda     live     4159.8 MB  "collide:nn_last_partner"
[kp]    16.612s  alloc        705.3 MB  Cuda     live     4865.1 MB  "collide:nn_last_partner"
[kp]    16.613s  dealloc      705.3 MB  Cuda     live     4159.8 MB  "collide:nn_last_partner"
[kp]    16.632s  alloc        705.3 MB  Cuda     live     4865.1 MB  "collide:nn_last_partner"
[kp]    16.634s  dealloc      705.3 MB  Cuda     live     4159.8 MB  "collide:nn_last_partner"
[kp]    16.653s  alloc        705.3 MB  Cuda     live     4865.1 MB  "collide:nn_last_partner"
[kp]    16.654s  dealloc      705.3 MB  Cuda     live     4159.8 MB  "collide:nn_last_partner"
[kp]    16.673s  alloc        705.3 MB  Cuda     live     4865.1 MB  "collide:nn_last_partner"
[kp]    16.674s  dealloc      705.3 MB  Cuda     live     4159.8 MB  "collide:nn_last_partner"
[kp]    16.693s  alloc        705.3 MB  Cuda     live     4865.1 MB  "collide:nn_last_partner"
[kp]    16.721s  dealloc      705.3 MB  Cuda     live     4159.8 MB  "collide:nn_last_partner"
[kp]    16.741s  alloc        705.3 MB  Cuda     live     4865.1 MB  "collide:nn_last_partner"
[kp]    16.742s  dealloc      705.3 MB  Cuda     live     4159.8 MB  "collide:nn_last_partner"
[kp]    16.761s  alloc        705.3 MB  Cuda     live     4865.1 MB  "collide:nn_last_partner"
[kp]    16.763s  dealloc      705.3 MB  Cuda     live     4159.8 MB  "collide:nn_last_partner"
[kp]    16.782s  alloc        705.3 MB  Cuda     live     4865.1 MB  "collide:nn_last_partner"
[kp]    16.783s  dealloc      705.3 MB  Cuda     live     4159.8 MB  "collide:nn_last_partner"
[kp]    16.802s  alloc        705.3 MB  Cuda     live     4865.1 MB  "collide:nn_last_partner"
[kp]    16.803s  dealloc      705.3 MB  Cuda     live     4159.8 MB  "collide:nn_last_partner"
[kp]    16.822s  alloc        705.3 MB  Cuda     live     4865.1 MB  "collide:nn_last_partner"
[kp]    16.824s  dealloc      705.3 MB  Cuda     live     4159.8 MB  "collide:nn_last_partner"
[kp]    16.843s  alloc        705.3 MB  Cuda     live     4865.1 MB  "collide:nn_last_partner"
[kp]    16.844s  dealloc      705.3 MB  Cuda     live     4159.8 MB  "collide:nn_last_partner"
[kp]    16.867s  alloc        705.3 MB  Cuda     live     4865.1 MB  "collide:nn_last_partner"
[kp]    16.868s  dealloc      705.3 MB  Cuda     live     4159.8 MB  "collide:nn_last_partner"
[kp]    16.887s  alloc        705.3 MB  Cuda     live     4865.1 MB  "collide:nn_last_partner"
[kp]    16.889s  dealloc      705.3 MB  Cuda     live     4159.8 MB  "collide:nn_last_partner"
[kp]    16.908s  alloc        705.3 MB  Cuda     live     4865.1 MB  "collide:nn_last_partner"
[kp]    16.909s  dealloc      705.3 MB  Cuda     live     4159.8 MB  "collide:nn_last_partner"
[kp]    16.931s  alloc        705.3 MB  Cuda     live     4865.1 MB  "collide:nn_last_partner"
[kp]    16.932s  dealloc      705.3 MB  Cuda     live     4159.8 MB  "collide:nn_last_partner"
[kp]    16.951s  alloc        705.3 MB  Cuda     live     4865.1 MB  "collide:nn_last_partner"
[kp]    16.952s  dealloc      705.3 MB  Cuda     live     4159.8 MB  "collide:nn_last_partner"
[kp]    16.972s  alloc        705.3 MB  Cuda     live     4865.1 MB  "collide:nn_last_partner"
[kp]    16.973s  dealloc      705.3 MB  Cuda     live     4159.8 MB  "collide:nn_last_partner"
[kp]    16.992s  alloc        705.3 MB  Cuda     live     4865.1 MB  "collide:nn_last_partner"
[kp]    16.993s  dealloc      705.3 MB  Cuda     live     4159.8 MB  "collide:nn_last_partner"
[kp]    17.012s  alloc        705.3 MB  Cuda     live     4865.1 MB  "collide:nn_last_partner"
[kp]    17.014s  dealloc      705.3 MB  Cuda     live     4159.8 MB  "collide:nn_last_partner"
[kp]    17.033s  alloc        705.3 MB  Cuda     live     4865.1 MB  "collide:nn_last_partner"
[kp]    17.034s  dealloc      705.3 MB  Cuda     live     4159.8 MB  "collide:nn_last_partner"
[kp]    17.053s  alloc        705.3 MB  Cuda     live     4865.1 MB  "collide:nn_last_partner"
[kp]    17.054s  dealloc      705.3 MB  Cuda     live     4159.8 MB  "collide:nn_last_partner"
[kp]    17.073s  alloc        705.3 MB  Cuda     live     4865.1 MB  "collide:nn_last_partner"
[kp]    17.074s  dealloc      705.3 MB  Cuda     live     4159.8 MB  "collide:nn_last_partner"
[kp]    17.094s  alloc        705.3 MB  Cuda     live     4865.1 MB  "collide:nn_last_partner"
[kp]    17.095s  dealloc      705.3 MB  Cuda     live     4159.8 MB  "collide:nn_last_partner"
[kp]    17.114s  alloc        705.3 MB  Cuda     live     4865.1 MB  "collide:nn_last_partner"
[kp]    17.115s  dealloc      705.3 MB  Cuda     live     4159.8 MB  "collide:nn_last_partner"
[kp]    17.134s  alloc        705.3 MB  Cuda     live     4865.1 MB  "collide:nn_last_partner"
[kp]    17.135s  dealloc      705.3 MB  Cuda     live     4159.8 MB  "collide:nn_last_partner"
[kp]    17.154s  alloc        705.3 MB  Cuda     live     4865.1 MB  "collide:nn_last_partner"
[kp]    17.155s  dealloc      705.3 MB  Cuda     live     4159.8 MB  "collide:nn_last_partner"
[kp]    17.175s  alloc        705.3 MB  Cuda     live     4865.1 MB  "collide:nn_last_partner"
[kp]    17.176s  dealloc      705.3 MB  Cuda     live     4159.8 MB  "collide:nn_last_partner"
[kp]    17.195s  alloc        705.3 MB  Cuda     live     4865.1 MB  "collide:nn_last_partner"
[kp]    17.196s  dealloc      705.3 MB  Cuda     live     4159.8 MB  "collide:nn_last_partner"
[kp]    17.215s  alloc        705.3 MB  Cuda     live     4865.1 MB  "collide:nn_last_partner"
[kp]    17.217s  dealloc      705.3 MB  Cuda     live     4159.8 MB  "collide:nn_last_partner"
[kp]    17.236s  alloc        705.3 MB  Cuda     live     4865.1 MB  "collide:nn_last_partner"
[kp]    17.237s  dealloc      705.3 MB  Cuda     live     4159.8 MB  "collide:nn_last_partner"
[kp]    17.256s  alloc        705.3 MB  Cuda     live     4865.1 MB  "collide:nn_last_partner"
[kp]    17.258s  dealloc      705.3 MB  Cuda     live     4159.8 MB  "collide:nn_last_partner"
[kp]    17.277s  alloc        705.3 MB  Cuda     live     4865.1 MB  "collide:nn_last_partner"
[kp]    17.279s  dealloc      705.3 MB  Cuda     live     4159.8 MB  "collide:nn_last_partner"
[kp]    17.298s  alloc        705.3 MB  Cuda     live     4865.1 MB  "collide:nn_last_partner"
[kp]    17.299s  dealloc      705.3 MB  Cuda     live     4159.8 MB  "collide:nn_last_partner"
[kp]    17.318s  alloc        705.3 MB  Cuda     live     4865.1 MB  "collide:nn_last_partner"
[kp]    17.320s  dealloc      705.3 MB  Cuda     live     4159.8 MB  "collide:nn_last_partner"
[kp]    17.339s  alloc        705.3 MB  Cuda     live     4865.1 MB  "collide:nn_last_partner"
[kp]    17.340s  dealloc      705.3 MB  Cuda     live     4159.8 MB  "collide:nn_last_partner"
[kp]    17.359s  alloc        705.3 MB  Cuda     live     4865.1 MB  "collide:nn_last_partner"
[kp]    17.360s  dealloc      705.3 MB  Cuda     live     4159.8 MB  "collide:nn_last_partner"
[kp]    17.394s  alloc        705.3 MB  Cuda     live     4865.1 MB  "collide:nn_last_partner"
[kp]    17.395s  dealloc      705.3 MB  Cuda     live     4159.8 MB  "collide:nn_last_partner"
[kp]    17.419s  alloc        705.3 MB  Cuda     live     4865.1 MB  "collide:nn_last_partner"
[kp]    17.420s  dealloc      705.3 MB  Cuda     live     4159.8 MB  "collide:nn_last_partner"
[kp]    17.439s  alloc        705.3 MB  Cuda     live     4865.1 MB  "collide:nn_last_partner"
[kp]    17.441s  dealloc      705.3 MB  Cuda     live     4159.8 MB  "collide:nn_last_partner"
[kp]    17.460s  alloc        705.3 MB  Cuda     live     4865.1 MB  "collide:nn_last_partner"
[kp]    17.461s  dealloc      705.3 MB  Cuda     live     4159.8 MB  "collide:nn_last_partner"
[kp]    17.481s  alloc        705.3 MB  Cuda     live     4865.1 MB  "collide:nn_last_partner"
[kp]    17.482s  dealloc      705.3 MB  Cuda     live     4159.8 MB  "collide:nn_last_partner"
[kp]    17.502s  alloc        705.3 MB  Cuda     live     4865.1 MB  "collide:nn_last_partner"
[kp]    17.503s  dealloc      705.3 MB  Cuda     live     4159.8 MB  "collide:nn_last_partner"
[kp]    17.522s  alloc        705.3 MB  Cuda     live     4865.1 MB  "collide:nn_last_partner"
[kp]    17.523s  dealloc      705.3 MB  Cuda     live     4159.8 MB  "collide:nn_last_partner"
[kp]    17.543s  alloc        705.3 MB  Cuda     live     4865.1 MB  "collide:nn_last_partner"
[kp]    17.544s  dealloc      705.3 MB  Cuda     live     4159.8 MB  "collide:nn_last_partner"
[kp]    17.563s  alloc        705.3 MB  Cuda     live     4865.1 MB  "collide:nn_last_partner"
[kp]    17.564s  dealloc      705.3 MB  Cuda     live     4159.8 MB  "collide:nn_last_partner"
[kp]    17.583s  alloc        705.3 MB  Cuda     live     4865.1 MB  "collide:nn_last_partner"
[kp]    17.585s  dealloc      705.3 MB  Cuda     live     4159.8 MB  "collide:nn_last_partner"
[kp]    17.603s  alloc        705.3 MB  Cuda     live     4865.1 MB  "collide:nn_last_partner"
[kp]    17.605s  dealloc      705.3 MB  Cuda     live     4159.8 MB  "collide:nn_last_partner"
[kp]    17.624s  alloc        705.3 MB  Cuda     live     4865.1 MB  "collide:nn_last_partner"
[kp]    17.625s  dealloc      705.3 MB  Cuda     live     4159.8 MB  "collide:nn_last_partner"
[kp]    17.644s  alloc        705.3 MB  Cuda     live     4865.1 MB  "collide:nn_last_partner"
[kp]    17.646s  dealloc      705.3 MB  Cuda     live     4159.8 MB  "collide:nn_last_partner"
[kp]    17.665s  alloc        705.3 MB  Cuda     live     4865.1 MB  "collide:nn_last_partner"
[kp]    17.666s  dealloc      705.3 MB  Cuda     live     4159.8 MB  "collide:nn_last_partner"
[kp]    17.685s  alloc        705.3 MB  Cuda     live     4865.1 MB  "collide:nn_last_partner"
[kp]    17.686s  dealloc      705.3 MB  Cuda     live     4159.8 MB  "collide:nn_last_partner"
[kp]    17.709s  alloc        705.3 MB  Cuda     live     4865.1 MB  "collide:nn_last_partner"
[kp]    17.710s  dealloc      705.3 MB  Cuda     live     4159.8 MB  "collide:nn_last_partner"
[kp]    17.729s  alloc        705.3 MB  Cuda     live     4865.1 MB  "collide:nn_last_partner"
[kp]    17.730s  dealloc      705.3 MB  Cuda     live     4159.8 MB  "collide:nn_last_partner"
[kp]    17.750s  alloc        705.3 MB  Cuda     live     4865.1 MB  "collide:nn_last_partner"
[kp]    17.751s  dealloc      705.3 MB  Cuda     live     4159.8 MB  "collide:nn_last_partner"
[kp]    17.770s  alloc        705.3 MB  Cuda     live     4865.1 MB  "collide:nn_last_partner"
[kp]    17.771s  dealloc      705.3 MB  Cuda     live     4159.8 MB  "collide:nn_last_partner"
[kp]    17.790s  alloc        705.3 MB  Cuda     live     4865.1 MB  "collide:nn_last_partner"
[kp]    17.792s  dealloc      705.3 MB  Cuda     live     4159.8 MB  "collide:nn_last_partner"
[kp]    17.811s  alloc        705.3 MB  Cuda     live     4865.1 MB  "collide:nn_last_partner"
[kp]    17.812s  dealloc      705.3 MB  Cuda     live     4159.8 MB  "collide:nn_last_partner"
[kp]    17.831s  alloc        705.3 MB  Cuda     live     4865.1 MB  "collide:nn_last_partner"
[kp]    17.832s  dealloc      705.3 MB  Cuda     live     4159.8 MB  "collide:nn_last_partner"
[kp]    17.851s  alloc        705.3 MB  Cuda     live     4865.1 MB  "collide:nn_last_partner"
[kp]    17.852s  dealloc      705.3 MB  Cuda     live     4159.8 MB  "collide:nn_last_partner"
[kp]    17.872s  alloc        705.3 MB  Cuda     live     4865.1 MB  "collide:nn_last_partner"
[kp]    17.873s  dealloc      705.3 MB  Cuda     live     4159.8 MB  "collide:nn_last_partner"
[kp]    17.895s  alloc        705.3 MB  Cuda     live     4865.1 MB  "collide:nn_last_partner"
[kp]    17.896s  dealloc      705.3 MB  Cuda     live     4159.8 MB  "collide:nn_last_partner"
[kp]    17.928s  alloc        705.3 MB  Cuda     live     4865.1 MB  "collide:nn_last_partner"
[kp]    17.929s  dealloc      705.3 MB  Cuda     live     4159.8 MB  "collide:nn_last_partner"
[kp]    17.948s  alloc        705.3 MB  Cuda     live     4865.1 MB  "collide:nn_last_partner"
[kp]    17.949s  dealloc      705.3 MB  Cuda     live     4159.8 MB  "collide:nn_last_partner"
[kp]    17.969s  alloc        705.3 MB  Cuda     live     4865.1 MB  "collide:nn_last_partner"
[kp]    17.970s  dealloc      705.3 MB  Cuda     live     4159.8 MB  "collide:nn_last_partner"
[kp]    17.990s  alloc        705.3 MB  Cuda     live     4865.1 MB  "collide:nn_last_partner"
[kp]    17.991s  dealloc      705.3 MB  Cuda     live     4159.8 MB  "collide:nn_last_partner"
[kp]    18.011s  alloc        705.3 MB  Cuda     live     4865.1 MB  "collide:nn_last_partner"
[kp]    18.012s  dealloc      705.3 MB  Cuda     live     4159.8 MB  "collide:nn_last_partner"
[kp]    18.032s  alloc        705.3 MB  Cuda     live     4865.1 MB  "collide:nn_last_partner"
[kp]    18.034s  dealloc      705.3 MB  Cuda     live     4159.8 MB  "collide:nn_last_partner"
[kp]    18.053s  alloc        705.3 MB  Cuda     live     4865.1 MB  "collide:nn_last_partner"
[kp]    18.054s  dealloc      705.3 MB  Cuda     live     4159.8 MB  "collide:nn_last_partner"
[kp]    18.073s  alloc        705.3 MB  Cuda     live     4865.1 MB  "collide:nn_last_partner"
[kp]    18.074s  dealloc      705.3 MB  Cuda     live     4159.8 MB  "collide:nn_last_partner"
[kp]    18.094s  alloc        705.3 MB  Cuda     live     4865.1 MB  "collide:nn_last_partner"
[kp]    18.095s  dealloc      705.3 MB  Cuda     live     4159.8 MB  "collide:nn_last_partner"
[kp]    18.114s  alloc        705.3 MB  Cuda     live     4865.1 MB  "collide:nn_last_partner"
[kp]    18.115s  dealloc      705.3 MB  Cuda     live     4159.8 MB  "collide:nn_last_partner"
[kp]    18.135s  alloc        705.3 MB  Cuda     live     4865.1 MB  "collide:nn_last_partner"
[kp]    18.136s  dealloc      705.3 MB  Cuda     live     4159.8 MB  "collide:nn_last_partner"
[kp]    18.155s  alloc        705.3 MB  Cuda     live     4865.1 MB  "collide:nn_last_partner"
[kp]    18.156s  dealloc      705.3 MB  Cuda     live     4159.8 MB  "collide:nn_last_partner"
[kp]    18.177s  alloc        705.3 MB  Cuda     live     4865.1 MB  "collide:nn_last_partner"
[kp]    18.178s  dealloc      705.3 MB  Cuda     live     4159.8 MB  "collide:nn_last_partner"
[kp]    18.198s  alloc        705.3 MB  Cuda     live     4865.1 MB  "collide:nn_last_partner"
[kp]    18.199s  dealloc      705.3 MB  Cuda     live     4159.8 MB  "collide:nn_last_partner"
[kp]    18.218s  alloc        705.3 MB  Cuda     live     4865.1 MB  "collide:nn_last_partner"
[kp]    18.220s  dealloc      705.3 MB  Cuda     live     4159.8 MB  "collide:nn_last_partner"
[kp]    18.239s  alloc        705.3 MB  Cuda     live     4865.1 MB  "collide:nn_last_partner"
[kp]    18.240s  dealloc      705.3 MB  Cuda     live     4159.8 MB  "collide:nn_last_partner"
[kp]    18.259s  alloc        705.3 MB  Cuda     live     4865.1 MB  "collide:nn_last_partner"
[kp]    18.260s  dealloc      705.3 MB  Cuda     live     4159.8 MB  "collide:nn_last_partner"
[kp]    18.280s  alloc        705.3 MB  Cuda     live     4865.1 MB  "collide:nn_last_partner"
[kp]    18.281s  dealloc      705.3 MB  Cuda     live     4159.8 MB  "collide:nn_last_partner"
[kp]    18.300s  alloc        705.3 MB  Cuda     live     4865.1 MB  "collide:nn_last_partner"
[kp]    18.302s  dealloc      705.3 MB  Cuda     live     4159.8 MB  "collide:nn_last_partner"
[kp]    18.320s  alloc        705.3 MB  Cuda     live     4865.1 MB  "collide:nn_last_partner"
[kp]    18.322s  dealloc      705.3 MB  Cuda     live     4159.8 MB  "collide:nn_last_partner"
[kp]    18.341s  alloc        705.3 MB  Cuda     live     4865.1 MB  "collide:nn_last_partner"
[kp]    18.342s  dealloc      705.3 MB  Cuda     live     4159.8 MB  "collide:nn_last_partner"
[kp]    18.361s  alloc        705.3 MB  Cuda     live     4865.1 MB  "collide:nn_last_partner"
[kp]    18.363s  dealloc      705.3 MB  Cuda     live     4159.8 MB  "collide:nn_last_partner"
     400    9.1232025 1.3219131e-07    44.063768        3e-09 29670101   103124    58876        0        0    296.76112 
[kp]    18.516s  alloc        705.3 MB  Cuda     live     4865.1 MB  "collide:nn_last_partner"
[kp]    18.517s  dealloc      705.3 MB  Cuda     live     4159.8 MB  "collide:nn_last_partner"
[kp]    18.536s  alloc        705.3 MB  Cuda     live     4865.1 MB  "collide:nn_last_partner"
[kp]    18.538s  dealloc      705.3 MB  Cuda     live     4159.8 MB  "collide:nn_last_partner"
[kp]    18.557s  alloc        705.3 MB  Cuda     live     4865.1 MB  "collide:nn_last_partner"
[kp]    18.558s  dealloc      705.3 MB  Cuda     live     4159.8 MB  "collide:nn_last_partner"
[kp]    18.577s  alloc        705.3 MB  Cuda     live     4865.1 MB  "collide:nn_last_partner"
[kp]    18.579s  dealloc      705.3 MB  Cuda     live     4159.8 MB  "collide:nn_last_partner"
[kp]    18.598s  alloc        705.3 MB  Cuda     live     4865.1 MB  "collide:nn_last_partner"
[kp]    18.599s  dealloc      705.3 MB  Cuda     live     4159.8 MB  "collide:nn_last_partner"
[kp]    18.618s  alloc        705.3 MB  Cuda     live     4865.1 MB  "collide:nn_last_partner"
[kp]    18.619s  dealloc      705.3 MB  Cuda     live     4159.8 MB  "collide:nn_last_partner"
[kp]    18.638s  alloc        705.3 MB  Cuda     live     4865.1 MB  "collide:nn_last_partner"
[kp]    18.640s  dealloc      705.3 MB  Cuda     live     4159.8 MB  "collide:nn_last_partner"
[kp]    18.659s  alloc        705.3 MB  Cuda     live     4865.1 MB  "collide:nn_last_partner"
[kp]    18.660s  dealloc      705.3 MB  Cuda     live     4159.8 MB  "collide:nn_last_partner"
[kp]    18.679s  alloc        705.3 MB  Cuda     live     4865.1 MB  "collide:nn_last_partner"
[kp]    18.680s  dealloc      705.3 MB  Cuda     live     4159.8 MB  "collide:nn_last_partner"
[kp]    18.700s  alloc        705.3 MB  Cuda     live     4865.1 MB  "collide:nn_last_partner"
[kp]    18.701s  dealloc      705.3 MB  Cuda     live     4159.8 MB  "collide:nn_last_partner"
[kp]    18.721s  alloc        705.3 MB  Cuda     live     4865.1 MB  "collide:nn_last_partner"
[kp]    18.722s  dealloc      705.3 MB  Cuda     live     4159.8 MB  "collide:nn_last_partner"
[kp]    18.742s  alloc        705.3 MB  Cuda     live     4865.1 MB  "collide:nn_last_partner"
[kp]    18.744s  dealloc      705.3 MB  Cuda     live     4159.8 MB  "collide:nn_last_partner"
[kp]    18.763s  alloc        705.3 MB  Cuda     live     4865.1 MB  "collide:nn_last_partner"
[kp]    18.764s  dealloc      705.3 MB  Cuda     live     4159.8 MB  "collide:nn_last_partner"
[kp]    18.783s  alloc        705.3 MB  Cuda     live     4865.1 MB  "collide:nn_last_partner"
[kp]    18.785s  dealloc      705.3 MB  Cuda     live     4159.8 MB  "collide:nn_last_partner"
[kp]    18.804s  alloc        705.3 MB  Cuda     live     4865.1 MB  "collide:nn_last_partner"
[kp]    18.805s  dealloc      705.3 MB  Cuda     live     4159.8 MB  "collide:nn_last_partner"
[kp]    18.824s  alloc        705.3 MB  Cuda     live     4865.1 MB  "collide:nn_last_partner"
[kp]    18.826s  dealloc      705.3 MB  Cuda     live     4159.8 MB  "collide:nn_last_partner"
[kp]    18.874s  alloc        705.3 MB  Cuda     live     4865.1 MB  "collide:nn_last_partner"
[kp]    18.876s  dealloc      705.3 MB  Cuda     live     4159.8 MB  "collide:nn_last_partner"
[kp]    18.895s  alloc        705.3 MB  Cuda     live     4865.1 MB  "collide:nn_last_partner"
[kp]    18.897s  dealloc      705.3 MB  Cuda     live     4159.8 MB  "collide:nn_last_partner"
[kp]    18.917s  alloc        705.3 MB  Cuda     live     4865.1 MB  "collide:nn_last_partner"
[kp]    18.918s  dealloc      705.3 MB  Cuda     live     4159.8 MB  "collide:nn_last_partner"
[kp]    18.937s  alloc        705.3 MB  Cuda     live     4865.1 MB  "collide:nn_last_partner"
[kp]    18.938s  dealloc      705.3 MB  Cuda     live     4159.8 MB  "collide:nn_last_partner"
[kp]    18.957s  alloc        705.3 MB  Cuda     live     4865.1 MB  "collide:nn_last_partner"
[kp]    18.959s  dealloc      705.3 MB  Cuda     live     4159.8 MB  "collide:nn_last_partner"
[kp]    18.993s  alloc        705.3 MB  Cuda     live     4865.1 MB  "collide:nn_last_partner"
[kp]    18.995s  dealloc      705.3 MB  Cuda     live     4159.8 MB  "collide:nn_last_partner"
[kp]    19.023s  alloc        705.3 MB  Cuda     live     4865.1 MB  "collide:nn_last_partner"
[kp]    19.025s  dealloc      705.3 MB  Cuda     live     4159.8 MB  "collide:nn_last_partner"
[kp]    19.044s  alloc        705.3 MB  Cuda     live     4865.1 MB  "collide:nn_last_partner"
[kp]    19.045s  dealloc      705.3 MB  Cuda     live     4159.8 MB  "collide:nn_last_partner"
[kp]    19.064s  alloc        705.3 MB  Cuda     live     4865.1 MB  "collide:nn_last_partner"
[kp]    19.065s  dealloc      705.3 MB  Cuda     live     4159.8 MB  "collide:nn_last_partner"
[kp]    19.085s  alloc        705.3 MB  Cuda     live     4865.1 MB  "collide:nn_last_partner"
[kp]    19.086s  dealloc      705.3 MB  Cuda     live     4159.8 MB  "collide:nn_last_partner"
[kp]    19.105s  alloc        705.3 MB  Cuda     live     4865.1 MB  "collide:nn_last_partner"
[kp]    19.107s  dealloc      705.3 MB  Cuda     live     4159.8 MB  "collide:nn_last_partner"
[kp]    19.126s  alloc        705.3 MB  Cuda     live     4865.1 MB  "collide:nn_last_partner"
[kp]    19.127s  dealloc      705.3 MB  Cuda     live     4159.8 MB  "collide:nn_last_partner"
[kp]    19.146s  alloc        705.3 MB  Cuda     live     4865.1 MB  "collide:nn_last_partner"
[kp]    19.148s  dealloc      705.3 MB  Cuda     live     4159.8 MB  "collide:nn_last_partner"
[kp]    19.167s  alloc        705.3 MB  Cuda     live     4865.1 MB  "collide:nn_last_partner"
[kp]    19.168s  dealloc      705.3 MB  Cuda     live     4159.8 MB  "collide:nn_last_partner"
[kp]    19.188s  alloc        705.3 MB  Cuda     live     4865.1 MB  "collide:nn_last_partner"
[kp]    19.189s  dealloc      705.3 MB  Cuda     live     4159.8 MB  "collide:nn_last_partner"
[kp]    19.208s  alloc        705.3 MB  Cuda     live     4865.1 MB  "collide:nn_last_partner"
[kp]    19.209s  dealloc      705.3 MB  Cuda     live     4159.8 MB  "collide:nn_last_partner"
[kp]    19.228s  alloc        705.3 MB  Cuda     live     4865.1 MB  "collide:nn_last_partner"
[kp]    19.230s  dealloc      705.3 MB  Cuda     live     4159.8 MB  "collide:nn_last_partner"
[kp]    19.251s  alloc        705.3 MB  Cuda     live     4865.1 MB  "collide:nn_last_partner"
[kp]    19.252s  dealloc      705.3 MB  Cuda     live     4159.8 MB  "collide:nn_last_partner"
[kp]    19.271s  alloc        705.3 MB  Cuda     live     4865.1 MB  "collide:nn_last_partner"
[kp]    19.273s  dealloc      705.3 MB  Cuda     live     4159.8 MB  "collide:nn_last_partner"
[kp]    19.292s  alloc        705.3 MB  Cuda     live     4865.1 MB  "collide:nn_last_partner"
[kp]    19.293s  dealloc      705.3 MB  Cuda     live     4159.8 MB  "collide:nn_last_partner"
[kp]    19.312s  alloc        705.3 MB  Cuda     live     4865.1 MB  "collide:nn_last_partner"
[kp]    19.314s  dealloc      705.3 MB  Cuda     live     4159.8 MB  "collide:nn_last_partner"
[kp]    19.333s  alloc        705.3 MB  Cuda     live     4865.1 MB  "collide:nn_last_partner"
[kp]    19.334s  dealloc      705.3 MB  Cuda     live     4159.8 MB  "collide:nn_last_partner"
[kp]    19.353s  alloc        705.3 MB  Cuda     live     4865.1 MB  "collide:nn_last_partner"
[kp]    19.354s  dealloc      705.3 MB  Cuda     live     4159.8 MB  "collide:nn_last_partner"
[kp]    19.374s  alloc        705.3 MB  Cuda     live     4865.1 MB  "collide:nn_last_partner"
[kp]    19.375s  dealloc      705.3 MB  Cuda     live     4159.8 MB  "collide:nn_last_partner"
[kp]    19.394s  alloc        705.3 MB  Cuda     live     4865.1 MB  "collide:nn_last_partner"
[kp]    19.395s  dealloc      705.3 MB  Cuda     live     4159.8 MB  "collide:nn_last_partner"
[kp]    19.414s  alloc        705.3 MB  Cuda     live     4865.1 MB  "collide:nn_last_partner"
[kp]    19.416s  dealloc      705.3 MB  Cuda     live     4159.8 MB  "collide:nn_last_partner"
[kp]    19.435s  alloc        705.3 MB  Cuda     live     4865.1 MB  "collide:nn_last_partner"
[kp]    19.437s  dealloc      705.3 MB  Cuda     live     4159.8 MB  "collide:nn_last_partner"
[kp]    19.457s  alloc        705.3 MB  Cuda     live     4865.1 MB  "collide:nn_last_partner"
[kp]    19.458s  dealloc      705.3 MB  Cuda     live     4159.8 MB  "collide:nn_last_partner"
[kp]    19.477s  alloc        705.3 MB  Cuda     live     4865.1 MB  "collide:nn_last_partner"
[kp]    19.478s  dealloc      705.3 MB  Cuda     live     4159.8 MB  "collide:nn_last_partner"
[kp]    19.501s  alloc        705.3 MB  Cuda     live     4865.1 MB  "collide:nn_last_partner"
[kp]    19.502s  dealloc      705.3 MB  Cuda     live     4159.8 MB  "collide:nn_last_partner"
[kp]    19.526s  alloc        705.3 MB  Cuda     live     4865.1 MB  "collide:nn_last_partner"
[kp]    19.527s  dealloc      705.3 MB  Cuda     live     4159.8 MB  "collide:nn_last_partner"
[kp]    19.546s  alloc        705.3 MB  Cuda     live     4865.1 MB  "collide:nn_last_partner"
[kp]    19.547s  dealloc      705.3 MB  Cuda     live     4159.8 MB  "collide:nn_last_partner"
[kp]    19.567s  alloc        705.3 MB  Cuda     live     4865.1 MB  "collide:nn_last_partner"
[kp]    19.568s  dealloc      705.3 MB  Cuda     live     4159.8 MB  "collide:nn_last_partner"
[kp]    19.587s  alloc        705.3 MB  Cuda     live     4865.1 MB  "collide:nn_last_partner"
[kp]    19.588s  dealloc      705.3 MB  Cuda     live     4159.8 MB  "collide:nn_last_partner"
[kp]    19.608s  alloc        705.3 MB  Cuda     live     4865.1 MB  "collide:nn_last_partner"
[kp]    19.609s  dealloc      705.3 MB  Cuda     live     4159.8 MB  "collide:nn_last_partner"
[kp]    19.629s  alloc        705.3 MB  Cuda     live     4865.1 MB  "collide:nn_last_partner"
[kp]    19.630s  dealloc      705.3 MB  Cuda     live     4159.8 MB  "collide:nn_last_partner"
[kp]    19.650s  alloc        705.3 MB  Cuda     live     4865.1 MB  "collide:nn_last_partner"
[kp]    19.651s  dealloc      705.3 MB  Cuda     live     4159.8 MB  "collide:nn_last_partner"
[kp]    19.670s  alloc        705.3 MB  Cuda     live     4865.1 MB  "collide:nn_last_partner"
[kp]    19.671s  dealloc      705.3 MB  Cuda     live     4159.8 MB  "collide:nn_last_partner"
[kp]    19.691s  alloc        705.3 MB  Cuda     live     4865.1 MB  "collide:nn_last_partner"
[kp]    19.692s  dealloc      705.3 MB  Cuda     live     4159.8 MB  "collide:nn_last_partner"
[kp]    19.711s  alloc        705.3 MB  Cuda     live     4865.1 MB  "collide:nn_last_partner"
[kp]    19.712s  dealloc      705.3 MB  Cuda     live     4159.8 MB  "collide:nn_last_partner"
[kp]    19.732s  alloc        705.3 MB  Cuda     live     4865.1 MB  "collide:nn_last_partner"
[kp]    19.733s  dealloc      705.3 MB  Cuda     live     4159.8 MB  "collide:nn_last_partner"
[kp]    19.752s  alloc        705.3 MB  Cuda     live     4865.1 MB  "collide:nn_last_partner"
[kp]    19.753s  dealloc      705.3 MB  Cuda     live     4159.8 MB  "collide:nn_last_partner"
[kp]    19.773s  alloc        705.3 MB  Cuda     live     4865.1 MB  "collide:nn_last_partner"
[kp]    19.774s  dealloc      705.3 MB  Cuda     live     4159.8 MB  "collide:nn_last_partner"
[kp]    19.793s  alloc        705.3 MB  Cuda     live     4865.1 MB  "collide:nn_last_partner"
[kp]    19.794s  dealloc      705.3 MB  Cuda     live     4159.8 MB  "collide:nn_last_partner"
[kp]    19.814s  alloc        705.3 MB  Cuda     live     4865.1 MB  "collide:nn_last_partner"
[kp]    19.815s  dealloc      705.3 MB  Cuda     live     4159.8 MB  "collide:nn_last_partner"
[kp]    19.834s  alloc        705.3 MB  Cuda     live     4865.1 MB  "collide:nn_last_partner"
[kp]    19.835s  dealloc      705.3 MB  Cuda     live     4159.8 MB  "collide:nn_last_partner"
[kp]    19.855s  alloc        705.3 MB  Cuda     live     4865.1 MB  "collide:nn_last_partner"
[kp]    19.856s  dealloc      705.3 MB  Cuda     live     4159.8 MB  "collide:nn_last_partner"
[kp]    19.875s  alloc        705.3 MB  Cuda     live     4865.1 MB  "collide:nn_last_partner"
[kp]    19.876s  dealloc      705.3 MB  Cuda     live     4159.8 MB  "collide:nn_last_partner"
[kp]    19.896s  alloc        705.3 MB  Cuda     live     4865.1 MB  "collide:nn_last_partner"
[kp]    19.897s  dealloc      705.3 MB  Cuda     live     4159.8 MB  "collide:nn_last_partner"
[kp]    19.916s  alloc        705.3 MB  Cuda     live     4865.1 MB  "collide:nn_last_partner"
[kp]    19.917s  dealloc      705.3 MB  Cuda     live     4159.8 MB  "collide:nn_last_partner"
[kp]    19.936s  alloc        705.3 MB  Cuda     live     4865.1 MB  "collide:nn_last_partner"
[kp]    19.938s  dealloc      705.3 MB  Cuda     live     4159.8 MB  "collide:nn_last_partner"
[kp]    19.957s  alloc        705.3 MB  Cuda     live     4865.1 MB  "collide:nn_last_partner"
[kp]    19.958s  dealloc      705.3 MB  Cuda     live     4159.8 MB  "collide:nn_last_partner"
[kp]    19.977s  alloc        705.3 MB  Cuda     live     4865.1 MB  "collide:nn_last_partner"
[kp]    19.979s  dealloc      705.3 MB  Cuda     live     4159.8 MB  "collide:nn_last_partner"
[kp]    19.998s  alloc        705.3 MB  Cuda     live     4865.1 MB  "collide:nn_last_partner"
[kp]    19.999s  dealloc      705.3 MB  Cuda     live     4159.8 MB  "collide:nn_last_partner"
[kp]    20.028s  alloc        705.3 MB  Cuda     live     4865.1 MB  "collide:nn_last_partner"
[kp]    20.029s  dealloc      705.3 MB  Cuda     live     4159.8 MB  "collide:nn_last_partner"
[kp]    20.048s  alloc        705.3 MB  Cuda     live     4865.1 MB  "collide:nn_last_partner"
[kp]    20.050s  dealloc      705.3 MB  Cuda     live     4159.8 MB  "collide:nn_last_partner"
[kp]    20.069s  alloc        705.3 MB  Cuda     live     4865.1 MB  "collide:nn_last_partner"
[kp]    20.070s  dealloc      705.3 MB  Cuda     live     4159.8 MB  "collide:nn_last_partner"
[kp]    20.089s  alloc        705.3 MB  Cuda     live     4865.1 MB  "collide:nn_last_partner"
[kp]    20.091s  dealloc      705.3 MB  Cuda     live     4159.8 MB  "collide:nn_last_partner"
[kp]    20.110s  alloc        705.3 MB  Cuda     live     4865.1 MB  "collide:nn_last_partner"
[kp]    20.111s  dealloc      705.3 MB  Cuda     live     4159.8 MB  "collide:nn_last_partner"
[kp]    20.130s  alloc        705.3 MB  Cuda     live     4865.1 MB  "collide:nn_last_partner"
[kp]    20.131s  dealloc      705.3 MB  Cuda     live     4159.8 MB  "collide:nn_last_partner"
[kp]    20.151s  alloc        705.3 MB  Cuda     live     4865.1 MB  "collide:nn_last_partner"
[kp]    20.153s  dealloc      705.3 MB  Cuda     live     4159.8 MB  "collide:nn_last_partner"
[kp]    20.172s  alloc        705.3 MB  Cuda     live     4865.1 MB  "collide:nn_last_partner"
[kp]    20.174s  dealloc      705.3 MB  Cuda     live     4159.8 MB  "collide:nn_last_partner"
[kp]    20.193s  alloc        705.3 MB  Cuda     live     4865.1 MB  "collide:nn_last_partner"
[kp]    20.195s  dealloc      705.3 MB  Cuda     live     4159.8 MB  "collide:nn_last_partner"
[kp]    20.214s  alloc        705.3 MB  Cuda     live     4865.1 MB  "collide:nn_last_partner"
[kp]    20.215s  dealloc      705.3 MB  Cuda     live     4159.8 MB  "collide:nn_last_partner"
[kp]    20.234s  alloc        705.3 MB  Cuda     live     4865.1 MB  "collide:nn_last_partner"
[kp]    20.236s  dealloc      705.3 MB  Cuda     live     4159.8 MB  "collide:nn_last_partner"
[kp]    20.255s  alloc        705.3 MB  Cuda     live     4865.1 MB  "collide:nn_last_partner"
[kp]    20.256s  dealloc      705.3 MB  Cuda     live     4159.8 MB  "collide:nn_last_partner"
[kp]    20.276s  alloc        705.3 MB  Cuda     live     4865.1 MB  "collide:nn_last_partner"
[kp]    20.277s  dealloc      705.3 MB  Cuda     live     4159.8 MB  "collide:nn_last_partner"
[kp]    20.296s  alloc        705.3 MB  Cuda     live     4865.1 MB  "collide:nn_last_partner"
[kp]    20.297s  dealloc      705.3 MB  Cuda     live     4159.8 MB  "collide:nn_last_partner"
[kp]    20.317s  alloc        705.3 MB  Cuda     live     4865.1 MB  "collide:nn_last_partner"
[kp]    20.318s  dealloc      705.3 MB  Cuda     live     4159.8 MB  "collide:nn_last_partner"
[kp]    20.338s  alloc        705.3 MB  Cuda     live     4865.1 MB  "collide:nn_last_partner"
[kp]    20.339s  dealloc      705.3 MB  Cuda     live     4159.8 MB  "collide:nn_last_partner"
[kp]    20.359s  alloc        705.3 MB  Cuda     live     4865.1 MB  "collide:nn_last_partner"
[kp]    20.360s  dealloc      705.3 MB  Cuda     live     4159.8 MB  "collide:nn_last_partner"
[kp]    20.379s  alloc        705.3 MB  Cuda     live     4865.1 MB  "collide:nn_last_partner"
[kp]    20.380s  dealloc      705.3 MB  Cuda     live     4159.8 MB  "collide:nn_last_partner"
[kp]    20.400s  alloc        705.3 MB  Cuda     live     4865.1 MB  "collide:nn_last_partner"
[kp]    20.402s  dealloc      705.3 MB  Cuda     live     4159.8 MB  "collide:nn_last_partner"
[kp]    20.421s  alloc        705.3 MB  Cuda     live     4865.1 MB  "collide:nn_last_partner"
[kp]    20.422s  dealloc      705.3 MB  Cuda     live     4159.8 MB  "collide:nn_last_partner"
[kp]    20.441s  alloc        705.3 MB  Cuda     live     4865.1 MB  "collide:nn_last_partner"
[kp]    20.442s  dealloc      705.3 MB  Cuda     live     4159.8 MB  "collide:nn_last_partner"
[kp]    20.462s  alloc        705.3 MB  Cuda     live     4865.1 MB  "collide:nn_last_partner"
[kp]    20.463s  dealloc      705.3 MB  Cuda     live     4159.8 MB  "collide:nn_last_partner"
[kp]    20.482s  alloc        705.3 MB  Cuda     live     4865.1 MB  "collide:nn_last_partner"
[kp]    20.484s  dealloc      705.3 MB  Cuda     live     4159.8 MB  "collide:nn_last_partner"
[kp]    20.503s  alloc        705.3 MB  Cuda     live     4865.1 MB  "collide:nn_last_partner"
[kp]    20.504s  dealloc      705.3 MB  Cuda     live     4159.8 MB  "collide:nn_last_partner"
[kp]    20.524s  alloc        705.3 MB  Cuda     live     4865.1 MB  "collide:nn_last_partner"
[kp]    20.525s  dealloc      705.3 MB  Cuda     live     4159.8 MB  "collide:nn_last_partner"
[kp]    20.559s  alloc        705.3 MB  Cuda     live     4865.1 MB  "collide:nn_last_partner"
[kp]    20.560s  dealloc      705.3 MB  Cuda     live     4159.8 MB  "collide:nn_last_partner"
[kp]    20.580s  alloc        705.3 MB  Cuda     live     4865.1 MB  "collide:nn_last_partner"
[kp]    20.581s  dealloc      705.3 MB  Cuda     live     4159.8 MB  "collide:nn_last_partner"
[kp]    20.602s  alloc        705.3 MB  Cuda     live     4865.1 MB  "collide:nn_last_partner"
[kp]    20.605s  dealloc      705.3 MB  Cuda     live     4159.8 MB  "collide:nn_last_partner"
[kp]    20.625s  alloc        705.3 MB  Cuda     live     4865.1 MB  "collide:nn_last_partner"
[kp]    20.626s  dealloc      705.3 MB  Cuda     live     4159.8 MB  "collide:nn_last_partner"
[kp]    20.645s  alloc        705.3 MB  Cuda     live     4865.1 MB  "collide:nn_last_partner"
[kp]    20.646s  dealloc      705.3 MB  Cuda     live     4159.8 MB  "collide:nn_last_partner"
     500    11.384701 1.3265538e-07    44.218453        3e-09 29568684   104387    58895        0        0    296.30213 
[kp]    20.781s  alloc        705.3 MB  Cuda     live     4865.1 MB  "collide:nn_last_partner"
[kp]    20.783s  dealloc      705.3 MB  Cuda     live     4159.8 MB  "collide:nn_last_partner"
[kp]    20.805s  alloc        705.3 MB  Cuda     live     4865.1 MB  "collide:nn_last_partner"
[kp]    20.806s  dealloc      705.3 MB  Cuda     live     4159.8 MB  "collide:nn_last_partner"
[kp]    20.825s  alloc        705.3 MB  Cuda     live     4865.1 MB  "collide:nn_last_partner"
[kp]    20.827s  dealloc      705.3 MB  Cuda     live     4159.8 MB  "collide:nn_last_partner"
[kp]    20.846s  alloc        705.3 MB  Cuda     live     4865.1 MB  "collide:nn_last_partner"
[kp]    20.847s  dealloc      705.3 MB  Cuda     live     4159.8 MB  "collide:nn_last_partner"
[kp]    20.866s  alloc        705.3 MB  Cuda     live     4865.1 MB  "collide:nn_last_partner"
[kp]    20.867s  dealloc      705.3 MB  Cuda     live     4159.8 MB  "collide:nn_last_partner"
[kp]    20.887s  alloc        705.3 MB  Cuda     live     4865.1 MB  "collide:nn_last_partner"
[kp]    20.889s  dealloc      705.3 MB  Cuda     live     4159.8 MB  "collide:nn_last_partner"
[kp]    20.908s  alloc        705.3 MB  Cuda     live     4865.1 MB  "collide:nn_last_partner"
[kp]    20.910s  dealloc      705.3 MB  Cuda     live     4159.8 MB  "collide:nn_last_partner"
[kp]    20.929s  alloc        705.3 MB  Cuda     live     4865.1 MB  "collide:nn_last_partner"
[kp]    20.930s  dealloc      705.3 MB  Cuda     live     4159.8 MB  "collide:nn_last_partner"
[kp]    20.950s  alloc        705.3 MB  Cuda     live     4865.1 MB  "collide:nn_last_partner"
[kp]    20.951s  dealloc      705.3 MB  Cuda     live     4159.8 MB  "collide:nn_last_partner"
[kp]    20.970s  alloc        705.3 MB  Cuda     live     4865.1 MB  "collide:nn_last_partner"
[kp]    20.971s  dealloc      705.3 MB  Cuda     live     4159.8 MB  "collide:nn_last_partner"
[kp]    21.016s  alloc        705.3 MB  Cuda     live     4865.1 MB  "collide:nn_last_partner"
[kp]    21.017s  dealloc      705.3 MB  Cuda     live     4159.8 MB  "collide:nn_last_partner"
[kp]    21.037s  alloc        705.3 MB  Cuda     live     4865.1 MB  "collide:nn_last_partner"
[kp]    21.038s  dealloc      705.3 MB  Cuda     live     4159.8 MB  "collide:nn_last_partner"
[kp]    21.076s  alloc        705.3 MB  Cuda     live     4865.1 MB  "collide:nn_last_partner"
[kp]    21.078s  dealloc      705.3 MB  Cuda     live     4159.8 MB  "collide:nn_last_partner"
[kp]    21.097s  alloc        705.3 MB  Cuda     live     4865.1 MB  "collide:nn_last_partner"
[kp]    21.098s  dealloc      705.3 MB  Cuda     live     4159.8 MB  "collide:nn_last_partner"
[kp]    21.118s  alloc        705.3 MB  Cuda     live     4865.1 MB  "collide:nn_last_partner"
[kp]    21.120s  dealloc      705.3 MB  Cuda     live     4159.8 MB  "collide:nn_last_partner"
[kp]    21.139s  alloc        705.3 MB  Cuda     live     4865.1 MB  "collide:nn_last_partner"
[kp]    21.140s  dealloc      705.3 MB  Cuda     live     4159.8 MB  "collide:nn_last_partner"
[kp]    21.160s  alloc        705.3 MB  Cuda     live     4865.1 MB  "collide:nn_last_partner"
[kp]    21.161s  dealloc      705.3 MB  Cuda     live     4159.8 MB  "collide:nn_last_partner"
[kp]    21.180s  alloc        705.3 MB  Cuda     live     4865.1 MB  "collide:nn_last_partner"
[kp]    21.181s  dealloc      705.3 MB  Cuda     live     4159.8 MB  "collide:nn_last_partner"
[kp]    21.201s  alloc        705.3 MB  Cuda     live     4865.1 MB  "collide:nn_last_partner"
[kp]    21.202s  dealloc      705.3 MB  Cuda     live     4159.8 MB  "collide:nn_last_partner"
[kp]    21.221s  alloc        705.3 MB  Cuda     live     4865.1 MB  "collide:nn_last_partner"
[kp]    21.222s  dealloc      705.3 MB  Cuda     live     4159.8 MB  "collide:nn_last_partner"
[kp]    21.242s  alloc        705.3 MB  Cuda     live     4865.1 MB  "collide:nn_last_partner"
[kp]    21.243s  dealloc      705.3 MB  Cuda     live     4159.8 MB  "collide:nn_last_partner"
[kp]    21.262s  alloc        705.3 MB  Cuda     live     4865.1 MB  "collide:nn_last_partner"
[kp]    21.263s  dealloc      705.3 MB  Cuda     live     4159.8 MB  "collide:nn_last_partner"
[kp]    21.283s  alloc        705.3 MB  Cuda     live     4865.1 MB  "collide:nn_last_partner"
[kp]    21.284s  dealloc      705.3 MB  Cuda     live     4159.8 MB  "collide:nn_last_partner"
[kp]    21.303s  alloc        705.3 MB  Cuda     live     4865.1 MB  "collide:nn_last_partner"
[kp]    21.304s  dealloc      705.3 MB  Cuda     live     4159.8 MB  "collide:nn_last_partner"
[kp]    21.330s  alloc        705.3 MB  Cuda     live     4865.1 MB  "collide:nn_last_partner"
[kp]    21.331s  dealloc      705.3 MB  Cuda     live     4159.8 MB  "collide:nn_last_partner"
[kp]    21.354s  alloc        705.3 MB  Cuda     live     4865.1 MB  "collide:nn_last_partner"
[kp]    21.356s  dealloc      705.3 MB  Cuda     live     4159.8 MB  "collide:nn_last_partner"
[kp]    21.375s  alloc        705.3 MB  Cuda     live     4865.1 MB  "collide:nn_last_partner"
[kp]    21.376s  dealloc      705.3 MB  Cuda     live     4159.8 MB  "collide:nn_last_partner"
[kp]    21.395s  alloc        705.3 MB  Cuda     live     4865.1 MB  "collide:nn_last_partner"
[kp]    21.397s  dealloc      705.3 MB  Cuda     live     4159.8 MB  "collide:nn_last_partner"
[kp]    21.416s  alloc        705.3 MB  Cuda     live     4865.1 MB  "collide:nn_last_partner"
[kp]    21.417s  dealloc      705.3 MB  Cuda     live     4159.8 MB  "collide:nn_last_partner"
[kp]    21.436s  alloc        705.3 MB  Cuda     live     4865.1 MB  "collide:nn_last_partner"
[kp]    21.438s  dealloc      705.3 MB  Cuda     live     4159.8 MB  "collide:nn_last_partner"
[kp]    21.457s  alloc        705.3 MB  Cuda     live     4865.1 MB  "collide:nn_last_partner"
[kp]    21.458s  dealloc      705.3 MB  Cuda     live     4159.8 MB  "collide:nn_last_partner"
[kp]    21.478s  alloc        705.3 MB  Cuda     live     4865.1 MB  "collide:nn_last_partner"
[kp]    21.479s  dealloc      705.3 MB  Cuda     live     4159.8 MB  "collide:nn_last_partner"
[kp]    21.498s  alloc        705.3 MB  Cuda     live     4865.1 MB  "collide:nn_last_partner"
[kp]    21.499s  dealloc      705.3 MB  Cuda     live     4159.8 MB  "collide:nn_last_partner"
[kp]    21.519s  alloc        705.3 MB  Cuda     live     4865.1 MB  "collide:nn_last_partner"
[kp]    21.520s  dealloc      705.3 MB  Cuda     live     4159.8 MB  "collide:nn_last_partner"
[kp]    21.539s  alloc        705.3 MB  Cuda     live     4865.1 MB  "collide:nn_last_partner"
[kp]    21.541s  dealloc      705.3 MB  Cuda     live     4159.8 MB  "collide:nn_last_partner"
[kp]    21.560s  alloc        705.3 MB  Cuda     live     4865.1 MB  "collide:nn_last_partner"
[kp]    21.561s  dealloc      705.3 MB  Cuda     live     4159.8 MB  "collide:nn_last_partner"
[kp]    21.580s  alloc        705.3 MB  Cuda     live     4865.1 MB  "collide:nn_last_partner"
[kp]    21.581s  dealloc      705.3 MB  Cuda     live     4159.8 MB  "collide:nn_last_partner"
[kp]    21.601s  alloc        705.3 MB  Cuda     live     4865.1 MB  "collide:nn_last_partner"
[kp]    21.608s  dealloc      705.3 MB  Cuda     live     4159.8 MB  "collide:nn_last_partner"
[kp]    21.627s  alloc        705.3 MB  Cuda     live     4865.1 MB  "collide:nn_last_partner"
[kp]    21.629s  dealloc      705.3 MB  Cuda     live     4159.8 MB  "collide:nn_last_partner"
[kp]    21.648s  alloc        705.3 MB  Cuda     live     4865.1 MB  "collide:nn_last_partner"
[kp]    21.650s  dealloc      705.3 MB  Cuda     live     4159.8 MB  "collide:nn_last_partner"
[kp]    21.669s  alloc        705.3 MB  Cuda     live     4865.1 MB  "collide:nn_last_partner"
[kp]    21.671s  dealloc      705.3 MB  Cuda     live     4159.8 MB  "collide:nn_last_partner"
[kp]    21.690s  alloc        705.3 MB  Cuda     live     4865.1 MB  "collide:nn_last_partner"
[kp]    21.691s  dealloc      705.3 MB  Cuda     live     4159.8 MB  "collide:nn_last_partner"
[kp]    21.711s  alloc        705.3 MB  Cuda     live     4865.1 MB  "collide:nn_last_partner"
[kp]    21.712s  dealloc      705.3 MB  Cuda     live     4159.8 MB  "collide:nn_last_partner"
[kp]    21.731s  alloc        705.3 MB  Cuda     live     4865.1 MB  "collide:nn_last_partner"
[kp]    21.732s  dealloc      705.3 MB  Cuda     live     4159.8 MB  "collide:nn_last_partner"
[kp]    21.751s  alloc        705.3 MB  Cuda     live     4865.1 MB  "collide:nn_last_partner"
[kp]    21.753s  dealloc      705.3 MB  Cuda     live     4159.8 MB  "collide:nn_last_partner"
[kp]    21.772s  alloc        705.3 MB  Cuda     live     4865.1 MB  "collide:nn_last_partner"
[kp]    21.773s  dealloc      705.3 MB  Cuda     live     4159.8 MB  "collide:nn_last_partner"
[kp]    21.792s  alloc        705.3 MB  Cuda     live     4865.1 MB  "collide:nn_last_partner"
[kp]    21.794s  dealloc      705.3 MB  Cuda     live     4159.8 MB  "collide:nn_last_partner"
[kp]    21.813s  alloc        705.3 MB  Cuda     live     4865.1 MB  "collide:nn_last_partner"
[kp]    21.814s  dealloc      705.3 MB  Cuda     live     4159.8 MB  "collide:nn_last_partner"
[kp]    21.834s  alloc        705.3 MB  Cuda     live     4865.1 MB  "collide:nn_last_partner"
[kp]    21.835s  dealloc      705.3 MB  Cuda     live     4159.8 MB  "collide:nn_last_partner"
[kp]    21.854s  alloc        705.3 MB  Cuda     live     4865.1 MB  "collide:nn_last_partner"
[kp]    21.855s  dealloc      705.3 MB  Cuda     live     4159.8 MB  "collide:nn_last_partner"
[kp]    21.875s  alloc        705.3 MB  Cuda     live     4865.1 MB  "collide:nn_last_partner"
[kp]    21.876s  dealloc      705.3 MB  Cuda     live     4159.8 MB  "collide:nn_last_partner"
[kp]    21.895s  alloc        705.3 MB  Cuda     live     4865.1 MB  "collide:nn_last_partner"
[kp]    21.896s  dealloc      705.3 MB  Cuda     live     4159.8 MB  "collide:nn_last_partner"
[kp]    21.916s  alloc        705.3 MB  Cuda     live     4865.1 MB  "collide:nn_last_partner"
[kp]    21.917s  dealloc      705.3 MB  Cuda     live     4159.8 MB  "collide:nn_last_partner"
[kp]    21.936s  alloc        705.3 MB  Cuda     live     4865.1 MB  "collide:nn_last_partner"
[kp]    21.937s  dealloc      705.3 MB  Cuda     live     4159.8 MB  "collide:nn_last_partner"
[kp]    21.957s  alloc        705.3 MB  Cuda     live     4865.1 MB  "collide:nn_last_partner"
[kp]    21.958s  dealloc      705.3 MB  Cuda     live     4159.8 MB  "collide:nn_last_partner"
[kp]    21.977s  alloc        705.3 MB  Cuda     live     4865.1 MB  "collide:nn_last_partner"
[kp]    21.978s  dealloc      705.3 MB  Cuda     live     4159.8 MB  "collide:nn_last_partner"
[kp]    21.998s  alloc        705.3 MB  Cuda     live     4865.1 MB  "collide:nn_last_partner"
[kp]    21.999s  dealloc      705.3 MB  Cuda     live     4159.8 MB  "collide:nn_last_partner"
[kp]    22.018s  alloc        705.3 MB  Cuda     live     4865.1 MB  "collide:nn_last_partner"
[kp]    22.019s  dealloc      705.3 MB  Cuda     live     4159.8 MB  "collide:nn_last_partner"
[kp]    22.038s  alloc        705.3 MB  Cuda     live     4865.1 MB  "collide:nn_last_partner"
[kp]    22.040s  dealloc      705.3 MB  Cuda     live     4159.8 MB  "collide:nn_last_partner"
[kp]    22.059s  alloc        705.3 MB  Cuda     live     4865.1 MB  "collide:nn_last_partner"
[kp]    22.060s  dealloc      705.3 MB  Cuda     live     4159.8 MB  "collide:nn_last_partner"
[kp]    22.079s  alloc        705.3 MB  Cuda     live     4865.1 MB  "collide:nn_last_partner"
[kp]    22.080s  dealloc      705.3 MB  Cuda     live     4159.8 MB  "collide:nn_last_partner"
[kp]    22.099s  alloc        705.3 MB  Cuda     live     4865.1 MB  "collide:nn_last_partner"
[kp]    22.101s  dealloc      705.3 MB  Cuda     live     4159.8 MB  "collide:nn_last_partner"
[kp]    22.137s  alloc        705.3 MB  Cuda     live     4865.1 MB  "collide:nn_last_partner"
[kp]    22.139s  dealloc      705.3 MB  Cuda     live     4159.8 MB  "collide:nn_last_partner"
[kp]    22.158s  alloc        705.3 MB  Cuda     live     4865.1 MB  "collide:nn_last_partner"
[kp]    22.159s  dealloc      705.3 MB  Cuda     live     4159.8 MB  "collide:nn_last_partner"
[kp]    22.178s  alloc        705.3 MB  Cuda     live     4865.1 MB  "collide:nn_last_partner"
[kp]    22.180s  dealloc      705.3 MB  Cuda     live     4159.8 MB  "collide:nn_last_partner"
[kp]    22.199s  alloc        705.3 MB  Cuda     live     4865.1 MB  "collide:nn_last_partner"
[kp]    22.201s  dealloc      705.3 MB  Cuda     live     4159.8 MB  "collide:nn_last_partner"
[kp]    22.224s  alloc        705.3 MB  Cuda     live     4865.1 MB  "collide:nn_last_partner"
[kp]    22.225s  dealloc      705.3 MB  Cuda     live     4159.8 MB  "collide:nn_last_partner"
[kp]    22.245s  alloc        705.3 MB  Cuda     live     4865.1 MB  "collide:nn_last_partner"
[kp]    22.246s  dealloc      705.3 MB  Cuda     live     4159.8 MB  "collide:nn_last_partner"
[kp]    22.265s  alloc        705.3 MB  Cuda     live     4865.1 MB  "collide:nn_last_partner"
[kp]    22.267s  dealloc      705.3 MB  Cuda     live     4159.8 MB  "collide:nn_last_partner"
[kp]    22.286s  alloc        705.3 MB  Cuda     live     4865.1 MB  "collide:nn_last_partner"
[kp]    22.287s  dealloc      705.3 MB  Cuda     live     4159.8 MB  "collide:nn_last_partner"
[kp]    22.306s  alloc        705.3 MB  Cuda     live     4865.1 MB  "collide:nn_last_partner"
[kp]    22.307s  dealloc      705.3 MB  Cuda     live     4159.8 MB  "collide:nn_last_partner"
[kp]    22.326s  alloc        705.3 MB  Cuda     live     4865.1 MB  "collide:nn_last_partner"
[kp]    22.328s  dealloc      705.3 MB  Cuda     live     4159.8 MB  "collide:nn_last_partner"
[kp]    22.347s  alloc        705.3 MB  Cuda     live     4865.1 MB  "collide:nn_last_partner"
[kp]    22.348s  dealloc      705.3 MB  Cuda     live     4159.8 MB  "collide:nn_last_partner"
[kp]    22.368s  alloc        705.3 MB  Cuda     live     4865.1 MB  "collide:nn_last_partner"
[kp]    22.369s  dealloc      705.3 MB  Cuda     live     4159.8 MB  "collide:nn_last_partner"
[kp]    22.389s  alloc        705.3 MB  Cuda     live     4865.1 MB  "collide:nn_last_partner"
[kp]    22.390s  dealloc      705.3 MB  Cuda     live     4159.8 MB  "collide:nn_last_partner"
[kp]    22.409s  alloc        705.3 MB  Cuda     live     4865.1 MB  "collide:nn_last_partner"
[kp]    22.411s  dealloc      705.3 MB  Cuda     live     4159.8 MB  "collide:nn_last_partner"
[kp]    22.430s  alloc        705.3 MB  Cuda     live     4865.1 MB  "collide:nn_last_partner"
[kp]    22.431s  dealloc      705.3 MB  Cuda     live     4159.8 MB  "collide:nn_last_partner"
[kp]    22.450s  alloc        705.3 MB  Cuda     live     4865.1 MB  "collide:nn_last_partner"
[kp]    22.452s  dealloc      705.3 MB  Cuda     live     4159.8 MB  "collide:nn_last_partner"
[kp]    22.471s  alloc        705.3 MB  Cuda     live     4865.1 MB  "collide:nn_last_partner"
[kp]    22.472s  dealloc      705.3 MB  Cuda     live     4159.8 MB  "collide:nn_last_partner"
[kp]    22.492s  alloc        705.3 MB  Cuda     live     4865.1 MB  "collide:nn_last_partner"
[kp]    22.493s  dealloc      705.3 MB  Cuda     live     4159.8 MB  "collide:nn_last_partner"
[kp]    22.512s  alloc        705.3 MB  Cuda     live     4865.1 MB  "collide:nn_last_partner"
[kp]    22.513s  dealloc      705.3 MB  Cuda     live     4159.8 MB  "collide:nn_last_partner"
[kp]    22.532s  alloc        705.3 MB  Cuda     live     4865.1 MB  "collide:nn_last_partner"
[kp]    22.534s  dealloc      705.3 MB  Cuda     live     4159.8 MB  "collide:nn_last_partner"
[kp]    22.553s  alloc        705.3 MB  Cuda     live     4865.1 MB  "collide:nn_last_partner"
[kp]    22.555s  dealloc      705.3 MB  Cuda     live     4159.8 MB  "collide:nn_last_partner"
[kp]    22.574s  alloc        705.3 MB  Cuda     live     4865.1 MB  "collide:nn_last_partner"
[kp]    22.575s  dealloc      705.3 MB  Cuda     live     4159.8 MB  "collide:nn_last_partner"
[kp]    22.595s  alloc        705.3 MB  Cuda     live     4865.1 MB  "collide:nn_last_partner"
[kp]    22.596s  dealloc      705.3 MB  Cuda     live     4159.8 MB  "collide:nn_last_partner"
[kp]    22.615s  alloc        705.3 MB  Cuda     live     4865.1 MB  "collide:nn_last_partner"
[kp]    22.616s  dealloc      705.3 MB  Cuda     live     4159.8 MB  "collide:nn_last_partner"
[kp]    22.636s  alloc        705.3 MB  Cuda     live     4865.1 MB  "collide:nn_last_partner"
[kp]    22.637s  dealloc      705.3 MB  Cuda     live     4159.8 MB  "collide:nn_last_partner"
[kp]    22.675s  alloc        705.3 MB  Cuda     live     4865.1 MB  "collide:nn_last_partner"
[kp]    22.676s  dealloc      705.3 MB  Cuda     live     4159.8 MB  "collide:nn_last_partner"
[kp]    22.695s  alloc        705.3 MB  Cuda     live     4865.1 MB  "collide:nn_last_partner"
[kp]    22.696s  dealloc      705.3 MB  Cuda     live     4159.8 MB  "collide:nn_last_partner"
[kp]    22.716s  alloc        705.3 MB  Cuda     live     4865.1 MB  "collide:nn_last_partner"
[kp]    22.717s  dealloc      705.3 MB  Cuda     live     4159.8 MB  "collide:nn_last_partner"
[kp]    22.736s  alloc        705.3 MB  Cuda     live     4865.1 MB  "collide:nn_last_partner"
[kp]    22.737s  dealloc      705.3 MB  Cuda     live     4159.8 MB  "collide:nn_last_partner"
[kp]    22.757s  alloc        705.3 MB  Cuda     live     4865.1 MB  "collide:nn_last_partner"
[kp]    22.758s  dealloc      705.3 MB  Cuda     live     4159.8 MB  "collide:nn_last_partner"
[kp]    22.777s  alloc        705.3 MB  Cuda     live     4865.1 MB  "collide:nn_last_partner"
[kp]    22.778s  dealloc      705.3 MB  Cuda     live     4159.8 MB  "collide:nn_last_partner"
[kp]    22.798s  alloc        705.3 MB  Cuda     live     4865.1 MB  "collide:nn_last_partner"
[kp]    22.799s  dealloc      705.3 MB  Cuda     live     4159.8 MB  "collide:nn_last_partner"
[kp]    22.818s  alloc        705.3 MB  Cuda     live     4865.1 MB  "collide:nn_last_partner"
[kp]    22.819s  dealloc      705.3 MB  Cuda     live     4159.8 MB  "collide:nn_last_partner"
[kp]    22.838s  alloc        705.3 MB  Cuda     live     4865.1 MB  "collide:nn_last_partner"
[kp]    22.840s  dealloc      705.3 MB  Cuda     live     4159.8 MB  "collide:nn_last_partner"
[kp]    22.859s  alloc        705.3 MB  Cuda     live     4865.1 MB  "collide:nn_last_partner"
[kp]    22.860s  dealloc      705.3 MB  Cuda     live     4159.8 MB  "collide:nn_last_partner"
[kp]    22.880s  alloc        705.3 MB  Cuda     live     4865.1 MB  "collide:nn_last_partner"
[kp]    22.881s  dealloc      705.3 MB  Cuda     live     4159.8 MB  "collide:nn_last_partner"
[kp]    22.900s  alloc        705.3 MB  Cuda     live     4865.1 MB  "collide:nn_last_partner"
[kp]    22.901s  dealloc      705.3 MB  Cuda     live     4159.8 MB  "collide:nn_last_partner"
[kp]    22.921s  alloc        705.3 MB  Cuda     live     4865.1 MB  "collide:nn_last_partner"
[kp]    22.922s  dealloc      705.3 MB  Cuda     live     4159.8 MB  "collide:nn_last_partner"
     600    13.660522 1.3182057e-07    43.940192        3e-09 29461032   104012    58223        0        0     295.9939 
[kp]    23.053s  alloc        705.3 MB  Cuda     live     4865.1 MB  "collide:nn_last_partner"
[kp]    23.055s  dealloc      705.3 MB  Cuda     live     4159.8 MB  "collide:nn_last_partner"
[kp]    23.074s  alloc        705.3 MB  Cuda     live     4865.1 MB  "collide:nn_last_partner"
[kp]    23.075s  dealloc      705.3 MB  Cuda     live     4159.8 MB  "collide:nn_last_partner"
[kp]    23.095s  alloc        705.3 MB  Cuda     live     4865.1 MB  "collide:nn_last_partner"
[kp]    23.096s  dealloc      705.3 MB  Cuda     live     4159.8 MB  "collide:nn_last_partner"
[kp]    23.116s  alloc        705.3 MB  Cuda     live     4865.1 MB  "collide:nn_last_partner"
[kp]    23.117s  dealloc      705.3 MB  Cuda     live     4159.8 MB  "collide:nn_last_partner"
[kp]    23.161s  alloc        705.3 MB  Cuda     live     4865.1 MB  "collide:nn_last_partner"
[kp]    23.162s  dealloc      705.3 MB  Cuda     live     4159.8 MB  "collide:nn_last_partner"
[kp]    23.192s  alloc        705.3 MB  Cuda     live     4865.1 MB  "collide:nn_last_partner"
[kp]    23.198s  dealloc      705.3 MB  Cuda     live     4159.8 MB  "collide:nn_last_partner"
[kp]    23.218s  alloc        705.3 MB  Cuda     live     4865.1 MB  "collide:nn_last_partner"
[kp]    23.219s  dealloc      705.3 MB  Cuda     live     4159.8 MB  "collide:nn_last_partner"
[kp]    23.238s  alloc        705.3 MB  Cuda     live     4865.1 MB  "collide:nn_last_partner"
[kp]    23.240s  dealloc      705.3 MB  Cuda     live     4159.8 MB  "collide:nn_last_partner"
[kp]    23.259s  alloc        705.3 MB  Cuda     live     4865.1 MB  "collide:nn_last_partner"
[kp]    23.260s  dealloc      705.3 MB  Cuda     live     4159.8 MB  "collide:nn_last_partner"
[kp]    23.280s  alloc        705.3 MB  Cuda     live     4865.1 MB  "collide:nn_last_partner"
[kp]    23.281s  dealloc      705.3 MB  Cuda     live     4159.8 MB  "collide:nn_last_partner"
[kp]    23.301s  alloc        705.3 MB  Cuda     live     4865.1 MB  "collide:nn_last_partner"
[kp]    23.302s  dealloc      705.3 MB  Cuda     live     4159.8 MB  "collide:nn_last_partner"
[kp]    23.322s  alloc        705.3 MB  Cuda     live     4865.1 MB  "collide:nn_last_partner"
[kp]    23.323s  dealloc      705.3 MB  Cuda     live     4159.8 MB  "collide:nn_last_partner"
[kp]    23.342s  alloc        705.3 MB  Cuda     live     4865.1 MB  "collide:nn_last_partner"
[kp]    23.343s  dealloc      705.3 MB  Cuda     live     4159.8 MB  "collide:nn_last_partner"
[kp]    23.362s  alloc        705.3 MB  Cuda     live     4865.1 MB  "collide:nn_last_partner"
[kp]    23.364s  dealloc      705.3 MB  Cuda     live     4159.8 MB  "collide:nn_last_partner"
[kp]    23.383s  alloc        705.3 MB  Cuda     live     4865.1 MB  "collide:nn_last_partner"
[kp]    23.384s  dealloc      705.3 MB  Cuda     live     4159.8 MB  "collide:nn_last_partner"
[kp]    23.404s  alloc        705.3 MB  Cuda     live     4865.1 MB  "collide:nn_last_partner"
[kp]    23.405s  dealloc      705.3 MB  Cuda     live     4159.8 MB  "collide:nn_last_partner"
[kp]    23.424s  alloc        705.3 MB  Cuda     live     4865.1 MB  "collide:nn_last_partner"
[kp]    23.425s  dealloc      705.3 MB  Cuda     live     4159.8 MB  "collide:nn_last_partner"
[kp]    23.445s  alloc        705.3 MB  Cuda     live     4865.1 MB  "collide:nn_last_partner"
[kp]    23.446s  dealloc      705.3 MB  Cuda     live     4159.8 MB  "collide:nn_last_partner"
[kp]    23.519s  alloc        705.3 MB  Cuda     live     4865.1 MB  "collide:nn_last_partner"
[kp]    23.520s  dealloc      705.3 MB  Cuda     live     4159.8 MB  "collide:nn_last_partner"
[kp]    23.540s  alloc        705.3 MB  Cuda     live     4865.1 MB  "collide:nn_last_partner"
[kp]    23.541s  dealloc      705.3 MB  Cuda     live     4159.8 MB  "collide:nn_last_partner"
[kp]    23.560s  alloc        705.3 MB  Cuda     live     4865.1 MB  "collide:nn_last_partner"
[kp]    23.561s  dealloc      705.3 MB  Cuda     live     4159.8 MB  "collide:nn_last_partner"
[kp]    23.581s  alloc        705.3 MB  Cuda     live     4865.1 MB  "collide:nn_last_partner"
[kp]    23.582s  dealloc      705.3 MB  Cuda     live     4159.8 MB  "collide:nn_last_partner"
[kp]    23.601s  alloc        705.3 MB  Cuda     live     4865.1 MB  "collide:nn_last_partner"
[kp]    23.603s  dealloc      705.3 MB  Cuda     live     4159.8 MB  "collide:nn_last_partner"
[kp]    23.622s  alloc        705.3 MB  Cuda     live     4865.1 MB  "collide:nn_last_partner"
[kp]    23.623s  dealloc      705.3 MB  Cuda     live     4159.8 MB  "collide:nn_last_partner"
[kp]    23.642s  alloc        705.3 MB  Cuda     live     4865.1 MB  "collide:nn_last_partner"
[kp]    23.643s  dealloc      705.3 MB  Cuda     live     4159.8 MB  "collide:nn_last_partner"
[kp]    23.662s  alloc        705.3 MB  Cuda     live     4865.1 MB  "collide:nn_last_partner"
[kp]    23.664s  dealloc      705.3 MB  Cuda     live     4159.8 MB  "collide:nn_last_partner"
[kp]    23.683s  alloc        705.3 MB  Cuda     live     4865.1 MB  "collide:nn_last_partner"
[kp]    23.684s  dealloc      705.3 MB  Cuda     live     4159.8 MB  "collide:nn_last_partner"
[kp]    23.720s  alloc        705.3 MB  Cuda     live     4865.1 MB  "collide:nn_last_partner"
[kp]    23.721s  dealloc      705.3 MB  Cuda     live     4159.8 MB  "collide:nn_last_partner"
[kp]    23.740s  alloc        705.3 MB  Cuda     live     4865.1 MB  "collide:nn_last_partner"
[kp]    23.741s  dealloc      705.3 MB  Cuda     live     4159.8 MB  "collide:nn_last_partner"
[kp]    23.761s  alloc        705.3 MB  Cuda     live     4865.1 MB  "collide:nn_last_partner"
[kp]    23.762s  dealloc      705.3 MB  Cuda     live     4159.8 MB  "collide:nn_last_partner"
[kp]    23.781s  alloc        705.3 MB  Cuda     live     4865.1 MB  "collide:nn_last_partner"
[kp]    23.782s  dealloc      705.3 MB  Cuda     live     4159.8 MB  "collide:nn_last_partner"
[kp]    23.802s  alloc        705.3 MB  Cuda     live     4865.1 MB  "collide:nn_last_partner"
[kp]    23.803s  dealloc      705.3 MB  Cuda     live     4159.8 MB  "collide:nn_last_partner"
[kp]    23.822s  alloc        705.3 MB  Cuda     live     4865.1 MB  "collide:nn_last_partner"
[kp]    23.823s  dealloc      705.3 MB  Cuda     live     4159.8 MB  "collide:nn_last_partner"
[kp]    23.843s  alloc        705.3 MB  Cuda     live     4865.1 MB  "collide:nn_last_partner"
[kp]    23.844s  dealloc      705.3 MB  Cuda     live     4159.8 MB  "collide:nn_last_partner"
[kp]    23.864s  alloc        705.3 MB  Cuda     live     4865.1 MB  "collide:nn_last_partner"
[kp]    23.865s  dealloc      705.3 MB  Cuda     live     4159.8 MB  "collide:nn_last_partner"
[kp]    23.885s  alloc        705.3 MB  Cuda     live     4865.1 MB  "collide:nn_last_partner"
[kp]    23.886s  dealloc      705.3 MB  Cuda     live     4159.8 MB  "collide:nn_last_partner"
[kp]    23.905s  alloc        705.3 MB  Cuda     live     4865.1 MB  "collide:nn_last_partner"
[kp]    23.906s  dealloc      705.3 MB  Cuda     live     4159.8 MB  "collide:nn_last_partner"
[kp]    23.926s  alloc        705.3 MB  Cuda     live     4865.1 MB  "collide:nn_last_partner"
[kp]    23.927s  dealloc      705.3 MB  Cuda     live     4159.8 MB  "collide:nn_last_partner"
[kp]    23.946s  alloc        705.3 MB  Cuda     live     4865.1 MB  "collide:nn_last_partner"
[kp]    23.947s  dealloc      705.3 MB  Cuda     live     4159.8 MB  "collide:nn_last_partner"
[kp]    23.967s  alloc        705.3 MB  Cuda     live     4865.1 MB  "collide:nn_last_partner"
[kp]    23.968s  dealloc      705.3 MB  Cuda     live     4159.8 MB  "collide:nn_last_partner"
[kp]    23.987s  alloc        705.3 MB  Cuda     live     4865.1 MB  "collide:nn_last_partner"
[kp]    23.988s  dealloc      705.3 MB  Cuda     live     4159.8 MB  "collide:nn_last_partner"
[kp]    24.008s  alloc        705.3 MB  Cuda     live     4865.1 MB  "collide:nn_last_partner"
[kp]    24.009s  dealloc      705.3 MB  Cuda     live     4159.8 MB  "collide:nn_last_partner"
[kp]    24.029s  alloc        705.3 MB  Cuda     live     4865.1 MB  "collide:nn_last_partner"
[kp]    24.030s  dealloc      705.3 MB  Cuda     live     4159.8 MB  "collide:nn_last_partner"
[kp]    24.050s  alloc        705.3 MB  Cuda     live     4865.1 MB  "collide:nn_last_partner"
[kp]    24.052s  dealloc      705.3 MB  Cuda     live     4159.8 MB  "collide:nn_last_partner"
[kp]    24.071s  alloc        705.3 MB  Cuda     live     4865.1 MB  "collide:nn_last_partner"
[kp]    24.072s  dealloc      705.3 MB  Cuda     live     4159.8 MB  "collide:nn_last_partner"
[kp]    24.092s  alloc        705.3 MB  Cuda     live     4865.1 MB  "collide:nn_last_partner"
[kp]    24.093s  dealloc      705.3 MB  Cuda     live     4159.8 MB  "collide:nn_last_partner"
[kp]    24.112s  alloc        705.3 MB  Cuda     live     4865.1 MB  "collide:nn_last_partner"
[kp]    24.113s  dealloc      705.3 MB  Cuda     live     4159.8 MB  "collide:nn_last_partner"
[kp]    24.133s  alloc        705.3 MB  Cuda     live     4865.1 MB  "collide:nn_last_partner"
[kp]    24.134s  dealloc      705.3 MB  Cuda     live     4159.8 MB  "collide:nn_last_partner"
[kp]    24.153s  alloc        705.3 MB  Cuda     live     4865.1 MB  "collide:nn_last_partner"
[kp]    24.155s  dealloc      705.3 MB  Cuda     live     4159.8 MB  "collide:nn_last_partner"
[kp]    24.174s  alloc        705.3 MB  Cuda     live     4865.1 MB  "collide:nn_last_partner"
[kp]    24.175s  dealloc      705.3 MB  Cuda     live     4159.8 MB  "collide:nn_last_partner"
[kp]    24.194s  alloc        705.3 MB  Cuda     live     4865.1 MB  "collide:nn_last_partner"
[kp]    24.196s  dealloc      705.3 MB  Cuda     live     4159.8 MB  "collide:nn_last_partner"
[kp]    24.215s  alloc        705.3 MB  Cuda     live     4865.1 MB  "collide:nn_last_partner"
[kp]    24.217s  dealloc      705.3 MB  Cuda     live     4159.8 MB  "collide:nn_last_partner"
[kp]    24.254s  alloc        705.3 MB  Cuda     live     4865.1 MB  "collide:nn_last_partner"
[kp]    24.255s  dealloc      705.3 MB  Cuda     live     4159.8 MB  "collide:nn_last_partner"
[kp]    24.274s  alloc        705.3 MB  Cuda     live     4865.1 MB  "collide:nn_last_partner"
[kp]    24.276s  dealloc      705.3 MB  Cuda     live     4159.8 MB  "collide:nn_last_partner"
[kp]    24.295s  alloc        705.3 MB  Cuda     live     4865.1 MB  "collide:nn_last_partner"
[kp]    24.296s  dealloc      705.3 MB  Cuda     live     4159.8 MB  "collide:nn_last_partner"
[kp]    24.316s  alloc        705.3 MB  Cuda     live     4865.1 MB  "collide:nn_last_partner"
[kp]    24.317s  dealloc      705.3 MB  Cuda     live     4159.8 MB  "collide:nn_last_partner"
[kp]    24.336s  alloc        705.3 MB  Cuda     live     4865.1 MB  "collide:nn_last_partner"
[kp]    24.337s  dealloc      705.3 MB  Cuda     live     4159.8 MB  "collide:nn_last_partner"
[kp]    24.357s  alloc        705.3 MB  Cuda     live     4865.1 MB  "collide:nn_last_partner"
[kp]    24.358s  dealloc      705.3 MB  Cuda     live     4159.8 MB  "collide:nn_last_partner"
[kp]    24.378s  alloc        705.3 MB  Cuda     live     4865.1 MB  "collide:nn_last_partner"
[kp]    24.379s  dealloc      705.3 MB  Cuda     live     4159.8 MB  "collide:nn_last_partner"
[kp]    24.398s  alloc        705.3 MB  Cuda     live     4865.1 MB  "collide:nn_last_partner"
[kp]    24.399s  dealloc      705.3 MB  Cuda     live     4159.8 MB  "collide:nn_last_partner"
[kp]    24.419s  alloc        705.3 MB  Cuda     live     4865.1 MB  "collide:nn_last_partner"
[kp]    24.421s  dealloc      705.3 MB  Cuda     live     4159.8 MB  "collide:nn_last_partner"
[kp]    24.440s  alloc        705.3 MB  Cuda     live     4865.1 MB  "collide:nn_last_partner"
[kp]    24.441s  dealloc      705.3 MB  Cuda     live     4159.8 MB  "collide:nn_last_partner"
[kp]    24.460s  alloc        705.3 MB  Cuda     live     4865.1 MB  "collide:nn_last_partner"
[kp]    24.462s  dealloc      705.3 MB  Cuda     live     4159.8 MB  "collide:nn_last_partner"
[kp]    24.481s  alloc        705.3 MB  Cuda     live     4865.1 MB  "collide:nn_last_partner"
[kp]    24.482s  dealloc      705.3 MB  Cuda     live     4159.8 MB  "collide:nn_last_partner"
[kp]    24.501s  alloc        705.3 MB  Cuda     live     4865.1 MB  "collide:nn_last_partner"
[kp]    24.503s  dealloc      705.3 MB  Cuda     live     4159.8 MB  "collide:nn_last_partner"
[kp]    24.522s  alloc        705.3 MB  Cuda     live     4865.1 MB  "collide:nn_last_partner"
[kp]    24.523s  dealloc      705.3 MB  Cuda     live     4159.8 MB  "collide:nn_last_partner"
[kp]    24.542s  alloc        705.3 MB  Cuda     live     4865.1 MB  "collide:nn_last_partner"
[kp]    24.543s  dealloc      705.3 MB  Cuda     live     4159.8 MB  "collide:nn_last_partner"
[kp]    24.564s  alloc        705.3 MB  Cuda     live     4865.1 MB  "collide:nn_last_partner"
[kp]    24.565s  dealloc      705.3 MB  Cuda     live     4159.8 MB  "collide:nn_last_partner"
[kp]    24.585s  alloc        705.3 MB  Cuda     live     4865.1 MB  "collide:nn_last_partner"
[kp]    24.586s  dealloc      705.3 MB  Cuda     live     4159.8 MB  "collide:nn_last_partner"
[kp]    24.606s  alloc        705.3 MB  Cuda     live     4865.1 MB  "collide:nn_last_partner"
[kp]    24.607s  dealloc      705.3 MB  Cuda     live     4159.8 MB  "collide:nn_last_partner"
[kp]    24.627s  alloc        705.3 MB  Cuda     live     4865.1 MB  "collide:nn_last_partner"
[kp]    24.628s  dealloc      705.3 MB  Cuda     live     4159.8 MB  "collide:nn_last_partner"
[kp]    24.647s  alloc        705.3 MB  Cuda     live     4865.1 MB  "collide:nn_last_partner"
[kp]    24.648s  dealloc      705.3 MB  Cuda     live     4159.8 MB  "collide:nn_last_partner"
[kp]    24.668s  alloc        705.3 MB  Cuda     live     4865.1 MB  "collide:nn_last_partner"
[kp]    24.669s  dealloc      705.3 MB  Cuda     live     4159.8 MB  "collide:nn_last_partner"
[kp]    24.688s  alloc        705.3 MB  Cuda     live     4865.1 MB  "collide:nn_last_partner"
[kp]    24.690s  dealloc      705.3 MB  Cuda     live     4159.8 MB  "collide:nn_last_partner"
[kp]    24.709s  alloc        705.3 MB  Cuda     live     4865.1 MB  "collide:nn_last_partner"
[kp]    24.710s  dealloc      705.3 MB  Cuda     live     4159.8 MB  "collide:nn_last_partner"
[kp]    24.729s  alloc        705.3 MB  Cuda     live     4865.1 MB  "collide:nn_last_partner"
[kp]    24.730s  dealloc      705.3 MB  Cuda     live     4159.8 MB  "collide:nn_last_partner"
[kp]    24.764s  alloc        705.3 MB  Cuda     live     4865.1 MB  "collide:nn_last_partner"
[kp]    24.765s  dealloc      705.3 MB  Cuda     live     4159.8 MB  "collide:nn_last_partner"
[kp]    24.785s  alloc        705.3 MB  Cuda     live     4865.1 MB  "collide:nn_last_partner"
[kp]    24.786s  dealloc      705.3 MB  Cuda     live     4159.8 MB  "collide:nn_last_partner"
[kp]    24.806s  alloc        705.3 MB  Cuda     live     4865.1 MB  "collide:nn_last_partner"
[kp]    24.808s  dealloc      705.3 MB  Cuda     live     4159.8 MB  "collide:nn_last_partner"
[kp]    24.827s  alloc        705.3 MB  Cuda     live     4865.1 MB  "collide:nn_last_partner"
[kp]    24.828s  dealloc      705.3 MB  Cuda     live     4159.8 MB  "collide:nn_last_partner"
[kp]    24.847s  alloc        705.3 MB  Cuda     live     4865.1 MB  "collide:nn_last_partner"
[kp]    24.849s  dealloc      705.3 MB  Cuda     live     4159.8 MB  "collide:nn_last_partner"
[kp]    24.868s  alloc        705.3 MB  Cuda     live     4865.1 MB  "collide:nn_last_partner"
[kp]    24.869s  dealloc      705.3 MB  Cuda     live     4159.8 MB  "collide:nn_last_partner"
[kp]    24.889s  alloc        705.3 MB  Cuda     live     4865.1 MB  "collide:nn_last_partner"
[kp]    24.890s  dealloc      705.3 MB  Cuda     live     4159.8 MB  "collide:nn_last_partner"
[kp]    24.909s  alloc        705.3 MB  Cuda     live     4865.1 MB  "collide:nn_last_partner"
[kp]    24.911s  dealloc      705.3 MB  Cuda     live     4159.8 MB  "collide:nn_last_partner"
[kp]    24.930s  alloc        705.3 MB  Cuda     live     4865.1 MB  "collide:nn_last_partner"
[kp]    24.931s  dealloc      705.3 MB  Cuda     live     4159.8 MB  "collide:nn_last_partner"
[kp]    24.951s  alloc        705.3 MB  Cuda     live     4865.1 MB  "collide:nn_last_partner"
[kp]    24.952s  dealloc      705.3 MB  Cuda     live     4159.8 MB  "collide:nn_last_partner"
[kp]    24.972s  alloc        705.3 MB  Cuda     live     4865.1 MB  "collide:nn_last_partner"
[kp]    24.973s  dealloc      705.3 MB  Cuda     live     4159.8 MB  "collide:nn_last_partner"
[kp]    24.992s  alloc        705.3 MB  Cuda     live     4865.1 MB  "collide:nn_last_partner"
[kp]    24.993s  dealloc      705.3 MB  Cuda     live     4159.8 MB  "collide:nn_last_partner"
[kp]    25.013s  alloc        705.3 MB  Cuda     live     4865.1 MB  "collide:nn_last_partner"
[kp]    25.014s  dealloc      705.3 MB  Cuda     live     4159.8 MB  "collide:nn_last_partner"
[kp]    25.033s  alloc        705.3 MB  Cuda     live     4865.1 MB  "collide:nn_last_partner"
[kp]    25.034s  dealloc      705.3 MB  Cuda     live     4159.8 MB  "collide:nn_last_partner"
[kp]    25.053s  alloc        705.3 MB  Cuda     live     4865.1 MB  "collide:nn_last_partner"
[kp]    25.054s  dealloc      705.3 MB  Cuda     live     4159.8 MB  "collide:nn_last_partner"
[kp]    25.074s  alloc        705.3 MB  Cuda     live     4865.1 MB  "collide:nn_last_partner"
[kp]    25.075s  dealloc      705.3 MB  Cuda     live     4159.8 MB  "collide:nn_last_partner"
[kp]    25.094s  alloc        705.3 MB  Cuda     live     4865.1 MB  "collide:nn_last_partner"
[kp]    25.096s  dealloc      705.3 MB  Cuda     live     4159.8 MB  "collide:nn_last_partner"
[kp]    25.115s  alloc        705.3 MB  Cuda     live     4865.1 MB  "collide:nn_last_partner"
[kp]    25.116s  dealloc      705.3 MB  Cuda     live     4159.8 MB  "collide:nn_last_partner"
[kp]    25.135s  alloc        705.3 MB  Cuda     live     4865.1 MB  "collide:nn_last_partner"
[kp]    25.136s  dealloc      705.3 MB  Cuda     live     4159.8 MB  "collide:nn_last_partner"
[kp]    25.156s  alloc        705.3 MB  Cuda     live     4865.1 MB  "collide:nn_last_partner"
[kp]    25.157s  dealloc      705.3 MB  Cuda     live     4159.8 MB  "collide:nn_last_partner"
[kp]    25.177s  alloc        705.3 MB  Cuda     live     4865.1 MB  "collide:nn_last_partner"
[kp]    25.178s  dealloc      705.3 MB  Cuda     live     4159.8 MB  "collide:nn_last_partner"
[kp]    25.197s  alloc        705.3 MB  Cuda     live     4865.1 MB  "collide:nn_last_partner"
[kp]    25.198s  dealloc      705.3 MB  Cuda     live     4159.8 MB  "collide:nn_last_partner"
[kp]    25.218s  alloc        705.3 MB  Cuda     live     4865.1 MB  "collide:nn_last_partner"
[kp]    25.219s  dealloc      705.3 MB  Cuda     live     4159.8 MB  "collide:nn_last_partner"
[kp]    25.261s  alloc        705.3 MB  Cuda     live     4865.1 MB  "collide:nn_last_partner"
[kp]    25.278s  dealloc      705.3 MB  Cuda     live     4159.8 MB  "collide:nn_last_partner"
     700    16.022666 1.2700325e-07     42.33441        3e-09 29344505   104712    58026        0        0    295.73371 
[kp]    25.416s  alloc        705.3 MB  Cuda     live     4865.1 MB  "collide:nn_last_partner"
[kp]    25.417s  dealloc      705.3 MB  Cuda     live     4159.8 MB  "collide:nn_last_partner"
[kp]    25.436s  alloc        705.3 MB  Cuda     live     4865.1 MB  "collide:nn_last_partner"
[kp]    25.438s  dealloc      705.3 MB  Cuda     live     4159.8 MB  "collide:nn_last_partner"
[kp]    25.457s  alloc        705.3 MB  Cuda     live     4865.1 MB  "collide:nn_last_partner"
[kp]    25.458s  dealloc      705.3 MB  Cuda     live     4159.8 MB  "collide:nn_last_partner"
[kp]    25.478s  alloc        705.3 MB  Cuda     live     4865.1 MB  "collide:nn_last_partner"
[kp]    25.479s  dealloc      705.3 MB  Cuda     live     4159.8 MB  "collide:nn_last_partner"
[kp]    25.498s  alloc        705.3 MB  Cuda     live     4865.1 MB  "collide:nn_last_partner"
[kp]    25.500s  dealloc      705.3 MB  Cuda     live     4159.8 MB  "collide:nn_last_partner"
[kp]    25.520s  alloc        705.3 MB  Cuda     live     4865.1 MB  "collide:nn_last_partner"
[kp]    25.521s  dealloc      705.3 MB  Cuda     live     4159.8 MB  "collide:nn_last_partner"
[kp]    25.540s  alloc        705.3 MB  Cuda     live     4865.1 MB  "collide:nn_last_partner"
[kp]    25.541s  dealloc      705.3 MB  Cuda     live     4159.8 MB  "collide:nn_last_partner"
[kp]    25.561s  alloc        705.3 MB  Cuda     live     4865.1 MB  "collide:nn_last_partner"
[kp]    25.562s  dealloc      705.3 MB  Cuda     live     4159.8 MB  "collide:nn_last_partner"
[kp]    25.581s  alloc        705.3 MB  Cuda     live     4865.1 MB  "collide:nn_last_partner"
[kp]    25.583s  dealloc      705.3 MB  Cuda     live     4159.8 MB  "collide:nn_last_partner"
[kp]    25.602s  alloc        705.3 MB  Cuda     live     4865.1 MB  "collide:nn_last_partner"
[kp]    25.603s  dealloc      705.3 MB  Cuda     live     4159.8 MB  "collide:nn_last_partner"
[kp]    25.623s  alloc        705.3 MB  Cuda     live     4865.1 MB  "collide:nn_last_partner"
[kp]    25.624s  dealloc      705.3 MB  Cuda     live     4159.8 MB  "collide:nn_last_partner"
[kp]    25.643s  alloc        705.3 MB  Cuda     live     4865.1 MB  "collide:nn_last_partner"
[kp]    25.644s  dealloc      705.3 MB  Cuda     live     4159.8 MB  "collide:nn_last_partner"
[kp]    25.663s  alloc        705.3 MB  Cuda     live     4865.1 MB  "collide:nn_last_partner"
[kp]    25.665s  dealloc      705.3 MB  Cuda     live     4159.8 MB  "collide:nn_last_partner"
[kp]    25.684s  alloc        705.3 MB  Cuda     live     4865.1 MB  "collide:nn_last_partner"
[kp]    25.685s  dealloc      705.3 MB  Cuda     live     4159.8 MB  "collide:nn_last_partner"
[kp]    25.705s  alloc        705.3 MB  Cuda     live     4865.1 MB  "collide:nn_last_partner"
[kp]    25.706s  dealloc      705.3 MB  Cuda     live     4159.8 MB  "collide:nn_last_partner"
[kp]    25.725s  alloc        705.3 MB  Cuda     live     4865.1 MB  "collide:nn_last_partner"
[kp]    25.726s  dealloc      705.3 MB  Cuda     live     4159.8 MB  "collide:nn_last_partner"
[kp]    25.746s  alloc        705.3 MB  Cuda     live     4865.1 MB  "collide:nn_last_partner"
[kp]    25.747s  dealloc      705.3 MB  Cuda     live     4159.8 MB  "collide:nn_last_partner"
[kp]    25.766s  alloc        705.3 MB  Cuda     live     4865.1 MB  "collide:nn_last_partner"
[kp]    25.767s  dealloc      705.3 MB  Cuda     live     4159.8 MB  "collide:nn_last_partner"
[kp]    25.787s  alloc        705.3 MB  Cuda     live     4865.1 MB  "collide:nn_last_partner"
[kp]    25.788s  dealloc      705.3 MB  Cuda     live     4159.8 MB  "collide:nn_last_partner"
[kp]    25.810s  alloc        705.3 MB  Cuda     live     4865.1 MB  "collide:nn_last_partner"
[kp]    25.812s  dealloc      705.3 MB  Cuda     live     4159.8 MB  "collide:nn_last_partner"
[kp]    25.831s  alloc        705.3 MB  Cuda     live     4865.1 MB  "collide:nn_last_partner"
[kp]    25.832s  dealloc      705.3 MB  Cuda     live     4159.8 MB  "collide:nn_last_partner"
[kp]    25.852s  alloc        705.3 MB  Cuda     live     4865.1 MB  "collide:nn_last_partner"
[kp]    25.853s  dealloc      705.3 MB  Cuda     live     4159.8 MB  "collide:nn_last_partner"
[kp]    25.872s  alloc        705.3 MB  Cuda     live     4865.1 MB  "collide:nn_last_partner"
[kp]    25.873s  dealloc      705.3 MB  Cuda     live     4159.8 MB  "collide:nn_last_partner"
[kp]    25.893s  alloc        705.3 MB  Cuda     live     4865.1 MB  "collide:nn_last_partner"
[kp]    25.894s  dealloc      705.3 MB  Cuda     live     4159.8 MB  "collide:nn_last_partner"
[kp]    25.913s  alloc        705.3 MB  Cuda     live     4865.1 MB  "collide:nn_last_partner"
[kp]    25.915s  dealloc      705.3 MB  Cuda     live     4159.8 MB  "collide:nn_last_partner"
[kp]    25.934s  alloc        705.3 MB  Cuda     live     4865.1 MB  "collide:nn_last_partner"
[kp]    25.935s  dealloc      705.3 MB  Cuda     live     4159.8 MB  "collide:nn_last_partner"
[kp]    25.955s  alloc        705.3 MB  Cuda     live     4865.1 MB  "collide:nn_last_partner"
[kp]    25.956s  dealloc      705.3 MB  Cuda     live     4159.8 MB  "collide:nn_last_partner"
[kp]    25.975s  alloc        705.3 MB  Cuda     live     4865.1 MB  "collide:nn_last_partner"
[kp]    25.977s  dealloc      705.3 MB  Cuda     live     4159.8 MB  "collide:nn_last_partner"
[kp]    25.996s  alloc        705.3 MB  Cuda     live     4865.1 MB  "collide:nn_last_partner"
[kp]    25.997s  dealloc      705.3 MB  Cuda     live     4159.8 MB  "collide:nn_last_partner"
[kp]    26.016s  alloc        705.3 MB  Cuda     live     4865.1 MB  "collide:nn_last_partner"
[kp]    26.018s  dealloc      705.3 MB  Cuda     live     4159.8 MB  "collide:nn_last_partner"
[kp]    26.037s  alloc        705.3 MB  Cuda     live     4865.1 MB  "collide:nn_last_partner"
[kp]    26.039s  dealloc      705.3 MB  Cuda     live     4159.8 MB  "collide:nn_last_partner"
[kp]    26.059s  alloc        705.3 MB  Cuda     live     4865.1 MB  "collide:nn_last_partner"
[kp]    26.060s  dealloc      705.3 MB  Cuda     live     4159.8 MB  "collide:nn_last_partner"
[kp]    26.079s  alloc        705.3 MB  Cuda     live     4865.1 MB  "collide:nn_last_partner"
[kp]    26.081s  dealloc      705.3 MB  Cuda     live     4159.8 MB  "collide:nn_last_partner"
[kp]    26.100s  alloc        705.3 MB  Cuda     live     4865.1 MB  "collide:nn_last_partner"
[kp]    26.101s  dealloc      705.3 MB  Cuda     live     4159.8 MB  "collide:nn_last_partner"
[kp]    26.123s  alloc        705.3 MB  Cuda     live     4865.1 MB  "collide:nn_last_partner"
[kp]    26.124s  dealloc      705.3 MB  Cuda     live     4159.8 MB  "collide:nn_last_partner"
[kp]    26.143s  alloc        705.3 MB  Cuda     live     4865.1 MB  "collide:nn_last_partner"
[kp]    26.145s  dealloc      705.3 MB  Cuda     live     4159.8 MB  "collide:nn_last_partner"
[kp]    26.164s  alloc        705.3 MB  Cuda     live     4865.1 MB  "collide:nn_last_partner"
[kp]    26.165s  dealloc      705.3 MB  Cuda     live     4159.8 MB  "collide:nn_last_partner"
[kp]    26.185s  alloc        705.3 MB  Cuda     live     4865.1 MB  "collide:nn_last_partner"
[kp]    26.186s  dealloc      705.3 MB  Cuda     live     4159.8 MB  "collide:nn_last_partner"
[kp]    26.205s  alloc        705.3 MB  Cuda     live     4865.1 MB  "collide:nn_last_partner"
[kp]    26.207s  dealloc      705.3 MB  Cuda     live     4159.8 MB  "collide:nn_last_partner"
[kp]    26.227s  alloc        705.3 MB  Cuda     live     4865.1 MB  "collide:nn_last_partner"
[kp]    26.228s  dealloc      705.3 MB  Cuda     live     4159.8 MB  "collide:nn_last_partner"
[kp]    26.248s  alloc        705.3 MB  Cuda     live     4865.1 MB  "collide:nn_last_partner"
[kp]    26.249s  dealloc      705.3 MB  Cuda     live     4159.8 MB  "collide:nn_last_partner"
[kp]    26.268s  alloc        705.3 MB  Cuda     live     4865.1 MB  "collide:nn_last_partner"
[kp]    26.270s  dealloc      705.3 MB  Cuda     live     4159.8 MB  "collide:nn_last_partner"
[kp]    26.289s  alloc        705.3 MB  Cuda     live     4865.1 MB  "collide:nn_last_partner"
[kp]    26.290s  dealloc      705.3 MB  Cuda     live     4159.8 MB  "collide:nn_last_partner"
[kp]    26.309s  alloc        705.3 MB  Cuda     live     4865.1 MB  "collide:nn_last_partner"
[kp]    26.311s  dealloc      705.3 MB  Cuda     live     4159.8 MB  "collide:nn_last_partner"
[kp]    26.335s  alloc        705.3 MB  Cuda     live     4865.1 MB  "collide:nn_last_partner"
[kp]    26.337s  dealloc      705.3 MB  Cuda     live     4159.8 MB  "collide:nn_last_partner"
[kp]    26.356s  alloc        705.3 MB  Cuda     live     4865.1 MB  "collide:nn_last_partner"
[kp]    26.357s  dealloc      705.3 MB  Cuda     live     4159.8 MB  "collide:nn_last_partner"
[kp]    26.377s  alloc        705.3 MB  Cuda     live     4865.1 MB  "collide:nn_last_partner"
[kp]    26.378s  dealloc      705.3 MB  Cuda     live     4159.8 MB  "collide:nn_last_partner"
[kp]    26.397s  alloc        705.3 MB  Cuda     live     4865.1 MB  "collide:nn_last_partner"
[kp]    26.398s  dealloc      705.3 MB  Cuda     live     4159.8 MB  "collide:nn_last_partner"
[kp]    26.419s  alloc        705.3 MB  Cuda     live     4865.1 MB  "collide:nn_last_partner"
[kp]    26.420s  dealloc      705.3 MB  Cuda     live     4159.8 MB  "collide:nn_last_partner"
[kp]    26.440s  alloc        705.3 MB  Cuda     live     4865.1 MB  "collide:nn_last_partner"
[kp]    26.441s  dealloc      705.3 MB  Cuda     live     4159.8 MB  "collide:nn_last_partner"
[kp]    26.460s  alloc        705.3 MB  Cuda     live     4865.1 MB  "collide:nn_last_partner"
[kp]    26.462s  dealloc      705.3 MB  Cuda     live     4159.8 MB  "collide:nn_last_partner"
[kp]    26.481s  alloc        705.3 MB  Cuda     live     4865.1 MB  "collide:nn_last_partner"
[kp]    26.482s  dealloc      705.3 MB  Cuda     live     4159.8 MB  "collide:nn_last_partner"
[kp]    26.501s  alloc        705.3 MB  Cuda     live     4865.1 MB  "collide:nn_last_partner"
[kp]    26.503s  dealloc      705.3 MB  Cuda     live     4159.8 MB  "collide:nn_last_partner"
[kp]    26.522s  alloc        705.3 MB  Cuda     live     4865.1 MB  "collide:nn_last_partner"
[kp]    26.523s  dealloc      705.3 MB  Cuda     live     4159.8 MB  "collide:nn_last_partner"
[kp]    26.542s  alloc        705.3 MB  Cuda     live     4865.1 MB  "collide:nn_last_partner"
[kp]    26.544s  dealloc      705.3 MB  Cuda     live     4159.8 MB  "collide:nn_last_partner"
[kp]    26.563s  alloc        705.3 MB  Cuda     live     4865.1 MB  "collide:nn_last_partner"
[kp]    26.564s  dealloc      705.3 MB  Cuda     live     4159.8 MB  "collide:nn_last_partner"
[kp]    26.583s  alloc        705.3 MB  Cuda     live     4865.1 MB  "collide:nn_last_partner"
[kp]    26.585s  dealloc      705.3 MB  Cuda     live     4159.8 MB  "collide:nn_last_partner"
[kp]    26.604s  alloc        705.3 MB  Cuda     live     4865.1 MB  "collide:nn_last_partner"
[kp]    26.605s  dealloc      705.3 MB  Cuda     live     4159.8 MB  "collide:nn_last_partner"
[kp]    26.625s  alloc        705.3 MB  Cuda     live     4865.1 MB  "collide:nn_last_partner"
[kp]    26.626s  dealloc      705.3 MB  Cuda     live     4159.8 MB  "collide:nn_last_partner"
[kp]    26.645s  alloc        705.3 MB  Cuda     live     4865.1 MB  "collide:nn_last_partner"
[kp]    26.646s  dealloc      705.3 MB  Cuda     live     4159.8 MB  "collide:nn_last_partner"
[kp]    26.666s  alloc        705.3 MB  Cuda     live     4865.1 MB  "collide:nn_last_partner"
[kp]    26.667s  dealloc      705.3 MB  Cuda     live     4159.8 MB  "collide:nn_last_partner"
[kp]    26.686s  alloc        705.3 MB  Cuda     live     4865.1 MB  "collide:nn_last_partner"
[kp]    26.687s  dealloc      705.3 MB  Cuda     live     4159.8 MB  "collide:nn_last_partner"
[kp]    26.707s  alloc        705.3 MB  Cuda     live     4865.1 MB  "collide:nn_last_partner"
[kp]    26.708s  dealloc      705.3 MB  Cuda     live     4159.8 MB  "collide:nn_last_partner"
[kp]    26.727s  alloc        705.3 MB  Cuda     live     4865.1 MB  "collide:nn_last_partner"
[kp]    26.729s  dealloc      705.3 MB  Cuda     live     4159.8 MB  "collide:nn_last_partner"
[kp]    26.748s  alloc        705.3 MB  Cuda     live     4865.1 MB  "collide:nn_last_partner"
[kp]    26.749s  dealloc      705.3 MB  Cuda     live     4159.8 MB  "collide:nn_last_partner"
[kp]    26.821s  alloc        705.3 MB  Cuda     live     4865.1 MB  "collide:nn_last_partner"
[kp]    26.822s  dealloc      705.3 MB  Cuda     live     4159.8 MB  "collide:nn_last_partner"
[kp]    26.842s  alloc        705.3 MB  Cuda     live     4865.1 MB  "collide:nn_last_partner"
[kp]    26.843s  dealloc      705.3 MB  Cuda     live     4159.8 MB  "collide:nn_last_partner"
[kp]    26.879s  alloc        705.3 MB  Cuda     live     4865.1 MB  "collide:nn_last_partner"
[kp]    26.880s  dealloc      705.3 MB  Cuda     live     4159.8 MB  "collide:nn_last_partner"
[kp]    26.899s  alloc        705.3 MB  Cuda     live     4865.1 MB  "collide:nn_last_partner"
[kp]    26.900s  dealloc      705.3 MB  Cuda     live     4159.8 MB  "collide:nn_last_partner"
[kp]    26.920s  alloc        705.3 MB  Cuda     live     4865.1 MB  "collide:nn_last_partner"
[kp]    26.921s  dealloc      705.3 MB  Cuda     live     4159.8 MB  "collide:nn_last_partner"
[kp]    26.940s  alloc        705.3 MB  Cuda     live     4865.1 MB  "collide:nn_last_partner"
[kp]    26.942s  dealloc      705.3 MB  Cuda     live     4159.8 MB  "collide:nn_last_partner"
[kp]    26.961s  alloc        705.3 MB  Cuda     live     4865.1 MB  "collide:nn_last_partner"
[kp]    26.963s  dealloc      705.3 MB  Cuda     live     4159.8 MB  "collide:nn_last_partner"
[kp]    26.983s  alloc        705.3 MB  Cuda     live     4865.1 MB  "collide:nn_last_partner"
[kp]    26.984s  dealloc      705.3 MB  Cuda     live     4159.8 MB  "collide:nn_last_partner"
[kp]    27.003s  alloc        705.3 MB  Cuda     live     4865.1 MB  "collide:nn_last_partner"
[kp]    27.004s  dealloc      705.3 MB  Cuda     live     4159.8 MB  "collide:nn_last_partner"
[kp]    27.024s  alloc        705.3 MB  Cuda     live     4865.1 MB  "collide:nn_last_partner"
[kp]    27.025s  dealloc      705.3 MB  Cuda     live     4159.8 MB  "collide:nn_last_partner"
[kp]    27.044s  alloc        705.3 MB  Cuda     live     4865.1 MB  "collide:nn_last_partner"
[kp]    27.045s  dealloc      705.3 MB  Cuda     live     4159.8 MB  "collide:nn_last_partner"
[kp]    27.065s  alloc        705.3 MB  Cuda     live     4865.1 MB  "collide:nn_last_partner"
[kp]    27.066s  dealloc      705.3 MB  Cuda     live     4159.8 MB  "collide:nn_last_partner"
[kp]    27.085s  alloc        705.3 MB  Cuda     live     4865.1 MB  "collide:nn_last_partner"
[kp]    27.087s  dealloc      705.3 MB  Cuda     live     4159.8 MB  "collide:nn_last_partner"
[kp]    27.106s  alloc        705.3 MB  Cuda     live     4865.1 MB  "collide:nn_last_partner"
[kp]    27.108s  dealloc      705.3 MB  Cuda     live     4159.8 MB  "collide:nn_last_partner"
[kp]    27.127s  alloc        705.3 MB  Cuda     live     4865.1 MB  "collide:nn_last_partner"
[kp]    27.128s  dealloc      705.3 MB  Cuda     live     4159.8 MB  "collide:nn_last_partner"
[kp]    27.147s  alloc        705.3 MB  Cuda     live     4865.1 MB  "collide:nn_last_partner"
[kp]    27.149s  dealloc      705.3 MB  Cuda     live     4159.8 MB  "collide:nn_last_partner"
[kp]    27.168s  alloc        705.3 MB  Cuda     live     4865.1 MB  "collide:nn_last_partner"
[kp]    27.169s  dealloc      705.3 MB  Cuda     live     4159.8 MB  "collide:nn_last_partner"
[kp]    27.188s  alloc        705.3 MB  Cuda     live     4865.1 MB  "collide:nn_last_partner"
[kp]    27.189s  dealloc      705.3 MB  Cuda     live     4159.8 MB  "collide:nn_last_partner"
[kp]    27.209s  alloc        705.3 MB  Cuda     live     4865.1 MB  "collide:nn_last_partner"
[kp]    27.210s  dealloc      705.3 MB  Cuda     live     4159.8 MB  "collide:nn_last_partner"
[kp]    27.229s  alloc        705.3 MB  Cuda     live     4865.1 MB  "collide:nn_last_partner"
[kp]    27.231s  dealloc      705.3 MB  Cuda     live     4159.8 MB  "collide:nn_last_partner"
[kp]    27.250s  alloc        705.3 MB  Cuda     live     4865.1 MB  "collide:nn_last_partner"
[kp]    27.251s  dealloc      705.3 MB  Cuda     live     4159.8 MB  "collide:nn_last_partner"
[kp]    27.270s  alloc        705.3 MB  Cuda     live     4865.1 MB  "collide:nn_last_partner"
[kp]    27.272s  dealloc      705.3 MB  Cuda     live     4159.8 MB  "collide:nn_last_partner"
[kp]    27.291s  alloc        705.3 MB  Cuda     live     4865.1 MB  "collide:nn_last_partner"
[kp]    27.292s  dealloc      705.3 MB  Cuda     live     4159.8 MB  "collide:nn_last_partner"
[kp]    27.312s  alloc        705.3 MB  Cuda     live     4865.1 MB  "collide:nn_last_partner"
[kp]    27.313s  dealloc      705.3 MB  Cuda     live     4159.8 MB  "collide:nn_last_partner"
[kp]    27.332s  alloc        705.3 MB  Cuda     live     4865.1 MB  "collide:nn_last_partner"
[kp]    27.334s  dealloc      705.3 MB  Cuda     live     4159.8 MB  "collide:nn_last_partner"
[kp]    27.353s  alloc        705.3 MB  Cuda     live     4865.1 MB  "collide:nn_last_partner"
[kp]    27.354s  dealloc      705.3 MB  Cuda     live     4159.8 MB  "collide:nn_last_partner"
[kp]    27.373s  alloc        705.3 MB  Cuda     live     4865.1 MB  "collide:nn_last_partner"
[kp]    27.375s  dealloc      705.3 MB  Cuda     live     4159.8 MB  "collide:nn_last_partner"
[kp]    27.413s  alloc        705.3 MB  Cuda     live     4865.1 MB  "collide:nn_last_partner"
[kp]    27.414s  dealloc      705.3 MB  Cuda     live     4159.8 MB  "collide:nn_last_partner"
[kp]    27.453s  alloc        705.3 MB  Cuda     live     4865.1 MB  "collide:nn_last_partner"
[kp]    27.454s  dealloc      705.3 MB  Cuda     live     4159.8 MB  "collide:nn_last_partner"
[kp]    27.474s  alloc        705.3 MB  Cuda     live     4865.1 MB  "collide:nn_last_partner"
[kp]    27.475s  dealloc      705.3 MB  Cuda     live     4159.8 MB  "collide:nn_last_partner"
[kp]    27.495s  alloc        705.3 MB  Cuda     live     4865.1 MB  "collide:nn_last_partner"
[kp]    27.496s  dealloc      705.3 MB  Cuda     live     4159.8 MB  "collide:nn_last_partner"
[kp]    27.517s  alloc        705.3 MB  Cuda     live     4865.1 MB  "collide:nn_last_partner"
[kp]    27.518s  dealloc      705.3 MB  Cuda     live     4159.8 MB  "collide:nn_last_partner"
[kp]    27.537s  alloc        705.3 MB  Cuda     live     4865.1 MB  "collide:nn_last_partner"
[kp]    27.539s  dealloc      705.3 MB  Cuda     live     4159.8 MB  "collide:nn_last_partner"
[kp]    27.558s  alloc        705.3 MB  Cuda     live     4865.1 MB  "collide:nn_last_partner"
[kp]    27.559s  dealloc      705.3 MB  Cuda     live     4159.8 MB  "collide:nn_last_partner"
[kp]    27.578s  alloc        705.3 MB  Cuda     live     4865.1 MB  "collide:nn_last_partner"
[kp]    27.580s  dealloc      705.3 MB  Cuda     live     4159.8 MB  "collide:nn_last_partner"
     800    18.317914 1.3070487e-07    43.568295        3e-09 29221880   105060    57833        0        0    295.46633 
[kp]    27.711s  alloc        705.3 MB  Cuda     live     4865.1 MB  "collide:nn_last_partner"
[kp]    27.712s  dealloc      705.3 MB  Cuda     live     4159.8 MB  "collide:nn_last_partner"
[kp]    27.799s  alloc        705.3 MB  Cuda     live     4865.1 MB  "collide:nn_last_partner"
[kp]    27.801s  dealloc      705.3 MB  Cuda     live     4159.8 MB  "collide:nn_last_partner"
[kp]    27.820s  alloc        705.3 MB  Cuda     live     4865.1 MB  "collide:nn_last_partner"
[kp]    27.821s  dealloc      705.3 MB  Cuda     live     4159.8 MB  "collide:nn_last_partner"
[kp]    27.840s  alloc        705.3 MB  Cuda     live     4865.1 MB  "collide:nn_last_partner"
[kp]    27.842s  dealloc      705.3 MB  Cuda     live     4159.8 MB  "collide:nn_last_partner"
[kp]    27.861s  alloc        705.3 MB  Cuda     live     4865.1 MB  "collide:nn_last_partner"
[kp]    27.862s  dealloc      705.3 MB  Cuda     live     4159.8 MB  "collide:nn_last_partner"
[kp]    27.882s  alloc        705.3 MB  Cuda     live     4865.1 MB  "collide:nn_last_partner"
[kp]    27.883s  dealloc      705.3 MB  Cuda     live     4159.8 MB  "collide:nn_last_partner"
[kp]    27.902s  alloc        705.3 MB  Cuda     live     4865.1 MB  "collide:nn_last_partner"
[kp]    27.903s  dealloc      705.3 MB  Cuda     live     4159.8 MB  "collide:nn_last_partner"
[kp]    27.942s  alloc        705.3 MB  Cuda     live     4865.1 MB  "collide:nn_last_partner"
[kp]    27.943s  dealloc      705.3 MB  Cuda     live     4159.8 MB  "collide:nn_last_partner"
[kp]    27.963s  alloc        705.3 MB  Cuda     live     4865.1 MB  "collide:nn_last_partner"
[kp]    27.964s  dealloc      705.3 MB  Cuda     live     4159.8 MB  "collide:nn_last_partner"
[kp]    27.983s  alloc        705.3 MB  Cuda     live     4865.1 MB  "collide:nn_last_partner"
[kp]    27.984s  dealloc      705.3 MB  Cuda     live     4159.8 MB  "collide:nn_last_partner"
[kp]    28.005s  alloc        705.3 MB  Cuda     live     4865.1 MB  "collide:nn_last_partner"
[kp]    28.006s  dealloc      705.3 MB  Cuda     live     4159.8 MB  "collide:nn_last_partner"
[kp]    28.025s  alloc        705.3 MB  Cuda     live     4865.1 MB  "collide:nn_last_partner"
[kp]    28.026s  dealloc      705.3 MB  Cuda     live     4159.8 MB  "collide:nn_last_partner"
[kp]    28.046s  alloc        705.3 MB  Cuda     live     4865.1 MB  "collide:nn_last_partner"
[kp]    28.047s  dealloc      705.3 MB  Cuda     live     4159.8 MB  "collide:nn_last_partner"
[kp]    28.066s  alloc        705.3 MB  Cuda     live     4865.1 MB  "collide:nn_last_partner"
[kp]    28.067s  dealloc      705.3 MB  Cuda     live     4159.8 MB  "collide:nn_last_partner"
[kp]    28.087s  alloc        705.3 MB  Cuda     live     4865.1 MB  "collide:nn_last_partner"
[kp]    28.088s  dealloc      705.3 MB  Cuda     live     4159.8 MB  "collide:nn_last_partner"
[kp]    28.108s  alloc        705.3 MB  Cuda     live     4865.1 MB  "collide:nn_last_partner"
[kp]    28.109s  dealloc      705.3 MB  Cuda     live     4159.8 MB  "collide:nn_last_partner"
[kp]    28.128s  alloc        705.3 MB  Cuda     live     4865.1 MB  "collide:nn_last_partner"
[kp]    28.130s  dealloc      705.3 MB  Cuda     live     4159.8 MB  "collide:nn_last_partner"
[kp]    28.149s  alloc        705.3 MB  Cuda     live     4865.1 MB  "collide:nn_last_partner"
[kp]    28.150s  dealloc      705.3 MB  Cuda     live     4159.8 MB  "collide:nn_last_partner"
[kp]    28.170s  alloc        705.3 MB  Cuda     live     4865.1 MB  "collide:nn_last_partner"
[kp]    28.171s  dealloc      705.3 MB  Cuda     live     4159.8 MB  "collide:nn_last_partner"
[kp]    28.194s  alloc        705.3 MB  Cuda     live     4865.1 MB  "collide:nn_last_partner"
[kp]    28.196s  dealloc      705.3 MB  Cuda     live     4159.8 MB  "collide:nn_last_partner"
[kp]    28.216s  alloc        705.3 MB  Cuda     live     4865.1 MB  "collide:nn_last_partner"
[kp]    28.217s  dealloc      705.3 MB  Cuda     live     4159.8 MB  "collide:nn_last_partner"
[kp]    28.237s  alloc        705.3 MB  Cuda     live     4865.1 MB  "collide:nn_last_partner"
[kp]    28.239s  dealloc      705.3 MB  Cuda     live     4159.8 MB  "collide:nn_last_partner"
[kp]    28.259s  alloc        705.3 MB  Cuda     live     4865.1 MB  "collide:nn_last_partner"
[kp]    28.260s  dealloc      705.3 MB  Cuda     live     4159.8 MB  "collide:nn_last_partner"
[kp]    28.280s  alloc        705.3 MB  Cuda     live     4865.1 MB  "collide:nn_last_partner"
[kp]    28.281s  dealloc      705.3 MB  Cuda     live     4159.8 MB  "collide:nn_last_partner"
[kp]    28.300s  alloc        705.3 MB  Cuda     live     4865.1 MB  "collide:nn_last_partner"
[kp]    28.301s  dealloc      705.3 MB  Cuda     live     4159.8 MB  "collide:nn_last_partner"
[kp]    28.321s  alloc        705.3 MB  Cuda     live     4865.1 MB  "collide:nn_last_partner"
[kp]    28.322s  dealloc      705.3 MB  Cuda     live     4159.8 MB  "collide:nn_last_partner"
[kp]    28.341s  alloc        705.3 MB  Cuda     live     4865.1 MB  "collide:nn_last_partner"
[kp]    28.343s  dealloc      705.3 MB  Cuda     live     4159.8 MB  "collide:nn_last_partner"
[kp]    28.362s  alloc        705.3 MB  Cuda     live     4865.1 MB  "collide:nn_last_partner"
[kp]    28.363s  dealloc      705.3 MB  Cuda     live     4159.8 MB  "collide:nn_last_partner"
[kp]    28.383s  alloc        705.3 MB  Cuda     live     4865.1 MB  "collide:nn_last_partner"
[kp]    28.384s  dealloc      705.3 MB  Cuda     live     4159.8 MB  "collide:nn_last_partner"
[kp]    28.404s  alloc        705.3 MB  Cuda     live     4865.1 MB  "collide:nn_last_partner"
[kp]    28.405s  dealloc      705.3 MB  Cuda     live     4159.8 MB  "collide:nn_last_partner"
[kp]    28.425s  alloc        705.3 MB  Cuda     live     4865.1 MB  "collide:nn_last_partner"
[kp]    28.426s  dealloc      705.3 MB  Cuda     live     4159.8 MB  "collide:nn_last_partner"
[kp]    28.454s  alloc        705.3 MB  Cuda     live     4865.1 MB  "collide:nn_last_partner"
[kp]    28.455s  dealloc      705.3 MB  Cuda     live     4159.8 MB  "collide:nn_last_partner"
[kp]    28.475s  alloc        705.3 MB  Cuda     live     4865.1 MB  "collide:nn_last_partner"
[kp]    28.476s  dealloc      705.3 MB  Cuda     live     4159.8 MB  "collide:nn_last_partner"
[kp]    28.496s  alloc        705.3 MB  Cuda     live     4865.1 MB  "collide:nn_last_partner"
[kp]    28.497s  dealloc      705.3 MB  Cuda     live     4159.8 MB  "collide:nn_last_partner"
[kp]    28.516s  alloc        705.3 MB  Cuda     live     4865.1 MB  "collide:nn_last_partner"
[kp]    28.518s  dealloc      705.3 MB  Cuda     live     4159.8 MB  "collide:nn_last_partner"
[kp]    28.537s  alloc        705.3 MB  Cuda     live     4865.1 MB  "collide:nn_last_partner"
[kp]    28.539s  dealloc      705.3 MB  Cuda     live     4159.8 MB  "collide:nn_last_partner"
[kp]    28.558s  alloc        705.3 MB  Cuda     live     4865.1 MB  "collide:nn_last_partner"
[kp]    28.559s  dealloc      705.3 MB  Cuda     live     4159.8 MB  "collide:nn_last_partner"
[kp]    28.579s  alloc        705.3 MB  Cuda     live     4865.1 MB  "collide:nn_last_partner"
[kp]    28.580s  dealloc      705.3 MB  Cuda     live     4159.8 MB  "collide:nn_last_partner"
[kp]    28.599s  alloc        705.3 MB  Cuda     live     4865.1 MB  "collide:nn_last_partner"
[kp]    28.600s  dealloc      705.3 MB  Cuda     live     4159.8 MB  "collide:nn_last_partner"
[kp]    28.620s  alloc        705.3 MB  Cuda     live     4865.1 MB  "collide:nn_last_partner"
[kp]    28.621s  dealloc      705.3 MB  Cuda     live     4159.8 MB  "collide:nn_last_partner"
[kp]    28.641s  alloc        705.3 MB  Cuda     live     4865.1 MB  "collide:nn_last_partner"
[kp]    28.642s  dealloc      705.3 MB  Cuda     live     4159.8 MB  "collide:nn_last_partner"
[kp]    28.661s  alloc        705.3 MB  Cuda     live     4865.1 MB  "collide:nn_last_partner"
[kp]    28.663s  dealloc      705.3 MB  Cuda     live     4159.8 MB  "collide:nn_last_partner"
[kp]    28.682s  alloc        705.3 MB  Cuda     live     4865.1 MB  "collide:nn_last_partner"
[kp]    28.683s  dealloc      705.3 MB  Cuda     live     4159.8 MB  "collide:nn_last_partner"
[kp]    28.703s  alloc        705.3 MB  Cuda     live     4865.1 MB  "collide:nn_last_partner"
[kp]    28.704s  dealloc      705.3 MB  Cuda     live     4159.8 MB  "collide:nn_last_partner"
[kp]    28.723s  alloc        705.3 MB  Cuda     live     4865.1 MB  "collide:nn_last_partner"
[kp]    28.725s  dealloc      705.3 MB  Cuda     live     4159.8 MB  "collide:nn_last_partner"
[kp]    28.744s  alloc        705.3 MB  Cuda     live     4865.1 MB  "collide:nn_last_partner"
[kp]    28.745s  dealloc      705.3 MB  Cuda     live     4159.8 MB  "collide:nn_last_partner"
[kp]    28.764s  alloc        705.3 MB  Cuda     live     4865.1 MB  "collide:nn_last_partner"
[kp]    28.766s  dealloc      705.3 MB  Cuda     live     4159.8 MB  "collide:nn_last_partner"
[kp]    28.785s  alloc        705.3 MB  Cuda     live     4865.1 MB  "collide:nn_last_partner"
[kp]    28.786s  dealloc      705.3 MB  Cuda     live     4159.8 MB  "collide:nn_last_partner"
[kp]    28.806s  alloc        705.3 MB  Cuda     live     4865.1 MB  "collide:nn_last_partner"
[kp]    28.807s  dealloc      705.3 MB  Cuda     live     4159.8 MB  "collide:nn_last_partner"
[kp]    28.826s  alloc        705.3 MB  Cuda     live     4865.1 MB  "collide:nn_last_partner"
[kp]    28.828s  dealloc      705.3 MB  Cuda     live     4159.8 MB  "collide:nn_last_partner"
[kp]    28.847s  alloc        705.3 MB  Cuda     live     4865.1 MB  "collide:nn_last_partner"
[kp]    28.848s  dealloc      705.3 MB  Cuda     live     4159.8 MB  "collide:nn_last_partner"
[kp]    28.867s  alloc        705.3 MB  Cuda     live     4865.1 MB  "collide:nn_last_partner"
[kp]    28.869s  dealloc      705.3 MB  Cuda     live     4159.8 MB  "collide:nn_last_partner"
[kp]    28.888s  alloc        705.3 MB  Cuda     live     4865.1 MB  "collide:nn_last_partner"
[kp]    28.889s  dealloc      705.3 MB  Cuda     live     4159.8 MB  "collide:nn_last_partner"
[kp]    28.909s  alloc        705.3 MB  Cuda     live     4865.1 MB  "collide:nn_last_partner"
[kp]    28.910s  dealloc      705.3 MB  Cuda     live     4159.8 MB  "collide:nn_last_partner"
[kp]    28.929s  alloc        705.3 MB  Cuda     live     4865.1 MB  "collide:nn_last_partner"
[kp]    28.931s  dealloc      705.3 MB  Cuda     live     4159.8 MB  "collide:nn_last_partner"
[kp]    28.950s  alloc        705.3 MB  Cuda     live     4865.1 MB  "collide:nn_last_partner"
[kp]    28.951s  dealloc      705.3 MB  Cuda     live     4159.8 MB  "collide:nn_last_partner"
[kp]    28.994s  alloc        705.3 MB  Cuda     live     4865.1 MB  "collide:nn_last_partner"
[kp]    28.996s  dealloc      705.3 MB  Cuda     live     4159.8 MB  "collide:nn_last_partner"
[kp]    29.025s  alloc        705.3 MB  Cuda     live     4865.1 MB  "collide:nn_last_partner"
[kp]    29.026s  dealloc      705.3 MB  Cuda     live     4159.8 MB  "collide:nn_last_partner"
[kp]    29.046s  alloc        705.3 MB  Cuda     live     4865.1 MB  "collide:nn_last_partner"
[kp]    29.047s  dealloc      705.3 MB  Cuda     live     4159.8 MB  "collide:nn_last_partner"
[kp]    29.066s  alloc        705.3 MB  Cuda     live     4865.1 MB  "collide:nn_last_partner"
[kp]    29.068s  dealloc      705.3 MB  Cuda     live     4159.8 MB  "collide:nn_last_partner"
[kp]    29.087s  alloc        705.3 MB  Cuda     live     4865.1 MB  "collide:nn_last_partner"
[kp]    29.088s  dealloc      705.3 MB  Cuda     live     4159.8 MB  "collide:nn_last_partner"
[kp]    29.108s  alloc        705.3 MB  Cuda     live     4865.1 MB  "collide:nn_last_partner"
[kp]    29.109s  dealloc      705.3 MB  Cuda     live     4159.8 MB  "collide:nn_last_partner"
[kp]    29.128s  alloc        705.3 MB  Cuda     live     4865.1 MB  "collide:nn_last_partner"
[kp]    29.130s  dealloc      705.3 MB  Cuda     live     4159.8 MB  "collide:nn_last_partner"
[kp]    29.149s  alloc        705.3 MB  Cuda     live     4865.1 MB  "collide:nn_last_partner"
[kp]    29.151s  dealloc      705.3 MB  Cuda     live     4159.8 MB  "collide:nn_last_partner"
[kp]    29.170s  alloc        705.3 MB  Cuda     live     4865.1 MB  "collide:nn_last_partner"
[kp]    29.171s  dealloc      705.3 MB  Cuda     live     4159.8 MB  "collide:nn_last_partner"
[kp]    29.191s  alloc        705.3 MB  Cuda     live     4865.1 MB  "collide:nn_last_partner"
[kp]    29.193s  dealloc      705.3 MB  Cuda     live     4159.8 MB  "collide:nn_last_partner"
[kp]    29.212s  alloc        705.3 MB  Cuda     live     4865.1 MB  "collide:nn_last_partner"
[kp]    29.213s  dealloc      705.3 MB  Cuda     live     4159.8 MB  "collide:nn_last_partner"
[kp]    29.233s  alloc        705.3 MB  Cuda     live     4865.1 MB  "collide:nn_last_partner"
[kp]    29.234s  dealloc      705.3 MB  Cuda     live     4159.8 MB  "collide:nn_last_partner"
[kp]    29.253s  alloc        705.3 MB  Cuda     live     4865.1 MB  "collide:nn_last_partner"
[kp]    29.255s  dealloc      705.3 MB  Cuda     live     4159.8 MB  "collide:nn_last_partner"
[kp]    29.274s  alloc        705.3 MB  Cuda     live     4865.1 MB  "collide:nn_last_partner"
[kp]    29.275s  dealloc      705.3 MB  Cuda     live     4159.8 MB  "collide:nn_last_partner"
[kp]    29.294s  alloc        705.3 MB  Cuda     live     4865.1 MB  "collide:nn_last_partner"
[kp]    29.296s  dealloc      705.3 MB  Cuda     live     4159.8 MB  "collide:nn_last_partner"
[kp]    29.315s  alloc        705.3 MB  Cuda     live     4865.1 MB  "collide:nn_last_partner"
[kp]    29.316s  dealloc      705.3 MB  Cuda     live     4159.8 MB  "collide:nn_last_partner"
[kp]    29.336s  alloc        705.3 MB  Cuda     live     4865.1 MB  "collide:nn_last_partner"
[kp]    29.337s  dealloc      705.3 MB  Cuda     live     4159.8 MB  "collide:nn_last_partner"
[kp]    29.356s  alloc        705.3 MB  Cuda     live     4865.1 MB  "collide:nn_last_partner"
[kp]    29.357s  dealloc      705.3 MB  Cuda     live     4159.8 MB  "collide:nn_last_partner"
[kp]    29.377s  alloc        705.3 MB  Cuda     live     4865.1 MB  "collide:nn_last_partner"
[kp]    29.378s  dealloc      705.3 MB  Cuda     live     4159.8 MB  "collide:nn_last_partner"
[kp]    29.397s  alloc        705.3 MB  Cuda     live     4865.1 MB  "collide:nn_last_partner"
[kp]    29.399s  dealloc      705.3 MB  Cuda     live     4159.8 MB  "collide:nn_last_partner"
[kp]    29.418s  alloc        705.3 MB  Cuda     live     4865.1 MB  "collide:nn_last_partner"
[kp]    29.419s  dealloc      705.3 MB  Cuda     live     4159.8 MB  "collide:nn_last_partner"
[kp]    29.439s  alloc        705.3 MB  Cuda     live     4865.1 MB  "collide:nn_last_partner"
[kp]    29.440s  dealloc      705.3 MB  Cuda     live     4159.8 MB  "collide:nn_last_partner"
[kp]    29.459s  alloc        705.3 MB  Cuda     live     4865.1 MB  "collide:nn_last_partner"
[kp]    29.460s  dealloc      705.3 MB  Cuda     live     4159.8 MB  "collide:nn_last_partner"
[kp]    29.480s  alloc        705.3 MB  Cuda     live     4865.1 MB  "collide:nn_last_partner"
[kp]    29.481s  dealloc      705.3 MB  Cuda     live     4159.8 MB  "collide:nn_last_partner"
[kp]    29.504s  alloc        705.3 MB  Cuda     live     4865.1 MB  "collide:nn_last_partner"
[kp]    29.505s  dealloc      705.3 MB  Cuda     live     4159.8 MB  "collide:nn_last_partner"
[kp]    29.529s  alloc        705.3 MB  Cuda     live     4865.1 MB  "collide:nn_last_partner"
[kp]    29.531s  dealloc      705.3 MB  Cuda     live     4159.8 MB  "collide:nn_last_partner"
[kp]    29.550s  alloc        705.3 MB  Cuda     live     4865.1 MB  "collide:nn_last_partner"
[kp]    29.551s  dealloc      705.3 MB  Cuda     live     4159.8 MB  "collide:nn_last_partner"
[kp]    29.570s  alloc        705.3 MB  Cuda     live     4865.1 MB  "collide:nn_last_partner"
[kp]    29.571s  dealloc      705.3 MB  Cuda     live     4159.8 MB  "collide:nn_last_partner"
[kp]    29.591s  alloc        705.3 MB  Cuda     live     4865.1 MB  "collide:nn_last_partner"
[kp]    29.592s  dealloc      705.3 MB  Cuda     live     4159.8 MB  "collide:nn_last_partner"
[kp]    29.611s  alloc        705.3 MB  Cuda     live     4865.1 MB  "collide:nn_last_partner"
[kp]    29.613s  dealloc      705.3 MB  Cuda     live     4159.8 MB  "collide:nn_last_partner"
[kp]    29.632s  alloc        705.3 MB  Cuda     live     4865.1 MB  "collide:nn_last_partner"
[kp]    29.633s  dealloc      705.3 MB  Cuda     live     4159.8 MB  "collide:nn_last_partner"
[kp]    29.679s  alloc        705.3 MB  Cuda     live     4865.1 MB  "collide:nn_last_partner"
[kp]    29.682s  dealloc      705.3 MB  Cuda     live     4159.8 MB  "collide:nn_last_partner"
[kp]    29.701s  alloc        705.3 MB  Cuda     live     4865.1 MB  "collide:nn_last_partner"
[kp]    29.703s  dealloc      705.3 MB  Cuda     live     4159.8 MB  "collide:nn_last_partner"
[kp]    29.722s  alloc        705.3 MB  Cuda     live     4865.1 MB  "collide:nn_last_partner"
[kp]    29.724s  dealloc      705.3 MB  Cuda     live     4159.8 MB  "collide:nn_last_partner"
[kp]    29.743s  alloc        705.3 MB  Cuda     live     4865.1 MB  "collide:nn_last_partner"
[kp]    29.744s  dealloc      705.3 MB  Cuda     live     4159.8 MB  "collide:nn_last_partner"
[kp]    29.764s  alloc        705.3 MB  Cuda     live     4865.1 MB  "collide:nn_last_partner"
[kp]    29.765s  dealloc      705.3 MB  Cuda     live     4159.8 MB  "collide:nn_last_partner"
[kp]    29.785s  alloc        705.3 MB  Cuda     live     4865.1 MB  "collide:nn_last_partner"
[kp]    29.786s  dealloc      705.3 MB  Cuda     live     4159.8 MB  "collide:nn_last_partner"
[kp]    29.805s  alloc        705.3 MB  Cuda     live     4865.1 MB  "collide:nn_last_partner"
[kp]    29.806s  dealloc      705.3 MB  Cuda     live     4159.8 MB  "collide:nn_last_partner"
[kp]    29.826s  alloc        705.3 MB  Cuda     live     4865.1 MB  "collide:nn_last_partner"
[kp]    29.827s  dealloc      705.3 MB  Cuda     live     4159.8 MB  "collide:nn_last_partner"
[kp]    29.846s  alloc        705.3 MB  Cuda     live     4865.1 MB  "collide:nn_last_partner"
[kp]    29.848s  dealloc      705.3 MB  Cuda     live     4159.8 MB  "collide:nn_last_partner"
[kp]    29.868s  alloc        705.3 MB  Cuda     live     4865.1 MB  "collide:nn_last_partner"
[kp]    29.869s  dealloc      705.3 MB  Cuda     live     4159.8 MB  "collide:nn_last_partner"
[kp]    29.888s  alloc        705.3 MB  Cuda     live     4865.1 MB  "collide:nn_last_partner"
[kp]    29.890s  dealloc      705.3 MB  Cuda     live     4159.8 MB  "collide:nn_last_partner"
[kp]    29.909s  alloc        705.3 MB  Cuda     live     4865.1 MB  "collide:nn_last_partner"
[kp]    29.911s  dealloc      705.3 MB  Cuda     live     4159.8 MB  "collide:nn_last_partner"
[kp]    29.930s  alloc        705.3 MB  Cuda     live     4865.1 MB  "collide:nn_last_partner"
[kp]    29.931s  dealloc      705.3 MB  Cuda     live     4159.8 MB  "collide:nn_last_partner"
     900    20.688389 1.2655694e-07    42.185653        3e-09 29093889   105058    57321        0        0    295.25712 
[kp]    30.081s  alloc        705.3 MB  Cuda     live     4865.1 MB  "collide:nn_last_partner"
[kp]    30.082s  dealloc      705.3 MB  Cuda     live     4159.8 MB  "collide:nn_last_partner"
[kp]    30.102s  alloc        705.3 MB  Cuda     live     4865.1 MB  "collide:nn_last_partner"
[kp]    30.103s  dealloc      705.3 MB  Cuda     live     4159.8 MB  "collide:nn_last_partner"
[kp]    30.122s  alloc        705.3 MB  Cuda     live     4865.1 MB  "collide:nn_last_partner"
[kp]    30.123s  dealloc      705.3 MB  Cuda     live     4159.8 MB  "collide:nn_last_partner"
[kp]    30.143s  alloc        705.3 MB  Cuda     live     4865.1 MB  "collide:nn_last_partner"
[kp]    30.144s  dealloc      705.3 MB  Cuda     live     4159.8 MB  "collide:nn_last_partner"
[kp]    30.163s  alloc        705.3 MB  Cuda     live     4865.1 MB  "collide:nn_last_partner"
[kp]    30.165s  dealloc      705.3 MB  Cuda     live     4159.8 MB  "collide:nn_last_partner"
[kp]    30.184s  alloc        705.3 MB  Cuda     live     4865.1 MB  "collide:nn_last_partner"
[kp]    30.185s  dealloc      705.3 MB  Cuda     live     4159.8 MB  "collide:nn_last_partner"
[kp]    30.204s  alloc        705.3 MB  Cuda     live     4865.1 MB  "collide:nn_last_partner"
[kp]    30.206s  dealloc      705.3 MB  Cuda     live     4159.8 MB  "collide:nn_last_partner"
[kp]    30.225s  alloc        705.3 MB  Cuda     live     4865.1 MB  "collide:nn_last_partner"
[kp]    30.226s  dealloc      705.3 MB  Cuda     live     4159.8 MB  "collide:nn_last_partner"
[kp]    30.246s  alloc        705.3 MB  Cuda     live     4865.1 MB  "collide:nn_last_partner"
[kp]    30.247s  dealloc      705.3 MB  Cuda     live     4159.8 MB  "collide:nn_last_partner"
[kp]    30.266s  alloc        705.3 MB  Cuda     live     4865.1 MB  "collide:nn_last_partner"
[kp]    30.267s  dealloc      705.3 MB  Cuda     live     4159.8 MB  "collide:nn_last_partner"
[kp]    30.287s  alloc        705.3 MB  Cuda     live     4865.1 MB  "collide:nn_last_partner"
[kp]    30.288s  dealloc      705.3 MB  Cuda     live     4159.8 MB  "collide:nn_last_partner"
[kp]    30.307s  alloc        705.3 MB  Cuda     live     4865.1 MB  "collide:nn_last_partner"
[kp]    30.309s  dealloc      705.3 MB  Cuda     live     4159.8 MB  "collide:nn_last_partner"
[kp]    30.328s  alloc        705.3 MB  Cuda     live     4865.1 MB  "collide:nn_last_partner"
[kp]    30.329s  dealloc      705.3 MB  Cuda     live     4159.8 MB  "collide:nn_last_partner"
[kp]    30.348s  alloc        705.3 MB  Cuda     live     4865.1 MB  "collide:nn_last_partner"
[kp]    30.349s  dealloc      705.3 MB  Cuda     live     4159.8 MB  "collide:nn_last_partner"
[kp]    30.368s  alloc        705.3 MB  Cuda     live     4865.1 MB  "collide:nn_last_partner"
[kp]    30.370s  dealloc      705.3 MB  Cuda     live     4159.8 MB  "collide:nn_last_partner"
[kp]    30.389s  alloc        705.3 MB  Cuda     live     4865.1 MB  "collide:nn_last_partner"
[kp]    30.390s  dealloc      705.3 MB  Cuda     live     4159.8 MB  "collide:nn_last_partner"
[kp]    30.410s  alloc        705.3 MB  Cuda     live     4865.1 MB  "collide:nn_last_partner"
[kp]    30.411s  dealloc      705.3 MB  Cuda     live     4159.8 MB  "collide:nn_last_partner"
[kp]    30.431s  alloc        705.3 MB  Cuda     live     4865.1 MB  "collide:nn_last_partner"
[kp]    30.432s  dealloc      705.3 MB  Cuda     live     4159.8 MB  "collide:nn_last_partner"
[kp]    30.452s  alloc        705.3 MB  Cuda     live     4865.1 MB  "collide:nn_last_partner"
[kp]    30.453s  dealloc      705.3 MB  Cuda     live     4159.8 MB  "collide:nn_last_partner"
[kp]    30.472s  alloc        705.3 MB  Cuda     live     4865.1 MB  "collide:nn_last_partner"
[kp]    30.474s  dealloc      705.3 MB  Cuda     live     4159.8 MB  "collide:nn_last_partner"
[kp]    30.493s  alloc        705.3 MB  Cuda     live     4865.1 MB  "collide:nn_last_partner"
[kp]    30.494s  dealloc      705.3 MB  Cuda     live     4159.8 MB  "collide:nn_last_partner"
[kp]    30.514s  alloc        705.3 MB  Cuda     live     4865.1 MB  "collide:nn_last_partner"
[kp]    30.515s  dealloc      705.3 MB  Cuda     live     4159.8 MB  "collide:nn_last_partner"
[kp]    30.534s  alloc        705.3 MB  Cuda     live     4865.1 MB  "collide:nn_last_partner"
[kp]    30.536s  dealloc      705.3 MB  Cuda     live     4159.8 MB  "collide:nn_last_partner"
[kp]    30.565s  alloc        705.3 MB  Cuda     live     4865.1 MB  "collide:nn_last_partner"
[kp]    30.566s  dealloc      705.3 MB  Cuda     live     4159.8 MB  "collide:nn_last_partner"
[kp]    30.586s  alloc        705.3 MB  Cuda     live     4865.1 MB  "collide:nn_last_partner"
[kp]    30.587s  dealloc      705.3 MB  Cuda     live     4159.8 MB  "collide:nn_last_partner"
[kp]    30.608s  alloc        705.3 MB  Cuda     live     4865.1 MB  "collide:nn_last_partner"
[kp]    30.611s  dealloc      705.3 MB  Cuda     live     4159.8 MB  "collide:nn_last_partner"
[kp]    30.630s  alloc        705.3 MB  Cuda     live     4865.1 MB  "collide:nn_last_partner"
[kp]    30.631s  dealloc      705.3 MB  Cuda     live     4159.8 MB  "collide:nn_last_partner"
[kp]    30.650s  alloc        705.3 MB  Cuda     live     4865.1 MB  "collide:nn_last_partner"
[kp]    30.652s  dealloc      705.3 MB  Cuda     live     4159.8 MB  "collide:nn_last_partner"
[kp]    30.671s  alloc        705.3 MB  Cuda     live     4865.1 MB  "collide:nn_last_partner"
[kp]    30.672s  dealloc      705.3 MB  Cuda     live     4159.8 MB  "collide:nn_last_partner"
[kp]    30.692s  alloc        705.3 MB  Cuda     live     4865.1 MB  "collide:nn_last_partner"
[kp]    30.693s  dealloc      705.3 MB  Cuda     live     4159.8 MB  "collide:nn_last_partner"
[kp]    30.712s  alloc        705.3 MB  Cuda     live     4865.1 MB  "collide:nn_last_partner"
[kp]    30.713s  dealloc      705.3 MB  Cuda     live     4159.8 MB  "collide:nn_last_partner"
[kp]    30.733s  alloc        705.3 MB  Cuda     live     4865.1 MB  "collide:nn_last_partner"
[kp]    30.734s  dealloc      705.3 MB  Cuda     live     4159.8 MB  "collide:nn_last_partner"
[kp]    30.753s  alloc        705.3 MB  Cuda     live     4865.1 MB  "collide:nn_last_partner"
[kp]    30.754s  dealloc      705.3 MB  Cuda     live     4159.8 MB  "collide:nn_last_partner"
[kp]    30.774s  alloc        705.3 MB  Cuda     live     4865.1 MB  "collide:nn_last_partner"
[kp]    30.775s  dealloc      705.3 MB  Cuda     live     4159.8 MB  "collide:nn_last_partner"
[kp]    30.795s  alloc        705.3 MB  Cuda     live     4865.1 MB  "collide:nn_last_partner"
[kp]    30.796s  dealloc      705.3 MB  Cuda     live     4159.8 MB  "collide:nn_last_partner"
[kp]    30.816s  alloc        705.3 MB  Cuda     live     4865.1 MB  "collide:nn_last_partner"
[kp]    30.817s  dealloc      705.3 MB  Cuda     live     4159.8 MB  "collide:nn_last_partner"
[kp]    30.836s  alloc        705.3 MB  Cuda     live     4865.1 MB  "collide:nn_last_partner"
[kp]    30.838s  dealloc      705.3 MB  Cuda     live     4159.8 MB  "collide:nn_last_partner"
[kp]    30.857s  alloc        705.3 MB  Cuda     live     4865.1 MB  "collide:nn_last_partner"
[kp]    30.858s  dealloc      705.3 MB  Cuda     live     4159.8 MB  "collide:nn_last_partner"
[kp]    30.882s  alloc        705.3 MB  Cuda     live     4865.1 MB  "collide:nn_last_partner"
[kp]    30.883s  dealloc      705.3 MB  Cuda     live     4159.8 MB  "collide:nn_last_partner"
[kp]    30.902s  alloc        705.3 MB  Cuda     live     4865.1 MB  "collide:nn_last_partner"
[kp]    30.904s  dealloc      705.3 MB  Cuda     live     4159.8 MB  "collide:nn_last_partner"
[kp]    30.923s  alloc        705.3 MB  Cuda     live     4865.1 MB  "collide:nn_last_partner"
[kp]    30.924s  dealloc      705.3 MB  Cuda     live     4159.8 MB  "collide:nn_last_partner"
[kp]    30.943s  alloc        705.3 MB  Cuda     live     4865.1 MB  "collide:nn_last_partner"
[kp]    30.945s  dealloc      705.3 MB  Cuda     live     4159.8 MB  "collide:nn_last_partner"
[kp]    30.964s  alloc        705.3 MB  Cuda     live     4865.1 MB  "collide:nn_last_partner"
[kp]    30.965s  dealloc      705.3 MB  Cuda     live     4159.8 MB  "collide:nn_last_partner"
[kp]    30.984s  alloc        705.3 MB  Cuda     live     4865.1 MB  "collide:nn_last_partner"
[kp]    30.985s  dealloc      705.3 MB  Cuda     live     4159.8 MB  "collide:nn_last_partner"
[kp]    31.005s  alloc        705.3 MB  Cuda     live     4865.1 MB  "collide:nn_last_partner"
[kp]    31.006s  dealloc      705.3 MB  Cuda     live     4159.8 MB  "collide:nn_last_partner"
[kp]    31.025s  alloc        705.3 MB  Cuda     live     4865.1 MB  "collide:nn_last_partner"
[kp]    31.026s  dealloc      705.3 MB  Cuda     live     4159.8 MB  "collide:nn_last_partner"
[kp]    31.046s  alloc        705.3 MB  Cuda     live     4865.1 MB  "collide:nn_last_partner"
[kp]    31.047s  dealloc      705.3 MB  Cuda     live     4159.8 MB  "collide:nn_last_partner"
[kp]    31.066s  alloc        705.3 MB  Cuda     live     4865.1 MB  "collide:nn_last_partner"
[kp]    31.067s  dealloc      705.3 MB  Cuda     live     4159.8 MB  "collide:nn_last_partner"
[kp]    31.095s  alloc        705.3 MB  Cuda     live     4865.1 MB  "collide:nn_last_partner"
[kp]    31.096s  dealloc      705.3 MB  Cuda     live     4159.8 MB  "collide:nn_last_partner"
[kp]    31.118s  alloc        705.3 MB  Cuda     live     4865.1 MB  "collide:nn_last_partner"
[kp]    31.120s  dealloc      705.3 MB  Cuda     live     4159.8 MB  "collide:nn_last_partner"
[kp]    31.140s  alloc        705.3 MB  Cuda     live     4865.1 MB  "collide:nn_last_partner"
[kp]    31.141s  dealloc      705.3 MB  Cuda     live     4159.8 MB  "collide:nn_last_partner"
[kp]    31.161s  alloc        705.3 MB  Cuda     live     4865.1 MB  "collide:nn_last_partner"
[kp]    31.162s  dealloc      705.3 MB  Cuda     live     4159.8 MB  "collide:nn_last_partner"
[kp]    31.182s  alloc        705.3 MB  Cuda     live     4865.1 MB  "collide:nn_last_partner"
[kp]    31.183s  dealloc      705.3 MB  Cuda     live     4159.8 MB  "collide:nn_last_partner"
[kp]    31.202s  alloc        705.3 MB  Cuda     live     4865.1 MB  "collide:nn_last_partner"
[kp]    31.203s  dealloc      705.3 MB  Cuda     live     4159.8 MB  "collide:nn_last_partner"
[kp]    31.223s  alloc        705.3 MB  Cuda     live     4865.1 MB  "collide:nn_last_partner"
[kp]    31.224s  dealloc      705.3 MB  Cuda     live     4159.8 MB  "collide:nn_last_partner"
[kp]    31.244s  alloc        705.3 MB  Cuda     live     4865.1 MB  "collide:nn_last_partner"
[kp]    31.245s  dealloc      705.3 MB  Cuda     live     4159.8 MB  "collide:nn_last_partner"
[kp]    31.264s  alloc        705.3 MB  Cuda     live     4865.1 MB  "collide:nn_last_partner"
[kp]    31.265s  dealloc      705.3 MB  Cuda     live     4159.8 MB  "collide:nn_last_partner"
[kp]    31.284s  alloc        705.3 MB  Cuda     live     4865.1 MB  "collide:nn_last_partner"
[kp]    31.286s  dealloc      705.3 MB  Cuda     live     4159.8 MB  "collide:nn_last_partner"
[kp]    31.305s  alloc        705.3 MB  Cuda     live     4865.1 MB  "collide:nn_last_partner"
[kp]    31.307s  dealloc      705.3 MB  Cuda     live     4159.8 MB  "collide:nn_last_partner"
[kp]    31.331s  alloc        705.3 MB  Cuda     live     4865.1 MB  "collide:nn_last_partner"
[kp]    31.332s  dealloc      705.3 MB  Cuda     live     4159.8 MB  "collide:nn_last_partner"
[kp]    31.356s  alloc        705.3 MB  Cuda     live     4865.1 MB  "collide:nn_last_partner"
[kp]    31.357s  dealloc      705.3 MB  Cuda     live     4159.8 MB  "collide:nn_last_partner"
[kp]    31.376s  alloc        705.3 MB  Cuda     live     4865.1 MB  "collide:nn_last_partner"
[kp]    31.377s  dealloc      705.3 MB  Cuda     live     4159.8 MB  "collide:nn_last_partner"
[kp]    31.397s  alloc        705.3 MB  Cuda     live     4865.1 MB  "collide:nn_last_partner"
[kp]    31.398s  dealloc      705.3 MB  Cuda     live     4159.8 MB  "collide:nn_last_partner"
[kp]    31.417s  alloc        705.3 MB  Cuda     live     4865.1 MB  "collide:nn_last_partner"
[kp]    31.418s  dealloc      705.3 MB  Cuda     live     4159.8 MB  "collide:nn_last_partner"
[kp]    31.437s  alloc        705.3 MB  Cuda     live     4865.1 MB  "collide:nn_last_partner"
[kp]    31.439s  dealloc      705.3 MB  Cuda     live     4159.8 MB  "collide:nn_last_partner"
[kp]    31.458s  alloc        705.3 MB  Cuda     live     4865.1 MB  "collide:nn_last_partner"
[kp]    31.459s  dealloc      705.3 MB  Cuda     live     4159.8 MB  "collide:nn_last_partner"
[kp]    31.478s  alloc        705.3 MB  Cuda     live     4865.1 MB  "collide:nn_last_partner"
[kp]    31.479s  dealloc      705.3 MB  Cuda     live     4159.8 MB  "collide:nn_last_partner"
[kp]    31.499s  alloc        705.3 MB  Cuda     live     4865.1 MB  "collide:nn_last_partner"
[kp]    31.500s  dealloc      705.3 MB  Cuda     live     4159.8 MB  "collide:nn_last_partner"
[kp]    31.519s  alloc        705.3 MB  Cuda     live     4865.1 MB  "collide:nn_last_partner"
[kp]    31.520s  dealloc      705.3 MB  Cuda     live     4159.8 MB  "collide:nn_last_partner"
[kp]    31.540s  alloc        705.3 MB  Cuda     live     4865.1 MB  "collide:nn_last_partner"
[kp]    31.541s  dealloc      705.3 MB  Cuda     live     4159.8 MB  "collide:nn_last_partner"
[kp]    31.560s  alloc        705.3 MB  Cuda     live     4865.1 MB  "collide:nn_last_partner"
[kp]    31.561s  dealloc      705.3 MB  Cuda     live     4159.8 MB  "collide:nn_last_partner"
[kp]    31.580s  alloc        705.3 MB  Cuda     live     4865.1 MB  "collide:nn_last_partner"
[kp]    31.582s  dealloc      705.3 MB  Cuda     live     4159.8 MB  "collide:nn_last_partner"
[kp]    31.601s  alloc        705.3 MB  Cuda     live     4865.1 MB  "collide:nn_last_partner"
[kp]    31.619s  dealloc      705.3 MB  Cuda     live     4159.8 MB  "collide:nn_last_partner"
[kp]    31.638s  alloc        705.3 MB  Cuda     live     4865.1 MB  "collide:nn_last_partner"
[kp]    31.639s  dealloc      705.3 MB  Cuda     live     4159.8 MB  "collide:nn_last_partner"
[kp]    31.658s  alloc        705.3 MB  Cuda     live     4865.1 MB  "collide:nn_last_partner"
[kp]    31.660s  dealloc      705.3 MB  Cuda     live     4159.8 MB  "collide:nn_last_partner"
[kp]    31.679s  alloc        705.3 MB  Cuda     live     4865.1 MB  "collide:nn_last_partner"
[kp]    31.680s  dealloc      705.3 MB  Cuda     live     4159.8 MB  "collide:nn_last_partner"
[kp]    31.700s  alloc        705.3 MB  Cuda     live     4865.1 MB  "collide:nn_last_partner"
[kp]    31.701s  dealloc      705.3 MB  Cuda     live     4159.8 MB  "collide:nn_last_partner"
[kp]    31.720s  alloc        705.3 MB  Cuda     live     4865.1 MB  "collide:nn_last_partner"
[kp]    31.721s  dealloc      705.3 MB  Cuda     live     4159.8 MB  "collide:nn_last_partner"
[kp]    31.740s  alloc        705.3 MB  Cuda     live     4865.1 MB  "collide:nn_last_partner"
[kp]    31.742s  dealloc      705.3 MB  Cuda     live     4159.8 MB  "collide:nn_last_partner"
[kp]    31.761s  alloc        705.3 MB  Cuda     live     4865.1 MB  "collide:nn_last_partner"
[kp]    31.762s  dealloc      705.3 MB  Cuda     live     4159.8 MB  "collide:nn_last_partner"
[kp]    31.781s  alloc        705.3 MB  Cuda     live     4865.1 MB  "collide:nn_last_partner"
[kp]    31.782s  dealloc      705.3 MB  Cuda     live     4159.8 MB  "collide:nn_last_partner"
[kp]    31.828s  alloc        705.3 MB  Cuda     live     4865.1 MB  "collide:nn_last_partner"
[kp]    31.829s  dealloc      705.3 MB  Cuda     live     4159.8 MB  "collide:nn_last_partner"
[kp]    31.849s  alloc        705.3 MB  Cuda     live     4865.1 MB  "collide:nn_last_partner"
[kp]    31.850s  dealloc      705.3 MB  Cuda     live     4159.8 MB  "collide:nn_last_partner"
[kp]    31.870s  alloc        705.3 MB  Cuda     live     4865.1 MB  "collide:nn_last_partner"
[kp]    31.871s  dealloc      705.3 MB  Cuda     live     4159.8 MB  "collide:nn_last_partner"
[kp]    31.891s  alloc        705.3 MB  Cuda     live     4865.1 MB  "collide:nn_last_partner"
[kp]    31.892s  dealloc      705.3 MB  Cuda     live     4159.8 MB  "collide:nn_last_partner"
[kp]    31.912s  alloc        705.3 MB  Cuda     live     4865.1 MB  "collide:nn_last_partner"
[kp]    31.913s  dealloc      705.3 MB  Cuda     live     4159.8 MB  "collide:nn_last_partner"
[kp]    31.932s  alloc        705.3 MB  Cuda     live     4865.1 MB  "collide:nn_last_partner"
[kp]    31.934s  dealloc      705.3 MB  Cuda     live     4159.8 MB  "collide:nn_last_partner"
[kp]    31.953s  alloc        705.3 MB  Cuda     live     4865.1 MB  "collide:nn_last_partner"
[kp]    31.955s  dealloc      705.3 MB  Cuda     live     4159.8 MB  "collide:nn_last_partner"
[kp]    31.974s  alloc        705.3 MB  Cuda     live     4865.1 MB  "collide:nn_last_partner"
[kp]    31.975s  dealloc      705.3 MB  Cuda     live     4159.8 MB  "collide:nn_last_partner"
[kp]    31.994s  alloc        705.3 MB  Cuda     live     4865.1 MB  "collide:nn_last_partner"
[kp]    31.996s  dealloc      705.3 MB  Cuda     live     4159.8 MB  "collide:nn_last_partner"
[kp]    32.015s  alloc        705.3 MB  Cuda     live     4865.1 MB  "collide:nn_last_partner"
[kp]    32.016s  dealloc      705.3 MB  Cuda     live     4159.8 MB  "collide:nn_last_partner"
[kp]    32.035s  alloc        705.3 MB  Cuda     live     4865.1 MB  "collide:nn_last_partner"
[kp]    32.037s  dealloc      705.3 MB  Cuda     live     4159.8 MB  "collide:nn_last_partner"
[kp]    32.056s  alloc        705.3 MB  Cuda     live     4865.1 MB  "collide:nn_last_partner"
[kp]    32.057s  dealloc      705.3 MB  Cuda     live     4159.8 MB  "collide:nn_last_partner"
[kp]    32.077s  alloc        705.3 MB  Cuda     live     4865.1 MB  "collide:nn_last_partner"
[kp]    32.078s  dealloc      705.3 MB  Cuda     live     4159.8 MB  "collide:nn_last_partner"
[kp]    32.097s  alloc        705.3 MB  Cuda     live     4865.1 MB  "collide:nn_last_partner"
[kp]    32.098s  dealloc      705.3 MB  Cuda     live     4159.8 MB  "collide:nn_last_partner"
[kp]    32.118s  alloc        705.3 MB  Cuda     live     4865.1 MB  "collide:nn_last_partner"
[kp]    32.119s  dealloc      705.3 MB  Cuda     live     4159.8 MB  "collide:nn_last_partner"
[kp]    32.151s  alloc        705.3 MB  Cuda     live     4865.1 MB  "collide:nn_last_partner"
[kp]    32.152s  dealloc      705.3 MB  Cuda     live     4159.8 MB  "collide:nn_last_partner"
[kp]    32.172s  alloc        705.3 MB  Cuda     live     4865.1 MB  "collide:nn_last_partner"
[kp]    32.173s  dealloc      705.3 MB  Cuda     live     4159.8 MB  "collide:nn_last_partner"
[kp]    32.192s  alloc        705.3 MB  Cuda     live     4865.1 MB  "collide:nn_last_partner"
[kp]    32.194s  dealloc      705.3 MB  Cuda     live     4159.8 MB  "collide:nn_last_partner"
[kp]    32.213s  alloc        705.3 MB  Cuda     live     4865.1 MB  "collide:nn_last_partner"
[kp]    32.214s  dealloc      705.3 MB  Cuda     live     4159.8 MB  "collide:nn_last_partner"
    1000    22.953137 1.3246507e-07    44.155023        3e-09 28959284   104975    57184        0        0    295.01342 
[kp]    32.346s  alloc        705.3 MB  Cuda     live     4865.1 MB  "collide:nn_last_partner"
[kp]    32.347s  dealloc      705.3 MB  Cuda     live     4159.8 MB  "collide:nn_last_partner"
[kp]    32.366s  alloc        705.3 MB  Cuda     live     4865.1 MB  "collide:nn_last_partner"
[kp]    32.367s  dealloc      705.3 MB  Cuda     live     4159.8 MB  "collide:nn_last_partner"
[kp]    32.386s  alloc        705.3 MB  Cuda     live     4865.1 MB  "collide:nn_last_partner"
[kp]    32.387s  dealloc      705.3 MB  Cuda     live     4159.8 MB  "collide:nn_last_partner"
[kp]    32.407s  alloc        705.3 MB  Cuda     live     4865.1 MB  "collide:nn_last_partner"
[kp]    32.408s  dealloc      705.3 MB  Cuda     live     4159.8 MB  "collide:nn_last_partner"
[kp]    32.427s  alloc        705.3 MB  Cuda     live     4865.1 MB  "collide:nn_last_partner"
[kp]    32.429s  dealloc      705.3 MB  Cuda     live     4159.8 MB  "collide:nn_last_partner"
[kp]    32.448s  alloc        705.3 MB  Cuda     live     4865.1 MB  "collide:nn_last_partner"
[kp]    32.449s  dealloc      705.3 MB  Cuda     live     4159.8 MB  "collide:nn_last_partner"
[kp]    32.468s  alloc        705.3 MB  Cuda     live     4865.1 MB  "collide:nn_last_partner"
[kp]    32.469s  dealloc      705.3 MB  Cuda     live     4159.8 MB  "collide:nn_last_partner"
[kp]    32.489s  alloc        705.3 MB  Cuda     live     4865.1 MB  "collide:nn_last_partner"
[kp]    32.490s  dealloc      705.3 MB  Cuda     live     4159.8 MB  "collide:nn_last_partner"
[kp]    32.509s  alloc        705.3 MB  Cuda     live     4865.1 MB  "collide:nn_last_partner"
[kp]    32.510s  dealloc      705.3 MB  Cuda     live     4159.8 MB  "collide:nn_last_partner"
[kp]    32.530s  alloc        705.3 MB  Cuda     live     4865.1 MB  "collide:nn_last_partner"
[kp]    32.531s  dealloc      705.3 MB  Cuda     live     4159.8 MB  "collide:nn_last_partner"
[kp]    32.564s  alloc        705.3 MB  Cuda     live     4865.1 MB  "collide:nn_last_partner"
[kp]    32.565s  dealloc      705.3 MB  Cuda     live     4159.8 MB  "collide:nn_last_partner"
[kp]    32.586s  alloc        705.3 MB  Cuda     live     4865.1 MB  "collide:nn_last_partner"
[kp]    32.587s  dealloc      705.3 MB  Cuda     live     4159.8 MB  "collide:nn_last_partner"
[kp]    32.607s  alloc        705.3 MB  Cuda     live     4865.1 MB  "collide:nn_last_partner"
[kp]    32.609s  dealloc      705.3 MB  Cuda     live     4159.8 MB  "collide:nn_last_partner"
[kp]    32.628s  alloc        705.3 MB  Cuda     live     4865.1 MB  "collide:nn_last_partner"
[kp]    32.630s  dealloc      705.3 MB  Cuda     live     4159.8 MB  "collide:nn_last_partner"
[kp]    32.664s  alloc        705.3 MB  Cuda     live     4865.1 MB  "collide:nn_last_partner"
[kp]    32.665s  dealloc      705.3 MB  Cuda     live     4159.8 MB  "collide:nn_last_partner"
[kp]    32.689s  alloc        705.3 MB  Cuda     live     4865.1 MB  "collide:nn_last_partner"
[kp]    32.691s  dealloc      705.3 MB  Cuda     live     4159.8 MB  "collide:nn_last_partner"
[kp]    32.710s  alloc        705.3 MB  Cuda     live     4865.1 MB  "collide:nn_last_partner"
[kp]    32.711s  dealloc      705.3 MB  Cuda     live     4159.8 MB  "collide:nn_last_partner"
[kp]    32.730s  alloc        705.3 MB  Cuda     live     4865.1 MB  "collide:nn_last_partner"
[kp]    32.732s  dealloc      705.3 MB  Cuda     live     4159.8 MB  "collide:nn_last_partner"
[kp]    32.754s  alloc        705.3 MB  Cuda     live     4865.1 MB  "collide:nn_last_partner"
[kp]    32.755s  dealloc      705.3 MB  Cuda     live     4159.8 MB  "collide:nn_last_partner"
[kp]    32.775s  alloc        705.3 MB  Cuda     live     4865.1 MB  "collide:nn_last_partner"
[kp]    32.776s  dealloc      705.3 MB  Cuda     live     4159.8 MB  "collide:nn_last_partner"
[kp]    32.796s  alloc        705.3 MB  Cuda     live     4865.1 MB  "collide:nn_last_partner"
[kp]    32.797s  dealloc      705.3 MB  Cuda     live     4159.8 MB  "collide:nn_last_partner"
[kp]    32.817s  alloc        705.3 MB  Cuda     live     4865.1 MB  "collide:nn_last_partner"
[kp]    32.818s  dealloc      705.3 MB  Cuda     live     4159.8 MB  "collide:nn_last_partner"
[kp]    32.837s  alloc        705.3 MB  Cuda     live     4865.1 MB  "collide:nn_last_partner"
[kp]    32.838s  dealloc      705.3 MB  Cuda     live     4159.8 MB  "collide:nn_last_partner"
[kp]    32.857s  alloc        705.3 MB  Cuda     live     4865.1 MB  "collide:nn_last_partner"
[kp]    32.859s  dealloc      705.3 MB  Cuda     live     4159.8 MB  "collide:nn_last_partner"
[kp]    32.878s  alloc        705.3 MB  Cuda     live     4865.1 MB  "collide:nn_last_partner"
[kp]    32.879s  dealloc      705.3 MB  Cuda     live     4159.8 MB  "collide:nn_last_partner"
[kp]    32.898s  alloc        705.3 MB  Cuda     live     4865.1 MB  "collide:nn_last_partner"
[kp]    32.900s  dealloc      705.3 MB  Cuda     live     4159.8 MB  "collide:nn_last_partner"
[kp]    32.919s  alloc        705.3 MB  Cuda     live     4865.1 MB  "collide:nn_last_partner"
[kp]    32.920s  dealloc      705.3 MB  Cuda     live     4159.8 MB  "collide:nn_last_partner"
[kp]    32.939s  alloc        705.3 MB  Cuda     live     4865.1 MB  "collide:nn_last_partner"
[kp]    32.941s  dealloc      705.3 MB  Cuda     live     4159.8 MB  "collide:nn_last_partner"
[kp]    32.960s  alloc        705.3 MB  Cuda     live     4865.1 MB  "collide:nn_last_partner"
[kp]    32.961s  dealloc      705.3 MB  Cuda     live     4159.8 MB  "collide:nn_last_partner"
[kp]    32.980s  alloc        705.3 MB  Cuda     live     4865.1 MB  "collide:nn_last_partner"
[kp]    32.981s  dealloc      705.3 MB  Cuda     live     4159.8 MB  "collide:nn_last_partner"
[kp]    33.001s  alloc        705.3 MB  Cuda     live     4865.1 MB  "collide:nn_last_partner"
[kp]    33.003s  dealloc      705.3 MB  Cuda     live     4159.8 MB  "collide:nn_last_partner"
[kp]    33.022s  alloc        705.3 MB  Cuda     live     4865.1 MB  "collide:nn_last_partner"
[kp]    33.024s  dealloc      705.3 MB  Cuda     live     4159.8 MB  "collide:nn_last_partner"
[kp]    33.043s  alloc        705.3 MB  Cuda     live     4865.1 MB  "collide:nn_last_partner"
[kp]    33.044s  dealloc      705.3 MB  Cuda     live     4159.8 MB  "collide:nn_last_partner"
[kp]    33.063s  alloc        705.3 MB  Cuda     live     4865.1 MB  "collide:nn_last_partner"
[kp]    33.064s  dealloc      705.3 MB  Cuda     live     4159.8 MB  "collide:nn_last_partner"
[kp]    33.083s  alloc        705.3 MB  Cuda     live     4865.1 MB  "collide:nn_last_partner"
[kp]    33.084s  dealloc      705.3 MB  Cuda     live     4159.8 MB  "collide:nn_last_partner"
[kp]    33.104s  alloc        705.3 MB  Cuda     live     4865.1 MB  "collide:nn_last_partner"
[kp]    33.105s  dealloc      705.3 MB  Cuda     live     4159.8 MB  "collide:nn_last_partner"
[kp]    33.124s  alloc        705.3 MB  Cuda     live     4865.1 MB  "collide:nn_last_partner"
[kp]    33.125s  dealloc      705.3 MB  Cuda     live     4159.8 MB  "collide:nn_last_partner"
[kp]    33.145s  alloc        705.3 MB  Cuda     live     4865.1 MB  "collide:nn_last_partner"
[kp]    33.146s  dealloc      705.3 MB  Cuda     live     4159.8 MB  "collide:nn_last_partner"
[kp]    33.165s  alloc        705.3 MB  Cuda     live     4865.1 MB  "collide:nn_last_partner"
[kp]    33.166s  dealloc      705.3 MB  Cuda     live     4159.8 MB  "collide:nn_last_partner"
[kp]    33.193s  alloc        705.3 MB  Cuda     live     4865.1 MB  "collide:nn_last_partner"
[kp]    33.194s  dealloc      705.3 MB  Cuda     live     4159.8 MB  "collide:nn_last_partner"
[kp]    33.213s  alloc        705.3 MB  Cuda     live     4865.1 MB  "collide:nn_last_partner"
[kp]    33.214s  dealloc      705.3 MB  Cuda     live     4159.8 MB  "collide:nn_last_partner"
[kp]    33.234s  alloc        705.3 MB  Cuda     live     4865.1 MB  "collide:nn_last_partner"
[kp]    33.235s  dealloc      705.3 MB  Cuda     live     4159.8 MB  "collide:nn_last_partner"
[kp]    33.254s  alloc        705.3 MB  Cuda     live     4865.1 MB  "collide:nn_last_partner"
[kp]    33.255s  dealloc      705.3 MB  Cuda     live     4159.8 MB  "collide:nn_last_partner"
[kp]    33.275s  alloc        705.3 MB  Cuda     live     4865.1 MB  "collide:nn_last_partner"
[kp]    33.276s  dealloc      705.3 MB  Cuda     live     4159.8 MB  "collide:nn_last_partner"
[kp]    33.295s  alloc        705.3 MB  Cuda     live     4865.1 MB  "collide:nn_last_partner"
[kp]    33.296s  dealloc      705.3 MB  Cuda     live     4159.8 MB  "collide:nn_last_partner"
[kp]    33.316s  alloc        705.3 MB  Cuda     live     4865.1 MB  "collide:nn_last_partner"
[kp]    33.317s  dealloc      705.3 MB  Cuda     live     4159.8 MB  "collide:nn_last_partner"
[kp]    33.337s  alloc        705.3 MB  Cuda     live     4865.1 MB  "collide:nn_last_partner"
[kp]    33.339s  dealloc      705.3 MB  Cuda     live     4159.8 MB  "collide:nn_last_partner"
[kp]    33.358s  alloc        705.3 MB  Cuda     live     4865.1 MB  "collide:nn_last_partner"
[kp]    33.359s  dealloc      705.3 MB  Cuda     live     4159.8 MB  "collide:nn_last_partner"
[kp]    33.379s  alloc        705.3 MB  Cuda     live     4865.1 MB  "collide:nn_last_partner"
[kp]    33.380s  dealloc      705.3 MB  Cuda     live     4159.8 MB  "collide:nn_last_partner"
[kp]    33.399s  alloc        705.3 MB  Cuda     live     4865.1 MB  "collide:nn_last_partner"
[kp]    33.400s  dealloc      705.3 MB  Cuda     live     4159.8 MB  "collide:nn_last_partner"
[kp]    33.420s  alloc        705.3 MB  Cuda     live     4865.1 MB  "collide:nn_last_partner"
[kp]    33.421s  dealloc      705.3 MB  Cuda     live     4159.8 MB  "collide:nn_last_partner"
[kp]    33.440s  alloc        705.3 MB  Cuda     live     4865.1 MB  "collide:nn_last_partner"
[kp]    33.441s  dealloc      705.3 MB  Cuda     live     4159.8 MB  "collide:nn_last_partner"
[kp]    33.460s  alloc        705.3 MB  Cuda     live     4865.1 MB  "collide:nn_last_partner"
[kp]    33.462s  dealloc      705.3 MB  Cuda     live     4159.8 MB  "collide:nn_last_partner"
[kp]    33.481s  alloc        705.3 MB  Cuda     live     4865.1 MB  "collide:nn_last_partner"
[kp]    33.482s  dealloc      705.3 MB  Cuda     live     4159.8 MB  "collide:nn_last_partner"
[kp]    33.502s  alloc        705.3 MB  Cuda     live     4865.1 MB  "collide:nn_last_partner"
[kp]    33.504s  dealloc      705.3 MB  Cuda     live     4159.8 MB  "collide:nn_last_partner"
[kp]    33.523s  alloc        705.3 MB  Cuda     live     4865.1 MB  "collide:nn_last_partner"
[kp]    33.524s  dealloc      705.3 MB  Cuda     live     4159.8 MB  "collide:nn_last_partner"
[kp]    33.544s  alloc        705.3 MB  Cuda     live     4865.1 MB  "collide:nn_last_partner"
[kp]    33.545s  dealloc      705.3 MB  Cuda     live     4159.8 MB  "collide:nn_last_partner"
[kp]    33.564s  alloc        705.3 MB  Cuda     live     4865.1 MB  "collide:nn_last_partner"
[kp]    33.565s  dealloc      705.3 MB  Cuda     live     4159.8 MB  "collide:nn_last_partner"
[kp]    33.585s  alloc        705.3 MB  Cuda     live     4865.1 MB  "collide:nn_last_partner"
[kp]    33.586s  dealloc      705.3 MB  Cuda     live     4159.8 MB  "collide:nn_last_partner"
[kp]    33.605s  alloc        705.3 MB  Cuda     live     4865.1 MB  "collide:nn_last_partner"
[kp]    33.606s  dealloc      705.3 MB  Cuda     live     4159.8 MB  "collide:nn_last_partner"
[kp]    33.625s  alloc        705.3 MB  Cuda     live     4865.1 MB  "collide:nn_last_partner"
[kp]    33.627s  dealloc      705.3 MB  Cuda     live     4159.8 MB  "collide:nn_last_partner"
[kp]    33.646s  alloc        705.3 MB  Cuda     live     4865.1 MB  "collide:nn_last_partner"
[kp]    33.647s  dealloc      705.3 MB  Cuda     live     4159.8 MB  "collide:nn_last_partner"
[kp]    33.666s  alloc        705.3 MB  Cuda     live     4865.1 MB  "collide:nn_last_partner"
[kp]    33.667s  dealloc      705.3 MB  Cuda     live     4159.8 MB  "collide:nn_last_partner"
[kp]    33.687s  alloc        705.3 MB  Cuda     live     4865.1 MB  "collide:nn_last_partner"
[kp]    33.688s  dealloc      705.3 MB  Cuda     live     4159.8 MB  "collide:nn_last_partner"
[kp]    33.725s  alloc        705.3 MB  Cuda     live     4865.1 MB  "collide:nn_last_partner"
[kp]    33.726s  dealloc      705.3 MB  Cuda     live     4159.8 MB  "collide:nn_last_partner"
[kp]    33.746s  alloc        705.3 MB  Cuda     live     4865.1 MB  "collide:nn_last_partner"
[kp]    33.747s  dealloc      705.3 MB  Cuda     live     4159.8 MB  "collide:nn_last_partner"
[kp]    33.766s  alloc        705.3 MB  Cuda     live     4865.1 MB  "collide:nn_last_partner"
[kp]    33.767s  dealloc      705.3 MB  Cuda     live     4159.8 MB  "collide:nn_last_partner"
[kp]    33.786s  alloc        705.3 MB  Cuda     live     4865.1 MB  "collide:nn_last_partner"
[kp]    33.787s  dealloc      705.3 MB  Cuda     live     4159.8 MB  "collide:nn_last_partner"
[kp]    33.807s  alloc        705.3 MB  Cuda     live     4865.1 MB  "collide:nn_last_partner"
[kp]    33.808s  dealloc      705.3 MB  Cuda     live     4159.8 MB  "collide:nn_last_partner"
[kp]    33.827s  alloc        705.3 MB  Cuda     live     4865.1 MB  "collide:nn_last_partner"
[kp]    33.829s  dealloc      705.3 MB  Cuda     live     4159.8 MB  "collide:nn_last_partner"
[kp]    33.848s  alloc        705.3 MB  Cuda     live     4865.1 MB  "collide:nn_last_partner"
[kp]    33.849s  dealloc      705.3 MB  Cuda     live     4159.8 MB  "collide:nn_last_partner"
[kp]    33.869s  alloc        705.3 MB  Cuda     live     4865.1 MB  "collide:nn_last_partner"
[kp]    33.870s  dealloc      705.3 MB  Cuda     live     4159.8 MB  "collide:nn_last_partner"
[kp]    33.889s  alloc        705.3 MB  Cuda     live     4865.1 MB  "collide:nn_last_partner"
[kp]    33.890s  dealloc      705.3 MB  Cuda     live     4159.8 MB  "collide:nn_last_partner"
[kp]    33.910s  alloc        705.3 MB  Cuda     live     4865.1 MB  "collide:nn_last_partner"
[kp]    33.911s  dealloc      705.3 MB  Cuda     live     4159.8 MB  "collide:nn_last_partner"
[kp]    33.931s  alloc        705.3 MB  Cuda     live     4865.1 MB  "collide:nn_last_partner"
[kp]    33.932s  dealloc      705.3 MB  Cuda     live     4159.8 MB  "collide:nn_last_partner"
[kp]    33.954s  alloc        705.3 MB  Cuda     live     4865.1 MB  "collide:nn_last_partner"
[kp]    33.955s  dealloc      705.3 MB  Cuda     live     4159.8 MB  "collide:nn_last_partner"
[kp]    34.002s  alloc        705.3 MB  Cuda     live     4865.1 MB  "collide:nn_last_partner"
[kp]    34.003s  dealloc      705.3 MB  Cuda     live     4159.8 MB  "collide:nn_last_partner"
[kp]    34.023s  alloc        705.3 MB  Cuda     live     4865.1 MB  "collide:nn_last_partner"
[kp]    34.024s  dealloc      705.3 MB  Cuda     live     4159.8 MB  "collide:nn_last_partner"
[kp]    34.044s  alloc        705.3 MB  Cuda     live     4865.1 MB  "collide:nn_last_partner"
[kp]    34.045s  dealloc      705.3 MB  Cuda     live     4159.8 MB  "collide:nn_last_partner"
[kp]    34.065s  alloc        705.3 MB  Cuda     live     4865.1 MB  "collide:nn_last_partner"
[kp]    34.066s  dealloc      705.3 MB  Cuda     live     4159.8 MB  "collide:nn_last_partner"
[kp]    34.087s  alloc        705.3 MB  Cuda     live     4865.1 MB  "collide:nn_last_partner"
[kp]    34.088s  dealloc      705.3 MB  Cuda     live     4159.8 MB  "collide:nn_last_partner"
[kp]    34.108s  alloc        705.3 MB  Cuda     live     4865.1 MB  "collide:nn_last_partner"
[kp]    34.109s  dealloc      705.3 MB  Cuda     live     4159.8 MB  "collide:nn_last_partner"
[kp]    34.128s  alloc        705.3 MB  Cuda     live     4865.1 MB  "collide:nn_last_partner"
[kp]    34.129s  dealloc      705.3 MB  Cuda     live     4159.8 MB  "collide:nn_last_partner"
[kp]    34.149s  alloc        705.3 MB  Cuda     live     4865.1 MB  "collide:nn_last_partner"
[kp]    34.150s  dealloc      705.3 MB  Cuda     live     4159.8 MB  "collide:nn_last_partner"
[kp]    34.169s  alloc        705.3 MB  Cuda     live     4865.1 MB  "collide:nn_last_partner"
[kp]    34.171s  dealloc      705.3 MB  Cuda     live     4159.8 MB  "collide:nn_last_partner"
[kp]    34.190s  alloc        705.3 MB  Cuda     live     4865.1 MB  "collide:nn_last_partner"
[kp]    34.191s  dealloc      705.3 MB  Cuda     live     4159.8 MB  "collide:nn_last_partner"
[kp]    34.210s  alloc        705.3 MB  Cuda     live     4865.1 MB  "collide:nn_last_partner"
[kp]    34.211s  dealloc      705.3 MB  Cuda     live     4159.8 MB  "collide:nn_last_partner"
[kp]    34.244s  alloc        705.3 MB  Cuda     live     4865.1 MB  "collide:nn_last_partner"
[kp]    34.245s  dealloc      705.3 MB  Cuda     live     4159.8 MB  "collide:nn_last_partner"
[kp]    34.265s  alloc        705.3 MB  Cuda     live     4865.1 MB  "collide:nn_last_partner"
[kp]    34.266s  dealloc      705.3 MB  Cuda     live     4159.8 MB  "collide:nn_last_partner"
[kp]    34.285s  alloc        705.3 MB  Cuda     live     4865.1 MB  "collide:nn_last_partner"
[kp]    34.287s  dealloc      705.3 MB  Cuda     live     4159.8 MB  "collide:nn_last_partner"
[kp]    34.306s  alloc        705.3 MB  Cuda     live     4865.1 MB  "collide:nn_last_partner"
[kp]    34.307s  dealloc      705.3 MB  Cuda     live     4159.8 MB  "collide:nn_last_partner"
[kp]    34.327s  alloc        705.3 MB  Cuda     live     4865.1 MB  "collide:nn_last_partner"
[kp]    34.328s  dealloc      705.3 MB  Cuda     live     4159.8 MB  "collide:nn_last_partner"
[kp]    34.347s  alloc        705.3 MB  Cuda     live     4865.1 MB  "collide:nn_last_partner"
[kp]    34.349s  dealloc      705.3 MB  Cuda     live     4159.8 MB  "collide:nn_last_partner"
[kp]    34.368s  alloc        705.3 MB  Cuda     live     4865.1 MB  "collide:nn_last_partner"
[kp]    34.369s  dealloc      705.3 MB  Cuda     live     4159.8 MB  "collide:nn_last_partner"
[kp]    34.388s  alloc        705.3 MB  Cuda     live     4865.1 MB  "collide:nn_last_partner"
[kp]    34.389s  dealloc      705.3 MB  Cuda     live     4159.8 MB  "collide:nn_last_partner"
[kp]    34.409s  alloc        705.3 MB  Cuda     live     4865.1 MB  "collide:nn_last_partner"
[kp]    34.410s  dealloc      705.3 MB  Cuda     live     4159.8 MB  "collide:nn_last_partner"
[kp]    34.429s  alloc        705.3 MB  Cuda     live     4865.1 MB  "collide:nn_last_partner"
[kp]    34.430s  dealloc      705.3 MB  Cuda     live     4159.8 MB  "collide:nn_last_partner"
[kp]    34.450s  alloc        705.3 MB  Cuda     live     4865.1 MB  "collide:nn_last_partner"
[kp]    34.451s  dealloc      705.3 MB  Cuda     live     4159.8 MB  "collide:nn_last_partner"
[kp]    34.470s  alloc        705.3 MB  Cuda     live     4865.1 MB  "collide:nn_last_partner"
[kp]    34.472s  dealloc      705.3 MB  Cuda     live     4159.8 MB  "collide:nn_last_partner"
[kp]    34.491s  alloc        705.3 MB  Cuda     live     4865.1 MB  "collide:nn_last_partner"
[kp]    34.493s  dealloc      705.3 MB  Cuda     live     4159.8 MB  "collide:nn_last_partner"
    1100    25.229739 1.3177533e-07    43.925111        3e-09 28824888   104602    56675        0        0    294.79234 
[kp]    34.622s  alloc        705.3 MB  Cuda     live     4865.1 MB  "collide:nn_last_partner"
[kp]    34.624s  dealloc      705.3 MB  Cuda     live     4159.8 MB  "collide:nn_last_partner"
[kp]    34.643s  alloc        705.3 MB  Cuda     live     4865.1 MB  "collide:nn_last_partner"
[kp]    34.644s  dealloc      705.3 MB  Cuda     live     4159.8 MB  "collide:nn_last_partner"
[kp]    34.664s  alloc        705.3 MB  Cuda     live     4865.1 MB  "collide:nn_last_partner"
[kp]    34.665s  dealloc      705.3 MB  Cuda     live     4159.8 MB  "collide:nn_last_partner"
[kp]    34.684s  alloc        705.3 MB  Cuda     live     4865.1 MB  "collide:nn_last_partner"
[kp]    34.685s  dealloc      705.3 MB  Cuda     live     4159.8 MB  "collide:nn_last_partner"
[kp]    34.704s  alloc        705.3 MB  Cuda     live     4865.1 MB  "collide:nn_last_partner"
[kp]    34.706s  dealloc      705.3 MB  Cuda     live     4159.8 MB  "collide:nn_last_partner"
[kp]    34.725s  alloc        705.3 MB  Cuda     live     4865.1 MB  "collide:nn_last_partner"
[kp]    34.726s  dealloc      705.3 MB  Cuda     live     4159.8 MB  "collide:nn_last_partner"
[kp]    34.745s  alloc        705.3 MB  Cuda     live     4865.1 MB  "collide:nn_last_partner"
[kp]    34.746s  dealloc      705.3 MB  Cuda     live     4159.8 MB  "collide:nn_last_partner"
[kp]    34.774s  alloc        705.3 MB  Cuda     live     4865.1 MB  "collide:nn_last_partner"
[kp]    34.776s  dealloc      705.3 MB  Cuda     live     4159.8 MB  "collide:nn_last_partner"
[kp]    34.796s  alloc        705.3 MB  Cuda     live     4865.1 MB  "collide:nn_last_partner"
[kp]    34.797s  dealloc      705.3 MB  Cuda     live     4159.8 MB  "collide:nn_last_partner"
[kp]    34.817s  alloc        705.3 MB  Cuda     live     4865.1 MB  "collide:nn_last_partner"
[kp]    34.818s  dealloc      705.3 MB  Cuda     live     4159.8 MB  "collide:nn_last_partner"
[kp]    34.841s  alloc        705.3 MB  Cuda     live     4865.1 MB  "collide:nn_last_partner"
[kp]    34.842s  dealloc      705.3 MB  Cuda     live     4159.8 MB  "collide:nn_last_partner"
[kp]    34.862s  alloc        705.3 MB  Cuda     live     4865.1 MB  "collide:nn_last_partner"
[kp]    34.863s  dealloc      705.3 MB  Cuda     live     4159.8 MB  "collide:nn_last_partner"
[kp]    34.883s  alloc        705.3 MB  Cuda     live     4865.1 MB  "collide:nn_last_partner"
[kp]    34.884s  dealloc      705.3 MB  Cuda     live     4159.8 MB  "collide:nn_last_partner"
[kp]    34.903s  alloc        705.3 MB  Cuda     live     4865.1 MB  "collide:nn_last_partner"
[kp]    34.904s  dealloc      705.3 MB  Cuda     live     4159.8 MB  "collide:nn_last_partner"
[kp]    34.924s  alloc        705.3 MB  Cuda     live     4865.1 MB  "collide:nn_last_partner"
[kp]    34.925s  dealloc      705.3 MB  Cuda     live     4159.8 MB  "collide:nn_last_partner"
[kp]    34.944s  alloc        705.3 MB  Cuda     live     4865.1 MB  "collide:nn_last_partner"
[kp]    34.945s  dealloc      705.3 MB  Cuda     live     4159.8 MB  "collide:nn_last_partner"
[kp]    34.965s  alloc        705.3 MB  Cuda     live     4865.1 MB  "collide:nn_last_partner"
[kp]    34.966s  dealloc      705.3 MB  Cuda     live     4159.8 MB  "collide:nn_last_partner"
[kp]    34.986s  alloc        705.3 MB  Cuda     live     4865.1 MB  "collide:nn_last_partner"
[kp]    34.987s  dealloc      705.3 MB  Cuda     live     4159.8 MB  "collide:nn_last_partner"
[kp]    35.006s  alloc        705.3 MB  Cuda     live     4865.1 MB  "collide:nn_last_partner"
[kp]    35.008s  dealloc      705.3 MB  Cuda     live     4159.8 MB  "collide:nn_last_partner"
[kp]    35.027s  alloc        705.3 MB  Cuda     live     4865.1 MB  "collide:nn_last_partner"
[kp]    35.028s  dealloc      705.3 MB  Cuda     live     4159.8 MB  "collide:nn_last_partner"
[kp]    35.048s  alloc        705.3 MB  Cuda     live     4865.1 MB  "collide:nn_last_partner"
[kp]    35.049s  dealloc      705.3 MB  Cuda     live     4159.8 MB  "collide:nn_last_partner"
[kp]    35.068s  alloc        705.3 MB  Cuda     live     4865.1 MB  "collide:nn_last_partner"
[kp]    35.069s  dealloc      705.3 MB  Cuda     live     4159.8 MB  "collide:nn_last_partner"
[kp]    35.089s  alloc        705.3 MB  Cuda     live     4865.1 MB  "collide:nn_last_partner"
[kp]    35.090s  dealloc      705.3 MB  Cuda     live     4159.8 MB  "collide:nn_last_partner"
[kp]    35.109s  alloc        705.3 MB  Cuda     live     4865.1 MB  "collide:nn_last_partner"
[kp]    35.110s  dealloc      705.3 MB  Cuda     live     4159.8 MB  "collide:nn_last_partner"
[kp]    35.129s  alloc        705.3 MB  Cuda     live     4865.1 MB  "collide:nn_last_partner"
[kp]    35.131s  dealloc      705.3 MB  Cuda     live     4159.8 MB  "collide:nn_last_partner"
[kp]    35.150s  alloc        705.3 MB  Cuda     live     4865.1 MB  "collide:nn_last_partner"
[kp]    35.151s  dealloc      705.3 MB  Cuda     live     4159.8 MB  "collide:nn_last_partner"
[kp]    35.170s  alloc        705.3 MB  Cuda     live     4865.1 MB  "collide:nn_last_partner"
[kp]    35.172s  dealloc      705.3 MB  Cuda     live     4159.8 MB  "collide:nn_last_partner"
[kp]    35.191s  alloc        705.3 MB  Cuda     live     4865.1 MB  "collide:nn_last_partner"
[kp]    35.192s  dealloc      705.3 MB  Cuda     live     4159.8 MB  "collide:nn_last_partner"
[kp]    35.211s  alloc        705.3 MB  Cuda     live     4865.1 MB  "collide:nn_last_partner"
[kp]    35.213s  dealloc      705.3 MB  Cuda     live     4159.8 MB  "collide:nn_last_partner"
[kp]    35.232s  alloc        705.3 MB  Cuda     live     4865.1 MB  "collide:nn_last_partner"
[kp]    35.233s  dealloc      705.3 MB  Cuda     live     4159.8 MB  "collide:nn_last_partner"
[kp]    35.252s  alloc        705.3 MB  Cuda     live     4865.1 MB  "collide:nn_last_partner"
[kp]    35.254s  dealloc      705.3 MB  Cuda     live     4159.8 MB  "collide:nn_last_partner"
[kp]    35.273s  alloc        705.3 MB  Cuda     live     4865.1 MB  "collide:nn_last_partner"
[kp]    35.274s  dealloc      705.3 MB  Cuda     live     4159.8 MB  "collide:nn_last_partner"
[kp]    35.301s  alloc        705.3 MB  Cuda     live     4865.1 MB  "collide:nn_last_partner"
[kp]    35.302s  dealloc      705.3 MB  Cuda     live     4159.8 MB  "collide:nn_last_partner"
[kp]    35.321s  alloc        705.3 MB  Cuda     live     4865.1 MB  "collide:nn_last_partner"
[kp]    35.323s  dealloc      705.3 MB  Cuda     live     4159.8 MB  "collide:nn_last_partner"
[kp]    35.342s  alloc        705.3 MB  Cuda     live     4865.1 MB  "collide:nn_last_partner"
[kp]    35.343s  dealloc      705.3 MB  Cuda     live     4159.8 MB  "collide:nn_last_partner"
[kp]    35.363s  alloc        705.3 MB  Cuda     live     4865.1 MB  "collide:nn_last_partner"
[kp]    35.364s  dealloc      705.3 MB  Cuda     live     4159.8 MB  "collide:nn_last_partner"
[kp]    35.447s  alloc        705.3 MB  Cuda     live     4865.1 MB  "collide:nn_last_partner"
[kp]    35.448s  dealloc      705.3 MB  Cuda     live     4159.8 MB  "collide:nn_last_partner"
[kp]    35.468s  alloc        705.3 MB  Cuda     live     4865.1 MB  "collide:nn_last_partner"
[kp]    35.469s  dealloc      705.3 MB  Cuda     live     4159.8 MB  "collide:nn_last_partner"
[kp]    35.489s  alloc        705.3 MB  Cuda     live     4865.1 MB  "collide:nn_last_partner"
[kp]    35.490s  dealloc      705.3 MB  Cuda     live     4159.8 MB  "collide:nn_last_partner"
[kp]    35.510s  alloc        705.3 MB  Cuda     live     4865.1 MB  "collide:nn_last_partner"
[kp]    35.511s  dealloc      705.3 MB  Cuda     live     4159.8 MB  "collide:nn_last_partner"
[kp]    35.531s  alloc        705.3 MB  Cuda     live     4865.1 MB  "collide:nn_last_partner"
[kp]    35.533s  dealloc      705.3 MB  Cuda     live     4159.8 MB  "collide:nn_last_partner"
[kp]    35.552s  alloc        705.3 MB  Cuda     live     4865.1 MB  "collide:nn_last_partner"
[kp]    35.553s  dealloc      705.3 MB  Cuda     live     4159.8 MB  "collide:nn_last_partner"
[kp]    35.572s  alloc        705.3 MB  Cuda     live     4865.1 MB  "collide:nn_last_partner"
[kp]    35.573s  dealloc      705.3 MB  Cuda     live     4159.8 MB  "collide:nn_last_partner"
[kp]    35.593s  alloc        705.3 MB  Cuda     live     4865.1 MB  "collide:nn_last_partner"
[kp]    35.594s  dealloc      705.3 MB  Cuda     live     4159.8 MB  "collide:nn_last_partner"
[kp]    35.613s  alloc        705.3 MB  Cuda     live     4865.1 MB  "collide:nn_last_partner"
[kp]    35.614s  dealloc      705.3 MB  Cuda     live     4159.8 MB  "collide:nn_last_partner"
[kp]    35.634s  alloc        705.3 MB  Cuda     live     4865.1 MB  "collide:nn_last_partner"
[kp]    35.635s  dealloc      705.3 MB  Cuda     live     4159.8 MB  "collide:nn_last_partner"
[kp]    35.654s  alloc        705.3 MB  Cuda     live     4865.1 MB  "collide:nn_last_partner"
[kp]    35.656s  dealloc      705.3 MB  Cuda     live     4159.8 MB  "collide:nn_last_partner"
[kp]    35.675s  alloc        705.3 MB  Cuda     live     4865.1 MB  "collide:nn_last_partner"
[kp]    35.676s  dealloc      705.3 MB  Cuda     live     4159.8 MB  "collide:nn_last_partner"
[kp]    35.696s  alloc        705.3 MB  Cuda     live     4865.1 MB  "collide:nn_last_partner"
[kp]    35.697s  dealloc      705.3 MB  Cuda     live     4159.8 MB  "collide:nn_last_partner"
[kp]    35.717s  alloc        705.3 MB  Cuda     live     4865.1 MB  "collide:nn_last_partner"
[kp]    35.718s  dealloc      705.3 MB  Cuda     live     4159.8 MB  "collide:nn_last_partner"
[kp]    35.737s  alloc        705.3 MB  Cuda     live     4865.1 MB  "collide:nn_last_partner"
[kp]    35.739s  dealloc      705.3 MB  Cuda     live     4159.8 MB  "collide:nn_last_partner"
[kp]    35.758s  alloc        705.3 MB  Cuda     live     4865.1 MB  "collide:nn_last_partner"
[kp]    35.759s  dealloc      705.3 MB  Cuda     live     4159.8 MB  "collide:nn_last_partner"
[kp]    35.779s  alloc        705.3 MB  Cuda     live     4865.1 MB  "collide:nn_last_partner"
[kp]    35.780s  dealloc      705.3 MB  Cuda     live     4159.8 MB  "collide:nn_last_partner"
[kp]    35.799s  alloc        705.3 MB  Cuda     live     4865.1 MB  "collide:nn_last_partner"
[kp]    35.800s  dealloc      705.3 MB  Cuda     live     4159.8 MB  "collide:nn_last_partner"
[kp]    35.828s  alloc        705.3 MB  Cuda     live     4865.1 MB  "collide:nn_last_partner"
[kp]    35.834s  dealloc      705.3 MB  Cuda     live     4159.8 MB  "collide:nn_last_partner"
[kp]    35.853s  alloc        705.3 MB  Cuda     live     4865.1 MB  "collide:nn_last_partner"
[kp]    35.854s  dealloc      705.3 MB  Cuda     live     4159.8 MB  "collide:nn_last_partner"
[kp]    35.874s  alloc        705.3 MB  Cuda     live     4865.1 MB  "collide:nn_last_partner"
[kp]    35.875s  dealloc      705.3 MB  Cuda     live     4159.8 MB  "collide:nn_last_partner"
[kp]    35.894s  alloc        705.3 MB  Cuda     live     4865.1 MB  "collide:nn_last_partner"
[kp]    35.895s  dealloc      705.3 MB  Cuda     live     4159.8 MB  "collide:nn_last_partner"
[kp]    35.915s  alloc        705.3 MB  Cuda     live     4865.1 MB  "collide:nn_last_partner"
[kp]    35.916s  dealloc      705.3 MB  Cuda     live     4159.8 MB  "collide:nn_last_partner"
[kp]    35.935s  alloc        705.3 MB  Cuda     live     4865.1 MB  "collide:nn_last_partner"
[kp]    35.937s  dealloc      705.3 MB  Cuda     live     4159.8 MB  "collide:nn_last_partner"
[kp]    35.956s  alloc        705.3 MB  Cuda     live     4865.1 MB  "collide:nn_last_partner"
[kp]    35.957s  dealloc      705.3 MB  Cuda     live     4159.8 MB  "collide:nn_last_partner"
[kp]    35.976s  alloc        705.3 MB  Cuda     live     4865.1 MB  "collide:nn_last_partner"
[kp]    35.978s  dealloc      705.3 MB  Cuda     live     4159.8 MB  "collide:nn_last_partner"
[kp]    35.997s  alloc        705.3 MB  Cuda     live     4865.1 MB  "collide:nn_last_partner"
[kp]    35.998s  dealloc      705.3 MB  Cuda     live     4159.8 MB  "collide:nn_last_partner"
[kp]    36.018s  alloc        705.3 MB  Cuda     live     4865.1 MB  "collide:nn_last_partner"
[kp]    36.019s  dealloc      705.3 MB  Cuda     live     4159.8 MB  "collide:nn_last_partner"
[kp]    36.038s  alloc        705.3 MB  Cuda     live     4865.1 MB  "collide:nn_last_partner"
[kp]    36.039s  dealloc      705.3 MB  Cuda     live     4159.8 MB  "collide:nn_last_partner"
[kp]    36.059s  alloc        705.3 MB  Cuda     live     4865.1 MB  "collide:nn_last_partner"
[kp]    36.060s  dealloc      705.3 MB  Cuda     live     4159.8 MB  "collide:nn_last_partner"
[kp]    36.080s  alloc        705.3 MB  Cuda     live     4865.1 MB  "collide:nn_last_partner"
[kp]    36.081s  dealloc      705.3 MB  Cuda     live     4159.8 MB  "collide:nn_last_partner"
[kp]    36.100s  alloc        705.3 MB  Cuda     live     4865.1 MB  "collide:nn_last_partner"
[kp]    36.102s  dealloc      705.3 MB  Cuda     live     4159.8 MB  "collide:nn_last_partner"
[kp]    36.123s  alloc        705.3 MB  Cuda     live     4865.1 MB  "collide:nn_last_partner"
[kp]    36.124s  dealloc      705.3 MB  Cuda     live     4159.8 MB  "collide:nn_last_partner"
[kp]    36.144s  alloc        705.3 MB  Cuda     live     4865.1 MB  "collide:nn_last_partner"
[kp]    36.145s  dealloc      705.3 MB  Cuda     live     4159.8 MB  "collide:nn_last_partner"
[kp]    36.188s  alloc        705.3 MB  Cuda     live     4865.1 MB  "collide:nn_last_partner"
[kp]    36.189s  dealloc      705.3 MB  Cuda     live     4159.8 MB  "collide:nn_last_partner"
[kp]    36.209s  alloc        705.3 MB  Cuda     live     4865.1 MB  "collide:nn_last_partner"
[kp]    36.210s  dealloc      705.3 MB  Cuda     live     4159.8 MB  "collide:nn_last_partner"
[kp]    36.230s  alloc        705.3 MB  Cuda     live     4865.1 MB  "collide:nn_last_partner"
[kp]    36.231s  dealloc      705.3 MB  Cuda     live     4159.8 MB  "collide:nn_last_partner"
[kp]    36.251s  alloc        705.3 MB  Cuda     live     4865.1 MB  "collide:nn_last_partner"
[kp]    36.252s  dealloc      705.3 MB  Cuda     live     4159.8 MB  "collide:nn_last_partner"
[kp]    36.272s  alloc        705.3 MB  Cuda     live     4865.1 MB  "collide:nn_last_partner"
[kp]    36.273s  dealloc      705.3 MB  Cuda     live     4159.8 MB  "collide:nn_last_partner"
[kp]    36.293s  alloc        705.3 MB  Cuda     live     4865.1 MB  "collide:nn_last_partner"
[kp]    36.294s  dealloc      705.3 MB  Cuda     live     4159.8 MB  "collide:nn_last_partner"
[kp]    36.314s  alloc        705.3 MB  Cuda     live     4865.1 MB  "collide:nn_last_partner"
[kp]    36.315s  dealloc      705.3 MB  Cuda     live     4159.8 MB  "collide:nn_last_partner"
[kp]    36.347s  alloc        705.3 MB  Cuda     live     4865.1 MB  "collide:nn_last_partner"
[kp]    36.348s  dealloc      705.3 MB  Cuda     live     4159.8 MB  "collide:nn_last_partner"
[kp]    36.374s  alloc        705.3 MB  Cuda     live     4865.1 MB  "collide:nn_last_partner"
[kp]    36.375s  dealloc      705.3 MB  Cuda     live     4159.8 MB  "collide:nn_last_partner"
[kp]    36.395s  alloc        705.3 MB  Cuda     live     4865.1 MB  "collide:nn_last_partner"
[kp]    36.396s  dealloc      705.3 MB  Cuda     live     4159.8 MB  "collide:nn_last_partner"
[kp]    36.416s  alloc        705.3 MB  Cuda     live     4865.1 MB  "collide:nn_last_partner"
[kp]    36.417s  dealloc      705.3 MB  Cuda     live     4159.8 MB  "collide:nn_last_partner"
[kp]    36.437s  alloc        705.3 MB  Cuda     live     4865.1 MB  "collide:nn_last_partner"
[kp]    36.438s  dealloc      705.3 MB  Cuda     live     4159.8 MB  "collide:nn_last_partner"
[kp]    36.458s  alloc        705.3 MB  Cuda     live     4865.1 MB  "collide:nn_last_partner"
[kp]    36.459s  dealloc      705.3 MB  Cuda     live     4159.8 MB  "collide:nn_last_partner"
[kp]    36.478s  alloc        705.3 MB  Cuda     live     4865.1 MB  "collide:nn_last_partner"
[kp]    36.479s  dealloc      705.3 MB  Cuda     live     4159.8 MB  "collide:nn_last_partner"
[kp]    36.499s  alloc        705.3 MB  Cuda     live     4865.1 MB  "collide:nn_last_partner"
[kp]    36.500s  dealloc      705.3 MB  Cuda     live     4159.8 MB  "collide:nn_last_partner"
[kp]    36.519s  alloc        705.3 MB  Cuda     live     4865.1 MB  "collide:nn_last_partner"
[kp]    36.521s  dealloc      705.3 MB  Cuda     live     4159.8 MB  "collide:nn_last_partner"
[kp]    36.540s  alloc        705.3 MB  Cuda     live     4865.1 MB  "collide:nn_last_partner"
[kp]    36.541s  dealloc      705.3 MB  Cuda     live     4159.8 MB  "collide:nn_last_partner"
[kp]    36.560s  alloc        705.3 MB  Cuda     live     4865.1 MB  "collide:nn_last_partner"
[kp]    36.562s  dealloc      705.3 MB  Cuda     live     4159.8 MB  "collide:nn_last_partner"
[kp]    36.581s  alloc        705.3 MB  Cuda     live     4865.1 MB  "collide:nn_last_partner"
[kp]    36.582s  dealloc      705.3 MB  Cuda     live     4159.8 MB  "collide:nn_last_partner"
[kp]    36.602s  alloc        705.3 MB  Cuda     live     4865.1 MB  "collide:nn_last_partner"
[kp]    36.603s  dealloc      705.3 MB  Cuda     live     4159.8 MB  "collide:nn_last_partner"
[kp]    36.622s  alloc        705.3 MB  Cuda     live     4865.1 MB  "collide:nn_last_partner"
[kp]    36.623s  dealloc      705.3 MB  Cuda     live     4159.8 MB  "collide:nn_last_partner"
[kp]    36.643s  alloc        705.3 MB  Cuda     live     4865.1 MB  "collide:nn_last_partner"
[kp]    36.644s  dealloc      705.3 MB  Cuda     live     4159.8 MB  "collide:nn_last_partner"
[kp]    36.663s  alloc        705.3 MB  Cuda     live     4865.1 MB  "collide:nn_last_partner"
[kp]    36.664s  dealloc      705.3 MB  Cuda     live     4159.8 MB  "collide:nn_last_partner"
[kp]    36.684s  alloc        705.3 MB  Cuda     live     4865.1 MB  "collide:nn_last_partner"
[kp]    36.685s  dealloc      705.3 MB  Cuda     live     4159.8 MB  "collide:nn_last_partner"
[kp]    36.704s  alloc        705.3 MB  Cuda     live     4865.1 MB  "collide:nn_last_partner"
[kp]    36.705s  dealloc      705.3 MB  Cuda     live     4159.8 MB  "collide:nn_last_partner"
[kp]    36.725s  alloc        705.3 MB  Cuda     live     4865.1 MB  "collide:nn_last_partner"
[kp]    36.726s  dealloc      705.3 MB  Cuda     live     4159.8 MB  "collide:nn_last_partner"
[kp]    36.745s  alloc        705.3 MB  Cuda     live     4865.1 MB  "collide:nn_last_partner"
[kp]    36.747s  dealloc      705.3 MB  Cuda     live     4159.8 MB  "collide:nn_last_partner"
[kp]    36.766s  alloc        705.3 MB  Cuda     live     4865.1 MB  "collide:nn_last_partner"
[kp]    36.767s  dealloc      705.3 MB  Cuda     live     4159.8 MB  "collide:nn_last_partner"
[kp]    36.786s  alloc        705.3 MB  Cuda     live     4865.1 MB  "collide:nn_last_partner"
[kp]    36.787s  dealloc      705.3 MB  Cuda     live     4159.8 MB  "collide:nn_last_partner"
[kp]    36.807s  alloc        705.3 MB  Cuda     live     4865.1 MB  "collide:nn_last_partner"
[kp]    36.808s  dealloc      705.3 MB  Cuda     live     4159.8 MB  "collide:nn_last_partner"
    1200    27.565466 1.2843964e-07    42.813209        3e-09 28691330   104212    55930        0        0    294.74452 
[kp]    36.959s  alloc        705.3 MB  Cuda     live     4865.1 MB  "collide:nn_last_partner"
[kp]    36.960s  dealloc      705.3 MB  Cuda     live     4159.8 MB  "collide:nn_last_partner"
[kp]    36.980s  alloc        705.3 MB  Cuda     live     4865.1 MB  "collide:nn_last_partner"
[kp]    36.982s  dealloc      705.3 MB  Cuda     live     4159.8 MB  "collide:nn_last_partner"
[kp]    37.001s  alloc        705.3 MB  Cuda     live     4865.1 MB  "collide:nn_last_partner"
[kp]    37.002s  dealloc      705.3 MB  Cuda     live     4159.8 MB  "collide:nn_last_partner"
[kp]    37.022s  alloc        705.3 MB  Cuda     live     4865.1 MB  "collide:nn_last_partner"
[kp]    37.023s  dealloc      705.3 MB  Cuda     live     4159.8 MB  "collide:nn_last_partner"
[kp]    37.043s  alloc        705.3 MB  Cuda     live     4865.1 MB  "collide:nn_last_partner"
[kp]    37.044s  dealloc      705.3 MB  Cuda     live     4159.8 MB  "collide:nn_last_partner"
[kp]    37.063s  alloc        705.3 MB  Cuda     live     4865.1 MB  "collide:nn_last_partner"
[kp]    37.065s  dealloc      705.3 MB  Cuda     live     4159.8 MB  "collide:nn_last_partner"
[kp]    37.084s  alloc        705.3 MB  Cuda     live     4865.1 MB  "collide:nn_last_partner"
[kp]    37.085s  dealloc      705.3 MB  Cuda     live     4159.8 MB  "collide:nn_last_partner"
[kp]    37.104s  alloc        705.3 MB  Cuda     live     4865.1 MB  "collide:nn_last_partner"
[kp]    37.106s  dealloc      705.3 MB  Cuda     live     4159.8 MB  "collide:nn_last_partner"
[kp]    37.125s  alloc        705.3 MB  Cuda     live     4865.1 MB  "collide:nn_last_partner"
[kp]    37.126s  dealloc      705.3 MB  Cuda     live     4159.8 MB  "collide:nn_last_partner"
[kp]    37.146s  alloc        705.3 MB  Cuda     live     4865.1 MB  "collide:nn_last_partner"
[kp]    37.148s  dealloc      705.3 MB  Cuda     live     4159.8 MB  "collide:nn_last_partner"
[kp]    37.167s  alloc        705.3 MB  Cuda     live     4865.1 MB  "collide:nn_last_partner"
[kp]    37.168s  dealloc      705.3 MB  Cuda     live     4159.8 MB  "collide:nn_last_partner"
[kp]    37.188s  alloc        705.3 MB  Cuda     live     4865.1 MB  "collide:nn_last_partner"
[kp]    37.189s  dealloc      705.3 MB  Cuda     live     4159.8 MB  "collide:nn_last_partner"
[kp]    37.208s  alloc        705.3 MB  Cuda     live     4865.1 MB  "collide:nn_last_partner"
[kp]    37.209s  dealloc      705.3 MB  Cuda     live     4159.8 MB  "collide:nn_last_partner"
[kp]    37.229s  alloc        705.3 MB  Cuda     live     4865.1 MB  "collide:nn_last_partner"
[kp]    37.230s  dealloc      705.3 MB  Cuda     live     4159.8 MB  "collide:nn_last_partner"
[kp]    37.250s  alloc        705.3 MB  Cuda     live     4865.1 MB  "collide:nn_last_partner"
[kp]    37.251s  dealloc      705.3 MB  Cuda     live     4159.8 MB  "collide:nn_last_partner"
[kp]    37.270s  alloc        705.3 MB  Cuda     live     4865.1 MB  "collide:nn_last_partner"
[kp]    37.271s  dealloc      705.3 MB  Cuda     live     4159.8 MB  "collide:nn_last_partner"
[kp]    37.290s  alloc        705.3 MB  Cuda     live     4865.1 MB  "collide:nn_last_partner"
[kp]    37.291s  dealloc      705.3 MB  Cuda     live     4159.8 MB  "collide:nn_last_partner"
[kp]    37.311s  alloc        705.3 MB  Cuda     live     4865.1 MB  "collide:nn_last_partner"
[kp]    37.312s  dealloc      705.3 MB  Cuda     live     4159.8 MB  "collide:nn_last_partner"
[kp]    37.331s  alloc        705.3 MB  Cuda     live     4865.1 MB  "collide:nn_last_partner"
[kp]    37.332s  dealloc      705.3 MB  Cuda     live     4159.8 MB  "collide:nn_last_partner"
[kp]    37.352s  alloc        705.3 MB  Cuda     live     4865.1 MB  "collide:nn_last_partner"
[kp]    37.353s  dealloc      705.3 MB  Cuda     live     4159.8 MB  "collide:nn_last_partner"
[kp]    37.372s  alloc        705.3 MB  Cuda     live     4865.1 MB  "collide:nn_last_partner"
[kp]    37.374s  dealloc      705.3 MB  Cuda     live     4159.8 MB  "collide:nn_last_partner"
[kp]    37.405s  alloc        705.3 MB  Cuda     live     4865.1 MB  "collide:nn_last_partner"
[kp]    37.406s  dealloc      705.3 MB  Cuda     live     4159.8 MB  "collide:nn_last_partner"
[kp]    37.430s  alloc        705.3 MB  Cuda     live     4865.1 MB  "collide:nn_last_partner"
[kp]    37.431s  dealloc      705.3 MB  Cuda     live     4159.8 MB  "collide:nn_last_partner"
[kp]    37.450s  alloc        705.3 MB  Cuda     live     4865.1 MB  "collide:nn_last_partner"
[kp]    37.452s  dealloc      705.3 MB  Cuda     live     4159.8 MB  "collide:nn_last_partner"
[kp]    37.471s  alloc        705.3 MB  Cuda     live     4865.1 MB  "collide:nn_last_partner"
[kp]    37.472s  dealloc      705.3 MB  Cuda     live     4159.8 MB  "collide:nn_last_partner"
[kp]    37.491s  alloc        705.3 MB  Cuda     live     4865.1 MB  "collide:nn_last_partner"
[kp]    37.492s  dealloc      705.3 MB  Cuda     live     4159.8 MB  "collide:nn_last_partner"
[kp]    37.512s  alloc        705.3 MB  Cuda     live     4865.1 MB  "collide:nn_last_partner"
[kp]    37.513s  dealloc      705.3 MB  Cuda     live     4159.8 MB  "collide:nn_last_partner"
[kp]    37.532s  alloc        705.3 MB  Cuda     live     4865.1 MB  "collide:nn_last_partner"
[kp]    37.534s  dealloc      705.3 MB  Cuda     live     4159.8 MB  "collide:nn_last_partner"
[kp]    37.553s  alloc        705.3 MB  Cuda     live     4865.1 MB  "collide:nn_last_partner"
[kp]    37.554s  dealloc      705.3 MB  Cuda     live     4159.8 MB  "collide:nn_last_partner"
[kp]    37.573s  alloc        705.3 MB  Cuda     live     4865.1 MB  "collide:nn_last_partner"
[kp]    37.575s  dealloc      705.3 MB  Cuda     live     4159.8 MB  "collide:nn_last_partner"
[kp]    37.594s  alloc        705.3 MB  Cuda     live     4865.1 MB  "collide:nn_last_partner"
[kp]    37.595s  dealloc      705.3 MB  Cuda     live     4159.8 MB  "collide:nn_last_partner"
[kp]    37.614s  alloc        705.3 MB  Cuda     live     4865.1 MB  "collide:nn_last_partner"
[kp]    37.616s  dealloc      705.3 MB  Cuda     live     4159.8 MB  "collide:nn_last_partner"
[kp]    37.641s  alloc        705.3 MB  Cuda     live     4865.1 MB  "collide:nn_last_partner"
[kp]    37.642s  dealloc      705.3 MB  Cuda     live     4159.8 MB  "collide:nn_last_partner"
[kp]    37.662s  alloc        705.3 MB  Cuda     live     4865.1 MB  "collide:nn_last_partner"
[kp]    37.663s  dealloc      705.3 MB  Cuda     live     4159.8 MB  "collide:nn_last_partner"
[kp]    37.682s  alloc        705.3 MB  Cuda     live     4865.1 MB  "collide:nn_last_partner"
[kp]    37.683s  dealloc      705.3 MB  Cuda     live     4159.8 MB  "collide:nn_last_partner"
[kp]    37.703s  alloc        705.3 MB  Cuda     live     4865.1 MB  "collide:nn_last_partner"
[kp]    37.705s  dealloc      705.3 MB  Cuda     live     4159.8 MB  "collide:nn_last_partner"
[kp]    37.724s  alloc        705.3 MB  Cuda     live     4865.1 MB  "collide:nn_last_partner"
[kp]    37.725s  dealloc      705.3 MB  Cuda     live     4159.8 MB  "collide:nn_last_partner"
[kp]    37.745s  alloc        705.3 MB  Cuda     live     4865.1 MB  "collide:nn_last_partner"
[kp]    37.746s  dealloc      705.3 MB  Cuda     live     4159.8 MB  "collide:nn_last_partner"
[kp]    37.765s  alloc        705.3 MB  Cuda     live     4865.1 MB  "collide:nn_last_partner"
[kp]    37.767s  dealloc      705.3 MB  Cuda     live     4159.8 MB  "collide:nn_last_partner"
[kp]    37.786s  alloc        705.3 MB  Cuda     live     4865.1 MB  "collide:nn_last_partner"
[kp]    37.787s  dealloc      705.3 MB  Cuda     live     4159.8 MB  "collide:nn_last_partner"
[kp]    37.806s  alloc        705.3 MB  Cuda     live     4865.1 MB  "collide:nn_last_partner"
[kp]    37.808s  dealloc      705.3 MB  Cuda     live     4159.8 MB  "collide:nn_last_partner"
[kp]    37.827s  alloc        705.3 MB  Cuda     live     4865.1 MB  "collide:nn_last_partner"
[kp]    37.828s  dealloc      705.3 MB  Cuda     live     4159.8 MB  "collide:nn_last_partner"
[kp]    37.847s  alloc        705.3 MB  Cuda     live     4865.1 MB  "collide:nn_last_partner"
[kp]    37.849s  dealloc      705.3 MB  Cuda     live     4159.8 MB  "collide:nn_last_partner"
[kp]    37.868s  alloc        705.3 MB  Cuda     live     4865.1 MB  "collide:nn_last_partner"
[kp]    37.869s  dealloc      705.3 MB  Cuda     live     4159.8 MB  "collide:nn_last_partner"
[kp]    37.889s  alloc        705.3 MB  Cuda     live     4865.1 MB  "collide:nn_last_partner"
[kp]    37.891s  dealloc      705.3 MB  Cuda     live     4159.8 MB  "collide:nn_last_partner"
[kp]    37.912s  alloc        705.3 MB  Cuda     live     4865.1 MB  "collide:nn_last_partner"
[kp]    37.914s  dealloc      705.3 MB  Cuda     live     4159.8 MB  "collide:nn_last_partner"
[kp]    37.938s  alloc        705.3 MB  Cuda     live     4865.1 MB  "collide:nn_last_partner"
[kp]    37.939s  dealloc      705.3 MB  Cuda     live     4159.8 MB  "collide:nn_last_partner"
[kp]    37.959s  alloc        705.3 MB  Cuda     live     4865.1 MB  "collide:nn_last_partner"
[kp]    37.960s  dealloc      705.3 MB  Cuda     live     4159.8 MB  "collide:nn_last_partner"
[kp]    37.979s  alloc        705.3 MB  Cuda     live     4865.1 MB  "collide:nn_last_partner"
[kp]    37.980s  dealloc      705.3 MB  Cuda     live     4159.8 MB  "collide:nn_last_partner"
[kp]    38.000s  alloc        705.3 MB  Cuda     live     4865.1 MB  "collide:nn_last_partner"
[kp]    38.001s  dealloc      705.3 MB  Cuda     live     4159.8 MB  "collide:nn_last_partner"
[kp]    38.020s  alloc        705.3 MB  Cuda     live     4865.1 MB  "collide:nn_last_partner"
[kp]    38.022s  dealloc      705.3 MB  Cuda     live     4159.8 MB  "collide:nn_last_partner"
[kp]    38.041s  alloc        705.3 MB  Cuda     live     4865.1 MB  "collide:nn_last_partner"
[kp]    38.042s  dealloc      705.3 MB  Cuda     live     4159.8 MB  "collide:nn_last_partner"
[kp]    38.062s  alloc        705.3 MB  Cuda     live     4865.1 MB  "collide:nn_last_partner"
[kp]    38.063s  dealloc      705.3 MB  Cuda     live     4159.8 MB  "collide:nn_last_partner"
[kp]    38.082s  alloc        705.3 MB  Cuda     live     4865.1 MB  "collide:nn_last_partner"
[kp]    38.083s  dealloc      705.3 MB  Cuda     live     4159.8 MB  "collide:nn_last_partner"
[kp]    38.103s  alloc        705.3 MB  Cuda     live     4865.1 MB  "collide:nn_last_partner"
[kp]    38.105s  dealloc      705.3 MB  Cuda     live     4159.8 MB  "collide:nn_last_partner"
[kp]    38.124s  alloc        705.3 MB  Cuda     live     4865.1 MB  "collide:nn_last_partner"
[kp]    38.125s  dealloc      705.3 MB  Cuda     live     4159.8 MB  "collide:nn_last_partner"
[kp]    38.145s  alloc        705.3 MB  Cuda     live     4865.1 MB  "collide:nn_last_partner"
[kp]    38.147s  dealloc      705.3 MB  Cuda     live     4159.8 MB  "collide:nn_last_partner"
[kp]    38.166s  alloc        705.3 MB  Cuda     live     4865.1 MB  "collide:nn_last_partner"
[kp]    38.167s  dealloc      705.3 MB  Cuda     live     4159.8 MB  "collide:nn_last_partner"
[kp]    38.186s  alloc        705.3 MB  Cuda     live     4865.1 MB  "collide:nn_last_partner"
[kp]    38.188s  dealloc      705.3 MB  Cuda     live     4159.8 MB  "collide:nn_last_partner"
[kp]    38.207s  alloc        705.3 MB  Cuda     live     4865.1 MB  "collide:nn_last_partner"
[kp]    38.208s  dealloc      705.3 MB  Cuda     live     4159.8 MB  "collide:nn_last_partner"
[kp]    38.228s  alloc        705.3 MB  Cuda     live     4865.1 MB  "collide:nn_last_partner"
[kp]    38.229s  dealloc      705.3 MB  Cuda     live     4159.8 MB  "collide:nn_last_partner"
[kp]    38.248s  alloc        705.3 MB  Cuda     live     4865.1 MB  "collide:nn_last_partner"
[kp]    38.249s  dealloc      705.3 MB  Cuda     live     4159.8 MB  "collide:nn_last_partner"
[kp]    38.268s  alloc        705.3 MB  Cuda     live     4865.1 MB  "collide:nn_last_partner"
[kp]    38.269s  dealloc      705.3 MB  Cuda     live     4159.8 MB  "collide:nn_last_partner"
[kp]    38.289s  alloc        705.3 MB  Cuda     live     4865.1 MB  "collide:nn_last_partner"
[kp]    38.290s  dealloc      705.3 MB  Cuda     live     4159.8 MB  "collide:nn_last_partner"
[kp]    38.329s  alloc        705.3 MB  Cuda     live     4865.1 MB  "collide:nn_last_partner"
[kp]    38.337s  dealloc      705.3 MB  Cuda     live     4159.8 MB  "collide:nn_last_partner"
[kp]    38.356s  alloc        705.3 MB  Cuda     live     4865.1 MB  "collide:nn_last_partner"
[kp]    38.358s  dealloc      705.3 MB  Cuda     live     4159.8 MB  "collide:nn_last_partner"
[kp]    38.377s  alloc        705.3 MB  Cuda     live     4865.1 MB  "collide:nn_last_partner"
[kp]    38.378s  dealloc      705.3 MB  Cuda     live     4159.8 MB  "collide:nn_last_partner"
[kp]    38.398s  alloc        705.3 MB  Cuda     live     4865.1 MB  "collide:nn_last_partner"
[kp]    38.399s  dealloc      705.3 MB  Cuda     live     4159.8 MB  "collide:nn_last_partner"
[kp]    38.419s  alloc        705.3 MB  Cuda     live     4865.1 MB  "collide:nn_last_partner"
[kp]    38.421s  dealloc      705.3 MB  Cuda     live     4159.8 MB  "collide:nn_last_partner"
[kp]    38.440s  alloc        705.3 MB  Cuda     live     4865.1 MB  "collide:nn_last_partner"
[kp]    38.441s  dealloc      705.3 MB  Cuda     live     4159.8 MB  "collide:nn_last_partner"
[kp]    38.464s  alloc        705.3 MB  Cuda     live     4865.1 MB  "collide:nn_last_partner"
[kp]    38.469s  dealloc      705.3 MB  Cuda     live     4159.8 MB  "collide:nn_last_partner"
[kp]    38.488s  alloc        705.3 MB  Cuda     live     4865.1 MB  "collide:nn_last_partner"
[kp]    38.490s  dealloc      705.3 MB  Cuda     live     4159.8 MB  "collide:nn_last_partner"
[kp]    38.509s  alloc        705.3 MB  Cuda     live     4865.1 MB  "collide:nn_last_partner"
[kp]    38.510s  dealloc      705.3 MB  Cuda     live     4159.8 MB  "collide:nn_last_partner"
[kp]    38.530s  alloc        705.3 MB  Cuda     live     4865.1 MB  "collide:nn_last_partner"
[kp]    38.531s  dealloc      705.3 MB  Cuda     live     4159.8 MB  "collide:nn_last_partner"
[kp]    38.550s  alloc        705.3 MB  Cuda     live     4865.1 MB  "collide:nn_last_partner"
[kp]    38.551s  dealloc      705.3 MB  Cuda     live     4159.8 MB  "collide:nn_last_partner"
[kp]    38.571s  alloc        705.3 MB  Cuda     live     4865.1 MB  "collide:nn_last_partner"
[kp]    38.572s  dealloc      705.3 MB  Cuda     live     4159.8 MB  "collide:nn_last_partner"
[kp]    38.591s  alloc        705.3 MB  Cuda     live     4865.1 MB  "collide:nn_last_partner"
[kp]    38.593s  dealloc      705.3 MB  Cuda     live     4159.8 MB  "collide:nn_last_partner"
[kp]    38.612s  alloc        705.3 MB  Cuda     live     4865.1 MB  "collide:nn_last_partner"
[kp]    38.614s  dealloc      705.3 MB  Cuda     live     4159.8 MB  "collide:nn_last_partner"
[kp]    38.633s  alloc        705.3 MB  Cuda     live     4865.1 MB  "collide:nn_last_partner"
[kp]    38.634s  dealloc      705.3 MB  Cuda     live     4159.8 MB  "collide:nn_last_partner"
[kp]    38.653s  alloc        705.3 MB  Cuda     live     4865.1 MB  "collide:nn_last_partner"
[kp]    38.655s  dealloc      705.3 MB  Cuda     live     4159.8 MB  "collide:nn_last_partner"
[kp]    38.674s  alloc        705.3 MB  Cuda     live     4865.1 MB  "collide:nn_last_partner"
[kp]    38.675s  dealloc      705.3 MB  Cuda     live     4159.8 MB  "collide:nn_last_partner"
[kp]    38.694s  alloc        705.3 MB  Cuda     live     4865.1 MB  "collide:nn_last_partner"
[kp]    38.695s  dealloc      705.3 MB  Cuda     live     4159.8 MB  "collide:nn_last_partner"
[kp]    38.715s  alloc        705.3 MB  Cuda     live     4865.1 MB  "collide:nn_last_partner"
[kp]    38.716s  dealloc      705.3 MB  Cuda     live     4159.8 MB  "collide:nn_last_partner"
[kp]    38.736s  alloc        705.3 MB  Cuda     live     4865.1 MB  "collide:nn_last_partner"
[kp]    38.737s  dealloc      705.3 MB  Cuda     live     4159.8 MB  "collide:nn_last_partner"
[kp]    38.756s  alloc        705.3 MB  Cuda     live     4865.1 MB  "collide:nn_last_partner"
[kp]    38.757s  dealloc      705.3 MB  Cuda     live     4159.8 MB  "collide:nn_last_partner"
[kp]    38.776s  alloc        705.3 MB  Cuda     live     4865.1 MB  "collide:nn_last_partner"
[kp]    38.778s  dealloc      705.3 MB  Cuda     live     4159.8 MB  "collide:nn_last_partner"
[kp]    38.797s  alloc        705.3 MB  Cuda     live     4865.1 MB  "collide:nn_last_partner"
[kp]    38.798s  dealloc      705.3 MB  Cuda     live     4159.8 MB  "collide:nn_last_partner"
[kp]    38.818s  alloc        705.3 MB  Cuda     live     4865.1 MB  "collide:nn_last_partner"
[kp]    38.819s  dealloc      705.3 MB  Cuda     live     4159.8 MB  "collide:nn_last_partner"
[kp]    38.839s  alloc        705.3 MB  Cuda     live     4865.1 MB  "collide:nn_last_partner"
[kp]    38.840s  dealloc      705.3 MB  Cuda     live     4159.8 MB  "collide:nn_last_partner"
[kp]    38.860s  alloc        705.3 MB  Cuda     live     4865.1 MB  "collide:nn_last_partner"
[kp]    38.861s  dealloc      705.3 MB  Cuda     live     4159.8 MB  "collide:nn_last_partner"
[kp]    38.880s  alloc        705.3 MB  Cuda     live     4865.1 MB  "collide:nn_last_partner"
[kp]    38.881s  dealloc      705.3 MB  Cuda     live     4159.8 MB  "collide:nn_last_partner"
[kp]    38.900s  alloc        705.3 MB  Cuda     live     4865.1 MB  "collide:nn_last_partner"
[kp]    38.902s  dealloc      705.3 MB  Cuda     live     4159.8 MB  "collide:nn_last_partner"
[kp]    38.921s  alloc        705.3 MB  Cuda     live     4865.1 MB  "collide:nn_last_partner"
[kp]    38.922s  dealloc      705.3 MB  Cuda     live     4159.8 MB  "collide:nn_last_partner"
[kp]    38.941s  alloc        705.3 MB  Cuda     live     4865.1 MB  "collide:nn_last_partner"
[kp]    38.942s  dealloc      705.3 MB  Cuda     live     4159.8 MB  "collide:nn_last_partner"
[kp]    38.962s  alloc        705.3 MB  Cuda     live     4865.1 MB  "collide:nn_last_partner"
[kp]    38.963s  dealloc      705.3 MB  Cuda     live     4159.8 MB  "collide:nn_last_partner"
[kp]    38.993s  alloc        705.3 MB  Cuda     live     4865.1 MB  "collide:nn_last_partner"
[kp]    38.995s  dealloc      705.3 MB  Cuda     live     4159.8 MB  "collide:nn_last_partner"
[kp]    39.030s  alloc        705.3 MB  Cuda     live     4865.1 MB  "collide:nn_last_partner"
[kp]    39.032s  dealloc      705.3 MB  Cuda     live     4159.8 MB  "collide:nn_last_partner"
[kp]    39.051s  alloc        705.3 MB  Cuda     live     4865.1 MB  "collide:nn_last_partner"
[kp]    39.052s  dealloc      705.3 MB  Cuda     live     4159.8 MB  "collide:nn_last_partner"
[kp]    39.071s  alloc        705.3 MB  Cuda     live     4865.1 MB  "collide:nn_last_partner"
[kp]    39.072s  dealloc      705.3 MB  Cuda     live     4159.8 MB  "collide:nn_last_partner"
[kp]    39.091s  alloc        705.3 MB  Cuda     live     4865.1 MB  "collide:nn_last_partner"
[kp]    39.092s  dealloc      705.3 MB  Cuda     live     4159.8 MB  "collide:nn_last_partner"
    1300    29.831911 1.3236585e-07    44.121942        3e-09 28564758   103906    55654        0        0    294.72709 
[kp]    39.225s  alloc        705.3 MB  Cuda     live     4865.1 MB  "collide:nn_last_partner"
[kp]    39.226s  dealloc      705.3 MB  Cuda     live     4159.8 MB  "collide:nn_last_partner"
[kp]    39.246s  alloc        705.3 MB  Cuda     live     4865.1 MB  "collide:nn_last_partner"
[kp]    39.247s  dealloc      705.3 MB  Cuda     live     4159.8 MB  "collide:nn_last_partner"
[kp]    39.269s  alloc        705.3 MB  Cuda     live     4865.1 MB  "collide:nn_last_partner"
[kp]    39.271s  dealloc      705.3 MB  Cuda     live     4159.8 MB  "collide:nn_last_partner"
[kp]    39.290s  alloc        705.3 MB  Cuda     live     4865.1 MB  "collide:nn_last_partner"
[kp]    39.291s  dealloc      705.3 MB  Cuda     live     4159.8 MB  "collide:nn_last_partner"
[kp]    39.310s  alloc        705.3 MB  Cuda     live     4865.1 MB  "collide:nn_last_partner"
[kp]    39.311s  dealloc      705.3 MB  Cuda     live     4159.8 MB  "collide:nn_last_partner"
[kp]    39.331s  alloc        705.3 MB  Cuda     live     4865.1 MB  "collide:nn_last_partner"
[kp]    39.332s  dealloc      705.3 MB  Cuda     live     4159.8 MB  "collide:nn_last_partner"
[kp]    39.352s  alloc        705.3 MB  Cuda     live     4865.1 MB  "collide:nn_last_partner"
[kp]    39.353s  dealloc      705.3 MB  Cuda     live     4159.8 MB  "collide:nn_last_partner"
[kp]    39.373s  alloc        705.3 MB  Cuda     live     4865.1 MB  "collide:nn_last_partner"
[kp]    39.374s  dealloc      705.3 MB  Cuda     live     4159.8 MB  "collide:nn_last_partner"
[kp]    39.393s  alloc        705.3 MB  Cuda     live     4865.1 MB  "collide:nn_last_partner"
[kp]    39.394s  dealloc      705.3 MB  Cuda     live     4159.8 MB  "collide:nn_last_partner"
[kp]    39.414s  alloc        705.3 MB  Cuda     live     4865.1 MB  "collide:nn_last_partner"
[kp]    39.415s  dealloc      705.3 MB  Cuda     live     4159.8 MB  "collide:nn_last_partner"
[kp]    39.434s  alloc        705.3 MB  Cuda     live     4865.1 MB  "collide:nn_last_partner"
[kp]    39.435s  dealloc      705.3 MB  Cuda     live     4159.8 MB  "collide:nn_last_partner"
[kp]    39.454s  alloc        705.3 MB  Cuda     live     4865.1 MB  "collide:nn_last_partner"
[kp]    39.456s  dealloc      705.3 MB  Cuda     live     4159.8 MB  "collide:nn_last_partner"
[kp]    39.475s  alloc        705.3 MB  Cuda     live     4865.1 MB  "collide:nn_last_partner"
[kp]    39.476s  dealloc      705.3 MB  Cuda     live     4159.8 MB  "collide:nn_last_partner"
[kp]    39.510s  alloc        705.3 MB  Cuda     live     4865.1 MB  "collide:nn_last_partner"
[kp]    39.512s  dealloc      705.3 MB  Cuda     live     4159.8 MB  "collide:nn_last_partner"
[kp]    39.531s  alloc        705.3 MB  Cuda     live     4865.1 MB  "collide:nn_last_partner"
[kp]    39.532s  dealloc      705.3 MB  Cuda     live     4159.8 MB  "collide:nn_last_partner"
[kp]    39.552s  alloc        705.3 MB  Cuda     live     4865.1 MB  "collide:nn_last_partner"
[kp]    39.553s  dealloc      705.3 MB  Cuda     live     4159.8 MB  "collide:nn_last_partner"
[kp]    39.573s  alloc        705.3 MB  Cuda     live     4865.1 MB  "collide:nn_last_partner"
[kp]    39.574s  dealloc      705.3 MB  Cuda     live     4159.8 MB  "collide:nn_last_partner"
[kp]    39.593s  alloc        705.3 MB  Cuda     live     4865.1 MB  "collide:nn_last_partner"
[kp]    39.595s  dealloc      705.3 MB  Cuda     live     4159.8 MB  "collide:nn_last_partner"
[kp]    39.614s  alloc        705.3 MB  Cuda     live     4865.1 MB  "collide:nn_last_partner"
[kp]    39.615s  dealloc      705.3 MB  Cuda     live     4159.8 MB  "collide:nn_last_partner"
[kp]    39.635s  alloc        705.3 MB  Cuda     live     4865.1 MB  "collide:nn_last_partner"
[kp]    39.636s  dealloc      705.3 MB  Cuda     live     4159.8 MB  "collide:nn_last_partner"
[kp]    39.655s  alloc        705.3 MB  Cuda     live     4865.1 MB  "collide:nn_last_partner"
[kp]    39.656s  dealloc      705.3 MB  Cuda     live     4159.8 MB  "collide:nn_last_partner"
[kp]    39.675s  alloc        705.3 MB  Cuda     live     4865.1 MB  "collide:nn_last_partner"
[kp]    39.676s  dealloc      705.3 MB  Cuda     live     4159.8 MB  "collide:nn_last_partner"
[kp]    39.695s  alloc        705.3 MB  Cuda     live     4865.1 MB  "collide:nn_last_partner"
[kp]    39.697s  dealloc      705.3 MB  Cuda     live     4159.8 MB  "collide:nn_last_partner"
[kp]    39.716s  alloc        705.3 MB  Cuda     live     4865.1 MB  "collide:nn_last_partner"
[kp]    39.717s  dealloc      705.3 MB  Cuda     live     4159.8 MB  "collide:nn_last_partner"
[kp]    39.736s  alloc        705.3 MB  Cuda     live     4865.1 MB  "collide:nn_last_partner"
[kp]    39.737s  dealloc      705.3 MB  Cuda     live     4159.8 MB  "collide:nn_last_partner"
[kp]    39.757s  alloc        705.3 MB  Cuda     live     4865.1 MB  "collide:nn_last_partner"
[kp]    39.758s  dealloc      705.3 MB  Cuda     live     4159.8 MB  "collide:nn_last_partner"
[kp]    39.777s  alloc        705.3 MB  Cuda     live     4865.1 MB  "collide:nn_last_partner"
[kp]    39.778s  dealloc      705.3 MB  Cuda     live     4159.8 MB  "collide:nn_last_partner"
[kp]    39.798s  alloc        705.3 MB  Cuda     live     4865.1 MB  "collide:nn_last_partner"
[kp]    39.799s  dealloc      705.3 MB  Cuda     live     4159.8 MB  "collide:nn_last_partner"
[kp]    39.818s  alloc        705.3 MB  Cuda     live     4865.1 MB  "collide:nn_last_partner"
[kp]    39.819s  dealloc      705.3 MB  Cuda     live     4159.8 MB  "collide:nn_last_partner"
[kp]    39.838s  alloc        705.3 MB  Cuda     live     4865.1 MB  "collide:nn_last_partner"
[kp]    39.840s  dealloc      705.3 MB  Cuda     live     4159.8 MB  "collide:nn_last_partner"
[kp]    39.859s  alloc        705.3 MB  Cuda     live     4865.1 MB  "collide:nn_last_partner"
[kp]    39.860s  dealloc      705.3 MB  Cuda     live     4159.8 MB  "collide:nn_last_partner"
[kp]    39.879s  alloc        705.3 MB  Cuda     live     4865.1 MB  "collide:nn_last_partner"
[kp]    39.881s  dealloc      705.3 MB  Cuda     live     4159.8 MB  "collide:nn_last_partner"
[kp]    39.900s  alloc        705.3 MB  Cuda     live     4865.1 MB  "collide:nn_last_partner"
[kp]    39.901s  dealloc      705.3 MB  Cuda     live     4159.8 MB  "collide:nn_last_partner"
[kp]    39.921s  alloc        705.3 MB  Cuda     live     4865.1 MB  "collide:nn_last_partner"
[kp]    39.922s  dealloc      705.3 MB  Cuda     live     4159.8 MB  "collide:nn_last_partner"
[kp]    39.941s  alloc        705.3 MB  Cuda     live     4865.1 MB  "collide:nn_last_partner"
[kp]    39.942s  dealloc      705.3 MB  Cuda     live     4159.8 MB  "collide:nn_last_partner"
[kp]    39.962s  alloc        705.3 MB  Cuda     live     4865.1 MB  "collide:nn_last_partner"
[kp]    39.963s  dealloc      705.3 MB  Cuda     live     4159.8 MB  "collide:nn_last_partner"
[kp]    39.982s  alloc        705.3 MB  Cuda     live     4865.1 MB  "collide:nn_last_partner"
[kp]    39.983s  dealloc      705.3 MB  Cuda     live     4159.8 MB  "collide:nn_last_partner"
[kp]    40.003s  alloc        705.3 MB  Cuda     live     4865.1 MB  "collide:nn_last_partner"
[kp]    40.004s  dealloc      705.3 MB  Cuda     live     4159.8 MB  "collide:nn_last_partner"
[kp]    40.040s  alloc        705.3 MB  Cuda     live     4865.1 MB  "collide:nn_last_partner"
[kp]    40.042s  dealloc      705.3 MB  Cuda     live     4159.8 MB  "collide:nn_last_partner"
[kp]    40.061s  alloc        705.3 MB  Cuda     live     4865.1 MB  "collide:nn_last_partner"
[kp]    40.062s  dealloc      705.3 MB  Cuda     live     4159.8 MB  "collide:nn_last_partner"
[kp]    40.082s  alloc        705.3 MB  Cuda     live     4865.1 MB  "collide:nn_last_partner"
[kp]    40.083s  dealloc      705.3 MB  Cuda     live     4159.8 MB  "collide:nn_last_partner"
[kp]    40.102s  alloc        705.3 MB  Cuda     live     4865.1 MB  "collide:nn_last_partner"
[kp]    40.103s  dealloc      705.3 MB  Cuda     live     4159.8 MB  "collide:nn_last_partner"
[kp]    40.123s  alloc        705.3 MB  Cuda     live     4865.1 MB  "collide:nn_last_partner"
[kp]    40.124s  dealloc      705.3 MB  Cuda     live     4159.8 MB  "collide:nn_last_partner"
[kp]    40.143s  alloc        705.3 MB  Cuda     live     4865.1 MB  "collide:nn_last_partner"
[kp]    40.144s  dealloc      705.3 MB  Cuda     live     4159.8 MB  "collide:nn_last_partner"
[kp]    40.163s  alloc        705.3 MB  Cuda     live     4865.1 MB  "collide:nn_last_partner"
[kp]    40.165s  dealloc      705.3 MB  Cuda     live     4159.8 MB  "collide:nn_last_partner"
[kp]    40.184s  alloc        705.3 MB  Cuda     live     4865.1 MB  "collide:nn_last_partner"
[kp]    40.185s  dealloc      705.3 MB  Cuda     live     4159.8 MB  "collide:nn_last_partner"
[kp]    40.204s  alloc        705.3 MB  Cuda     live     4865.1 MB  "collide:nn_last_partner"
[kp]    40.205s  dealloc      705.3 MB  Cuda     live     4159.8 MB  "collide:nn_last_partner"
[kp]    40.224s  alloc        705.3 MB  Cuda     live     4865.1 MB  "collide:nn_last_partner"
[kp]    40.225s  dealloc      705.3 MB  Cuda     live     4159.8 MB  "collide:nn_last_partner"
[kp]    40.245s  alloc        705.3 MB  Cuda     live     4865.1 MB  "collide:nn_last_partner"
[kp]    40.246s  dealloc      705.3 MB  Cuda     live     4159.8 MB  "collide:nn_last_partner"
[kp]    40.265s  alloc        705.3 MB  Cuda     live     4865.1 MB  "collide:nn_last_partner"
[kp]    40.266s  dealloc      705.3 MB  Cuda     live     4159.8 MB  "collide:nn_last_partner"
[kp]    40.286s  alloc        705.3 MB  Cuda     live     4865.1 MB  "collide:nn_last_partner"
[kp]    40.287s  dealloc      705.3 MB  Cuda     live     4159.8 MB  "collide:nn_last_partner"
[kp]    40.306s  alloc        705.3 MB  Cuda     live     4865.1 MB  "collide:nn_last_partner"
[kp]    40.308s  dealloc      705.3 MB  Cuda     live     4159.8 MB  "collide:nn_last_partner"
[kp]    40.327s  alloc        705.3 MB  Cuda     live     4865.1 MB  "collide:nn_last_partner"
[kp]    40.329s  dealloc      705.3 MB  Cuda     live     4159.8 MB  "collide:nn_last_partner"
[kp]    40.348s  alloc        705.3 MB  Cuda     live     4865.1 MB  "collide:nn_last_partner"
[kp]    40.349s  dealloc      705.3 MB  Cuda     live     4159.8 MB  "collide:nn_last_partner"
[kp]    40.368s  alloc        705.3 MB  Cuda     live     4865.1 MB  "collide:nn_last_partner"
[kp]    40.369s  dealloc      705.3 MB  Cuda     live     4159.8 MB  "collide:nn_last_partner"
[kp]    40.388s  alloc        705.3 MB  Cuda     live     4865.1 MB  "collide:nn_last_partner"
[kp]    40.389s  dealloc      705.3 MB  Cuda     live     4159.8 MB  "collide:nn_last_partner"
[kp]    40.409s  alloc        705.3 MB  Cuda     live     4865.1 MB  "collide:nn_last_partner"
[kp]    40.410s  dealloc      705.3 MB  Cuda     live     4159.8 MB  "collide:nn_last_partner"
[kp]    40.429s  alloc        705.3 MB  Cuda     live     4865.1 MB  "collide:nn_last_partner"
[kp]    40.430s  dealloc      705.3 MB  Cuda     live     4159.8 MB  "collide:nn_last_partner"
[kp]    40.450s  alloc        705.3 MB  Cuda     live     4865.1 MB  "collide:nn_last_partner"
[kp]    40.451s  dealloc      705.3 MB  Cuda     live     4159.8 MB  "collide:nn_last_partner"
[kp]    40.495s  alloc        705.3 MB  Cuda     live     4865.1 MB  "collide:nn_last_partner"
[kp]    40.496s  dealloc      705.3 MB  Cuda     live     4159.8 MB  "collide:nn_last_partner"
[kp]    40.515s  alloc        705.3 MB  Cuda     live     4865.1 MB  "collide:nn_last_partner"
[kp]    40.517s  dealloc      705.3 MB  Cuda     live     4159.8 MB  "collide:nn_last_partner"
[kp]    40.536s  alloc        705.3 MB  Cuda     live     4865.1 MB  "collide:nn_last_partner"
[kp]    40.537s  dealloc      705.3 MB  Cuda     live     4159.8 MB  "collide:nn_last_partner"
[kp]    40.577s  alloc        705.3 MB  Cuda     live     4865.1 MB  "collide:nn_last_partner"
[kp]    40.578s  dealloc      705.3 MB  Cuda     live     4159.8 MB  "collide:nn_last_partner"
[kp]    40.598s  alloc        705.3 MB  Cuda     live     4865.1 MB  "collide:nn_last_partner"
[kp]    40.599s  dealloc      705.3 MB  Cuda     live     4159.8 MB  "collide:nn_last_partner"
[kp]    40.619s  alloc        705.3 MB  Cuda     live     4865.1 MB  "collide:nn_last_partner"
[kp]    40.620s  dealloc      705.3 MB  Cuda     live     4159.8 MB  "collide:nn_last_partner"
[kp]    40.639s  alloc        705.3 MB  Cuda     live     4865.1 MB  "collide:nn_last_partner"
[kp]    40.640s  dealloc      705.3 MB  Cuda     live     4159.8 MB  "collide:nn_last_partner"
[kp]    40.660s  alloc        705.3 MB  Cuda     live     4865.1 MB  "collide:nn_last_partner"
[kp]    40.661s  dealloc      705.3 MB  Cuda     live     4159.8 MB  "collide:nn_last_partner"
[kp]    40.680s  alloc        705.3 MB  Cuda     live     4865.1 MB  "collide:nn_last_partner"
[kp]    40.681s  dealloc      705.3 MB  Cuda     live     4159.8 MB  "collide:nn_last_partner"
[kp]    40.700s  alloc        705.3 MB  Cuda     live     4865.1 MB  "collide:nn_last_partner"
[kp]    40.702s  dealloc      705.3 MB  Cuda     live     4159.8 MB  "collide:nn_last_partner"
[kp]    40.721s  alloc        705.3 MB  Cuda     live     4865.1 MB  "collide:nn_last_partner"
[kp]    40.722s  dealloc      705.3 MB  Cuda     live     4159.8 MB  "collide:nn_last_partner"
[kp]    40.742s  alloc        705.3 MB  Cuda     live     4865.1 MB  "collide:nn_last_partner"
[kp]    40.743s  dealloc      705.3 MB  Cuda     live     4159.8 MB  "collide:nn_last_partner"
[kp]    40.762s  alloc        705.3 MB  Cuda     live     4865.1 MB  "collide:nn_last_partner"
[kp]    40.763s  dealloc      705.3 MB  Cuda     live     4159.8 MB  "collide:nn_last_partner"
[kp]    40.782s  alloc        705.3 MB  Cuda     live     4865.1 MB  "collide:nn_last_partner"
[kp]    40.787s  dealloc      705.3 MB  Cuda     live     4159.8 MB  "collide:nn_last_partner"
[kp]    40.806s  alloc        705.3 MB  Cuda     live     4865.1 MB  "collide:nn_last_partner"
[kp]    40.807s  dealloc      705.3 MB  Cuda     live     4159.8 MB  "collide:nn_last_partner"
[kp]    40.827s  alloc        705.3 MB  Cuda     live     4865.1 MB  "collide:nn_last_partner"
[kp]    40.828s  dealloc      705.3 MB  Cuda     live     4159.8 MB  "collide:nn_last_partner"
[kp]    40.848s  alloc        705.3 MB  Cuda     live     4865.1 MB  "collide:nn_last_partner"
[kp]    40.849s  dealloc      705.3 MB  Cuda     live     4159.8 MB  "collide:nn_last_partner"
[kp]    40.869s  alloc        705.3 MB  Cuda     live     4865.1 MB  "collide:nn_last_partner"
[kp]    40.870s  dealloc      705.3 MB  Cuda     live     4159.8 MB  "collide:nn_last_partner"
[kp]    40.889s  alloc        705.3 MB  Cuda     live     4865.1 MB  "collide:nn_last_partner"
[kp]    40.890s  dealloc      705.3 MB  Cuda     live     4159.8 MB  "collide:nn_last_partner"
[kp]    40.910s  alloc        705.3 MB  Cuda     live     4865.1 MB  "collide:nn_last_partner"
[kp]    40.911s  dealloc      705.3 MB  Cuda     live     4159.8 MB  "collide:nn_last_partner"
[kp]    40.930s  alloc        705.3 MB  Cuda     live     4865.1 MB  "collide:nn_last_partner"
[kp]    40.931s  dealloc      705.3 MB  Cuda     live     4159.8 MB  "collide:nn_last_partner"
[kp]    40.950s  alloc        705.3 MB  Cuda     live     4865.1 MB  "collide:nn_last_partner"
[kp]    40.952s  dealloc      705.3 MB  Cuda     live     4159.8 MB  "collide:nn_last_partner"
[kp]    40.971s  alloc        705.3 MB  Cuda     live     4865.1 MB  "collide:nn_last_partner"
[kp]    40.972s  dealloc      705.3 MB  Cuda     live     4159.8 MB  "collide:nn_last_partner"
[kp]    40.995s  alloc        705.3 MB  Cuda     live     4865.1 MB  "collide:nn_last_partner"
[kp]    40.996s  dealloc      705.3 MB  Cuda     live     4159.8 MB  "collide:nn_last_partner"
[kp]    41.019s  alloc        705.3 MB  Cuda     live     4865.1 MB  "collide:nn_last_partner"
[kp]    41.020s  dealloc      705.3 MB  Cuda     live     4159.8 MB  "collide:nn_last_partner"
[kp]    41.039s  alloc        705.3 MB  Cuda     live     4865.1 MB  "collide:nn_last_partner"
[kp]    41.041s  dealloc      705.3 MB  Cuda     live     4159.8 MB  "collide:nn_last_partner"
[kp]    41.060s  alloc        705.3 MB  Cuda     live     4865.1 MB  "collide:nn_last_partner"
[kp]    41.061s  dealloc      705.3 MB  Cuda     live     4159.8 MB  "collide:nn_last_partner"
[kp]    41.097s  alloc        705.3 MB  Cuda     live     4865.1 MB  "collide:nn_last_partner"
[kp]    41.098s  dealloc      705.3 MB  Cuda     live     4159.8 MB  "collide:nn_last_partner"
[kp]    41.121s  alloc        705.3 MB  Cuda     live     4865.1 MB  "collide:nn_last_partner"
[kp]    41.122s  dealloc      705.3 MB  Cuda     live     4159.8 MB  "collide:nn_last_partner"
[kp]    41.142s  alloc        705.3 MB  Cuda     live     4865.1 MB  "collide:nn_last_partner"
[kp]    41.143s  dealloc      705.3 MB  Cuda     live     4159.8 MB  "collide:nn_last_partner"
[kp]    41.162s  alloc        705.3 MB  Cuda     live     4865.1 MB  "collide:nn_last_partner"
[kp]    41.163s  dealloc      705.3 MB  Cuda     live     4159.8 MB  "collide:nn_last_partner"
[kp]    41.182s  alloc        705.3 MB  Cuda     live     4865.1 MB  "collide:nn_last_partner"
[kp]    41.183s  dealloc      705.3 MB  Cuda     live     4159.8 MB  "collide:nn_last_partner"
[kp]    41.202s  alloc        705.3 MB  Cuda     live     4865.1 MB  "collide:nn_last_partner"
[kp]    41.203s  dealloc      705.3 MB  Cuda     live     4159.8 MB  "collide:nn_last_partner"
[kp]    41.223s  alloc        705.3 MB  Cuda     live     4865.1 MB  "collide:nn_last_partner"
[kp]    41.224s  dealloc      705.3 MB  Cuda     live     4159.8 MB  "collide:nn_last_partner"
[kp]    41.246s  alloc        705.3 MB  Cuda     live     4865.1 MB  "collide:nn_last_partner"
[kp]    41.247s  dealloc      705.3 MB  Cuda     live     4159.8 MB  "collide:nn_last_partner"
[kp]    41.266s  alloc        705.3 MB  Cuda     live     4865.1 MB  "collide:nn_last_partner"
[kp]    41.268s  dealloc      705.3 MB  Cuda     live     4159.8 MB  "collide:nn_last_partner"
[kp]    41.287s  alloc        705.3 MB  Cuda     live     4865.1 MB  "collide:nn_last_partner"
[kp]    41.288s  dealloc      705.3 MB  Cuda     live     4159.8 MB  "collide:nn_last_partner"
[kp]    41.307s  alloc        705.3 MB  Cuda     live     4865.1 MB  "collide:nn_last_partner"
[kp]    41.308s  dealloc      705.3 MB  Cuda     live     4159.8 MB  "collide:nn_last_partner"
[kp]    41.327s  alloc        705.3 MB  Cuda     live     4865.1 MB  "collide:nn_last_partner"
[kp]    41.329s  dealloc      705.3 MB  Cuda     live     4159.8 MB  "collide:nn_last_partner"
[kp]    41.358s  alloc        705.3 MB  Cuda     live     4865.1 MB  "collide:nn_last_partner"
[kp]    41.368s  dealloc      705.3 MB  Cuda     live     4159.8 MB  "collide:nn_last_partner"
[kp]    41.410s  alloc        705.3 MB  Cuda     live     4865.1 MB  "collide:nn_last_partner"
[kp]    41.413s  dealloc      705.3 MB  Cuda     live     4159.8 MB  "collide:nn_last_partner"
    1400    32.199614 1.2670507e-07    42.235029        3e-09 28445118   103491    55264        0        0    294.74063 
[kp]    41.706s  alloc        705.3 MB  Cuda     live     4865.1 MB  "collide:nn_last_partner"
[kp]    41.721s  dealloc      705.3 MB  Cuda     live     4159.8 MB  "collide:nn_last_partner"
[kp]    42.000s  alloc        705.3 MB  Cuda     live     4865.1 MB  "collide:nn_last_partner"
[kp]    42.010s  dealloc      705.3 MB  Cuda     live     4159.8 MB  "collide:nn_last_partner"
[kp]    42.638s  alloc        705.3 MB  Cuda     live     4865.1 MB  "collide:nn_last_partner"
[kp]    42.640s  dealloc      705.3 MB  Cuda     live     4159.8 MB  "collide:nn_last_partner"
[kp]    42.701s  alloc        705.3 MB  Cuda     live     4865.1 MB  "collide:nn_last_partner"
[kp]    42.703s  dealloc      705.3 MB  Cuda     live     4159.8 MB  "collide:nn_last_partner"
[kp]    42.738s  alloc        705.3 MB  Cuda     live     4865.1 MB  "collide:nn_last_partner"
[kp]    42.764s  dealloc      705.3 MB  Cuda     live     4159.8 MB  "collide:nn_last_partner"
[kp]    42.854s  alloc        705.3 MB  Cuda     live     4865.1 MB  "collide:nn_last_partner"
[kp]    42.869s  dealloc      705.3 MB  Cuda     live     4159.8 MB  "collide:nn_last_partner"
[kp]    42.909s  alloc        705.3 MB  Cuda     live     4865.1 MB  "collide:nn_last_partner"
[kp]    42.911s  dealloc      705.3 MB  Cuda     live     4159.8 MB  "collide:nn_last_partner"
[kp]    43.071s  alloc        705.3 MB  Cuda     live     4865.1 MB  "collide:nn_last_partner"
[kp]    43.072s  dealloc      705.3 MB  Cuda     live     4159.8 MB  "collide:nn_last_partner"
[kp]    43.093s  alloc        705.3 MB  Cuda     live     4865.1 MB  "collide:nn_last_partner"
[kp]    43.095s  dealloc      705.3 MB  Cuda     live     4159.8 MB  "collide:nn_last_partner"
[kp]    43.117s  alloc        705.3 MB  Cuda     live     4865.1 MB  "collide:nn_last_partner"
[kp]    43.118s  dealloc      705.3 MB  Cuda     live     4159.8 MB  "collide:nn_last_partner"
[kp]    43.139s  alloc        705.3 MB  Cuda     live     4865.1 MB  "collide:nn_last_partner"
[kp]    43.140s  dealloc      705.3 MB  Cuda     live     4159.8 MB  "collide:nn_last_partner"
[kp]    43.189s  alloc        705.3 MB  Cuda     live     4865.1 MB  "collide:nn_last_partner"
[kp]    43.190s  dealloc      705.3 MB  Cuda     live     4159.8 MB  "collide:nn_last_partner"
[kp]    43.247s  alloc        705.3 MB  Cuda     live     4865.1 MB  "collide:nn_last_partner"
[kp]    43.250s  dealloc      705.3 MB  Cuda     live     4159.8 MB  "collide:nn_last_partner"
[kp]    43.297s  alloc        705.3 MB  Cuda     live     4865.1 MB  "collide:nn_last_partner"
[kp]    43.300s  dealloc      705.3 MB  Cuda     live     4159.8 MB  "collide:nn_last_partner"
[kp]    43.509s  alloc        705.3 MB  Cuda     live     4865.1 MB  "collide:nn_last_partner"
[kp]    43.512s  dealloc      705.3 MB  Cuda     live     4159.8 MB  "collide:nn_last_partner"
[kp]    44.594s  alloc        705.3 MB  Cuda     live     4865.1 MB  "collide:nn_last_partner"
[kp]    44.595s  dealloc      705.3 MB  Cuda     live     4159.8 MB  "collide:nn_last_partner"
[kp]    44.673s  alloc        705.3 MB  Cuda     live     4865.1 MB  "collide:nn_last_partner"
[kp]    44.676s  dealloc      705.3 MB  Cuda     live     4159.8 MB  "collide:nn_last_partner"
[kp]    44.716s  alloc        705.3 MB  Cuda     live     4865.1 MB  "collide:nn_last_partner"
[kp]    44.773s  dealloc      705.3 MB  Cuda     live     4159.8 MB  "collide:nn_last_partner"
[kp]    44.875s  alloc        705.3 MB  Cuda     live     4865.1 MB  "collide:nn_last_partner"
[kp]    44.877s  dealloc      705.3 MB  Cuda     live     4159.8 MB  "collide:nn_last_partner"
[kp]    45.012s  alloc        705.3 MB  Cuda     live     4865.1 MB  "collide:nn_last_partner"
[kp]    45.013s  dealloc      705.3 MB  Cuda     live     4159.8 MB  "collide:nn_last_partner"
[kp]    45.038s  alloc        705.3 MB  Cuda     live     4865.1 MB  "collide:nn_last_partner"
[kp]    45.040s  dealloc      705.3 MB  Cuda     live     4159.8 MB  "collide:nn_last_partner"
[kp]    45.075s  alloc        705.3 MB  Cuda     live     4865.1 MB  "collide:nn_last_partner"
[kp]    45.085s  dealloc      705.3 MB  Cuda     live     4159.8 MB  "collide:nn_last_partner"
[kp]    45.321s  alloc        705.3 MB  Cuda     live     4865.1 MB  "collide:nn_last_partner"
[kp]    45.328s  dealloc      705.3 MB  Cuda     live     4159.8 MB  "collide:nn_last_partner"
[kp]    46.240s  alloc        705.3 MB  Cuda     live     4865.1 MB  "collide:nn_last_partner"
[kp]    46.241s  dealloc      705.3 MB  Cuda     live     4159.8 MB  "collide:nn_last_partner"
[kp]    46.341s  alloc        705.3 MB  Cuda     live     4865.1 MB  "collide:nn_last_partner"
[kp]    46.344s  dealloc      705.3 MB  Cuda     live     4159.8 MB  "collide:nn_last_partner"
[kp]    46.382s  alloc        705.3 MB  Cuda     live     4865.1 MB  "collide:nn_last_partner"
[kp]    46.394s  dealloc      705.3 MB  Cuda     live     4159.8 MB  "collide:nn_last_partner"
[kp]    46.463s  alloc        705.3 MB  Cuda     live     4865.1 MB  "collide:nn_last_partner"
[kp]    46.480s  dealloc      705.3 MB  Cuda     live     4159.8 MB  "collide:nn_last_partner"
[kp]    46.587s  alloc        705.3 MB  Cuda     live     4865.1 MB  "collide:nn_last_partner"
[kp]    46.589s  dealloc      705.3 MB  Cuda     live     4159.8 MB  "collide:nn_last_partner"
[kp]    46.735s  alloc        705.3 MB  Cuda     live     4865.1 MB  "collide:nn_last_partner"
[kp]    46.736s  dealloc      705.3 MB  Cuda     live     4159.8 MB  "collide:nn_last_partner"
[kp]    46.758s  alloc        705.3 MB  Cuda     live     4865.1 MB  "collide:nn_last_partner"
[kp]    46.759s  dealloc      705.3 MB  Cuda     live     4159.8 MB  "collide:nn_last_partner"
[kp]    46.781s  alloc        705.3 MB  Cuda     live     4865.1 MB  "collide:nn_last_partner"
[kp]    46.782s  dealloc      705.3 MB  Cuda     live     4159.8 MB  "collide:nn_last_partner"
[kp]    46.802s  alloc        705.3 MB  Cuda     live     4865.1 MB  "collide:nn_last_partner"
[kp]    46.803s  dealloc      705.3 MB  Cuda     live     4159.8 MB  "collide:nn_last_partner"
[kp]    46.833s  alloc        705.3 MB  Cuda     live     4865.1 MB  "collide:nn_last_partner"
[kp]    46.835s  dealloc      705.3 MB  Cuda     live     4159.8 MB  "collide:nn_last_partner"
[kp]    46.869s  alloc        705.3 MB  Cuda     live     4865.1 MB  "collide:nn_last_partner"
[kp]    46.872s  dealloc      705.3 MB  Cuda     live     4159.8 MB  "collide:nn_last_partner"
[kp]    46.914s  alloc        705.3 MB  Cuda     live     4865.1 MB  "collide:nn_last_partner"
[kp]    46.924s  dealloc      705.3 MB  Cuda     live     4159.8 MB  "collide:nn_last_partner"
[kp]    47.058s  alloc        705.3 MB  Cuda     live     4865.1 MB  "collide:nn_last_partner"
[kp]    47.062s  dealloc      705.3 MB  Cuda     live     4159.8 MB  "collide:nn_last_partner"
[kp]    48.051s  alloc        705.3 MB  Cuda     live     4865.1 MB  "collide:nn_last_partner"
[kp]    48.053s  dealloc      705.3 MB  Cuda     live     4159.8 MB  "collide:nn_last_partner"
[kp]    48.094s  alloc        705.3 MB  Cuda     live     4865.1 MB  "collide:nn_last_partner"
[kp]    48.125s  dealloc      705.3 MB  Cuda     live     4159.8 MB  "collide:nn_last_partner"
[kp]    48.273s  alloc        705.3 MB  Cuda     live     4865.1 MB  "collide:nn_last_partner"
[kp]    48.275s  dealloc      705.3 MB  Cuda     live     4159.8 MB  "collide:nn_last_partner"
[kp]    48.370s  alloc        705.3 MB  Cuda     live     4865.1 MB  "collide:nn_last_partner"
[kp]    48.371s  dealloc      705.3 MB  Cuda     live     4159.8 MB  "collide:nn_last_partner"
[kp]    48.420s  alloc        705.3 MB  Cuda     live     4865.1 MB  "collide:nn_last_partner"
[kp]    48.423s  dealloc      705.3 MB  Cuda     live     4159.8 MB  "collide:nn_last_partner"
[kp]    48.463s  alloc        705.3 MB  Cuda     live     4865.1 MB  "collide:nn_last_partner"
[kp]    48.470s  dealloc      705.3 MB  Cuda     live     4159.8 MB  "collide:nn_last_partner"
[kp]    48.602s  alloc        705.3 MB  Cuda     live     4865.1 MB  "collide:nn_last_partner"
[kp]    48.609s  dealloc      705.3 MB  Cuda     live     4159.8 MB  "collide:nn_last_partner"
[kp]    49.527s  alloc        705.3 MB  Cuda     live     4865.1 MB  "collide:nn_last_partner"
[kp]    49.529s  dealloc      705.3 MB  Cuda     live     4159.8 MB  "collide:nn_last_partner"
[kp]    49.598s  alloc        705.3 MB  Cuda     live     4865.1 MB  "collide:nn_last_partner"
[kp]    49.601s  dealloc      705.3 MB  Cuda     live     4159.8 MB  "collide:nn_last_partner"
[kp]    49.647s  alloc        705.3 MB  Cuda     live     4865.1 MB  "collide:nn_last_partner"
[kp]    49.676s  dealloc      705.3 MB  Cuda     live     4159.8 MB  "collide:nn_last_partner"
[kp]    49.750s  alloc        705.3 MB  Cuda     live     4865.1 MB  "collide:nn_last_partner"
[kp]    49.767s  dealloc      705.3 MB  Cuda     live     4159.8 MB  "collide:nn_last_partner"
[kp]    49.824s  alloc        705.3 MB  Cuda     live     4865.1 MB  "collide:nn_last_partner"
[kp]    49.826s  dealloc      705.3 MB  Cuda     live     4159.8 MB  "collide:nn_last_partner"
[kp]    49.910s  alloc        705.3 MB  Cuda     live     4865.1 MB  "collide:nn_last_partner"
[kp]    49.912s  dealloc      705.3 MB  Cuda     live     4159.8 MB  "collide:nn_last_partner"
[kp]    49.984s  alloc        705.3 MB  Cuda     live     4865.1 MB  "collide:nn_last_partner"
[kp]    49.985s  dealloc      705.3 MB  Cuda     live     4159.8 MB  "collide:nn_last_partner"
[kp]    50.006s  alloc        705.3 MB  Cuda     live     4865.1 MB  "collide:nn_last_partner"
[kp]    50.007s  dealloc      705.3 MB  Cuda     live     4159.8 MB  "collide:nn_last_partner"
[kp]    50.027s  alloc        705.3 MB  Cuda     live     4865.1 MB  "collide:nn_last_partner"
[kp]    50.028s  dealloc      705.3 MB  Cuda     live     4159.8 MB  "collide:nn_last_partner"
[kp]    50.048s  alloc        705.3 MB  Cuda     live     4865.1 MB  "collide:nn_last_partner"
[kp]    50.049s  dealloc      705.3 MB  Cuda     live     4159.8 MB  "collide:nn_last_partner"
[kp]    50.114s  alloc        705.3 MB  Cuda     live     4865.1 MB  "collide:nn_last_partner"
[kp]    50.120s  dealloc      705.3 MB  Cuda     live     4159.8 MB  "collide:nn_last_partner"
[kp]    50.168s  alloc        705.3 MB  Cuda     live     4865.1 MB  "collide:nn_last_partner"
[kp]    50.174s  dealloc      705.3 MB  Cuda     live     4159.8 MB  "collide:nn_last_partner"
[kp]    50.320s  alloc        705.3 MB  Cuda     live     4865.1 MB  "collide:nn_last_partner"
[kp]    50.325s  dealloc      705.3 MB  Cuda     live     4159.8 MB  "collide:nn_last_partner"
[kp]    51.270s  alloc        705.3 MB  Cuda     live     4865.1 MB  "collide:nn_last_partner"
[kp]    51.272s  dealloc      705.3 MB  Cuda     live     4159.8 MB  "collide:nn_last_partner"
[kp]    51.297s  alloc        705.3 MB  Cuda     live     4865.1 MB  "collide:nn_last_partner"
[kp]    51.298s  dealloc      705.3 MB  Cuda     live     4159.8 MB  "collide:nn_last_partner"
[kp]    51.383s  alloc        705.3 MB  Cuda     live     4865.1 MB  "collide:nn_last_partner"
[kp]    51.392s  dealloc      705.3 MB  Cuda     live     4159.8 MB  "collide:nn_last_partner"
[kp]    51.433s  alloc        705.3 MB  Cuda     live     4865.1 MB  "collide:nn_last_partner"
[kp]    51.460s  dealloc      705.3 MB  Cuda     live     4159.8 MB  "collide:nn_last_partner"
[kp]    51.587s  alloc        705.3 MB  Cuda     live     4865.1 MB  "collide:nn_last_partner"
[kp]    51.589s  dealloc      705.3 MB  Cuda     live     4159.8 MB  "collide:nn_last_partner"
[kp]    51.715s  alloc        705.3 MB  Cuda     live     4865.1 MB  "collide:nn_last_partner"
[kp]    51.716s  dealloc      705.3 MB  Cuda     live     4159.8 MB  "collide:nn_last_partner"
[kp]    51.747s  alloc        705.3 MB  Cuda     live     4865.1 MB  "collide:nn_last_partner"
[kp]    51.750s  dealloc      705.3 MB  Cuda     live     4159.8 MB  "collide:nn_last_partner"
[kp]    51.788s  alloc        705.3 MB  Cuda     live     4865.1 MB  "collide:nn_last_partner"
[kp]    51.795s  dealloc      705.3 MB  Cuda     live     4159.8 MB  "collide:nn_last_partner"
[kp]    51.951s  alloc        705.3 MB  Cuda     live     4865.1 MB  "collide:nn_last_partner"
[kp]    51.964s  dealloc      705.3 MB  Cuda     live     4159.8 MB  "collide:nn_last_partner"
[kp]    52.379s  alloc        705.3 MB  Cuda     live     4865.1 MB  "collide:nn_last_partner"
[kp]    52.389s  dealloc      705.3 MB  Cuda     live     4159.8 MB  "collide:nn_last_partner"
[kp]    52.844s  alloc        705.3 MB  Cuda     live     4865.1 MB  "collide:nn_last_partner"
[kp]    52.847s  dealloc      705.3 MB  Cuda     live     4159.8 MB  "collide:nn_last_partner"
[kp]    52.869s  alloc        705.3 MB  Cuda     live     4865.1 MB  "collide:nn_last_partner"
[kp]    52.870s  dealloc      705.3 MB  Cuda     live     4159.8 MB  "collide:nn_last_partner"
[kp]    52.930s  alloc        705.3 MB  Cuda     live     4865.1 MB  "collide:nn_last_partner"
[kp]    52.932s  dealloc      705.3 MB  Cuda     live     4159.8 MB  "collide:nn_last_partner"
[kp]    52.963s  alloc        705.3 MB  Cuda     live     4865.1 MB  "collide:nn_last_partner"
[kp]    52.976s  dealloc      705.3 MB  Cuda     live     4159.8 MB  "collide:nn_last_partner"
[kp]    53.070s  alloc        705.3 MB  Cuda     live     4865.1 MB  "collide:nn_last_partner"
[kp]    53.072s  dealloc      705.3 MB  Cuda     live     4159.8 MB  "collide:nn_last_partner"
[kp] ==== 10:35:12.936  device free 135.2 GB -> 0.7 GB, recent events:
[kp]         53.072s  deep_copy 0.0 MB Host "collide:scalars_big_mirror" <- Cuda "collide:scalars_big"
[kp]         53.072s  begin fence "Kokkos::deep_copy: copy between contiguous views, pre view equality check"
[kp]         53.072s  end   fence "Kokkos::deep_copy: copy between contiguous views, pre view equality check"
[kp]         53.072s  begin fence "Kokkos::deep_copy: copy between contiguous views, pre view equality check"
[kp]         53.072s  end   fence "Kokkos::deep_copy: copy between contiguous views, pre view equality check"
[kp]         53.072s  begin fence "Kokkos::deep_copy: copy between contiguous views, post deep copy fence"
[kp]         53.072s  end   fence "Kokkos::deep_copy: copy between contiguous views, post deep copy fence"
[kp]         53.072s  begin fence "Kokkos::deep_copy: copy between contiguous views, post deep copy fence"
[kp]         53.072s  end   fence "Kokkos::deep_copy: copy between contiguous views, post deep copy fence"
[kp]         53.072s  end   deep_copy
[kp]         53.072s  dealloc 705.3 MB Cuda "collide:nn_last_partner"
[kp]         53.099s  deep_copy 0.0 MB Cuda "emit/surf:tempmax" <- Host "Scalar"
[kp]    53.151s  alloc        705.3 MB  Cuda     live     4865.1 MB  "collide:nn_last_partner"
[kp]    53.158s  dealloc      705.3 MB  Cuda     live     4159.8 MB  "collide:nn_last_partner"
[kp]    53.247s  alloc        705.3 MB  Cuda     live     4865.1 MB  "collide:nn_last_partner"
[kp]    53.254s  dealloc      705.3 MB  Cuda     live     4159.8 MB  "collide:nn_last_partner"
[kp]    53.314s  alloc        705.3 MB  Cuda     live     4865.1 MB  "collide:nn_last_partner"
[kp]    53.316s  dealloc      705.3 MB  Cuda     live     4159.8 MB  "collide:nn_last_partner"
[kp]    53.335s  alloc        705.3 MB  Cuda     live     4865.1 MB  "collide:nn_last_partner"
[kp]    53.336s  dealloc      705.3 MB  Cuda     live     4159.8 MB  "collide:nn_last_partner"
[kp]    53.357s  alloc        705.3 MB  Cuda     live     4865.1 MB  "collide:nn_last_partner"
[kp]    53.358s  dealloc      705.3 MB  Cuda     live     4159.8 MB  "collide:nn_last_partner"
[kp]    53.378s  alloc        705.3 MB  Cuda     live     4865.1 MB  "collide:nn_last_partner"
[kp]    53.379s  dealloc      705.3 MB  Cuda     live     4159.8 MB  "collide:nn_last_partner"
[kp]    53.398s  alloc        705.3 MB  Cuda     live     4865.1 MB  "collide:nn_last_partner"
[kp]    53.399s  dealloc      705.3 MB  Cuda     live     4159.8 MB  "collide:nn_last_partner"
[kp]    53.419s  alloc        705.3 MB  Cuda     live     4865.1 MB  "collide:nn_last_partner"
[kp]    53.420s  dealloc      705.3 MB  Cuda     live     4159.8 MB  "collide:nn_last_partner"
[kp]    53.439s  alloc        705.3 MB  Cuda     live     4865.1 MB  "collide:nn_last_partner"
[kp]    53.440s  dealloc      705.3 MB  Cuda     live     4159.8 MB  "collide:nn_last_partner"
[kp]    53.520s  alloc        705.3 MB  Cuda     live     4865.1 MB  "collide:nn_last_partner"
[kp]    53.521s  dealloc      705.3 MB  Cuda     live     4159.8 MB  "collide:nn_last_partner"
[kp]    53.540s  alloc        705.3 MB  Cuda     live     4865.1 MB  "collide:nn_last_partner"
[kp]    53.542s  dealloc      705.3 MB  Cuda     live     4159.8 MB  "collide:nn_last_partner"
[kp]    53.561s  alloc        705.3 MB  Cuda     live     4865.1 MB  "collide:nn_last_partner"
[kp]    53.562s  dealloc      705.3 MB  Cuda     live     4159.8 MB  "collide:nn_last_partner"
[kp]    53.581s  alloc        705.3 MB  Cuda     live     4865.1 MB  "collide:nn_last_partner"
[kp]    53.583s  dealloc      705.3 MB  Cuda     live     4159.8 MB  "collide:nn_last_partner"
[kp]    53.613s  alloc        705.3 MB  Cuda     live     4865.1 MB  "collide:nn_last_partner"
[kp]    53.614s  dealloc      705.3 MB  Cuda     live     4159.8 MB  "collide:nn_last_partner"
[kp]    53.633s  alloc        705.3 MB  Cuda     live     4865.1 MB  "collide:nn_last_partner"
[kp]    53.634s  dealloc      705.3 MB  Cuda     live     4159.8 MB  "collide:nn_last_partner"
[kp]    53.654s  alloc        705.3 MB  Cuda     live     4865.1 MB  "collide:nn_last_partner"
[kp]    53.655s  dealloc      705.3 MB  Cuda     live     4159.8 MB  "collide:nn_last_partner"
[kp]    53.674s  alloc        705.3 MB  Cuda     live     4865.1 MB  "collide:nn_last_partner"
[kp]    53.676s  dealloc      705.3 MB  Cuda     live     4159.8 MB  "collide:nn_last_partner"
[kp]    53.695s  alloc        705.3 MB  Cuda     live     4865.1 MB  "collide:nn_last_partner"
[kp]    53.696s  dealloc      705.3 MB  Cuda     live     4159.8 MB  "collide:nn_last_partner"
[kp]    53.715s  alloc        705.3 MB  Cuda     live     4865.1 MB  "collide:nn_last_partner"
[kp]    53.716s  dealloc      705.3 MB  Cuda     live     4159.8 MB  "collide:nn_last_partner"
[kp]    53.735s  alloc        705.3 MB  Cuda     live     4865.1 MB  "collide:nn_last_partner"
[kp]    53.737s  dealloc      705.3 MB  Cuda     live     4159.8 MB  "collide:nn_last_partner"
[kp]    53.756s  alloc        705.3 MB  Cuda     live     4865.1 MB  "collide:nn_last_partner"
[kp]    53.757s  dealloc      705.3 MB  Cuda     live     4159.8 MB  "collide:nn_last_partner"
[kp]    53.776s  alloc        705.3 MB  Cuda     live     4865.1 MB  "collide:nn_last_partner"
[kp]    53.778s  dealloc      705.3 MB  Cuda     live     4159.8 MB  "collide:nn_last_partner"
[kp]    53.797s  alloc        705.3 MB  Cuda     live     4865.1 MB  "collide:nn_last_partner"
[kp]    53.798s  dealloc      705.3 MB  Cuda     live     4159.8 MB  "collide:nn_last_partner"
[kp]    53.817s  alloc        705.3 MB  Cuda     live     4865.1 MB  "collide:nn_last_partner"
[kp]    53.818s  dealloc      705.3 MB  Cuda     live     4159.8 MB  "collide:nn_last_partner"
[kp]    53.838s  alloc        705.3 MB  Cuda     live     4865.1 MB  "collide:nn_last_partner"
[kp]    53.839s  dealloc      705.3 MB  Cuda     live     4159.8 MB  "collide:nn_last_partner"
[kp]    53.858s  alloc        705.3 MB  Cuda     live     4865.1 MB  "collide:nn_last_partner"
[kp]    53.859s  dealloc      705.3 MB  Cuda     live     4159.8 MB  "collide:nn_last_partner"
[kp]    53.879s  alloc        705.3 MB  Cuda     live     4865.1 MB  "collide:nn_last_partner"
[kp]    53.881s  dealloc      705.3 MB  Cuda     live     4159.8 MB  "collide:nn_last_partner"
[kp]    53.900s  alloc        705.3 MB  Cuda     live     4865.1 MB  "collide:nn_last_partner"
[kp]    53.901s  dealloc      705.3 MB  Cuda     live     4159.8 MB  "collide:nn_last_partner"
[kp]    53.921s  alloc        705.3 MB  Cuda     live     4865.1 MB  "collide:nn_last_partner"
[kp]    53.922s  dealloc      705.3 MB  Cuda     live     4159.8 MB  "collide:nn_last_partner"
    1500    44.663205 2.4070111e-08    8.0233706        3e-09 28332153   103211    54790        0        0    294.82013 
[kp]    54.172s  alloc        705.3 MB  Cuda     live     4865.1 MB  "collide:nn_last_partner"
[kp] ==== 10:35:14.003  device free 0.7 GB -> 134.3 GB, recent events:
[kp]         54.077s  end   for "SPARTA_NS::ParticleKokkos/SPARTA_NS::TagParticleSort<1, 0>"
[kp]         54.077s  deep_copy 0.0 MB Host "particle:resize_mirror" <- Cuda "particle:resize"
[kp]         54.077s  begin fence "Kokkos::deep_copy: scalar to scalar copy, pre copy fence"
[kp]         54.077s  end   fence "Kokkos::deep_copy: scalar to scalar copy, pre copy fence"
[kp]         54.077s  begin fence "Kokkos::deep_copy: scalar to scalar copy, pre copy fence"
[kp]         54.077s  end   fence "Kokkos::deep_copy: scalar to scalar copy, pre copy fence"
[kp]         54.077s  begin fence "Kokkos::deep_copy: scalar to scalar copy, post copy fence"
[kp]         54.077s  end   fence "Kokkos::deep_copy: scalar to scalar copy, post copy fence"
[kp]         54.077s  begin fence "Kokkos::deep_copy: scalar to scalar copy, post copy fence"
[kp]         54.077s  end   fence "Kokkos::deep_copy: scalar to scalar copy, post copy fence"
[kp]         54.077s  end   deep_copy
[kp]         54.172s  alloc 705.3 MB Cuda "collide:nn_last_partner"
[kp]    54.174s  dealloc      705.3 MB  Cuda     live     4159.8 MB  "collide:nn_last_partner"
[kp]    54.196s  alloc        705.3 MB  Cuda     live     4865.1 MB  "collide:nn_last_partner"
[kp]    54.197s  dealloc      705.3 MB  Cuda     live     4159.8 MB  "collide:nn_last_partner"
[kp]    54.291s  alloc        705.3 MB  Cuda     live     4865.1 MB  "collide:nn_last_partner"
[kp]    54.293s  dealloc      705.3 MB  Cuda     live     4159.8 MB  "collide:nn_last_partner"
[kp]    54.314s  alloc        705.3 MB  Cuda     live     4865.1 MB  "collide:nn_last_partner"
[kp]    54.317s  dealloc      705.3 MB  Cuda     live     4159.8 MB  "collide:nn_last_partner"
[kp]    54.344s  alloc        705.3 MB  Cuda     live     4865.1 MB  "collide:nn_last_partner"
[kp]    54.345s  dealloc      705.3 MB  Cuda     live     4159.8 MB  "collide:nn_last_partner"
[kp]    54.367s  alloc        705.3 MB  Cuda     live     4865.1 MB  "collide:nn_last_partner"
[kp]    54.368s  dealloc      705.3 MB  Cuda     live     4159.8 MB  "collide:nn_last_partner"
[kp]    54.393s  alloc        705.3 MB  Cuda     live     4865.1 MB  "collide:nn_last_partner"
[kp]    54.394s  dealloc      705.3 MB  Cuda     live     4159.8 MB  "collide:nn_last_partner"
[kp]    54.440s  alloc        705.3 MB  Cuda     live     4865.1 MB  "collide:nn_last_partner"
[kp]    54.443s  dealloc      705.3 MB  Cuda     live     4159.8 MB  "collide:nn_last_partner"
[kp]    54.489s  alloc        705.3 MB  Cuda     live     4865.1 MB  "collide:nn_last_partner"
[kp]    54.496s  dealloc      705.3 MB  Cuda     live     4159.8 MB  "collide:nn_last_partner"
[kp]    54.539s  alloc        705.3 MB  Cuda     live     4865.1 MB  "collide:nn_last_partner"
[kp]    54.656s  dealloc      705.3 MB  Cuda     live     4159.8 MB  "collide:nn_last_partner"
[kp]    54.764s  alloc        705.3 MB  Cuda     live     4865.1 MB  "collide:nn_last_partner"
[kp]    54.783s  dealloc      705.3 MB  Cuda     live     4159.8 MB  "collide:nn_last_partner"
[kp]    55.735s  alloc        705.3 MB  Cuda     live     4865.1 MB  "collide:nn_last_partner"
[kp]    55.737s  dealloc      705.3 MB  Cuda     live     4159.8 MB  "collide:nn_last_partner"
[kp]    55.809s  alloc        705.3 MB  Cuda     live     4865.1 MB  "collide:nn_last_partner"
[kp]    55.811s  dealloc      705.3 MB  Cuda     live     4159.8 MB  "collide:nn_last_partner"
[kp]    55.849s  alloc        705.3 MB  Cuda     live     4865.1 MB  "collide:nn_last_partner"
[kp]    55.884s  dealloc      705.3 MB  Cuda     live     4159.8 MB  "collide:nn_last_partner"
[kp]    55.956s  alloc        705.3 MB  Cuda     live     4865.1 MB  "collide:nn_last_partner"
[kp]    55.957s  dealloc      705.3 MB  Cuda     live     4159.8 MB  "collide:nn_last_partner"
[kp] ==== 10:35:15.828  device free 134.3 GB -> 0.0 GB, recent events:
[kp]         55.965s  begin fence "Kokkos::deep_copy: copy between contiguous views, post deep copy fence"
[kp]         55.965s  end   fence "Kokkos::deep_copy: copy between contiguous views, post deep copy fence"
[kp]         55.965s  begin fence "Kokkos::deep_copy: copy between contiguous views, post deep copy fence"
[kp]         55.965s  end   fence "Kokkos::deep_copy: copy between contiguous views, post deep copy fence"
[kp]         55.965s  end   deep_copy
[kp]         55.965s  begin fence "Kokkos::Tools::invoke_kokkosp_callback: Kokkos Profile Tool Fence"
[kp]         55.965s  end   fence "Kokkos::Tools::invoke_kokkosp_callback: Kokkos Profile Tool Fence"
[kp]         55.965s  begin fence "Kokkos::Tools::invoke_kokkosp_callback: Kokkos Profile Tool Fence"
[kp]         55.965s  end   fence "Kokkos::Tools::invoke_kokkosp_callback: Kokkos Profile Tool Fence"
[kp]         55.965s  begin reduce "CombinedFunctorReducer<SPARTA_NS::UpdateKokkos, FunctorAnalysis<FunctorPatternInterface::REDUCE, Kokkos::RangePolicy<Kokkos::Cuda, SPARTA_NS::TagUpdateMove<3, 1, 0, 0, -1> >, SPARTA_NS::UpdateKokkos, SPARTA_NS::s_UPDATE_REDUCE>::Reducer, void>/SPARTA_NS::TagUpdateMove<3, 1, 0, 0, -1>"
[kp]         55.965s  begin fence "Kokkos::Impl::ParallelReduce<Cuda, RangePolicy>::execute: Result Not Device Accessible"
[kp]         55.982s  end   fence "Kokkos::Impl::ParallelReduce<Cuda, RangePolicy>::execute: Result Not Device Accessible"
terminate called after throwing an instance of 'Kokkos::Experimental::BadAlloc'
  what():  Kokkos ERROR: Cuda memory space failed to allocate 705.3 MiB (label="collide:nn_last_partner").
[an6007:3300073] *** Process received signal ***
[an6007:3300073] Signal: Aborted (6)
[an6007:3300073] Signal code:  (-6)
[an6007:3300073] [ 0] /hpc/shared/apps/amd/hpcx/hpcx-v2.17.1-gcc-mlnx_ofed-redhat8-cuda12-x86_64-gcc-8.5.0/hpcx-ompi/lib/libopen-pal.so.40(+0x70dc0)[0x155550ce7dc0]
[an6007:3300073] [ 1] /cm/shared/apps/cuda12.8/visual-tools/12.8.1/nsight-systems/2024.6.2/target-linux-x64/libToolsInjection64.so(+0x4f4ef6)[0x15554fef6ef6]
[an6007:3300073] [ 2] /lib64/libpthread.so.0(+0x12990)[0x15555222a990]
[an6007:3300073] [ 3] /lib64/libc.so.6(gsignal+0x10f)[0x1555514885af]
[an6007:3300073] [ 4] /lib64/libc.so.6(abort+0x127)[0x15555145bee5]
[an6007:3300073] [ 5] /cm/local/apps/gcc/13.1.0/lib64/libstdc++.so.6(+0xac93b)[0x155551e6293b]
[an6007:3300073] [ 6] /cm/local/apps/gcc/13.1.0/lib64/libstdc++.so.6(+0xbc0ea)[0x155551e720ea]
[an6007:3300073] [ 7] /cm/local/apps/gcc/13.1.0/lib64/libstdc++.so.6(+0xbc155)[0x155551e72155]
[an6007:3300073] [ 8] /cm/local/apps/gcc/13.1.0/lib64/libstdc++.so.6(+0xbc3a8)[0x155551e723a8]
[an6007:3300073] [ 9] /hpc/data/cfd-students/nnoventa/sparta/install_h200_reduce/bin/spa_kokkos_cuda[0x44e6e5]
[an6007:3300073] [10] /hpc/data/cfd-students/nnoventa/sparta/install_h200_reduce/bin/spa_kokkos_cuda[0xc61445]
[an6007:3300073] [11] /hpc/data/cfd-students/nnoventa/sparta/install_h200_reduce/bin/spa_kokkos_cuda[0xc64298]
[an6007:3300073] [12] /hpc/data/cfd-students/nnoventa/sparta/install_h200_reduce/bin/spa_kokkos_cuda[0x668880]
[an6007:3300073] [13] /hpc/data/cfd-students/nnoventa/sparta/install_h200_reduce/bin/spa_kokkos_cuda[0x668c7c]
[an6007:3300073] [14] /hpc/data/cfd-students/nnoventa/sparta/install_h200_reduce/bin/spa_kokkos_cuda[0x6e0d49]
[an6007:3300073] [15] /hpc/data/cfd-students/nnoventa/sparta/install_h200_reduce/bin/spa_kokkos_cuda[0x659799]
[an6007:3300073] [16] /hpc/data/cfd-students/nnoventa/sparta/install_h200_reduce/bin/spa_kokkos_cuda[0xbc457d]
[an6007:3300073] [17] /hpc/data/cfd-students/nnoventa/sparta/install_h200_reduce/bin/spa_kokkos_cuda[0x4b8544]
[an6007:3300073] [18] /hpc/data/cfd-students/nnoventa/sparta/install_h200_reduce/bin/spa_kokkos_cuda[0x47ee8c]
[an6007:3300073] [19] /hpc/data/cfd-students/nnoventa/sparta/install_h200_reduce/bin/spa_kokkos_cuda[0x47f560]
[an6007:3300073] [20] /hpc/data/cfd-students/nnoventa/sparta/install_h200_reduce/bin/spa_kokkos_cuda[0x44f758]
[an6007:3300073] [21] /lib64/libc.so.6(__libc_start_main+0xe5)[0x155551474865]
[an6007:3300073] [22] /hpc/data/cfd-students/nnoventa/sparta/install_h200_reduce/bin/spa_kokkos_cuda[0x479abe]
[an6007:3300073] *** End of error message ***
Generating '/var/tmp/pbs.1214925.pbs60/nsys-report-4bd5.qdstrm'
[1/1] [0%                          ] nsys_rank0.nsys-rep[1/1] [0%                          ] nsys_rank0.nsys-rep[1/1] [10%                         ] nsys_rank0.nsys-rep[1/1] [==20%                       ] nsys_rank0.nsys-rep[1/1] [==21%                       ] nsys_rank0.nsys-rep[1/1] [===22%                      ] nsys_rank0.nsys-rep[1/1] [===23%                      ] nsys_rank0.nsys-rep[1/1] [===24%                      ] nsys_rank0.nsys-rep[1/1] [====25%                     ] nsys_rank0.nsys-rep[1/1] [====26%                     ] nsys_rank0.nsys-rep[1/1] [====27%                     ] nsys_rank0.nsys-rep[1/1] [====28%                     ] nsys_rank0.nsys-rep[1/1] [=====29%                    ] nsys_rank0.nsys-rep[1/1] [=====30%                    ] nsys_rank0.nsys-rep[1/1] [=====31%                    ] nsys_rank0.nsys-rep[1/1] [=====32%                    ] nsys_rank0.nsys-rep[1/1] [======33%                   ] nsys_rank0.nsys-rep[1/1] [======34%                   ] nsys_rank0.nsys-rep[1/1] [======35%                   ] nsys_rank0.nsys-rep[1/1] [=======36%                  ] nsys_rank0.nsys-rep[1/1] [=======37%                  ] nsys_rank0.nsys-rep[1/1] [=======38%                  ] nsys_rank0.nsys-rep[1/1] [=======39%                  ] nsys_rank0.nsys-rep[1/1] [8%                          ] nsys_rank0.nsys-rep[1/1] [==========47%               ] nsys_rank0.nsys-rep[1/1] [=========46%                ] nsys_rank0.nsys-rep[1/1] [========40%                 ] nsys_rank0.nsys-rep[1/1] [=======36%                  ] nsys_rank0.nsys-rep[1/1] [=====32%                    ] nsys_rank0.nsys-rep[1/1] [=====29%                    ] nsys_rank0.nsys-rep[1/1] [====27%                     ] nsys_rank0.nsys-rep[1/1] [====25%                     ] nsys_rank0.nsys-rep[1/1] [===23%                      ] nsys_rank0.nsys-rep[1/1] [==21%                       ] nsys_rank0.nsys-rep[1/1] [==20%                       ] nsys_rank0.nsys-rep[1/1] [==19%                       ] nsys_rank0.nsys-rep[1/1] [==18%                       ] nsys_rank0.nsys-rep[1/1] [=17%                        ] nsys_rank0.nsys-rep[1/1] [=16%                        ] nsys_rank0.nsys-rep[1/1] [=15%                        ] nsys_rank0.nsys-rep[1/1] [14%                         ] nsys_rank0.nsys-rep[1/1] [13%                         ] nsys_rank0.nsys-rep[1/1] [12%                         ] nsys_rank0.nsys-rep[1/1] [11%                         ] nsys_rank0.nsys-rep[1/1] [10%                         ] nsys_rank0.nsys-rep[1/1] [9%                          ] nsys_rank0.nsys-rep[1/1] [8%                          ] nsys_rank0.nsys-rep[1/1] [7%                          ] nsys_rank0.nsys-rep[1/1] [6%                          ] nsys_rank0.nsys-rep[1/1] [5%                          ] nsys_rank0.nsys-rep[1/1] [5%                          ] nsys_rank0.nsys-rep[1/1] [6%                          ] nsys_rank0.nsys-rep[1/1] [7%                          ] nsys_rank0.nsys-rep[1/1] [8%                          ] nsys_rank0.nsys-rep[1/1] [9%                          ] nsys_rank0.nsys-rep[1/1] [10%                         ] nsys_rank0.nsys-rep[1/1] [11%                         ] nsys_rank0.nsys-rep[1/1] [12%                         ] nsys_rank0.nsys-rep[1/1] [13%                         ] nsys_rank0.nsys-rep[1/1] [14%                         ] nsys_rank0.nsys-rep[1/1] [=15%                        ] nsys_rank0.nsys-rep[1/1] [=16%                        ] nsys_rank0.nsys-rep[1/1] [=17%                        ] nsys_rank0.nsys-rep[1/1] [==18%                       ] nsys_rank0.nsys-rep[1/1] [==19%                       ] nsys_rank0.nsys-rep[1/1] [==20%                       ] nsys_rank0.nsys-rep[1/1] [==21%                       ] nsys_rank0.nsys-rep[1/1] [===22%                      ] nsys_rank0.nsys-rep[1/1] [===23%                      ] nsys_rank0.nsys-rep[1/1] [===24%                      ] nsys_rank0.nsys-rep[1/1] [====25%                     ] nsys_rank0.nsys-rep[1/1] [====26%                     ] nsys_rank0.nsys-rep[1/1] [====27%                     ] nsys_rank0.nsys-rep[1/1] [====28%                     ] nsys_rank0.nsys-rep[1/1] [=====29%                    ] nsys_rank0.nsys-rep[1/1] [=====30%                    ] nsys_rank0.nsys-rep[1/1] [=====31%                    ] nsys_rank0.nsys-rep[1/1] [=====32%                    ] nsys_rank0.nsys-rep[1/1] [======33%                   ] nsys_rank0.nsys-rep[1/1] [======34%                   ] nsys_rank0.nsys-rep[1/1] [======35%                   ] nsys_rank0.nsys-rep[1/1] [=======36%                  ] nsys_rank0.nsys-rep[1/1] [=======37%                  ] nsys_rank0.nsys-rep[1/1] [=======38%                  ] nsys_rank0.nsys-rep[1/1] [=======39%                  ] nsys_rank0.nsys-rep[1/1] [========40%                 ] nsys_rank0.nsys-rep[1/1] [========41%                 ] nsys_rank0.nsys-rep[1/1] [========42%                 ] nsys_rank0.nsys-rep[1/1] [=========43%                ] nsys_rank0.nsys-rep[1/1] [=========44%                ] nsys_rank0.nsys-rep[1/1] [=========45%                ] nsys_rank0.nsys-rep[1/1] [=========46%                ] nsys_rank0.nsys-rep[1/1] [==========47%               ] nsys_rank0.nsys-rep[1/1] [==========48%               ] nsys_rank0.nsys-rep[1/1] [==========49%               ] nsys_rank0.nsys-rep[1/1] [===========50%              ] nsys_rank0.nsys-rep[1/1] [===========51%              ] nsys_rank0.nsys-rep[1/1] [===========52%              ] nsys_rank0.nsys-rep[1/1] [===========53%              ] nsys_rank0.nsys-rep[1/1] [============54%             ] nsys_rank0.nsys-rep[1/1] [============55%             ] nsys_rank0.nsys-rep[1/1] [============56%             ] nsys_rank0.nsys-rep[1/1] [============57%             ] nsys_rank0.nsys-rep[1/1] [=============58%            ] nsys_rank0.nsys-rep[1/1] [=============59%            ] nsys_rank0.nsys-rep[1/1] [=============60%            ] nsys_rank0.nsys-rep[1/1] [==============61%           ] nsys_rank0.nsys-rep[1/1] [==============62%           ] nsys_rank0.nsys-rep[1/1] [==============63%           ] nsys_rank0.nsys-rep[1/1] [==============64%           ] nsys_rank0.nsys-rep[1/1] [===============65%          ] nsys_rank0.nsys-rep[1/1] [===============66%          ] nsys_rank0.nsys-rep[1/1] [===============67%          ] nsys_rank0.nsys-rep[1/1] [================68%         ] nsys_rank0.nsys-rep[1/1] [================69%         ] nsys_rank0.nsys-rep[1/1] [================70%         ] nsys_rank0.nsys-rep[1/1] [================71%         ] nsys_rank0.nsys-rep[1/1] [=================72%        ] nsys_rank0.nsys-rep[1/1] [=================73%        ] nsys_rank0.nsys-rep[1/1] [=================74%        ] nsys_rank0.nsys-rep[1/1] [==================75%       ] nsys_rank0.nsys-rep[1/1] [========================100%] nsys_rank0.nsys-rep[1/1] [========================100%] nsys_rank0.nsys-rep
Generated:
    /hpc/data/cfd-students/nnoventa/sparta/nicola/results/sparta_nsys_h200_1214925_np30000000_ro0_reduce/nsys_rank0.nsys-rep
--------------------------------------------------------------------------
Primary job  terminated normally, but 1 process returned
a non-zero exit code. Per user-direction, the job has been aborted.
--------------------------------------------------------------------------
--------------------------------------------------------------------------
mpirun detected that one or more processes exited with non-zero status, thus causing
the job to be terminated. The first process to do so was:

  Process name: [[17760,1],0]
  Exit code:    134
--------------------------------------------------------------------------
sparta exit status: 134
-rw-rw-r-- 1 nnoventa hpc-cfd-students 42M Sep 23 10:35 /hpc/data/cfd-students/nnoventa/sparta/nicola/results/sparta_nsys_h200_1214925_np30000000_ro0_reduce/nsys_rank0.nsys-rep

=============== SPARTA timing ===============

=============== SPARTA counters ===============

=============== top GPU kernels ===============
Generating SQLite file /hpc/data/cfd-students/nnoventa/sparta/nicola/results/sparta_nsys_h200_1214925_np30000000_ro0_reduce/nsys_rank0.sqlite from /hpc/data/cfd-students/nnoventa/sparta/nicola/results/sparta_nsys_h200_1214925_np30000000_ro0_reduce/nsys_rank0.nsys-rep
Processing [/hpc/data/cfd-students/nnoventa/sparta/nicola/results/sparta_nsys_h200_1214925_np30000000_ro0_reduce/nsys_rank0.sqlite] with [/cm/shared/apps/cuda12.8/visual-tools/12.8.1/nsight-systems/2024.6.2/host-linux-x64/reports/cuda_gpu_kern_sum.py]... 

 ** CUDA GPU Kernel Summary (cuda_gpu_kern_sum):

 Time (%)  Total Time (ns)  Instances    Avg (ns)      Med (ns)    Min (ns)    Max (ns)   StdDev (ns)                                                  Name                                                
 --------  ---------------  ---------  ------------  ------------  ---------  ----------  -----------  ----------------------------------------------------------------------------------------------------
     83.9   20,870,186,653      1,453  14,363,514.6  14,542,661.0  9,061,940  15,066,277    627,310.6  void Kokkos::Impl::cuda_parallel_launch_local_memory<Kokkos::Impl::ParallelReduce<Kokkos::Impl::Com…
      8.1    2,012,086,848      1,457   1,380,979.3   1,366,116.0  1,350,403   1,884,805     60,148.3  void Kokkos::Impl::cuda_parallel_launch_local_memory<Kokkos::Impl::ParallelFor<SPARTA_NS::ParticleK…
      5.4    1,338,730,679      1,453     921,356.3     924,386.0    205,217   1,023,234     33,686.7  void Kokkos::Impl::cuda_parallel_launch_local_memory<Kokkos::Impl::ParallelReduce<Kokkos::Impl::Com…
      1.9      463,914,878      2,908     159,530.6     157,233.0    112,800     201,888     24,635.6  void Kokkos::Impl::cuda_parallel_launch_local_memory<Kokkos::Impl::ParallelFor<SPARTA_NS::FixEmitSu…
      0.2       55,625,534      2,907      19,135.0      19,072.0     17,280      24,096        835.5  void Kokkos::Impl::cuda_parallel_launch_local_memory<Kokkos::Impl::ParallelReduce<Kokkos::Impl::Com…
      0.2       42,769,186     11,630       3,677.5       3,744.0      2,752       5,344        633.5  void Kokkos::Impl::cuda_parallel_launch_local_memory<Kokkos::Impl::ParallelScan<SPARTA_NS::ExclScan…
      0.1       25,541,532         64     399,086.4     119,168.0      3,393   2,308,357    572,282.5  void Kokkos::Impl::cuda_parallel_launch_local_memory<Kokkos::Impl::ParallelFor<Kokkos::Impl::ViewCo…
      0.1       19,365,937      2,908       6,659.5       6,672.0      5,440       8,800        834.5  void Kokkos::Impl::cuda_parallel_launch_local_memory<Kokkos::Impl::ParallelFor<SPARTA_NS::FixEmitSu…
      0.1       13,293,276      2,907       4,572.9       4,544.0      4,192       5,952        183.3  void Kokkos::Impl::cuda_parallel_launch_local_memory<Kokkos::Impl::ParallelFor<SPARTA_NS::FixEmitSu…
      0.1       12,923,814      2,908       4,444.2       4,416.0      4,192       5,312        143.1  void Kokkos::Impl::cuda_parallel_launch_local_memory<Kokkos::Impl::ParallelFor<SPARTA_NS::FixEmitSu…
      0.0        9,928,728         15     661,915.2     662,945.0    642,498     687,937     12,763.3  void Kokkos::Impl::cuda_parallel_launch_local_memory<Kokkos::Impl::ParallelReduce<Kokkos::Impl::Com…
      0.0        4,802,120      1,453       3,305.0       3,296.0      3,104       3,712        106.3  void Kokkos::Impl::cuda_parallel_launch_local_memory<Kokkos::Impl::ParallelFor<SPARTA_NS::ParticleK…
      0.0        4,602,699      1,453       3,167.7       3,168.0      2,848       3,680         96.6  void Kokkos::Impl::cuda_parallel_launch_local_memory<Kokkos::Impl::ParallelFor<SPARTA_NS::CommKokko…
      0.0           17,888         10       1,788.8       1,456.0      1,120       3,488        888.7  void Kokkos::Impl::cuda_parallel_launch_local_memory<Kokkos::Impl::ParallelFor<Kokkos::Impl::ViewFi…
      0.0           13,152          1      13,152.0      13,152.0     13,152      13,152          0.0  desul::<unnamed>::init_lock_arrays_cuda_kernel()                                                    
      0.0            7,296          1       7,296.0       7,296.0      7,296       7,296          0.0  void Kokkos::Impl::cuda_parallel_launch_local_memory<Kokkos::Impl::ParallelFor<SPARTA_NS::CollideVS…
      0.0            1,056          1       1,056.0       1,056.0      1,056       1,056          0.0  Kokkos::Impl::<unnamed>::query_cuda_kernel_arch(int *)                                              


=============== memcpy time by direction ===============

NOTICE: Existing SQLite export found: /hpc/data/cfd-students/nnoventa/sparta/nicola/results/sparta_nsys_h200_1214925_np30000000_ro0_reduce/nsys_rank0.sqlite
        It is assumed file was previously exported from: /hpc/data/cfd-students/nnoventa/sparta/nicola/results/sparta_nsys_h200_1214925_np30000000_ro0_reduce/nsys_rank0.nsys-rep
        Consider using --force-export=true if needed.

Processing [/hpc/data/cfd-students/nnoventa/sparta/nicola/results/sparta_nsys_h200_1214925_np30000000_ro0_reduce/nsys_rank0.sqlite] with [/cm/shared/apps/cuda12.8/visual-tools/12.8.1/nsight-systems/2024.6.2/host-linux-x64/reports/cuda_gpu_mem_time_sum.py]... 

 ** CUDA GPU MemOps Summary (by Time) (cuda_gpu_mem_time_sum):

 Time (%)  Total Time (ns)  Count   Avg (ns)   Med (ns)  Min (ns)   Max (ns)    StdDev (ns)           Operation          
 --------  ---------------  ------  ---------  --------  --------  -----------  -----------  ----------------------------
     76.8    4,242,879,224  24,791  171,145.9   2,368.0     2,016  241,832,023  4,555,922.8  [CUDA memcpy Device-to-Host]
     22.9    1,264,927,146  27,323   46,295.3     800.0       704  101,476,895  1,597,826.3  [CUDA memcpy Host-to-Device]
      0.3       15,460,142  12,484    1,238.4   1,248.0       704       30,688        603.8  [CUDA memset]               


=============== memcpy volume by direction ===============

NOTICE: Existing SQLite export found: /hpc/data/cfd-students/nnoventa/sparta/nicola/results/sparta_nsys_h200_1214925_np30000000_ro0_reduce/nsys_rank0.sqlite
        It is assumed file was previously exported from: /hpc/data/cfd-students/nnoventa/sparta/nicola/results/sparta_nsys_h200_1214925_np30000000_ro0_reduce/nsys_rank0.nsys-rep
        Consider using --force-export=true if needed.

Processing [/hpc/data/cfd-students/nnoventa/sparta/nicola/results/sparta_nsys_h200_1214925_np30000000_ro0_reduce/nsys_rank0.sqlite] with [/cm/shared/apps/cuda12.8/visual-tools/12.8.1/nsight-systems/2024.6.2/host-linux-x64/reports/cuda_gpu_mem_size_sum.py]... 

 ** CUDA GPU MemOps Summary (by Size) (cuda_gpu_mem_size_sum):

 Total (MB)  Count   Avg (MB)  Med (MB)  Min (MB)  Max (MB)   StdDev (MB)           Operation          
 ----------  ------  --------  --------  --------  ---------  -----------  ----------------------------
 74,342.122  24,791     2.999     0.000     0.000  2,973.581       83.903  [CUDA memcpy Device-to-Host]
 35,954.309  27,323     1.316     0.000     0.000  2,973.581       46.767  [CUDA memcpy Host-to-Device]
  6,074.383  12,484     0.487     0.000     0.000    123.899        1.810  [CUDA memset]               


=============== GPU utilisation / power ===============
samples 71   util avg 44.1% max 91%   power avg 191 W max 290 W

artifacts in /hpc/data/cfd-students/nnoventa/sparta/nicola/results/sparta_nsys_h200_1214925_np30000000_ro0_reduce:
total 160M
-rw-r--r-- 1 nnoventa hpc-cfd-students 4.2K Sep 23 10:35 gpu_metrics.csv
-rw-r--r-- 1 nnoventa hpc-cfd-students 341K Sep 23 10:35 job.out
-rw-rw-rw- 1 nnoventa hpc-cfd-students 8.0K Sep 23 10:34 log.sparta
-rw-r--r-- 1 nnoventa hpc-cfd-students  714 Sep 23 10:34 meta.txt
-rw-r--r-- 1 nnoventa hpc-cfd-students 2.2K Sep 23 10:35 nsys_available_reports.txt
-rw-r--r-- 1 nnoventa hpc-cfd-students 1.9K Sep 23 10:35 nsys_rank0_cuda_api_sum.csv
-rw-r--r-- 1 nnoventa hpc-cfd-students 3.3K Sep 23 10:35 nsys_rank0_cuda_api_sum.txt
-rw-r--r-- 1 nnoventa hpc-cfd-students 6.3K Sep 23 10:35 nsys_rank0_cuda_gpu_kern_sum.csv
-rw-r--r-- 1 nnoventa hpc-cfd-students 4.4K Sep 23 10:35 nsys_rank0_cuda_gpu_kern_sum.txt
-rw-r--r-- 1 nnoventa hpc-cfd-students  946 Sep 23 10:35 nsys_rank0_cuda_gpu_mem_size_sum.csv
-rw-r--r-- 1 nnoventa hpc-cfd-students 1.3K Sep 23 10:35 nsys_rank0_cuda_gpu_mem_size_sum.txt
-rw-r--r-- 1 nnoventa hpc-cfd-students  985 Sep 23 10:35 nsys_rank0_cuda_gpu_mem_time_sum.csv
-rw-r--r-- 1 nnoventa hpc-cfd-students 1.3K Sep 23 10:35 nsys_rank0_cuda_gpu_mem_time_sum.txt
-rw-r--r-- 1 nnoventa hpc-cfd-students 1.5K Sep 23 10:35 nsys_rank0_mpi_event_sum.csv
-rw-r--r-- 1 nnoventa hpc-cfd-students 2.4K Sep 23 10:35 nsys_rank0_mpi_event_sum.txt
-rw-rw-r-- 1 nnoventa hpc-cfd-students  42M Sep 23 10:35 nsys_rank0.nsys-rep
-rw-r--r-- 1 nnoventa hpc-cfd-students  638 Sep 23 10:35 nsys_rank0_nvtx_sum.csv
-rw-r--r-- 1 nnoventa hpc-cfd-students  731 Sep 23 10:35 nsys_rank0_nvtx_sum.txt
-rw-r--r-- 1 nnoventa hpc-cfd-students 3.8K Sep 23 10:35 nsys_rank0_osrt_sum.csv
-rw-r--r-- 1 nnoventa hpc-cfd-students 8.7K Sep 23 10:35 nsys_rank0_osrt_sum.txt
-rw-r--r-- 1 nnoventa hpc-cfd-students 114M Sep 23 10:35 nsys_rank0.sqlite
-rw-r--r-- 1 nnoventa hpc-cfd-students  840 Sep 23 10:35 nsys_rank0_um_cpu_page_faults_sum.csv
-rw-r--r-- 1 nnoventa hpc-cfd-students  840 Sep 23 10:35 nsys_rank0_um_cpu_page_faults_sum.txt
-rw-r--r-- 1 nnoventa hpc-cfd-students  824 Sep 23 10:35 nsys_rank0_um_sum.csv
-rw-r--r-- 1 nnoventa hpc-cfd-students  824 Sep 23 10:35 nsys_rank0_um_sum.txt
-rw-r--r-- 1 nnoventa hpc-cfd-students  830 Sep 23 10:35 nsys_rank0_um_total_sum.csv
-rw-r--r-- 1 nnoventa hpc-cfd-students  830 Sep 23 10:35 nsys_rank0_um_total_sum.txt
-rw-r--r-- 1 nnoventa hpc-cfd-students 7.3K Sep 23 10:35 summary.txt
