job        1210980.pbs60
date       2026-09-22T10:18:53+02:00
arch       cpu
nodes      4
ranks      768 (192 per node)
nsteps     1000
npart      120000000
gpu_aware  1
commit     b7c3d8561f2539035449274b4d194c0b224d869a
build      arch    cpu-zen4 commit  a93d3916c57c611b1ff0aea6dd1908d4951cbee7 date    2026-09-22T10:00:43+02:00 
exe        /hpc/data/cfd-students/nnoventa/sparta/install_cpu/bin/spa_kokkos_mpi_only
hosts      pn6334.cm.cluster pn6346.cm.cluster pn6349.cm.cluster pn6352.cm.cluster 
[LOG_CAT_SBGP] libnuma.so: cannot open shared object file: No such file or directory
[LOG_CAT_SBGP] libnuma.so: cannot open shared object file: No such file or directory
[LOG_CAT_SBGP] Failed to dlopen libnuma.so. Fallback to GROUP_BY_SOCKET manual.
[LOG_CAT_SBGP] libnuma.so: cannot open shared object file: No such file or directory
[LOG_CAT_SBGP] Failed to dlopen libnuma.so. Fallback to GROUP_BY_SOCKET manual.
[LOG_CAT_SBGP] libnuma.so: cannot open shared object file: No such file or directory
[LOG_CAT_SBGP] Failed to dlopen libnuma.so. Fallback to GROUP_BY_SOCKET manual.
[LOG_CAT_SBGP] libnuma.so: cannot open shared object file: No such file or directory
[LOG_CAT_SBGP] Failed to dlopen libnuma.so. Fallback to GROUP_BY_SOCKET manual.
[LOG_CAT_SBGP] libnuma.so: cannot open shared object file: No such file or directory
[LOG_CAT_SBGP] libnuma.so: cannot open shared object file: No such file or directory
[LOG_CAT_SBGP] libnuma.so: cannot open shared object file: No such file or directory
[LOG_CAT_SBGP] libnuma.so: cannot open shared object file: No such file or directory
[LOG_CAT_SBGP] Failed to dlopen libnuma.so. Fallback to GROUP_BY_SOCKET manual.
[LOG_CAT_SBGP] Failed to dlopen libnuma.so. Fallback to GROUP_BY_SOCKET manual.
[LOG_CAT_SBGP] libnuma.so: cannot open shared object file: No such file or directory
[LOG_CAT_SBGP] Failed to dlopen libnuma.so. Fallback to GROUP_BY_SOCKET manual.
[LOG_CAT_SBGP] libnuma.so: cannot open shared object file: No such file or directory
[LOG_CAT_SBGP] Failed to dlopen libnuma.so. Fallback to GROUP_BY_SOCKET manual.
[LOG_CAT_SBGP] libnuma.so: cannot open shared object file: No such file or directory
[LOG_CAT_SBGP] Failed to dlopen libnuma.so. Fallback to GROUP_BY_SOCKET manual.
[LOG_CAT_SBGP] libnuma.so: cannot open shared object file: No such file or directory
[LOG_CAT_SBGP] Failed to dlopen libnuma.so. Fallback to GROUP_BY_SOCKET manual.
[LOG_CAT_SBGP] libnuma.so: cannot open shared object file: No such file or directory
[LOG_CAT_SBGP] Failed to dlopen libnuma.so. Fallback to GROUP_BY_SOCKET manual.
[LOG_CAT_SBGP] Failed to dlopen libnuma.so. Fallback to GROUP_BY_SOCKET manual.
[LOG_CAT_SBGP] libnuma.so: cannot open shared object file: No such file or directory
[LOG_CAT_SBGP] Failed to dlopen libnuma.so. Fallback to GROUP_BY_SOCKET manual.
[LOG_CAT_SBGP] libnuma.so: cannot open shared object file: No such file or directory
[LOG_CAT_SBGP] Failed to dlopen libnuma.so. Fallback to GROUP_BY_SOCKET manual.
[LOG_CAT_SBGP] libnuma.so: cannot open shared object file: No such file or directory
[LOG_CAT_SBGP] Failed to dlopen libnuma.so. Fallback to GROUP_BY_SOCKET manual.
[LOG_CAT_SBGP] libnuma.so: cannot open shared object file: No such file or directory
[LOG_CAT_SBGP] libnuma.so: cannot open shared object file: No such file or directory
[LOG_CAT_SBGP] Failed to dlopen libnuma.so. Fallback to GROUP_BY_SOCKET manual.
[LOG_CAT_SBGP] libnuma.so: cannot open shared object file: No such file or directory
[LOG_CAT_SBGP] Failed to dlopen libnuma.so. Fallback to GROUP_BY_SOCKET manual.
[LOG_CAT_SBGP] libnuma.so: cannot open shared object file: No such file or directory
[LOG_CAT_SBGP] Failed to dlopen libnuma.so. Fallback to GROUP_BY_SOCKET manual.
[LOG_CAT_SBGP] libnuma.so: cannot open shared object file: No such file or directory
[LOG_CAT_SBGP] Failed to dlopen libnuma.so. Fallback to GROUP_BY_SOCKET manual.
[LOG_CAT_SBGP] libnuma.so: cannot open shared object file: No such file or directory
[LOG_CAT_SBGP] Failed to dlopen libnuma.so. Fallback to GROUP_BY_SOCKET manual.
[LOG_CAT_SBGP] libnuma.so: cannot open shared object file: No such file or directory
[LOG_CAT_SBGP] Failed to dlopen libnuma.so. Fallback to GROUP_BY_SOCKET manual.
[LOG_CAT_SBGP] libnuma.so: cannot open shared object file: No such file or directory
[LOG_CAT_SBGP] Failed to dlopen libnuma.so. Fallback to GROUP_BY_SOCKET manual.
[LOG_CAT_SBGP] libnuma.so: cannot open shared object file: No such file or directory
[LOG_CAT_SBGP] Failed to dlopen libnuma.so. Fallback to GROUP_BY_SOCKET manual.
[LOG_CAT_SBGP] libnuma.so: cannot open shared object file: No such file or directory
[LOG_CAT_SBGP] Failed to dlopen libnuma.so. Fallback to GROUP_BY_SOCKET manual.
[LOG_CAT_SBGP] libnuma.so: cannot open shared object file: No such file or directory
[LOG_CAT_SBGP] Failed to dlopen libnuma.so. Fallback to GROUP_BY_SOCKET manual.
[LOG_CAT_SBGP] libnuma.so: cannot open shared object file: No such file or directory
[LOG_CAT_SBGP] Failed to dlopen libnuma.so. Fallback to GROUP_BY_SOCKET manual.
[LOG_CAT_SBGP] libnuma.so: cannot open shared object file: No such file or directory
[LOG_CAT_SBGP] Failed to dlopen libnuma.so. Fallback to GROUP_BY_SOCKET manual.
[LOG_CAT_SBGP] libnuma.so: cannot open shared object file: No such file or directory
[LOG_CAT_SBGP] Failed to dlopen libnuma.so. Fallback to GROUP_BY_SOCKET manual.
[LOG_CAT_SBGP] libnuma.so: cannot open shared object file: No such file or directory
[LOG_CAT_SBGP] Failed to dlopen libnuma.so. Fallback to GROUP_BY_SOCKET manual.
[LOG_CAT_SBGP] libnuma.so: cannot open shared object file: No such file or directory
[LOG_CAT_SBGP] Failed to dlopen libnuma.so. Fallback to GROUP_BY_SOCKET manual.
[LOG_CAT_SBGP] libnuma.so: cannot open shared object file: No such file or directory
[LOG_CAT_SBGP] Failed to dlopen libnuma.so. Fallback to GROUP_BY_SOCKET manual.
[LOG_CAT_SBGP] libnuma.so: cannot open shared object file: No such file or directory
[LOG_CAT_SBGP] Failed to dlopen libnuma.so. Fallback to GROUP_BY_SOCKET manual.
[LOG_CAT_SBGP] libnuma.so: cannot open shared object file: No such file or directory
[LOG_CAT_SBGP] Failed to dlopen libnuma.so. Fallback to GROUP_BY_SOCKET manual.
[LOG_CAT_SBGP] libnuma.so: cannot open shared object file: No such file or directory
[LOG_CAT_SBGP] Failed to dlopen libnuma.so. Fallback to GROUP_BY_SOCKET manual.
[LOG_CAT_SBGP] libnuma.so: cannot open shared object file: No such file or directory
[LOG_CAT_SBGP] Failed to dlopen libnuma.so. Fallback to GROUP_BY_SOCKET manual.
[LOG_CAT_SBGP] libnuma.so: cannot open shared object file: No such file or directory
[LOG_CAT_SBGP] Failed to dlopen libnuma.so. Fallback to GROUP_BY_SOCKET manual.
[LOG_CAT_SBGP] libnuma.so: cannot open shared object file: No such file or directory
[LOG_CAT_SBGP] Failed to dlopen libnuma.so. Fallback to GROUP_BY_SOCKET manual.
[LOG_CAT_SBGP] libnuma.so: cannot open shared object file: No such file or directory
[LOG_CAT_SBGP] Failed to dlopen libnuma.so. Fallback to GROUP_BY_SOCKET manual.
[LOG_CAT_SBGP] libnuma.so: cannot open shared object file: No such file or directory
[LOG_CAT_SBGP] Failed to dlopen libnuma.so. Fallback to GROUP_BY_SOCKET manual.
[LOG_CAT_SBGP] libnuma.so: cannot open shared object file: No such file or directory
[LOG_CAT_SBGP] Failed to dlopen libnuma.so. Fallback to GROUP_BY_SOCKET manual.
[LOG_CAT_SBGP] Failed to dlopen libnuma.so. Fallback to GROUP_BY_SOCKET manual.
[LOG_CAT_SBGP] libnuma.so: cannot open shared object file: No such file or directory
[LOG_CAT_SBGP] Failed to dlopen libnuma.so. Fallback to GROUP_BY_SOCKET manual.
[LOG_CAT_SBGP] libnuma.so: cannot open shared object file: No such file or directory
[LOG_CAT_SBGP] Failed to dlopen libnuma.so. Fallback to GROUP_BY_SOCKET manual.
[LOG_CAT_SBGP] libnuma.so: cannot open shared object file: No such file or directory
[LOG_CAT_SBGP] Failed to dlopen libnuma.so. Fallback to GROUP_BY_SOCKET manual.
[LOG_CAT_SBGP] libnuma.so: cannot open shared object file: No such file or directory
[LOG_CAT_SBGP] Failed to dlopen libnuma.so. Fallback to GROUP_BY_SOCKET manual.
[LOG_CAT_SBGP] libnuma.so: cannot open shared object file: No such file or directory
[LOG_CAT_SBGP] Failed to dlopen libnuma.so. Fallback to GROUP_BY_SOCKET manual.
[LOG_CAT_SBGP] libnuma.so: cannot open shared object file: No such file or directory
[LOG_CAT_SBGP] Failed to dlopen libnuma.so. Fallback to GROUP_BY_SOCKET manual.
[LOG_CAT_SBGP] libnuma.so: cannot open shared object file: No such file or directory
[LOG_CAT_SBGP] libnuma.so: cannot open shared object file: No such file or directory
[LOG_CAT_SBGP] Failed to dlopen libnuma.so. Fallback to GROUP_BY_SOCKET manual.
[LOG_CAT_SBGP] libnuma.so: cannot open shared object file: No such file or directory
[LOG_CAT_SBGP] Failed to dlopen libnuma.so. Fallback to GROUP_BY_SOCKET manual.
[LOG_CAT_SBGP] libnuma.so: cannot open shared object file: No such file or directory
[LOG_CAT_SBGP] Failed to dlopen libnuma.so. Fallback to GROUP_BY_SOCKET manual.
[LOG_CAT_SBGP] libnuma.so: cannot open shared object file: No such file or directory
[LOG_CAT_SBGP] Failed to dlopen libnuma.so. Fallback to GROUP_BY_SOCKET manual.
[LOG_CAT_SBGP] libnuma.so: cannot open shared object file: No such file or directory
[LOG_CAT_SBGP] Failed to dlopen libnuma.so. Fallback to GROUP_BY_SOCKET manual.
[LOG_CAT_SBGP] libnuma.so: cannot open shared object file: No such file or directory
[LOG_CAT_SBGP] Failed to dlopen libnuma.so. Fallback to GROUP_BY_SOCKET manual.
[LOG_CAT_SBGP] libnuma.so: cannot open shared object file: No such file or directory
[LOG_CAT_SBGP] Failed to dlopen libnuma.so. Fallback to GROUP_BY_SOCKET manual.
[LOG_CAT_SBGP] libnuma.so: cannot open shared object file: No such file or directory
[LOG_CAT_SBGP] Failed to dlopen libnuma.so. Fallback to GROUP_BY_SOCKET manual.
[LOG_CAT_SBGP] libnuma.so: cannot open shared object file: No such file or directory
[LOG_CAT_SBGP] Failed to dlopen libnuma.so. Fallback to GROUP_BY_SOCKET manual.
[LOG_CAT_SBGP] libnuma.so: cannot open shared object file: No such file or directory
[LOG_CAT_SBGP] Failed to dlopen libnuma.so. Fallback to GROUP_BY_SOCKET manual.
[LOG_CAT_SBGP] libnuma.so: cannot open shared object file: No such file or directory
[LOG_CAT_SBGP] Failed to dlopen libnuma.so. Fallback to GROUP_BY_SOCKET manual.
[LOG_CAT_SBGP] libnuma.so: cannot open shared object file: No such file or directory
[LOG_CAT_SBGP] Failed to dlopen libnuma.so. Fallback to GROUP_BY_SOCKET manual.
[LOG_CAT_SBGP] libnuma.so: cannot open shared object file: No such file or directory
[LOG_CAT_SBGP] Failed to dlopen libnuma.so. Fallback to GROUP_BY_SOCKET manual.
[LOG_CAT_SBGP] libnuma.so: cannot open shared object file: No such file or directory
[LOG_CAT_SBGP] Failed to dlopen libnuma.so. Fallback to GROUP_BY_SOCKET manual.
[LOG_CAT_SBGP] libnuma.so: cannot open shared object file: No such file or directory
[LOG_CAT_SBGP] Failed to dlopen libnuma.so. Fallback to GROUP_BY_SOCKET manual.
[LOG_CAT_SBGP] libnuma.so: cannot open shared object file: No such file or directory
[LOG_CAT_SBGP] Failed to dlopen libnuma.so. Fallback to GROUP_BY_SOCKET manual.
[LOG_CAT_SBGP] libnuma.so: cannot open shared object file: No such file or directory
[LOG_CAT_SBGP] Failed to dlopen libnuma.so. Fallback to GROUP_BY_SOCKET manual.
[LOG_CAT_SBGP] libnuma.so: cannot open shared object file: No such file or directory
[LOG_CAT_SBGP] Failed to dlopen libnuma.so. Fallback to GROUP_BY_SOCKET manual.
[LOG_CAT_SBGP] libnuma.so: cannot open shared object file: No such file or directory
[LOG_CAT_SBGP] Failed to dlopen libnuma.so. Fallback to GROUP_BY_SOCKET manual.
[LOG_CAT_SBGP] libnuma.so: cannot open shared object file: No such file or directory
[LOG_CAT_SBGP] Failed to dlopen libnuma.so. Fallback to GROUP_BY_SOCKET manual.
[LOG_CAT_SBGP] libnuma.so: cannot open shared object file: No such file or directory
[LOG_CAT_SBGP] Failed to dlopen libnuma.so. Fallback to GROUP_BY_SOCKET manual.
[LOG_CAT_SBGP] libnuma.so: cannot open shared object file: No such file or directory
[LOG_CAT_SBGP] Failed to dlopen libnuma.so. Fallback to GROUP_BY_SOCKET manual.
[LOG_CAT_SBGP] libnuma.so: cannot open shared object file: No such file or directory
[LOG_CAT_SBGP] Failed to dlopen libnuma.so. Fallback to GROUP_BY_SOCKET manual.
[LOG_CAT_SBGP] libnuma.so: cannot open shared object file: No such file or directory
[LOG_CAT_SBGP] Failed to dlopen libnuma.so. Fallback to GROUP_BY_SOCKET manual.
[LOG_CAT_SBGP] Failed to dlopen libnuma.so. Fallback to GROUP_BY_SOCKET manual.
[LOG_CAT_SBGP] libnuma.so: cannot open shared object file: No such file or directory
[LOG_CAT_SBGP] Failed to dlopen libnuma.so. Fallback to GROUP_BY_SOCKET manual.
[LOG_CAT_SBGP] libnuma.so: cannot open shared object file: No such file or directory
[LOG_CAT_SBGP] Failed to dlopen libnuma.so. Fallback to GROUP_BY_SOCKET manual.
[LOG_CAT_SBGP] libnuma.so: cannot open shared object file: No such file or directory
[LOG_CAT_SBGP] Failed to dlopen libnuma.so. Fallback to GROUP_BY_SOCKET manual.
[LOG_CAT_SBGP] libnuma.so: cannot open shared object file: No such file or directory
[LOG_CAT_SBGP] Failed to dlopen libnuma.so. Fallback to GROUP_BY_SOCKET manual.
[LOG_CAT_SBGP] libnuma.so: cannot open shared object file: No such file or directory
[LOG_CAT_SBGP] Failed to dlopen libnuma.so. Fallback to GROUP_BY_SOCKET manual.
[LOG_CAT_SBGP] libnuma.so: cannot open shared object file: No such file or directory
[LOG_CAT_SBGP] libnuma.so: cannot open shared object file: No such file or directory
[LOG_CAT_SBGP] Failed to dlopen libnuma.so. Fallback to GROUP_BY_SOCKET manual.
[LOG_CAT_SBGP] libnuma.so: cannot open shared object file: No such file or directory
[LOG_CAT_SBGP] Failed to dlopen libnuma.so. Fallback to GROUP_BY_SOCKET manual.
[LOG_CAT_SBGP] libnuma.so: cannot open shared object file: No such file or directory
[LOG_CAT_SBGP] Failed to dlopen libnuma.so. Fallback to GROUP_BY_SOCKET manual.
[LOG_CAT_SBGP] libnuma.so: cannot open shared object file: No such file or directory
[LOG_CAT_SBGP] Failed to dlopen libnuma.so. Fallback to GROUP_BY_SOCKET manual.
[LOG_CAT_SBGP] libnuma.so: cannot open shared object file: No such file or directory
[LOG_CAT_SBGP] Failed to dlopen libnuma.so. Fallback to GROUP_BY_SOCKET manual.
[LOG_CAT_SBGP] libnuma.so: cannot open shared object file: No such file or directory
[LOG_CAT_SBGP] Failed to dlopen libnuma.so. Fallback to GROUP_BY_SOCKET manual.
[LOG_CAT_SBGP] libnuma.so: cannot open shared object file: No such file or directory
[LOG_CAT_SBGP] Failed to dlopen libnuma.so. Fallback to GROUP_BY_SOCKET manual.
[LOG_CAT_SBGP] libnuma.so: cannot open shared object file: No such file or directory
[LOG_CAT_SBGP] Failed to dlopen libnuma.so. Fallback to GROUP_BY_SOCKET manual.
[LOG_CAT_SBGP] Failed to dlopen libnuma.so. Fallback to GROUP_BY_SOCKET manual.
[LOG_CAT_SBGP] libnuma.so: cannot open shared object file: No such file or directory
[LOG_CAT_SBGP] Failed to dlopen libnuma.so. Fallback to GROUP_BY_SOCKET manual.
[LOG_CAT_SBGP] libnuma.so: cannot open shared object file: No such file or directory
[LOG_CAT_SBGP] Failed to dlopen libnuma.so. Fallback to GROUP_BY_SOCKET manual.
[LOG_CAT_SBGP] libnuma.so: cannot open shared object file: No such file or directory
[LOG_CAT_SBGP] Failed to dlopen libnuma.so. Fallback to GROUP_BY_SOCKET manual.
[LOG_CAT_SBGP] libnuma.so: cannot open shared object file: No such file or directory
[LOG_CAT_SBGP] Failed to dlopen libnuma.so. Fallback to GROUP_BY_SOCKET manual.
[LOG_CAT_SBGP] libnuma.so: cannot open shared object file: No such file or directory
[LOG_CAT_SBGP] Failed to dlopen libnuma.so. Fallback to GROUP_BY_SOCKET manual.
[LOG_CAT_SBGP] libnuma.so: cannot open shared object file: No such file or directory
[LOG_CAT_SBGP] Failed to dlopen libnuma.so. Fallback to GROUP_BY_SOCKET manual.
[LOG_CAT_SBGP] libnuma.so: cannot open shared object file: No such file or directory
[LOG_CAT_SBGP] Failed to dlopen libnuma.so. Fallback to GROUP_BY_SOCKET manual.
[LOG_CAT_SBGP] libnuma.so: cannot open shared object file: No such file or directory
[LOG_CAT_SBGP] Failed to dlopen libnuma.so. Fallback to GROUP_BY_SOCKET manual.
[LOG_CAT_SBGP] libnuma.so: cannot open shared object file: No such file or directory
[LOG_CAT_SBGP] Failed to dlopen libnuma.so. Fallback to GROUP_BY_SOCKET manual.
[LOG_CAT_SBGP] libnuma.so: cannot open shared object file: No such file or directory
[LOG_CAT_SBGP] Failed to dlopen libnuma.so. Fallback to GROUP_BY_SOCKET manual.
[LOG_CAT_SBGP] libnuma.so: cannot open shared object file: No such file or directory
[LOG_CAT_SBGP] Failed to dlopen libnuma.so. Fallback to GROUP_BY_SOCKET manual.
[LOG_CAT_SBGP] libnuma.so: cannot open shared object file: No such file or directory
[LOG_CAT_SBGP] Failed to dlopen libnuma.so. Fallback to GROUP_BY_SOCKET manual.
[LOG_CAT_SBGP] libnuma.so: cannot open shared object file: No such file or directory
[LOG_CAT_SBGP] Failed to dlopen libnuma.so. Fallback to GROUP_BY_SOCKET manual.
[LOG_CAT_SBGP] libnuma.so: cannot open shared object file: No such file or directory
[LOG_CAT_SBGP] libnuma.so: cannot open shared object file: No such file or directory
[LOG_CAT_SBGP] Failed to dlopen libnuma.so. Fallback to GROUP_BY_SOCKET manual.
[LOG_CAT_SBGP] libnuma.so: cannot open shared object file: No such file or directory
[LOG_CAT_SBGP] Failed to dlopen libnuma.so. Fallback to GROUP_BY_SOCKET manual.
[LOG_CAT_SBGP] libnuma.so: cannot open shared object file: No such file or directory
[LOG_CAT_SBGP] Failed to dlopen libnuma.so. Fallback to GROUP_BY_SOCKET manual.
[LOG_CAT_SBGP] libnuma.so: cannot open shared object file: No such file or directory
[LOG_CAT_SBGP] Failed to dlopen libnuma.so. Fallback to GROUP_BY_SOCKET manual.
[LOG_CAT_SBGP] libnuma.so: cannot open shared object file: No such file or directory
[LOG_CAT_SBGP] Failed to dlopen libnuma.so. Fallback to GROUP_BY_SOCKET manual.
[LOG_CAT_SBGP] libnuma.so: cannot open shared object file: No such file or directory
[LOG_CAT_SBGP] Failed to dlopen libnuma.so. Fallback to GROUP_BY_SOCKET manual.
[LOG_CAT_SBGP] libnuma.so: cannot open shared object file: No such file or directory
[LOG_CAT_SBGP] Failed to dlopen libnuma.so. Fallback to GROUP_BY_SOCKET manual.
[LOG_CAT_SBGP] libnuma.so: cannot open shared object file: No such file or directory
[LOG_CAT_SBGP] Failed to dlopen libnuma.so. Fallback to GROUP_BY_SOCKET manual.
[LOG_CAT_SBGP] libnuma.so: cannot open shared object file: No such file or directory
[LOG_CAT_SBGP] Failed to dlopen libnuma.so. Fallback to GROUP_BY_SOCKET manual.
[LOG_CAT_SBGP] libnuma.so: cannot open shared object file: No such file or directory
[LOG_CAT_SBGP] Failed to dlopen libnuma.so. Fallback to GROUP_BY_SOCKET manual.
[LOG_CAT_SBGP] libnuma.so: cannot open shared object file: No such file or directory
[LOG_CAT_SBGP] Failed to dlopen libnuma.so. Fallback to GROUP_BY_SOCKET manual.
[LOG_CAT_SBGP] libnuma.so: cannot open shared object file: No such file or directory
[LOG_CAT_SBGP] Failed to dlopen libnuma.so. Fallback to GROUP_BY_SOCKET manual.
[LOG_CAT_SBGP] libnuma.so: cannot open shared object file: No such file or directory
[LOG_CAT_SBGP] Failed to dlopen libnuma.so. Fallback to GROUP_BY_SOCKET manual.
[LOG_CAT_SBGP] libnuma.so: cannot open shared object file: No such file or directory
[LOG_CAT_SBGP] Failed to dlopen libnuma.so. Fallback to GROUP_BY_SOCKET manual.
[LOG_CAT_SBGP] libnuma.so: cannot open shared object file: No such file or directory
[LOG_CAT_SBGP] Failed to dlopen libnuma.so. Fallback to GROUP_BY_SOCKET manual.
[LOG_CAT_SBGP] libnuma.so: cannot open shared object file: No such file or directory
[LOG_CAT_SBGP] Failed to dlopen libnuma.so. Fallback to GROUP_BY_SOCKET manual.
[LOG_CAT_SBGP] libnuma.so: cannot open shared object file: No such file or directory
[LOG_CAT_SBGP] Failed to dlopen libnuma.so. Fallback to GROUP_BY_SOCKET manual.
[LOG_CAT_SBGP] libnuma.so: cannot open shared object file: No such file or directory
[LOG_CAT_SBGP] Failed to dlopen libnuma.so. Fallback to GROUP_BY_SOCKET manual.
[LOG_CAT_SBGP] libnuma.so: cannot open shared object file: No such file or directory
[LOG_CAT_SBGP] Failed to dlopen libnuma.so. Fallback to GROUP_BY_SOCKET manual.
[LOG_CAT_SBGP] libnuma.so: cannot open shared object file: No such file or directory
[LOG_CAT_SBGP] Failed to dlopen libnuma.so. Fallback to GROUP_BY_SOCKET manual.
[LOG_CAT_SBGP] libnuma.so: cannot open shared object file: No such file or directory
[LOG_CAT_SBGP] Failed to dlopen libnuma.so. Fallback to GROUP_BY_SOCKET manual.
[LOG_CAT_SBGP] libnuma.so: cannot open shared object file: No such file or directory
[LOG_CAT_SBGP] Failed to dlopen libnuma.so. Fallback to GROUP_BY_SOCKET manual.
[LOG_CAT_SBGP] libnuma.so: cannot open shared object file: No such file or directory
[LOG_CAT_SBGP] Failed to dlopen libnuma.so. Fallback to GROUP_BY_SOCKET manual.
[LOG_CAT_SBGP] libnuma.so: cannot open shared object file: No such file or directory
[LOG_CAT_SBGP] Failed to dlopen libnuma.so. Fallback to GROUP_BY_SOCKET manual.
[LOG_CAT_SBGP] libnuma.so: cannot open shared object file: No such file or directory
[LOG_CAT_SBGP] Failed to dlopen libnuma.so. Fallback to GROUP_BY_SOCKET manual.
[LOG_CAT_SBGP] libnuma.so: cannot open shared object file: No such file or directory
[LOG_CAT_SBGP] Failed to dlopen libnuma.so. Fallback to GROUP_BY_SOCKET manual.
[LOG_CAT_SBGP] libnuma.so: cannot open shared object file: No such file or directory
[LOG_CAT_SBGP] Failed to dlopen libnuma.so. Fallback to GROUP_BY_SOCKET manual.
[LOG_CAT_SBGP] libnuma.so: cannot open shared object file: No such file or directory
[LOG_CAT_SBGP] Failed to dlopen libnuma.so. Fallback to GROUP_BY_SOCKET manual.
[LOG_CAT_SBGP] libnuma.so: cannot open shared object file: No such file or directory
[LOG_CAT_SBGP] Failed to dlopen libnuma.so. Fallback to GROUP_BY_SOCKET manual.
[LOG_CAT_SBGP] libnuma.so: cannot open shared object file: No such file or directory
[LOG_CAT_SBGP] Failed to dlopen libnuma.so. Fallback to GROUP_BY_SOCKET manual.
[LOG_CAT_SBGP] libnuma.so: cannot open shared object file: No such file or directory
[LOG_CAT_SBGP] Failed to dlopen libnuma.so. Fallback to GROUP_BY_SOCKET manual.
[LOG_CAT_SBGP] libnuma.so: cannot open shared object file: No such file or directory
[LOG_CAT_SBGP] Failed to dlopen libnuma.so. Fallback to GROUP_BY_SOCKET manual.
[LOG_CAT_SBGP] libnuma.so: cannot open shared object file: No such file or directory
[LOG_CAT_SBGP] Failed to dlopen libnuma.so. Fallback to GROUP_BY_SOCKET manual.
[LOG_CAT_SBGP] libnuma.so: cannot open shared object file: No such file or directory
[LOG_CAT_SBGP] Failed to dlopen libnuma.so. Fallback to GROUP_BY_SOCKET manual.
[LOG_CAT_SBGP] libnuma.so: cannot open shared object file: No such file or directory
[LOG_CAT_SBGP] Failed to dlopen libnuma.so. Fallback to GROUP_BY_SOCKET manual.
[LOG_CAT_SBGP] libnuma.so: cannot open shared object file: No such file or directory
[LOG_CAT_SBGP] Failed to dlopen libnuma.so. Fallback to GROUP_BY_SOCKET manual.
[LOG_CAT_SBGP] libnuma.so: cannot open shared object file: No such file or directory
[LOG_CAT_SBGP] Failed to dlopen libnuma.so. Fallback to GROUP_BY_SOCKET manual.
[LOG_CAT_SBGP] Failed to dlopen libnuma.so. Fallback to GROUP_BY_SOCKET manual.
[LOG_CAT_SBGP] libnuma.so: cannot open shared object file: No such file or directory
[LOG_CAT_SBGP] Failed to dlopen libnuma.so. Fallback to GROUP_BY_SOCKET manual.
[LOG_CAT_SBGP] libnuma.so: cannot open shared object file: No such file or directory
[LOG_CAT_SBGP] Failed to dlopen libnuma.so. Fallback to GROUP_BY_SOCKET manual.
[LOG_CAT_SBGP] libnuma.so: cannot open shared object file: No such file or directory
[LOG_CAT_SBGP] Failed to dlopen libnuma.so. Fallback to GROUP_BY_SOCKET manual.
[LOG_CAT_SBGP] libnuma.so: cannot open shared object file: No such file or directory
[LOG_CAT_SBGP] Failed to dlopen libnuma.so. Fallback to GROUP_BY_SOCKET manual.
[LOG_CAT_SBGP] libnuma.so: cannot open shared object file: No such file or directory
[LOG_CAT_SBGP] Failed to dlopen libnuma.so. Fallback to GROUP_BY_SOCKET manual.
[LOG_CAT_SBGP] libnuma.so: cannot open shared object file: No such file or directory
[LOG_CAT_SBGP] Failed to dlopen libnuma.so. Fallback to GROUP_BY_SOCKET manual.
[LOG_CAT_SBGP] Failed to dlopen libnuma.so. Fallback to GROUP_BY_SOCKET manual.
[LOG_CAT_SBGP] libnuma.so: cannot open shared object file: No such file or directory
[LOG_CAT_SBGP] Failed to dlopen libnuma.so. Fallback to GROUP_BY_SOCKET manual.
[LOG_CAT_SBGP] libnuma.so: cannot open shared object file: No such file or directory
[LOG_CAT_SBGP] Failed to dlopen libnuma.so. Fallback to GROUP_BY_SOCKET manual.
[LOG_CAT_SBGP] libnuma.so: cannot open shared object file: No such file or directory
[LOG_CAT_SBGP] Failed to dlopen libnuma.so. Fallback to GROUP_BY_SOCKET manual.
[LOG_CAT_SBGP] libnuma.so: cannot open shared object file: No such file or directory
[LOG_CAT_SBGP] libnuma.so: cannot open shared object file: No such file or directory
[LOG_CAT_SBGP] Failed to dlopen libnuma.so. Fallback to GROUP_BY_SOCKET manual.
[LOG_CAT_SBGP] libnuma.so: cannot open shared object file: No such file or directory
[LOG_CAT_SBGP] Failed to dlopen libnuma.so. Fallback to GROUP_BY_SOCKET manual.
[LOG_CAT_SBGP] libnuma.so: cannot open shared object file: No such file or directory
[LOG_CAT_SBGP] Failed to dlopen libnuma.so. Fallback to GROUP_BY_SOCKET manual.
[LOG_CAT_SBGP] libnuma.so: cannot open shared object file: No such file or directory
[LOG_CAT_SBGP] Failed to dlopen libnuma.so. Fallback to GROUP_BY_SOCKET manual.
[LOG_CAT_SBGP] libnuma.so: cannot open shared object file: No such file or directory
[LOG_CAT_SBGP] Failed to dlopen libnuma.so. Fallback to GROUP_BY_SOCKET manual.
[LOG_CAT_SBGP] libnuma.so: cannot open shared object file: No such file or directory
[LOG_CAT_SBGP] Failed to dlopen libnuma.so. Fallback to GROUP_BY_SOCKET manual.
[LOG_CAT_SBGP] libnuma.so: cannot open shared object file: No such file or directory
[LOG_CAT_SBGP] Failed to dlopen libnuma.so. Fallback to GROUP_BY_SOCKET manual.
[LOG_CAT_SBGP] libnuma.so: cannot open shared object file: No such file or directory
[LOG_CAT_SBGP] Failed to dlopen libnuma.so. Fallback to GROUP_BY_SOCKET manual.
[LOG_CAT_SBGP] libnuma.so: cannot open shared object file: No such file or directory
[LOG_CAT_SBGP] Failed to dlopen libnuma.so. Fallback to GROUP_BY_SOCKET manual.
[LOG_CAT_SBGP] libnuma.so: cannot open shared object file: No such file or directory
[LOG_CAT_SBGP] Failed to dlopen libnuma.so. Fallback to GROUP_BY_SOCKET manual.
[LOG_CAT_SBGP] libnuma.so: cannot open shared object file: No such file or directory
[LOG_CAT_SBGP] Failed to dlopen libnuma.so. Fallback to GROUP_BY_SOCKET manual.
[LOG_CAT_SBGP] libnuma.so: cannot open shared object file: No such file or directory
[LOG_CAT_SBGP] Failed to dlopen libnuma.so. Fallback to GROUP_BY_SOCKET manual.
[LOG_CAT_SBGP] libnuma.so: cannot open shared object file: No such file or directory
[LOG_CAT_SBGP] Failed to dlopen libnuma.so. Fallback to GROUP_BY_SOCKET manual.
[LOG_CAT_SBGP] libnuma.so: cannot open shared object file: No such file or directory
[LOG_CAT_SBGP] Failed to dlopen libnuma.so. Fallback to GROUP_BY_SOCKET manual.
[LOG_CAT_SBGP] libnuma.so: cannot open shared object file: No such file or directory
[LOG_CAT_SBGP] Failed to dlopen libnuma.so. Fallback to GROUP_BY_SOCKET manual.
[LOG_CAT_SBGP] libnuma.so: cannot open shared object file: No such file or directory
[LOG_CAT_SBGP] Failed to dlopen libnuma.so. Fallback to GROUP_BY_SOCKET manual.
[LOG_CAT_SBGP] libnuma.so: cannot open shared object file: No such file or directory
[LOG_CAT_SBGP] Failed to dlopen libnuma.so. Fallback to GROUP_BY_SOCKET manual.
[LOG_CAT_SBGP] libnuma.so: cannot open shared object file: No such file or directory
[LOG_CAT_SBGP] Failed to dlopen libnuma.so. Fallback to GROUP_BY_SOCKET manual.
[LOG_CAT_SBGP] libnuma.so: cannot open shared object file: No such file or directory
[LOG_CAT_SBGP] Failed to dlopen libnuma.so. Fallback to GROUP_BY_SOCKET manual.
[LOG_CAT_SBGP] libnuma.so: cannot open shared object file: No such file or directory
[LOG_CAT_SBGP] Failed to dlopen libnuma.so. Fallback to GROUP_BY_SOCKET manual.
[LOG_CAT_SBGP] libnuma.so: cannot open shared object file: No such file or directory
[LOG_CAT_SBGP] Failed to dlopen libnuma.so. Fallback to GROUP_BY_SOCKET manual.
[LOG_CAT_SBGP] libnuma.so: cannot open shared object file: No such file or directory
[LOG_CAT_SBGP] Failed to dlopen libnuma.so. Fallback to GROUP_BY_SOCKET manual.
[LOG_CAT_SBGP] libnuma.so: cannot open shared object file: No such file or directory
[LOG_CAT_SBGP] Failed to dlopen libnuma.so. Fallback to GROUP_BY_SOCKET manual.
[LOG_CAT_SBGP] libnuma.so: cannot open shared object file: No such file or directory
[LOG_CAT_SBGP] Failed to dlopen libnuma.so. Fallback to GROUP_BY_SOCKET manual.
[LOG_CAT_SBGP] libnuma.so: cannot open shared object file: No such file or directory
[LOG_CAT_SBGP] Failed to dlopen libnuma.so. Fallback to GROUP_BY_SOCKET manual.
[LOG_CAT_SBGP] libnuma.so: cannot open shared object file: No such file or directory
[LOG_CAT_SBGP] Failed to dlopen libnuma.so. Fallback to GROUP_BY_SOCKET manual.
[LOG_CAT_SBGP] libnuma.so: cannot open shared object file: No such file or directory
[LOG_CAT_SBGP] Failed to dlopen libnuma.so. Fallback to GROUP_BY_SOCKET manual.
[LOG_CAT_SBGP] libnuma.so: cannot open shared object file: No such file or directory
[LOG_CAT_SBGP] Failed to dlopen libnuma.so. Fallback to GROUP_BY_SOCKET manual.
[LOG_CAT_SBGP] libnuma.so: cannot open shared object file: No such file or directory
[LOG_CAT_SBGP] Failed to dlopen libnuma.so. Fallback to GROUP_BY_SOCKET manual.
[LOG_CAT_SBGP] libnuma.so: cannot open shared object file: No such file or directory
[LOG_CAT_SBGP] Failed to dlopen libnuma.so. Fallback to GROUP_BY_SOCKET manual.
[LOG_CAT_SBGP] libnuma.so: cannot open shared object file: No such file or directory
[LOG_CAT_SBGP] Failed to dlopen libnuma.so. Fallback to GROUP_BY_SOCKET manual.
[LOG_CAT_SBGP] libnuma.so: cannot open shared object file: No such file or directory
[LOG_CAT_SBGP] Failed to dlopen libnuma.so. Fallback to GROUP_BY_SOCKET manual.
[LOG_CAT_SBGP] libnuma.so: cannot open shared object file: No such file or directory
[LOG_CAT_SBGP] Failed to dlopen libnuma.so. Fallback to GROUP_BY_SOCKET manual.
[LOG_CAT_SBGP] libnuma.so: cannot open shared object file: No such file or directory
[LOG_CAT_SBGP] Failed to dlopen libnuma.so. Fallback to GROUP_BY_SOCKET manual.
[LOG_CAT_SBGP] libnuma.so: cannot open shared object file: No such file or directory
[LOG_CAT_SBGP] Failed to dlopen libnuma.so. Fallback to GROUP_BY_SOCKET manual.
[LOG_CAT_SBGP] libnuma.so: cannot open shared object file: No such file or directory
[LOG_CAT_SBGP] Failed to dlopen libnuma.so. Fallback to GROUP_BY_SOCKET manual.
[LOG_CAT_SBGP] libnuma.so: cannot open shared object file: No such file or directory
[LOG_CAT_SBGP] Failed to dlopen libnuma.so. Fallback to GROUP_BY_SOCKET manual.
[LOG_CAT_SBGP] libnuma.so: cannot open shared object file: No such file or directory
[LOG_CAT_SBGP] Failed to dlopen libnuma.so. Fallback to GROUP_BY_SOCKET manual.
[LOG_CAT_SBGP] libnuma.so: cannot open shared object file: No such file or directory
[LOG_CAT_SBGP] Failed to dlopen libnuma.so. Fallback to GROUP_BY_SOCKET manual.
[LOG_CAT_SBGP] Failed to dlopen libnuma.so. Fallback to GROUP_BY_SOCKET manual.
[LOG_CAT_SBGP] libnuma.so: cannot open shared object file: No such file or directory
[LOG_CAT_SBGP] Failed to dlopen libnuma.so. Fallback to GROUP_BY_SOCKET manual.
[LOG_CAT_SBGP] libnuma.so: cannot open shared object file: No such file or directory
[LOG_CAT_SBGP] Failed to dlopen libnuma.so. Fallback to GROUP_BY_SOCKET manual.
[LOG_CAT_SBGP] libnuma.so: cannot open shared object file: No such file or directory
[LOG_CAT_SBGP] Failed to dlopen libnuma.so. Fallback to GROUP_BY_SOCKET manual.
[LOG_CAT_SBGP] libnuma.so: cannot open shared object file: No such file or directory
[LOG_CAT_SBGP] Failed to dlopen libnuma.so. Fallback to GROUP_BY_SOCKET manual.
[LOG_CAT_SBGP] libnuma.so: cannot open shared object file: No such file or directory
[LOG_CAT_SBGP] Failed to dlopen libnuma.so. Fallback to GROUP_BY_SOCKET manual.
[LOG_CAT_SBGP] libnuma.so: cannot open shared object file: No such file or directory
[LOG_CAT_SBGP] Failed to dlopen libnuma.so. Fallback to GROUP_BY_SOCKET manual.
[LOG_CAT_SBGP] libnuma.so: cannot open shared object file: No such file or directory
[LOG_CAT_SBGP] Failed to dlopen libnuma.so. Fallback to GROUP_BY_SOCKET manual.
[LOG_CAT_SBGP] libnuma.so: cannot open shared object file: No such file or directory
[LOG_CAT_SBGP] Failed to dlopen libnuma.so. Fallback to GROUP_BY_SOCKET manual.
[LOG_CAT_SBGP] libnuma.so: cannot open shared object file: No such file or directory
[LOG_CAT_SBGP] Failed to dlopen libnuma.so. Fallback to GROUP_BY_SOCKET manual.
[LOG_CAT_SBGP] libnuma.so: cannot open shared object file: No such file or directory
[LOG_CAT_SBGP] Failed to dlopen libnuma.so. Fallback to GROUP_BY_SOCKET manual.
[LOG_CAT_SBGP] libnuma.so: cannot open shared object file: No such file or directory
[LOG_CAT_SBGP] Failed to dlopen libnuma.so. Fallback to GROUP_BY_SOCKET manual.
[LOG_CAT_SBGP] libnuma.so: cannot open shared object file: No such file or directory
[LOG_CAT_SBGP] Failed to dlopen libnuma.so. Fallback to GROUP_BY_SOCKET manual.
[LOG_CAT_SBGP] libnuma.so: cannot open shared object file: No such file or directory
[LOG_CAT_SBGP] Failed to dlopen libnuma.so. Fallback to GROUP_BY_SOCKET manual.
[LOG_CAT_SBGP] libnuma.so: cannot open shared object file: No such file or directory
[LOG_CAT_SBGP] Failed to dlopen libnuma.so. Fallback to GROUP_BY_SOCKET manual.
[LOG_CAT_SBGP] libnuma.so: cannot open shared object file: No such file or directory
[LOG_CAT_SBGP] Failed to dlopen libnuma.so. Fallback to GROUP_BY_SOCKET manual.
[LOG_CAT_SBGP] libnuma.so: cannot open shared object file: No such file or directory
[LOG_CAT_SBGP] Failed to dlopen libnuma.so. Fallback to GROUP_BY_SOCKET manual.
[LOG_CAT_SBGP] libnuma.so: cannot open shared object file: No such file or directory
[LOG_CAT_SBGP] Failed to dlopen libnuma.so. Fallback to GROUP_BY_SOCKET manual.
[LOG_CAT_SBGP] libnuma.so: cannot open shared object file: No such file or directory
[LOG_CAT_SBGP] Failed to dlopen libnuma.so. Fallback to GROUP_BY_SOCKET manual.
[LOG_CAT_SBGP] libnuma.so: cannot open shared object file: No such file or directory
[LOG_CAT_SBGP] Failed to dlopen libnuma.so. Fallback to GROUP_BY_SOCKET manual.
[LOG_CAT_SBGP] libnuma.so: cannot open shared object file: No such file or directory
[LOG_CAT_SBGP] Failed to dlopen libnuma.so. Fallback to GROUP_BY_SOCKET manual.
[LOG_CAT_SBGP] libnuma.so: cannot open shared object file: No such file or directory
[LOG_CAT_SBGP] Failed to dlopen libnuma.so. Fallback to GROUP_BY_SOCKET manual.
[LOG_CAT_SBGP] libnuma.so: cannot open shared object file: No such file or directory
[LOG_CAT_SBGP] Failed to dlopen libnuma.so. Fallback to GROUP_BY_SOCKET manual.
[LOG_CAT_SBGP] libnuma.so: cannot open shared object file: No such file or directory
[LOG_CAT_SBGP] Failed to dlopen libnuma.so. Fallback to GROUP_BY_SOCKET manual.
[LOG_CAT_SBGP] libnuma.so: cannot open shared object file: No such file or directory
[LOG_CAT_SBGP] Failed to dlopen libnuma.so. Fallback to GROUP_BY_SOCKET manual.
[LOG_CAT_SBGP] libnuma.so: cannot open shared object file: No such file or directory
[LOG_CAT_SBGP] Failed to dlopen libnuma.so. Fallback to GROUP_BY_SOCKET manual.
[LOG_CAT_SBGP] libnuma.so: cannot open shared object file: No such file or directory
[LOG_CAT_SBGP] Failed to dlopen libnuma.so. Fallback to GROUP_BY_SOCKET manual.
[LOG_CAT_SBGP] libnuma.so: cannot open shared object file: No such file or directory
[LOG_CAT_SBGP] Failed to dlopen libnuma.so. Fallback to GROUP_BY_SOCKET manual.
[LOG_CAT_SBGP] libnuma.so: cannot open shared object file: No such file or directory
[LOG_CAT_SBGP] Failed to dlopen libnuma.so. Fallback to GROUP_BY_SOCKET manual.
[LOG_CAT_SBGP] libnuma.so: cannot open shared object file: No such file or directory
[LOG_CAT_SBGP] Failed to dlopen libnuma.so. Fallback to GROUP_BY_SOCKET manual.
[LOG_CAT_SBGP] libnuma.so: cannot open shared object file: No such file or directory
[LOG_CAT_SBGP] Failed to dlopen libnuma.so. Fallback to GROUP_BY_SOCKET manual.
[LOG_CAT_SBGP] libnuma.so: cannot open shared object file: No such file or directory
[LOG_CAT_SBGP] Failed to dlopen libnuma.so. Fallback to GROUP_BY_SOCKET manual.
[LOG_CAT_SBGP] libnuma.so: cannot open shared object file: No such file or directory
[LOG_CAT_SBGP] Failed to dlopen libnuma.so. Fallback to GROUP_BY_SOCKET manual.
[LOG_CAT_SBGP] libnuma.so: cannot open shared object file: No such file or directory
[LOG_CAT_SBGP] Failed to dlopen libnuma.so. Fallback to GROUP_BY_SOCKET manual.
[LOG_CAT_SBGP] libnuma.so: cannot open shared object file: No such file or directory
[LOG_CAT_SBGP] Failed to dlopen libnuma.so. Fallback to GROUP_BY_SOCKET manual.
[LOG_CAT_SBGP] libnuma.so: cannot open shared object file: No such file or directory
[LOG_CAT_SBGP] Failed to dlopen libnuma.so. Fallback to GROUP_BY_SOCKET manual.
[LOG_CAT_SBGP] libnuma.so: cannot open shared object file: No such file or directory
[LOG_CAT_SBGP] Failed to dlopen libnuma.so. Fallback to GROUP_BY_SOCKET manual.
[LOG_CAT_SBGP] libnuma.so: cannot open shared object file: No such file or directory
[LOG_CAT_SBGP] Failed to dlopen libnuma.so. Fallback to GROUP_BY_SOCKET manual.
[LOG_CAT_SBGP] libnuma.so: cannot open shared object file: No such file or directory
[LOG_CAT_SBGP] Failed to dlopen libnuma.so. Fallback to GROUP_BY_SOCKET manual.
[LOG_CAT_SBGP] libnuma.so: cannot open shared object file: No such file or directory
[LOG_CAT_SBGP] Failed to dlopen libnuma.so. Fallback to GROUP_BY_SOCKET manual.
[LOG_CAT_SBGP] libnuma.so: cannot open shared object file: No such file or directory
[LOG_CAT_SBGP] Failed to dlopen libnuma.so. Fallback to GROUP_BY_SOCKET manual.
[LOG_CAT_SBGP] libnuma.so: cannot open shared object file: No such file or directory
[LOG_CAT_SBGP] Failed to dlopen libnuma.so. Fallback to GROUP_BY_SOCKET manual.
[LOG_CAT_SBGP] libnuma.so: cannot open shared object file: No such file or directory
[LOG_CAT_SBGP] Failed to dlopen libnuma.so. Fallback to GROUP_BY_SOCKET manual.
[LOG_CAT_SBGP] libnuma.so: cannot open shared object file: No such file or directory
[LOG_CAT_SBGP] Failed to dlopen libnuma.so. Fallback to GROUP_BY_SOCKET manual.
[LOG_CAT_SBGP] libnuma.so: cannot open shared object file: No such file or directory
[LOG_CAT_SBGP] Failed to dlopen libnuma.so. Fallback to GROUP_BY_SOCKET manual.
[LOG_CAT_SBGP] libnuma.so: cannot open shared object file: No such file or directory
[LOG_CAT_SBGP] Failed to dlopen libnuma.so. Fallback to GROUP_BY_SOCKET manual.
[LOG_CAT_SBGP] libnuma.so: cannot open shared object file: No such file or directory
[LOG_CAT_SBGP] Failed to dlopen libnuma.so. Fallback to GROUP_BY_SOCKET manual.
[LOG_CAT_SBGP] libnuma.so: cannot open shared object file: No such file or directory
[LOG_CAT_SBGP] Failed to dlopen libnuma.so. Fallback to GROUP_BY_SOCKET manual.
[LOG_CAT_SBGP] libnuma.so: cannot open shared object file: No such file or directory
[LOG_CAT_SBGP] Failed to dlopen libnuma.so. Fallback to GROUP_BY_SOCKET manual.
[LOG_CAT_SBGP] libnuma.so: cannot open shared object file: No such file or directory
[LOG_CAT_SBGP] Failed to dlopen libnuma.so. Fallback to GROUP_BY_SOCKET manual.
[LOG_CAT_SBGP] libnuma.so: cannot open shared object file: No such file or directory
[LOG_CAT_SBGP] Failed to dlopen libnuma.so. Fallback to GROUP_BY_SOCKET manual.
[LOG_CAT_SBGP] libnuma.so: cannot open shared object file: No such file or directory
[LOG_CAT_SBGP] Failed to dlopen libnuma.so. Fallback to GROUP_BY_SOCKET manual.
[LOG_CAT_SBGP] libnuma.so: cannot open shared object file: No such file or directory
[LOG_CAT_SBGP] Failed to dlopen libnuma.so. Fallback to GROUP_BY_SOCKET manual.
[LOG_CAT_SBGP] libnuma.so: cannot open shared object file: No such file or directory
[LOG_CAT_SBGP] Failed to dlopen libnuma.so. Fallback to GROUP_BY_SOCKET manual.
[LOG_CAT_SBGP] libnuma.so: cannot open shared object file: No such file or directory
[LOG_CAT_SBGP] Failed to dlopen libnuma.so. Fallback to GROUP_BY_SOCKET manual.
[LOG_CAT_SBGP] libnuma.so: cannot open shared object file: No such file or directory
[LOG_CAT_SBGP] Failed to dlopen libnuma.so. Fallback to GROUP_BY_SOCKET manual.
[LOG_CAT_SBGP] libnuma.so: cannot open shared object file: No such file or directory
[LOG_CAT_SBGP] Failed to dlopen libnuma.so. Fallback to GROUP_BY_SOCKET manual.
[LOG_CAT_SBGP] libnuma.so: cannot open shared object file: No such file or directory
[LOG_CAT_SBGP] Failed to dlopen libnuma.so. Fallback to GROUP_BY_SOCKET manual.
[LOG_CAT_SBGP] libnuma.so: cannot open shared object file: No such file or directory
[LOG_CAT_SBGP] Failed to dlopen libnuma.so. Fallback to GROUP_BY_SOCKET manual.
[LOG_CAT_SBGP] libnuma.so: cannot open shared object file: No such file or directory
[LOG_CAT_SBGP] Failed to dlopen libnuma.so. Fallback to GROUP_BY_SOCKET manual.
[LOG_CAT_SBGP] libnuma.so: cannot open shared object file: No such file or directory
[LOG_CAT_SBGP] Failed to dlopen libnuma.so. Fallback to GROUP_BY_SOCKET manual.
[LOG_CAT_SBGP] libnuma.so: cannot open shared object file: No such file or directory
[LOG_CAT_SBGP] Failed to dlopen libnuma.so. Fallback to GROUP_BY_SOCKET manual.
[LOG_CAT_SBGP] libnuma.so: cannot open shared object file: No such file or directory
[LOG_CAT_SBGP] Failed to dlopen libnuma.so. Fallback to GROUP_BY_SOCKET manual.
[LOG_CAT_SBGP] libnuma.so: cannot open shared object file: No such file or directory
[LOG_CAT_SBGP] Failed to dlopen libnuma.so. Fallback to GROUP_BY_SOCKET manual.
[LOG_CAT_SBGP] libnuma.so: cannot open shared object file: No such file or directory
[LOG_CAT_SBGP] Failed to dlopen libnuma.so. Fallback to GROUP_BY_SOCKET manual.
[LOG_CAT_SBGP] libnuma.so: cannot open shared object file: No such file or directory
[LOG_CAT_SBGP] Failed to dlopen libnuma.so. Fallback to GROUP_BY_SOCKET manual.
[LOG_CAT_SBGP] libnuma.so: cannot open shared object file: No such file or directory
[LOG_CAT_SBGP] Failed to dlopen libnuma.so. Fallback to GROUP_BY_SOCKET manual.
[LOG_CAT_SBGP] libnuma.so: cannot open shared object file: No such file or directory
[LOG_CAT_SBGP] Failed to dlopen libnuma.so. Fallback to GROUP_BY_SOCKET manual.
[LOG_CAT_SBGP] libnuma.so: cannot open shared object file: No such file or directory
[LOG_CAT_SBGP] Failed to dlopen libnuma.so. Fallback to GROUP_BY_SOCKET manual.
[LOG_CAT_SBGP] libnuma.so: cannot open shared object file: No such file or directory
[LOG_CAT_SBGP] Failed to dlopen libnuma.so. Fallback to GROUP_BY_SOCKET manual.
[LOG_CAT_SBGP] libnuma.so: cannot open shared object file: No such file or directory
[LOG_CAT_SBGP] Failed to dlopen libnuma.so. Fallback to GROUP_BY_SOCKET manual.
[LOG_CAT_SBGP] libnuma.so: cannot open shared object file: No such file or directory
[LOG_CAT_SBGP] Failed to dlopen libnuma.so. Fallback to GROUP_BY_SOCKET manual.
[LOG_CAT_SBGP] libnuma.so: cannot open shared object file: No such file or directory
[LOG_CAT_SBGP] Failed to dlopen libnuma.so. Fallback to GROUP_BY_SOCKET manual.
[LOG_CAT_SBGP] libnuma.so: cannot open shared object file: No such file or directory
[LOG_CAT_SBGP] Failed to dlopen libnuma.so. Fallback to GROUP_BY_SOCKET manual.
[LOG_CAT_SBGP] libnuma.so: cannot open shared object file: No such file or directory
[LOG_CAT_SBGP] Failed to dlopen libnuma.so. Fallback to GROUP_BY_SOCKET manual.
[LOG_CAT_SBGP] libnuma.so: cannot open shared object file: No such file or directory
[LOG_CAT_SBGP] Failed to dlopen libnuma.so. Fallback to GROUP_BY_SOCKET manual.
[LOG_CAT_SBGP] libnuma.so: cannot open shared object file: No such file or directory
[LOG_CAT_SBGP] Failed to dlopen libnuma.so. Fallback to GROUP_BY_SOCKET manual.
[LOG_CAT_SBGP] libnuma.so: cannot open shared object file: No such file or directory
[LOG_CAT_SBGP] Failed to dlopen libnuma.so. Fallback to GROUP_BY_SOCKET manual.
[LOG_CAT_SBGP] libnuma.so: cannot open shared object file: No such file or directory
[LOG_CAT_SBGP] Failed to dlopen libnuma.so. Fallback to GROUP_BY_SOCKET manual.
[LOG_CAT_SBGP] libnuma.so: cannot open shared object file: No such file or directory
[LOG_CAT_SBGP] libnuma.so: cannot open shared object file: No such file or directory
[LOG_CAT_SBGP] Failed to dlopen libnuma.so. Fallback to GROUP_BY_SOCKET manual.
[LOG_CAT_SBGP] libnuma.so: cannot open shared object file: No such file or directory
[LOG_CAT_SBGP] Failed to dlopen libnuma.so. Fallback to GROUP_BY_SOCKET manual.
[LOG_CAT_SBGP] libnuma.so: cannot open shared object file: No such file or directory
[LOG_CAT_SBGP] Failed to dlopen libnuma.so. Fallback to GROUP_BY_SOCKET manual.
[LOG_CAT_SBGP] libnuma.so: cannot open shared object file: No such file or directory
[LOG_CAT_SBGP] Failed to dlopen libnuma.so. Fallback to GROUP_BY_SOCKET manual.
[LOG_CAT_SBGP] libnuma.so: cannot open shared object file: No such file or directory
[LOG_CAT_SBGP] Failed to dlopen libnuma.so. Fallback to GROUP_BY_SOCKET manual.
[LOG_CAT_SBGP] libnuma.so: cannot open shared object file: No such file or directory
[LOG_CAT_SBGP] Failed to dlopen libnuma.so. Fallback to GROUP_BY_SOCKET manual.
[LOG_CAT_SBGP] libnuma.so: cannot open shared object file: No such file or directory
[LOG_CAT_SBGP] libnuma.so: cannot open shared object file: No such file or directory
[LOG_CAT_SBGP] Failed to dlopen libnuma.so. Fallback to GROUP_BY_SOCKET manual.
[LOG_CAT_SBGP] libnuma.so: cannot open shared object file: No such file or directory
[LOG_CAT_SBGP] Failed to dlopen libnuma.so. Fallback to GROUP_BY_SOCKET manual.
[LOG_CAT_SBGP] libnuma.so: cannot open shared object file: No such file or directory
[LOG_CAT_SBGP] Failed to dlopen libnuma.so. Fallback to GROUP_BY_SOCKET manual.
[LOG_CAT_SBGP] libnuma.so: cannot open shared object file: No such file or directory
[LOG_CAT_SBGP] Failed to dlopen libnuma.so. Fallback to GROUP_BY_SOCKET manual.
[LOG_CAT_SBGP] libnuma.so: cannot open shared object file: No such file or directory
[LOG_CAT_SBGP] Failed to dlopen libnuma.so. Fallback to GROUP_BY_SOCKET manual.
[LOG_CAT_SBGP] libnuma.so: cannot open shared object file: No such file or directory
[LOG_CAT_SBGP] Failed to dlopen libnuma.so. Fallback to GROUP_BY_SOCKET manual.
[LOG_CAT_SBGP] libnuma.so: cannot open shared object file: No such file or directory
[LOG_CAT_SBGP] Failed to dlopen libnuma.so. Fallback to GROUP_BY_SOCKET manual.
[LOG_CAT_SBGP] libnuma.so: cannot open shared object file: No such file or directory
[LOG_CAT_SBGP] Failed to dlopen libnuma.so. Fallback to GROUP_BY_SOCKET manual.
[LOG_CAT_SBGP] libnuma.so: cannot open shared object file: No such file or directory
[LOG_CAT_SBGP] Failed to dlopen libnuma.so. Fallback to GROUP_BY_SOCKET manual.
[LOG_CAT_SBGP] libnuma.so: cannot open shared object file: No such file or directory
[LOG_CAT_SBGP] Failed to dlopen libnuma.so. Fallback to GROUP_BY_SOCKET manual.
[LOG_CAT_SBGP] libnuma.so: cannot open shared object file: No such file or directory
[LOG_CAT_SBGP] Failed to dlopen libnuma.so. Fallback to GROUP_BY_SOCKET manual.
[LOG_CAT_SBGP] libnuma.so: cannot open shared object file: No such file or directory
[LOG_CAT_SBGP] Failed to dlopen libnuma.so. Fallback to GROUP_BY_SOCKET manual.
[LOG_CAT_SBGP] libnuma.so: cannot open shared object file: No such file or directory
[LOG_CAT_SBGP] Failed to dlopen libnuma.so. Fallback to GROUP_BY_SOCKET manual.
[LOG_CAT_SBGP] libnuma.so: cannot open shared object file: No such file or directory
[LOG_CAT_SBGP] Failed to dlopen libnuma.so. Fallback to GROUP_BY_SOCKET manual.
[LOG_CAT_SBGP] libnuma.so: cannot open shared object file: No such file or directory
[LOG_CAT_SBGP] Failed to dlopen libnuma.so. Fallback to GROUP_BY_SOCKET manual.
[LOG_CAT_SBGP] libnuma.so: cannot open shared object file: No such file or directory
[LOG_CAT_SBGP] Failed to dlopen libnuma.so. Fallback to GROUP_BY_SOCKET manual.
[LOG_CAT_SBGP] Failed to dlopen libnuma.so. Fallback to GROUP_BY_SOCKET manual.
[LOG_CAT_SBGP] libnuma.so: cannot open shared object file: No such file or directory
[LOG_CAT_SBGP] Failed to dlopen libnuma.so. Fallback to GROUP_BY_SOCKET manual.
[LOG_CAT_SBGP] libnuma.so: cannot open shared object file: No such file or directory
[LOG_CAT_SBGP] Failed to dlopen libnuma.so. Fallback to GROUP_BY_SOCKET manual.
[LOG_CAT_SBGP] libnuma.so: cannot open shared object file: No such file or directory
[LOG_CAT_SBGP] Failed to dlopen libnuma.so. Fallback to GROUP_BY_SOCKET manual.
[LOG_CAT_SBGP] libnuma.so: cannot open shared object file: No such file or directory
[LOG_CAT_SBGP] Failed to dlopen libnuma.so. Fallback to GROUP_BY_SOCKET manual.
[LOG_CAT_SBGP] libnuma.so: cannot open shared object file: No such file or directory
[LOG_CAT_SBGP] Failed to dlopen libnuma.so. Fallback to GROUP_BY_SOCKET manual.
[LOG_CAT_SBGP] libnuma.so: cannot open shared object file: No such file or directory
[LOG_CAT_SBGP] Failed to dlopen libnuma.so. Fallback to GROUP_BY_SOCKET manual.
[LOG_CAT_SBGP] libnuma.so: cannot open shared object file: No such file or directory
[LOG_CAT_SBGP] Failed to dlopen libnuma.so. Fallback to GROUP_BY_SOCKET manual.
[LOG_CAT_SBGP] libnuma.so: cannot open shared object file: No such file or directory
[LOG_CAT_SBGP] Failed to dlopen libnuma.so. Fallback to GROUP_BY_SOCKET manual.
[LOG_CAT_SBGP] libnuma.so: cannot open shared object file: No such file or directory
[LOG_CAT_SBGP] Failed to dlopen libnuma.so. Fallback to GROUP_BY_SOCKET manual.
[LOG_CAT_SBGP] libnuma.so: cannot open shared object file: No such file or directory
[LOG_CAT_SBGP] Failed to dlopen libnuma.so. Fallback to GROUP_BY_SOCKET manual.
[LOG_CAT_SBGP] libnuma.so: cannot open shared object file: No such file or directory
[LOG_CAT_SBGP] Failed to dlopen libnuma.so. Fallback to GROUP_BY_SOCKET manual.
[LOG_CAT_SBGP] libnuma.so: cannot open shared object file: No such file or directory
[LOG_CAT_SBGP] Failed to dlopen libnuma.so. Fallback to GROUP_BY_SOCKET manual.
[LOG_CAT_SBGP] libnuma.so: cannot open shared object file: No such file or directory
[LOG_CAT_SBGP] Failed to dlopen libnuma.so. Fallback to GROUP_BY_SOCKET manual.
[LOG_CAT_SBGP] libnuma.so: cannot open shared object file: No such file or directory
[LOG_CAT_SBGP] Failed to dlopen libnuma.so. Fallback to GROUP_BY_SOCKET manual.
[LOG_CAT_SBGP] libnuma.so: cannot open shared object file: No such file or directory
[LOG_CAT_SBGP] Failed to dlopen libnuma.so. Fallback to GROUP_BY_SOCKET manual.
[LOG_CAT_SBGP] libnuma.so: cannot open shared object file: No such file or directory
[LOG_CAT_SBGP] Failed to dlopen libnuma.so. Fallback to GROUP_BY_SOCKET manual.
[LOG_CAT_SBGP] libnuma.so: cannot open shared object file: No such file or directory
[LOG_CAT_SBGP] Failed to dlopen libnuma.so. Fallback to GROUP_BY_SOCKET manual.
[LOG_CAT_SBGP] libnuma.so: cannot open shared object file: No such file or directory
[LOG_CAT_SBGP] Failed to dlopen libnuma.so. Fallback to GROUP_BY_SOCKET manual.
[LOG_CAT_SBGP] libnuma.so: cannot open shared object file: No such file or directory
[LOG_CAT_SBGP] Failed to dlopen libnuma.so. Fallback to GROUP_BY_SOCKET manual.
[LOG_CAT_SBGP] libnuma.so: cannot open shared object file: No such file or directory
[LOG_CAT_SBGP] Failed to dlopen libnuma.so. Fallback to GROUP_BY_SOCKET manual.
[LOG_CAT_SBGP] libnuma.so: cannot open shared object file: No such file or directory
[LOG_CAT_SBGP] Failed to dlopen libnuma.so. Fallback to GROUP_BY_SOCKET manual.
[LOG_CAT_SBGP] libnuma.so: cannot open shared object file: No such file or directory
[LOG_CAT_SBGP] Failed to dlopen libnuma.so. Fallback to GROUP_BY_SOCKET manual.
[LOG_CAT_SBGP] libnuma.so: cannot open shared object file: No such file or directory
[LOG_CAT_SBGP] Failed to dlopen libnuma.so. Fallback to GROUP_BY_SOCKET manual.
[LOG_CAT_SBGP] libnuma.so: cannot open shared object file: No such file or directory
[LOG_CAT_SBGP] Failed to dlopen libnuma.so. Fallback to GROUP_BY_SOCKET manual.
[LOG_CAT_SBGP] libnuma.so: cannot open shared object file: No such file or directory
[LOG_CAT_SBGP] Failed to dlopen libnuma.so. Fallback to GROUP_BY_SOCKET manual.
[LOG_CAT_SBGP] libnuma.so: cannot open shared object file: No such file or directory
[LOG_CAT_SBGP] Failed to dlopen libnuma.so. Fallback to GROUP_BY_SOCKET manual.
[LOG_CAT_SBGP] libnuma.so: cannot open shared object file: No such file or directory
[LOG_CAT_SBGP] Failed to dlopen libnuma.so. Fallback to GROUP_BY_SOCKET manual.
[LOG_CAT_SBGP] libnuma.so: cannot open shared object file: No such file or directory
[LOG_CAT_SBGP] Failed to dlopen libnuma.so. Fallback to GROUP_BY_SOCKET manual.
[LOG_CAT_SBGP] libnuma.so: cannot open shared object file: No such file or directory
[LOG_CAT_SBGP] Failed to dlopen libnuma.so. Fallback to GROUP_BY_SOCKET manual.
[LOG_CAT_SBGP] libnuma.so: cannot open shared object file: No such file or directory
[LOG_CAT_SBGP] Failed to dlopen libnuma.so. Fallback to GROUP_BY_SOCKET manual.
[LOG_CAT_SBGP] libnuma.so: cannot open shared object file: No such file or directory
[LOG_CAT_SBGP] Failed to dlopen libnuma.so. Fallback to GROUP_BY_SOCKET manual.
[LOG_CAT_SBGP] libnuma.so: cannot open shared object file: No such file or directory
[LOG_CAT_SBGP] Failed to dlopen libnuma.so. Fallback to GROUP_BY_SOCKET manual.
[LOG_CAT_SBGP] libnuma.so: cannot open shared object file: No such file or directory
[LOG_CAT_SBGP] Failed to dlopen libnuma.so. Fallback to GROUP_BY_SOCKET manual.
[LOG_CAT_SBGP] libnuma.so: cannot open shared object file: No such file or directory
[LOG_CAT_SBGP] Failed to dlopen libnuma.so. Fallback to GROUP_BY_SOCKET manual.
[LOG_CAT_SBGP] libnuma.so: cannot open shared object file: No such file or directory
[LOG_CAT_SBGP] Failed to dlopen libnuma.so. Fallback to GROUP_BY_SOCKET manual.
[LOG_CAT_SBGP] libnuma.so: cannot open shared object file: No such file or directory
[LOG_CAT_SBGP] Failed to dlopen libnuma.so. Fallback to GROUP_BY_SOCKET manual.
[LOG_CAT_SBGP] libnuma.so: cannot open shared object file: No such file or directory
[LOG_CAT_SBGP] Failed to dlopen libnuma.so. Fallback to GROUP_BY_SOCKET manual.
[LOG_CAT_SBGP] libnuma.so: cannot open shared object file: No such file or directory
[LOG_CAT_SBGP] Failed to dlopen libnuma.so. Fallback to GROUP_BY_SOCKET manual.
[LOG_CAT_SBGP] libnuma.so: cannot open shared object file: No such file or directory
[LOG_CAT_SBGP] Failed to dlopen libnuma.so. Fallback to GROUP_BY_SOCKET manual.
[LOG_CAT_SBGP] libnuma.so: cannot open shared object file: No such file or directory
[LOG_CAT_SBGP] Failed to dlopen libnuma.so. Fallback to GROUP_BY_SOCKET manual.
[LOG_CAT_SBGP] Failed to dlopen libnuma.so. Fallback to GROUP_BY_SOCKET manual.
[LOG_CAT_SBGP] libnuma.so: cannot open shared object file: No such file or directory
[LOG_CAT_SBGP] Failed to dlopen libnuma.so. Fallback to GROUP_BY_SOCKET manual.
[LOG_CAT_SBGP] libnuma.so: cannot open shared object file: No such file or directory
[LOG_CAT_SBGP] Failed to dlopen libnuma.so. Fallback to GROUP_BY_SOCKET manual.
[LOG_CAT_SBGP] libnuma.so: cannot open shared object file: No such file or directory
[LOG_CAT_SBGP] Failed to dlopen libnuma.so. Fallback to GROUP_BY_SOCKET manual.
[LOG_CAT_SBGP] libnuma.so: cannot open shared object file: No such file or directory
[LOG_CAT_SBGP] Failed to dlopen libnuma.so. Fallback to GROUP_BY_SOCKET manual.
[LOG_CAT_SBGP] libnuma.so: cannot open shared object file: No such file or directory
[LOG_CAT_SBGP] Failed to dlopen libnuma.so. Fallback to GROUP_BY_SOCKET manual.
[LOG_CAT_SBGP] libnuma.so: cannot open shared object file: No such file or directory
[LOG_CAT_SBGP] Failed to dlopen libnuma.so. Fallback to GROUP_BY_SOCKET manual.
[LOG_CAT_SBGP] libnuma.so: cannot open shared object file: No such file or directory
[LOG_CAT_SBGP] Failed to dlopen libnuma.so. Fallback to GROUP_BY_SOCKET manual.
[LOG_CAT_SBGP] libnuma.so: cannot open shared object file: No such file or directory
[LOG_CAT_SBGP] Failed to dlopen libnuma.so. Fallback to GROUP_BY_SOCKET manual.
[LOG_CAT_SBGP] libnuma.so: cannot open shared object file: No such file or directory
[LOG_CAT_SBGP] Failed to dlopen libnuma.so. Fallback to GROUP_BY_SOCKET manual.
[LOG_CAT_SBGP] libnuma.so: cannot open shared object file: No such file or directory
[LOG_CAT_SBGP] Failed to dlopen libnuma.so. Fallback to GROUP_BY_SOCKET manual.
[LOG_CAT_SBGP] libnuma.so: cannot open shared object file: No such file or directory
[LOG_CAT_SBGP] Failed to dlopen libnuma.so. Fallback to GROUP_BY_SOCKET manual.
[LOG_CAT_SBGP] libnuma.so: cannot open shared object file: No such file or directory
[LOG_CAT_SBGP] Failed to dlopen libnuma.so. Fallback to GROUP_BY_SOCKET manual.
[LOG_CAT_SBGP] libnuma.so: cannot open shared object file: No such file or directory
[LOG_CAT_SBGP] Failed to dlopen libnuma.so. Fallback to GROUP_BY_SOCKET manual.
[LOG_CAT_SBGP] libnuma.so: cannot open shared object file: No such file or directory
[LOG_CAT_SBGP] Failed to dlopen libnuma.so. Fallback to GROUP_BY_SOCKET manual.
[LOG_CAT_SBGP] libnuma.so: cannot open shared object file: No such file or directory
[LOG_CAT_SBGP] Failed to dlopen libnuma.so. Fallback to GROUP_BY_SOCKET manual.
[LOG_CAT_SBGP] libnuma.so: cannot open shared object file: No such file or directory
[LOG_CAT_SBGP] Failed to dlopen libnuma.so. Fallback to GROUP_BY_SOCKET manual.
[LOG_CAT_SBGP] libnuma.so: cannot open shared object file: No such file or directory
[LOG_CAT_SBGP] Failed to dlopen libnuma.so. Fallback to GROUP_BY_SOCKET manual.
[LOG_CAT_SBGP] libnuma.so: cannot open shared object file: No such file or directory
[LOG_CAT_SBGP] Failed to dlopen libnuma.so. Fallback to GROUP_BY_SOCKET manual.
[LOG_CAT_SBGP] libnuma.so: cannot open shared object file: No such file or directory
[LOG_CAT_SBGP] Failed to dlopen libnuma.so. Fallback to GROUP_BY_SOCKET manual.
[LOG_CAT_SBGP] libnuma.so: cannot open shared object file: No such file or directory
[LOG_CAT_SBGP] Failed to dlopen libnuma.so. Fallback to GROUP_BY_SOCKET manual.
[LOG_CAT_SBGP] libnuma.so: cannot open shared object file: No such file or directory
[LOG_CAT_SBGP] Failed to dlopen libnuma.so. Fallback to GROUP_BY_SOCKET manual.
[LOG_CAT_SBGP] libnuma.so: cannot open shared object file: No such file or directory
[LOG_CAT_SBGP] Failed to dlopen libnuma.so. Fallback to GROUP_BY_SOCKET manual.
[LOG_CAT_SBGP] libnuma.so: cannot open shared object file: No such file or directory
[LOG_CAT_SBGP] Failed to dlopen libnuma.so. Fallback to GROUP_BY_SOCKET manual.
[LOG_CAT_SBGP] libnuma.so: cannot open shared object file: No such file or directory
[LOG_CAT_SBGP] Failed to dlopen libnuma.so. Fallback to GROUP_BY_SOCKET manual.
[LOG_CAT_SBGP] libnuma.so: cannot open shared object file: No such file or directory
[LOG_CAT_SBGP] Failed to dlopen libnuma.so. Fallback to GROUP_BY_SOCKET manual.
[LOG_CAT_SBGP] libnuma.so: cannot open shared object file: No such file or directory
[LOG_CAT_SBGP] Failed to dlopen libnuma.so. Fallback to GROUP_BY_SOCKET manual.
[LOG_CAT_SBGP] libnuma.so: cannot open shared object file: No such file or directory
[LOG_CAT_SBGP] Failed to dlopen libnuma.so. Fallback to GROUP_BY_SOCKET manual.
[LOG_CAT_SBGP] libnuma.so: cannot open shared object file: No such file or directory
[LOG_CAT_SBGP] Failed to dlopen libnuma.so. Fallback to GROUP_BY_SOCKET manual.
[LOG_CAT_SBGP] libnuma.so: cannot open shared object file: No such file or directory
[LOG_CAT_SBGP] Failed to dlopen libnuma.so. Fallback to GROUP_BY_SOCKET manual.
[LOG_CAT_SBGP] libnuma.so: cannot open shared object file: No such file or directory
[LOG_CAT_SBGP] Failed to dlopen libnuma.so. Fallback to GROUP_BY_SOCKET manual.
[LOG_CAT_SBGP] libnuma.so: cannot open shared object file: No such file or directory
[LOG_CAT_SBGP] Failed to dlopen libnuma.so. Fallback to GROUP_BY_SOCKET manual.
[LOG_CAT_SBGP] libnuma.so: cannot open shared object file: No such file or directory
[LOG_CAT_SBGP] Failed to dlopen libnuma.so. Fallback to GROUP_BY_SOCKET manual.
[LOG_CAT_SBGP] libnuma.so: cannot open shared object file: No such file or directory
[LOG_CAT_SBGP] Failed to dlopen libnuma.so. Fallback to GROUP_BY_SOCKET manual.
[LOG_CAT_SBGP] libnuma.so: cannot open shared object file: No such file or directory
[LOG_CAT_SBGP] Failed to dlopen libnuma.so. Fallback to GROUP_BY_SOCKET manual.
[LOG_CAT_SBGP] libnuma.so: cannot open shared object file: No such file or directory
[LOG_CAT_SBGP] Failed to dlopen libnuma.so. Fallback to GROUP_BY_SOCKET manual.
[LOG_CAT_SBGP] libnuma.so: cannot open shared object file: No such file or directory
[LOG_CAT_SBGP] Failed to dlopen libnuma.so. Fallback to GROUP_BY_SOCKET manual.
[LOG_CAT_SBGP] libnuma.so: cannot open shared object file: No such file or directory
[LOG_CAT_SBGP] Failed to dlopen libnuma.so. Fallback to GROUP_BY_SOCKET manual.
[LOG_CAT_SBGP] libnuma.so: cannot open shared object file: No such file or directory
[LOG_CAT_SBGP] Failed to dlopen libnuma.so. Fallback to GROUP_BY_SOCKET manual.
[LOG_CAT_SBGP] libnuma.so: cannot open shared object file: No such file or directory
[LOG_CAT_SBGP] Failed to dlopen libnuma.so. Fallback to GROUP_BY_SOCKET manual.
[LOG_CAT_SBGP] libnuma.so: cannot open shared object file: No such file or directory
[LOG_CAT_SBGP] Failed to dlopen libnuma.so. Fallback to GROUP_BY_SOCKET manual.
[LOG_CAT_SBGP] libnuma.so: cannot open shared object file: No such file or directory
[LOG_CAT_SBGP] Failed to dlopen libnuma.so. Fallback to GROUP_BY_SOCKET manual.
[LOG_CAT_SBGP] libnuma.so: cannot open shared object file: No such file or directory
[LOG_CAT_SBGP] Failed to dlopen libnuma.so. Fallback to GROUP_BY_SOCKET manual.
[LOG_CAT_SBGP] libnuma.so: cannot open shared object file: No such file or directory
[LOG_CAT_SBGP] Failed to dlopen libnuma.so. Fallback to GROUP_BY_SOCKET manual.
[LOG_CAT_SBGP] libnuma.so: cannot open shared object file: No such file or directory
[LOG_CAT_SBGP] Failed to dlopen libnuma.so. Fallback to GROUP_BY_SOCKET manual.
[LOG_CAT_SBGP] libnuma.so: cannot open shared object file: No such file or directory
[LOG_CAT_SBGP] Failed to dlopen libnuma.so. Fallback to GROUP_BY_SOCKET manual.
[LOG_CAT_SBGP] libnuma.so: cannot open shared object file: No such file or directory
[LOG_CAT_SBGP] Failed to dlopen libnuma.so. Fallback to GROUP_BY_SOCKET manual.
[LOG_CAT_SBGP] libnuma.so: cannot open shared object file: No such file or directory
[LOG_CAT_SBGP] Failed to dlopen libnuma.so. Fallback to GROUP_BY_SOCKET manual.
[LOG_CAT_SBGP] libnuma.so: cannot open shared object file: No such file or directory
[LOG_CAT_SBGP] Failed to dlopen libnuma.so. Fallback to GROUP_BY_SOCKET manual.
[LOG_CAT_SBGP] libnuma.so: cannot open shared object file: No such file or directory
[LOG_CAT_SBGP] Failed to dlopen libnuma.so. Fallback to GROUP_BY_SOCKET manual.
[LOG_CAT_SBGP] libnuma.so: cannot open shared object file: No such file or directory
[LOG_CAT_SBGP] Failed to dlopen libnuma.so. Fallback to GROUP_BY_SOCKET manual.
[LOG_CAT_SBGP] libnuma.so: cannot open shared object file: No such file or directory
[LOG_CAT_SBGP] Failed to dlopen libnuma.so. Fallback to GROUP_BY_SOCKET manual.
[LOG_CAT_SBGP] libnuma.so: cannot open shared object file: No such file or directory
[LOG_CAT_SBGP] Failed to dlopen libnuma.so. Fallback to GROUP_BY_SOCKET manual.
[LOG_CAT_SBGP] libnuma.so: cannot open shared object file: No such file or directory
[LOG_CAT_SBGP] Failed to dlopen libnuma.so. Fallback to GROUP_BY_SOCKET manual.
[LOG_CAT_SBGP] libnuma.so: cannot open shared object file: No such file or directory
[LOG_CAT_SBGP] Failed to dlopen libnuma.so. Fallback to GROUP_BY_SOCKET manual.
[LOG_CAT_SBGP] libnuma.so: cannot open shared object file: No such file or directory
[LOG_CAT_SBGP] Failed to dlopen libnuma.so. Fallback to GROUP_BY_SOCKET manual.
[LOG_CAT_SBGP] libnuma.so: cannot open shared object file: No such file or directory
[LOG_CAT_SBGP] Failed to dlopen libnuma.so. Fallback to GROUP_BY_SOCKET manual.
[LOG_CAT_SBGP] libnuma.so: cannot open shared object file: No such file or directory
[LOG_CAT_SBGP] Failed to dlopen libnuma.so. Fallback to GROUP_BY_SOCKET manual.
[LOG_CAT_SBGP] libnuma.so: cannot open shared object file: No such file or directory
[LOG_CAT_SBGP] Failed to dlopen libnuma.so. Fallback to GROUP_BY_SOCKET manual.
[LOG_CAT_SBGP] libnuma.so: cannot open shared object file: No such file or directory
[LOG_CAT_SBGP] Failed to dlopen libnuma.so. Fallback to GROUP_BY_SOCKET manual.
[LOG_CAT_SBGP] libnuma.so: cannot open shared object file: No such file or directory
[LOG_CAT_SBGP] Failed to dlopen libnuma.so. Fallback to GROUP_BY_SOCKET manual.
[LOG_CAT_SBGP] libnuma.so: cannot open shared object file: No such file or directory
[LOG_CAT_SBGP] Failed to dlopen libnuma.so. Fallback to GROUP_BY_SOCKET manual.
[LOG_CAT_SBGP] libnuma.so: cannot open shared object file: No such file or directory
[LOG_CAT_SBGP] Failed to dlopen libnuma.so. Fallback to GROUP_BY_SOCKET manual.
[LOG_CAT_SBGP] libnuma.so: cannot open shared object file: No such file or directory
[LOG_CAT_SBGP] Failed to dlopen libnuma.so. Fallback to GROUP_BY_SOCKET manual.
[LOG_CAT_SBGP] libnuma.so: cannot open shared object file: No such file or directory
[LOG_CAT_SBGP] Failed to dlopen libnuma.so. Fallback to GROUP_BY_SOCKET manual.
[LOG_CAT_SBGP] libnuma.so: cannot open shared object file: No such file or directory
[LOG_CAT_SBGP] Failed to dlopen libnuma.so. Fallback to GROUP_BY_SOCKET manual.
[LOG_CAT_SBGP] libnuma.so: cannot open shared object file: No such file or directory
[LOG_CAT_SBGP] Failed to dlopen libnuma.so. Fallback to GROUP_BY_SOCKET manual.
[LOG_CAT_SBGP] libnuma.so: cannot open shared object file: No such file or directory
[LOG_CAT_SBGP] Failed to dlopen libnuma.so. Fallback to GROUP_BY_SOCKET manual.
[LOG_CAT_SBGP] libnuma.so: cannot open shared object file: No such file or directory
[LOG_CAT_SBGP] Failed to dlopen libnuma.so. Fallback to GROUP_BY_SOCKET manual.
[LOG_CAT_SBGP] libnuma.so: cannot open shared object file: No such file or directory
[LOG_CAT_SBGP] Failed to dlopen libnuma.so. Fallback to GROUP_BY_SOCKET manual.
[LOG_CAT_SBGP] libnuma.so: cannot open shared object file: No such file or directory
[LOG_CAT_SBGP] Failed to dlopen libnuma.so. Fallback to GROUP_BY_SOCKET manual.
[LOG_CAT_SBGP] libnuma.so: cannot open shared object file: No such file or directory
[LOG_CAT_SBGP] Failed to dlopen libnuma.so. Fallback to GROUP_BY_SOCKET manual.
[LOG_CAT_SBGP] libnuma.so: cannot open shared object file: No such file or directory
[LOG_CAT_SBGP] Failed to dlopen libnuma.so. Fallback to GROUP_BY_SOCKET manual.
[LOG_CAT_SBGP] libnuma.so: cannot open shared object file: No such file or directory
[LOG_CAT_SBGP] Failed to dlopen libnuma.so. Fallback to GROUP_BY_SOCKET manual.
[LOG_CAT_SBGP] libnuma.so: cannot open shared object file: No such file or directory
[LOG_CAT_SBGP] Failed to dlopen libnuma.so. Fallback to GROUP_BY_SOCKET manual.
[LOG_CAT_SBGP] libnuma.so: cannot open shared object file: No such file or directory
[LOG_CAT_SBGP] Failed to dlopen libnuma.so. Fallback to GROUP_BY_SOCKET manual.
[LOG_CAT_SBGP] libnuma.so: cannot open shared object file: No such file or directory
[LOG_CAT_SBGP] Failed to dlopen libnuma.so. Fallback to GROUP_BY_SOCKET manual.
[LOG_CAT_SBGP] libnuma.so: cannot open shared object file: No such file or directory
[LOG_CAT_SBGP] Failed to dlopen libnuma.so. Fallback to GROUP_BY_SOCKET manual.
[LOG_CAT_SBGP] libnuma.so: cannot open shared object file: No such file or directory
[LOG_CAT_SBGP] Failed to dlopen libnuma.so. Fallback to GROUP_BY_SOCKET manual.
[LOG_CAT_SBGP] libnuma.so: cannot open shared object file: No such file or directory
[LOG_CAT_SBGP] Failed to dlopen libnuma.so. Fallback to GROUP_BY_SOCKET manual.
[LOG_CAT_SBGP] libnuma.so: cannot open shared object file: No such file or directory
[LOG_CAT_SBGP] Failed to dlopen libnuma.so. Fallback to GROUP_BY_SOCKET manual.
[LOG_CAT_SBGP] libnuma.so: cannot open shared object file: No such file or directory
[LOG_CAT_SBGP] Failed to dlopen libnuma.so. Fallback to GROUP_BY_SOCKET manual.
[LOG_CAT_SBGP] libnuma.so: cannot open shared object file: No such file or directory
[LOG_CAT_SBGP] Failed to dlopen libnuma.so. Fallback to GROUP_BY_SOCKET manual.
[LOG_CAT_SBGP] libnuma.so: cannot open shared object file: No such file or directory
[LOG_CAT_SBGP] Failed to dlopen libnuma.so. Fallback to GROUP_BY_SOCKET manual.
[LOG_CAT_SBGP] libnuma.so: cannot open shared object file: No such file or directory
[LOG_CAT_SBGP] Failed to dlopen libnuma.so. Fallback to GROUP_BY_SOCKET manual.
[LOG_CAT_SBGP] libnuma.so: cannot open shared object file: No such file or directory
[LOG_CAT_SBGP] Failed to dlopen libnuma.so. Fallback to GROUP_BY_SOCKET manual.
[LOG_CAT_SBGP] libnuma.so: cannot open shared object file: No such file or directory
[LOG_CAT_SBGP] Failed to dlopen libnuma.so. Fallback to GROUP_BY_SOCKET manual.
[LOG_CAT_SBGP] libnuma.so: cannot open shared object file: No such file or directory
[LOG_CAT_SBGP] Failed to dlopen libnuma.so. Fallback to GROUP_BY_SOCKET manual.
[LOG_CAT_SBGP] libnuma.so: cannot open shared object file: No such file or directory
[LOG_CAT_SBGP] Failed to dlopen libnuma.so. Fallback to GROUP_BY_SOCKET manual.
[LOG_CAT_SBGP] libnuma.so: cannot open shared object file: No such file or directory
[LOG_CAT_SBGP] Failed to dlopen libnuma.so. Fallback to GROUP_BY_SOCKET manual.
[LOG_CAT_SBGP] libnuma.so: cannot open shared object file: No such file or directory
[LOG_CAT_SBGP] Failed to dlopen libnuma.so. Fallback to GROUP_BY_SOCKET manual.
[LOG_CAT_SBGP] libnuma.so: cannot open shared object file: No such file or directory
[LOG_CAT_SBGP] Failed to dlopen libnuma.so. Fallback to GROUP_BY_SOCKET manual.
[LOG_CAT_SBGP] libnuma.so: cannot open shared object file: No such file or directory
[LOG_CAT_SBGP] Failed to dlopen libnuma.so. Fallback to GROUP_BY_SOCKET manual.
[LOG_CAT_SBGP] libnuma.so: cannot open shared object file: No such file or directory
[LOG_CAT_SBGP] Failed to dlopen libnuma.so. Fallback to GROUP_BY_SOCKET manual.
[LOG_CAT_SBGP] libnuma.so: cannot open shared object file: No such file or directory
[LOG_CAT_SBGP] Failed to dlopen libnuma.so. Fallback to GROUP_BY_SOCKET manual.
[LOG_CAT_SBGP] libnuma.so: cannot open shared object file: No such file or directory
[LOG_CAT_SBGP] Failed to dlopen libnuma.so. Fallback to GROUP_BY_SOCKET manual.
[LOG_CAT_SBGP] libnuma.so: cannot open shared object file: No such file or directory
[LOG_CAT_SBGP] Failed to dlopen libnuma.so. Fallback to GROUP_BY_SOCKET manual.
[LOG_CAT_SBGP] libnuma.so: cannot open shared object file: No such file or directory
[LOG_CAT_SBGP] Failed to dlopen libnuma.so. Fallback to GROUP_BY_SOCKET manual.
[LOG_CAT_SBGP] libnuma.so: cannot open shared object file: No such file or directory
[LOG_CAT_SBGP] Failed to dlopen libnuma.so. Fallback to GROUP_BY_SOCKET manual.
[LOG_CAT_SBGP] libnuma.so: cannot open shared object file: No such file or directory
[LOG_CAT_SBGP] Failed to dlopen libnuma.so. Fallback to GROUP_BY_SOCKET manual.
[LOG_CAT_SBGP] libnuma.so: cannot open shared object file: No such file or directory
[LOG_CAT_SBGP] Failed to dlopen libnuma.so. Fallback to GROUP_BY_SOCKET manual.
[LOG_CAT_SBGP] libnuma.so: cannot open shared object file: No such file or directory
[LOG_CAT_SBGP] Failed to dlopen libnuma.so. Fallback to GROUP_BY_SOCKET manual.
[LOG_CAT_SBGP] libnuma.so: cannot open shared object file: No such file or directory
[LOG_CAT_SBGP] Failed to dlopen libnuma.so. Fallback to GROUP_BY_SOCKET manual.
[LOG_CAT_SBGP] libnuma.so: cannot open shared object file: No such file or directory
[LOG_CAT_SBGP] Failed to dlopen libnuma.so. Fallback to GROUP_BY_SOCKET manual.
[LOG_CAT_SBGP] libnuma.so: cannot open shared object file: No such file or directory
[LOG_CAT_SBGP] Failed to dlopen libnuma.so. Fallback to GROUP_BY_SOCKET manual.
[LOG_CAT_SBGP] libnuma.so: cannot open shared object file: No such file or directory
[LOG_CAT_SBGP] Failed to dlopen libnuma.so. Fallback to GROUP_BY_SOCKET manual.
[LOG_CAT_SBGP] libnuma.so: cannot open shared object file: No such file or directory
[LOG_CAT_SBGP] Failed to dlopen libnuma.so. Fallback to GROUP_BY_SOCKET manual.
[LOG_CAT_SBGP] libnuma.so: cannot open shared object file: No such file or directory
[LOG_CAT_SBGP] Failed to dlopen libnuma.so. Fallback to GROUP_BY_SOCKET manual.
[LOG_CAT_SBGP] libnuma.so: cannot open shared object file: No such file or directory
[LOG_CAT_SBGP] Failed to dlopen libnuma.so. Fallback to GROUP_BY_SOCKET manual.
[LOG_CAT_SBGP] libnuma.so: cannot open shared object file: No such file or directory
[LOG_CAT_SBGP] Failed to dlopen libnuma.so. Fallback to GROUP_BY_SOCKET manual.
[LOG_CAT_SBGP] libnuma.so: cannot open shared object file: No such file or directory
[LOG_CAT_SBGP] Failed to dlopen libnuma.so. Fallback to GROUP_BY_SOCKET manual.
[LOG_CAT_SBGP] libnuma.so: cannot open shared object file: No such file or directory
[LOG_CAT_SBGP] Failed to dlopen libnuma.so. Fallback to GROUP_BY_SOCKET manual.
[LOG_CAT_SBGP] libnuma.so: cannot open shared object file: No such file or directory
[LOG_CAT_SBGP] Failed to dlopen libnuma.so. Fallback to GROUP_BY_SOCKET manual.
[LOG_CAT_SBGP] libnuma.so: cannot open shared object file: No such file or directory
[LOG_CAT_SBGP] Failed to dlopen libnuma.so. Fallback to GROUP_BY_SOCKET manual.
[LOG_CAT_SBGP] libnuma.so: cannot open shared object file: No such file or directory
[LOG_CAT_SBGP] Failed to dlopen libnuma.so. Fallback to GROUP_BY_SOCKET manual.
[LOG_CAT_SBGP] libnuma.so: cannot open shared object file: No such file or directory
[LOG_CAT_SBGP] Failed to dlopen libnuma.so. Fallback to GROUP_BY_SOCKET manual.
[LOG_CAT_SBGP] libnuma.so: cannot open shared object file: No such file or directory
[LOG_CAT_SBGP] Failed to dlopen libnuma.so. Fallback to GROUP_BY_SOCKET manual.
[LOG_CAT_SBGP] libnuma.so: cannot open shared object file: No such file or directory
[LOG_CAT_SBGP] Failed to dlopen libnuma.so. Fallback to GROUP_BY_SOCKET manual.
[LOG_CAT_SBGP] libnuma.so: cannot open shared object file: No such file or directory
[LOG_CAT_SBGP] Failed to dlopen libnuma.so. Fallback to GROUP_BY_SOCKET manual.
[LOG_CAT_SBGP] libnuma.so: cannot open shared object file: No such file or directory
[LOG_CAT_SBGP] Failed to dlopen libnuma.so. Fallback to GROUP_BY_SOCKET manual.
[LOG_CAT_SBGP] libnuma.so: cannot open shared object file: No such file or directory
[LOG_CAT_SBGP] Failed to dlopen libnuma.so. Fallback to GROUP_BY_SOCKET manual.
[LOG_CAT_SBGP] libnuma.so: cannot open shared object file: No such file or directory
[LOG_CAT_SBGP] Failed to dlopen libnuma.so. Fallback to GROUP_BY_SOCKET manual.
[LOG_CAT_SBGP] libnuma.so: cannot open shared object file: No such file or directory
[LOG_CAT_SBGP] Failed to dlopen libnuma.so. Fallback to GROUP_BY_SOCKET manual.
[LOG_CAT_SBGP] libnuma.so: cannot open shared object file: No such file or directory
[LOG_CAT_SBGP] Failed to dlopen libnuma.so. Fallback to GROUP_BY_SOCKET manual.
[LOG_CAT_SBGP] libnuma.so: cannot open shared object file: No such file or directory
[LOG_CAT_SBGP] Failed to dlopen libnuma.so. Fallback to GROUP_BY_SOCKET manual.
[LOG_CAT_SBGP] libnuma.so: cannot open shared object file: No such file or directory
[LOG_CAT_SBGP] Failed to dlopen libnuma.so. Fallback to GROUP_BY_SOCKET manual.
[LOG_CAT_SBGP] libnuma.so: cannot open shared object file: No such file or directory
[LOG_CAT_SBGP] Failed to dlopen libnuma.so. Fallback to GROUP_BY_SOCKET manual.
[LOG_CAT_SBGP] libnuma.so: cannot open shared object file: No such file or directory
[LOG_CAT_SBGP] Failed to dlopen libnuma.so. Fallback to GROUP_BY_SOCKET manual.
[LOG_CAT_SBGP] libnuma.so: cannot open shared object file: No such file or directory
[LOG_CAT_SBGP] Failed to dlopen libnuma.so. Fallback to GROUP_BY_SOCKET manual.
[LOG_CAT_SBGP] libnuma.so: cannot open shared object file: No such file or directory
[LOG_CAT_SBGP] Failed to dlopen libnuma.so. Fallback to GROUP_BY_SOCKET manual.
[LOG_CAT_SBGP] libnuma.so: cannot open shared object file: No such file or directory
[LOG_CAT_SBGP] Failed to dlopen libnuma.so. Fallback to GROUP_BY_SOCKET manual.
[LOG_CAT_SBGP] libnuma.so: cannot open shared object file: No such file or directory
[LOG_CAT_SBGP] Failed to dlopen libnuma.so. Fallback to GROUP_BY_SOCKET manual.
[LOG_CAT_SBGP] libnuma.so: cannot open shared object file: No such file or directory
[LOG_CAT_SBGP] Failed to dlopen libnuma.so. Fallback to GROUP_BY_SOCKET manual.
[LOG_CAT_SBGP] libnuma.so: cannot open shared object file: No such file or directory
[LOG_CAT_SBGP] Failed to dlopen libnuma.so. Fallback to GROUP_BY_SOCKET manual.
[LOG_CAT_SBGP] libnuma.so: cannot open shared object file: No such file or directory
[LOG_CAT_SBGP] Failed to dlopen libnuma.so. Fallback to GROUP_BY_SOCKET manual.
[LOG_CAT_SBGP] libnuma.so: cannot open shared object file: No such file or directory
[LOG_CAT_SBGP] Failed to dlopen libnuma.so. Fallback to GROUP_BY_SOCKET manual.
[LOG_CAT_SBGP] libnuma.so: cannot open shared object file: No such file or directory
[LOG_CAT_SBGP] Failed to dlopen libnuma.so. Fallback to GROUP_BY_SOCKET manual.
[LOG_CAT_SBGP] libnuma.so: cannot open shared object file: No such file or directory
[LOG_CAT_SBGP] Failed to dlopen libnuma.so. Fallback to GROUP_BY_SOCKET manual.
[LOG_CAT_SBGP] libnuma.so: cannot open shared object file: No such file or directory
[LOG_CAT_SBGP] Failed to dlopen libnuma.so. Fallback to GROUP_BY_SOCKET manual.
[LOG_CAT_SBGP] libnuma.so: cannot open shared object file: No such file or directory
[LOG_CAT_SBGP] Failed to dlopen libnuma.so. Fallback to GROUP_BY_SOCKET manual.
[LOG_CAT_SBGP] libnuma.so: cannot open shared object file: No such file or directory
[LOG_CAT_SBGP] Failed to dlopen libnuma.so. Fallback to GROUP_BY_SOCKET manual.
[LOG_CAT_SBGP] libnuma.so: cannot open shared object file: No such file or directory
[LOG_CAT_SBGP] Failed to dlopen libnuma.so. Fallback to GROUP_BY_SOCKET manual.
[LOG_CAT_SBGP] libnuma.so: cannot open shared object file: No such file or directory
[LOG_CAT_SBGP] Failed to dlopen libnuma.so. Fallback to GROUP_BY_SOCKET manual.
[LOG_CAT_SBGP] libnuma.so: cannot open shared object file: No such file or directory
[LOG_CAT_SBGP] Failed to dlopen libnuma.so. Fallback to GROUP_BY_SOCKET manual.
[LOG_CAT_SBGP] libnuma.so: cannot open shared object file: No such file or directory
[LOG_CAT_SBGP] Failed to dlopen libnuma.so. Fallback to GROUP_BY_SOCKET manual.
[LOG_CAT_SBGP] libnuma.so: cannot open shared object file: No such file or directory
[LOG_CAT_SBGP] Failed to dlopen libnuma.so. Fallback to GROUP_BY_SOCKET manual.
[LOG_CAT_SBGP] libnuma.so: cannot open shared object file: No such file or directory
[LOG_CAT_SBGP] Failed to dlopen libnuma.so. Fallback to GROUP_BY_SOCKET manual.
[LOG_CAT_SBGP] libnuma.so: cannot open shared object file: No such file or directory
[LOG_CAT_SBGP] Failed to dlopen libnuma.so. Fallback to GROUP_BY_SOCKET manual.
[LOG_CAT_SBGP] libnuma.so: cannot open shared object file: No such file or directory
[LOG_CAT_SBGP] Failed to dlopen libnuma.so. Fallback to GROUP_BY_SOCKET manual.
[LOG_CAT_SBGP] libnuma.so: cannot open shared object file: No such file or directory
[LOG_CAT_SBGP] Failed to dlopen libnuma.so. Fallback to GROUP_BY_SOCKET manual.
[LOG_CAT_SBGP] libnuma.so: cannot open shared object file: No such file or directory
[LOG_CAT_SBGP] Failed to dlopen libnuma.so. Fallback to GROUP_BY_SOCKET manual.
[LOG_CAT_SBGP] libnuma.so: cannot open shared object file: No such file or directory
[LOG_CAT_SBGP] Failed to dlopen libnuma.so. Fallback to GROUP_BY_SOCKET manual.
[LOG_CAT_SBGP] libnuma.so: cannot open shared object file: No such file or directory
[LOG_CAT_SBGP] Failed to dlopen libnuma.so. Fallback to GROUP_BY_SOCKET manual.
[LOG_CAT_SBGP] libnuma.so: cannot open shared object file: No such file or directory
[LOG_CAT_SBGP] Failed to dlopen libnuma.so. Fallback to GROUP_BY_SOCKET manual.
[LOG_CAT_SBGP] libnuma.so: cannot open shared object file: No such file or directory
[LOG_CAT_SBGP] Failed to dlopen libnuma.so. Fallback to GROUP_BY_SOCKET manual.
[LOG_CAT_SBGP] libnuma.so: cannot open shared object file: No such file or directory
[LOG_CAT_SBGP] Failed to dlopen libnuma.so. Fallback to GROUP_BY_SOCKET manual.
[LOG_CAT_SBGP] libnuma.so: cannot open shared object file: No such file or directory
[LOG_CAT_SBGP] Failed to dlopen libnuma.so. Fallback to GROUP_BY_SOCKET manual.
[LOG_CAT_SBGP] libnuma.so: cannot open shared object file: No such file or directory
[LOG_CAT_SBGP] Failed to dlopen libnuma.so. Fallback to GROUP_BY_SOCKET manual.
[LOG_CAT_SBGP] libnuma.so: cannot open shared object file: No such file or directory
[LOG_CAT_SBGP] Failed to dlopen libnuma.so. Fallback to GROUP_BY_SOCKET manual.
[LOG_CAT_SBGP] libnuma.so: cannot open shared object file: No such file or directory
[LOG_CAT_SBGP] Failed to dlopen libnuma.so. Fallback to GROUP_BY_SOCKET manual.
[LOG_CAT_SBGP] libnuma.so: cannot open shared object file: No such file or directory
[LOG_CAT_SBGP] Failed to dlopen libnuma.so. Fallback to GROUP_BY_SOCKET manual.
[LOG_CAT_SBGP] libnuma.so: cannot open shared object file: No such file or directory
[LOG_CAT_SBGP] Failed to dlopen libnuma.so. Fallback to GROUP_BY_SOCKET manual.
[LOG_CAT_SBGP] libnuma.so: cannot open shared object file: No such file or directory
[LOG_CAT_SBGP] Failed to dlopen libnuma.so. Fallback to GROUP_BY_SOCKET manual.
[LOG_CAT_SBGP] libnuma.so: cannot open shared object file: No such file or directory
[LOG_CAT_SBGP] Failed to dlopen libnuma.so. Fallback to GROUP_BY_SOCKET manual.
[LOG_CAT_SBGP] libnuma.so: cannot open shared object file: No such file or directory
[LOG_CAT_SBGP] Failed to dlopen libnuma.so. Fallback to GROUP_BY_SOCKET manual.
[LOG_CAT_SBGP] libnuma.so: cannot open shared object file: No such file or directory
[LOG_CAT_SBGP] Failed to dlopen libnuma.so. Fallback to GROUP_BY_SOCKET manual.
[LOG_CAT_SBGP] libnuma.so: cannot open shared object file: No such file or directory
[LOG_CAT_SBGP] Failed to dlopen libnuma.so. Fallback to GROUP_BY_SOCKET manual.
[LOG_CAT_SBGP] libnuma.so: cannot open shared object file: No such file or directory
[LOG_CAT_SBGP] Failed to dlopen libnuma.so. Fallback to GROUP_BY_SOCKET manual.
[LOG_CAT_SBGP] libnuma.so: cannot open shared object file: No such file or directory
[LOG_CAT_SBGP] Failed to dlopen libnuma.so. Fallback to GROUP_BY_SOCKET manual.
[LOG_CAT_SBGP] libnuma.so: cannot open shared object file: No such file or directory
[LOG_CAT_SBGP] Failed to dlopen libnuma.so. Fallback to GROUP_BY_SOCKET manual.
[LOG_CAT_SBGP] libnuma.so: cannot open shared object file: No such file or directory
[LOG_CAT_SBGP] Failed to dlopen libnuma.so. Fallback to GROUP_BY_SOCKET manual.
[LOG_CAT_SBGP] libnuma.so: cannot open shared object file: No such file or directory
[LOG_CAT_SBGP] Failed to dlopen libnuma.so. Fallback to GROUP_BY_SOCKET manual.
[LOG_CAT_SBGP] libnuma.so: cannot open shared object file: No such file or directory
[LOG_CAT_SBGP] Failed to dlopen libnuma.so. Fallback to GROUP_BY_SOCKET manual.
[LOG_CAT_SBGP] libnuma.so: cannot open shared object file: No such file or directory
[LOG_CAT_SBGP] Failed to dlopen libnuma.so. Fallback to GROUP_BY_SOCKET manual.
[LOG_CAT_SBGP] libnuma.so: cannot open shared object file: No such file or directory
[LOG_CAT_SBGP] Failed to dlopen libnuma.so. Fallback to GROUP_BY_SOCKET manual.
[LOG_CAT_SBGP] libnuma.so: cannot open shared object file: No such file or directory
[LOG_CAT_SBGP] Failed to dlopen libnuma.so. Fallback to GROUP_BY_SOCKET manual.
[LOG_CAT_SBGP] libnuma.so: cannot open shared object file: No such file or directory
[LOG_CAT_SBGP] Failed to dlopen libnuma.so. Fallback to GROUP_BY_SOCKET manual.
[LOG_CAT_SBGP] libnuma.so: cannot open shared object file: No such file or directory
[LOG_CAT_SBGP] Failed to dlopen libnuma.so. Fallback to GROUP_BY_SOCKET manual.
[LOG_CAT_SBGP] libnuma.so: cannot open shared object file: No such file or directory
[LOG_CAT_SBGP] Failed to dlopen libnuma.so. Fallback to GROUP_BY_SOCKET manual.
[LOG_CAT_SBGP] libnuma.so: cannot open shared object file: No such file or directory
[LOG_CAT_SBGP] Failed to dlopen libnuma.so. Fallback to GROUP_BY_SOCKET manual.
[LOG_CAT_SBGP] libnuma.so: cannot open shared object file: No such file or directory
[LOG_CAT_SBGP] Failed to dlopen libnuma.so. Fallback to GROUP_BY_SOCKET manual.
[LOG_CAT_SBGP] libnuma.so: cannot open shared object file: No such file or directory
[LOG_CAT_SBGP] Failed to dlopen libnuma.so. Fallback to GROUP_BY_SOCKET manual.
[LOG_CAT_SBGP] libnuma.so: cannot open shared object file: No such file or directory
[LOG_CAT_SBGP] Failed to dlopen libnuma.so. Fallback to GROUP_BY_SOCKET manual.
[LOG_CAT_SBGP] libnuma.so: cannot open shared object file: No such file or directory
[LOG_CAT_SBGP] Failed to dlopen libnuma.so. Fallback to GROUP_BY_SOCKET manual.
[LOG_CAT_SBGP] libnuma.so: cannot open shared object file: No such file or directory
[LOG_CAT_SBGP] Failed to dlopen libnuma.so. Fallback to GROUP_BY_SOCKET manual.
[LOG_CAT_SBGP] libnuma.so: cannot open shared object file: No such file or directory
[LOG_CAT_SBGP] Failed to dlopen libnuma.so. Fallback to GROUP_BY_SOCKET manual.
[LOG_CAT_SBGP] libnuma.so: cannot open shared object file: No such file or directory
[LOG_CAT_SBGP] Failed to dlopen libnuma.so. Fallback to GROUP_BY_SOCKET manual.
[LOG_CAT_SBGP] libnuma.so: cannot open shared object file: No such file or directory
[LOG_CAT_SBGP] Failed to dlopen libnuma.so. Fallback to GROUP_BY_SOCKET manual.
[LOG_CAT_SBGP] libnuma.so: cannot open shared object file: No such file or directory
[LOG_CAT_SBGP] Failed to dlopen libnuma.so. Fallback to GROUP_BY_SOCKET manual.
[LOG_CAT_SBGP] libnuma.so: cannot open shared object file: No such file or directory
[LOG_CAT_SBGP] Failed to dlopen libnuma.so. Fallback to GROUP_BY_SOCKET manual.
[LOG_CAT_SBGP] libnuma.so: cannot open shared object file: No such file or directory
[LOG_CAT_SBGP] Failed to dlopen libnuma.so. Fallback to GROUP_BY_SOCKET manual.
[LOG_CAT_SBGP] libnuma.so: cannot open shared object file: No such file or directory
[LOG_CAT_SBGP] Failed to dlopen libnuma.so. Fallback to GROUP_BY_SOCKET manual.
[LOG_CAT_SBGP] libnuma.so: cannot open shared object file: No such file or directory
[LOG_CAT_SBGP] Failed to dlopen libnuma.so. Fallback to GROUP_BY_SOCKET manual.
[LOG_CAT_SBGP] libnuma.so: cannot open shared object file: No such file or directory
[LOG_CAT_SBGP] Failed to dlopen libnuma.so. Fallback to GROUP_BY_SOCKET manual.
[LOG_CAT_SBGP] libnuma.so: cannot open shared object file: No such file or directory
[LOG_CAT_SBGP] Failed to dlopen libnuma.so. Fallback to GROUP_BY_SOCKET manual.
[LOG_CAT_SBGP] libnuma.so: cannot open shared object file: No such file or directory
[LOG_CAT_SBGP] Failed to dlopen libnuma.so. Fallback to GROUP_BY_SOCKET manual.
[LOG_CAT_SBGP] libnuma.so: cannot open shared object file: No such file or directory
[LOG_CAT_SBGP] Failed to dlopen libnuma.so. Fallback to GROUP_BY_SOCKET manual.
[LOG_CAT_SBGP] libnuma.so: cannot open shared object file: No such file or directory
[LOG_CAT_SBGP] Failed to dlopen libnuma.so. Fallback to GROUP_BY_SOCKET manual.
[LOG_CAT_SBGP] libnuma.so: cannot open shared object file: No such file or directory
[LOG_CAT_SBGP] Failed to dlopen libnuma.so. Fallback to GROUP_BY_SOCKET manual.
[LOG_CAT_SBGP] libnuma.so: cannot open shared object file: No such file or directory
[LOG_CAT_SBGP] Failed to dlopen libnuma.so. Fallback to GROUP_BY_SOCKET manual.
[LOG_CAT_SBGP] libnuma.so: cannot open shared object file: No such file or directory
[LOG_CAT_SBGP] Failed to dlopen libnuma.so. Fallback to GROUP_BY_SOCKET manual.
[LOG_CAT_SBGP] libnuma.so: cannot open shared object file: No such file or directory
[LOG_CAT_SBGP] Failed to dlopen libnuma.so. Fallback to GROUP_BY_SOCKET manual.
[LOG_CAT_SBGP] libnuma.so: cannot open shared object file: No such file or directory
[LOG_CAT_SBGP] Failed to dlopen libnuma.so. Fallback to GROUP_BY_SOCKET manual.
[LOG_CAT_SBGP] libnuma.so: cannot open shared object file: No such file or directory
[LOG_CAT_SBGP] Failed to dlopen libnuma.so. Fallback to GROUP_BY_SOCKET manual.
[LOG_CAT_SBGP] libnuma.so: cannot open shared object file: No such file or directory
[LOG_CAT_SBGP] Failed to dlopen libnuma.so. Fallback to GROUP_BY_SOCKET manual.
[LOG_CAT_SBGP] libnuma.so: cannot open shared object file: No such file or directory
[LOG_CAT_SBGP] Failed to dlopen libnuma.so. Fallback to GROUP_BY_SOCKET manual.
[LOG_CAT_SBGP] libnuma.so: cannot open shared object file: No such file or directory
[LOG_CAT_SBGP] Failed to dlopen libnuma.so. Fallback to GROUP_BY_SOCKET manual.
[LOG_CAT_SBGP] libnuma.so: cannot open shared object file: No such file or directory
[LOG_CAT_SBGP] Failed to dlopen libnuma.so. Fallback to GROUP_BY_SOCKET manual.
[LOG_CAT_SBGP] libnuma.so: cannot open shared object file: No such file or directory
[LOG_CAT_SBGP] Failed to dlopen libnuma.so. Fallback to GROUP_BY_SOCKET manual.
[LOG_CAT_SBGP] libnuma.so: cannot open shared object file: No such file or directory
[LOG_CAT_SBGP] Failed to dlopen libnuma.so. Fallback to GROUP_BY_SOCKET manual.
[LOG_CAT_SBGP] libnuma.so: cannot open shared object file: No such file or directory
[LOG_CAT_SBGP] Failed to dlopen libnuma.so. Fallback to GROUP_BY_SOCKET manual.
[LOG_CAT_SBGP] libnuma.so: cannot open shared object file: No such file or directory
[LOG_CAT_SBGP] Failed to dlopen libnuma.so. Fallback to GROUP_BY_SOCKET manual.
[LOG_CAT_SBGP] libnuma.so: cannot open shared object file: No such file or directory
[LOG_CAT_SBGP] Failed to dlopen libnuma.so. Fallback to GROUP_BY_SOCKET manual.
[LOG_CAT_SBGP] libnuma.so: cannot open shared object file: No such file or directory
[LOG_CAT_SBGP] Failed to dlopen libnuma.so. Fallback to GROUP_BY_SOCKET manual.
[LOG_CAT_SBGP] libnuma.so: cannot open shared object file: No such file or directory
[LOG_CAT_SBGP] Failed to dlopen libnuma.so. Fallback to GROUP_BY_SOCKET manual.
[LOG_CAT_SBGP] libnuma.so: cannot open shared object file: No such file or directory
[LOG_CAT_SBGP] Failed to dlopen libnuma.so. Fallback to GROUP_BY_SOCKET manual.
[LOG_CAT_SBGP] libnuma.so: cannot open shared object file: No such file or directory
[LOG_CAT_SBGP] Failed to dlopen libnuma.so. Fallback to GROUP_BY_SOCKET manual.
[LOG_CAT_SBGP] libnuma.so: cannot open shared object file: No such file or directory
[LOG_CAT_SBGP] Failed to dlopen libnuma.so. Fallback to GROUP_BY_SOCKET manual.
[LOG_CAT_SBGP] libnuma.so: cannot open shared object file: No such file or directory
[LOG_CAT_SBGP] Failed to dlopen libnuma.so. Fallback to GROUP_BY_SOCKET manual.
[LOG_CAT_SBGP] libnuma.so: cannot open shared object file: No such file or directory
[LOG_CAT_SBGP] Failed to dlopen libnuma.so. Fallback to GROUP_BY_SOCKET manual.
[LOG_CAT_SBGP] libnuma.so: cannot open shared object file: No such file or directory
[LOG_CAT_SBGP] Failed to dlopen libnuma.so. Fallback to GROUP_BY_SOCKET manual.
[LOG_CAT_SBGP] libnuma.so: cannot open shared object file: No such file or directory
[LOG_CAT_SBGP] Failed to dlopen libnuma.so. Fallback to GROUP_BY_SOCKET manual.
[LOG_CAT_SBGP] libnuma.so: cannot open shared object file: No such file or directory
[LOG_CAT_SBGP] Failed to dlopen libnuma.so. Fallback to GROUP_BY_SOCKET manual.
[LOG_CAT_SBGP] libnuma.so: cannot open shared object file: No such file or directory
[LOG_CAT_SBGP] Failed to dlopen libnuma.so. Fallback to GROUP_BY_SOCKET manual.
[LOG_CAT_SBGP] libnuma.so: cannot open shared object file: No such file or directory
[LOG_CAT_SBGP] Failed to dlopen libnuma.so. Fallback to GROUP_BY_SOCKET manual.
[LOG_CAT_SBGP] libnuma.so: cannot open shared object file: No such file or directory
[LOG_CAT_SBGP] Failed to dlopen libnuma.so. Fallback to GROUP_BY_SOCKET manual.
[LOG_CAT_SBGP] libnuma.so: cannot open shared object file: No such file or directory
[LOG_CAT_SBGP] Failed to dlopen libnuma.so. Fallback to GROUP_BY_SOCKET manual.
[LOG_CAT_SBGP] libnuma.so: cannot open shared object file: No such file or directory
[LOG_CAT_SBGP] Failed to dlopen libnuma.so. Fallback to GROUP_BY_SOCKET manual.
[LOG_CAT_SBGP] libnuma.so: cannot open shared object file: No such file or directory
[LOG_CAT_SBGP] Failed to dlopen libnuma.so. Fallback to GROUP_BY_SOCKET manual.
[LOG_CAT_SBGP] libnuma.so: cannot open shared object file: No such file or directory
[LOG_CAT_SBGP] Failed to dlopen libnuma.so. Fallback to GROUP_BY_SOCKET manual.
[LOG_CAT_SBGP] libnuma.so: cannot open shared object file: No such file or directory
[LOG_CAT_SBGP] Failed to dlopen libnuma.so. Fallback to GROUP_BY_SOCKET manual.
[LOG_CAT_SBGP] libnuma.so: cannot open shared object file: No such file or directory
[LOG_CAT_SBGP] Failed to dlopen libnuma.so. Fallback to GROUP_BY_SOCKET manual.
[LOG_CAT_SBGP] libnuma.so: cannot open shared object file: No such file or directory
[LOG_CAT_SBGP] Failed to dlopen libnuma.so. Fallback to GROUP_BY_SOCKET manual.
[LOG_CAT_SBGP] libnuma.so: cannot open shared object file: No such file or directory
[LOG_CAT_SBGP] Failed to dlopen libnuma.so. Fallback to GROUP_BY_SOCKET manual.
[LOG_CAT_SBGP] libnuma.so: cannot open shared object file: No such file or directory
[LOG_CAT_SBGP] Failed to dlopen libnuma.so. Fallback to GROUP_BY_SOCKET manual.
[LOG_CAT_SBGP] libnuma.so: cannot open shared object file: No such file or directory
[LOG_CAT_SBGP] Failed to dlopen libnuma.so. Fallback to GROUP_BY_SOCKET manual.
[LOG_CAT_SBGP] libnuma.so: cannot open shared object file: No such file or directory
[LOG_CAT_SBGP] Failed to dlopen libnuma.so. Fallback to GROUP_BY_SOCKET manual.
[LOG_CAT_SBGP] libnuma.so: cannot open shared object file: No such file or directory
[LOG_CAT_SBGP] Failed to dlopen libnuma.so. Fallback to GROUP_BY_SOCKET manual.
[LOG_CAT_SBGP] libnuma.so: cannot open shared object file: No such file or directory
[LOG_CAT_SBGP] Failed to dlopen libnuma.so. Fallback to GROUP_BY_SOCKET manual.
[LOG_CAT_SBGP] libnuma.so: cannot open shared object file: No such file or directory
[LOG_CAT_SBGP] Failed to dlopen libnuma.so. Fallback to GROUP_BY_SOCKET manual.
[LOG_CAT_SBGP] libnuma.so: cannot open shared object file: No such file or directory
[LOG_CAT_SBGP] Failed to dlopen libnuma.so. Fallback to GROUP_BY_SOCKET manual.
[LOG_CAT_SBGP] libnuma.so: cannot open shared object file: No such file or directory
[LOG_CAT_SBGP] Failed to dlopen libnuma.so. Fallback to GROUP_BY_SOCKET manual.
[LOG_CAT_SBGP] libnuma.so: cannot open shared object file: No such file or directory
[LOG_CAT_SBGP] Failed to dlopen libnuma.so. Fallback to GROUP_BY_SOCKET manual.
[LOG_CAT_SBGP] libnuma.so: cannot open shared object file: No such file or directory
[LOG_CAT_SBGP] Failed to dlopen libnuma.so. Fallback to GROUP_BY_SOCKET manual.
[LOG_CAT_SBGP] libnuma.so: cannot open shared object file: No such file or directory
[LOG_CAT_SBGP] Failed to dlopen libnuma.so. Fallback to GROUP_BY_SOCKET manual.
[LOG_CAT_SBGP] libnuma.so: cannot open shared object file: No such file or directory
[LOG_CAT_SBGP] Failed to dlopen libnuma.so. Fallback to GROUP_BY_SOCKET manual.
[LOG_CAT_SBGP] libnuma.so: cannot open shared object file: No such file or directory
[LOG_CAT_SBGP] Failed to dlopen libnuma.so. Fallback to GROUP_BY_SOCKET manual.
[LOG_CAT_SBGP] libnuma.so: cannot open shared object file: No such file or directory
[LOG_CAT_SBGP] Failed to dlopen libnuma.so. Fallback to GROUP_BY_SOCKET manual.
[LOG_CAT_SBGP] libnuma.so: cannot open shared object file: No such file or directory
[LOG_CAT_SBGP] Failed to dlopen libnuma.so. Fallback to GROUP_BY_SOCKET manual.
[LOG_CAT_SBGP] libnuma.so: cannot open shared object file: No such file or directory
[LOG_CAT_SBGP] Failed to dlopen libnuma.so. Fallback to GROUP_BY_SOCKET manual.
[LOG_CAT_SBGP] libnuma.so: cannot open shared object file: No such file or directory
[LOG_CAT_SBGP] Failed to dlopen libnuma.so. Fallback to GROUP_BY_SOCKET manual.
[LOG_CAT_SBGP] libnuma.so: cannot open shared object file: No such file or directory
[LOG_CAT_SBGP] Failed to dlopen libnuma.so. Fallback to GROUP_BY_SOCKET manual.
[LOG_CAT_SBGP] libnuma.so: cannot open shared object file: No such file or directory
[LOG_CAT_SBGP] Failed to dlopen libnuma.so. Fallback to GROUP_BY_SOCKET manual.
[LOG_CAT_SBGP] libnuma.so: cannot open shared object file: No such file or directory
[LOG_CAT_SBGP] Failed to dlopen libnuma.so. Fallback to GROUP_BY_SOCKET manual.
[LOG_CAT_SBGP] libnuma.so: cannot open shared object file: No such file or directory
[LOG_CAT_SBGP] Failed to dlopen libnuma.so. Fallback to GROUP_BY_SOCKET manual.
[LOG_CAT_SBGP] libnuma.so: cannot open shared object file: No such file or directory
[LOG_CAT_SBGP] Failed to dlopen libnuma.so. Fallback to GROUP_BY_SOCKET manual.
[LOG_CAT_SBGP] libnuma.so: cannot open shared object file: No such file or directory
[LOG_CAT_SBGP] Failed to dlopen libnuma.so. Fallback to GROUP_BY_SOCKET manual.
[LOG_CAT_SBGP] libnuma.so: cannot open shared object file: No such file or directory
[LOG_CAT_SBGP] Failed to dlopen libnuma.so. Fallback to GROUP_BY_SOCKET manual.
[LOG_CAT_SBGP] libnuma.so: cannot open shared object file: No such file or directory
[LOG_CAT_SBGP] Failed to dlopen libnuma.so. Fallback to GROUP_BY_SOCKET manual.
[LOG_CAT_SBGP] libnuma.so: cannot open shared object file: No such file or directory
[LOG_CAT_SBGP] Failed to dlopen libnuma.so. Fallback to GROUP_BY_SOCKET manual.
[LOG_CAT_SBGP] libnuma.so: cannot open shared object file: No such file or directory
[LOG_CAT_SBGP] Failed to dlopen libnuma.so. Fallback to GROUP_BY_SOCKET manual.
[LOG_CAT_SBGP] libnuma.so: cannot open shared object file: No such file or directory
[LOG_CAT_SBGP] Failed to dlopen libnuma.so. Fallback to GROUP_BY_SOCKET manual.
[LOG_CAT_SBGP] libnuma.so: cannot open shared object file: No such file or directory
[LOG_CAT_SBGP] Failed to dlopen libnuma.so. Fallback to GROUP_BY_SOCKET manual.
[LOG_CAT_SBGP] libnuma.so: cannot open shared object file: No such file or directory
[LOG_CAT_SBGP] Failed to dlopen libnuma.so. Fallback to GROUP_BY_SOCKET manual.
[LOG_CAT_SBGP] libnuma.so: cannot open shared object file: No such file or directory
[LOG_CAT_SBGP] Failed to dlopen libnuma.so. Fallback to GROUP_BY_SOCKET manual.
[LOG_CAT_SBGP] libnuma.so: cannot open shared object file: No such file or directory
[LOG_CAT_SBGP] Failed to dlopen libnuma.so. Fallback to GROUP_BY_SOCKET manual.
[LOG_CAT_SBGP] libnuma.so: cannot open shared object file: No such file or directory
[LOG_CAT_SBGP] Failed to dlopen libnuma.so. Fallback to GROUP_BY_SOCKET manual.
[LOG_CAT_SBGP] libnuma.so: cannot open shared object file: No such file or directory
[LOG_CAT_SBGP] Failed to dlopen libnuma.so. Fallback to GROUP_BY_SOCKET manual.
[LOG_CAT_SBGP] libnuma.so: cannot open shared object file: No such file or directory
[LOG_CAT_SBGP] Failed to dlopen libnuma.so. Fallback to GROUP_BY_SOCKET manual.
[LOG_CAT_SBGP] libnuma.so: cannot open shared object file: No such file or directory
[LOG_CAT_SBGP] Failed to dlopen libnuma.so. Fallback to GROUP_BY_SOCKET manual.
[LOG_CAT_SBGP] libnuma.so: cannot open shared object file: No such file or directory
[LOG_CAT_SBGP] Failed to dlopen libnuma.so. Fallback to GROUP_BY_SOCKET manual.
[LOG_CAT_SBGP] libnuma.so: cannot open shared object file: No such file or directory
[LOG_CAT_SBGP] Failed to dlopen libnuma.so. Fallback to GROUP_BY_SOCKET manual.
[LOG_CAT_SBGP] libnuma.so: cannot open shared object file: No such file or directory
[LOG_CAT_SBGP] Failed to dlopen libnuma.so. Fallback to GROUP_BY_SOCKET manual.
[LOG_CAT_SBGP] libnuma.so: cannot open shared object file: No such file or directory
[LOG_CAT_SBGP] Failed to dlopen libnuma.so. Fallback to GROUP_BY_SOCKET manual.
[LOG_CAT_SBGP] libnuma.so: cannot open shared object file: No such file or directory
[LOG_CAT_SBGP] Failed to dlopen libnuma.so. Fallback to GROUP_BY_SOCKET manual.
[LOG_CAT_SBGP] libnuma.so: cannot open shared object file: No such file or directory
[LOG_CAT_SBGP] Failed to dlopen libnuma.so. Fallback to GROUP_BY_SOCKET manual.
[LOG_CAT_SBGP] libnuma.so: cannot open shared object file: No such file or directory
[LOG_CAT_SBGP] Failed to dlopen libnuma.so. Fallback to GROUP_BY_SOCKET manual.
[LOG_CAT_SBGP] libnuma.so: cannot open shared object file: No such file or directory
[LOG_CAT_SBGP] Failed to dlopen libnuma.so. Fallback to GROUP_BY_SOCKET manual.
[LOG_CAT_SBGP] libnuma.so: cannot open shared object file: No such file or directory
[LOG_CAT_SBGP] Failed to dlopen libnuma.so. Fallback to GROUP_BY_SOCKET manual.
[LOG_CAT_SBGP] libnuma.so: cannot open shared object file: No such file or directory
[LOG_CAT_SBGP] Failed to dlopen libnuma.so. Fallback to GROUP_BY_SOCKET manual.
[LOG_CAT_SBGP] libnuma.so: cannot open shared object file: No such file or directory
[LOG_CAT_SBGP] Failed to dlopen libnuma.so. Fallback to GROUP_BY_SOCKET manual.
[LOG_CAT_SBGP] libnuma.so: cannot open shared object file: No such file or directory
[LOG_CAT_SBGP] Failed to dlopen libnuma.so. Fallback to GROUP_BY_SOCKET manual.
[LOG_CAT_SBGP] libnuma.so: cannot open shared object file: No such file or directory
[LOG_CAT_SBGP] Failed to dlopen libnuma.so. Fallback to GROUP_BY_SOCKET manual.
[LOG_CAT_SBGP] libnuma.so: cannot open shared object file: No such file or directory
[LOG_CAT_SBGP] Failed to dlopen libnuma.so. Fallback to GROUP_BY_SOCKET manual.
[LOG_CAT_SBGP] libnuma.so: cannot open shared object file: No such file or directory
[LOG_CAT_SBGP] Failed to dlopen libnuma.so. Fallback to GROUP_BY_SOCKET manual.
[LOG_CAT_SBGP] libnuma.so: cannot open shared object file: No such file or directory
[LOG_CAT_SBGP] Failed to dlopen libnuma.so. Fallback to GROUP_BY_SOCKET manual.
[LOG_CAT_SBGP] libnuma.so: cannot open shared object file: No such file or directory
[LOG_CAT_SBGP] Failed to dlopen libnuma.so. Fallback to GROUP_BY_SOCKET manual.
[LOG_CAT_SBGP] libnuma.so: cannot open shared object file: No such file or directory
[LOG_CAT_SBGP] Failed to dlopen libnuma.so. Fallback to GROUP_BY_SOCKET manual.
[LOG_CAT_SBGP] libnuma.so: cannot open shared object file: No such file or directory
[LOG_CAT_SBGP] Failed to dlopen libnuma.so. Fallback to GROUP_BY_SOCKET manual.
[LOG_CAT_SBGP] libnuma.so: cannot open shared object file: No such file or directory
[LOG_CAT_SBGP] Failed to dlopen libnuma.so. Fallback to GROUP_BY_SOCKET manual.
[LOG_CAT_SBGP] libnuma.so: cannot open shared object file: No such file or directory
[LOG_CAT_SBGP] Failed to dlopen libnuma.so. Fallback to GROUP_BY_SOCKET manual.
[LOG_CAT_SBGP] libnuma.so: cannot open shared object file: No such file or directory
[LOG_CAT_SBGP] Failed to dlopen libnuma.so. Fallback to GROUP_BY_SOCKET manual.
[LOG_CAT_SBGP] libnuma.so: cannot open shared object file: No such file or directory
[LOG_CAT_SBGP] Failed to dlopen libnuma.so. Fallback to GROUP_BY_SOCKET manual.
[LOG_CAT_SBGP] libnuma.so: cannot open shared object file: No such file or directory
[LOG_CAT_SBGP] Failed to dlopen libnuma.so. Fallback to GROUP_BY_SOCKET manual.
[LOG_CAT_SBGP] libnuma.so: cannot open shared object file: No such file or directory
[LOG_CAT_SBGP] Failed to dlopen libnuma.so. Fallback to GROUP_BY_SOCKET manual.
[LOG_CAT_SBGP] libnuma.so: cannot open shared object file: No such file or directory
[LOG_CAT_SBGP] Failed to dlopen libnuma.so. Fallback to GROUP_BY_SOCKET manual.
[LOG_CAT_SBGP] libnuma.so: cannot open shared object file: No such file or directory
[LOG_CAT_SBGP] Failed to dlopen libnuma.so. Fallback to GROUP_BY_SOCKET manual.
[LOG_CAT_SBGP] libnuma.so: cannot open shared object file: No such file or directory
[LOG_CAT_SBGP] Failed to dlopen libnuma.so. Fallback to GROUP_BY_SOCKET manual.
[LOG_CAT_SBGP] libnuma.so: cannot open shared object file: No such file or directory
[LOG_CAT_SBGP] Failed to dlopen libnuma.so. Fallback to GROUP_BY_SOCKET manual.
[LOG_CAT_SBGP] libnuma.so: cannot open shared object file: No such file or directory
[LOG_CAT_SBGP] Failed to dlopen libnuma.so. Fallback to GROUP_BY_SOCKET manual.
[LOG_CAT_SBGP] libnuma.so: cannot open shared object file: No such file or directory
[LOG_CAT_SBGP] Failed to dlopen libnuma.so. Fallback to GROUP_BY_SOCKET manual.
[LOG_CAT_SBGP] libnuma.so: cannot open shared object file: No such file or directory
[LOG_CAT_SBGP] Failed to dlopen libnuma.so. Fallback to GROUP_BY_SOCKET manual.
[LOG_CAT_SBGP] libnuma.so: cannot open shared object file: No such file or directory
[LOG_CAT_SBGP] Failed to dlopen libnuma.so. Fallback to GROUP_BY_SOCKET manual.
[LOG_CAT_SBGP] libnuma.so: cannot open shared object file: No such file or directory
[LOG_CAT_SBGP] Failed to dlopen libnuma.so. Fallback to GROUP_BY_SOCKET manual.
[LOG_CAT_SBGP] libnuma.so: cannot open shared object file: No such file or directory
[LOG_CAT_SBGP] Failed to dlopen libnuma.so. Fallback to GROUP_BY_SOCKET manual.
[LOG_CAT_SBGP] libnuma.so: cannot open shared object file: No such file or directory
[LOG_CAT_SBGP] Failed to dlopen libnuma.so. Fallback to GROUP_BY_SOCKET manual.
[LOG_CAT_SBGP] libnuma.so: cannot open shared object file: No such file or directory
[LOG_CAT_SBGP] Failed to dlopen libnuma.so. Fallback to GROUP_BY_SOCKET manual.
[LOG_CAT_SBGP] libnuma.so: cannot open shared object file: No such file or directory
[LOG_CAT_SBGP] Failed to dlopen libnuma.so. Fallback to GROUP_BY_SOCKET manual.
[LOG_CAT_SBGP] libnuma.so: cannot open shared object file: No such file or directory
[LOG_CAT_SBGP] Failed to dlopen libnuma.so. Fallback to GROUP_BY_SOCKET manual.
[LOG_CAT_SBGP] libnuma.so: cannot open shared object file: No such file or directory
[LOG_CAT_SBGP] Failed to dlopen libnuma.so. Fallback to GROUP_BY_SOCKET manual.
[LOG_CAT_SBGP] libnuma.so: cannot open shared object file: No such file or directory
[LOG_CAT_SBGP] Failed to dlopen libnuma.so. Fallback to GROUP_BY_SOCKET manual.
[LOG_CAT_SBGP] libnuma.so: cannot open shared object file: No such file or directory
[LOG_CAT_SBGP] Failed to dlopen libnuma.so. Fallback to GROUP_BY_SOCKET manual.
[LOG_CAT_SBGP] libnuma.so: cannot open shared object file: No such file or directory
[LOG_CAT_SBGP] Failed to dlopen libnuma.so. Fallback to GROUP_BY_SOCKET manual.
[LOG_CAT_SBGP] libnuma.so: cannot open shared object file: No such file or directory
[LOG_CAT_SBGP] Failed to dlopen libnuma.so. Fallback to GROUP_BY_SOCKET manual.
[LOG_CAT_SBGP] libnuma.so: cannot open shared object file: No such file or directory
[LOG_CAT_SBGP] Failed to dlopen libnuma.so. Fallback to GROUP_BY_SOCKET manual.
[LOG_CAT_SBGP] libnuma.so: cannot open shared object file: No such file or directory
[LOG_CAT_SBGP] Failed to dlopen libnuma.so. Fallback to GROUP_BY_SOCKET manual.
[LOG_CAT_SBGP] libnuma.so: cannot open shared object file: No such file or directory
[LOG_CAT_SBGP] Failed to dlopen libnuma.so. Fallback to GROUP_BY_SOCKET manual.
[LOG_CAT_SBGP] libnuma.so: cannot open shared object file: No such file or directory
[LOG_CAT_SBGP] Failed to dlopen libnuma.so. Fallback to GROUP_BY_SOCKET manual.
[LOG_CAT_SBGP] libnuma.so: cannot open shared object file: No such file or directory
[LOG_CAT_SBGP] Failed to dlopen libnuma.so. Fallback to GROUP_BY_SOCKET manual.
[LOG_CAT_SBGP] libnuma.so: cannot open shared object file: No such file or directory
[LOG_CAT_SBGP] Failed to dlopen libnuma.so. Fallback to GROUP_BY_SOCKET manual.
[LOG_CAT_SBGP] libnuma.so: cannot open shared object file: No such file or directory
[LOG_CAT_SBGP] Failed to dlopen libnuma.so. Fallback to GROUP_BY_SOCKET manual.
[LOG_CAT_SBGP] libnuma.so: cannot open shared object file: No such file or directory
[LOG_CAT_SBGP] Failed to dlopen libnuma.so. Fallback to GROUP_BY_SOCKET manual.
[LOG_CAT_SBGP] libnuma.so: cannot open shared object file: No such file or directory
[LOG_CAT_SBGP] Failed to dlopen libnuma.so. Fallback to GROUP_BY_SOCKET manual.
[LOG_CAT_SBGP] libnuma.so: cannot open shared object file: No such file or directory
[LOG_CAT_SBGP] Failed to dlopen libnuma.so. Fallback to GROUP_BY_SOCKET manual.
[LOG_CAT_SBGP] libnuma.so: cannot open shared object file: No such file or directory
[LOG_CAT_SBGP] Failed to dlopen libnuma.so. Fallback to GROUP_BY_SOCKET manual.
[LOG_CAT_SBGP] libnuma.so: cannot open shared object file: No such file or directory
[LOG_CAT_SBGP] Failed to dlopen libnuma.so. Fallback to GROUP_BY_SOCKET manual.
[LOG_CAT_SBGP] libnuma.so: cannot open shared object file: No such file or directory
[LOG_CAT_SBGP] Failed to dlopen libnuma.so. Fallback to GROUP_BY_SOCKET manual.
[LOG_CAT_SBGP] libnuma.so: cannot open shared object file: No such file or directory
[LOG_CAT_SBGP] Failed to dlopen libnuma.so. Fallback to GROUP_BY_SOCKET manual.
[LOG_CAT_SBGP] libnuma.so: cannot open shared object file: No such file or directory
[LOG_CAT_SBGP] Failed to dlopen libnuma.so. Fallback to GROUP_BY_SOCKET manual.
[LOG_CAT_SBGP] libnuma.so: cannot open shared object file: No such file or directory
[LOG_CAT_SBGP] Failed to dlopen libnuma.so. Fallback to GROUP_BY_SOCKET manual.
[LOG_CAT_SBGP] libnuma.so: cannot open shared object file: No such file or directory
[LOG_CAT_SBGP] Failed to dlopen libnuma.so. Fallback to GROUP_BY_SOCKET manual.
[LOG_CAT_SBGP] libnuma.so: cannot open shared object file: No such file or directory
[LOG_CAT_SBGP] Failed to dlopen libnuma.so. Fallback to GROUP_BY_SOCKET manual.
[LOG_CAT_SBGP] libnuma.so: cannot open shared object file: No such file or directory
[LOG_CAT_SBGP] Failed to dlopen libnuma.so. Fallback to GROUP_BY_SOCKET manual.
[LOG_CAT_SBGP] libnuma.so: cannot open shared object file: No such file or directory
[LOG_CAT_SBGP] Failed to dlopen libnuma.so. Fallback to GROUP_BY_SOCKET manual.
[LOG_CAT_SBGP] libnuma.so: cannot open shared object file: No such file or directory
[LOG_CAT_SBGP] Failed to dlopen libnuma.so. Fallback to GROUP_BY_SOCKET manual.
[LOG_CAT_SBGP] libnuma.so: cannot open shared object file: No such file or directory
[LOG_CAT_SBGP] Failed to dlopen libnuma.so. Fallback to GROUP_BY_SOCKET manual.
[LOG_CAT_SBGP] libnuma.so: cannot open shared object file: No such file or directory
[LOG_CAT_SBGP] Failed to dlopen libnuma.so. Fallback to GROUP_BY_SOCKET manual.
[LOG_CAT_SBGP] libnuma.so: cannot open shared object file: No such file or directory
[LOG_CAT_SBGP] Failed to dlopen libnuma.so. Fallback to GROUP_BY_SOCKET manual.
[LOG_CAT_SBGP] libnuma.so: cannot open shared object file: No such file or directory
[LOG_CAT_SBGP] Failed to dlopen libnuma.so. Fallback to GROUP_BY_SOCKET manual.
[LOG_CAT_SBGP] libnuma.so: cannot open shared object file: No such file or directory
[LOG_CAT_SBGP] Failed to dlopen libnuma.so. Fallback to GROUP_BY_SOCKET manual.
[LOG_CAT_SBGP] libnuma.so: cannot open shared object file: No such file or directory
[LOG_CAT_SBGP] Failed to dlopen libnuma.so. Fallback to GROUP_BY_SOCKET manual.
[LOG_CAT_SBGP] libnuma.so: cannot open shared object file: No such file or directory
[LOG_CAT_SBGP] Failed to dlopen libnuma.so. Fallback to GROUP_BY_SOCKET manual.
[LOG_CAT_SBGP] libnuma.so: cannot open shared object file: No such file or directory
[LOG_CAT_SBGP] Failed to dlopen libnuma.so. Fallback to GROUP_BY_SOCKET manual.
[LOG_CAT_SBGP] libnuma.so: cannot open shared object file: No such file or directory
[LOG_CAT_SBGP] Failed to dlopen libnuma.so. Fallback to GROUP_BY_SOCKET manual.
[LOG_CAT_SBGP] libnuma.so: cannot open shared object file: No such file or directory
[LOG_CAT_SBGP] Failed to dlopen libnuma.so. Fallback to GROUP_BY_SOCKET manual.
[LOG_CAT_SBGP] libnuma.so: cannot open shared object file: No such file or directory
[LOG_CAT_SBGP] Failed to dlopen libnuma.so. Fallback to GROUP_BY_SOCKET manual.
[LOG_CAT_SBGP] libnuma.so: cannot open shared object file: No such file or directory
[LOG_CAT_SBGP] Failed to dlopen libnuma.so. Fallback to GROUP_BY_SOCKET manual.
[LOG_CAT_SBGP] libnuma.so: cannot open shared object file: No such file or directory
[LOG_CAT_SBGP] Failed to dlopen libnuma.so. Fallback to GROUP_BY_SOCKET manual.
[LOG_CAT_SBGP] libnuma.so: cannot open shared object file: No such file or directory
[LOG_CAT_SBGP] Failed to dlopen libnuma.so. Fallback to GROUP_BY_SOCKET manual.
[LOG_CAT_SBGP] libnuma.so: cannot open shared object file: No such file or directory
[LOG_CAT_SBGP] Failed to dlopen libnuma.so. Fallback to GROUP_BY_SOCKET manual.
[LOG_CAT_SBGP] libnuma.so: cannot open shared object file: No such file or directory
[LOG_CAT_SBGP] Failed to dlopen libnuma.so. Fallback to GROUP_BY_SOCKET manual.
[LOG_CAT_SBGP] libnuma.so: cannot open shared object file: No such file or directory
[LOG_CAT_SBGP] Failed to dlopen libnuma.so. Fallback to GROUP_BY_SOCKET manual.
[LOG_CAT_SBGP] libnuma.so: cannot open shared object file: No such file or directory
[LOG_CAT_SBGP] Failed to dlopen libnuma.so. Fallback to GROUP_BY_SOCKET manual.
[LOG_CAT_SBGP] libnuma.so: cannot open shared object file: No such file or directory
[LOG_CAT_SBGP] Failed to dlopen libnuma.so. Fallback to GROUP_BY_SOCKET manual.
[LOG_CAT_SBGP] libnuma.so: cannot open shared object file: No such file or directory
[LOG_CAT_SBGP] Failed to dlopen libnuma.so. Fallback to GROUP_BY_SOCKET manual.
[LOG_CAT_SBGP] libnuma.so: cannot open shared object file: No such file or directory
[LOG_CAT_SBGP] Failed to dlopen libnuma.so. Fallback to GROUP_BY_SOCKET manual.
[LOG_CAT_SBGP] libnuma.so: cannot open shared object file: No such file or directory
[LOG_CAT_SBGP] Failed to dlopen libnuma.so. Fallback to GROUP_BY_SOCKET manual.
[LOG_CAT_SBGP] libnuma.so: cannot open shared object file: No such file or directory
[LOG_CAT_SBGP] Failed to dlopen libnuma.so. Fallback to GROUP_BY_SOCKET manual.
[LOG_CAT_SBGP] libnuma.so: cannot open shared object file: No such file or directory
[LOG_CAT_SBGP] Failed to dlopen libnuma.so. Fallback to GROUP_BY_SOCKET manual.
[LOG_CAT_SBGP] libnuma.so: cannot open shared object file: No such file or directory
[LOG_CAT_SBGP] Failed to dlopen libnuma.so. Fallback to GROUP_BY_SOCKET manual.
[LOG_CAT_SBGP] libnuma.so: cannot open shared object file: No such file or directory
[LOG_CAT_SBGP] Failed to dlopen libnuma.so. Fallback to GROUP_BY_SOCKET manual.
[LOG_CAT_SBGP] libnuma.so: cannot open shared object file: No such file or directory
[LOG_CAT_SBGP] Failed to dlopen libnuma.so. Fallback to GROUP_BY_SOCKET manual.
[LOG_CAT_SBGP] libnuma.so: cannot open shared object file: No such file or directory
[LOG_CAT_SBGP] Failed to dlopen libnuma.so. Fallback to GROUP_BY_SOCKET manual.
[LOG_CAT_SBGP] libnuma.so: cannot open shared object file: No such file or directory
[LOG_CAT_SBGP] Failed to dlopen libnuma.so. Fallback to GROUP_BY_SOCKET manual.
[LOG_CAT_SBGP] libnuma.so: cannot open shared object file: No such file or directory
[LOG_CAT_SBGP] Failed to dlopen libnuma.so. Fallback to GROUP_BY_SOCKET manual.
[LOG_CAT_SBGP] libnuma.so: cannot open shared object file: No such file or directory
[LOG_CAT_SBGP] Failed to dlopen libnuma.so. Fallback to GROUP_BY_SOCKET manual.
[LOG_CAT_SBGP] libnuma.so: cannot open shared object file: No such file or directory
[LOG_CAT_SBGP] Failed to dlopen libnuma.so. Fallback to GROUP_BY_SOCKET manual.
[LOG_CAT_SBGP] libnuma.so: cannot open shared object file: No such file or directory
[LOG_CAT_SBGP] Failed to dlopen libnuma.so. Fallback to GROUP_BY_SOCKET manual.
[LOG_CAT_SBGP] libnuma.so: cannot open shared object file: No such file or directory
[LOG_CAT_SBGP] Failed to dlopen libnuma.so. Fallback to GROUP_BY_SOCKET manual.
[LOG_CAT_SBGP] libnuma.so: cannot open shared object file: No such file or directory
[LOG_CAT_SBGP] Failed to dlopen libnuma.so. Fallback to GROUP_BY_SOCKET manual.
[LOG_CAT_SBGP] libnuma.so: cannot open shared object file: No such file or directory
[LOG_CAT_SBGP] Failed to dlopen libnuma.so. Fallback to GROUP_BY_SOCKET manual.
[LOG_CAT_SBGP] libnuma.so: cannot open shared object file: No such file or directory
[LOG_CAT_SBGP] Failed to dlopen libnuma.so. Fallback to GROUP_BY_SOCKET manual.
[LOG_CAT_SBGP] libnuma.so: cannot open shared object file: No such file or directory
[LOG_CAT_SBGP] Failed to dlopen libnuma.so. Fallback to GROUP_BY_SOCKET manual.
[LOG_CAT_SBGP] libnuma.so: cannot open shared object file: No such file or directory
[LOG_CAT_SBGP] Failed to dlopen libnuma.so. Fallback to GROUP_BY_SOCKET manual.
[LOG_CAT_SBGP] libnuma.so: cannot open shared object file: No such file or directory
[LOG_CAT_SBGP] Failed to dlopen libnuma.so. Fallback to GROUP_BY_SOCKET manual.
[LOG_CAT_SBGP] libnuma.so: cannot open shared object file: No such file or directory
[LOG_CAT_SBGP] Failed to dlopen libnuma.so. Fallback to GROUP_BY_SOCKET manual.
[LOG_CAT_SBGP] libnuma.so: cannot open shared object file: No such file or directory
[LOG_CAT_SBGP] Failed to dlopen libnuma.so. Fallback to GROUP_BY_SOCKET manual.
[LOG_CAT_SBGP] libnuma.so: cannot open shared object file: No such file or directory
[LOG_CAT_SBGP] Failed to dlopen libnuma.so. Fallback to GROUP_BY_SOCKET manual.
[LOG_CAT_SBGP] libnuma.so: cannot open shared object file: No such file or directory
[LOG_CAT_SBGP] Failed to dlopen libnuma.so. Fallback to GROUP_BY_SOCKET manual.
[LOG_CAT_SBGP] libnuma.so: cannot open shared object file: No such file or directory
[LOG_CAT_SBGP] Failed to dlopen libnuma.so. Fallback to GROUP_BY_SOCKET manual.
[LOG_CAT_SBGP] libnuma.so: cannot open shared object file: No such file or directory
[LOG_CAT_SBGP] Failed to dlopen libnuma.so. Fallback to GROUP_BY_SOCKET manual.
[LOG_CAT_SBGP] libnuma.so: cannot open shared object file: No such file or directory
[LOG_CAT_SBGP] Failed to dlopen libnuma.so. Fallback to GROUP_BY_SOCKET manual.
[LOG_CAT_SBGP] libnuma.so: cannot open shared object file: No such file or directory
[LOG_CAT_SBGP] Failed to dlopen libnuma.so. Fallback to GROUP_BY_SOCKET manual.
[LOG_CAT_SBGP] libnuma.so: cannot open shared object file: No such file or directory
[LOG_CAT_SBGP] Failed to dlopen libnuma.so. Fallback to GROUP_BY_SOCKET manual.
[LOG_CAT_SBGP] libnuma.so: cannot open shared object file: No such file or directory
[LOG_CAT_SBGP] Failed to dlopen libnuma.so. Fallback to GROUP_BY_SOCKET manual.
[LOG_CAT_SBGP] libnuma.so: cannot open shared object file: No such file or directory
[LOG_CAT_SBGP] Failed to dlopen libnuma.so. Fallback to GROUP_BY_SOCKET manual.
[LOG_CAT_SBGP] libnuma.so: cannot open shared object file: No such file or directory
[LOG_CAT_SBGP] Failed to dlopen libnuma.so. Fallback to GROUP_BY_SOCKET manual.
[LOG_CAT_SBGP] libnuma.so: cannot open shared object file: No such file or directory
[LOG_CAT_SBGP] Failed to dlopen libnuma.so. Fallback to GROUP_BY_SOCKET manual.
[LOG_CAT_SBGP] libnuma.so: cannot open shared object file: No such file or directory
[LOG_CAT_SBGP] Failed to dlopen libnuma.so. Fallback to GROUP_BY_SOCKET manual.
[LOG_CAT_SBGP] libnuma.so: cannot open shared object file: No such file or directory
[LOG_CAT_SBGP] Failed to dlopen libnuma.so. Fallback to GROUP_BY_SOCKET manual.
[LOG_CAT_SBGP] libnuma.so: cannot open shared object file: No such file or directory
[LOG_CAT_SBGP] Failed to dlopen libnuma.so. Fallback to GROUP_BY_SOCKET manual.
[LOG_CAT_SBGP] libnuma.so: cannot open shared object file: No such file or directory
[LOG_CAT_SBGP] Failed to dlopen libnuma.so. Fallback to GROUP_BY_SOCKET manual.
[LOG_CAT_SBGP] libnuma.so: cannot open shared object file: No such file or directory
[LOG_CAT_SBGP] Failed to dlopen libnuma.so. Fallback to GROUP_BY_SOCKET manual.
[LOG_CAT_SBGP] libnuma.so: cannot open shared object file: No such file or directory
[LOG_CAT_SBGP] Failed to dlopen libnuma.so. Fallback to GROUP_BY_SOCKET manual.
[LOG_CAT_SBGP] libnuma.so: cannot open shared object file: No such file or directory
[LOG_CAT_SBGP] Failed to dlopen libnuma.so. Fallback to GROUP_BY_SOCKET manual.
[LOG_CAT_SBGP] libnuma.so: cannot open shared object file: No such file or directory
[LOG_CAT_SBGP] Failed to dlopen libnuma.so. Fallback to GROUP_BY_SOCKET manual.
[LOG_CAT_SBGP] libnuma.so: cannot open shared object file: No such file or directory
[LOG_CAT_SBGP] Failed to dlopen libnuma.so. Fallback to GROUP_BY_SOCKET manual.
[LOG_CAT_SBGP] libnuma.so: cannot open shared object file: No such file or directory
[LOG_CAT_SBGP] Failed to dlopen libnuma.so. Fallback to GROUP_BY_SOCKET manual.
[LOG_CAT_SBGP] libnuma.so: cannot open shared object file: No such file or directory
[LOG_CAT_SBGP] Failed to dlopen libnuma.so. Fallback to GROUP_BY_SOCKET manual.
[LOG_CAT_SBGP] libnuma.so: cannot open shared object file: No such file or directory
[LOG_CAT_SBGP] Failed to dlopen libnuma.so. Fallback to GROUP_BY_SOCKET manual.
[LOG_CAT_SBGP] libnuma.so: cannot open shared object file: No such file or directory
[LOG_CAT_SBGP] Failed to dlopen libnuma.so. Fallback to GROUP_BY_SOCKET manual.
[LOG_CAT_SBGP] libnuma.so: cannot open shared object file: No such file or directory
[LOG_CAT_SBGP] Failed to dlopen libnuma.so. Fallback to GROUP_BY_SOCKET manual.
[LOG_CAT_SBGP] libnuma.so: cannot open shared object file: No such file or directory
[LOG_CAT_SBGP] Failed to dlopen libnuma.so. Fallback to GROUP_BY_SOCKET manual.
[LOG_CAT_SBGP] libnuma.so: cannot open shared object file: No such file or directory
[LOG_CAT_SBGP] Failed to dlopen libnuma.so. Fallback to GROUP_BY_SOCKET manual.
[LOG_CAT_SBGP] libnuma.so: cannot open shared object file: No such file or directory
[LOG_CAT_SBGP] Failed to dlopen libnuma.so. Fallback to GROUP_BY_SOCKET manual.
[LOG_CAT_SBGP] libnuma.so: cannot open shared object file: No such file or directory
[LOG_CAT_SBGP] Failed to dlopen libnuma.so. Fallback to GROUP_BY_SOCKET manual.
[LOG_CAT_SBGP] libnuma.so: cannot open shared object file: No such file or directory
[LOG_CAT_SBGP] Failed to dlopen libnuma.so. Fallback to GROUP_BY_SOCKET manual.
[LOG_CAT_SBGP] libnuma.so: cannot open shared object file: No such file or directory
[LOG_CAT_SBGP] Failed to dlopen libnuma.so. Fallback to GROUP_BY_SOCKET manual.
[LOG_CAT_SBGP] libnuma.so: cannot open shared object file: No such file or directory
[LOG_CAT_SBGP] Failed to dlopen libnuma.so. Fallback to GROUP_BY_SOCKET manual.
[LOG_CAT_SBGP] libnuma.so: cannot open shared object file: No such file or directory
[LOG_CAT_SBGP] Failed to dlopen libnuma.so. Fallback to GROUP_BY_SOCKET manual.
[LOG_CAT_SBGP] libnuma.so: cannot open shared object file: No such file or directory
[LOG_CAT_SBGP] Failed to dlopen libnuma.so. Fallback to GROUP_BY_SOCKET manual.
[LOG_CAT_SBGP] libnuma.so: cannot open shared object file: No such file or directory
[LOG_CAT_SBGP] Failed to dlopen libnuma.so. Fallback to GROUP_BY_SOCKET manual.
[LOG_CAT_SBGP] libnuma.so: cannot open shared object file: No such file or directory
[LOG_CAT_SBGP] Failed to dlopen libnuma.so. Fallback to GROUP_BY_SOCKET manual.
[LOG_CAT_SBGP] libnuma.so: cannot open shared object file: No such file or directory
[LOG_CAT_SBGP] Failed to dlopen libnuma.so. Fallback to GROUP_BY_SOCKET manual.
[LOG_CAT_SBGP] libnuma.so: cannot open shared object file: No such file or directory
[LOG_CAT_SBGP] Failed to dlopen libnuma.so. Fallback to GROUP_BY_SOCKET manual.
[LOG_CAT_SBGP] libnuma.so: cannot open shared object file: No such file or directory
[LOG_CAT_SBGP] Failed to dlopen libnuma.so. Fallback to GROUP_BY_SOCKET manual.
[LOG_CAT_SBGP] libnuma.so: cannot open shared object file: No such file or directory
[LOG_CAT_SBGP] Failed to dlopen libnuma.so. Fallback to GROUP_BY_SOCKET manual.
[LOG_CAT_SBGP] libnuma.so: cannot open shared object file: No such file or directory
[LOG_CAT_SBGP] Failed to dlopen libnuma.so. Fallback to GROUP_BY_SOCKET manual.
[LOG_CAT_SBGP] libnuma.so: cannot open shared object file: No such file or directory
[LOG_CAT_SBGP] Failed to dlopen libnuma.so. Fallback to GROUP_BY_SOCKET manual.
[LOG_CAT_SBGP] libnuma.so: cannot open shared object file: No such file or directory
[LOG_CAT_SBGP] Failed to dlopen libnuma.so. Fallback to GROUP_BY_SOCKET manual.
[LOG_CAT_SBGP] libnuma.so: cannot open shared object file: No such file or directory
[LOG_CAT_SBGP] Failed to dlopen libnuma.so. Fallback to GROUP_BY_SOCKET manual.
[LOG_CAT_SBGP] libnuma.so: cannot open shared object file: No such file or directory
[LOG_CAT_SBGP] Failed to dlopen libnuma.so. Fallback to GROUP_BY_SOCKET manual.
[LOG_CAT_SBGP] libnuma.so: cannot open shared object file: No such file or directory
[LOG_CAT_SBGP] Failed to dlopen libnuma.so. Fallback to GROUP_BY_SOCKET manual.
[LOG_CAT_SBGP] libnuma.so: cannot open shared object file: No such file or directory
[LOG_CAT_SBGP] Failed to dlopen libnuma.so. Fallback to GROUP_BY_SOCKET manual.
[LOG_CAT_SBGP] libnuma.so: cannot open shared object file: No such file or directory
[LOG_CAT_SBGP] Failed to dlopen libnuma.so. Fallback to GROUP_BY_SOCKET manual.
[LOG_CAT_SBGP] libnuma.so: cannot open shared object file: No such file or directory
[LOG_CAT_SBGP] Failed to dlopen libnuma.so. Fallback to GROUP_BY_SOCKET manual.
[LOG_CAT_SBGP] libnuma.so: cannot open shared object file: No such file or directory
[LOG_CAT_SBGP] Failed to dlopen libnuma.so. Fallback to GROUP_BY_SOCKET manual.
[LOG_CAT_SBGP] libnuma.so: cannot open shared object file: No such file or directory
[LOG_CAT_SBGP] Failed to dlopen libnuma.so. Fallback to GROUP_BY_SOCKET manual.
[LOG_CAT_SBGP] libnuma.so: cannot open shared object file: No such file or directory
[LOG_CAT_SBGP] Failed to dlopen libnuma.so. Fallback to GROUP_BY_SOCKET manual.
[LOG_CAT_SBGP] libnuma.so: cannot open shared object file: No such file or directory
[LOG_CAT_SBGP] Failed to dlopen libnuma.so. Fallback to GROUP_BY_SOCKET manual.
[LOG_CAT_SBGP] libnuma.so: cannot open shared object file: No such file or directory
[LOG_CAT_SBGP] Failed to dlopen libnuma.so. Fallback to GROUP_BY_SOCKET manual.
[LOG_CAT_SBGP] libnuma.so: cannot open shared object file: No such file or directory
[LOG_CAT_SBGP] Failed to dlopen libnuma.so. Fallback to GROUP_BY_SOCKET manual.
[LOG_CAT_SBGP] libnuma.so: cannot open shared object file: No such file or directory
[LOG_CAT_SBGP] Failed to dlopen libnuma.so. Fallback to GROUP_BY_SOCKET manual.
[LOG_CAT_SBGP] libnuma.so: cannot open shared object file: No such file or directory
[LOG_CAT_SBGP] Failed to dlopen libnuma.so. Fallback to GROUP_BY_SOCKET manual.
[LOG_CAT_SBGP] libnuma.so: cannot open shared object file: No such file or directory
[LOG_CAT_SBGP] Failed to dlopen libnuma.so. Fallback to GROUP_BY_SOCKET manual.
[LOG_CAT_SBGP] libnuma.so: cannot open shared object file: No such file or directory
[LOG_CAT_SBGP] Failed to dlopen libnuma.so. Fallback to GROUP_BY_SOCKET manual.
[LOG_CAT_SBGP] libnuma.so: cannot open shared object file: No such file or directory
[LOG_CAT_SBGP] Failed to dlopen libnuma.so. Fallback to GROUP_BY_SOCKET manual.
[LOG_CAT_SBGP] libnuma.so: cannot open shared object file: No such file or directory
[LOG_CAT_SBGP] Failed to dlopen libnuma.so. Fallback to GROUP_BY_SOCKET manual.
[LOG_CAT_SBGP] Failed to dlopen libnuma.so. Fallback to GROUP_BY_SOCKET manual.
[LOG_CAT_SBGP] libnuma.so: cannot open shared object file: No such file or directory
[LOG_CAT_SBGP] Failed to dlopen libnuma.so. Fallback to GROUP_BY_SOCKET manual.
SPARTA (27 Aug 2026)
KOKKOS mode is enabled (/hpc/data/cfd-students/nnoventa/sparta/src/KOKKOS/kokkos.cpp:50)
  requested 0 GPU(s) per node
  requested 1 thread(s) per MPI task
Running on 768 MPI task(s)
Created orthogonal box = (-0.002001 -1e-06 -1e-06) to (0.02801 0.003001 0.087501)
WARNING: Per-processor grid cell memory will be large because global gridcut < 0.0 (/hpc/data/cfd-students/nnoventa/sparta/src/grid.cpp:518)
Created 864000 child grid cells
  CPU time = 0.572583 secs
  create/ghost percent = 0.268056 99.7319
Balance grid migrated 862843 cells
  CPU time = 0.363488 secs
  reassign/sort/migrate/ghost percent = 83.9449 0.0120639 4.76286 11.2802
Reading surface file ...
  80998 triangles
  clipped to 80998 tris
  -0.002 0.028 xlo xhi
  0 0.003 ylo yhi
  0 0.0875 zlo zhi
  0.000245331 min triangle edge length
  3.15715e-08 min triangle area
  43848 0 = cells overlapping surfs, overlap cells with unmarked corner pts
  25 tiny edges removed
  269352 550800 43848 = cells outside/inside/overlapping surfs
  43848 = surf cells with 1,2,etc splits
  2.72343750000001e-06 2.7234375e-06 = cell-wise and global flow volume
  CPU time = 0.239508 secs
  read/check/sort/surf2grid/ghost/inout/particle percent = 42.3216 43.6802 0.588484 8.4905 4.91918 3.85729 0.0028809
  surf2grid time = 0.0203355 secs
  map/comm1/comm2/comm3/comm4/split percent = 3.67579 31.237 8.69758 2.38871 24.4222 23.0162
0 = initial surface count in group inlet
382 = final surface count in group inlet
0 = initial surface count in group outlet
690 = final surface count in group outlet
0 = initial surface count in group yminus
41336 = final surface count in group yminus
0 = initial surface count in group yplus
33810 = final surface count in group yplus
0 = initial surface count in group yplus_inlet
382 = final surface count in group yplus_inlet
0 = initial surface count in group yplus_inlet_wall
1314 = final surface count in group yplus_inlet_wall
0 = initial surface count in group yplus_outlet
718 = final surface count in group yplus_outlet
0 = initial surface count in group yplus_outlet_wall
1598 = final surface count in group yplus_outlet_wall
0 = initial surface count in group zminus
393 = final surface count in group zminus
0 = initial surface count in group zplus
375 = final surface count in group zplus
Creating particles ...
WARNING: Created unexpected # of particles: 119999541 versus 120000000 (/hpc/data/cfd-students/nnoventa/sparta/src/create_particles.cpp:445)
Created 119999541 particles
  CPU time = 0.170041 secs
Memory usage per proc in Mbytes:
  particles (ave,min,max) = 15.8205 0.00019455 44.5796
  grid      (ave,min,max) = 138.04 138.031 138.049
  surf      (ave,min,max) = 10.309 10.309 10.309
  modify    (ave,min,max) = 0.291824 0.291824 0.291824
  total     (ave,min,max) = 164.461 148.632 193.227
Step CPU T/CPU S/CPU Dt Np Natt Ncoll Nbound Nexit c_temp 
       0            0            0            0        3e-09 119999541        0        0        0        0    299.97403 
     100    2.7902486 1.0751712e-07     35.83902        3e-09 117879462  1748840   929794        0        0    297.74205 
     200     5.556767 1.0843963e-07    36.146545        3e-09 115517127  1739061   896635        0        0    296.09278 
     300    7.9890724 1.233398e-07    41.113274        3e-09 113126665  1703311   864089        0        0    294.72739 
     400    10.444344 1.2218595e-07    40.728651        3e-09 110743178  1657753   829015        0        0    293.61444 
     500    12.725224 1.3152829e-07    43.842761        3e-09 108374475  1609549   799305        0        0    292.79329 
     600    14.863724 1.4028529e-07    46.761766        3e-09 106041727  1559643   768369        0        0    292.23301 
     700    16.874606 1.4918817e-07    49.729391        3e-09 103754930  1511384   740213        0        0    291.83589 
     800    18.781343 1.5733677e-07     52.44559        3e-09 101528615  1465419   715276        0        0    291.53677 
     900    20.543832 1.7021396e-07    56.737991        3e-09 99380999  1422875   690826        0        0     291.3408 
    1000    22.199073 1.8124236e-07    60.414121        3e-09 97323959  1383659   670011        0        0    291.25717 
Loop time of 22.1992 on 768 procs for 1000 steps with 97323959 particles
Performance: 45.047 timesteps/s, 4.384 Gparticle-step/s

MPI task timing breakdown:
Section |  min time  |  avg time  |  max time  |%varavg| %total
---------------------------------------------------------------
Move    | 0.012148   | 3.1805     | 12.118     | 139.4 | 14.33
Coll    | 0.011633   | 1.0425     | 3.0792     |  81.0 |  4.70
Sort    | 0.00072501 | 1.0103     | 3.5785     |  91.5 |  4.55
Comm    | 0.59824    | 0.70616    | 0.94412    |   9.5 |  3.18
Modify  | 1.8091     | 6.3432     | 8.3707     |  67.8 | 28.57
Output  | 0.013749   | 0.066007   | 0.08682    |   7.0 |  0.30
MPI Sync| 0.93595    | 9.8497     | 13.12      |  79.8 | 44.37
Other   |            | 0.0008224  |            |       |  0.00

Particle moves    = 108492346014 (108B)
Cells touched     = 121277716707 (121B)
Particle comms    = 1302950709 (1.3B)
Boundary collides = 0 (0K)
Boundary exits    = 0 (0K)
SurfColl checks   = 81364045327 (81.4B)
SurfColl occurs   = 337201802 (337M)
Surf reactions    = 0 (0K)
Collide attempts  = 1591799937 (1.59B)
Collide occurs    = 804276244 (804M)
Gas reactions     = 0 (0K)
Particles stuck   = 0
Axisymm bad moves = 0

Particle-moves/CPUsec/proc: 6.36357e+06
Particle-moves/step: 1.08492e+08
Cell-touches/particle/step: 1.11785
Particle comm iterations/step: 3.019
Particle fraction communicated: 0.0120096
Particle fraction colliding with boundary: 0
Particle fraction exiting boundary: 0
Surface-checks/particle/step: 0.749952
Surface-collisions/particle/step: 0.00310807
Surface-reactions/particle/step: 0
Collision-attempts/particle/step: 0.014672
Collisions/particle/step: 0.00741321
Gas-reactions/particle/step: 0

Particles: 126724 ave 278421 max 0 min
Histogram: 189 8 24 229 1 0 12 213 60 32
Cells:     1125 ave 1125 max 1125 min
Histogram: 768 0 0 0 0 0 0 0 0 0
GhostCell: 2575.89 ave 4875 max 888 min
Histogram: 27 23 103 147 250 156 45 0 16 1
EmptyCell: 1993.8 ave 3120 max 813 min
Histogram: 14 20 31 106 187 222 118 51 18 1
Surfs:     80998 ave 80998 max 80998 min
Histogram: 768 0 0 0 0 0 0 0 0 0
GhostSurf: 0 ave 0 max 0 min
Histogram: 768 0 0 0 0 0 0 0 0 0
sparta exit status: 0
