timestamp, index, utilization.gpu [%], utilization.memory [%], memory.used [MiB], power.draw [W]
2026/09/24 13:50:17.433, 0, 0 %, 0 %, 107 MiB, 41.98 W
2026/09/24 13:50:17.434, 1, 0 %, 0 %, 107 MiB, 41.98 W
2026/09/24 13:50:17.436, 2, 0 %, 0 %, 107 MiB, 44.99 W
2026/09/24 13:50:17.437, 3, 0 %, 0 %, 107 MiB, 42.01 W
2026/09/24 13:50:18.439, 0, 2 %, 0 %, 421 MiB, 58.90 W
2026/09/24 13:50:18.440, 1, 2 %, 0 %, 421 MiB, 58.37 W
2026/09/24 13:50:18.441, 2, 0 %, 0 %, 421 MiB, 61.45 W
2026/09/24 13:50:18.442, 3, 2 %, 0 %, 421 MiB, 58.41 W
2026/09/24 13:50:19.445, 0, 0 %, 0 %, 429 MiB, 58.90 W
2026/09/24 13:50:19.446, 1, 0 %, 0 %, 429 MiB, 58.37 W
2026/09/24 13:50:19.447, 2, 0 %, 0 %, 429 MiB, 61.45 W
2026/09/24 13:50:19.448, 3, 0 %, 0 %, 429 MiB, 58.45 W
2026/09/24 13:50:20.451, 0, 26 %, 2 %, 611 MiB, 59.38 W
2026/09/24 13:50:20.452, 1, 26 %, 2 %, 611 MiB, 58.86 W
2026/09/24 13:50:20.453, 2, 25 %, 2 %, 611 MiB, 62.42 W
2026/09/24 13:50:20.454, 3, 26 %, 2 %, 713 MiB, 59.42 W
2026/09/24 13:50:21.457, 0, 27 %, 2 %, 955 MiB, 63.23 W
2026/09/24 13:50:21.458, 1, 27 %, 2 %, 955 MiB, 59.79 W
2026/09/24 13:50:21.459, 2, 25 %, 2 %, 955 MiB, 63.88 W
2026/09/24 13:50:21.461, 3, 25 %, 2 %, 717 MiB, 59.38 W
2026/09/24 13:50:22.463, 0, 23 %, 1 %, 1167 MiB, 59.38 W
2026/09/24 13:50:22.465, 1, 28 %, 2 %, 1167 MiB, 58.82 W
2026/09/24 13:50:22.466, 2, 26 %, 2 %, 1167 MiB, 61.94 W
2026/09/24 13:50:22.467, 3, 24 %, 1 %, 1167 MiB, 58.90 W
2026/09/24 13:50:23.469, 0, 29 %, 3 %, 1385 MiB, 59.38 W
2026/09/24 13:50:23.470, 1, 33 %, 3 %, 1385 MiB, 58.82 W
2026/09/24 13:50:23.471, 2, 25 %, 2 %, 1385 MiB, 61.94 W
2026/09/24 13:50:23.472, 3, 31 %, 3 %, 1385 MiB, 58.90 W
2026/09/24 13:50:24.475, 0, 31 %, 2 %, 1061 MiB, 59.83 W
2026/09/24 13:50:24.476, 1, 27 %, 1 %, 1061 MiB, 59.31 W
2026/09/24 13:50:24.478, 2, 20 %, 1 %, 1061 MiB, 62.38 W
2026/09/24 13:50:24.479, 3, 26 %, 2 %, 1061 MiB, 59.38 W
2026/09/24 13:50:25.482, 0, 25 %, 1 %, 1179 MiB, 59.35 W
2026/09/24 13:50:25.483, 1, 31 %, 2 %, 1179 MiB, 59.31 W
2026/09/24 13:50:25.484, 2, 20 %, 2 %, 1179 MiB, 62.38 W
2026/09/24 13:50:25.485, 3, 29 %, 2 %, 1179 MiB, 59.38 W
2026/09/24 13:50:26.487, 0, 31 %, 3 %, 2069 MiB, 59.35 W
2026/09/24 13:50:26.488, 1, 28 %, 3 %, 2069 MiB, 59.35 W
2026/09/24 13:50:26.489, 2, 21 %, 1 %, 2069 MiB, 61.89 W
2026/09/24 13:50:26.492, 3, 25 %, 3 %, 2069 MiB, 58.94 W
2026/09/24 13:50:27.494, 0, 28 %, 2 %, 1403 MiB, 59.83 W
2026/09/24 13:50:27.495, 1, 26 %, 2 %, 1403 MiB, 59.31 W
2026/09/24 13:50:27.496, 2, 16 %, 2 %, 1403 MiB, 62.38 W
2026/09/24 13:50:27.497, 3, 21 %, 2 %, 1403 MiB, 59.38 W
2026/09/24 13:50:28.500, 0, 26 %, 1 %, 2587 MiB, 67.11 W
2026/09/24 13:50:28.501, 1, 33 %, 2 %, 2587 MiB, 59.79 W
2026/09/24 13:50:28.502, 2, 38 %, 2 %, 2587 MiB, 64.37 W
2026/09/24 13:50:28.503, 3, 38 %, 2 %, 2587 MiB, 59.38 W
2026/09/24 13:50:29.505, 0, 39 %, 2 %, 2797 MiB, 59.87 W
2026/09/24 13:50:29.506, 1, 39 %, 5 %, 2797 MiB, 58.86 W
2026/09/24 13:50:29.508, 2, 31 %, 5 %, 2797 MiB, 62.42 W
2026/09/24 13:50:29.509, 3, 35 %, 5 %, 2797 MiB, 58.90 W
2026/09/24 13:50:30.512, 0, 41 %, 5 %, 3027 MiB, 60.32 W
2026/09/24 13:50:30.513, 1, 39 %, 5 %, 3027 MiB, 59.35 W
2026/09/24 13:50:30.514, 2, 31 %, 5 %, 3027 MiB, 62.42 W
2026/09/24 13:50:30.515, 3, 32 %, 5 %, 3027 MiB, 58.90 W
2026/09/24 13:50:31.517, 0, 39 %, 2 %, 3279 MiB, 61.77 W
2026/09/24 13:50:31.519, 1, 38 %, 2 %, 3279 MiB, 59.31 W
2026/09/24 13:50:31.520, 2, 40 %, 6 %, 3279 MiB, 62.42 W
2026/09/24 13:50:31.521, 3, 40 %, 6 %, 3279 MiB, 58.94 W
2026/09/24 13:50:32.524, 0, 11 %, 1 %, 1955 MiB, 60.80 W
2026/09/24 13:50:32.525, 1, 23 %, 1 %, 1955 MiB, 59.31 W
2026/09/24 13:50:32.526, 2, 35 %, 2 %, 1955 MiB, 62.38 W
2026/09/24 13:50:32.527, 3, 38 %, 2 %, 1955 MiB, 59.38 W
2026/09/24 13:50:33.530, 0, 41 %, 3 %, 2101 MiB, 61.81 W
2026/09/24 13:50:33.531, 1, 33 %, 3 %, 2101 MiB, 58.86 W
2026/09/24 13:50:33.532, 2, 28 %, 3 %, 2101 MiB, 61.94 W
2026/09/24 13:50:33.533, 3, 6 %, 1 %, 2101 MiB, 59.42 W
2026/09/24 13:50:34.535, 0, 24 %, 1 %, 3863 MiB, 62.26 W
2026/09/24 13:50:34.537, 1, 25 %, 1 %, 3863 MiB, 58.82 W
2026/09/24 13:50:34.539, 2, 21 %, 1 %, 3863 MiB, 61.94 W
2026/09/24 13:50:34.540, 3, 21 %, 1 %, 3863 MiB, 58.90 W
2026/09/24 13:50:35.542, 0, 39 %, 2 %, 4199 MiB, 62.30 W
2026/09/24 13:50:35.543, 1, 37 %, 7 %, 4199 MiB, 59.31 W
2026/09/24 13:50:35.544, 2, 35 %, 7 %, 4199 MiB, 62.42 W
2026/09/24 13:50:35.545, 3, 27 %, 6 %, 4199 MiB, 58.90 W
2026/09/24 13:50:36.547, 0, 31 %, 4 %, 2437 MiB, 61.77 W
2026/09/24 13:50:36.550, 1, 0 %, 0 %, 2437 MiB, 62.70 W
2026/09/24 13:50:36.551, 2, 0 %, 0 %, 2437 MiB, 62.87 W
2026/09/24 13:50:36.552, 3, 8 %, 0 %, 2437 MiB, 66.18 W
2026/09/24 13:50:37.554, 0, 24 %, 1 %, 4569 MiB, 62.26 W
2026/09/24 13:50:37.555, 1, 25 %, 1 %, 4569 MiB, 63.19 W
2026/09/24 13:50:37.556, 2, 21 %, 1 %, 4569 MiB, 63.40 W
2026/09/24 13:50:37.557, 3, 21 %, 1 %, 4569 MiB, 66.18 W
2026/09/24 13:50:38.559, 0, 23 %, 1 %, 2631 MiB, 62.70 W
2026/09/24 13:50:38.561, 1, 38 %, 2 %, 2631 MiB, 71.82 W
2026/09/24 13:50:38.563, 2, 38 %, 2 %, 2631 MiB, 68.17 W
2026/09/24 13:50:38.564, 3, 38 %, 2 %, 2631 MiB, 71.00 W
2026/09/24 13:50:39.566, 0, 24 %, 1 %, 4975 MiB, 62.26 W
2026/09/24 13:50:39.567, 1, 25 %, 1 %, 4975 MiB, 70.90 W
2026/09/24 13:50:39.568, 2, 21 %, 1 %, 4975 MiB, 68.22 W
2026/09/24 13:50:39.569, 3, 21 %, 1 %, 2843 MiB, 71.97 W
2026/09/24 13:50:40.571, 0, 39 %, 2 %, 2843 MiB, 62.70 W
2026/09/24 13:50:40.572, 1, 38 %, 2 %, 2843 MiB, 71.82 W
2026/09/24 13:50:40.573, 2, 38 %, 2 %, 2843 MiB, 74.98 W
2026/09/24 13:50:40.575, 3, 38 %, 2 %, 5423 MiB, 83.51 W
2026/09/24 13:50:41.577, 0, 24 %, 1 %, 5423 MiB, 62.22 W
2026/09/24 13:50:41.580, 1, 25 %, 1 %, 5423 MiB, 71.39 W
2026/09/24 13:50:41.581, 2, 21 %, 1 %, 5423 MiB, 74.54 W
2026/09/24 13:50:41.582, 3, 21 %, 1 %, 3079 MiB, 71.00 W
2026/09/24 13:50:42.584, 0, 39 %, 2 %, 3079 MiB, 68.52 W
2026/09/24 13:50:42.585, 1, 38 %, 2 %, 3079 MiB, 71.82 W
2026/09/24 13:50:42.586, 2, 38 %, 2 %, 3079 MiB, 74.98 W
2026/09/24 13:50:42.587, 3, 38 %, 2 %, 3079 MiB, 70.95 W
2026/09/24 13:50:43.590, 0, 24 %, 1 %, 5915 MiB, 68.04 W
2026/09/24 13:50:43.591, 1, 25 %, 1 %, 5915 MiB, 71.39 W
2026/09/24 13:50:43.592, 2, 21 %, 1 %, 5915 MiB, 74.49 W
2026/09/24 13:50:43.594, 3, 21 %, 1 %, 5915 MiB, 70.51 W
2026/09/24 13:50:44.596, 0, 0 %, 0 %, 3335 MiB, 72.36 W
2026/09/24 13:50:44.597, 1, 3 %, 0 %, 3335 MiB, 71.82 W
2026/09/24 13:50:44.598, 2, 8 %, 0 %, 3335 MiB, 74.98 W
2026/09/24 13:50:44.599, 3, 39 %, 2 %, 3335 MiB, 70.95 W
2026/09/24 13:50:45.601, 0, 24 %, 1 %, 6455 MiB, 71.92 W
2026/09/24 13:50:45.602, 1, 25 %, 1 %, 6455 MiB, 71.34 W
2026/09/24 13:50:45.604, 2, 21 %, 1 %, 6455 MiB, 74.49 W
2026/09/24 13:50:45.605, 3, 21 %, 1 %, 6455 MiB, 70.46 W
2026/09/24 13:50:46.607, 0, 12 %, 2 %, 3619 MiB, 71.43 W
2026/09/24 13:50:46.608, 1, 58 %, 6 %, 3619 MiB, 70.90 W
2026/09/24 13:50:46.609, 2, 52 %, 6 %, 3619 MiB, 74.05 W
2026/09/24 13:50:46.610, 3, 0 %, 0 %, 3619 MiB, 70.03 W
2026/09/24 13:50:47.612, 0, 39 %, 2 %, 3619 MiB, 72.36 W
2026/09/24 13:50:47.613, 1, 38 %, 2 %, 3619 MiB, 71.82 W
2026/09/24 13:50:47.615, 2, 38 %, 2 %, 3619 MiB, 74.98 W
2026/09/24 13:50:47.616, 3, 39 %, 12 %, 7051 MiB, 70.46 W
2026/09/24 13:50:48.618, 0, 24 %, 1 %, 7051 MiB, 71.87 W
2026/09/24 13:50:48.619, 1, 25 %, 1 %, 7051 MiB, 71.92 W
2026/09/24 13:50:48.620, 2, 21 %, 1 %, 7051 MiB, 74.49 W
2026/09/24 13:50:48.621, 3, 21 %, 1 %, 7051 MiB, 70.46 W
2026/09/24 13:50:49.623, 0, 0 %, 0 %, 3931 MiB, 71.43 W
2026/09/24 13:50:49.624, 1, 0 %, 0 %, 3931 MiB, 71.39 W
2026/09/24 13:50:49.626, 2, 0 %, 0 %, 3931 MiB, 74.01 W
2026/09/24 13:50:49.627, 3, 15 %, 1 %, 3931 MiB, 71.00 W
2026/09/24 13:50:50.629, 0, 25 %, 1 %, 7707 MiB, 71.97 W
2026/09/24 13:50:50.632, 1, 39 %, 2 %, 7707 MiB, 71.39 W
2026/09/24 13:50:50.633, 2, 44 %, 13 %, 7707 MiB, 75.03 W
2026/09/24 13:50:50.634, 3, 21 %, 1 %, 7707 MiB, 70.46 W
2026/09/24 13:50:51.637, 0, 24 %, 1 %, 7707 MiB, 71.92 W
2026/09/24 13:50:51.638, 1, 25 %, 1 %, 7707 MiB, 71.39 W
2026/09/24 13:50:51.639, 2, 20 %, 1 %, 7707 MiB, 74.49 W
2026/09/24 13:50:51.641, 3, 21 %, 1 %, 7707 MiB, 71.00 W
2026/09/24 13:50:52.643, 0, 0 %, 0 %, 4275 MiB, 72.40 W
2026/09/24 13:50:52.644, 1, 0 %, 0 %, 4275 MiB, 71.39 W
2026/09/24 13:50:52.645, 2, 0 %, 0 %, 4275 MiB, 74.01 W
2026/09/24 13:50:52.646, 3, 17 %, 1 %, 4275 MiB, 71.43 W
2026/09/24 13:50:53.655, 0, 43 %, 10 %, 8427 MiB, 72.36 W
2026/09/24 13:50:53.656, 1, 39 %, 2 %, 8427 MiB, 101.66 W
2026/09/24 13:50:53.658, 2, 38 %, 2 %, 8427 MiB, 84.16 W
2026/09/24 13:50:53.659, 3, 20 %, 1 %, 8427 MiB, 70.95 W
2026/09/24 13:50:54.661, 0, 24 %, 1 %, 8427 MiB, 72.40 W
2026/09/24 13:50:54.662, 1, 25 %, 1 %, 8427 MiB, 71.82 W
2026/09/24 13:50:54.663, 2, 20 %, 1 %, 8427 MiB, 74.98 W
2026/09/24 13:50:54.665, 3, 21 %, 1 %, 8427 MiB, 71.00 W
2026/09/24 13:50:55.668, 0, 0 %, 0 %, 4651 MiB, 71.92 W
2026/09/24 13:50:55.669, 1, 47 %, 6 %, 4651 MiB, 71.39 W
2026/09/24 13:50:55.670, 2, 0 %, 0 %, 4651 MiB, 74.49 W
2026/09/24 13:50:55.671, 3, 0 %, 0 %, 4651 MiB, 70.51 W
2026/09/24 13:50:56.673, 0, 39 %, 2 %, 4651 MiB, 72.84 W
2026/09/24 13:50:56.674, 1, 38 %, 2 %, 4651 MiB, 72.31 W
2026/09/24 13:50:56.675, 2, 38 %, 2 %, 4651 MiB, 75.46 W
2026/09/24 13:50:56.676, 3, 38 %, 2 %, 4651 MiB, 71.43 W
2026/09/24 13:50:57.679, 0, 24 %, 1 %, 9219 MiB, 72.40 W
2026/09/24 13:50:57.680, 1, 25 %, 1 %, 9219 MiB, 71.87 W
2026/09/24 13:50:57.681, 2, 21 %, 1 %, 9219 MiB, 74.98 W
2026/09/24 13:50:57.682, 3, 21 %, 1 %, 9219 MiB, 71.00 W
2026/09/24 13:50:58.684, 0, 24 %, 1 %, 5067 MiB, 74.83 W
2026/09/24 13:50:58.685, 1, 25 %, 1 %, 9219 MiB, 71.87 W
2026/09/24 13:50:58.686, 2, 21 %, 1 %, 9219 MiB, 74.98 W
2026/09/24 13:50:58.688, 3, 22 %, 1 %, 5067 MiB, 71.48 W
2026/09/24 13:50:59.690, 0, 24 %, 1 %, 5067 MiB, 72.89 W
2026/09/24 13:50:59.691, 1, 0 %, 0 %, 5067 MiB, 71.34 W
2026/09/24 13:50:59.692, 2, 0 %, 0 %, 5067 MiB, 74.49 W
2026/09/24 13:50:59.693, 3, 39 %, 2 %, 5067 MiB, 71.43 W
2026/09/24 13:51:00.696, 0, 42 %, 16 %, 10091 MiB, 72.36 W
2026/09/24 13:51:00.697, 1, 39 %, 2 %, 5067 MiB, 72.31 W
2026/09/24 13:51:00.698, 2, 38 %, 2 %, 5067 MiB, 75.46 W
2026/09/24 13:51:00.700, 3, 33 %, 16 %, 10091 MiB, 70.95 W
2026/09/24 13:51:01.702, 0, 24 %, 1 %, 10091 MiB, 72.40 W
2026/09/24 13:51:01.703, 1, 25 %, 1 %, 10091 MiB, 71.39 W
2026/09/24 13:51:01.704, 2, 21 %, 1 %, 10091 MiB, 74.49 W
2026/09/24 13:51:01.705, 3, 21 %, 1 %, 10091 MiB, 71.00 W
2026/09/24 13:51:02.707, 0, 37 %, 3 %, 5523 MiB, 71.92 W
2026/09/24 13:51:02.709, 1, 25 %, 1 %, 10091 MiB, 71.82 W
2026/09/24 13:51:02.710, 2, 20 %, 1 %, 10091 MiB, 74.98 W
2026/09/24 13:51:02.711, 3, 67 %, 8 %, 5523 MiB, 70.51 W
2026/09/24 13:51:03.713, 0, 26 %, 1 %, 5523 MiB, 72.89 W
2026/09/24 13:51:03.714, 1, 0 %, 0 %, 5523 MiB, 71.34 W
2026/09/24 13:51:03.715, 2, 0 %, 0 %, 5523 MiB, 74.49 W
2026/09/24 13:51:03.716, 3, 39 %, 2 %, 5523 MiB, 71.43 W
2026/09/24 13:51:04.718, 0, 39 %, 2 %, 11051 MiB, 72.89 W
2026/09/24 13:51:04.720, 1, 38 %, 2 %, 5523 MiB, 72.36 W
2026/09/24 13:51:04.721, 2, 38 %, 2 %, 5523 MiB, 75.46 W
2026/09/24 13:51:04.722, 3, 43 %, 11 %, 11051 MiB, 70.95 W
2026/09/24 13:51:05.724, 0, 24 %, 1 %, 11051 MiB, 72.40 W
2026/09/24 13:51:05.725, 1, 25 %, 1 %, 11051 MiB, 71.82 W
2026/09/24 13:51:05.726, 2, 21 %, 1 %, 11051 MiB, 74.98 W
2026/09/24 13:51:05.729, 3, 21 %, 1 %, 11051 MiB, 71.00 W
2026/09/24 13:51:06.731, 0, 24 %, 1 %, 11051 MiB, 72.40 W
2026/09/24 13:51:06.732, 1, 25 %, 1 %, 11051 MiB, 71.82 W
2026/09/24 13:51:06.733, 2, 21 %, 1 %, 11051 MiB, 75.03 W
2026/09/24 13:51:06.734, 3, 21 %, 1 %, 11051 MiB, 70.95 W
2026/09/24 13:51:07.736, 0, 0 %, 0 %, 6027 MiB, 71.92 W
2026/09/24 13:51:07.737, 1, 0 %, 0 %, 6027 MiB, 71.39 W
2026/09/24 13:51:07.739, 2, 0 %, 0 %, 6027 MiB, 74.49 W
2026/09/24 13:51:07.740, 3, 0 %, 0 %, 6027 MiB, 70.51 W
2026/09/24 13:51:08.742, 0, 39 %, 2 %, 6027 MiB, 72.84 W
2026/09/24 13:51:08.745, 1, 38 %, 2 %, 6027 MiB, 72.31 W
2026/09/24 13:51:08.746, 2, 38 %, 2 %, 6027 MiB, 75.46 W
2026/09/24 13:51:08.747, 3, 38 %, 2 %, 6027 MiB, 71.43 W
2026/09/24 13:51:09.749, 0, 24 %, 1 %, 12107 MiB, 72.36 W
2026/09/24 13:51:09.750, 1, 25 %, 1 %, 12107 MiB, 71.82 W
2026/09/24 13:51:09.751, 2, 25 %, 9 %, 12107 MiB, 74.98 W
2026/09/24 13:51:09.752, 3, 21 %, 1 %, 12107 MiB, 71.00 W
2026/09/24 13:51:10.754, 0, 24 %, 1 %, 12107 MiB, 72.36 W
2026/09/24 13:51:10.756, 1, 25 %, 1 %, 12107 MiB, 71.87 W
2026/09/24 13:51:10.757, 2, 21 %, 1 %, 12107 MiB, 74.98 W
2026/09/24 13:51:10.758, 3, 21 %, 1 %, 12107 MiB, 70.95 W
2026/09/24 13:51:11.760, 0, 86 %, 12 %, 6579 MiB, 71.92 W
2026/09/24 13:51:11.761, 1, 26 %, 1 %, 12107 MiB, 71.87 W
2026/09/24 13:51:11.762, 2, 21 %, 1 %, 12107 MiB, 74.98 W
2026/09/24 13:51:11.763, 3, 56 %, 6 %, 6579 MiB, 70.51 W
2026/09/24 13:51:12.765, 0, 22 %, 1 %, 6579 MiB, 72.89 W
2026/09/24 13:51:12.767, 1, 0 %, 0 %, 6579 MiB, 71.34 W
2026/09/24 13:51:12.768, 2, 0 %, 0 %, 6579 MiB, 74.49 W
2026/09/24 13:51:12.769, 3, 0 %, 0 %, 6579 MiB, 71.43 W
2026/09/24 13:51:13.772, 0, 39 %, 2 %, 6579 MiB, 72.84 W
2026/09/24 13:51:13.773, 1, 38 %, 2 %, 6579 MiB, 72.31 W
2026/09/24 13:51:13.774, 2, 38 %, 2 %, 6579 MiB, 75.46 W
2026/09/24 13:51:13.775, 3, 38 %, 2 %, 6579 MiB, 71.43 W
2026/09/24 13:51:14.777, 0, 25 %, 1 %, 13267 MiB, 72.94 W
2026/09/24 13:51:14.778, 1, 25 %, 1 %, 13267 MiB, 71.82 W
2026/09/24 13:51:14.780, 2, 26 %, 10 %, 13267 MiB, 74.98 W
2026/09/24 13:51:14.781, 3, 21 %, 1 %, 13267 MiB, 70.95 W
2026/09/24 13:51:15.783, 0, 24 %, 1 %, 13267 MiB, 72.89 W
2026/09/24 13:51:15.785, 1, 25 %, 1 %, 13267 MiB, 71.82 W
2026/09/24 13:51:15.786, 2, 21 %, 1 %, 13267 MiB, 74.98 W
2026/09/24 13:51:15.787, 3, 21 %, 1 %, 13267 MiB, 71.00 W
2026/09/24 13:51:16.790, 0, 25 %, 1 %, 7187 MiB, 61.77 W
2026/09/24 13:51:16.791, 1, 26 %, 1 %, 13267 MiB, 71.87 W
2026/09/24 13:51:16.792, 2, 21 %, 1 %, 13267 MiB, 75.46 W
2026/09/24 13:51:16.793, 3, 21 %, 1 %, 7187 MiB, 73.91 W
2026/09/24 13:51:17.795, 0, 0 %, 0 %, 7187 MiB, 65.17 W
2026/09/24 13:51:17.796, 1, 0 %, 0 %, 7187 MiB, 71.39 W
2026/09/24 13:51:17.798, 2, 0 %, 0 %, 7187 MiB, 74.49 W
2026/09/24 13:51:17.799, 3, 0 %, 0 %, 7187 MiB, 70.51 W
2026/09/24 13:51:18.801, 0, 39 %, 2 %, 7187 MiB, 66.10 W
2026/09/24 13:51:18.802, 1, 38 %, 2 %, 7187 MiB, 72.31 W
2026/09/24 13:51:18.804, 2, 38 %, 2 %, 7187 MiB, 75.46 W
2026/09/24 13:51:18.805, 3, 38 %, 2 %, 7187 MiB, 71.43 W
2026/09/24 13:51:19.807, 0, 25 %, 1 %, 14543 MiB, 65.61 W
2026/09/24 13:51:19.808, 1, 39 %, 2 %, 7187 MiB, 72.31 W
2026/09/24 13:51:19.809, 2, 38 %, 2 %, 7187 MiB, 75.46 W
2026/09/24 13:51:19.810, 3, 33 %, 19 %, 14543 MiB, 70.95 W
2026/09/24 13:51:20.812, 0, 24 %, 1 %, 14543 MiB, 65.61 W
2026/09/24 13:51:20.813, 1, 25 %, 1 %, 14543 MiB, 71.87 W
2026/09/24 13:51:20.814, 2, 21 %, 1 %, 14543 MiB, 75.51 W
2026/09/24 13:51:20.816, 3, 21 %, 1 %, 14543 MiB, 71.00 W
2026/09/24 13:51:21.818, 0, 24 %, 1 %, 14543 MiB, 65.66 W
2026/09/24 13:51:21.819, 1, 25 %, 1 %, 14543 MiB, 71.92 W
2026/09/24 13:51:21.820, 2, 21 %, 1 %, 14543 MiB, 75.51 W
2026/09/24 13:51:21.821, 3, 21 %, 1 %, 14543 MiB, 70.95 W
2026/09/24 13:51:22.824, 0, 12 %, 2 %, 7855 MiB, 71.97 W
2026/09/24 13:51:22.825, 1, 26 %, 1 %, 14543 MiB, 59.79 W
2026/09/24 13:51:22.826, 2, 20 %, 1 %, 14543 MiB, 75.03 W
2026/09/24 13:51:22.827, 3, 11 %, 1 %, 7855 MiB, 66.18 W
2026/09/24 13:51:23.829, 0, 0 %, 0 %, 7855 MiB, 72.89 W
2026/09/24 13:51:23.830, 1, 0 %, 0 %, 7855 MiB, 71.39 W
2026/09/24 13:51:23.831, 2, 0 %, 0 %, 7855 MiB, 74.49 W
2026/09/24 13:51:23.832, 3, 0 %, 0 %, 7855 MiB, 66.14 W
2026/09/24 13:51:24.834, 0, 39 %, 2 %, 7855 MiB, 72.89 W
2026/09/24 13:51:24.836, 1, 38 %, 2 %, 7855 MiB, 72.31 W
2026/09/24 13:51:24.837, 2, 38 %, 2 %, 7855 MiB, 75.46 W
2026/09/24 13:51:24.838, 3, 38 %, 2 %, 7855 MiB, 67.07 W
2026/09/24 13:51:25.840, 0, 25 %, 1 %, 15947 MiB, 72.84 W
2026/09/24 13:51:25.842, 1, 39 %, 2 %, 7855 MiB, 72.26 W
2026/09/24 13:51:25.843, 2, 38 %, 2 %, 7855 MiB, 75.41 W
2026/09/24 13:51:25.844, 3, 20 %, 1 %, 15947 MiB, 70.95 W
2026/09/24 13:51:26.846, 0, 24 %, 1 %, 15947 MiB, 72.40 W
2026/09/24 13:51:26.847, 1, 25 %, 1 %, 15947 MiB, 71.87 W
2026/09/24 13:51:26.848, 2, 21 %, 1 %, 15947 MiB, 75.51 W
2026/09/24 13:51:26.849, 3, 21 %, 1 %, 15947 MiB, 70.95 W
2026/09/24 13:51:27.851, 0, 24 %, 1 %, 15947 MiB, 72.94 W
2026/09/24 13:51:27.854, 1, 25 %, 1 %, 15947 MiB, 71.82 W
2026/09/24 13:51:27.855, 2, 21 %, 1 %, 15947 MiB, 74.98 W
2026/09/24 13:51:27.857, 3, 21 %, 1 %, 15947 MiB, 70.95 W
2026/09/24 13:51:28.860, 0, 94 %, 13 %, 8591 MiB, 72.89 W
2026/09/24 13:51:28.862, 1, 26 %, 1 %, 15947 MiB, 72.31 W
2026/09/24 13:51:28.863, 2, 21 %, 1 %, 15947 MiB, 74.98 W
2026/09/24 13:51:28.864, 3, 23 %, 1 %, 8591 MiB, 73.37 W
2026/09/24 13:51:29.866, 0, 0 %, 0 %, 8591 MiB, 72.40 W
2026/09/24 13:51:29.871, 1, 0 %, 0 %, 8591 MiB, 71.39 W
2026/09/24 13:51:29.872, 2, 58 %, 8 %, 8591 MiB, 74.49 W
2026/09/24 13:51:29.873, 3, 0 %, 0 %, 8591 MiB, 70.51 W
2026/09/24 13:51:30.875, 0, 40 %, 2 %, 8591 MiB, 73.37 W
2026/09/24 13:51:30.877, 1, 0 %, 0 %, 8591 MiB, 71.34 W
2026/09/24 13:51:30.878, 2, 0 %, 0 %, 8591 MiB, 74.49 W
2026/09/24 13:51:30.879, 3, 39 %, 2 %, 8591 MiB, 71.92 W
2026/09/24 13:51:31.881, 0, 39 %, 2 %, 8591 MiB, 73.33 W
2026/09/24 13:51:31.883, 1, 38 %, 2 %, 8591 MiB, 72.31 W
2026/09/24 13:51:31.884, 2, 38 %, 2 %, 8591 MiB, 75.46 W
2026/09/24 13:51:31.886, 3, 38 %, 2 %, 8591 MiB, 71.92 W
2026/09/24 13:51:32.889, 0, 25 %, 1 %, 17493 MiB, 72.75 W
2026/09/24 13:51:32.890, 1, 39 %, 2 %, 17493 MiB, 159.05 W
2026/09/24 13:51:32.892, 2, 38 %, 2 %, 17493 MiB, 75.36 W
2026/09/24 13:51:32.893, 3, 21 %, 1 %, 17493 MiB, 71.34 W
2026/09/24 13:51:33.896, 0, 24 %, 1 %, 17493 MiB, 72.84 W
2026/09/24 13:51:33.897, 1, 25 %, 1 %, 17493 MiB, 72.31 W
2026/09/24 13:51:33.898, 2, 21 %, 1 %, 17493 MiB, 74.98 W
2026/09/24 13:51:33.899, 3, 21 %, 1 %, 17493 MiB, 71.48 W
2026/09/24 13:51:34.901, 0, 24 %, 1 %, 17493 MiB, 72.84 W
2026/09/24 13:51:34.902, 1, 24 %, 1 %, 17493 MiB, 71.82 W
2026/09/24 13:51:34.903, 2, 21 %, 1 %, 17493 MiB, 75.46 W
2026/09/24 13:51:34.905, 3, 21 %, 1 %, 17493 MiB, 71.43 W
2026/09/24 13:51:35.907, 0, 0 %, 0 %, 9401 MiB, 72.40 W
2026/09/24 13:51:35.908, 1, 26 %, 1 %, 17493 MiB, 72.36 W
2026/09/24 13:51:35.909, 2, 21 %, 1 %, 17493 MiB, 75.46 W
2026/09/24 13:51:35.910, 3, 41 %, 4 %, 9401 MiB, 74.39 W
2026/09/24 13:51:36.912, 0, 0 %, 0 %, 9401 MiB, 72.40 W
2026/09/24 13:51:36.914, 1, 0 %, 0 %, 9401 MiB, 71.39 W
2026/09/24 13:51:36.915, 2, 97 %, 13 %, 9401 MiB, 74.98 W
2026/09/24 13:51:36.916, 3, 0 %, 0 %, 9401 MiB, 71.00 W
2026/09/24 13:51:37.918, 0, 39 %, 2 %, 9401 MiB, 73.37 W
2026/09/24 13:51:37.920, 1, 0 %, 0 %, 9401 MiB, 71.34 W
2026/09/24 13:51:37.921, 2, 0 %, 0 %, 9401 MiB, 74.98 W
2026/09/24 13:51:37.922, 3, 39 %, 2 %, 9401 MiB, 71.92 W
2026/09/24 13:51:38.924, 0, 39 %, 2 %, 9401 MiB, 73.33 W
2026/09/24 13:51:38.925, 1, 38 %, 2 %, 9401 MiB, 72.79 W
2026/09/24 13:51:38.926, 2, 38 %, 2 %, 9401 MiB, 75.46 W
2026/09/24 13:51:38.927, 3, 38 %, 2 %, 9401 MiB, 71.92 W
2026/09/24 13:51:39.929, 0, 25 %, 1 %, 19193 MiB, 72.89 W
2026/09/24 13:51:39.930, 1, 39 %, 2 %, 9401 MiB, 72.79 W
2026/09/24 13:51:39.931, 2, 38 %, 2 %, 9401 MiB, 75.46 W
2026/09/24 13:51:39.932, 3, 21 %, 1 %, 19193 MiB, 71.43 W
2026/09/24 13:51:40.935, 0, 24 %, 1 %, 19193 MiB, 72.89 W
2026/09/24 13:51:40.936, 1, 25 %, 1 %, 19193 MiB, 72.36 W
2026/09/24 13:51:40.937, 2, 21 %, 1 %, 19193 MiB, 75.46 W
2026/09/24 13:51:40.938, 3, 21 %, 1 %, 19193 MiB, 71.48 W
2026/09/24 13:51:41.940, 0, 24 %, 1 %, 19193 MiB, 72.89 W
2026/09/24 13:51:41.941, 1, 25 %, 1 %, 19193 MiB, 72.31 W
2026/09/24 13:51:41.942, 2, 21 %, 1 %, 19193 MiB, 74.98 W
2026/09/24 13:51:41.945, 3, 21 %, 1 %, 19193 MiB, 71.43 W
2026/09/24 13:51:42.947, 0, 34 %, 2 %, 10291 MiB, 75.80 W
2026/09/24 13:51:42.948, 1, 25 %, 1 %, 19193 MiB, 72.31 W
2026/09/24 13:51:42.950, 2, 21 %, 1 %, 19193 MiB, 74.98 W
2026/09/24 13:51:42.951, 3, 21 %, 1 %, 19193 MiB, 71.43 W
2026/09/24 13:51:43.953, 0, 0 %, 0 %, 10291 MiB, 72.40 W
2026/09/24 13:51:43.954, 1, 26 %, 1 %, 19193 MiB, 71.87 W
2026/09/24 13:51:43.955, 2, 21 %, 1 %, 19193 MiB, 74.98 W
2026/09/24 13:51:43.956, 3, 73 %, 10 %, 10291 MiB, 71.00 W
2026/09/24 13:51:44.958, 0, 0 %, 0 %, 10291 MiB, 72.40 W
2026/09/24 13:51:44.959, 1, 0 %, 0 %, 10291 MiB, 71.87 W
2026/09/24 13:51:44.960, 2, 0 %, 0 %, 10291 MiB, 74.98 W
2026/09/24 13:51:44.962, 3, 0 %, 0 %, 10291 MiB, 71.00 W
2026/09/24 13:51:45.964, 0, 39 %, 2 %, 10359 MiB, 73.33 W
2026/09/24 13:51:45.965, 1, 38 %, 2 %, 10359 MiB, 72.79 W
2026/09/24 13:51:45.966, 2, 38 %, 2 %, 10359 MiB, 75.46 W
2026/09/24 13:51:45.967, 3, 38 %, 2 %, 10359 MiB, 71.92 W
2026/09/24 13:51:46.969, 0, 39 %, 2 %, 10359 MiB, 73.33 W
2026/09/24 13:51:46.971, 1, 38 %, 2 %, 10359 MiB, 72.79 W
2026/09/24 13:51:46.972, 2, 38 %, 2 %, 10359 MiB, 75.46 W
2026/09/24 13:51:46.973, 3, 38 %, 2 %, 10359 MiB, 71.92 W
2026/09/24 13:51:47.975, 0, 16 %, 1 %, 10509 MiB, 72.40 W
2026/09/24 13:51:47.976, 1, 11 %, 1 %, 10511 MiB, 71.87 W
2026/09/24 13:51:47.977, 2, 38 %, 2 %, 10509 MiB, 74.98 W
2026/09/24 13:51:47.978, 3, 36 %, 2 %, 10509 MiB, 71.00 W
2026/09/24 13:51:48.980, 0, 39 %, 2 %, 10509 MiB, 73.33 W
2026/09/24 13:51:48.981, 1, 38 %, 2 %, 10511 MiB, 72.79 W
2026/09/24 13:51:48.983, 2, 38 %, 2 %, 10509 MiB, 75.46 W
2026/09/24 13:51:48.985, 3, 38 %, 2 %, 10509 MiB, 71.92 W
2026/09/24 13:51:49.987, 0, 39 %, 2 %, 10509 MiB, 73.33 W
2026/09/24 13:51:49.988, 1, 38 %, 2 %, 10511 MiB, 72.79 W
2026/09/24 13:51:49.989, 2, 38 %, 2 %, 10509 MiB, 75.46 W
2026/09/24 13:51:49.990, 3, 38 %, 2 %, 10509 MiB, 71.92 W
2026/09/24 13:51:50.992, 0, 68 %, 37 %, 14061 MiB, 161.03 W
2026/09/24 13:51:50.998, 1, 89 %, 49 %, 14047 MiB, 159.37 W
2026/09/24 13:51:51.001, 2, 90 %, 51 %, 14017 MiB, 160.12 W
2026/09/24 13:51:51.002, 3, 23 %, 22 %, 14049 MiB, 157.29 W
2026/09/24 13:51:52.004, 0, 93 %, 41 %, 14065 MiB, 128.96 W
2026/09/24 13:51:52.005, 1, 93 %, 40 %, 14047 MiB, 129.19 W
2026/09/24 13:51:52.006, 2, 94 %, 41 %, 14017 MiB, 136.38 W
2026/09/24 13:51:52.007, 3, 97 %, 45 %, 14051 MiB, 136.50 W
2026/09/24 13:51:53.010, 0, 97 %, 47 %, 14063 MiB, 118.99 W
2026/09/24 13:51:53.012, 1, 93 %, 42 %, 14047 MiB, 110.22 W
2026/09/24 13:51:53.013, 2, 91 %, 41 %, 14019 MiB, 114.94 W
2026/09/24 13:51:53.014, 3, 97 %, 43 %, 14051 MiB, 121.40 W
2026/09/24 13:51:54.016, 0, 97 %, 45 %, 14063 MiB, 165.35 W
2026/09/24 13:51:54.017, 1, 92 %, 47 %, 14047 MiB, 165.02 W
2026/09/24 13:51:54.018, 2, 94 %, 49 %, 14019 MiB, 163.97 W
2026/09/24 13:51:54.019, 3, 98 %, 49 %, 14051 MiB, 160.17 W
2026/09/24 13:51:55.022, 0, 97 %, 47 %, 14063 MiB, 116.09 W
2026/09/24 13:51:55.023, 1, 92 %, 43 %, 14047 MiB, 104.42 W
2026/09/24 13:51:55.024, 2, 94 %, 44 %, 14019 MiB, 113.56 W
2026/09/24 13:51:55.025, 3, 96 %, 45 %, 14051 MiB, 128.17 W
2026/09/24 13:51:56.027, 0, 97 %, 46 %, 14065 MiB, 82.11 W
2026/09/24 13:51:56.028, 1, 93 %, 43 %, 14047 MiB, 80.11 W
2026/09/24 13:51:56.029, 2, 94 %, 50 %, 14555 MiB, 111.29 W
2026/09/24 13:51:56.030, 3, 98 %, 51 %, 14051 MiB, 79.25 W
2026/09/24 13:51:57.032, 0, 97 %, 46 %, 14063 MiB, 162.47 W
2026/09/24 13:51:57.033, 1, 92 %, 44 %, 14583 MiB, 163.21 W
2026/09/24 13:51:57.034, 2, 94 %, 45 %, 14555 MiB, 168.20 W
2026/09/24 13:51:57.040, 3, 97 %, 50 %, 14053 MiB, 166.68 W
2026/09/24 13:51:58.042, 0, 95 %, 46 %, 14607 MiB, 161.99 W
2026/09/24 13:51:58.043, 1, 93 %, 44 %, 14583 MiB, 165.02 W
2026/09/24 13:51:58.045, 2, 95 %, 46 %, 14555 MiB, 168.68 W
2026/09/24 13:51:58.049, 3, 97 %, 50 %, 14591 MiB, 167.64 W
2026/09/24 13:51:59.052, 0, 96 %, 47 %, 14607 MiB, 147.39 W
2026/09/24 13:51:59.053, 1, 92 %, 48 %, 14583 MiB, 148.16 W
2026/09/24 13:51:59.054, 2, 94 %, 46 %, 14555 MiB, 149.33 W
2026/09/24 13:51:59.055, 3, 98 %, 47 %, 14593 MiB, 147.01 W
2026/09/24 13:52:00.057, 0, 96 %, 48 %, 14607 MiB, 144.89 W
2026/09/24 13:52:00.058, 1, 92 %, 46 %, 14583 MiB, 145.08 W
2026/09/24 13:52:00.059, 2, 94 %, 46 %, 14555 MiB, 146.82 W
2026/09/24 13:52:00.061, 3, 98 %, 47 %, 14593 MiB, 144.41 W
2026/09/24 13:52:01.063, 0, 96 %, 47 %, 14607 MiB, 123.82 W
2026/09/24 13:52:01.064, 1, 92 %, 46 %, 14583 MiB, 100.14 W
2026/09/24 13:52:01.065, 2, 93 %, 47 %, 14555 MiB, 107.75 W
2026/09/24 13:52:01.066, 3, 97 %, 48 %, 14593 MiB, 124.39 W
2026/09/24 13:52:02.068, 0, 96 %, 47 %, 14607 MiB, 141.80 W
2026/09/24 13:52:02.069, 1, 92 %, 46 %, 14583 MiB, 135.27 W
2026/09/24 13:52:02.070, 2, 94 %, 46 %, 14555 MiB, 142.18 W
2026/09/24 13:52:02.071, 3, 97 %, 48 %, 14593 MiB, 150.38 W
2026/09/24 13:52:03.074, 0, 96 %, 49 %, 14607 MiB, 132.74 W
2026/09/24 13:52:03.075, 1, 93 %, 46 %, 14583 MiB, 129.27 W
2026/09/24 13:52:03.076, 2, 95 %, 48 %, 14555 MiB, 128.42 W
2026/09/24 13:52:03.077, 3, 97 %, 48 %, 14593 MiB, 129.53 W
2026/09/24 13:52:04.079, 0, 96 %, 48 %, 14607 MiB, 123.25 W
2026/09/24 13:52:04.080, 1, 93 %, 46 %, 14583 MiB, 119.80 W
2026/09/24 13:52:04.081, 2, 94 %, 47 %, 14555 MiB, 120.27 W
2026/09/24 13:52:04.082, 3, 97 %, 48 %, 14593 MiB, 119.07 W
2026/09/24 13:52:05.085, 0, 96 %, 48 %, 14607 MiB, 125.19 W
2026/09/24 13:52:05.086, 1, 92 %, 46 %, 14583 MiB, 121.24 W
2026/09/24 13:52:05.088, 2, 95 %, 46 %, 14555 MiB, 122.21 W
2026/09/24 13:52:05.089, 3, 97 %, 48 %, 14593 MiB, 121.40 W
2026/09/24 13:52:06.091, 0, 96 %, 47 %, 14607 MiB, 138.43 W
2026/09/24 13:52:06.092, 1, 93 %, 47 %, 14583 MiB, 131.12 W
2026/09/24 13:52:06.093, 2, 94 %, 46 %, 14555 MiB, 131.73 W
2026/09/24 13:52:06.094, 3, 97 %, 48 %, 14593 MiB, 131.95 W
2026/09/24 13:52:07.096, 0, 99 %, 57 %, 14607 MiB, 128.57 W
2026/09/24 13:52:07.097, 1, 92 %, 54 %, 14583 MiB, 100.56 W
2026/09/24 13:52:07.098, 2, 95 %, 49 %, 14555 MiB, 107.33 W
2026/09/24 13:52:07.100, 3, 98 %, 56 %, 14593 MiB, 125.84 W
2026/09/24 13:52:08.102, 0, 96 %, 48 %, 14607 MiB, 147.01 W
2026/09/24 13:52:08.103, 1, 92 %, 47 %, 14585 MiB, 145.27 W
2026/09/24 13:52:08.105, 2, 94 %, 47 %, 14555 MiB, 146.92 W
2026/09/24 13:52:08.106, 3, 97 %, 49 %, 14593 MiB, 144.12 W
2026/09/24 13:52:09.109, 0, 96 %, 48 %, 14607 MiB, 147.01 W
2026/09/24 13:52:09.110, 1, 92 %, 45 %, 14585 MiB, 145.27 W
2026/09/24 13:52:09.111, 2, 96 %, 48 %, 14555 MiB, 147.40 W
2026/09/24 13:52:09.112, 3, 97 %, 48 %, 14593 MiB, 145.08 W
2026/09/24 13:52:10.114, 0, 96 %, 48 %, 14607 MiB, 148.35 W
2026/09/24 13:52:10.115, 1, 91 %, 45 %, 14585 MiB, 146.71 W
2026/09/24 13:52:10.116, 2, 94 %, 47 %, 14555 MiB, 147.88 W
2026/09/24 13:52:10.117, 3, 97 %, 49 %, 14593 MiB, 145.56 W
2026/09/24 13:52:11.120, 0, 96 %, 48 %, 14607 MiB, 153.55 W
2026/09/24 13:52:11.121, 1, 92 %, 47 %, 14585 MiB, 151.90 W
2026/09/24 13:52:11.122, 2, 94 %, 47 %, 14555 MiB, 153.57 W
2026/09/24 13:52:11.123, 3, 98 %, 47 %, 14593 MiB, 150.28 W
2026/09/24 13:52:12.125, 0, 96 %, 47 %, 14607 MiB, 179.40 W
2026/09/24 13:52:12.127, 1, 92 %, 46 %, 14585 MiB, 178.56 W
2026/09/24 13:52:12.128, 2, 94 %, 48 %, 14555 MiB, 179.52 W
2026/09/24 13:52:12.129, 3, 97 %, 47 %, 14593 MiB, 178.08 W
2026/09/24 13:52:13.131, 0, 96 %, 49 %, 14607 MiB, 142.19 W
2026/09/24 13:52:13.132, 1, 91 %, 47 %, 14585 MiB, 143.26 W
2026/09/24 13:52:13.133, 2, 94 %, 46 %, 14555 MiB, 150.78 W
2026/09/24 13:52:13.134, 3, 97 %, 49 %, 14593 MiB, 149.70 W
2026/09/24 13:52:14.137, 0, 99 %, 50 %, 14607 MiB, 134.67 W
2026/09/24 13:52:14.138, 1, 92 %, 47 %, 14585 MiB, 128.31 W
2026/09/24 13:52:14.139, 2, 94 %, 46 %, 14555 MiB, 128.42 W
2026/09/24 13:52:14.140, 3, 97 %, 49 %, 14593 MiB, 128.08 W
2026/09/24 13:52:15.142, 0, 96 %, 49 %, 14607 MiB, 144.31 W
2026/09/24 13:52:15.144, 1, 92 %, 47 %, 14585 MiB, 108.70 W
2026/09/24 13:52:15.145, 2, 94 %, 48 %, 14555 MiB, 115.43 W
2026/09/24 13:52:15.146, 3, 98 %, 49 %, 14593 MiB, 142.09 W
2026/09/24 13:52:16.148, 0, 96 %, 49 %, 14607 MiB, 147.39 W
2026/09/24 13:52:16.149, 1, 92 %, 45 %, 14585 MiB, 145.75 W
2026/09/24 13:52:16.150, 2, 95 %, 49 %, 14555 MiB, 147.88 W
2026/09/24 13:52:16.151, 3, 97 %, 49 %, 14593 MiB, 145.56 W
2026/09/24 13:52:17.154, 0, 97 %, 48 %, 14607 MiB, 150.76 W
2026/09/24 13:52:17.155, 1, 93 %, 48 %, 14585 MiB, 149.12 W
2026/09/24 13:52:17.157, 2, 94 %, 48 %, 14555 MiB, 150.30 W
2026/09/24 13:52:17.158, 3, 98 %, 48 %, 14593 MiB, 147.49 W
2026/09/24 13:52:18.160, 0, 97 %, 47 %, 14607 MiB, 179.88 W
2026/09/24 13:52:18.161, 1, 92 %, 46 %, 14585 MiB, 174.37 W
2026/09/24 13:52:18.162, 2, 94 %, 48 %, 14555 MiB, 178.19 W
2026/09/24 13:52:18.163, 3, 98 %, 48 %, 14593 MiB, 170.63 W
2026/09/24 13:52:19.165, 0, 97 %, 49 %, 14607 MiB, 136.59 W
2026/09/24 13:52:19.167, 1, 92 %, 47 %, 14585 MiB, 128.23 W
2026/09/24 13:52:19.168, 2, 94 %, 48 %, 15195 MiB, 130.76 W
2026/09/24 13:52:19.169, 3, 98 %, 49 %, 14593 MiB, 128.96 W
2026/09/24 13:52:20.171, 0, 97 %, 49 %, 14607 MiB, 146.72 W
2026/09/24 13:52:20.172, 1, 92 %, 48 %, 14585 MiB, 105.80 W
2026/09/24 13:52:20.174, 2, 93 %, 47 %, 15195 MiB, 114.46 W
2026/09/24 13:52:20.175, 3, 98 %, 49 %, 14593 MiB, 142.09 W
2026/09/24 13:52:21.177, 0, 97 %, 49 %, 14607 MiB, 147.97 W
2026/09/24 13:52:21.179, 1, 93 %, 45 %, 14585 MiB, 146.24 W
2026/09/24 13:52:21.180, 2, 93 %, 48 %, 15195 MiB, 148.37 W
2026/09/24 13:52:21.181, 3, 98 %, 49 %, 14593 MiB, 146.04 W
2026/09/24 13:52:22.183, 0, 97 %, 50 %, 14607 MiB, 181.32 W
2026/09/24 13:52:22.184, 1, 96 %, 49 %, 14585 MiB, 179.04 W
2026/09/24 13:52:22.185, 2, 93 %, 47 %, 15195 MiB, 180.48 W
2026/09/24 13:52:22.186, 3, 98 %, 50 %, 15241 MiB, 179.52 W
2026/09/24 13:52:23.188, 0, 99 %, 50 %, 14607 MiB, 123.74 W
2026/09/24 13:52:23.189, 1, 92 %, 47 %, 14585 MiB, 120.76 W
2026/09/24 13:52:23.190, 2, 94 %, 47 %, 15195 MiB, 114.53 W
2026/09/24 13:52:23.193, 3, 98 %, 50 %, 15241 MiB, 109.95 W
2026/09/24 13:52:24.195, 0, 97 %, 49 %, 14607 MiB, 147.97 W
2026/09/24 13:52:24.196, 1, 92 %, 45 %, 15233 MiB, 146.24 W
2026/09/24 13:52:24.197, 2, 93 %, 48 %, 15195 MiB, 148.37 W
2026/09/24 13:52:24.198, 3, 98 %, 50 %, 15241 MiB, 145.56 W
2026/09/24 13:52:25.200, 0, 97 %, 47 %, 14607 MiB, 156.43 W
2026/09/24 13:52:25.201, 1, 92 %, 46 %, 15233 MiB, 155.26 W
2026/09/24 13:52:25.202, 2, 93 %, 48 %, 15195 MiB, 155.99 W
2026/09/24 13:52:25.203, 3, 98 %, 47 %, 15241 MiB, 152.21 W
2026/09/24 13:52:26.206, 0, 97 %, 47 %, 14607 MiB, 165.83 W
2026/09/24 13:52:26.207, 1, 92 %, 48 %, 15233 MiB, 166.46 W
2026/09/24 13:52:26.208, 2, 93 %, 45 %, 15195 MiB, 167.83 W
2026/09/24 13:52:26.209, 3, 98 %, 48 %, 15241 MiB, 166.68 W
2026/09/24 13:52:27.211, 0, 97 %, 49 %, 14607 MiB, 149.43 W
2026/09/24 13:52:27.214, 1, 92 %, 48 %, 15233 MiB, 138.13 W
2026/09/24 13:52:27.215, 2, 93 %, 46 %, 15195 MiB, 140.32 W
2026/09/24 13:52:27.216, 3, 98 %, 49 %, 15241 MiB, 139.86 W
2026/09/24 13:52:28.218, 0, 97 %, 50 %, 14607 MiB, 148.37 W
2026/09/24 13:52:28.219, 1, 92 %, 45 %, 15233 MiB, 146.24 W
2026/09/24 13:52:28.220, 2, 93 %, 48 %, 15195 MiB, 147.89 W
2026/09/24 13:52:28.221, 3, 98 %, 50 %, 15241 MiB, 146.43 W
2026/09/24 13:52:29.223, 0, 97 %, 46 %, 14607 MiB, 152.13 W
2026/09/24 13:52:29.225, 1, 92 %, 46 %, 15233 MiB, 150.48 W
2026/09/24 13:52:29.226, 2, 92 %, 48 %, 15195 MiB, 152.25 W
2026/09/24 13:52:29.227, 3, 98 %, 47 %, 15241 MiB, 149.33 W
2026/09/24 13:52:30.229, 0, 99 %, 50 %, 15259 MiB, 154.54 W
2026/09/24 13:52:30.230, 1, 90 %, 47 %, 15233 MiB, 147.20 W
2026/09/24 13:52:30.231, 2, 93 %, 46 %, 15195 MiB, 146.92 W
2026/09/24 13:52:30.232, 3, 96 %, 49 %, 15241 MiB, 149.43 W
2026/09/24 13:52:31.234, 0, 97 %, 50 %, 15259 MiB, 148.85 W
2026/09/24 13:52:31.235, 1, 92 %, 47 %, 15233 MiB, 146.62 W
2026/09/24 13:52:31.237, 2, 93 %, 48 %, 15195 MiB, 148.37 W
2026/09/24 13:52:31.238, 3, 98 %, 49 %, 15241 MiB, 146.43 W
2026/09/24 13:52:32.240, 0, 97 %, 49 %, 15259 MiB, 158.29 W
2026/09/24 13:52:32.241, 1, 97 %, 49 %, 15233 MiB, 157.12 W
2026/09/24 13:52:32.242, 2, 93 %, 47 %, 15195 MiB, 157.96 W
2026/09/24 13:52:32.243, 3, 98 %, 50 %, 15241 MiB, 153.09 W
2026/09/24 13:52:33.247, 0, 97 %, 50 %, 15259 MiB, 148.85 W
2026/09/24 13:52:33.248, 1, 92 %, 48 %, 15233 MiB, 151.82 W
2026/09/24 13:52:33.250, 2, 93 %, 49 %, 15195 MiB, 154.57 W
2026/09/24 13:52:33.251, 3, 98 %, 50 %, 15241 MiB, 156.85 W
2026/09/24 13:52:34.255, 0, 97 %, 50 %, 15259 MiB, 130.76 W
2026/09/24 13:52:34.256, 1, 92 %, 45 %, 15233 MiB, 113.67 W
2026/09/24 13:52:34.257, 2, 93 %, 48 %, 15195 MiB, 125.77 W
2026/09/24 13:52:34.258, 3, 98 %, 50 %, 15241 MiB, 141.79 W
2026/09/24 13:52:35.260, 0, 96 %, 46 %, 15259 MiB, 149.33 W
2026/09/24 13:52:35.261, 1, 92 %, 47 %, 15233 MiB, 147.11 W
2026/09/24 13:52:35.262, 2, 92 %, 48 %, 15195 MiB, 149.34 W
2026/09/24 13:52:35.263, 3, 98 %, 46 %, 15241 MiB, 147.40 W
2026/09/24 13:52:36.266, 0, 97 %, 48 %, 15259 MiB, 182.40 W
2026/09/24 13:52:36.267, 1, 92 %, 48 %, 15233 MiB, 181.08 W
2026/09/24 13:52:36.268, 2, 93 %, 45 %, 15195 MiB, 182.17 W
2026/09/24 13:52:36.269, 3, 98 %, 48 %, 15241 MiB, 177.23 W
2026/09/24 13:52:37.271, 0, 97 %, 50 %, 15259 MiB, 135.02 W
2026/09/24 13:52:37.272, 1, 92 %, 48 %, 15233 MiB, 129.05 W
2026/09/24 13:52:37.273, 2, 97 %, 50 %, 15195 MiB, 130.62 W
2026/09/24 13:52:37.274, 3, 98 %, 50 %, 15241 MiB, 129.31 W
2026/09/24 13:52:38.277, 0, 96 %, 46 %, 15259 MiB, 149.33 W
2026/09/24 13:52:38.279, 1, 92 %, 49 %, 15233 MiB, 147.11 W
2026/09/24 13:52:38.280, 2, 92 %, 48 %, 15195 MiB, 148.86 W
2026/09/24 13:52:38.281, 3, 98 %, 46 %, 15241 MiB, 146.43 W
2026/09/24 13:52:39.283, 0, 96 %, 51 %, 15259 MiB, 164.08 W
2026/09/24 13:52:39.284, 1, 92 %, 48 %, 15233 MiB, 162.31 W
2026/09/24 13:52:39.285, 2, 93 %, 44 %, 15195 MiB, 163.18 W
2026/09/24 13:52:39.286, 3, 98 %, 48 %, 15241 MiB, 158.29 W
2026/09/24 13:52:40.288, 0, 96 %, 50 %, 15259 MiB, 122.61 W
2026/09/24 13:52:40.290, 1, 92 %, 48 %, 15233 MiB, 118.10 W
2026/09/24 13:52:40.291, 2, 96 %, 49 %, 15195 MiB, 123.91 W
2026/09/24 13:52:40.292, 3, 98 %, 50 %, 15241 MiB, 124.07 W
2026/09/24 13:52:41.294, 0, 97 %, 46 %, 15259 MiB, 148.85 W
2026/09/24 13:52:41.295, 1, 92 %, 49 %, 15233 MiB, 146.62 W
2026/09/24 13:52:41.296, 2, 93 %, 49 %, 15195 MiB, 149.34 W
2026/09/24 13:52:41.297, 3, 98 %, 46 %, 15241 MiB, 146.43 W
2026/09/24 13:52:42.300, 0, 99 %, 50 %, 15259 MiB, 181.08 W
2026/09/24 13:52:42.301, 1, 92 %, 48 %, 15233 MiB, 179.28 W
2026/09/24 13:52:42.302, 2, 94 %, 49 %, 15195 MiB, 180.84 W
2026/09/24 13:52:42.303, 3, 98 %, 50 %, 15241 MiB, 178.68 W
2026/09/24 13:52:43.305, 0, 96 %, 50 %, 15259 MiB, 152.61 W
2026/09/24 13:52:43.306, 1, 92 %, 44 %, 15233 MiB, 140.93 W
2026/09/24 13:52:43.307, 2, 93 %, 49 %, 15195 MiB, 148.37 W
2026/09/24 13:52:43.308, 3, 98 %, 50 %, 15241 MiB, 155.99 W
2026/09/24 13:52:44.311, 0, 97 %, 46 %, 15259 MiB, 149.81 W
2026/09/24 13:52:44.312, 1, 96 %, 48 %, 15233 MiB, 147.59 W
2026/09/24 13:52:44.313, 2, 93 %, 48 %, 15195 MiB, 149.82 W
2026/09/24 13:52:44.314, 3, 99 %, 50 %, 15241 MiB, 147.40 W
2026/09/24 13:52:45.316, 0, 96 %, 50 %, 15259 MiB, 167.35 W
2026/09/24 13:52:45.317, 1, 92 %, 48 %, 15233 MiB, 167.38 W
2026/09/24 13:52:45.318, 2, 93 %, 48 %, 15195 MiB, 169.35 W
2026/09/24 13:52:45.319, 3, 97 %, 50 %, 15241 MiB, 169.16 W
2026/09/24 13:52:46.322, 0, 96 %, 50 %, 15259 MiB, 149.43 W
2026/09/24 13:52:46.323, 1, 92 %, 45 %, 15233 MiB, 116.57 W
2026/09/24 13:52:46.324, 2, 93 %, 49 %, 15195 MiB, 123.91 W
2026/09/24 13:52:46.325, 3, 98 %, 50 %, 15241 MiB, 147.11 W
2026/09/24 13:52:47.327, 0, 96 %, 49 %, 15259 MiB, 157.81 W
2026/09/24 13:52:47.328, 1, 94 %, 48 %, 15233 MiB, 155.68 W
2026/09/24 13:52:47.329, 2, 93 %, 44 %, 15195 MiB, 157.47 W
2026/09/24 13:52:47.330, 3, 98 %, 51 %, 15241 MiB, 154.06 W
2026/09/24 13:52:48.332, 0, 96 %, 50 %, 15259 MiB, 126.89 W
2026/09/24 13:52:48.333, 1, 92 %, 48 %, 15233 MiB, 121.48 W
2026/09/24 13:52:48.335, 2, 93 %, 49 %, 15195 MiB, 124.88 W
2026/09/24 13:52:48.336, 3, 97 %, 50 %, 15241 MiB, 123.10 W
2026/09/24 13:52:49.338, 0, 98 %, 47 %, 15259 MiB, 149.81 W
2026/09/24 13:52:49.339, 1, 92 %, 45 %, 15233 MiB, 147.11 W
2026/09/24 13:52:49.340, 2, 93 %, 47 %, 15195 MiB, 148.86 W
2026/09/24 13:52:49.341, 3, 98 %, 50 %, 15241 MiB, 146.92 W
2026/09/24 13:52:50.348, 0, 96 %, 50 %, 15259 MiB, 171.57 W
2026/09/24 13:52:50.350, 1, 96 %, 48 %, 15233 MiB, 171.71 W
2026/09/24 13:52:50.351, 2, 93 %, 46 %, 15195 MiB, 173.22 W
2026/09/24 13:52:50.352, 3, 99 %, 50 %, 15241 MiB, 172.53 W
2026/09/24 13:52:51.354, 0, 96 %, 45 %, 15259 MiB, 149.33 W
2026/09/24 13:52:51.355, 1, 92 %, 49 %, 15233 MiB, 125.67 W
2026/09/24 13:52:51.357, 2, 93 %, 49 %, 15195 MiB, 134.01 W
2026/09/24 13:52:51.358, 3, 98 %, 50 %, 15241 MiB, 147.01 W
2026/09/24 13:52:52.361, 0, 98 %, 51 %, 15259 MiB, 168.79 W
2026/09/24 13:52:52.362, 1, 92 %, 49 %, 15233 MiB, 167.01 W
2026/09/24 13:52:52.363, 2, 93 %, 50 %, 15195 MiB, 168.39 W
2026/09/24 13:52:52.364, 3, 97 %, 45 %, 15241 MiB, 161.67 W
2026/09/24 13:52:53.366, 0, 96 %, 50 %, 15259 MiB, 146.53 W
2026/09/24 13:52:53.367, 1, 92 %, 49 %, 15233 MiB, 134.27 W
2026/09/24 13:52:53.368, 2, 93 %, 49 %, 15195 MiB, 141.68 W
2026/09/24 13:52:53.369, 3, 97 %, 50 %, 15241 MiB, 152.23 W
2026/09/24 13:52:54.371, 0, 96 %, 47 %, 15259 MiB, 154.06 W
2026/09/24 13:52:54.372, 1, 92 %, 49 %, 15233 MiB, 151.93 W
2026/09/24 13:52:54.373, 2, 94 %, 47 %, 15195 MiB, 153.60 W
2026/09/24 13:52:54.376, 3, 98 %, 48 %, 15241 MiB, 150.78 W
2026/09/24 13:52:55.379, 0, 96 %, 50 %, 15259 MiB, 129.79 W
2026/09/24 13:52:55.380, 1, 92 %, 49 %, 15233 MiB, 123.82 W
2026/09/24 13:52:55.382, 2, 93 %, 49 %, 15195 MiB, 126.82 W
2026/09/24 13:52:55.383, 3, 98 %, 50 %, 15241 MiB, 123.10 W
2026/09/24 13:52:56.385, 0, 96 %, 49 %, 15259 MiB, 151.16 W
2026/09/24 13:52:56.386, 1, 92 %, 45 %, 15233 MiB, 148.07 W
2026/09/24 13:52:56.388, 2, 93 %, 44 %, 15195 MiB, 150.31 W
2026/09/24 13:52:56.389, 3, 98 %, 51 %, 15241 MiB, 148.85 W
2026/09/24 13:52:57.391, 0, 96 %, 50 %, 15259 MiB, 126.15 W
2026/09/24 13:52:57.392, 1, 92 %, 49 %, 15233 MiB, 121.56 W
2026/09/24 13:52:57.393, 2, 93 %, 49 %, 15195 MiB, 127.86 W
2026/09/24 13:52:57.394, 3, 98 %, 48 %, 15241 MiB, 126.15 W
2026/09/24 13:52:58.396, 0, 96 %, 50 %, 15259 MiB, 150.28 W
2026/09/24 13:52:58.397, 1, 92 %, 44 %, 15233 MiB, 148.16 W
2026/09/24 13:52:58.398, 2, 92 %, 43 %, 15195 MiB, 150.30 W
2026/09/24 13:52:58.399, 3, 97 %, 51 %, 15241 MiB, 147.97 W
2026/09/24 13:52:59.401, 0, 96 %, 50 %, 15259 MiB, 126.64 W
2026/09/24 13:52:59.404, 1, 92 %, 49 %, 15233 MiB, 124.54 W
2026/09/24 13:52:59.405, 2, 93 %, 50 %, 15195 MiB, 127.54 W
2026/09/24 13:52:59.406, 3, 99 %, 48 %, 15241 MiB, 119.07 W
2026/09/24 13:53:00.409, 0, 98 %, 50 %, 15259 MiB, 153.65 W
2026/09/24 13:53:00.410, 1, 92 %, 51 %, 15233 MiB, 150.94 W
2026/09/24 13:53:00.411, 2, 94 %, 49 %, 15195 MiB, 152.23 W
2026/09/24 13:53:00.413, 3, 97 %, 45 %, 15241 MiB, 149.80 W
2026/09/24 13:53:01.415, 0, 96 %, 48 %, 15259 MiB, 145.56 W
2026/09/24 13:53:01.416, 1, 92 %, 49 %, 15233 MiB, 135.45 W
2026/09/24 13:53:01.419, 2, 93 %, 50 %, 15195 MiB, 136.96 W
2026/09/24 13:53:01.420, 3, 98 %, 51 %, 15241 MiB, 133.31 W
2026/09/24 13:53:02.422, 0, 97 %, 51 %, 15259 MiB, 154.99 W
2026/09/24 13:53:02.424, 1, 92 %, 48 %, 15233 MiB, 152.38 W
2026/09/24 13:53:02.425, 2, 93 %, 51 %, 15195 MiB, 154.54 W
2026/09/24 13:53:02.426, 3, 97 %, 44 %, 15241 MiB, 151.72 W
2026/09/24 13:53:03.428, 0, 96 %, 44 %, 15259 MiB, 143.73 W
2026/09/24 13:53:03.429, 1, 92 %, 49 %, 15233 MiB, 130.07 W
2026/09/24 13:53:03.430, 2, 92 %, 50 %, 15195 MiB, 137.92 W
2026/09/24 13:53:03.431, 3, 97 %, 51 %, 15241 MiB, 148.93 W
2026/09/24 13:53:04.433, 0, 95 %, 50 %, 15259 MiB, 170.63 W
2026/09/24 13:53:04.434, 1, 98 %, 50 %, 15233 MiB, 169.33 W
2026/09/24 13:53:04.435, 2, 93 %, 47 %, 15195 MiB, 168.79 W
2026/09/24 13:53:04.437, 3, 99 %, 48 %, 15241 MiB, 162.58 W
2026/09/24 13:53:05.439, 0, 96 %, 44 %, 15259 MiB, 150.00 W
2026/09/24 13:53:05.440, 1, 92 %, 43 %, 15233 MiB, 115.78 W
2026/09/24 13:53:05.441, 2, 93 %, 50 %, 15195 MiB, 125.03 W
2026/09/24 13:53:05.442, 3, 98 %, 51 %, 15241 MiB, 147.30 W
2026/09/24 13:53:06.445, 0, 96 %, 50 %, 15259 MiB, 177.60 W
2026/09/24 13:53:06.446, 1, 92 %, 49 %, 15233 MiB, 175.33 W
2026/09/24 13:53:06.447, 2, 93 %, 47 %, 15195 MiB, 176.75 W
2026/09/24 13:53:06.448, 3, 98 %, 51 %, 15241 MiB, 176.64 W
2026/09/24 13:53:07.450, 0, 95 %, 44 %, 15259 MiB, 150.28 W
2026/09/24 13:53:07.451, 1, 92 %, 44 %, 15233 MiB, 147.20 W
2026/09/24 13:53:07.452, 2, 92 %, 50 %, 15195 MiB, 149.81 W
2026/09/24 13:53:07.453, 3, 97 %, 51 %, 15241 MiB, 147.97 W
2026/09/24 13:53:08.456, 0, 95 %, 50 %, 15259 MiB, 118.99 W
2026/09/24 13:53:08.457, 1, 92 %, 50 %, 15233 MiB, 120.28 W
2026/09/24 13:53:08.458, 2, 93 %, 47 %, 15195 MiB, 116.96 W
2026/09/24 13:53:08.459, 3, 98 %, 52 %, 15241 MiB, 109.47 W
2026/09/24 13:53:09.461, 0, 96 %, 45 %, 15259 MiB, 153.65 W
2026/09/24 13:53:09.462, 1, 92 %, 47 %, 15233 MiB, 149.98 W
2026/09/24 13:53:09.463, 2, 93 %, 50 %, 15195 MiB, 152.13 W
2026/09/24 13:53:09.464, 3, 98 %, 44 %, 15241 MiB, 149.80 W
2026/09/24 13:53:10.466, 0, 96 %, 51 %, 15259 MiB, 142.29 W
2026/09/24 13:53:10.469, 1, 92 %, 46 %, 15233 MiB, 129.59 W
2026/09/24 13:53:10.471, 2, 98 %, 50 %, 15195 MiB, 137.83 W
2026/09/24 13:53:10.472, 3, 98 %, 51 %, 15241 MiB, 148.93 W
2026/09/24 13:53:11.475, 0, 96 %, 51 %, 15259 MiB, 181.32 W
2026/09/24 13:53:11.476, 1, 92 %, 49 %, 15233 MiB, 179.04 W
2026/09/24 13:53:11.477, 2, 93 %, 43 %, 15195 MiB, 180.12 W
2026/09/24 13:53:11.478, 3, 98 %, 51 %, 15241 MiB, 178.08 W
2026/09/24 13:53:12.480, 0, 95 %, 50 %, 15259 MiB, 150.28 W
2026/09/24 13:53:12.481, 1, 92 %, 47 %, 15233 MiB, 147.68 W
2026/09/24 13:53:12.482, 2, 92 %, 50 %, 15195 MiB, 149.81 W
2026/09/24 13:53:12.484, 3, 97 %, 49 %, 15241 MiB, 147.49 W
2026/09/24 13:53:13.486, 0, 96 %, 51 %, 15259 MiB, 127.52 W
2026/09/24 13:53:13.487, 1, 92 %, 50 %, 15233 MiB, 122.61 W
2026/09/24 13:53:13.488, 2, 93 %, 51 %, 15195 MiB, 124.63 W
2026/09/24 13:53:13.489, 3, 98 %, 51 %, 15241 MiB, 117.13 W
2026/09/24 13:53:14.491, 0, 98 %, 49 %, 15259 MiB, 157.39 W
2026/09/24 13:53:14.492, 1, 100 %, 52 %, 15233 MiB, 153.82 W
2026/09/24 13:53:14.493, 2, 93 %, 47 %, 15195 MiB, 155.99 W
2026/09/24 13:53:14.494, 3, 99 %, 50 %, 15241 MiB, 153.17 W
2026/09/24 13:53:15.496, 0, 96 %, 51 %, 15259 MiB, 150.48 W
2026/09/24 13:53:15.498, 1, 92 %, 42 %, 15233 MiB, 113.45 W
2026/09/24 13:53:15.499, 2, 93 %, 50 %, 15195 MiB, 124.07 W
2026/09/24 13:53:15.500, 3, 97 %, 51 %, 15241 MiB, 147.69 W
2026/09/24 13:53:16.502, 0, 98 %, 52 %, 15259 MiB, 151.14 W
2026/09/24 13:53:16.503, 1, 92 %, 50 %, 15233 MiB, 154.78 W
2026/09/24 13:53:16.504, 2, 94 %, 52 %, 15195 MiB, 157.33 W
2026/09/24 13:53:16.505, 3, 97 %, 51 %, 15241 MiB, 157.29 W
2026/09/24 13:53:17.507, 0, 97 %, 45 %, 15259 MiB, 152.69 W
2026/09/24 13:53:17.508, 1, 96 %, 49 %, 15233 MiB, 150.08 W
2026/09/24 13:53:17.509, 2, 93 %, 50 %, 15195 MiB, 152.23 W
2026/09/24 13:53:17.510, 3, 99 %, 46 %, 15241 MiB, 149.80 W
2026/09/24 13:53:18.513, 0, 96 %, 51 %, 15259 MiB, 125.27 W
2026/09/24 13:53:18.514, 1, 92 %, 42 %, 15233 MiB, 98.21 W
2026/09/24 13:53:18.515, 2, 93 %, 50 %, 15195 MiB, 105.39 W
2026/09/24 13:53:18.516, 3, 98 %, 51 %, 15241 MiB, 122.05 W
2026/09/24 13:53:19.518, 0, 95 %, 51 %, 15259 MiB, 128.08 W
2026/09/24 13:53:19.519, 1, 92 %, 50 %, 15233 MiB, 122.13 W
2026/09/24 13:53:19.520, 2, 93 %, 48 %, 15195 MiB, 125.60 W
2026/09/24 13:53:19.521, 3, 97 %, 51 %, 15241 MiB, 112.86 W
2026/09/24 13:53:20.525, 0, 95 %, 52 %, 15259 MiB, 163.54 W
2026/09/24 13:53:20.526, 1, 92 %, 50 %, 15233 MiB, 160.44 W
2026/09/24 13:53:20.527, 2, 92 %, 42 %, 15195 MiB, 162.15 W
2026/09/24 13:53:20.528, 3, 98 %, 52 %, 15241 MiB, 157.88 W
2026/09/24 13:53:21.531, 0, 95 %, 46 %, 15259 MiB, 150.76 W
2026/09/24 13:53:21.532, 1, 92 %, 51 %, 15233 MiB, 147.20 W
2026/09/24 13:53:21.533, 2, 93 %, 50 %, 15195 MiB, 149.81 W
2026/09/24 13:53:21.534, 3, 97 %, 45 %, 15241 MiB, 148.45 W
2026/09/24 13:53:22.536, 0, 95 %, 51 %, 15259 MiB, 125.19 W
2026/09/24 13:53:22.537, 1, 92 %, 46 %, 15233 MiB, 120.20 W
2026/09/24 13:53:22.538, 2, 96 %, 49 %, 15195 MiB, 124.63 W
2026/09/24 13:53:22.539, 3, 97 %, 51 %, 15241 MiB, 122.37 W
2026/09/24 13:53:23.541, 0, 96 %, 48 %, 15259 MiB, 180.84 W
2026/09/24 13:53:23.542, 1, 92 %, 50 %, 15233 MiB, 178.80 W
2026/09/24 13:53:23.544, 2, 93 %, 42 %, 15195 MiB, 176.87 W
2026/09/24 13:53:23.545, 3, 98 %, 48 %, 15241 MiB, 170.63 W
2026/09/24 13:53:24.547, 0, 95 %, 42 %, 15259 MiB, 150.76 W
2026/09/24 13:53:24.549, 1, 92 %, 47 %, 15233 MiB, 148.16 W
2026/09/24 13:53:24.550, 2, 92 %, 51 %, 15195 MiB, 150.30 W
2026/09/24 13:53:24.551, 3, 97 %, 42 %, 15241 MiB, 148.45 W
2026/09/24 13:53:25.553, 0, 96 %, 51 %, 15259 MiB, 146.04 W
2026/09/24 13:53:25.554, 1, 92 %, 41 %, 15233 MiB, 133.83 W
2026/09/24 13:53:25.555, 2, 92 %, 51 %, 15195 MiB, 141.70 W
2026/09/24 13:53:25.556, 3, 97 %, 51 %, 15241 MiB, 148.93 W
2026/09/24 13:53:26.558, 0, 95 %, 52 %, 15259 MiB, 170.52 W
2026/09/24 13:53:26.559, 1, 92 %, 50 %, 15233 MiB, 168.26 W
2026/09/24 13:53:26.560, 2, 93 %, 52 %, 15195 MiB, 170.12 W
2026/09/24 13:53:26.562, 3, 97 %, 51 %, 15241 MiB, 171.00 W
2026/09/24 13:53:27.564, 0, 97 %, 53 %, 15259 MiB, 154.13 W
2026/09/24 13:53:27.567, 1, 96 %, 52 %, 15233 MiB, 150.46 W
2026/09/24 13:53:27.568, 2, 92 %, 41 %, 15195 MiB, 153.19 W
2026/09/24 13:53:27.569, 3, 97 %, 52 %, 15241 MiB, 150.28 W
2026/09/24 13:53:28.571, 0, 96 %, 44 %, 15259 MiB, 150.76 W
2026/09/24 13:53:28.572, 1, 92 %, 51 %, 15233 MiB, 147.68 W
2026/09/24 13:53:28.573, 2, 93 %, 51 %, 15195 MiB, 150.30 W
2026/09/24 13:53:28.574, 3, 97 %, 42 %, 15241 MiB, 147.97 W
2026/09/24 13:53:29.576, 0, 95 %, 51 %, 15259 MiB, 125.19 W
2026/09/24 13:53:29.577, 1, 92 %, 41 %, 15233 MiB, 120.68 W
2026/09/24 13:53:29.578, 2, 98 %, 53 %, 15195 MiB, 124.15 W
2026/09/24 13:53:29.581, 3, 97 %, 51 %, 15241 MiB, 121.40 W
2026/09/24 13:53:30.583, 0, 98 %, 52 %, 15259 MiB, 180.00 W
2026/09/24 13:53:30.585, 1, 92 %, 50 %, 15233 MiB, 176.77 W
2026/09/24 13:53:30.586, 2, 94 %, 52 %, 15195 MiB, 178.68 W
2026/09/24 13:53:30.587, 3, 97 %, 52 %, 15241 MiB, 177.60 W
2026/09/24 13:53:31.589, 0, 98 %, 52 %, 15259 MiB, 152.69 W
2026/09/24 13:53:31.590, 1, 99 %, 53 %, 15233 MiB, 148.64 W
2026/09/24 13:53:31.591, 2, 93 %, 42 %, 15195 MiB, 151.26 W
2026/09/24 13:53:31.592, 3, 98 %, 53 %, 15241 MiB, 149.90 W
2026/09/24 13:53:32.594, 0, 96 %, 44 %, 15259 MiB, 151.44 W
2026/09/24 13:53:32.596, 1, 92 %, 51 %, 15233 MiB, 116.26 W
2026/09/24 13:53:32.597, 2, 93 %, 51 %, 15195 MiB, 127.37 W
2026/09/24 13:53:32.598, 3, 97 %, 42 %, 15241 MiB, 148.65 W
2026/09/24 13:53:33.600, 0, 96 %, 52 %, 15259 MiB, 124.30 W
2026/09/24 13:53:33.601, 1, 92 %, 41 %, 15233 MiB, 117.86 W
2026/09/24 13:53:33.602, 2, 97 %, 53 %, 15195 MiB, 123.66 W
2026/09/24 13:53:33.604, 3, 97 %, 52 %, 15241 MiB, 122.85 W
2026/09/24 13:53:34.606, 0, 96 %, 51 %, 15259 MiB, 178.56 W
2026/09/24 13:53:34.607, 1, 92 %, 50 %, 15233 MiB, 175.33 W
2026/09/24 13:53:34.609, 2, 93 %, 51 %, 15195 MiB, 177.23 W
2026/09/24 13:53:34.610, 3, 97 %, 52 %, 15241 MiB, 177.12 W
2026/09/24 13:53:35.612, 0, 96 %, 51 %, 15259 MiB, 153.65 W
2026/09/24 13:53:35.613, 1, 92 %, 51 %, 15233 MiB, 149.98 W
2026/09/24 13:53:35.614, 2, 93 %, 41 %, 15195 MiB, 152.23 W
2026/09/24 13:53:35.616, 3, 98 %, 49 %, 15241 MiB, 150.28 W
2026/09/24 13:53:36.618, 0, 95 %, 42 %, 15259 MiB, 151.24 W
2026/09/24 13:53:36.619, 1, 100 %, 53 %, 15233 MiB, 148.16 W
2026/09/24 13:53:36.620, 2, 93 %, 51 %, 15195 MiB, 150.30 W
2026/09/24 13:53:36.621, 3, 98 %, 43 %, 15241 MiB, 148.45 W
2026/09/24 13:53:37.623, 0, 95 %, 52 %, 15259 MiB, 149.42 W
2026/09/24 13:53:37.624, 1, 92 %, 51 %, 15233 MiB, 139.60 W
2026/09/24 13:53:37.625, 2, 92 %, 51 %, 15195 MiB, 145.08 W
2026/09/24 13:53:37.627, 3, 97 %, 50 %, 15241 MiB, 139.01 W
2026/09/24 13:53:38.630, 0, 96 %, 52 %, 15259 MiB, 121.32 W
2026/09/24 13:53:38.631, 1, 93 %, 45 %, 15233 MiB, 120.76 W
2026/09/24 13:53:38.632, 2, 96 %, 53 %, 15195 MiB, 119.79 W
2026/09/24 13:53:38.633, 3, 97 %, 52 %, 15241 MiB, 113.41 W
2026/09/24 13:53:39.635, 0, 95 %, 52 %, 15259 MiB, 179.04 W
2026/09/24 13:53:39.637, 1, 93 %, 43 %, 15233 MiB, 175.81 W
2026/09/24 13:53:39.638, 2, 93 %, 49 %, 15195 MiB, 177.71 W
2026/09/24 13:53:39.639, 3, 97 %, 52 %, 15241 MiB, 176.64 W
2026/09/24 13:53:40.641, 0, 96 %, 48 %, 15259 MiB, 155.09 W
2026/09/24 13:53:40.642, 1, 92 %, 51 %, 15233 MiB, 151.42 W
2026/09/24 13:53:40.643, 2, 94 %, 44 %, 15195 MiB, 153.57 W
2026/09/24 13:53:40.645, 3, 98 %, 50 %, 15241 MiB, 151.24 W
2026/09/24 13:53:41.647, 0, 98 %, 49 %, 15259 MiB, 151.24 W
2026/09/24 13:53:41.648, 1, 92 %, 51 %, 15233 MiB, 148.16 W
2026/09/24 13:53:41.649, 2, 93 %, 45 %, 15195 MiB, 150.30 W
2026/09/24 13:53:41.650, 3, 99 %, 52 %, 15241 MiB, 148.45 W
2026/09/24 13:53:42.652, 0, 95 %, 42 %, 15259 MiB, 138.04 W
2026/09/24 13:53:42.653, 1, 96 %, 49 %, 15233 MiB, 122.53 W
2026/09/24 13:53:42.654, 2, 93 %, 51 %, 15195 MiB, 130.76 W
2026/09/24 13:53:42.656, 3, 97 %, 41 %, 15241 MiB, 143.25 W
2026/09/24 13:53:43.658, 0, 95 %, 52 %, 15259 MiB, 127.60 W
2026/09/24 13:53:43.660, 1, 92 %, 51 %, 15233 MiB, 111.11 W
2026/09/24 13:53:43.661, 2, 92 %, 51 %, 15195 MiB, 128.42 W
2026/09/24 13:53:43.663, 3, 97 %, 52 %, 15241 MiB, 126.24 W
2026/09/24 13:53:44.665, 0, 95 %, 52 %, 15259 MiB, 169.19 W
2026/09/24 13:53:44.666, 1, 92 %, 40 %, 15233 MiB, 167.30 W
2026/09/24 13:53:44.667, 2, 99 %, 52 %, 15195 MiB, 169.64 W
2026/09/24 13:53:44.668, 3, 97 %, 52 %, 15241 MiB, 170.52 W
2026/09/24 13:53:45.670, 0, 95 %, 52 %, 15259 MiB, 168.71 W
2026/09/24 13:53:45.671, 1, 92 %, 45 %, 15233 MiB, 167.42 W
2026/09/24 13:53:45.673, 2, 92 %, 51 %, 15195 MiB, 167.83 W
2026/09/24 13:53:45.674, 3, 97 %, 52 %, 15241 MiB, 162.10 W
2026/09/24 13:53:46.676, 0, 98 %, 49 %, 15259 MiB, 153.17 W
2026/09/24 13:53:46.677, 1, 93 %, 51 %, 15233 MiB, 149.50 W
2026/09/24 13:53:46.678, 2, 94 %, 44 %, 15195 MiB, 151.74 W
2026/09/24 13:53:46.679, 3, 98 %, 50 %, 15241 MiB, 150.28 W
2026/09/24 13:53:47.681, 0, 97 %, 53 %, 15259 MiB, 151.24 W
2026/09/24 13:53:47.682, 1, 92 %, 51 %, 15233 MiB, 148.16 W
2026/09/24 13:53:47.683, 2, 92 %, 41 %, 15195 MiB, 150.78 W
2026/09/24 13:53:47.684, 3, 98 %, 53 %, 15241 MiB, 148.45 W
2026/09/24 13:53:48.687, 0, 95 %, 41 %, 15259 MiB, 129.45 W
2026/09/24 13:53:48.688, 1, 100 %, 53 %, 15233 MiB, 109.66 W
2026/09/24 13:53:48.689, 2, 92 %, 51 %, 15195 MiB, 121.16 W
2026/09/24 13:53:48.690, 3, 98 %, 43 %, 15241 MiB, 140.93 W
2026/09/24 13:53:49.694, 0, 96 %, 46 %, 15259 MiB, 128.57 W
2026/09/24 13:53:49.695, 1, 92 %, 48 %, 15233 MiB, 123.57 W
2026/09/24 13:53:49.696, 2, 93 %, 51 %, 15195 MiB, 126.97 W
2026/09/24 13:53:49.697, 3, 97 %, 45 %, 15241 MiB, 122.37 W
2026/09/24 13:53:50.699, 0, 95 %, 52 %, 15259 MiB, 155.47 W
2026/09/24 13:53:50.700, 1, 92 %, 48 %, 15233 MiB, 157.56 W
2026/09/24 13:53:50.702, 2, 92 %, 52 %, 15195 MiB, 158.40 W
2026/09/24 13:53:50.703, 3, 97 %, 52 %, 15241 MiB, 160.28 W
2026/09/24 13:53:51.705, 0, 95 %, 52 %, 15259 MiB, 179.52 W
2026/09/24 13:53:51.706, 1, 92 %, 40 %, 15233 MiB, 175.81 W
2026/09/24 13:53:51.707, 2, 99 %, 51 %, 15195 MiB, 177.71 W
2026/09/24 13:53:51.708, 3, 98 %, 52 %, 15241 MiB, 177.60 W
2026/09/24 13:53:52.710, 0, 95 %, 52 %, 15259 MiB, 157.88 W
2026/09/24 13:53:52.712, 1, 92 %, 51 %, 15233 MiB, 154.78 W
2026/09/24 13:53:52.713, 2, 92 %, 51 %, 15195 MiB, 155.99 W
2026/09/24 13:53:52.714, 3, 97 %, 52 %, 15241 MiB, 153.17 W
2026/09/24 13:53:53.716, 0, 98 %, 51 %, 15259 MiB, 152.21 W
2026/09/24 13:53:53.717, 1, 92 %, 51 %, 15233 MiB, 149.12 W
2026/09/24 13:53:53.718, 2, 94 %, 47 %, 15195 MiB, 151.26 W
2026/09/24 13:53:53.719, 3, 98 %, 49 %, 15241 MiB, 149.32 W
2026/09/24 13:53:54.721, 0, 95 %, 51 %, 15259 MiB, 151.24 W
2026/09/24 13:53:54.724, 1, 92 %, 48 %, 15233 MiB, 148.16 W
2026/09/24 13:53:54.725, 2, 92 %, 40 %, 15195 MiB, 150.78 W
2026/09/24 13:53:54.726, 3, 99 %, 51 %, 15241 MiB, 148.93 W
2026/09/24 13:53:55.728, 0, 97 %, 50 %, 15259 MiB, 141.51 W
2026/09/24 13:53:55.730, 1, 92 %, 44 %, 15233 MiB, 103.94 W
2026/09/24 13:53:55.731, 2, 92 %, 44 %, 15195 MiB, 111.14 W
2026/09/24 13:53:55.732, 3, 97 %, 41 %, 15241 MiB, 127.77 W
2026/09/24 13:53:56.736, 0, 96 %, 42 %, 15259 MiB, 144.12 W
2026/09/24 13:53:56.737, 1, 92 %, 41 %, 15233 MiB, 134.40 W
2026/09/24 13:53:56.738, 2, 93 %, 51 %, 15195 MiB, 140.34 W
2026/09/24 13:53:56.739, 3, 98 %, 52 %, 15241 MiB, 145.66 W
2026/09/24 13:53:57.741, 0, 95 %, 41 %, 15259 MiB, 145.18 W
2026/09/24 13:53:57.743, 1, 92 %, 44 %, 15233 MiB, 135.36 W
2026/09/24 13:53:57.744, 2, 92 %, 52 %, 15195 MiB, 140.34 W
2026/09/24 13:53:57.745, 3, 97 %, 52 %, 15241 MiB, 137.17 W
2026/09/24 13:53:58.747, 0, 98 %, 45 %, 15259 MiB, 128.57 W
2026/09/24 13:53:58.748, 1, 92 %, 51 %, 15233 MiB, 119.23 W
2026/09/24 13:53:58.749, 2, 92 %, 52 %, 15195 MiB, 128.42 W
2026/09/24 13:53:58.750, 3, 97 %, 52 %, 15241 MiB, 123.74 W
2026/09/24 13:53:59.752, 0, 95 %, 40 %, 15259 MiB, 159.21 W
2026/09/24 13:53:59.754, 1, 92 %, 51 %, 15233 MiB, 159.85 W
2026/09/24 13:53:59.755, 2, 92 %, 52 %, 15195 MiB, 161.67 W
2026/09/24 13:53:59.756, 3, 97 %, 52 %, 15241 MiB, 162.10 W
2026/09/24 13:54:00.759, 0, 95 %, 45 %, 15259 MiB, 177.12 W
2026/09/24 13:54:00.760, 1, 92 %, 51 %, 15233 MiB, 173.42 W
2026/09/24 13:54:00.761, 2, 93 %, 52 %, 15195 MiB, 176.39 W
2026/09/24 13:54:00.762, 3, 98 %, 51 %, 15241 MiB, 176.16 W
2026/09/24 13:54:01.764, 0, 96 %, 52 %, 15259 MiB, 172.44 W
2026/09/24 13:54:01.765, 1, 94 %, 52 %, 15233 MiB, 169.81 W
2026/09/24 13:54:01.766, 2, 98 %, 53 %, 15195 MiB, 169.76 W
2026/09/24 13:54:01.767, 3, 98 %, 49 %, 15241 MiB, 164.50 W
2026/09/24 13:54:02.769, 0, 95 %, 52 %, 15259 MiB, 156.43 W
2026/09/24 13:54:02.771, 1, 100 %, 53 %, 15233 MiB, 152.86 W
2026/09/24 13:54:02.772, 2, 96 %, 49 %, 15195 MiB, 154.54 W
2026/09/24 13:54:02.773, 3, 97 %, 52 %, 15241 MiB, 152.69 W
2026/09/24 13:54:03.775, 0, 95 %, 52 %, 15259 MiB, 153.17 W
2026/09/24 13:54:03.776, 1, 96 %, 50 %, 15233 MiB, 150.08 W
2026/09/24 13:54:03.777, 2, 92 %, 50 %, 15195 MiB, 152.23 W
2026/09/24 13:54:03.778, 3, 99 %, 51 %, 15241 MiB, 150.28 W
2026/09/24 13:54:04.780, 0, 95 %, 52 %, 15259 MiB, 152.21 W
2026/09/24 13:54:04.781, 1, 92 %, 50 %, 15233 MiB, 148.16 W
2026/09/24 13:54:04.782, 2, 94 %, 53 %, 15195 MiB, 150.78 W
2026/09/24 13:54:04.783, 3, 99 %, 44 %, 15241 MiB, 149.42 W
2026/09/24 13:54:05.786, 0, 95 %, 52 %, 15259 MiB, 151.72 W
2026/09/24 13:54:05.787, 1, 92 %, 52 %, 15233 MiB, 148.16 W
2026/09/24 13:54:05.788, 2, 94 %, 46 %, 15195 MiB, 150.78 W
2026/09/24 13:54:05.789, 3, 97 %, 41 %, 15241 MiB, 148.93 W
2026/09/24 13:54:06.791, 0, 98 %, 53 %, 15259 MiB, 151.82 W
2026/09/24 13:54:06.792, 1, 92 %, 46 %, 15233 MiB, 121.08 W
2026/09/24 13:54:06.793, 2, 92 %, 40 %, 15195 MiB, 132.21 W
2026/09/24 13:54:06.794, 3, 97 %, 43 %, 15241 MiB, 149.13 W
2026/09/24 13:54:07.796, 0, 98 %, 51 %, 15259 MiB, 132.82 W
2026/09/24 13:54:07.798, 1, 92 %, 41 %, 15233 MiB, 115.86 W
2026/09/24 13:54:07.799, 2, 93 %, 40 %, 15195 MiB, 127.37 W
2026/09/24 13:54:07.801, 3, 98 %, 48 %, 15241 MiB, 141.42 W
2026/09/24 13:54:08.803, 0, 96 %, 49 %, 15259 MiB, 145.18 W
2026/09/24 13:54:08.804, 1, 92 %, 39 %, 15233 MiB, 134.88 W
2026/09/24 13:54:08.805, 2, 92 %, 42 %, 15195 MiB, 139.77 W
2026/09/24 13:54:08.806, 3, 97 %, 53 %, 15241 MiB, 145.18 W
2026/09/24 13:54:09.810, 0, 95 %, 52 %, 15259 MiB, 130.41 W
2026/09/24 13:54:09.811, 1, 92 %, 40 %, 15233 MiB, 125.42 W
2026/09/24 13:54:09.812, 2, 93 %, 47 %, 15195 MiB, 127.46 W
2026/09/24 13:54:09.813, 3, 97 %, 53 %, 15241 MiB, 124.79 W
2026/09/24 13:54:10.815, 0, 97 %, 54 %, 15259 MiB, 129.53 W
2026/09/24 13:54:10.818, 1, 92 %, 44 %, 15233 MiB, 110.14 W
2026/09/24 13:54:10.819, 2, 91 %, 50 %, 15195 MiB, 128.51 W
2026/09/24 13:54:10.820, 3, 97 %, 52 %, 15241 MiB, 123.34 W
2026/09/24 13:54:11.822, 0, 98 %, 52 %, 15259 MiB, 120.44 W
2026/09/24 13:54:11.823, 1, 92 %, 45 %, 15233 MiB, 120.28 W
2026/09/24 13:54:11.824, 2, 92 %, 52 %, 15195 MiB, 116.96 W
2026/09/24 13:54:11.825, 3, 97 %, 53 %, 15241 MiB, 112.86 W
2026/09/24 13:54:12.827, 0, 97 %, 46 %, 15259 MiB, 133.70 W
2026/09/24 13:54:12.828, 1, 92 %, 48 %, 15233 MiB, 139.60 W
2026/09/24 13:54:12.829, 2, 92 %, 52 %, 15195 MiB, 142.18 W
2026/09/24 13:54:12.830, 3, 97 %, 53 %, 15241 MiB, 143.73 W
2026/09/24 13:54:13.832, 0, 95 %, 41 %, 15259 MiB, 159.69 W
2026/09/24 13:54:13.834, 1, 92 %, 51 %, 15233 MiB, 159.85 W
2026/09/24 13:54:13.836, 2, 93 %, 52 %, 15195 MiB, 162.63 W
2026/09/24 13:54:13.837, 3, 98 %, 53 %, 15241 MiB, 164.50 W
2026/09/24 13:54:14.840, 0, 96 %, 52 %, 15259 MiB, 170.04 W
2026/09/24 13:54:14.841, 1, 92 %, 41 %, 15233 MiB, 168.26 W
2026/09/24 13:54:14.842, 2, 95 %, 53 %, 15195 MiB, 170.12 W
2026/09/24 13:54:14.843, 3, 98 %, 53 %, 15241 MiB, 171.00 W
2026/09/24 13:54:15.845, 0, 95 %, 52 %, 15259 MiB, 175.68 W
2026/09/24 13:54:15.847, 1, 92 %, 43 %, 15233 MiB, 171.62 W
2026/09/24 13:54:15.848, 2, 99 %, 51 %, 15195 MiB, 174.34 W
2026/09/24 13:54:15.849, 3, 98 %, 53 %, 15241 MiB, 174.84 W
2026/09/24 13:54:16.851, 0, 98 %, 52 %, 15259 MiB, 178.08 W
2026/09/24 13:54:16.852, 1, 92 %, 45 %, 15233 MiB, 173.90 W
2026/09/24 13:54:16.853, 2, 93 %, 51 %, 15195 MiB, 175.79 W
2026/09/24 13:54:16.854, 3, 98 %, 53 %, 15241 MiB, 176.16 W
2026/09/24 13:54:17.856, 0, 98 %, 52 %, 15259 MiB, 175.20 W
2026/09/24 13:54:17.858, 1, 92 %, 42 %, 15233 MiB, 171.98 W
2026/09/24 13:54:17.859, 2, 92 %, 49 %, 15195 MiB, 174.46 W
2026/09/24 13:54:17.860, 3, 97 %, 53 %, 15241 MiB, 174.84 W
2026/09/24 13:54:18.862, 0, 98 %, 52 %, 15259 MiB, 177.60 W
2026/09/24 13:54:18.863, 1, 92 %, 44 %, 15233 MiB, 173.42 W
2026/09/24 13:54:18.864, 2, 92 %, 50 %, 15195 MiB, 175.31 W
2026/09/24 13:54:18.865, 3, 97 %, 53 %, 15241 MiB, 175.68 W
2026/09/24 13:54:19.868, 0, 98 %, 51 %, 15259 MiB, 178.56 W
2026/09/24 13:54:19.870, 1, 92 %, 45 %, 15233 MiB, 174.37 W
2026/09/24 13:54:19.871, 2, 92 %, 51 %, 15195 MiB, 177.23 W
2026/09/24 13:54:19.872, 3, 98 %, 53 %, 15241 MiB, 176.64 W
2026/09/24 13:54:20.874, 0, 98 %, 51 %, 15259 MiB, 177.12 W
2026/09/24 13:54:20.877, 1, 93 %, 46 %, 15233 MiB, 172.10 W
2026/09/24 13:54:20.878, 2, 92 %, 51 %, 15195 MiB, 174.46 W
2026/09/24 13:54:20.879, 3, 97 %, 53 %, 15241 MiB, 167.75 W
2026/09/24 13:54:21.881, 0, 98 %, 51 %, 15259 MiB, 170.52 W
2026/09/24 13:54:21.882, 1, 92 %, 47 %, 15233 MiB, 167.42 W
2026/09/24 13:54:21.885, 2, 93 %, 51 %, 15195 MiB, 167.35 W
2026/09/24 13:54:21.886, 3, 98 %, 53 %, 15241 MiB, 162.10 W
2026/09/24 13:54:22.888, 0, 97 %, 50 %, 15259 MiB, 166.31 W
2026/09/24 13:54:22.889, 1, 91 %, 47 %, 15233 MiB, 164.06 W
2026/09/24 13:54:22.890, 2, 92 %, 51 %, 15195 MiB, 165.42 W
2026/09/24 13:54:22.891, 3, 97 %, 53 %, 15241 MiB, 159.69 W
2026/09/24 13:54:23.893, 0, 98 %, 51 %, 15259 MiB, 164.02 W
2026/09/24 13:54:23.894, 1, 92 %, 47 %, 15233 MiB, 161.77 W
2026/09/24 13:54:23.895, 2, 92 %, 52 %, 15195 MiB, 163.60 W
2026/09/24 13:54:23.897, 3, 97 %, 53 %, 15241 MiB, 157.77 W
2026/09/24 13:54:24.899, 0, 97 %, 51 %, 15259 MiB, 162.10 W
2026/09/24 13:54:24.900, 1, 92 %, 47 %, 15233 MiB, 158.41 W
2026/09/24 13:54:24.901, 2, 92 %, 51 %, 15195 MiB, 160.71 W
2026/09/24 13:54:24.903, 3, 97 %, 53 %, 15241 MiB, 156.91 W
2026/09/24 13:54:25.905, 0, 98 %, 51 %, 15259 MiB, 161.99 W
2026/09/24 13:54:25.906, 1, 91 %, 46 %, 15233 MiB, 159.37 W
2026/09/24 13:54:25.907, 2, 92 %, 51 %, 15195 MiB, 160.71 W
2026/09/24 13:54:25.908, 3, 97 %, 53 %, 15241 MiB, 156.91 W
2026/09/24 13:54:26.910, 0, 97 %, 51 %, 15259 MiB, 161.13 W
2026/09/24 13:54:26.912, 1, 92 %, 46 %, 15233 MiB, 158.52 W
2026/09/24 13:54:26.913, 2, 93 %, 51 %, 15195 MiB, 160.22 W
2026/09/24 13:54:26.914, 3, 97 %, 53 %, 15241 MiB, 156.43 W
2026/09/24 13:54:27.916, 0, 98 %, 51 %, 15259 MiB, 160.65 W
2026/09/24 13:54:27.917, 1, 92 %, 46 %, 15233 MiB, 157.56 W
2026/09/24 13:54:27.918, 2, 92 %, 51 %, 15195 MiB, 158.78 W
2026/09/24 13:54:27.919, 3, 98 %, 53 %, 15241 MiB, 155.95 W
2026/09/24 13:54:28.922, 0, 97 %, 51 %, 15259 MiB, 160.65 W
2026/09/24 13:54:28.923, 1, 92 %, 45 %, 15233 MiB, 157.56 W
2026/09/24 13:54:28.924, 2, 92 %, 51 %, 15195 MiB, 159.26 W
2026/09/24 13:54:28.925, 3, 98 %, 53 %, 15241 MiB, 155.95 W
2026/09/24 13:54:29.927, 0, 98 %, 52 %, 15259 MiB, 161.62 W
2026/09/24 13:54:29.928, 1, 92 %, 44 %, 15233 MiB, 159.00 W
2026/09/24 13:54:29.929, 2, 92 %, 51 %, 15195 MiB, 159.74 W
2026/09/24 13:54:29.930, 3, 98 %, 53 %, 15241 MiB, 157.39 W
2026/09/24 13:54:30.932, 0, 97 %, 52 %, 15259 MiB, 164.39 W
2026/09/24 13:54:30.933, 1, 92 %, 43 %, 15233 MiB, 161.29 W
2026/09/24 13:54:30.935, 2, 92 %, 50 %, 15195 MiB, 162.15 W
2026/09/24 13:54:30.936, 3, 97 %, 53 %, 15241 MiB, 158.36 W
2026/09/24 13:54:31.939, 0, 97 %, 53 %, 15259 MiB, 168.23 W
2026/09/24 13:54:31.940, 1, 92 %, 41 %, 15233 MiB, 166.46 W
2026/09/24 13:54:31.941, 2, 94 %, 50 %, 15195 MiB, 166.87 W
2026/09/24 13:54:31.942, 3, 98 %, 53 %, 15241 MiB, 161.62 W
2026/09/24 13:54:32.944, 0, 98 %, 54 %, 15259 MiB, 173.40 W
2026/09/24 13:54:32.945, 1, 92 %, 39 %, 15233 MiB, 170.18 W
2026/09/24 13:54:32.946, 2, 97 %, 51 %, 15195 MiB, 171.09 W
2026/09/24 13:54:32.947, 3, 98 %, 52 %, 15241 MiB, 164.87 W
2026/09/24 13:54:33.949, 0, 94 %, 53 %, 15259 MiB, 178.08 W
2026/09/24 13:54:33.951, 1, 91 %, 38 %, 15233 MiB, 173.42 W
2026/09/24 13:54:33.952, 2, 98 %, 52 %, 15195 MiB, 176.27 W
2026/09/24 13:54:33.954, 3, 97 %, 49 %, 15241 MiB, 171.96 W
2026/09/24 13:54:34.956, 0, 95 %, 52 %, 15259 MiB, 177.60 W
2026/09/24 13:54:34.958, 1, 92 %, 39 %, 15233 MiB, 173.90 W
2026/09/24 13:54:34.959, 2, 98 %, 53 %, 15195 MiB, 175.31 W
2026/09/24 13:54:34.960, 3, 98 %, 47 %, 15241 MiB, 175.20 W
2026/09/24 13:54:35.962, 0, 95 %, 53 %, 15259 MiB, 177.12 W
2026/09/24 13:54:35.963, 1, 92 %, 40 %, 15233 MiB, 172.94 W
2026/09/24 13:54:35.964, 2, 98 %, 54 %, 15195 MiB, 174.82 W
2026/09/24 13:54:35.965, 3, 97 %, 45 %, 15241 MiB, 174.72 W
2026/09/24 13:54:36.967, 0, 95 %, 53 %, 15259 MiB, 174.72 W
2026/09/24 13:54:36.969, 1, 92 %, 43 %, 15233 MiB, 171.02 W
2026/09/24 13:54:36.970, 2, 98 %, 55 %, 15195 MiB, 173.38 W
2026/09/24 13:54:36.971, 3, 98 %, 42 %, 15241 MiB, 173.40 W
2026/09/24 13:54:37.973, 0, 95 %, 53 %, 15259 MiB, 157.39 W
2026/09/24 13:54:37.975, 1, 92 %, 52 %, 15233 MiB, 155.54 W
2026/09/24 13:54:37.976, 2, 92 %, 52 %, 15195 MiB, 158.29 W
2026/09/24 13:54:37.977, 3, 99 %, 42 %, 15241 MiB, 160.17 W
2026/09/24 13:54:38.979, 0, 94 %, 53 %, 15259 MiB, 143.54 W
2026/09/24 13:54:38.980, 1, 92 %, 51 %, 15233 MiB, 148.64 W
2026/09/24 13:54:38.982, 2, 92 %, 52 %, 15195 MiB, 149.71 W
2026/09/24 13:54:38.983, 3, 99 %, 46 %, 15241 MiB, 150.76 W
2026/09/24 13:54:39.985, 0, 95 %, 53 %, 15259 MiB, 113.67 W
2026/09/24 13:54:39.986, 1, 92 %, 49 %, 15233 MiB, 114.97 W
2026/09/24 13:54:39.987, 2, 92 %, 53 %, 15195 MiB, 127.46 W
2026/09/24 13:54:39.988, 3, 99 %, 50 %, 15241 MiB, 131.38 W
2026/09/24 13:54:40.991, 0, 94 %, 49 %, 15259 MiB, 128.48 W
2026/09/24 13:54:40.992, 1, 96 %, 50 %, 15233 MiB, 118.67 W
2026/09/24 13:54:40.993, 2, 92 %, 52 %, 15195 MiB, 127.94 W
2026/09/24 13:54:40.994, 3, 99 %, 53 %, 15241 MiB, 124.22 W
2026/09/24 13:54:41.996, 0, 95 %, 45 %, 15259 MiB, 124.22 W
2026/09/24 13:54:41.997, 1, 100 %, 53 %, 15233 MiB, 119.72 W
2026/09/24 13:54:41.998, 2, 92 %, 52 %, 15195 MiB, 122.61 W
2026/09/24 13:54:42.000, 3, 97 %, 52 %, 15241 MiB, 120.92 W
2026/09/24 13:54:43.002, 0, 95 %, 41 %, 15259 MiB, 138.43 W
2026/09/24 13:54:43.003, 1, 100 %, 54 %, 15233 MiB, 132.95 W
2026/09/24 13:54:43.004, 2, 92 %, 49 %, 15195 MiB, 134.54 W
2026/09/24 13:54:43.005, 3, 97 %, 50 %, 15241 MiB, 131.86 W
2026/09/24 13:54:44.007, 0, 95 %, 39 %, 15259 MiB, 142.29 W
2026/09/24 13:54:44.008, 1, 97 %, 54 %, 15233 MiB, 132.47 W
2026/09/24 13:54:44.009, 2, 92 %, 45 %, 15195 MiB, 136.87 W
2026/09/24 13:54:44.010, 3, 98 %, 51 %, 15241 MiB, 142.29 W
2026/09/24 13:54:45.013, 0, 97 %, 42 %, 15259 MiB, 136.11 W
2026/09/24 13:54:45.014, 1, 91 %, 52 %, 15233 MiB, 121.96 W
2026/09/24 13:54:45.015, 2, 92 %, 40 %, 15195 MiB, 131.15 W
2026/09/24 13:54:45.017, 3, 98 %, 52 %, 15241 MiB, 141.32 W
2026/09/24 13:54:46.019, 0, 95 %, 50 %, 15259 MiB, 125.10 W
2026/09/24 13:54:46.021, 1, 92 %, 52 %, 15233 MiB, 107.25 W
2026/09/24 13:54:46.022, 2, 92 %, 39 %, 15195 MiB, 117.85 W
2026/09/24 13:54:46.023, 3, 98 %, 54 %, 15241 MiB, 137.65 W
2026/09/24 13:54:47.026, 0, 97 %, 51 %, 15259 MiB, 150.86 W
2026/09/24 13:54:47.027, 1, 91 %, 52 %, 15233 MiB, 121.96 W
2026/09/24 13:54:47.028, 2, 94 %, 42 %, 15195 MiB, 129.31 W
2026/09/24 13:54:47.029, 3, 98 %, 53 %, 15241 MiB, 148.55 W
2026/09/24 13:54:48.031, 0, 98 %, 53 %, 15259 MiB, 150.76 W
2026/09/24 13:54:48.032, 1, 92 %, 52 %, 15233 MiB, 147.20 W
2026/09/24 13:54:48.033, 2, 94 %, 48 %, 15195 MiB, 149.33 W
2026/09/24 13:54:48.034, 3, 97 %, 53 %, 15241 MiB, 148.35 W
2026/09/24 13:54:49.036, 0, 96 %, 53 %, 15259 MiB, 151.24 W
2026/09/24 13:54:49.038, 1, 92 %, 49 %, 15233 MiB, 147.10 W
2026/09/24 13:54:49.039, 2, 94 %, 53 %, 15195 MiB, 149.33 W
2026/09/24 13:54:49.040, 3, 98 %, 53 %, 15241 MiB, 148.84 W
2026/09/24 13:54:50.042, 0, 95 %, 53 %, 15259 MiB, 151.24 W
2026/09/24 13:54:50.043, 1, 92 %, 43 %, 15233 MiB, 147.58 W
2026/09/24 13:54:50.044, 2, 92 %, 51 %, 15195 MiB, 150.30 W
2026/09/24 13:54:50.045, 3, 98 %, 54 %, 15241 MiB, 148.84 W
2026/09/24 13:54:51.048, 0, 94 %, 53 %, 15259 MiB, 152.21 W
2026/09/24 13:54:51.049, 1, 92 %, 38 %, 15233 MiB, 148.54 W
2026/09/24 13:54:51.050, 2, 98 %, 51 %, 15195 MiB, 150.68 W
2026/09/24 13:54:51.051, 3, 97 %, 50 %, 15241 MiB, 149.32 W
2026/09/24 13:54:52.053, 0, 95 %, 53 %, 15259 MiB, 154.99 W
2026/09/24 13:54:52.054, 1, 92 %, 40 %, 15233 MiB, 151.42 W
2026/09/24 13:54:52.057, 2, 99 %, 54 %, 15195 MiB, 153.57 W
2026/09/24 13:54:52.058, 3, 98 %, 44 %, 15241 MiB, 151.24 W
2026/09/24 13:54:53.060, 0, 94 %, 51 %, 15259 MiB, 164.39 W
2026/09/24 13:54:53.061, 1, 92 %, 48 %, 15233 MiB, 162.62 W
2026/09/24 13:54:53.062, 2, 94 %, 54 %, 15195 MiB, 163.49 W
2026/09/24 13:54:53.063, 3, 97 %, 39 %, 15241 MiB, 158.73 W
2026/09/24 13:54:54.065, 0, 94 %, 45 %, 15259 MiB, 176.16 W
2026/09/24 13:54:54.067, 1, 92 %, 52 %, 15233 MiB, 171.98 W
2026/09/24 13:54:54.068, 2, 93 %, 53 %, 15195 MiB, 173.86 W
2026/09/24 13:54:54.069, 3, 99 %, 44 %, 15241 MiB, 174.24 W
2026/09/24 13:54:55.071, 0, 95 %, 39 %, 15259 MiB, 171.37 W
2026/09/24 13:54:55.073, 1, 93 %, 50 %, 15233 MiB, 168.74 W
2026/09/24 13:54:55.074, 2, 92 %, 53 %, 15195 MiB, 170.61 W
2026/09/24 13:54:55.075, 3, 99 %, 52 %, 15241 MiB, 171.00 W
2026/09/24 13:54:56.077, 0, 97 %, 42 %, 15259 MiB, 154.99 W
2026/09/24 13:54:56.078, 1, 100 %, 53 %, 15233 MiB, 155.06 W
2026/09/24 13:54:56.079, 2, 92 %, 53 %, 15195 MiB, 157.81 W
2026/09/24 13:54:56.080, 3, 97 %, 52 %, 15241 MiB, 158.25 W
2026/09/24 13:54:57.083, 0, 97 %, 51 %, 15259 MiB, 124.14 W
2026/09/24 13:54:57.084, 1, 98 %, 55 %, 15233 MiB, 124.06 W
2026/09/24 13:54:57.085, 2, 94 %, 41 %, 15195 MiB, 123.58 W
2026/09/24 13:54:57.086, 3, 98 %, 51 %, 15241 MiB, 113.67 W
2026/09/24 13:54:58.088, 0, 97 %, 51 %, 15259 MiB, 138.04 W
2026/09/24 13:54:58.089, 1, 91 %, 52 %, 15233 MiB, 127.74 W
2026/09/24 13:54:58.090, 2, 92 %, 52 %, 15195 MiB, 133.57 W
2026/09/24 13:54:58.091, 3, 97 %, 53 %, 15241 MiB, 139.88 W
2026/09/24 13:54:59.093, 0, 97 %, 53 %, 15259 MiB, 131.46 W
2026/09/24 13:54:59.094, 1, 92 %, 52 %, 15233 MiB, 99.11 W
2026/09/24 13:54:59.095, 2, 96 %, 51 %, 15195 MiB, 109.20 W
2026/09/24 13:54:59.096, 3, 98 %, 53 %, 15241 MiB, 131.07 W
2026/09/24 13:55:00.098, 0, 94 %, 53 %, 15259 MiB, 123.82 W
2026/09/24 13:55:00.125, 1, 92 %, 52 %, 15233 MiB, 104.35 W
2026/09/24 13:55:00.126, 2, 98 %, 54 %, 15195 MiB, 116.32 W
2026/09/24 13:55:00.128, 3, 97 %, 53 %, 15241 MiB, 135.24 W
2026/09/24 13:55:01.130, 0, 94 %, 53 %, 15259 MiB, 150.28 W
2026/09/24 13:55:01.131, 1, 92 %, 51 %, 15233 MiB, 146.71 W
2026/09/24 13:55:01.132, 2, 92 %, 53 %, 15195 MiB, 149.33 W
2026/09/24 13:55:01.133, 3, 98 %, 53 %, 15241 MiB, 147.49 W
2026/09/24 13:55:02.136, 0, 94 %, 53 %, 15259 MiB, 150.28 W
2026/09/24 13:55:02.137, 1, 92 %, 49 %, 15233 MiB, 147.20 W
2026/09/24 13:55:02.139, 2, 92 %, 53 %, 15195 MiB, 149.81 W
2026/09/24 13:55:02.140, 3, 97 %, 53 %, 15241 MiB, 148.35 W
2026/09/24 13:55:03.142, 0, 95 %, 47 %, 15259 MiB, 151.72 W
2026/09/24 13:55:03.143, 1, 92 %, 49 %, 15233 MiB, 147.58 W
2026/09/24 13:55:03.144, 2, 92 %, 53 %, 15195 MiB, 149.81 W
2026/09/24 13:55:03.145, 3, 98 %, 53 %, 15241 MiB, 148.84 W
2026/09/24 13:55:04.147, 0, 94 %, 38 %, 15259 MiB, 155.47 W
2026/09/24 13:55:04.149, 1, 92 %, 41 %, 15233 MiB, 151.42 W
2026/09/24 13:55:04.150, 2, 92 %, 46 %, 15195 MiB, 153.57 W
2026/09/24 13:55:04.151, 3, 97 %, 53 %, 15241 MiB, 151.24 W
2026/09/24 13:55:05.153, 0, 97 %, 43 %, 15259 MiB, 172.44 W
2026/09/24 13:55:05.154, 1, 92 %, 38 %, 15233 MiB, 166.46 W
2026/09/24 13:55:05.155, 2, 92 %, 38 %, 15195 MiB, 171.20 W
2026/09/24 13:55:05.156, 3, 98 %, 49 %, 15241 MiB, 164.39 W
2026/09/24 13:55:06.158, 0, 97 %, 52 %, 15259 MiB, 171.48 W
2026/09/24 13:55:06.159, 1, 92 %, 48 %, 15233 MiB, 169.22 W
2026/09/24 13:55:06.160, 2, 94 %, 43 %, 15195 MiB, 170.12 W
2026/09/24 13:55:06.161, 3, 97 %, 39 %, 15241 MiB, 170.52 W
2026/09/24 13:55:07.164, 0, 96 %, 51 %, 15259 MiB, 144.50 W
2026/09/24 13:55:07.165, 1, 92 %, 52 %, 15233 MiB, 147.58 W
2026/09/24 13:55:07.166, 2, 94 %, 53 %, 15195 MiB, 151.16 W
2026/09/24 13:55:07.167, 3, 99 %, 43 %, 15241 MiB, 156.43 W
2026/09/24 13:55:08.172, 0, 97 %, 53 %, 15259 MiB, 122.77 W
2026/09/24 13:55:08.173, 1, 100 %, 53 %, 15233 MiB, 116.42 W
2026/09/24 13:55:08.174, 2, 96 %, 51 %, 15195 MiB, 121.64 W
2026/09/24 13:55:08.175, 3, 99 %, 53 %, 15241 MiB, 119.95 W
2026/09/24 13:55:09.178, 0, 94 %, 53 %, 15259 MiB, 138.91 W
2026/09/24 13:55:09.179, 1, 98 %, 55 %, 15233 MiB, 130.07 W
2026/09/24 13:55:09.180, 2, 98 %, 55 %, 15195 MiB, 135.99 W
2026/09/24 13:55:09.181, 3, 98 %, 51 %, 15241 MiB, 139.40 W
2026/09/24 13:55:10.183, 0, 94 %, 53 %, 15259 MiB, 138.13 W
2026/09/24 13:55:10.184, 1, 92 %, 52 %, 15233 MiB, 103.39 W
2026/09/24 13:55:10.185, 2, 92 %, 53 %, 15195 MiB, 112.04 W
2026/09/24 13:55:10.186, 3, 98 %, 53 %, 15241 MiB, 139.67 W
2026/09/24 13:55:11.188, 0, 94 %, 50 %, 15259 MiB, 149.80 W
2026/09/24 13:55:11.189, 1, 92 %, 53 %, 15233 MiB, 147.20 W
2026/09/24 13:55:11.190, 2, 92 %, 53 %, 15195 MiB, 148.85 W
2026/09/24 13:55:11.191, 3, 98 %, 54 %, 15241 MiB, 147.49 W
2026/09/24 13:55:12.194, 0, 94 %, 40 %, 15259 MiB, 151.24 W
2026/09/24 13:55:12.195, 1, 92 %, 44 %, 15233 MiB, 147.58 W
2026/09/24 13:55:12.196, 2, 93 %, 48 %, 15195 MiB, 149.81 W
2026/09/24 13:55:12.197, 3, 97 %, 54 %, 15241 MiB, 148.84 W
2026/09/24 13:55:13.199, 0, 97 %, 43 %, 15259 MiB, 156.43 W
2026/09/24 13:55:13.200, 1, 92 %, 38 %, 15233 MiB, 152.28 W
2026/09/24 13:55:13.202, 2, 92 %, 38 %, 15195 MiB, 155.02 W
2026/09/24 13:55:13.203, 3, 98 %, 50 %, 15241 MiB, 152.21 W
2026/09/24 13:55:14.205, 0, 97 %, 54 %, 15259 MiB, 174.72 W
2026/09/24 13:55:14.206, 1, 92 %, 48 %, 15233 MiB, 171.02 W
2026/09/24 13:55:14.208, 2, 94 %, 45 %, 15195 MiB, 173.01 W
2026/09/24 13:55:14.210, 3, 97 %, 39 %, 15241 MiB, 172.92 W
2026/09/24 13:55:15.212, 0, 98 %, 51 %, 15259 MiB, 163.91 W
2026/09/24 13:55:15.214, 1, 92 %, 51 %, 15233 MiB, 163.58 W
2026/09/24 13:55:15.215, 2, 92 %, 52 %, 15195 MiB, 165.42 W
2026/09/24 13:55:15.216, 3, 99 %, 45 %, 15241 MiB, 165.83 W
2026/09/24 13:55:16.218, 0, 97 %, 54 %, 15259 MiB, 126.07 W
2026/09/24 13:55:16.220, 1, 100 %, 54 %, 15233 MiB, 120.20 W
2026/09/24 13:55:16.221, 2, 99 %, 53 %, 15195 MiB, 125.03 W
2026/09/24 13:55:16.222, 3, 98 %, 53 %, 15241 MiB, 118.50 W
2026/09/24 13:55:17.224, 0, 95 %, 53 %, 15259 MiB, 139.40 W
2026/09/24 13:55:17.225, 1, 92 %, 53 %, 15233 MiB, 131.03 W
2026/09/24 13:55:17.226, 2, 96 %, 55 %, 15195 MiB, 136.47 W
2026/09/24 13:55:17.227, 3, 98 %, 52 %, 15241 MiB, 139.88 W
2026/09/24 13:55:18.229, 0, 95 %, 57 %, 15259 MiB, 150.28 W
2026/09/24 13:55:18.230, 1, 91 %, 60 %, 15233 MiB, 147.20 W
2026/09/24 13:55:18.232, 2, 92 %, 60 %, 15195 MiB, 149.33 W
2026/09/24 13:55:18.234, 3, 98 %, 61 %, 15241 MiB, 147.49 W
2026/09/24 13:55:19.236, 0, 94 %, 41 %, 15259 MiB, 150.76 W
2026/09/24 13:55:19.237, 1, 92 %, 41 %, 15233 MiB, 147.10 W
2026/09/24 13:55:19.238, 2, 92 %, 49 %, 15195 MiB, 149.33 W
2026/09/24 13:55:19.239, 3, 97 %, 54 %, 15241 MiB, 148.35 W
2026/09/24 13:55:20.241, 0, 95 %, 39 %, 15259 MiB, 153.55 W
2026/09/24 13:55:20.243, 1, 92 %, 39 %, 15233 MiB, 150.46 W
2026/09/24 13:55:20.244, 2, 92 %, 42 %, 15195 MiB, 152.13 W
2026/09/24 13:55:20.245, 3, 98 %, 46 %, 15241 MiB, 150.28 W
2026/09/24 13:55:21.247, 0, 97 %, 46 %, 15259 MiB, 175.68 W
2026/09/24 13:55:21.248, 1, 92 %, 51 %, 15233 MiB, 171.50 W
2026/09/24 13:55:21.249, 2, 93 %, 39 %, 15195 MiB, 173.38 W
2026/09/24 13:55:21.250, 3, 97 %, 39 %, 15241 MiB, 168.60 W
2026/09/24 13:55:22.252, 0, 97 %, 52 %, 15259 MiB, 163.44 W
2026/09/24 13:55:22.254, 1, 97 %, 51 %, 15233 MiB, 163.23 W
2026/09/24 13:55:22.255, 2, 94 %, 41 %, 15195 MiB, 164.58 W
2026/09/24 13:55:22.256, 3, 99 %, 51 %, 15241 MiB, 165.38 W
2026/09/24 13:55:23.258, 0, 95 %, 52 %, 15259 MiB, 124.07 W
2026/09/24 13:55:23.263, 1, 99 %, 55 %, 15233 MiB, 105.18 W
2026/09/24 13:55:23.264, 2, 94 %, 46 %, 15195 MiB, 121.08 W
2026/09/24 13:55:23.265, 3, 98 %, 51 %, 15241 MiB, 115.10 W
2026/09/24 13:55:24.268, 0, 97 %, 52 %, 15259 MiB, 137.92 W
2026/09/24 13:55:24.270, 1, 92 %, 53 %, 15233 MiB, 127.60 W
2026/09/24 13:55:24.271, 2, 92 %, 51 %, 15195 MiB, 133.53 W
2026/09/24 13:55:24.272, 3, 97 %, 54 %, 15241 MiB, 138.89 W
2026/09/24 13:55:25.274, 0, 94 %, 53 %, 15259 MiB, 150.30 W
2026/09/24 13:55:25.276, 1, 92 %, 47 %, 15233 MiB, 131.38 W
2026/09/24 13:55:25.277, 2, 98 %, 54 %, 15195 MiB, 142.65 W
2026/09/24 13:55:25.278, 3, 98 %, 54 %, 15241 MiB, 147.50 W
2026/09/24 13:55:26.280, 0, 94 %, 53 %, 15259 MiB, 150.78 W
2026/09/24 13:55:26.281, 1, 92 %, 37 %, 15233 MiB, 147.11 W
2026/09/24 13:55:26.282, 2, 92 %, 53 %, 15195 MiB, 149.34 W
2026/09/24 13:55:26.283, 3, 97 %, 51 %, 15241 MiB, 147.88 W
2026/09/24 13:55:27.285, 0, 94 %, 48 %, 15259 MiB, 154.06 W
2026/09/24 13:55:27.286, 1, 91 %, 48 %, 15233 MiB, 150.96 W
2026/09/24 13:55:27.288, 2, 92 %, 53 %, 15195 MiB, 152.63 W
2026/09/24 13:55:27.289, 3, 98 %, 38 %, 15241 MiB, 150.68 W
2026/09/24 13:55:28.291, 0, 94 %, 38 %, 15259 MiB, 174.46 W
2026/09/24 13:55:28.292, 1, 93 %, 50 %, 15233 MiB, 170.75 W
2026/09/24 13:55:28.293, 2, 92 %, 42 %, 15195 MiB, 172.25 W
2026/09/24 13:55:28.294, 3, 99 %, 48 %, 15241 MiB, 172.53 W
2026/09/24 13:55:29.296, 0, 97 %, 50 %, 15259 MiB, 153.96 W
2026/09/24 13:55:29.297, 1, 100 %, 55 %, 15233 MiB, 155.20 W
2026/09/24 13:55:29.298, 2, 94 %, 42 %, 15195 MiB, 156.02 W
2026/09/24 13:55:29.300, 3, 97 %, 51 %, 15241 MiB, 157.81 W
2026/09/24 13:55:30.302, 0, 97 %, 51 %, 15259 MiB, 127.37 W
2026/09/24 13:55:30.303, 1, 92 %, 53 %, 15233 MiB, 123.82 W
2026/09/24 13:55:30.304, 2, 93 %, 53 %, 15195 MiB, 126.34 W
2026/09/24 13:55:30.305, 3, 98 %, 54 %, 15241 MiB, 122.13 W
2026/09/24 13:55:31.308, 0, 97 %, 54 %, 15259 MiB, 130.76 W
2026/09/24 13:55:31.309, 1, 92 %, 50 %, 15233 MiB, 116.17 W
2026/09/24 13:55:31.310, 2, 98 %, 53 %, 15195 MiB, 124.39 W
2026/09/24 13:55:31.311, 3, 97 %, 54 %, 15241 MiB, 137.05 W
2026/09/24 13:55:32.313, 0, 94 %, 53 %, 15259 MiB, 150.30 W
2026/09/24 13:55:32.314, 1, 92 %, 37 %, 15233 MiB, 146.62 W
2026/09/24 13:55:32.315, 2, 92 %, 53 %, 15195 MiB, 148.86 W
2026/09/24 13:55:32.316, 3, 97 %, 54 %, 15241 MiB, 147.88 W
2026/09/24 13:55:33.319, 0, 94 %, 51 %, 15259 MiB, 151.16 W
2026/09/24 13:55:33.320, 1, 92 %, 46 %, 15233 MiB, 148.07 W
2026/09/24 13:55:33.321, 2, 92 %, 54 %, 15195 MiB, 150.31 W
2026/09/24 13:55:33.322, 3, 97 %, 41 %, 15241 MiB, 148.85 W
2026/09/24 13:55:34.324, 0, 95 %, 38 %, 15259 MiB, 164.94 W
2026/09/24 13:55:34.325, 1, 92 %, 50 %, 15233 MiB, 162.31 W
2026/09/24 13:55:34.326, 2, 92 %, 43 %, 15195 MiB, 163.66 W
2026/09/24 13:55:34.327, 3, 99 %, 47 %, 15241 MiB, 156.37 W
2026/09/24 13:55:35.330, 0, 97 %, 49 %, 15259 MiB, 168.79 W
2026/09/24 13:55:35.332, 1, 100 %, 55 %, 15233 MiB, 166.53 W
2026/09/24 13:55:35.333, 2, 94 %, 41 %, 15195 MiB, 166.93 W
2026/09/24 13:55:35.334, 3, 98 %, 52 %, 15241 MiB, 168.31 W
2026/09/24 13:55:36.336, 0, 96 %, 51 %, 15259 MiB, 126.49 W
2026/09/24 13:55:36.337, 1, 92 %, 53 %, 15233 MiB, 121.40 W
2026/09/24 13:55:36.338, 2, 94 %, 53 %, 15195 MiB, 123.91 W
2026/09/24 13:55:36.339, 3, 98 %, 53 %, 15241 MiB, 118.33 W
2026/09/24 13:55:37.341, 0, 97 %, 54 %, 15259 MiB, 136.47 W
2026/09/24 13:55:37.342, 1, 92 %, 49 %, 15233 MiB, 126.64 W
2026/09/24 13:55:37.343, 2, 99 %, 54 %, 15195 MiB, 133.04 W
2026/09/24 13:55:37.345, 3, 98 %, 54 %, 15241 MiB, 138.89 W
2026/09/24 13:55:38.347, 0, 94 %, 53 %, 15259 MiB, 149.81 W
2026/09/24 13:55:38.348, 1, 92 %, 37 %, 15233 MiB, 147.11 W
2026/09/24 13:55:38.349, 2, 92 %, 53 %, 15195 MiB, 149.34 W
2026/09/24 13:55:38.350, 3, 98 %, 52 %, 15241 MiB, 147.40 W
2026/09/24 13:55:39.352, 0, 94 %, 43 %, 15259 MiB, 152.61 W
2026/09/24 13:55:39.353, 1, 92 %, 52 %, 15233 MiB, 148.55 W
2026/09/24 13:55:39.355, 2, 92 %, 49 %, 15195 MiB, 151.28 W
2026/09/24 13:55:39.356, 3, 99 %, 41 %, 15241 MiB, 149.33 W
2026/09/24 13:55:40.358, 0, 97 %, 42 %, 15259 MiB, 174.46 W
2026/09/24 13:55:40.359, 1, 100 %, 54 %, 15233 MiB, 170.75 W
2026/09/24 13:55:40.360, 2, 92 %, 37 %, 15195 MiB, 172.25 W
2026/09/24 13:55:40.361, 3, 99 %, 54 %, 15241 MiB, 172.53 W
2026/09/24 13:55:41.364, 0, 94 %, 52 %, 15259 MiB, 154.06 W
2026/09/24 13:55:41.365, 1, 92 %, 53 %, 15233 MiB, 153.75 W
2026/09/24 13:55:41.366, 2, 94 %, 51 %, 15195 MiB, 157.96 W
2026/09/24 13:55:41.368, 3, 98 %, 52 %, 15241 MiB, 158.29 W
2026/09/24 13:55:42.371, 0, 97 %, 53 %, 15259 MiB, 133.57 W
2026/09/24 13:55:42.372, 1, 92 %, 51 %, 15233 MiB, 129.53 W
2026/09/24 13:55:42.373, 2, 98 %, 53 %, 15195 MiB, 131.19 W
2026/09/24 13:55:42.374, 3, 97 %, 54 %, 15241 MiB, 126.97 W
2026/09/24 13:55:43.377, 0, 94 %, 53 %, 15259 MiB, 133.26 W
2026/09/24 13:55:43.378, 1, 92 %, 37 %, 15233 MiB, 101.79 W
2026/09/24 13:55:43.379, 2, 92 %, 54 %, 15195 MiB, 110.46 W
2026/09/24 13:55:43.380, 3, 97 %, 53 %, 15241 MiB, 132.87 W
2026/09/24 13:55:44.382, 0, 94 %, 49 %, 15259 MiB, 150.78 W
2026/09/24 13:55:44.383, 1, 93 %, 49 %, 15233 MiB, 147.59 W
2026/09/24 13:55:44.385, 2, 92 %, 54 %, 15195 MiB, 149.34 W
2026/09/24 13:55:44.386, 3, 97 %, 38 %, 15241 MiB, 147.88 W
2026/09/24 13:55:45.388, 0, 95 %, 38 %, 15259 MiB, 155.51 W
2026/09/24 13:55:45.390, 1, 98 %, 52 %, 15233 MiB, 152.79 W
2026/09/24 13:55:45.391, 2, 93 %, 40 %, 15195 MiB, 154.67 W
2026/09/24 13:55:45.392, 3, 99 %, 51 %, 15241 MiB, 151.26 W
2026/09/24 13:55:46.394, 0, 97 %, 53 %, 15259 MiB, 172.53 W
2026/09/24 13:55:46.395, 1, 95 %, 54 %, 15233 MiB, 168.82 W
2026/09/24 13:55:46.396, 2, 94 %, 48 %, 15195 MiB, 170.80 W
2026/09/24 13:55:46.399, 3, 98 %, 51 %, 15241 MiB, 171.57 W
2026/09/24 13:55:47.401, 0, 97 %, 52 %, 15259 MiB, 113.49 W
2026/09/24 13:55:47.402, 1, 92 %, 53 %, 15233 MiB, 117.69 W
2026/09/24 13:55:47.403, 2, 95 %, 52 %, 15195 MiB, 111.92 W
2026/09/24 13:55:47.404, 3, 97 %, 54 %, 15241 MiB, 106.85 W
2026/09/24 13:55:48.406, 0, 94 %, 53 %, 15259 MiB, 135.99 W
2026/09/24 13:55:48.407, 1, 92 %, 39 %, 15233 MiB, 124.70 W
2026/09/24 13:55:48.408, 2, 95 %, 55 %, 15195 MiB, 132.07 W
2026/09/24 13:55:48.409, 3, 97 %, 54 %, 15241 MiB, 137.92 W
2026/09/24 13:55:49.412, 0, 94 %, 51 %, 15259 MiB, 150.30 W
2026/09/24 13:55:49.413, 1, 92 %, 47 %, 15233 MiB, 147.11 W
2026/09/24 13:55:49.415, 2, 92 %, 53 %, 15195 MiB, 148.86 W
2026/09/24 13:55:49.416, 3, 97 %, 40 %, 15241 MiB, 147.88 W
2026/09/24 13:55:50.418, 0, 94 %, 37 %, 15259 MiB, 151.64 W
2026/09/24 13:55:50.419, 1, 96 %, 51 %, 15233 MiB, 148.55 W
2026/09/24 13:55:50.422, 2, 92 %, 40 %, 15195 MiB, 150.79 W
2026/09/24 13:55:50.423, 3, 99 %, 50 %, 15241 MiB, 149.33 W
2026/09/24 13:55:51.425, 0, 97 %, 53 %, 15259 MiB, 175.42 W
2026/09/24 13:55:51.428, 1, 96 %, 55 %, 15233 MiB, 170.75 W
2026/09/24 13:55:51.429, 2, 94 %, 47 %, 15195 MiB, 172.25 W
2026/09/24 13:55:51.430, 3, 98 %, 51 %, 15241 MiB, 167.83 W
2026/09/24 13:55:52.432, 0, 97 %, 53 %, 15259 MiB, 152.48 W
2026/09/24 13:55:52.433, 1, 92 %, 53 %, 15233 MiB, 153.14 W
2026/09/24 13:55:52.434, 2, 95 %, 52 %, 15195 MiB, 154.82 W
2026/09/24 13:55:52.435, 3, 97 %, 54 %, 15241 MiB, 156.22 W
2026/09/24 13:55:53.438, 0, 94 %, 53 %, 15259 MiB, 139.88 W
2026/09/24 13:55:53.439, 1, 92 %, 39 %, 15233 MiB, 132.08 W
2026/09/24 13:55:53.440, 2, 96 %, 55 %, 15195 MiB, 137.44 W
2026/09/24 13:55:53.441, 3, 98 %, 54 %, 15241 MiB, 136.59 W
2026/09/24 13:55:54.443, 0, 94 %, 50 %, 15259 MiB, 150.38 W
2026/09/24 13:55:54.445, 1, 92 %, 47 %, 15233 MiB, 126.30 W
2026/09/24 13:55:54.446, 2, 93 %, 54 %, 15195 MiB, 134.54 W
2026/09/24 13:55:54.447, 3, 97 %, 40 %, 15241 MiB, 148.07 W
2026/09/24 13:55:55.449, 0, 94 %, 37 %, 15259 MiB, 150.76 W
2026/09/24 13:55:55.450, 1, 97 %, 52 %, 15233 MiB, 148.16 W
2026/09/24 13:55:55.451, 2, 93 %, 40 %, 15195 MiB, 149.81 W
2026/09/24 13:55:55.452, 3, 99 %, 51 %, 15241 MiB, 148.45 W
2026/09/24 13:55:56.455, 0, 97 %, 53 %, 15259 MiB, 165.35 W
2026/09/24 13:55:56.456, 1, 92 %, 53 %, 15233 MiB, 164.17 W
2026/09/24 13:55:56.457, 2, 94 %, 47 %, 15195 MiB, 165.05 W
2026/09/24 13:55:56.458, 3, 98 %, 51 %, 15241 MiB, 160.17 W
2026/09/24 13:55:57.460, 0, 97 %, 53 %, 15259 MiB, 161.62 W
2026/09/24 13:55:57.461, 1, 92 %, 38 %, 15233 MiB, 160.81 W
2026/09/24 13:55:57.462, 2, 96 %, 52 %, 15195 MiB, 162.15 W
2026/09/24 13:55:57.463, 3, 98 %, 54 %, 15241 MiB, 163.06 W
2026/09/24 13:55:58.466, 0, 94 %, 53 %, 15259 MiB, 134.18 W
2026/09/24 13:55:58.467, 1, 92 %, 49 %, 15233 MiB, 130.24 W
2026/09/24 13:55:58.468, 2, 93 %, 54 %, 15195 MiB, 132.21 W
2026/09/24 13:55:58.469, 3, 97 %, 54 %, 15241 MiB, 128.57 W
2026/09/24 13:55:59.471, 0, 94 %, 48 %, 15259 MiB, 150.00 W
2026/09/24 13:55:59.472, 1, 99 %, 53 %, 15233 MiB, 113.45 W
2026/09/24 13:55:59.473, 2, 92 %, 54 %, 15195 MiB, 121.64 W
2026/09/24 13:55:59.474, 3, 97 %, 38 %, 15241 MiB, 147.78 W
2026/09/24 13:56:00.477, 0, 97 %, 46 %, 15259 MiB, 152.21 W
2026/09/24 13:56:00.478, 1, 92 %, 53 %, 15233 MiB, 148.64 W
2026/09/24 13:56:00.479, 2, 93 %, 38 %, 15195 MiB, 150.78 W
2026/09/24 13:56:00.480, 3, 97 %, 53 %, 15241 MiB, 149.42 W
2026/09/24 13:56:01.482, 0, 96 %, 51 %, 15259 MiB, 174.36 W
2026/09/24 13:56:01.483, 1, 92 %, 46 %, 15233 MiB, 170.66 W
2026/09/24 13:56:01.484, 2, 95 %, 54 %, 15195 MiB, 172.53 W
2026/09/24 13:56:01.486, 3, 98 %, 53 %, 15241 MiB, 172.44 W
2026/09/24 13:56:02.488, 0, 94 %, 53 %, 15259 MiB, 134.09 W
2026/09/24 13:56:02.489, 1, 92 %, 40 %, 15233 MiB, 138.16 W
2026/09/24 13:56:02.490, 2, 98 %, 55 %, 15195 MiB, 145.95 W
2026/09/24 13:56:02.493, 3, 97 %, 54 %, 15241 MiB, 145.56 W
2026/09/24 13:56:03.495, 0, 95 %, 54 %, 15259 MiB, 139.01 W
2026/09/24 13:56:03.496, 1, 93 %, 53 %, 15233 MiB, 130.15 W
2026/09/24 13:56:03.497, 2, 93 %, 54 %, 15195 MiB, 135.60 W
2026/09/24 13:56:03.498, 3, 97 %, 46 %, 15241 MiB, 138.52 W
2026/09/24 13:56:04.501, 0, 94 %, 39 %, 15259 MiB, 151.24 W
2026/09/24 13:56:04.502, 1, 100 %, 56 %, 15233 MiB, 147.68 W
2026/09/24 13:56:04.503, 2, 93 %, 45 %, 15195 MiB, 149.33 W
2026/09/24 13:56:04.504, 3, 99 %, 44 %, 15241 MiB, 148.45 W
2026/09/24 13:56:05.506, 0, 97 %, 50 %, 15259 MiB, 153.17 W
2026/09/24 13:56:05.507, 1, 92 %, 53 %, 15233 MiB, 149.12 W
2026/09/24 13:56:05.508, 2, 94 %, 43 %, 15195 MiB, 151.26 W
2026/09/24 13:56:05.509, 3, 98 %, 52 %, 15241 MiB, 149.90 W
2026/09/24 13:56:06.511, 0, 97 %, 52 %, 15259 MiB, 174.36 W
2026/09/24 13:56:06.512, 1, 92 %, 46 %, 15233 MiB, 170.18 W
2026/09/24 13:56:06.514, 2, 93 %, 52 %, 15195 MiB, 172.05 W
2026/09/24 13:56:06.515, 3, 98 %, 54 %, 15241 MiB, 172.44 W
2026/09/24 13:56:07.518, 0, 94 %, 53 %, 15259 MiB, 117.13 W
2026/09/24 13:56:07.519, 1, 92 %, 49 %, 15233 MiB, 118.91 W
2026/09/24 13:56:07.520, 2, 95 %, 55 %, 15195 MiB, 117.93 W
2026/09/24 13:56:07.521, 3, 97 %, 54 %, 15241 MiB, 113.82 W
2026/09/24 13:56:08.523, 0, 94 %, 47 %, 15259 MiB, 131.46 W
2026/09/24 13:56:08.524, 1, 92 %, 37 %, 15233 MiB, 116.34 W
2026/09/24 13:56:08.525, 2, 92 %, 53 %, 15195 MiB, 125.03 W
2026/09/24 13:56:08.526, 3, 97 %, 47 %, 15241 MiB, 137.65 W
2026/09/24 13:56:09.528, 0, 97 %, 42 %, 15259 MiB, 151.24 W
2026/09/24 13:56:09.529, 1, 93 %, 45 %, 15233 MiB, 148.16 W
2026/09/24 13:56:09.530, 2, 93 %, 37 %, 15195 MiB, 150.30 W
2026/09/24 13:56:09.531, 3, 97 %, 38 %, 15241 MiB, 148.93 W
2026/09/24 13:56:10.539, 0, 96 %, 51 %, 15259 MiB, 156.91 W
2026/09/24 13:56:10.540, 1, 92 %, 52 %, 15233 MiB, 153.34 W
2026/09/24 13:56:10.541, 2, 94 %, 54 %, 15195 MiB, 156.47 W
2026/09/24 13:56:10.542, 3, 99 %, 47 %, 15241 MiB, 153.65 W
2026/09/24 13:56:11.544, 0, 94 %, 53 %, 15259 MiB, 168.71 W
2026/09/24 13:56:11.546, 1, 100 %, 56 %, 15233 MiB, 165.50 W
2026/09/24 13:56:11.547, 2, 98 %, 55 %, 15195 MiB, 167.83 W
2026/09/24 13:56:11.548, 3, 98 %, 53 %, 15241 MiB, 167.75 W
2026/09/24 13:56:12.550, 0, 94 %, 53 %, 15259 MiB, 127.60 W
2026/09/24 13:56:12.552, 1, 92 %, 53 %, 15233 MiB, 123.57 W
2026/09/24 13:56:12.553, 2, 93 %, 54 %, 15195 MiB, 125.52 W
2026/09/24 13:56:12.554, 3, 98 %, 54 %, 15241 MiB, 122.37 W
2026/09/24 13:56:13.556, 0, 94 %, 37 %, 15259 MiB, 151.44 W
2026/09/24 13:56:13.559, 1, 92 %, 37 %, 15233 MiB, 112.96 W
2026/09/24 13:56:13.560, 2, 92 %, 41 %, 15195 MiB, 123.58 W
2026/09/24 13:56:13.561, 3, 97 %, 54 %, 15241 MiB, 148.27 W
2026/09/24 13:56:14.563, 0, 97 %, 53 %, 15259 MiB, 152.69 W
2026/09/24 13:56:14.565, 1, 92 %, 51 %, 15233 MiB, 148.64 W
2026/09/24 13:56:14.566, 2, 94 %, 49 %, 15195 MiB, 150.78 W
2026/09/24 13:56:14.567, 3, 97 %, 39 %, 15241 MiB, 149.90 W
2026/09/24 13:56:15.569, 0, 97 %, 54 %, 15259 MiB, 175.32 W
2026/09/24 13:56:15.570, 1, 100 %, 55 %, 15233 MiB, 170.66 W
2026/09/24 13:56:15.571, 2, 99 %, 54 %, 15195 MiB, 173.01 W
2026/09/24 13:56:15.572, 3, 99 %, 52 %, 15241 MiB, 171.48 W
2026/09/24 13:56:16.575, 0, 94 %, 53 %, 15259 MiB, 119.95 W
2026/09/24 13:56:16.576, 1, 92 %, 53 %, 15233 MiB, 129.36 W
2026/09/24 13:56:16.577, 2, 92 %, 54 %, 15195 MiB, 131.33 W
2026/09/24 13:56:16.578, 3, 98 %, 53 %, 15241 MiB, 133.31 W
2026/09/24 13:56:17.580, 0, 94 %, 40 %, 15259 MiB, 134.27 W
2026/09/24 13:56:17.581, 1, 92 %, 42 %, 15233 MiB, 122.05 W
2026/09/24 13:56:17.582, 2, 92 %, 45 %, 15195 MiB, 129.79 W
2026/09/24 13:56:17.583, 3, 97 %, 54 %, 15241 MiB, 136.59 W
2026/09/24 13:56:18.587, 0, 97 %, 51 %, 15259 MiB, 151.72 W
2026/09/24 13:56:18.588, 1, 93 %, 47 %, 15233 MiB, 147.68 W
2026/09/24 13:56:18.589, 2, 94 %, 44 %, 15195 MiB, 150.30 W
2026/09/24 13:56:18.590, 3, 97 %, 44 %, 15241 MiB, 149.42 W
2026/09/24 13:56:19.592, 0, 97 %, 53 %, 15259 MiB, 158.36 W
2026/09/24 13:56:19.593, 1, 100 %, 54 %, 15233 MiB, 155.16 W
2026/09/24 13:56:19.595, 2, 97 %, 53 %, 15195 MiB, 157.43 W
2026/09/24 13:56:19.596, 3, 99 %, 48 %, 15241 MiB, 154.61 W
2026/09/24 13:56:20.599, 0, 94 %, 53 %, 15259 MiB, 165.83 W
2026/09/24 13:56:20.600, 1, 92 %, 54 %, 15233 MiB, 164.17 W
2026/09/24 13:56:20.601, 2, 93 %, 54 %, 15195 MiB, 165.90 W
2026/09/24 13:56:20.602, 3, 98 %, 52 %, 15241 MiB, 165.83 W
2026/09/24 13:56:21.604, 0, 94 %, 39 %, 15259 MiB, 136.11 W
2026/09/24 13:56:21.605, 1, 92 %, 40 %, 15233 MiB, 126.38 W
2026/09/24 13:56:21.606, 2, 92 %, 43 %, 15195 MiB, 133.18 W
2026/09/24 13:56:21.607, 3, 97 %, 54 %, 15241 MiB, 137.56 W
2026/09/24 13:56:22.609, 0, 97 %, 52 %, 15259 MiB, 151.72 W
2026/09/24 13:56:22.611, 1, 92 %, 49 %, 15233 MiB, 148.16 W
2026/09/24 13:56:22.612, 2, 94 %, 48 %, 15195 MiB, 150.30 W
2026/09/24 13:56:22.613, 3, 97 %, 41 %, 15241 MiB, 149.42 W
2026/09/24 13:56:23.615, 0, 97 %, 54 %, 15259 MiB, 159.32 W
2026/09/24 13:56:23.617, 1, 100 %, 55 %, 15233 MiB, 157.08 W
2026/09/24 13:56:23.618, 2, 98 %, 54 %, 15195 MiB, 158.88 W
2026/09/24 13:56:23.619, 3, 99 %, 52 %, 15241 MiB, 155.47 W
2026/09/24 13:56:24.622, 0, 94 %, 53 %, 15259 MiB, 161.13 W
2026/09/24 13:56:24.623, 1, 92 %, 54 %, 15233 MiB, 160.81 W
2026/09/24 13:56:24.624, 2, 93 %, 54 %, 15195 MiB, 162.15 W
2026/09/24 13:56:24.625, 3, 98 %, 53 %, 15241 MiB, 162.58 W
2026/09/24 13:56:25.627, 0, 95 %, 40 %, 15259 MiB, 139.97 W
2026/09/24 13:56:25.629, 1, 92 %, 40 %, 15233 MiB, 131.12 W
2026/09/24 13:56:25.630, 2, 93 %, 47 %, 15195 MiB, 136.96 W
2026/09/24 13:56:25.631, 3, 97 %, 54 %, 15241 MiB, 138.52 W
2026/09/24 13:56:26.633, 0, 97 %, 48 %, 15259 MiB, 151.72 W
2026/09/24 13:56:26.634, 1, 92 %, 50 %, 15233 MiB, 148.16 W
2026/09/24 13:56:26.635, 2, 92 %, 38 %, 15195 MiB, 150.78 W
2026/09/24 13:56:26.636, 3, 97 %, 41 %, 15241 MiB, 149.42 W
2026/09/24 13:56:27.638, 0, 97 %, 51 %, 15259 MiB, 156.91 W
2026/09/24 13:56:27.639, 1, 100 %, 55 %, 15233 MiB, 153.34 W
2026/09/24 13:56:27.640, 2, 94 %, 54 %, 15195 MiB, 155.51 W
2026/09/24 13:56:27.642, 3, 99 %, 52 %, 15241 MiB, 152.69 W
2026/09/24 13:56:28.644, 0, 97 %, 54 %, 15259 MiB, 167.27 W
2026/09/24 13:56:28.645, 1, 92 %, 53 %, 15233 MiB, 165.02 W
2026/09/24 13:56:28.646, 2, 98 %, 54 %, 15195 MiB, 167.35 W
2026/09/24 13:56:28.647, 3, 98 %, 53 %, 15241 MiB, 167.27 W
2026/09/24 13:56:29.649, 0, 94 %, 53 %, 15259 MiB, 140.45 W
2026/09/24 13:56:29.651, 1, 92 %, 39 %, 15233 MiB, 132.08 W
2026/09/24 13:56:29.652, 2, 93 %, 54 %, 15195 MiB, 136.56 W
2026/09/24 13:56:29.653, 3, 97 %, 54 %, 15241 MiB, 133.79 W
2026/09/24 13:56:30.656, 0, 94 %, 46 %, 15259 MiB, 152.21 W
2026/09/24 13:56:30.657, 1, 100 %, 54 %, 15233 MiB, 148.16 W
2026/09/24 13:56:30.658, 2, 92 %, 54 %, 15195 MiB, 150.30 W
2026/09/24 13:56:30.659, 3, 98 %, 39 %, 15241 MiB, 149.42 W
2026/09/24 13:56:31.661, 0, 97 %, 45 %, 15259 MiB, 155.57 W
2026/09/24 13:56:31.662, 1, 92 %, 54 %, 15233 MiB, 151.90 W
2026/09/24 13:56:31.663, 2, 93 %, 37 %, 15195 MiB, 154.06 W
2026/09/24 13:56:31.665, 3, 99 %, 53 %, 15241 MiB, 151.72 W
2026/09/24 13:56:32.667, 0, 97 %, 51 %, 15259 MiB, 168.71 W
2026/09/24 13:56:32.668, 1, 92 %, 40 %, 15233 MiB, 165.98 W
2026/09/24 13:56:32.669, 2, 93 %, 53 %, 15195 MiB, 167.83 W
2026/09/24 13:56:32.670, 3, 98 %, 54 %, 15241 MiB, 167.75 W
2026/09/24 13:56:33.672, 0, 95 %, 54 %, 15259 MiB, 140.36 W
2026/09/24 13:56:33.673, 1, 92 %, 50 %, 15233 MiB, 131.99 W
2026/09/24 13:56:33.675, 2, 98 %, 56 %, 15195 MiB, 137.05 W
2026/09/24 13:56:33.676, 3, 97 %, 54 %, 15241 MiB, 134.27 W
2026/09/24 13:56:34.679, 0, 94 %, 46 %, 15259 MiB, 152.21 W
2026/09/24 13:56:34.680, 1, 100 %, 55 %, 15233 MiB, 148.16 W
2026/09/24 13:56:34.681, 2, 93 %, 52 %, 15195 MiB, 150.30 W
2026/09/24 13:56:34.682, 3, 97 %, 37 %, 15241 MiB, 149.42 W
2026/09/24 13:56:35.684, 0, 97 %, 46 %, 15259 MiB, 154.99 W
2026/09/24 13:56:35.685, 1, 92 %, 54 %, 15233 MiB, 151.42 W
2026/09/24 13:56:35.688, 2, 94 %, 38 %, 15195 MiB, 154.06 W
2026/09/24 13:56:35.689, 3, 98 %, 53 %, 15241 MiB, 152.21 W
2026/09/24 13:56:36.691, 0, 97 %, 52 %, 15259 MiB, 169.67 W
2026/09/24 13:56:36.692, 1, 92 %, 37 %, 15233 MiB, 166.46 W
2026/09/24 13:56:36.693, 2, 92 %, 52 %, 15195 MiB, 168.31 W
2026/09/24 13:56:36.694, 3, 98 %, 55 %, 15241 MiB, 169.19 W
2026/09/24 13:56:37.697, 0, 95 %, 54 %, 15259 MiB, 135.63 W
2026/09/24 13:56:37.698, 1, 92 %, 52 %, 15233 MiB, 126.86 W
2026/09/24 13:56:37.699, 2, 94 %, 55 %, 15195 MiB, 134.15 W
2026/09/24 13:56:37.700, 3, 97 %, 54 %, 15241 MiB, 130.01 W
2026/09/24 13:56:38.702, 0, 94 %, 42 %, 15259 MiB, 152.21 W
2026/09/24 13:56:38.703, 1, 100 %, 56 %, 15233 MiB, 148.16 W
2026/09/24 13:56:38.704, 2, 92 %, 48 %, 15195 MiB, 149.81 W
2026/09/24 13:56:38.705, 3, 99 %, 40 %, 15241 MiB, 149.90 W
2026/09/24 13:56:39.707, 0, 98 %, 51 %, 15259 MiB, 156.43 W
2026/09/24 13:56:39.708, 1, 92 %, 53 %, 15233 MiB, 153.34 W
2026/09/24 13:56:39.709, 2, 95 %, 43 %, 15195 MiB, 155.99 W
2026/09/24 13:56:39.710, 3, 98 %, 52 %, 15241 MiB, 152.69 W
2026/09/24 13:56:40.713, 0, 97 %, 53 %, 15259 MiB, 164.50 W
2026/09/24 13:56:40.714, 1, 92 %, 37 %, 15233 MiB, 162.73 W
2026/09/24 13:56:40.715, 2, 98 %, 53 %, 15195 MiB, 164.56 W
2026/09/24 13:56:40.716, 3, 97 %, 54 %, 15241 MiB, 165.35 W
2026/09/24 13:56:41.719, 0, 95 %, 54 %, 15259 MiB, 139.97 W
2026/09/24 13:56:41.720, 1, 92 %, 52 %, 15233 MiB, 131.12 W
2026/09/24 13:56:41.721, 2, 93 %, 54 %, 15195 MiB, 136.47 W
2026/09/24 13:56:41.723, 3, 97 %, 49 %, 15241 MiB, 138.52 W
2026/09/24 13:56:42.725, 0, 97 %, 40 %, 15259 MiB, 152.69 W
2026/09/24 13:56:42.726, 1, 92 %, 53 %, 15233 MiB, 148.64 W
2026/09/24 13:56:42.727, 2, 93 %, 38 %, 15195 MiB, 150.78 W
2026/09/24 13:56:42.728, 3, 99 %, 50 %, 15241 MiB, 149.90 W
2026/09/24 13:56:43.730, 0, 96 %, 52 %, 15259 MiB, 174.36 W
2026/09/24 13:56:43.731, 1, 92 %, 42 %, 15233 MiB, 171.14 W
2026/09/24 13:56:43.732, 2, 94 %, 53 %, 15195 MiB, 173.50 W
2026/09/24 13:56:43.734, 3, 98 %, 53 %, 15241 MiB, 166.79 W
2026/09/24 13:56:44.736, 0, 94 %, 54 %, 15259 MiB, 115.20 W
2026/09/24 13:56:44.737, 1, 92 %, 49 %, 15233 MiB, 117.46 W
2026/09/24 13:56:44.738, 2, 98 %, 56 %, 15195 MiB, 114.61 W
2026/09/24 13:56:44.739, 3, 97 %, 54 %, 15241 MiB, 106.15 W
2026/09/24 13:56:45.741, 0, 94 %, 45 %, 15259 MiB, 133.88 W
2026/09/24 13:56:45.742, 1, 100 %, 55 %, 15233 MiB, 101.11 W
2026/09/24 13:56:45.743, 2, 92 %, 51 %, 15195 MiB, 110.66 W
2026/09/24 13:56:45.744, 3, 97 %, 37 %, 15241 MiB, 131.64 W
2026/09/24 13:56:46.747, 0, 97 %, 51 %, 15259 MiB, 153.65 W
2026/09/24 13:56:46.749, 1, 92 %, 53 %, 15233 MiB, 149.60 W
2026/09/24 13:56:46.751, 2, 94 %, 43 %, 15195 MiB, 152.23 W
2026/09/24 13:56:46.753, 3, 97 %, 53 %, 15241 MiB, 150.76 W
2026/09/24 13:56:47.755, 0, 97 %, 54 %, 15259 MiB, 172.44 W
2026/09/24 13:56:47.756, 1, 92 %, 38 %, 15233 MiB, 168.26 W
2026/09/24 13:56:47.757, 2, 98 %, 53 %, 15195 MiB, 170.61 W
2026/09/24 13:56:47.758, 3, 97 %, 54 %, 15241 MiB, 170.52 W
2026/09/24 13:56:48.760, 0, 94 %, 54 %, 15259 MiB, 136.59 W
2026/09/24 13:56:48.762, 1, 95 %, 52 %, 15233 MiB, 129.27 W
2026/09/24 13:56:48.763, 2, 92 %, 54 %, 15195 MiB, 133.66 W
2026/09/24 13:56:48.764, 3, 97 %, 48 %, 15241 MiB, 130.98 W
2026/09/24 13:56:49.766, 0, 96 %, 39 %, 15259 MiB, 152.21 W
2026/09/24 13:56:49.767, 1, 92 %, 54 %, 15233 MiB, 148.16 W
2026/09/24 13:56:49.768, 2, 93 %, 39 %, 15195 MiB, 151.26 W
2026/09/24 13:56:49.769, 3, 99 %, 49 %, 15241 MiB, 149.42 W
2026/09/24 13:56:50.771, 0, 97 %, 52 %, 15259 MiB, 161.13 W
2026/09/24 13:56:50.772, 1, 92 %, 41 %, 15233 MiB, 158.04 W
2026/09/24 13:56:50.773, 2, 94 %, 54 %, 15195 MiB, 159.74 W
2026/09/24 13:56:50.775, 3, 98 %, 53 %, 15241 MiB, 156.43 W
2026/09/24 13:56:51.777, 0, 95 %, 54 %, 15259 MiB, 151.24 W
2026/09/24 13:56:51.779, 1, 92 %, 51 %, 15233 MiB, 152.38 W
2026/09/24 13:56:51.780, 2, 98 %, 56 %, 15195 MiB, 154.54 W
2026/09/24 13:56:51.781, 3, 97 %, 54 %, 15241 MiB, 157.39 W
2026/09/24 13:56:52.785, 0, 94 %, 43 %, 15259 MiB, 135.72 W
2026/09/24 13:56:52.786, 1, 100 %, 56 %, 15233 MiB, 123.01 W
2026/09/24 13:56:52.787, 2, 92 %, 50 %, 15195 MiB, 131.24 W
2026/09/24 13:56:52.788, 3, 97 %, 37 %, 15241 MiB, 137.17 W
2026/09/24 13:56:53.791, 0, 97 %, 51 %, 15259 MiB, 152.69 W
2026/09/24 13:56:53.792, 1, 92 %, 53 %, 15233 MiB, 149.12 W
2026/09/24 13:56:53.793, 2, 94 %, 42 %, 15195 MiB, 151.74 W
2026/09/24 13:56:53.794, 3, 97 %, 53 %, 15241 MiB, 150.28 W
2026/09/24 13:56:54.796, 0, 97 %, 54 %, 15259 MiB, 175.32 W
2026/09/24 13:56:54.797, 1, 93 %, 38 %, 15233 MiB, 170.18 W
2026/09/24 13:56:54.798, 2, 98 %, 53 %, 15195 MiB, 173.01 W
2026/09/24 13:56:54.799, 3, 97 %, 54 %, 15241 MiB, 173.40 W
2026/09/24 13:56:55.801, 0, 95 %, 54 %, 15259 MiB, 130.01 W
2026/09/24 13:56:55.803, 1, 95 %, 52 %, 15233 MiB, 111.11 W
2026/09/24 13:56:55.804, 2, 93 %, 54 %, 15195 MiB, 128.91 W
2026/09/24 13:56:55.805, 3, 99 %, 41 %, 15241 MiB, 122.93 W
2026/09/24 13:56:56.807, 0, 98 %, 40 %, 15259 MiB, 152.31 W
2026/09/24 13:56:56.809, 1, 92 %, 54 %, 15233 MiB, 122.93 W
2026/09/24 13:56:56.811, 2, 93 %, 38 %, 15195 MiB, 135.11 W
2026/09/24 13:56:56.812, 3, 98 %, 52 %, 15241 MiB, 150.10 W
2026/09/24 13:56:57.815, 0, 97 %, 53 %, 15259 MiB, 154.61 W
2026/09/24 13:56:57.816, 1, 92 %, 40 %, 15233 MiB, 150.94 W
2026/09/24 13:56:57.817, 2, 95 %, 54 %, 15195 MiB, 153.68 W
2026/09/24 13:56:57.818, 3, 97 %, 54 %, 15241 MiB, 151.72 W
2026/09/24 13:56:58.820, 0, 95 %, 54 %, 15259 MiB, 168.23 W
2026/09/24 13:56:58.822, 1, 92 %, 51 %, 15233 MiB, 165.50 W
2026/09/24 13:56:58.823, 2, 97 %, 56 %, 15195 MiB, 167.83 W
2026/09/24 13:56:58.824, 3, 97 %, 40 %, 15241 MiB, 167.75 W
2026/09/24 13:56:59.826, 0, 96 %, 43 %, 15259 MiB, 139.49 W
2026/09/24 13:56:59.827, 1, 100 %, 56 %, 15233 MiB, 130.15 W
2026/09/24 13:56:59.828, 2, 93 %, 49 %, 15195 MiB, 135.99 W
2026/09/24 13:56:59.829, 3, 99 %, 54 %, 15241 MiB, 138.52 W
2026/09/24 13:57:00.831, 0, 98 %, 53 %, 15259 MiB, 152.69 W
2026/09/24 13:57:00.833, 1, 92 %, 51 %, 15233 MiB, 148.64 W
2026/09/24 13:57:00.834, 2, 94 %, 45 %, 15195 MiB, 151.26 W
2026/09/24 13:57:00.835, 3, 97 %, 54 %, 15241 MiB, 149.90 W
2026/09/24 13:57:01.837, 0, 97 %, 55 %, 15259 MiB, 166.90 W
2026/09/24 13:57:01.840, 1, 92 %, 41 %, 15233 MiB, 145.18 W
2026/09/24 13:57:01.842, 2, 98 %, 54 %, 15195 MiB, 166.49 W
2026/09/24 13:57:01.843, 3, 97 %, 50 %, 15241 MiB, 161.24 W
2026/09/24 13:57:02.845, 0, 95 %, 53 %, 15259 MiB, 113.75 W
2026/09/24 13:57:02.846, 1, 100 %, 54 %, 15233 MiB, 117.46 W
2026/09/24 13:57:02.847, 2, 93 %, 54 %, 15195 MiB, 113.56 W
2026/09/24 13:57:02.848, 3, 99 %, 45 %, 15241 MiB, 107.61 W
2026/09/24 13:57:03.850, 0, 98 %, 50 %, 15259 MiB, 152.69 W
2026/09/24 13:57:03.852, 1, 93 %, 54 %, 15233 MiB, 148.64 W
2026/09/24 13:57:03.853, 2, 94 %, 41 %, 15195 MiB, 150.78 W
2026/09/24 13:57:03.854, 3, 97 %, 54 %, 15241 MiB, 149.90 W
2026/09/24 13:57:04.856, 0, 97 %, 54 %, 15259 MiB, 157.88 W
2026/09/24 13:57:04.857, 1, 93 %, 39 %, 15233 MiB, 154.68 W
2026/09/24 13:57:04.858, 2, 98 %, 53 %, 15195 MiB, 156.95 W
2026/09/24 13:57:04.859, 3, 97 %, 54 %, 15241 MiB, 154.13 W
2026/09/24 13:57:05.861, 0, 95 %, 38 %, 15259 MiB, 155.09 W
2026/09/24 13:57:05.862, 1, 97 %, 53 %, 15233 MiB, 155.16 W
2026/09/24 13:57:05.863, 2, 93 %, 54 %, 15195 MiB, 157.92 W
2026/09/24 13:57:05.865, 3, 99 %, 42 %, 15241 MiB, 157.29 W
2026/09/24 13:57:06.867, 0, 95 %, 53 %, 15259 MiB, 135.72 W
2026/09/24 13:57:06.868, 1, 92 %, 54 %, 15233 MiB, 122.05 W
2026/09/24 13:57:06.870, 2, 93 %, 38 %, 15195 MiB, 129.79 W
2026/09/24 13:57:06.871, 3, 98 %, 52 %, 15241 MiB, 137.08 W
2026/09/24 13:57:07.875, 0, 95 %, 54 %, 15259 MiB, 152.69 W
2026/09/24 13:57:07.876, 1, 92 %, 38 %, 15233 MiB, 149.02 W
2026/09/24 13:57:07.877, 2, 93 %, 53 %, 15195 MiB, 151.74 W
2026/09/24 13:57:07.879, 3, 97 %, 54 %, 15241 MiB, 150.28 W
2026/09/24 13:57:08.881, 0, 95 %, 46 %, 15259 MiB, 174.36 W
2026/09/24 13:57:08.882, 1, 92 %, 53 %, 15233 MiB, 169.70 W
2026/09/24 13:57:08.883, 2, 94 %, 55 %, 15195 MiB, 171.57 W
2026/09/24 13:57:08.884, 3, 97 %, 37 %, 15241 MiB, 171.96 W
2026/09/24 13:57:09.887, 0, 98 %, 50 %, 15259 MiB, 129.53 W
2026/09/24 13:57:09.888, 1, 96 %, 56 %, 15233 MiB, 123.57 W
2026/09/24 13:57:09.889, 2, 93 %, 46 %, 15195 MiB, 126.49 W
2026/09/24 13:57:09.890, 3, 97 %, 53 %, 15241 MiB, 122.85 W
2026/09/24 13:57:10.892, 0, 97 %, 54 %, 15259 MiB, 152.69 W
2026/09/24 13:57:10.893, 1, 92 %, 46 %, 15233 MiB, 148.16 W
2026/09/24 13:57:10.894, 2, 94 %, 49 %, 15195 MiB, 150.78 W
2026/09/24 13:57:10.895, 3, 97 %, 54 %, 15241 MiB, 149.80 W
2026/09/24 13:57:11.897, 0, 95 %, 53 %, 15259 MiB, 162.10 W
2026/09/24 13:57:11.899, 1, 92 %, 48 %, 15233 MiB, 159.37 W
2026/09/24 13:57:11.900, 2, 98 %, 55 %, 15195 MiB, 161.19 W
2026/09/24 13:57:11.901, 3, 97 %, 44 %, 15241 MiB, 156.91 W
2026/09/24 13:57:12.903, 0, 98 %, 42 %, 15259 MiB, 131.29 W
2026/09/24 13:57:12.904, 1, 100 %, 54 %, 15233 MiB, 135.84 W
2026/09/24 13:57:12.905, 2, 93 %, 53 %, 15195 MiB, 140.34 W
2026/09/24 13:57:12.906, 3, 99 %, 51 %, 15241 MiB, 139.40 W
2026/09/24 13:57:13.908, 0, 97 %, 53 %, 15259 MiB, 128.17 W
2026/09/24 13:57:13.910, 1, 93 %, 54 %, 15233 MiB, 98.21 W
2026/09/24 13:57:13.911, 2, 94 %, 41 %, 15195 MiB, 105.88 W
2026/09/24 13:57:13.912, 3, 98 %, 54 %, 15241 MiB, 123.50 W
2026/09/24 13:57:14.914, 0, 95 %, 54 %, 15259 MiB, 155.09 W
2026/09/24 13:57:14.915, 1, 92 %, 39 %, 15233 MiB, 150.94 W
2026/09/24 13:57:14.916, 2, 92 %, 54 %, 15195 MiB, 153.57 W
2026/09/24 13:57:14.917, 3, 97 %, 54 %, 15241 MiB, 152.21 W
2026/09/24 13:57:15.919, 0, 96 %, 38 %, 15259 MiB, 164.98 W
2026/09/24 13:57:15.920, 1, 92 %, 48 %, 15233 MiB, 161.77 W
2026/09/24 13:57:15.921, 2, 93 %, 41 %, 15195 MiB, 163.97 W
2026/09/24 13:57:15.923, 3, 97 %, 38 %, 15241 MiB, 164.98 W
2026/09/24 13:57:16.925, 0, 97 %, 53 %, 15259 MiB, 137.56 W
2026/09/24 13:57:16.926, 1, 100 %, 53 %, 15233 MiB, 126.78 W
2026/09/24 13:57:16.927, 2, 94 %, 53 %, 15195 MiB, 133.18 W
2026/09/24 13:57:16.928, 3, 97 %, 38 %, 15241 MiB, 137.56 W
2026/09/24 13:57:17.930, 0, 95 %, 54 %, 15259 MiB, 152.69 W
2026/09/24 13:57:17.933, 1, 92 %, 54 %, 15233 MiB, 148.64 W
2026/09/24 13:57:17.934, 2, 97 %, 56 %, 15195 MiB, 151.26 W
2026/09/24 13:57:17.935, 3, 99 %, 53 %, 15241 MiB, 150.28 W
2026/09/24 13:57:18.937, 0, 95 %, 39 %, 15259 MiB, 173.88 W
2026/09/24 13:57:18.938, 1, 92 %, 37 %, 15233 MiB, 169.22 W
2026/09/24 13:57:18.939, 2, 93 %, 47 %, 15195 MiB, 171.57 W
2026/09/24 13:57:18.940, 3, 98 %, 54 %, 15241 MiB, 171.96 W
2026/09/24 13:57:19.943, 0, 95 %, 53 %, 15259 MiB, 131.38 W
2026/09/24 13:57:19.944, 1, 92 %, 53 %, 15233 MiB, 125.42 W
2026/09/24 13:57:19.945, 2, 94 %, 49 %, 15195 MiB, 128.42 W
2026/09/24 13:57:19.946, 3, 97 %, 52 %, 15241 MiB, 124.22 W
2026/09/24 13:57:20.948, 0, 95 %, 54 %, 15259 MiB, 152.21 W
2026/09/24 13:57:20.949, 1, 92 %, 54 %, 15233 MiB, 148.54 W
2026/09/24 13:57:20.950, 2, 98 %, 55 %, 15195 MiB, 151.26 W
2026/09/24 13:57:20.951, 3, 99 %, 45 %, 15241 MiB, 149.80 W
2026/09/24 13:57:21.953, 0, 95 %, 44 %, 15259 MiB, 163.91 W
2026/09/24 13:57:21.955, 1, 92 %, 42 %, 15233 MiB, 161.77 W
2026/09/24 13:57:21.956, 2, 93 %, 52 %, 15195 MiB, 164.08 W
2026/09/24 13:57:21.957, 3, 98 %, 53 %, 15241 MiB, 158.84 W
2026/09/24 13:57:22.959, 0, 98 %, 52 %, 15259 MiB, 115.12 W
2026/09/24 13:57:22.960, 1, 92 %, 51 %, 15233 MiB, 112.71 W
2026/09/24 13:57:22.962, 2, 94 %, 42 %, 15195 MiB, 112.67 W
2026/09/24 13:57:22.963, 3, 97 %, 55 %, 15241 MiB, 105.67 W
2026/09/24 13:57:23.965, 0, 95 %, 54 %, 15259 MiB, 152.31 W
2026/09/24 13:57:23.967, 1, 98 %, 56 %, 15233 MiB, 120.60 W
2026/09/24 13:57:23.969, 2, 98 %, 55 %, 15195 MiB, 130.76 W
2026/09/24 13:57:23.970, 3, 99 %, 41 %, 15241 MiB, 150.10 W
2026/09/24 13:57:24.972, 0, 95 %, 41 %, 15259 MiB, 163.06 W
2026/09/24 13:57:24.973, 1, 92 %, 40 %, 15233 MiB, 160.33 W
2026/09/24 13:57:24.974, 2, 93 %, 50 %, 15195 MiB, 171.57 W
2026/09/24 13:57:24.975, 3, 98 %, 59 %, 15241 MiB, 157.77 W
2026/09/24 13:57:25.977, 0, 97 %, 54 %, 15259 MiB, 115.12 W
2026/09/24 13:57:25.978, 1, 92 %, 53 %, 15233 MiB, 118.83 W
2026/09/24 13:57:25.979, 2, 94 %, 45 %, 15195 MiB, 112.11 W
2026/09/24 13:57:25.980, 3, 97 %, 55 %, 15241 MiB, 107.05 W
2026/09/24 13:57:26.982, 0, 95 %, 54 %, 15259 MiB, 151.82 W
2026/09/24 13:57:26.983, 1, 94 %, 55 %, 15233 MiB, 127.66 W
2026/09/24 13:57:26.984, 2, 98 %, 55 %, 15195 MiB, 141.70 W
2026/09/24 13:57:26.985, 3, 99 %, 43 %, 15241 MiB, 149.52 W
2026/09/24 13:57:27.987, 0, 95 %, 44 %, 15259 MiB, 156.91 W
2026/09/24 13:57:27.989, 1, 92 %, 43 %, 15233 MiB, 153.34 W
2026/09/24 13:57:27.990, 2, 92 %, 53 %, 15195 MiB, 155.51 W
2026/09/24 13:57:27.991, 3, 98 %, 53 %, 15241 MiB, 152.69 W
2026/09/24 13:57:28.993, 0, 97 %, 52 %, 15259 MiB, 149.32 W
2026/09/24 13:57:28.995, 1, 92 %, 51 %, 15233 MiB, 151.42 W
2026/09/24 13:57:28.996, 2, 94 %, 42 %, 15195 MiB, 153.57 W
2026/09/24 13:57:28.997, 3, 97 %, 54 %, 15241 MiB, 153.07 W
2026/09/24 13:57:30.000, 0, 95 %, 54 %, 15259 MiB, 130.50 W
2026/09/24 13:57:30.001, 1, 99 %, 57 %, 15233 MiB, 108.70 W
2026/09/24 13:57:30.002, 2, 98 %, 54 %, 15195 MiB, 119.30 W
2026/09/24 13:57:30.003, 3, 97 %, 53 %, 15241 MiB, 134.36 W
2026/09/24 13:57:31.005, 0, 95 %, 46 %, 15259 MiB, 153.65 W
2026/09/24 13:57:31.006, 1, 92 %, 45 %, 15233 MiB, 149.50 W
2026/09/24 13:57:31.007, 2, 92 %, 55 %, 15195 MiB, 151.64 W
2026/09/24 13:57:31.008, 3, 97 %, 54 %, 15241 MiB, 150.28 W
2026/09/24 13:57:32.010, 0, 97 %, 51 %, 15259 MiB, 163.91 W
2026/09/24 13:57:32.012, 1, 93 %, 49 %, 15233 MiB, 162.14 W
2026/09/24 13:57:32.013, 2, 93 %, 38 %, 15195 MiB, 163.01 W
2026/09/24 13:57:32.014, 3, 97 %, 41 %, 15241 MiB, 163.91 W
2026/09/24 13:57:33.016, 0, 97 %, 54 %, 15259 MiB, 134.76 W
2026/09/24 13:57:33.017, 1, 100 %, 56 %, 15233 MiB, 121.56 W
2026/09/24 13:57:33.018, 2, 94 %, 52 %, 15195 MiB, 128.82 W
2026/09/24 13:57:33.019, 3, 98 %, 53 %, 15241 MiB, 135.63 W
2026/09/24 13:57:34.021, 0, 95 %, 53 %, 15259 MiB, 152.69 W
2026/09/24 13:57:34.022, 1, 92 %, 46 %, 15233 MiB, 149.02 W
2026/09/24 13:57:34.024, 2, 92 %, 54 %, 15195 MiB, 151.26 W
2026/09/24 13:57:34.025, 3, 97 %, 54 %, 15241 MiB, 150.28 W
2026/09/24 13:57:35.027, 0, 95 %, 37 %, 15259 MiB, 168.60 W
2026/09/24 13:57:35.028, 1, 92 %, 49 %, 15233 MiB, 165.50 W
2026/09/24 13:57:35.029, 2, 93 %, 54 %, 15195 MiB, 167.72 W
2026/09/24 13:57:35.030, 3, 97 %, 42 %, 15241 MiB, 167.64 W
2026/09/24 13:57:36.032, 0, 95 %, 53 %, 15259 MiB, 137.56 W
2026/09/24 13:57:36.033, 1, 100 %, 56 %, 15233 MiB, 127.26 W
2026/09/24 13:57:36.035, 2, 93 %, 43 %, 15195 MiB, 133.57 W
2026/09/24 13:57:36.036, 3, 99 %, 54 %, 15241 MiB, 136.59 W
2026/09/24 13:57:37.038, 0, 95 %, 52 %, 15259 MiB, 152.33 W
2026/09/24 13:57:37.040, 1, 92 %, 48 %, 15233 MiB, 148.27 W
2026/09/24 13:57:37.041, 2, 94 %, 47 %, 15195 MiB, 150.99 W
2026/09/24 13:57:37.042, 3, 97 %, 54 %, 15241 MiB, 150.01 W
2026/09/24 13:57:38.044, 0, 95 %, 54 %, 15259 MiB, 172.05 W
2026/09/24 13:57:38.046, 1, 92 %, 47 %, 15233 MiB, 167.86 W
2026/09/24 13:57:38.047, 2, 98 %, 55 %, 15195 MiB, 170.32 W
2026/09/24 13:57:38.048, 3, 97 %, 44 %, 15241 MiB, 171.09 W
2026/09/24 13:57:39.050, 0, 95 %, 43 %, 15259 MiB, 138.41 W
2026/09/24 13:57:39.051, 1, 100 %, 56 %, 15233 MiB, 130.50 W
2026/09/24 13:57:39.052, 2, 93 %, 54 %, 15195 MiB, 135.96 W
2026/09/24 13:57:39.053, 3, 99 %, 53 %, 15241 MiB, 134.63 W
2026/09/24 13:57:40.055, 0, 98 %, 54 %, 15259 MiB, 151.64 W
2026/09/24 13:57:40.057, 1, 92 %, 49 %, 15233 MiB, 148.07 W
2026/09/24 13:57:40.059, 2, 94 %, 43 %, 15195 MiB, 150.79 W
2026/09/24 13:57:40.060, 3, 97 %, 54 %, 15241 MiB, 149.33 W
2026/09/24 13:57:41.062, 0, 95 %, 54 %, 15259 MiB, 173.01 W
2026/09/24 13:57:41.063, 1, 92 %, 47 %, 15233 MiB, 168.82 W
2026/09/24 13:57:41.064, 2, 98 %, 55 %, 15195 MiB, 170.80 W
2026/09/24 13:57:41.065, 3, 97 %, 44 %, 15241 MiB, 171.57 W
2026/09/24 13:57:42.068, 0, 98 %, 46 %, 15259 MiB, 131.24 W
2026/09/24 13:57:42.069, 1, 100 %, 56 %, 15233 MiB, 125.75 W
2026/09/24 13:57:42.070, 2, 93 %, 54 %, 15195 MiB, 128.28 W
2026/09/24 13:57:42.071, 3, 99 %, 53 %, 15241 MiB, 125.03 W
2026/09/24 13:57:43.073, 0, 97 %, 54 %, 15259 MiB, 151.74 W
2026/09/24 13:57:43.074, 1, 92 %, 48 %, 15233 MiB, 147.59 W
2026/09/24 13:57:43.076, 2, 94 %, 43 %, 15195 MiB, 149.82 W
2026/09/24 13:57:43.077, 3, 97 %, 54 %, 15241 MiB, 149.33 W
2026/09/24 13:57:44.080, 0, 95 %, 51 %, 15259 MiB, 173.50 W
2026/09/24 13:57:44.081, 1, 92 %, 47 %, 15233 MiB, 169.30 W
2026/09/24 13:57:44.082, 2, 98 %, 55 %, 15195 MiB, 170.80 W
2026/09/24 13:57:44.083, 3, 97 %, 44 %, 15241 MiB, 169.76 W
2026/09/24 13:57:45.085, 0, 97 %, 47 %, 15259 MiB, 124.07 W
2026/09/24 13:57:45.086, 1, 100 %, 56 %, 15233 MiB, 120.03 W
2026/09/24 13:57:45.087, 2, 92 %, 53 %, 15195 MiB, 122.53 W
2026/09/24 13:57:45.088, 3, 99 %, 54 %, 15241 MiB, 119.30 W
2026/09/24 13:57:46.092, 0, 98 %, 54 %, 15259 MiB, 151.16 W
2026/09/24 13:57:46.093, 1, 92 %, 47 %, 15233 MiB, 148.07 W
2026/09/24 13:57:46.094, 2, 94 %, 44 %, 15195 MiB, 150.31 W
2026/09/24 13:57:46.095, 3, 97 %, 54 %, 15241 MiB, 148.85 W
2026/09/24 13:57:47.097, 0, 95 %, 45 %, 15259 MiB, 172.53 W
2026/09/24 13:57:47.099, 1, 93 %, 53 %, 15233 MiB, 168.34 W
2026/09/24 13:57:47.100, 2, 98 %, 56 %, 15195 MiB, 170.32 W
2026/09/24 13:57:47.101, 3, 97 %, 37 %, 15241 MiB, 170.61 W
2026/09/24 13:57:48.103, 0, 98 %, 53 %, 15259 MiB, 137.44 W
2026/09/24 13:57:48.104, 1, 95 %, 55 %, 15233 MiB, 130.01 W
2026/09/24 13:57:48.105, 2, 93 %, 47 %, 15195 MiB, 135.47 W
2026/09/24 13:57:48.106, 3, 98 %, 53 %, 15241 MiB, 134.15 W
2026/09/24 13:57:49.108, 0, 95 %, 54 %, 15259 MiB, 151.16 W
2026/09/24 13:57:49.109, 1, 92 %, 40 %, 15233 MiB, 148.07 W
2026/09/24 13:57:49.110, 2, 94 %, 51 %, 15195 MiB, 150.31 W
2026/09/24 13:57:49.111, 3, 97 %, 54 %, 15241 MiB, 148.85 W
2026/09/24 13:57:50.114, 0, 96 %, 43 %, 15259 MiB, 172.05 W
2026/09/24 13:57:50.115, 1, 92 %, 53 %, 15233 MiB, 167.86 W
2026/09/24 13:57:50.116, 2, 98 %, 57 %, 15195 MiB, 169.84 W
2026/09/24 13:57:50.117, 3, 97 %, 36 %, 15241 MiB, 170.61 W
2026/09/24 13:57:51.119, 0, 98 %, 54 %, 15259 MiB, 137.44 W
2026/09/24 13:57:51.120, 1, 92 %, 54 %, 15233 MiB, 129.05 W
2026/09/24 13:57:51.122, 2, 92 %, 44 %, 15195 MiB, 134.50 W
2026/09/24 13:57:51.123, 3, 98 %, 52 %, 15241 MiB, 135.99 W
2026/09/24 13:57:52.125, 0, 95 %, 54 %, 15259 MiB, 151.64 W
2026/09/24 13:57:52.126, 1, 92 %, 37 %, 15233 MiB, 147.59 W
2026/09/24 13:57:52.127, 2, 94 %, 53 %, 15195 MiB, 149.82 W
2026/09/24 13:57:52.128, 3, 97 %, 54 %, 15241 MiB, 149.33 W
2026/09/24 13:57:53.130, 0, 95 %, 39 %, 15259 MiB, 170.61 W
2026/09/24 13:57:53.131, 1, 92 %, 52 %, 15233 MiB, 166.90 W
2026/09/24 13:57:53.133, 2, 93 %, 55 %, 15195 MiB, 168.39 W
2026/09/24 13:57:53.134, 3, 99 %, 40 %, 15241 MiB, 169.64 W
2026/09/24 13:57:54.137, 0, 95 %, 53 %, 15259 MiB, 137.44 W
2026/09/24 13:57:54.139, 1, 92 %, 54 %, 15233 MiB, 128.57 W
2026/09/24 13:57:54.140, 2, 92 %, 40 %, 15195 MiB, 134.01 W
2026/09/24 13:57:54.142, 3, 97 %, 53 %, 15241 MiB, 135.99 W
2026/09/24 13:57:55.144, 0, 95 %, 54 %, 15259 MiB, 151.16 W
2026/09/24 13:57:55.145, 1, 92 %, 36 %, 15233 MiB, 148.07 W
2026/09/24 13:57:55.146, 2, 92 %, 53 %, 15195 MiB, 150.31 W
2026/09/24 13:57:55.147, 3, 97 %, 55 %, 15241 MiB, 148.85 W
2026/09/24 13:57:56.149, 0, 95 %, 36 %, 15259 MiB, 170.12 W
2026/09/24 13:57:56.151, 1, 99 %, 54 %, 15233 MiB, 165.94 W
2026/09/24 13:57:56.152, 2, 92 %, 55 %, 15195 MiB, 167.90 W
2026/09/24 13:57:56.153, 3, 99 %, 45 %, 15241 MiB, 168.20 W
2026/09/24 13:57:57.155, 0, 97 %, 53 %, 15259 MiB, 136.47 W
2026/09/24 13:57:57.156, 1, 92 %, 54 %, 15233 MiB, 126.64 W
2026/09/24 13:57:57.157, 2, 95 %, 52 %, 15195 MiB, 132.56 W
2026/09/24 13:57:57.158, 3, 97 %, 54 %, 15241 MiB, 135.51 W
2026/09/24 13:57:58.160, 0, 95 %, 54 %, 15259 MiB, 151.16 W
2026/09/24 13:57:58.162, 1, 92 %, 39 %, 15233 MiB, 148.07 W
2026/09/24 13:57:58.163, 2, 96 %, 56 %, 15195 MiB, 150.31 W
2026/09/24 13:57:58.164, 3, 97 %, 51 %, 15241 MiB, 148.85 W
2026/09/24 13:57:59.166, 0, 98 %, 40 %, 15259 MiB, 167.35 W
2026/09/24 13:57:59.167, 1, 100 %, 55 %, 15233 MiB, 164.61 W
2026/09/24 13:57:59.168, 2, 93 %, 42 %, 15195 MiB, 165.59 W
2026/09/24 13:57:59.169, 3, 99 %, 49 %, 15241 MiB, 166.87 W
2026/09/24 13:58:00.171, 0, 98 %, 53 %, 15259 MiB, 135.51 W
2026/09/24 13:58:00.173, 1, 92 %, 53 %, 15233 MiB, 123.34 W
2026/09/24 13:58:00.174, 2, 94 %, 54 %, 15195 MiB, 130.22 W
2026/09/24 13:58:00.175, 3, 98 %, 55 %, 15241 MiB, 135.51 W
2026/09/24 13:58:01.177, 0, 96 %, 55 %, 15259 MiB, 151.64 W
2026/09/24 13:58:01.180, 1, 93 %, 43 %, 15233 MiB, 148.55 W
2026/09/24 13:58:01.181, 2, 93 %, 55 %, 15195 MiB, 150.79 W
2026/09/24 13:58:01.182, 3, 97 %, 47 %, 15241 MiB, 148.85 W
2026/09/24 13:58:02.185, 0, 98 %, 45 %, 15259 MiB, 164.46 W
2026/09/24 13:58:02.186, 1, 100 %, 56 %, 15233 MiB, 162.20 W
2026/09/24 13:58:02.187, 2, 92 %, 38 %, 15195 MiB, 164.14 W
2026/09/24 13:58:02.188, 3, 99 %, 52 %, 15241 MiB, 164.46 W
2026/09/24 13:58:03.190, 0, 98 %, 55 %, 15259 MiB, 133.57 W
2026/09/24 13:58:03.191, 1, 92 %, 49 %, 15233 MiB, 119.47 W
2026/09/24 13:58:03.192, 2, 92 %, 53 %, 15195 MiB, 126.34 W
2026/09/24 13:58:03.193, 3, 97 %, 55 %, 15241 MiB, 134.15 W
2026/09/24 13:58:04.196, 0, 95 %, 49 %, 15259 MiB, 152.13 W
2026/09/24 13:58:04.197, 1, 92 %, 49 %, 15233 MiB, 149.03 W
2026/09/24 13:58:04.198, 2, 92 %, 55 %, 15195 MiB, 150.79 W
2026/09/24 13:58:04.199, 3, 97 %, 41 %, 15241 MiB, 149.33 W
2026/09/24 13:58:05.201, 0, 98 %, 51 %, 15259 MiB, 156.47 W
2026/09/24 13:58:05.203, 1, 100 %, 57 %, 15233 MiB, 155.20 W
2026/09/24 13:58:05.204, 2, 92 %, 36 %, 15195 MiB, 157.47 W
2026/09/24 13:58:05.205, 3, 97 %, 53 %, 15241 MiB, 156.85 W
2026/09/24 13:58:06.207, 0, 96 %, 55 %, 15259 MiB, 121.73 W
2026/09/24 13:58:06.209, 1, 92 %, 42 %, 15233 MiB, 93.63 W
2026/09/24 13:58:06.210, 2, 98 %, 54 %, 15195 MiB, 101.78 W
2026/09/24 13:58:06.211, 3, 97 %, 54 %, 15241 MiB, 111.21 W
2026/09/24 13:58:07.215, 0, 95 %, 40 %, 15259 MiB, 156.33 W
2026/09/24 13:58:07.216, 1, 92 %, 53 %, 15233 MiB, 153.62 W
2026/09/24 13:58:07.217, 2, 92 %, 53 %, 15195 MiB, 155.40 W
2026/09/24 13:58:07.218, 3, 98 %, 38 %, 15241 MiB, 152.00 W
2026/09/24 13:58:08.220, 0, 98 %, 53 %, 15259 MiB, 121.81 W
2026/09/24 13:58:08.221, 1, 92 %, 54 %, 15233 MiB, 116.90 W
2026/09/24 13:58:08.222, 2, 94 %, 51 %, 15195 MiB, 120.76 W
2026/09/24 13:58:08.223, 3, 98 %, 54 %, 15241 MiB, 118.99 W
2026/09/24 13:58:09.226, 0, 95 %, 55 %, 15259 MiB, 150.76 W
2026/09/24 13:58:09.227, 1, 92 %, 39 %, 15233 MiB, 147.68 W
2026/09/24 13:58:09.228, 2, 96 %, 56 %, 15195 MiB, 149.33 W
2026/09/24 13:58:09.229, 3, 97 %, 50 %, 15241 MiB, 147.87 W
2026/09/24 13:58:10.231, 0, 99 %, 43 %, 15259 MiB, 171.96 W
2026/09/24 13:58:10.232, 1, 100 %, 55 %, 15233 MiB, 167.78 W
2026/09/24 13:58:10.233, 2, 93 %, 42 %, 15195 MiB, 170.12 W
2026/09/24 13:58:10.234, 3, 99 %, 51 %, 15241 MiB, 170.04 W
2026/09/24 13:58:11.237, 0, 98 %, 54 %, 15259 MiB, 136.59 W
2026/09/24 13:58:11.238, 1, 92 %, 50 %, 15233 MiB, 129.19 W
2026/09/24 13:58:11.239, 2, 93 %, 53 %, 15195 MiB, 134.54 W
2026/09/24 13:58:11.240, 3, 97 %, 54 %, 15241 MiB, 133.22 W
2026/09/24 13:58:12.242, 0, 95 %, 50 %, 15259 MiB, 150.76 W
2026/09/24 13:58:12.243, 1, 92 %, 47 %, 15233 MiB, 147.58 W
2026/09/24 13:58:12.244, 2, 92 %, 55 %, 15195 MiB, 149.81 W
2026/09/24 13:58:12.245, 3, 97 %, 42 %, 15241 MiB, 148.84 W
2026/09/24 13:58:13.249, 0, 98 %, 51 %, 15259 MiB, 169.08 W
2026/09/24 13:58:13.250, 1, 100 %, 57 %, 15233 MiB, 165.39 W
2026/09/24 13:58:13.251, 2, 93 %, 36 %, 15195 MiB, 167.72 W
2026/09/24 13:58:13.252, 3, 97 %, 53 %, 15241 MiB, 168.12 W
2026/09/24 13:58:14.254, 0, 96 %, 55 %, 15259 MiB, 134.67 W
2026/09/24 13:58:14.255, 1, 92 %, 42 %, 15233 MiB, 123.49 W
2026/09/24 13:58:14.256, 2, 98 %, 54 %, 15195 MiB, 130.27 W
2026/09/24 13:58:14.258, 3, 97 %, 55 %, 15241 MiB, 134.67 W
2026/09/24 13:58:15.260, 0, 96 %, 42 %, 15259 MiB, 151.72 W
2026/09/24 13:58:15.261, 1, 92 %, 53 %, 15233 MiB, 148.54 W
2026/09/24 13:58:15.262, 2, 93 %, 55 %, 15195 MiB, 150.20 W
2026/09/24 13:58:15.263, 3, 97 %, 36 %, 15241 MiB, 148.84 W
2026/09/24 13:58:16.265, 0, 96 %, 53 %, 15259 MiB, 160.55 W
2026/09/24 13:58:16.267, 1, 92 %, 54 %, 15233 MiB, 159.37 W
2026/09/24 13:58:16.268, 2, 94 %, 43 %, 15195 MiB, 160.71 W
2026/09/24 13:58:16.269, 3, 98 %, 52 %, 15241 MiB, 161.13 W
2026/09/24 13:58:17.271, 0, 96 %, 55 %, 15259 MiB, 126.64 W
2026/09/24 13:58:17.272, 1, 92 %, 36 %, 15233 MiB, 107.25 W
2026/09/24 13:58:17.273, 2, 99 %, 56 %, 15195 MiB, 116.88 W
2026/09/24 13:58:17.274, 3, 97 %, 55 %, 15241 MiB, 131.46 W
2026/09/24 13:58:18.276, 0, 96 %, 36 %, 15259 MiB, 153.55 W
2026/09/24 13:58:18.278, 1, 98 %, 53 %, 15233 MiB, 150.94 W
2026/09/24 13:58:18.279, 2, 92 %, 47 %, 15195 MiB, 153.09 W
2026/09/24 13:58:18.280, 3, 99 %, 45 %, 15241 MiB, 150.76 W
2026/09/24 13:58:19.282, 0, 98 %, 53 %, 15259 MiB, 130.32 W
2026/09/24 13:58:19.283, 1, 92 %, 54 %, 15233 MiB, 121.64 W
2026/09/24 13:58:19.283, 2, 94 %, 52 %, 15195 MiB, 134.54 W
2026/09/24 13:58:19.284, 3, 98 %, 54 %, 15241 MiB, 135.63 W
2026/09/24 13:58:20.287, 0, 96 %, 55 %, 15259 MiB, 149.80 W
2026/09/24 13:58:20.288, 1, 92 %, 36 %, 15233 MiB, 134.31 W
2026/09/24 13:58:20.289, 2, 94 %, 56 %, 15195 MiB, 144.11 W
2026/09/24 13:58:20.290, 3, 97 %, 52 %, 15241 MiB, 147.97 W
2026/09/24 13:58:21.292, 0, 98 %, 45 %, 15259 MiB, 164.39 W
2026/09/24 13:58:21.293, 1, 92 %, 53 %, 15233 MiB, 163.69 W
2026/09/24 13:58:21.294, 2, 93 %, 39 %, 15195 MiB, 163.97 W
2026/09/24 13:58:21.295, 3, 99 %, 45 %, 15241 MiB, 159.21 W
2026/09/24 13:58:22.298, 0, 98 %, 55 %, 15259 MiB, 123.25 W
2026/09/24 13:58:22.299, 1, 92 %, 54 %, 15233 MiB, 119.72 W
2026/09/24 13:58:22.301, 2, 94 %, 53 %, 15195 MiB, 120.27 W
2026/09/24 13:58:22.303, 3, 98 %, 53 %, 15241 MiB, 118.99 W
2026/09/24 13:58:23.306, 0, 95 %, 46 %, 15259 MiB, 150.76 W
2026/09/24 13:58:23.307, 1, 92 %, 42 %, 15233 MiB, 147.20 W
2026/09/24 13:58:23.308, 2, 92 %, 55 %, 15195 MiB, 149.33 W
2026/09/24 13:58:23.309, 3, 97 %, 54 %, 15241 MiB, 148.35 W
2026/09/24 13:58:24.311, 0, 98 %, 53 %, 15259 MiB, 171.48 W
2026/09/24 13:58:24.312, 1, 92 %, 49 %, 15233 MiB, 167.30 W
2026/09/24 13:58:24.314, 2, 94 %, 40 %, 15195 MiB, 169.64 W
2026/09/24 13:58:24.315, 3, 97 %, 37 %, 15241 MiB, 169.56 W
2026/09/24 13:58:25.317, 0, 96 %, 55 %, 15259 MiB, 136.11 W
2026/09/24 13:58:25.318, 1, 97 %, 56 %, 15233 MiB, 128.23 W
2026/09/24 13:58:25.319, 2, 98 %, 55 %, 15195 MiB, 133.57 W
2026/09/24 13:58:25.320, 3, 98 %, 53 %, 15241 MiB, 135.15 W
2026/09/24 13:58:26.323, 0, 96 %, 37 %, 15259 MiB, 150.28 W
2026/09/24 13:58:26.324, 1, 92 %, 39 %, 15233 MiB, 148.06 W
2026/09/24 13:58:26.325, 2, 93 %, 49 %, 15195 MiB, 149.81 W
2026/09/24 13:58:26.326, 3, 97 %, 55 %, 15241 MiB, 148.35 W
2026/09/24 13:58:27.328, 0, 97 %, 53 %, 15259 MiB, 163.91 W
2026/09/24 13:58:27.329, 1, 92 %, 53 %, 15233 MiB, 161.66 W
2026/09/24 13:58:27.330, 2, 94 %, 50 %, 15195 MiB, 163.97 W
2026/09/24 13:58:27.331, 3, 99 %, 42 %, 15241 MiB, 163.43 W
2026/09/24 13:58:28.334, 0, 96 %, 55 %, 15259 MiB, 133.31 W
2026/09/24 13:58:28.335, 1, 92 %, 54 %, 15233 MiB, 114.41 W
2026/09/24 13:58:28.336, 2, 95 %, 56 %, 15195 MiB, 123.10 W
2026/09/24 13:58:28.337, 3, 98 %, 54 %, 15241 MiB, 134.76 W
2026/09/24 13:58:29.339, 0, 98 %, 43 %, 15259 MiB, 153.07 W
2026/09/24 13:58:29.340, 1, 93 %, 38 %, 15233 MiB, 150.46 W
2026/09/24 13:58:29.341, 2, 92 %, 39 %, 15195 MiB, 152.61 W
2026/09/24 13:58:29.342, 3, 97 %, 49 %, 15241 MiB, 150.28 W
2026/09/24 13:58:30.345, 0, 41 %, 1 %, 15259 MiB, 77.69 W
2026/09/24 13:58:30.346, 1, 45 %, 1 %, 15233 MiB, 74.73 W
2026/09/24 13:58:30.347, 2, 37 %, 1 %, 15195 MiB, 78.87 W
2026/09/24 13:58:30.348, 3, 36 %, 1 %, 15241 MiB, 76.29 W
2026/09/24 13:58:31.350, 0, 41 %, 1 %, 15259 MiB, 77.69 W
2026/09/24 13:58:31.351, 1, 45 %, 1 %, 15233 MiB, 74.68 W
2026/09/24 13:58:31.352, 2, 38 %, 1 %, 15195 MiB, 78.38 W
2026/09/24 13:58:31.353, 3, 36 %, 1 %, 15241 MiB, 75.80 W
2026/09/24 13:58:32.356, 0, 39 %, 2 %, 15259 MiB, 77.20 W
2026/09/24 13:58:32.357, 1, 38 %, 2 %, 15233 MiB, 74.68 W
2026/09/24 13:58:32.358, 2, 38 %, 2 %, 15195 MiB, 78.87 W
2026/09/24 13:58:32.359, 3, 38 %, 2 %, 15241 MiB, 76.29 W
2026/09/24 13:58:33.361, 0, 39 %, 2 %, 15259 MiB, 76.72 W
2026/09/24 13:58:33.363, 1, 38 %, 2 %, 15233 MiB, 74.68 W
2026/09/24 13:58:33.364, 2, 38 %, 2 %, 15195 MiB, 78.87 W
2026/09/24 13:58:33.365, 3, 38 %, 2 %, 15241 MiB, 76.29 W
2026/09/24 13:58:34.367, 0, 39 %, 2 %, 15259 MiB, 76.72 W
2026/09/24 13:58:34.368, 1, 38 %, 2 %, 15235 MiB, 74.68 W
2026/09/24 13:58:34.369, 2, 38 %, 2 %, 15195 MiB, 78.87 W
2026/09/24 13:58:34.371, 3, 38 %, 2 %, 15241 MiB, 76.29 W
2026/09/24 13:58:35.373, 0, 39 %, 2 %, 15259 MiB, 76.72 W
2026/09/24 13:58:35.375, 1, 38 %, 2 %, 15235 MiB, 74.25 W
2026/09/24 13:58:35.376, 2, 38 %, 2 %, 15195 MiB, 78.38 W
2026/09/24 13:58:35.377, 3, 38 %, 2 %, 15241 MiB, 76.29 W
2026/09/24 13:58:36.380, 0, 39 %, 2 %, 15259 MiB, 129.76 W
2026/09/24 13:58:36.382, 1, 38 %, 2 %, 15235 MiB, 129.10 W
2026/09/24 13:58:36.383, 2, 38 %, 2 %, 15195 MiB, 135.42 W
2026/09/24 13:58:36.384, 3, 38 %, 2 %, 15241 MiB, 126.95 W
2026/09/24 13:58:37.386, 0, 98 %, 41 %, 15259 MiB, 148.35 W
2026/09/24 13:58:37.387, 1, 92 %, 37 %, 15235 MiB, 147.20 W
2026/09/24 13:58:37.389, 2, 93 %, 42 %, 15195 MiB, 148.85 W
2026/09/24 13:58:37.390, 3, 97 %, 52 %, 15241 MiB, 147.49 W
2026/09/24 13:58:38.392, 0, 98 %, 54 %, 15259 MiB, 165.83 W
2026/09/24 13:58:38.394, 1, 100 %, 55 %, 15235 MiB, 164.06 W
2026/09/24 13:58:38.395, 2, 94 %, 54 %, 15195 MiB, 165.42 W
2026/09/24 13:58:38.396, 3, 99 %, 48 %, 15241 MiB, 165.83 W
2026/09/24 13:58:39.398, 0, 96 %, 55 %, 15259 MiB, 132.82 W
2026/09/24 13:58:39.399, 1, 92 %, 54 %, 15235 MiB, 121.56 W
2026/09/24 13:58:39.400, 2, 94 %, 55 %, 15195 MiB, 127.86 W
2026/09/24 13:58:39.401, 3, 98 %, 55 %, 15241 MiB, 132.82 W
2026/09/24 13:58:40.405, 0, 98 %, 42 %, 15259 MiB, 150.28 W
2026/09/24 13:58:40.406, 1, 92 %, 44 %, 15235 MiB, 147.58 W
2026/09/24 13:58:40.407, 2, 92 %, 43 %, 15195 MiB, 149.81 W
2026/09/24 13:58:40.410, 3, 97 %, 46 %, 15241 MiB, 148.45 W
2026/09/24 13:58:41.412, 0, 98 %, 53 %, 15259 MiB, 163.43 W
2026/09/24 13:58:41.418, 1, 100 %, 56 %, 15235 MiB, 162.14 W
2026/09/24 13:58:41.419, 2, 95 %, 51 %, 15195 MiB, 163.97 W
2026/09/24 13:58:41.421, 3, 99 %, 54 %, 15241 MiB, 163.91 W
2026/09/24 13:58:42.423, 0, 96 %, 54 %, 15259 MiB, 131.86 W
2026/09/24 13:58:42.424, 1, 92 %, 46 %, 15235 MiB, 117.79 W
2026/09/24 13:58:42.426, 2, 98 %, 56 %, 15195 MiB, 125.52 W
2026/09/24 13:58:42.427, 3, 97 %, 55 %, 15241 MiB, 133.79 W
2026/09/24 13:58:43.429, 0, 96 %, 38 %, 15259 MiB, 151.72 W
2026/09/24 13:58:43.431, 1, 92 %, 51 %, 15235 MiB, 149.50 W
2026/09/24 13:58:43.432, 2, 93 %, 53 %, 15195 MiB, 151.26 W
2026/09/24 13:58:43.433, 3, 97 %, 38 %, 15241 MiB, 149.32 W
2026/09/24 13:58:44.436, 0, 96 %, 53 %, 15259 MiB, 144.60 W
2026/09/24 13:58:44.437, 1, 93 %, 55 %, 15235 MiB, 147.58 W
2026/09/24 13:58:44.439, 2, 94 %, 41 %, 15195 MiB, 150.78 W
2026/09/24 13:58:44.440, 3, 98 %, 53 %, 15241 MiB, 149.80 W
2026/09/24 13:58:45.442, 0, 95 %, 54 %, 15259 MiB, 150.00 W
2026/09/24 13:58:45.444, 1, 92 %, 36 %, 15235 MiB, 112.00 W
2026/09/24 13:58:45.445, 2, 98 %, 55 %, 15195 MiB, 122.13 W
2026/09/24 13:58:45.446, 3, 97 %, 54 %, 15241 MiB, 147.69 W
2026/09/24 13:58:46.448, 0, 96 %, 36 %, 15259 MiB, 158.36 W
2026/09/24 13:58:46.449, 1, 95 %, 53 %, 15235 MiB, 156.60 W
2026/09/24 13:58:46.450, 2, 92 %, 49 %, 15195 MiB, 156.95 W
2026/09/24 13:58:46.451, 3, 99 %, 42 %, 15241 MiB, 153.65 W
2026/09/24 13:58:47.454, 0, 98 %, 53 %, 15259 MiB, 123.82 W
2026/09/24 13:58:47.455, 1, 92 %, 54 %, 15235 MiB, 113.52 W
2026/09/24 13:58:47.456, 2, 94 %, 50 %, 15195 MiB, 125.60 W
2026/09/24 13:58:47.457, 3, 98 %, 54 %, 15241 MiB, 121.89 W
2026/09/24 13:58:48.459, 0, 96 %, 55 %, 15259 MiB, 149.32 W
2026/09/24 13:58:48.460, 1, 92 %, 41 %, 15235 MiB, 146.71 W
2026/09/24 13:58:48.461, 2, 95 %, 56 %, 15195 MiB, 148.85 W
2026/09/24 13:58:48.463, 3, 97 %, 49 %, 15241 MiB, 147.49 W
2026/09/24 13:58:49.466, 0, 98 %, 46 %, 15259 MiB, 170.52 W
2026/09/24 13:58:49.467, 1, 100 %, 56 %, 15235 MiB, 167.42 W
2026/09/24 13:58:49.469, 2, 93 %, 39 %, 15195 MiB, 169.27 W
2026/09/24 13:58:49.470, 3, 99 %, 52 %, 15241 MiB, 169.19 W
2026/09/24 13:58:50.472, 0, 98 %, 55 %, 15259 MiB, 135.63 W
2026/09/24 13:58:50.473, 1, 92 %, 47 %, 15235 MiB, 128.71 W
2026/09/24 13:58:50.474, 2, 93 %, 53 %, 15195 MiB, 133.66 W
2026/09/24 13:58:50.475, 3, 97 %, 55 %, 15241 MiB, 132.82 W
2026/09/24 13:58:51.478, 0, 96 %, 46 %, 15259 MiB, 150.28 W
2026/09/24 13:58:51.479, 1, 93 %, 50 %, 15235 MiB, 147.68 W
2026/09/24 13:58:51.480, 2, 92 %, 55 %, 15195 MiB, 149.81 W
2026/09/24 13:58:51.481, 3, 97 %, 38 %, 15241 MiB, 147.97 W
2026/09/24 13:58:52.483, 0, 98 %, 55 %, 15259 MiB, 166.79 W
2026/09/24 13:58:52.486, 1, 94 %, 55 %, 15235 MiB, 164.06 W
2026/09/24 13:58:52.487, 2, 94 %, 39 %, 15195 MiB, 166.38 W
2026/09/24 13:58:52.488, 3, 98 %, 53 %, 15241 MiB, 166.31 W
2026/09/24 13:58:53.490, 0, 96 %, 55 %, 15259 MiB, 133.79 W
2026/09/24 13:58:53.491, 1, 92 %, 37 %, 15235 MiB, 121.08 W
2026/09/24 13:58:53.492, 2, 98 %, 55 %, 15195 MiB, 128.42 W
2026/09/24 13:58:53.493, 3, 97 %, 55 %, 15241 MiB, 133.79 W
2026/09/24 13:58:54.495, 0, 96 %, 36 %, 15259 MiB, 152.69 W
2026/09/24 13:58:54.496, 1, 94 %, 53 %, 15235 MiB, 149.60 W
2026/09/24 13:58:54.497, 2, 93 %, 51 %, 15195 MiB, 151.26 W
2026/09/24 13:58:54.499, 3, 99 %, 41 %, 15241 MiB, 148.93 W
2026/09/24 13:58:55.501, 0, 98 %, 53 %, 15259 MiB, 145.95 W
2026/09/24 13:58:55.502, 1, 92 %, 54 %, 15235 MiB, 148.06 W
2026/09/24 13:58:55.503, 2, 94 %, 49 %, 15195 MiB, 150.30 W
2026/09/24 13:58:55.505, 3, 98 %, 54 %, 15241 MiB, 150.28 W
2026/09/24 13:58:56.507, 0, 96 %, 55 %, 15259 MiB, 150.48 W
2026/09/24 13:58:56.508, 1, 92 %, 40 %, 15235 MiB, 118.67 W
2026/09/24 13:58:56.509, 2, 96 %, 56 %, 15195 MiB, 129.79 W
2026/09/24 13:58:56.510, 3, 97 %, 49 %, 15241 MiB, 148.17 W
2026/09/24 13:58:57.512, 0, 98 %, 46 %, 15259 MiB, 162.10 W
2026/09/24 13:58:57.513, 1, 100 %, 56 %, 15235 MiB, 160.33 W
2026/09/24 13:58:57.514, 2, 92 %, 39 %, 15195 MiB, 162.63 W
2026/09/24 13:58:57.515, 3, 99 %, 52 %, 15241 MiB, 156.43 W
2026/09/24 13:58:58.517, 0, 96 %, 55 %, 15259 MiB, 135.63 W
2026/09/24 13:58:58.518, 1, 92 %, 41 %, 15235 MiB, 128.71 W
2026/09/24 13:58:58.520, 2, 98 %, 54 %, 15195 MiB, 134.15 W
2026/09/24 13:58:58.521, 3, 97 %, 55 %, 15241 MiB, 133.79 W
2026/09/24 13:58:59.523, 0, 96 %, 40 %, 15259 MiB, 150.76 W
2026/09/24 13:58:59.524, 1, 92 %, 53 %, 15235 MiB, 148.16 W
2026/09/24 13:58:59.525, 2, 92 %, 54 %, 15195 MiB, 149.81 W
2026/09/24 13:58:59.526, 3, 98 %, 37 %, 15241 MiB, 148.45 W
2026/09/24 13:59:00.529, 0, 98 %, 54 %, 15259 MiB, 165.35 W
2026/09/24 13:59:00.530, 1, 92 %, 54 %, 15235 MiB, 163.69 W
2026/09/24 13:59:00.531, 2, 94 %, 47 %, 15195 MiB, 165.42 W
2026/09/24 13:59:00.532, 3, 98 %, 53 %, 15241 MiB, 164.87 W
2026/09/24 13:59:01.534, 0, 96 %, 55 %, 15259 MiB, 131.86 W
2026/09/24 13:59:01.536, 1, 92 %, 53 %, 15235 MiB, 115.38 W
2026/09/24 13:59:01.537, 2, 98 %, 57 %, 15195 MiB, 124.07 W
2026/09/24 13:59:01.538, 3, 97 %, 52 %, 15241 MiB, 133.79 W
2026/09/24 13:59:02.540, 0, 98 %, 42 %, 15259 MiB, 153.65 W
2026/09/24 13:59:02.541, 1, 92 %, 54 %, 15235 MiB, 150.94 W
2026/09/24 13:59:02.542, 2, 93 %, 42 %, 15195 MiB, 152.71 W
2026/09/24 13:59:02.543, 3, 99 %, 50 %, 15241 MiB, 150.76 W
2026/09/24 13:59:03.547, 0, 98 %, 55 %, 15259 MiB, 124.22 W
2026/09/24 13:59:03.548, 1, 92 %, 37 %, 15235 MiB, 131.12 W
2026/09/24 13:59:03.549, 2, 93 %, 53 %, 15195 MiB, 133.66 W
2026/09/24 13:59:03.551, 3, 97 %, 54 %, 15241 MiB, 132.74 W
2026/09/24 13:59:04.553, 0, 96 %, 47 %, 15259 MiB, 150.38 W
2026/09/24 13:59:04.555, 1, 100 %, 55 %, 15235 MiB, 146.24 W
2026/09/24 13:59:04.556, 2, 92 %, 55 %, 15195 MiB, 149.81 W
2026/09/24 13:59:04.558, 3, 97 %, 39 %, 15241 MiB, 147.97 W
2026/09/24 13:59:05.560, 0, 98 %, 54 %, 15259 MiB, 171.96 W
2026/09/24 13:59:05.561, 1, 92 %, 49 %, 15235 MiB, 168.38 W
2026/09/24 13:59:05.564, 2, 95 %, 39 %, 15195 MiB, 169.27 W
2026/09/24 13:59:05.565, 3, 98 %, 53 %, 15241 MiB, 163.06 W
2026/09/24 13:59:06.567, 0, 96 %, 55 %, 15259 MiB, 131.86 W
2026/09/24 13:59:06.568, 1, 92 %, 49 %, 15235 MiB, 126.86 W
2026/09/24 13:59:06.569, 2, 99 %, 55 %, 15195 MiB, 128.91 W
2026/09/24 13:59:06.570, 3, 97 %, 55 %, 15241 MiB, 124.70 W
2026/09/24 13:59:07.572, 0, 96 %, 36 %, 15259 MiB, 151.24 W
2026/09/24 13:59:07.573, 1, 95 %, 55 %, 15235 MiB, 147.68 W
2026/09/24 13:59:07.574, 2, 92 %, 48 %, 15195 MiB, 149.81 W
2026/09/24 13:59:07.575, 3, 99 %, 44 %, 15241 MiB, 148.93 W
2026/09/24 13:59:08.578, 0, 98 %, 53 %, 15259 MiB, 167.75 W
2026/09/24 13:59:08.579, 1, 92 %, 36 %, 15235 MiB, 164.54 W
2026/09/24 13:59:08.580, 2, 94 %, 52 %, 15195 MiB, 166.87 W
2026/09/24 13:59:08.581, 3, 98 %, 54 %, 15241 MiB, 166.79 W
2026/09/24 13:59:09.583, 0, 96 %, 53 %, 15259 MiB, 131.38 W
2026/09/24 13:59:09.584, 1, 98 %, 54 %, 15235 MiB, 115.38 W
2026/09/24 13:59:09.585, 2, 93 %, 55 %, 15195 MiB, 125.03 W
2026/09/24 13:59:09.586, 3, 97 %, 45 %, 15241 MiB, 133.31 W
2026/09/24 13:59:10.588, 0, 98 %, 50 %, 15259 MiB, 154.13 W
2026/09/24 13:59:10.590, 1, 92 %, 54 %, 15235 MiB, 151.42 W
2026/09/24 13:59:10.591, 2, 92 %, 36 %, 15195 MiB, 153.19 W
2026/09/24 13:59:10.592, 3, 97 %, 54 %, 15241 MiB, 151.24 W
2026/09/24 13:59:11.595, 0, 95 %, 55 %, 15259 MiB, 117.62 W
2026/09/24 13:59:11.596, 1, 92 %, 46 %, 15235 MiB, 117.46 W
2026/09/24 13:59:11.597, 2, 98 %, 55 %, 15195 MiB, 112.67 W
2026/09/24 13:59:11.598, 3, 97 %, 55 %, 15241 MiB, 105.18 W
2026/09/24 13:59:12.600, 0, 96 %, 37 %, 15259 MiB, 150.76 W
2026/09/24 13:59:12.602, 1, 98 %, 56 %, 15235 MiB, 148.16 W
2026/09/24 13:59:12.603, 2, 92 %, 50 %, 15195 MiB, 150.30 W
2026/09/24 13:59:12.604, 3, 99 %, 41 %, 15241 MiB, 148.45 W
2026/09/24 13:59:13.606, 0, 98 %, 53 %, 15259 MiB, 171.96 W
2026/09/24 13:59:13.607, 1, 92 %, 37 %, 15235 MiB, 167.42 W
2026/09/24 13:59:13.608, 2, 94 %, 51 %, 15195 MiB, 169.64 W
2026/09/24 13:59:13.609, 3, 98 %, 54 %, 15241 MiB, 169.08 W
2026/09/24 13:59:14.611, 0, 96 %, 55 %, 15259 MiB, 135.24 W
2026/09/24 13:59:14.612, 1, 97 %, 53 %, 15235 MiB, 125.90 W
2026/09/24 13:59:14.613, 2, 93 %, 55 %, 15195 MiB, 132.21 W
2026/09/24 13:59:14.615, 3, 97 %, 46 %, 15241 MiB, 134.27 W
2026/09/24 13:59:15.617, 0, 98 %, 49 %, 15259 MiB, 152.69 W
2026/09/24 13:59:15.618, 1, 92 %, 54 %, 15235 MiB, 149.60 W
2026/09/24 13:59:15.619, 2, 92 %, 36 %, 15195 MiB, 151.26 W
2026/09/24 13:59:15.622, 3, 98 %, 54 %, 15241 MiB, 149.90 W
2026/09/24 13:59:16.625, 0, 96 %, 55 %, 15259 MiB, 151.24 W
2026/09/24 13:59:16.627, 1, 92 %, 46 %, 15235 MiB, 152.86 W
2026/09/24 13:59:16.629, 2, 99 %, 55 %, 15195 MiB, 155.51 W
2026/09/24 13:59:16.630, 3, 97 %, 55 %, 15241 MiB, 156.43 W
2026/09/24 13:59:17.632, 0, 96 %, 39 %, 15259 MiB, 151.44 W
2026/09/24 13:59:17.634, 1, 100 %, 57 %, 15235 MiB, 115.78 W
2026/09/24 13:59:17.635, 2, 92 %, 51 %, 15195 MiB, 125.03 W
2026/09/24 13:59:17.636, 3, 99 %, 39 %, 15241 MiB, 149.13 W
2026/09/24 13:59:18.639, 0, 98 %, 54 %, 15259 MiB, 165.46 W
2026/09/24 13:59:18.640, 1, 92 %, 39 %, 15235 MiB, 164.65 W
2026/09/24 13:59:18.641, 2, 94 %, 50 %, 15195 MiB, 166.01 W
2026/09/24 13:59:18.642, 3, 98 %, 54 %, 15241 MiB, 160.17 W
2026/09/24 13:59:19.644, 0, 96 %, 55 %, 15259 MiB, 130.41 W
2026/09/24 13:59:19.645, 1, 95 %, 53 %, 15235 MiB, 125.42 W
2026/09/24 13:59:19.646, 2, 94 %, 56 %, 15195 MiB, 127.46 W
2026/09/24 13:59:19.647, 3, 97 %, 47 %, 15241 MiB, 124.30 W
2026/09/24 13:59:20.649, 0, 98 %, 51 %, 15259 MiB, 152.73 W
2026/09/24 13:59:20.651, 1, 92 %, 51 %, 15235 MiB, 149.63 W
2026/09/24 13:59:20.652, 2, 93 %, 37 %, 15195 MiB, 151.88 W
2026/09/24 13:59:20.653, 3, 98 %, 53 %, 15241 MiB, 149.92 W
2026/09/24 13:59:21.656, 0, 96 %, 55 %, 15259 MiB, 155.51 W
2026/09/24 13:59:21.657, 1, 92 %, 49 %, 15235 MiB, 156.16 W
2026/09/24 13:59:21.658, 2, 98 %, 55 %, 15195 MiB, 157.47 W
2026/09/24 13:59:21.659, 3, 97 %, 40 %, 15241 MiB, 156.95 W
2026/09/24 13:59:22.661, 0, 96 %, 36 %, 15259 MiB, 151.85 W
2026/09/24 13:59:22.662, 1, 95 %, 55 %, 15235 MiB, 113.75 W
2026/09/24 13:59:22.663, 2, 93 %, 48 %, 15195 MiB, 125.36 W
2026/09/24 13:59:22.664, 3, 98 %, 53 %, 15241 MiB, 149.04 W
2026/09/24 13:59:23.667, 0, 98 %, 53 %, 15259 MiB, 168.31 W
2026/09/24 13:59:23.668, 1, 92 %, 35 %, 15235 MiB, 158.94 W
2026/09/24 13:59:23.669, 2, 94 %, 53 %, 15195 MiB, 168.01 W
2026/09/24 13:59:23.670, 3, 97 %, 55 %, 15241 MiB, 161.78 W
2026/09/24 13:59:24.672, 0, 96 %, 52 %, 15259 MiB, 135.99 W
2026/09/24 13:59:24.673, 1, 100 %, 55 %, 15235 MiB, 128.17 W
2026/09/24 13:59:24.674, 2, 92 %, 55 %, 15195 MiB, 132.65 W
2026/09/24 13:59:24.675, 3, 99 %, 48 %, 15241 MiB, 129.39 W
2026/09/24 13:59:25.677, 0, 98 %, 52 %, 15259 MiB, 152.23 W
2026/09/24 13:59:25.678, 1, 92 %, 50 %, 15235 MiB, 149.03 W
2026/09/24 13:59:25.680, 2, 95 %, 39 %, 15195 MiB, 151.28 W
2026/09/24 13:59:25.681, 3, 97 %, 55 %, 15241 MiB, 149.81 W
2026/09/24 13:59:26.683, 0, 96 %, 55 %, 15259 MiB, 161.19 W
2026/09/24 13:59:26.686, 1, 93 %, 48 %, 15235 MiB, 159.90 W
2026/09/24 13:59:26.687, 2, 98 %, 56 %, 15195 MiB, 161.72 W
2026/09/24 13:59:26.688, 3, 97 %, 39 %, 15241 MiB, 163.60 W
2026/09/24 13:59:27.694, 0, 96 %, 36 %, 15259 MiB, 128.91 W
2026/09/24 13:59:27.695, 1, 100 %, 56 %, 15235 MiB, 96.53 W
2026/09/24 13:59:27.696, 2, 93 %, 46 %, 15195 MiB, 105.18 W
2026/09/24 13:59:27.697, 3, 98 %, 54 %, 15241 MiB, 111.77 W
2026/09/24 13:59:28.703, 0, 98 %, 54 %, 15259 MiB, 164.08 W
2026/09/24 13:59:28.704, 1, 92 %, 43 %, 15235 MiB, 162.31 W
2026/09/24 13:59:28.705, 2, 92 %, 54 %, 15195 MiB, 163.77 W
2026/09/24 13:59:28.706, 3, 97 %, 55 %, 15241 MiB, 158.40 W
2026/09/24 13:59:29.708, 0, 96 %, 47 %, 15259 MiB, 129.31 W
2026/09/24 13:59:29.709, 1, 93 %, 50 %, 15235 MiB, 118.10 W
2026/09/24 13:59:29.716, 2, 93 %, 55 %, 15195 MiB, 122.05 W
2026/09/24 13:59:29.717, 3, 97 %, 50 %, 15241 MiB, 119.79 W
2026/09/24 13:59:30.719, 0, 98 %, 55 %, 15259 MiB, 151.74 W
2026/09/24 13:59:30.720, 1, 100 %, 56 %, 15235 MiB, 148.55 W
2026/09/24 13:59:30.721, 2, 94 %, 42 %, 15195 MiB, 150.79 W
2026/09/24 13:59:30.722, 3, 99 %, 47 %, 15241 MiB, 149.33 W
2026/09/24 13:59:31.725, 0, 96 %, 44 %, 15259 MiB, 168.79 W
2026/09/24 13:59:31.726, 1, 92 %, 54 %, 15235 MiB, 165.09 W
2026/09/24 13:59:31.727, 2, 98 %, 57 %, 15195 MiB, 167.05 W
2026/09/24 13:59:31.728, 3, 98 %, 54 %, 15241 MiB, 167.83 W
2026/09/24 13:59:32.730, 0, 96 %, 54 %, 15259 MiB, 133.18 W
2026/09/24 13:59:32.731, 1, 92 %, 53 %, 15235 MiB, 114.23 W
2026/09/24 13:59:32.732, 2, 93 %, 41 %, 15195 MiB, 123.99 W
2026/09/24 13:59:32.733, 3, 97 %, 50 %, 15241 MiB, 134.63 W
2026/09/24 13:59:33.736, 0, 96 %, 55 %, 15259 MiB, 157.43 W
2026/09/24 13:59:33.737, 1, 92 %, 54 %, 15235 MiB, 154.23 W
2026/09/24 13:59:33.738, 2, 93 %, 53 %, 15195 MiB, 156.51 W
2026/09/24 13:59:33.739, 3, 99 %, 53 %, 15241 MiB, 153.68 W
2026/09/24 13:59:34.742, 0, 98 %, 44 %, 15259 MiB, 126.00 W
2026/09/24 13:59:34.744, 1, 92 %, 40 %, 15235 MiB, 112.86 W
2026/09/24 13:59:34.745, 2, 92 %, 55 %, 15195 MiB, 127.39 W
2026/09/24 13:59:34.747, 3, 97 %, 55 %, 15241 MiB, 124.15 W
2026/09/24 13:59:35.749, 0, 98 %, 56 %, 15259 MiB, 151.74 W
2026/09/24 13:59:35.750, 1, 100 %, 57 %, 15235 MiB, 148.55 W
2026/09/24 13:59:35.751, 2, 94 %, 47 %, 15195 MiB, 150.79 W
2026/09/24 13:59:35.752, 3, 99 %, 40 %, 15241 MiB, 149.33 W
2026/09/24 13:59:36.754, 0, 96 %, 40 %, 15259 MiB, 168.31 W
2026/09/24 13:59:36.755, 1, 92 %, 39 %, 15235 MiB, 165.09 W
2026/09/24 13:59:36.756, 2, 97 %, 57 %, 15195 MiB, 167.05 W
2026/09/24 13:59:36.757, 3, 98 %, 54 %, 15241 MiB, 167.35 W
2026/09/24 13:59:37.760, 0, 98 %, 54 %, 15259 MiB, 130.84 W
2026/09/24 13:59:37.761, 1, 96 %, 53 %, 15235 MiB, 107.05 W
2026/09/24 13:59:37.762, 2, 93 %, 36 %, 15195 MiB, 117.19 W
2026/09/24 13:59:37.763, 3, 97 %, 44 %, 15241 MiB, 133.26 W
2026/09/24 13:59:38.765, 0, 96 %, 54 %, 15259 MiB, 159.74 W
2026/09/24 13:59:38.766, 1, 92 %, 53 %, 15235 MiB, 157.12 W
2026/09/24 13:59:38.767, 2, 98 %, 54 %, 15195 MiB, 158.93 W
2026/09/24 13:59:38.768, 3, 97 %, 53 %, 15241 MiB, 155.02 W
2026/09/24 13:59:39.772, 0, 98 %, 51 %, 15259 MiB, 124.07 W
2026/09/24 13:59:39.774, 1, 92 %, 48 %, 15235 MiB, 118.58 W
2026/09/24 13:59:39.775, 2, 92 %, 51 %, 15195 MiB, 122.53 W
2026/09/24 13:59:39.776, 3, 97 %, 55 %, 15241 MiB, 120.27 W
2026/09/24 13:59:40.778, 0, 96 %, 55 %, 15259 MiB, 152.71 W
2026/09/24 13:59:40.780, 1, 96 %, 56 %, 15235 MiB, 148.55 W
2026/09/24 13:59:40.781, 2, 94 %, 51 %, 15195 MiB, 151.28 W
2026/09/24 13:59:40.782, 3, 99 %, 45 %, 15241 MiB, 149.33 W
2026/09/24 13:59:41.785, 0, 98 %, 40 %, 15259 MiB, 161.67 W
2026/09/24 13:59:41.786, 1, 92 %, 37 %, 15235 MiB, 163.76 W
2026/09/24 13:59:41.787, 2, 92 %, 55 %, 15195 MiB, 162.69 W
2026/09/24 13:59:41.788, 3, 98 %, 55 %, 15241 MiB, 162.15 W
2026/09/24 13:59:42.790, 0, 98 %, 55 %, 15259 MiB, 151.74 W
2026/09/24 13:59:42.791, 1, 100 %, 56 %, 15235 MiB, 139.10 W
2026/09/24 13:59:42.792, 2, 94 %, 44 %, 15195 MiB, 150.79 W
2026/09/24 13:59:42.793, 3, 97 %, 35 %, 15241 MiB, 149.43 W
2026/09/24 13:59:43.795, 0, 95 %, 41 %, 15259 MiB, 173.01 W
2026/09/24 13:59:43.797, 1, 92 %, 41 %, 15235 MiB, 168.34 W
2026/09/24 13:59:43.798, 2, 98 %, 57 %, 15195 MiB, 170.80 W
2026/09/24 13:59:43.799, 3, 98 %, 54 %, 15241 MiB, 170.72 W
2026/09/24 13:59:44.801, 0, 98 %, 54 %, 15259 MiB, 135.99 W
2026/09/24 13:59:44.802, 1, 93 %, 53 %, 15235 MiB, 127.20 W
2026/09/24 13:59:44.803, 2, 92 %, 38 %, 15195 MiB, 133.04 W
2026/09/24 13:59:44.804, 3, 97 %, 46 %, 15241 MiB, 135.11 W
2026/09/24 13:59:45.807, 0, 96 %, 54 %, 15259 MiB, 154.06 W
2026/09/24 13:59:45.809, 1, 92 %, 54 %, 15235 MiB, 150.96 W
2026/09/24 13:59:45.810, 2, 98 %, 54 %, 15195 MiB, 153.22 W
2026/09/24 13:59:45.811, 3, 97 %, 53 %, 15241 MiB, 151.26 W
2026/09/24 13:59:46.813, 0, 98 %, 48 %, 15259 MiB, 116.80 W
2026/09/24 13:59:46.814, 1, 92 %, 47 %, 15235 MiB, 124.30 W
2026/09/24 13:59:46.815, 2, 92 %, 54 %, 15195 MiB, 126.82 W
2026/09/24 13:59:46.816, 3, 97 %, 55 %, 15241 MiB, 129.79 W
2026/09/24 13:59:47.818, 0, 98 %, 55 %, 15259 MiB, 152.23 W
2026/09/24 13:59:47.820, 1, 95 %, 56 %, 15235 MiB, 148.55 W
2026/09/24 13:59:47.821, 2, 94 %, 45 %, 15195 MiB, 150.79 W
2026/09/24 13:59:47.822, 3, 99 %, 45 %, 15241 MiB, 149.33 W
2026/09/24 13:59:48.824, 0, 95 %, 46 %, 15259 MiB, 170.72 W
2026/09/24 13:59:48.825, 1, 91 %, 34 %, 15235 MiB, 166.53 W
2026/09/24 13:59:48.826, 2, 98 %, 55 %, 15195 MiB, 168.87 W
2026/09/24 13:59:48.827, 3, 97 %, 55 %, 15241 MiB, 169.27 W
2026/09/24 13:59:49.830, 0, 96 %, 37 %, 15259 MiB, 134.15 W
2026/09/24 13:59:49.831, 1, 100 %, 55 %, 15235 MiB, 118.10 W
2026/09/24 13:59:49.832, 2, 93 %, 53 %, 15195 MiB, 126.82 W
2026/09/24 13:59:49.833, 3, 97 %, 38 %, 15241 MiB, 135.11 W
2026/09/24 13:59:50.836, 0, 97 %, 53 %, 15259 MiB, 157.18 W
2026/09/24 13:59:50.838, 1, 92 %, 45 %, 15235 MiB, 154.58 W
2026/09/24 13:59:50.839, 2, 94 %, 42 %, 15195 MiB, 156.74 W
2026/09/24 13:59:50.840, 3, 98 %, 53 %, 15241 MiB, 153.93 W
2026/09/24 13:59:51.842, 0, 96 %, 55 %, 15259 MiB, 122.37 W
2026/09/24 13:59:51.843, 1, 92 %, 53 %, 15235 MiB, 116.90 W
2026/09/24 13:59:51.844, 2, 98 %, 56 %, 15195 MiB, 122.69 W
2026/09/24 13:59:51.845, 3, 97 %, 51 %, 15241 MiB, 119.95 W
2026/09/24 13:59:52.848, 0, 97 %, 45 %, 15259 MiB, 152.69 W
2026/09/24 13:59:52.849, 1, 91 %, 54 %, 15235 MiB, 148.64 W
2026/09/24 13:59:52.850, 2, 92 %, 42 %, 15195 MiB, 150.78 W
2026/09/24 13:59:52.851, 3, 99 %, 53 %, 15241 MiB, 149.90 W
2026/09/24 13:59:53.853, 0, 96 %, 56 %, 15259 MiB, 162.58 W
2026/09/24 13:59:53.854, 1, 92 %, 45 %, 15235 MiB, 160.81 W
2026/09/24 13:59:53.855, 2, 95 %, 54 %, 15195 MiB, 162.63 W
2026/09/24 13:59:53.856, 3, 97 %, 42 %, 15241 MiB, 163.06 W
2026/09/24 13:59:54.858, 0, 96 %, 37 %, 15259 MiB, 152.41 W
2026/09/24 13:59:54.860, 1, 98 %, 57 %, 15235 MiB, 114.82 W
2026/09/24 13:59:54.861, 2, 92 %, 53 %, 15195 MiB, 126.00 W
2026/09/24 13:59:54.862, 3, 98 %, 53 %, 15241 MiB, 149.62 W
2026/09/24 13:59:55.864, 0, 98 %, 54 %, 15259 MiB, 173.40 W
2026/09/24 13:59:55.865, 1, 92 %, 35 %, 15235 MiB, 168.74 W
2026/09/24 13:59:55.866, 2, 94 %, 50 %, 15195 MiB, 171.09 W
2026/09/24 13:59:55.867, 3, 97 %, 55 %, 15241 MiB, 167.27 W
2026/09/24 13:59:56.869, 0, 96 %, 49 %, 15259 MiB, 137.08 W
2026/09/24 13:59:56.877, 1, 100 %, 55 %, 15235 MiB, 129.67 W
2026/09/24 13:59:56.878, 2, 92 %, 55 %, 15195 MiB, 135.11 W
2026/09/24 13:59:56.879, 3, 99 %, 50 %, 15241 MiB, 133.79 W
2026/09/24 13:59:57.881, 0, 98 %, 55 %, 15259 MiB, 153.17 W
2026/09/24 13:59:57.882, 1, 92 %, 47 %, 15235 MiB, 150.08 W
2026/09/24 13:59:57.883, 2, 93 %, 37 %, 15195 MiB, 152.23 W
2026/09/24 13:59:57.884, 3, 98 %, 55 %, 15241 MiB, 150.86 W
2026/09/24 13:59:58.886, 0, 95 %, 55 %, 15259 MiB, 140.84 W
2026/09/24 13:59:58.887, 1, 92 %, 54 %, 15235 MiB, 145.27 W
2026/09/24 13:59:58.890, 2, 98 %, 56 %, 15195 MiB, 149.33 W
2026/09/24 13:59:58.891, 3, 97 %, 36 %, 15241 MiB, 149.32 W
2026/09/24 13:59:59.893, 0, 98 %, 45 %, 15259 MiB, 152.69 W
2026/09/24 13:59:59.894, 1, 92 %, 54 %, 15235 MiB, 148.16 W
2026/09/24 13:59:59.895, 2, 92 %, 42 %, 15195 MiB, 150.30 W
2026/09/24 13:59:59.897, 3, 98 %, 54 %, 15241 MiB, 149.90 W
2026/09/24 14:00:00.899, 0, 98 %, 56 %, 15259 MiB, 171.96 W
2026/09/24 14:00:00.900, 1, 92 %, 43 %, 15235 MiB, 167.90 W
2026/09/24 14:00:00.901, 2, 94 %, 54 %, 15195 MiB, 169.64 W
2026/09/24 14:00:00.902, 3, 97 %, 44 %, 15241 MiB, 170.15 W
2026/09/24 14:00:01.905, 0, 95 %, 37 %, 15259 MiB, 133.79 W
2026/09/24 14:00:01.906, 1, 99 %, 57 %, 15235 MiB, 118.67 W
2026/09/24 14:00:01.907, 2, 92 %, 53 %, 15195 MiB, 127.46 W
2026/09/24 14:00:01.908, 3, 98 %, 54 %, 15241 MiB, 135.24 W
2026/09/24 14:00:02.910, 0, 98 %, 54 %, 15259 MiB, 158.36 W
2026/09/24 14:00:02.911, 1, 92 %, 34 %, 15235 MiB, 155.64 W
2026/09/24 14:00:02.912, 2, 94 %, 50 %, 15195 MiB, 157.43 W
2026/09/24 14:00:02.914, 3, 97 %, 55 %, 15241 MiB, 154.61 W
2026/09/24 14:00:03.916, 0, 95 %, 51 %, 15259 MiB, 137.08 W
2026/09/24 14:00:03.917, 1, 100 %, 63 %, 15235 MiB, 129.19 W
2026/09/24 14:00:03.918, 2, 92 %, 62 %, 15195 MiB, 134.63 W
2026/09/24 14:00:03.919, 3, 99 %, 54 %, 15241 MiB, 135.24 W
2026/09/24 14:00:04.921, 0, 98 %, 54 %, 15259 MiB, 153.65 W
2026/09/24 14:00:04.922, 1, 92 %, 40 %, 15235 MiB, 149.98 W
2026/09/24 14:00:04.923, 2, 94 %, 45 %, 15195 MiB, 152.23 W
2026/09/24 14:00:04.925, 3, 97 %, 55 %, 15241 MiB, 150.76 W
2026/09/24 14:00:05.927, 0, 96 %, 54 %, 15259 MiB, 119.95 W
2026/09/24 14:00:05.928, 1, 97 %, 54 %, 15235 MiB, 124.54 W
2026/09/24 14:00:05.929, 2, 97 %, 57 %, 15195 MiB, 126.89 W
2026/09/24 14:00:05.930, 3, 99 %, 45 %, 15241 MiB, 127.03 W
2026/09/24 14:00:06.932, 0, 97 %, 51 %, 15259 MiB, 152.69 W
2026/09/24 14:00:06.934, 1, 91 %, 50 %, 15235 MiB, 148.64 W
2026/09/24 14:00:06.935, 2, 91 %, 34 %, 15195 MiB, 150.78 W
2026/09/24 14:00:06.936, 3, 97 %, 55 %, 15241 MiB, 149.90 W
2026/09/24 14:00:07.938, 0, 96 %, 44 %, 15259 MiB, 169.19 W
2026/09/24 14:00:07.939, 1, 92 %, 52 %, 15235 MiB, 165.02 W
2026/09/24 14:00:07.940, 2, 98 %, 56 %, 15195 MiB, 167.35 W
2026/09/24 14:00:07.941, 3, 97 %, 36 %, 15241 MiB, 167.27 W
2026/09/24 14:00:08.943, 0, 98 %, 54 %, 15259 MiB, 135.33 W
2026/09/24 14:00:08.944, 1, 92 %, 54 %, 15235 MiB, 99.66 W
2026/09/24 14:00:08.945, 2, 92 %, 43 %, 15195 MiB, 107.82 W
2026/09/24 14:00:08.946, 3, 98 %, 54 %, 15241 MiB, 130.19 W
2026/09/24 14:00:09.949, 0, 96 %, 52 %, 15259 MiB, 173.40 W
2026/09/24 14:00:09.950, 1, 92 %, 45 %, 15235 MiB, 169.33 W
2026/09/24 14:00:09.951, 2, 96 %, 54 %, 15195 MiB, 171.09 W
2026/09/24 14:00:09.952, 3, 97 %, 43 %, 15241 MiB, 167.75 W
2026/09/24 14:00:10.954, 0, 98 %, 53 %, 15259 MiB, 136.11 W
2026/09/24 14:00:10.955, 1, 97 %, 56 %, 15235 MiB, 127.26 W
2026/09/24 14:00:10.957, 2, 92 %, 52 %, 15195 MiB, 133.18 W
2026/09/24 14:00:10.958, 3, 98 %, 54 %, 15241 MiB, 135.24 W
2026/09/24 14:00:11.960, 0, 96 %, 55 %, 15259 MiB, 154.61 W
2026/09/24 14:00:11.961, 1, 91 %, 34 %, 15235 MiB, 151.42 W
2026/09/24 14:00:11.962, 2, 94 %, 52 %, 15195 MiB, 153.57 W
2026/09/24 14:00:11.963, 3, 98 %, 53 %, 15241 MiB, 151.72 W
2026/09/24 14:00:12.966, 0, 98 %, 43 %, 15259 MiB, 129.05 W
2026/09/24 14:00:12.967, 1, 100 %, 56 %, 15235 MiB, 120.68 W
2026/09/24 14:00:12.969, 2, 92 %, 55 %, 15195 MiB, 124.15 W
2026/09/24 14:00:12.970, 3, 99 %, 52 %, 15241 MiB, 119.55 W
2026/09/24 14:00:13.972, 0, 97 %, 56 %, 15259 MiB, 152.69 W
2026/09/24 14:00:13.973, 1, 91 %, 41 %, 15235 MiB, 149.12 W
2026/09/24 14:00:13.974, 2, 94 %, 44 %, 15195 MiB, 151.26 W
2026/09/24 14:00:13.976, 3, 97 %, 55 %, 15241 MiB, 149.80 W
2026/09/24 14:00:14.979, 0, 96 %, 35 %, 15259 MiB, 162.10 W
2026/09/24 14:00:14.980, 1, 97 %, 54 %, 15235 MiB, 159.85 W
2026/09/24 14:00:14.981, 2, 97 %, 57 %, 15195 MiB, 161.67 W
2026/09/24 14:00:14.982, 3, 99 %, 45 %, 15241 MiB, 162.10 W
2026/09/24 14:00:15.985, 0, 98 %, 55 %, 15259 MiB, 152.31 W
2026/09/24 14:00:15.987, 1, 91 %, 50 %, 15235 MiB, 122.93 W
2026/09/24 14:00:15.988, 2, 92 %, 35 %, 15195 MiB, 135.51 W
2026/09/24 14:00:15.989, 3, 97 %, 55 %, 15241 MiB, 150.00 W
2026/09/24 14:00:16.991, 0, 95 %, 43 %, 15259 MiB, 172.44 W
2026/09/24 14:00:16.993, 1, 92 %, 52 %, 15235 MiB, 168.26 W
2026/09/24 14:00:16.994, 2, 98 %, 56 %, 15195 MiB, 170.61 W
2026/09/24 14:00:16.995, 3, 97 %, 35 %, 15241 MiB, 170.52 W
2026/09/24 14:00:17.997, 0, 98 %, 54 %, 15259 MiB, 135.24 W
2026/09/24 14:00:17.998, 1, 91 %, 54 %, 15235 MiB, 123.01 W
2026/09/24 14:00:18.000, 2, 92 %, 42 %, 15195 MiB, 130.27 W
2026/09/24 14:00:18.001, 3, 98 %, 54 %, 15241 MiB, 135.72 W
2026/09/24 14:00:19.003, 0, 96 %, 52 %, 15259 MiB, 157.39 W
2026/09/24 14:00:19.004, 1, 92 %, 45 %, 15235 MiB, 154.30 W
2026/09/24 14:00:19.005, 2, 96 %, 54 %, 15195 MiB, 155.99 W
2026/09/24 14:00:19.007, 3, 97 %, 43 %, 15241 MiB, 153.17 W
2026/09/24 14:00:20.009, 0, 98 %, 53 %, 15259 MiB, 124.70 W
2026/09/24 14:00:20.011, 1, 96 %, 56 %, 15235 MiB, 119.72 W
2026/09/24 14:00:20.012, 2, 92 %, 51 %, 15195 MiB, 122.69 W
2026/09/24 14:00:20.013, 3, 98 %, 54 %, 15241 MiB, 119.95 W
2026/09/24 14:00:21.015, 0, 95 %, 55 %, 15259 MiB, 152.69 W
2026/09/24 14:00:21.016, 1, 91 %, 34 %, 15235 MiB, 149.02 W
2026/09/24 14:00:21.017, 2, 94 %, 52 %, 15195 MiB, 151.74 W
2026/09/24 14:00:21.019, 3, 97 %, 52 %, 15241 MiB, 150.28 W
2026/09/24 14:00:22.021, 0, 97 %, 46 %, 15259 MiB, 147.49 W
2026/09/24 14:00:22.022, 1, 100 %, 56 %, 15235 MiB, 148.06 W
2026/09/24 14:00:22.023, 2, 92 %, 55 %, 15195 MiB, 151.74 W
2026/09/24 14:00:22.024, 3, 99 %, 54 %, 15241 MiB, 152.21 W
2026/09/24 14:00:23.026, 0, 96 %, 55 %, 15259 MiB, 152.21 W
2026/09/24 14:00:23.028, 1, 91 %, 38 %, 15235 MiB, 148.16 W
2026/09/24 14:00:23.030, 2, 94 %, 46 %, 15195 MiB, 150.30 W
2026/09/24 14:00:23.031, 3, 97 %, 55 %, 15241 MiB, 149.90 W
2026/09/24 14:00:24.033, 0, 97 %, 38 %, 15259 MiB, 170.52 W
2026/09/24 14:00:24.034, 1, 100 %, 55 %, 15235 MiB, 165.98 W
2026/09/24 14:00:24.035, 2, 94 %, 56 %, 15195 MiB, 168.31 W
2026/09/24 14:00:24.036, 3, 99 %, 48 %, 15241 MiB, 168.23 W
2026/09/24 14:00:25.039, 0, 98 %, 55 %, 15259 MiB, 128.17 W
2026/09/24 14:00:25.040, 1, 92 %, 47 %, 15235 MiB, 103.46 W
2026/09/24 14:00:25.041, 2, 94 %, 36 %, 15195 MiB, 115.43 W
2026/09/24 14:00:25.042, 3, 98 %, 55 %, 15241 MiB, 133.88 W
2026/09/24 14:00:26.044, 0, 96 %, 35 %, 15259 MiB, 172.44 W
2026/09/24 14:00:26.046, 1, 96 %, 61 %, 15235 MiB, 167.78 W
2026/09/24 14:00:26.047, 2, 98 %, 64 %, 15195 MiB, 170.12 W
2026/09/24 14:00:26.048, 3, 99 %, 44 %, 15241 MiB, 170.04 W
2026/09/24 14:00:27.050, 0, 98 %, 55 %, 15259 MiB, 133.79 W
2026/09/24 14:00:27.051, 1, 91 %, 50 %, 15235 MiB, 121.08 W
2026/09/24 14:00:27.052, 2, 94 %, 53 %, 15195 MiB, 128.34 W
2026/09/24 14:00:27.054, 3, 98 %, 55 %, 15241 MiB, 134.27 W
2026/09/24 14:00:28.057, 0, 96 %, 43 %, 15259 MiB, 158.36 W
2026/09/24 14:00:28.058, 1, 91 %, 52 %, 15235 MiB, 154.68 W
2026/09/24 14:00:28.059, 2, 92 %, 55 %, 15195 MiB, 157.43 W
2026/09/24 14:00:28.060, 3, 98 %, 35 %, 15241 MiB, 154.61 W
2026/09/24 14:00:29.063, 0, 98 %, 54 %, 15259 MiB, 133.22 W
2026/09/24 14:00:29.064, 1, 91 %, 54 %, 15235 MiB, 126.38 W
2026/09/24 14:00:29.065, 2, 94 %, 46 %, 15195 MiB, 129.31 W
2026/09/24 14:00:29.066, 3, 98 %, 54 %, 15241 MiB, 126.15 W
2026/09/24 14:00:30.068, 0, 96 %, 50 %, 15259 MiB, 153.65 W
2026/09/24 14:00:30.069, 1, 91 %, 45 %, 15235 MiB, 149.50 W
2026/09/24 14:00:30.070, 2, 92 %, 55 %, 15195 MiB, 152.23 W
2026/09/24 14:00:30.071, 3, 97 %, 41 %, 15241 MiB, 150.76 W
2026/09/24 14:00:31.073, 0, 97 %, 55 %, 15259 MiB, 119.47 W
2026/09/24 14:00:31.075, 1, 95 %, 56 %, 15235 MiB, 114.97 W
2026/09/24 14:00:31.076, 2, 94 %, 38 %, 15195 MiB, 126.00 W
2026/09/24 14:00:31.077, 3, 98 %, 53 %, 15241 MiB, 127.60 W
2026/09/24 14:00:32.079, 0, 95 %, 55 %, 15259 MiB, 152.69 W
2026/09/24 14:00:32.080, 1, 91 %, 35 %, 15235 MiB, 148.16 W
2026/09/24 14:00:32.081, 2, 98 %, 57 %, 15195 MiB, 150.78 W
2026/09/24 14:00:32.082, 3, 98 %, 51 %, 15241 MiB, 149.80 W
2026/09/24 14:00:33.084, 0, 97 %, 49 %, 15259 MiB, 163.91 W
2026/09/24 14:00:33.086, 1, 100 %, 56 %, 15235 MiB, 161.66 W
2026/09/24 14:00:33.087, 2, 91 %, 36 %, 15195 MiB, 163.97 W
2026/09/24 14:00:33.088, 3, 99 %, 55 %, 15241 MiB, 163.91 W
2026/09/24 14:00:34.090, 0, 95 %, 55 %, 15259 MiB, 152.31 W
2026/09/24 14:00:34.092, 1, 91 %, 42 %, 15235 MiB, 129.59 W
2026/09/24 14:00:34.093, 2, 98 %, 55 %, 15195 MiB, 146.05 W
2026/09/24 14:00:34.094, 3, 97 %, 55 %, 15241 MiB, 149.52 W
2026/09/24 14:00:35.096, 0, 98 %, 44 %, 15259 MiB, 171.96 W
2026/09/24 14:00:35.097, 1, 92 %, 53 %, 15235 MiB, 167.78 W
2026/09/24 14:00:35.098, 2, 92 %, 43 %, 15195 MiB, 170.12 W
2026/09/24 14:00:35.099, 3, 99 %, 46 %, 15241 MiB, 169.67 W
2026/09/24 14:00:36.101, 0, 96 %, 56 %, 15259 MiB, 130.89 W
2026/09/24 14:00:36.103, 1, 92 %, 54 %, 15235 MiB, 114.49 W
2026/09/24 14:00:36.104, 2, 97 %, 54 %, 15195 MiB, 123.10 W
2026/09/24 14:00:36.105, 3, 98 %, 55 %, 15241 MiB, 133.79 W
2026/09/24 14:00:37.107, 0, 96 %, 35 %, 15259 MiB, 164.02 W
2026/09/24 14:00:37.108, 1, 92 %, 36 %, 15235 MiB, 160.33 W
2026/09/24 14:00:37.110, 2, 92 %, 50 %, 15195 MiB, 162.15 W
2026/09/24 14:00:37.112, 3, 97 %, 42 %, 15241 MiB, 157.39 W
2026/09/24 14:00:38.114, 0, 98 %, 55 %, 15259 MiB, 136.59 W
2026/09/24 14:00:38.116, 1, 100 %, 56 %, 15235 MiB, 128.71 W
2026/09/24 14:00:38.117, 2, 93 %, 54 %, 15195 MiB, 134.06 W
2026/09/24 14:00:38.118, 3, 98 %, 54 %, 15241 MiB, 134.67 W
2026/09/24 14:00:39.120, 0, 95 %, 39 %, 15259 MiB, 154.61 W
2026/09/24 14:00:39.121, 1, 91 %, 40 %, 15235 MiB, 150.94 W
2026/09/24 14:00:39.122, 2, 92 %, 55 %, 15195 MiB, 153.09 W
2026/09/24 14:00:39.123, 3, 98 %, 55 %, 15241 MiB, 151.72 W
2026/09/24 14:00:40.125, 0, 98 %, 54 %, 15259 MiB, 122.37 W
2026/09/24 14:00:40.127, 1, 100 %, 54 %, 15235 MiB, 115.93 W
2026/09/24 14:00:40.129, 2, 93 %, 50 %, 15195 MiB, 122.21 W
2026/09/24 14:00:40.130, 3, 99 %, 48 %, 15241 MiB, 121.81 W
2026/09/24 14:00:41.132, 0, 96 %, 45 %, 15259 MiB, 152.69 W
2026/09/24 14:00:41.133, 1, 92 %, 46 %, 15235 MiB, 148.64 W
2026/09/24 14:00:41.134, 2, 92 %, 55 %, 15195 MiB, 151.26 W
2026/09/24 14:00:41.135, 3, 97 %, 55 %, 15241 MiB, 149.80 W
2026/09/24 14:00:42.137, 0, 98 %, 54 %, 15259 MiB, 143.64 W
2026/09/24 14:00:42.138, 1, 91 %, 53 %, 15235 MiB, 146.24 W
2026/09/24 14:00:42.139, 2, 94 %, 44 %, 15195 MiB, 146.43 W
2026/09/24 14:00:42.140, 3, 99 %, 42 %, 15241 MiB, 147.87 W
2026/09/24 14:00:43.143, 0, 95 %, 50 %, 15259 MiB, 152.21 W
2026/09/24 14:00:43.144, 1, 92 %, 52 %, 15235 MiB, 148.16 W
2026/09/24 14:00:43.145, 2, 94 %, 56 %, 15195 MiB, 150.30 W
2026/09/24 14:00:43.146, 3, 98 %, 56 %, 15241 MiB, 148.84 W
2026/09/24 14:00:44.149, 0, 97 %, 54 %, 15259 MiB, 167.75 W
2026/09/24 14:00:44.151, 1, 91 %, 51 %, 15235 MiB, 164.54 W
2026/09/24 14:00:44.153, 2, 94 %, 38 %, 15195 MiB, 166.38 W
2026/09/24 14:00:44.154, 3, 98 %, 35 %, 15241 MiB, 166.79 W
2026/09/24 14:00:45.156, 0, 96 %, 55 %, 15259 MiB, 151.93 W
2026/09/24 14:00:45.157, 1, 91 %, 54 %, 15235 MiB, 104.84 W
2026/09/24 14:00:45.159, 2, 98 %, 57 %, 15195 MiB, 113.49 W
2026/09/24 14:00:45.160, 3, 98 %, 55 %, 15241 MiB, 145.47 W
2026/09/24 14:00:46.162, 0, 98 %, 51 %, 15259 MiB, 172.44 W
2026/09/24 14:00:46.163, 1, 92 %, 46 %, 15235 MiB, 167.78 W
2026/09/24 14:00:46.164, 2, 91 %, 35 %, 15195 MiB, 170.12 W
2026/09/24 14:00:46.165, 3, 97 %, 39 %, 15241 MiB, 169.56 W
2026/09/24 14:00:47.168, 0, 96 %, 55 %, 15259 MiB, 131.38 W
2026/09/24 14:00:47.169, 1, 91 %, 54 %, 15235 MiB, 118.27 W
2026/09/24 14:00:47.170, 2, 98 %, 56 %, 15195 MiB, 125.92 W
2026/09/24 14:00:47.171, 3, 98 %, 54 %, 15241 MiB, 134.36 W
2026/09/24 14:00:48.173, 0, 97 %, 50 %, 15259 MiB, 172.44 W
2026/09/24 14:00:48.174, 1, 91 %, 46 %, 15235 MiB, 168.26 W
2026/09/24 14:00:48.175, 2, 92 %, 35 %, 15195 MiB, 170.61 W
2026/09/24 14:00:48.176, 3, 97 %, 40 %, 15241 MiB, 170.04 W
2026/09/24 14:00:49.180, 0, 95 %, 55 %, 15259 MiB, 132.82 W
2026/09/24 14:00:49.181, 1, 91 %, 54 %, 15235 MiB, 122.05 W
2026/09/24 14:00:49.182, 2, 98 %, 56 %, 15195 MiB, 128.82 W
2026/09/24 14:00:49.183, 3, 98 %, 54 %, 15241 MiB, 133.79 W
2026/09/24 14:00:50.185, 0, 98 %, 46 %, 15259 MiB, 159.32 W
2026/09/24 14:00:50.186, 1, 91 %, 40 %, 15235 MiB, 155.64 W
2026/09/24 14:00:50.189, 2, 91 %, 40 %, 15195 MiB, 157.92 W
2026/09/24 14:00:50.190, 3, 97 %, 44 %, 15241 MiB, 154.51 W
2026/09/24 14:00:51.192, 0, 95 %, 55 %, 15259 MiB, 135.63 W
2026/09/24 14:00:51.193, 1, 97 %, 57 %, 15235 MiB, 128.71 W
2026/09/24 14:00:51.194, 2, 98 %, 55 %, 15195 MiB, 134.06 W
2026/09/24 14:00:51.195, 3, 98 %, 54 %, 15241 MiB, 134.18 W
2026/09/24 14:00:52.198, 0, 97 %, 41 %, 15259 MiB, 154.03 W
2026/09/24 14:00:52.199, 1, 91 %, 35 %, 15235 MiB, 150.94 W
2026/09/24 14:00:52.200, 2, 91 %, 44 %, 15195 MiB, 152.61 W
2026/09/24 14:00:52.201, 3, 97 %, 48 %, 15241 MiB, 151.24 W
2026/09/24 14:00:53.204, 0, 98 %, 56 %, 15259 MiB, 121.40 W
2026/09/24 14:00:53.205, 1, 100 %, 57 %, 15235 MiB, 115.93 W
2026/09/24 14:00:53.206, 2, 92 %, 54 %, 15195 MiB, 121.73 W
2026/09/24 14:00:53.207, 3, 98 %, 54 %, 15241 MiB, 118.50 W
2026/09/24 14:00:54.209, 0, 95 %, 36 %, 15259 MiB, 152.69 W
2026/09/24 14:00:54.210, 1, 91 %, 33 %, 15235 MiB, 148.54 W
2026/09/24 14:00:54.211, 2, 91 %, 54 %, 15195 MiB, 150.78 W
2026/09/24 14:00:54.213, 3, 98 %, 52 %, 15241 MiB, 149.32 W
2026/09/24 14:00:55.215, 0, 98 %, 54 %, 15259 MiB, 104.21 W
2026/09/24 14:00:55.221, 1, 100 %, 56 %, 15235 MiB, 103.11 W
2026/09/24 14:00:55.222, 2, 93 %, 49 %, 15195 MiB, 105.46 W
2026/09/24 14:00:55.223, 3, 98 %, 55 %, 15241 MiB, 100.89 W
2026/09/24 14:00:56.225, 0, 96 %, 47 %, 15259 MiB, 152.10 W
2026/09/24 14:00:56.226, 1, 91 %, 34 %, 15235 MiB, 148.06 W
2026/09/24 14:00:56.227, 2, 91 %, 55 %, 15195 MiB, 150.68 W
2026/09/24 14:00:56.233, 3, 98 %, 53 %, 15241 MiB, 148.84 W
2026/09/24 14:00:57.244, 0, 97 %, 54 %, 15259 MiB, 164.39 W
2026/09/24 14:00:57.245, 1, 100 %, 56 %, 15235 MiB, 160.71 W
2026/09/24 14:00:57.246, 2, 92 %, 35 %, 15195 MiB, 163.49 W
2026/09/24 14:00:57.248, 3, 99 %, 55 %, 15241 MiB, 163.54 W
2026/09/24 14:00:58.250, 0, 95 %, 55 %, 15259 MiB, 151.24 W
2026/09/24 14:00:58.251, 1, 91 %, 37 %, 15235 MiB, 143.35 W
2026/09/24 14:00:58.252, 2, 98 %, 55 %, 15195 MiB, 149.81 W
2026/09/24 14:00:58.253, 3, 97 %, 55 %, 15241 MiB, 148.93 W
2026/09/24 14:00:59.255, 0, 97 %, 43 %, 15259 MiB, 170.04 W
2026/09/24 14:00:59.256, 1, 100 %, 56 %, 15235 MiB, 165.98 W
2026/09/24 14:00:59.257, 2, 92 %, 43 %, 15195 MiB, 167.72 W
2026/09/24 14:00:59.258, 3, 99 %, 51 %, 15241 MiB, 168.23 W
2026/09/24 14:01:00.262, 0, 95 %, 55 %, 15259 MiB, 129.53 W
2026/09/24 14:01:00.263, 1, 91 %, 41 %, 15235 MiB, 94.41 W
2026/09/24 14:01:00.265, 2, 98 %, 55 %, 15195 MiB, 102.48 W
2026/09/24 14:01:00.266, 3, 98 %, 55 %, 15241 MiB, 123.50 W
2026/09/24 14:01:01.268, 0, 97 %, 41 %, 15259 MiB, 171.48 W
2026/09/24 14:01:01.270, 1, 100 %, 55 %, 15235 MiB, 167.30 W
2026/09/24 14:01:01.272, 2, 92 %, 45 %, 15195 MiB, 169.64 W
2026/09/24 14:01:01.273, 3, 99 %, 50 %, 15241 MiB, 169.19 W
2026/09/24 14:01:02.276, 0, 96 %, 56 %, 15259 MiB, 129.05 W
2026/09/24 14:01:02.277, 1, 91 %, 42 %, 15235 MiB, 114.41 W
2026/09/24 14:01:02.278, 2, 96 %, 54 %, 15195 MiB, 122.13 W
2026/09/24 14:01:02.279, 3, 98 %, 55 %, 15241 MiB, 133.79 W
2026/09/24 14:01:03.281, 0, 97 %, 38 %, 15259 MiB, 168.71 W
2026/09/24 14:01:03.282, 1, 98 %, 54 %, 15235 MiB, 159.85 W
2026/09/24 14:01:03.283, 2, 91 %, 48 %, 15195 MiB, 168.42 W
2026/09/24 14:01:03.284, 3, 99 %, 48 %, 15241 MiB, 162.10 W
2026/09/24 14:01:04.287, 0, 98 %, 56 %, 15259 MiB, 134.67 W
2026/09/24 14:01:04.289, 1, 91 %, 46 %, 15235 MiB, 124.86 W
2026/09/24 14:01:04.290, 2, 92 %, 53 %, 15195 MiB, 130.76 W
2026/09/24 14:01:04.291, 3, 98 %, 55 %, 15241 MiB, 133.79 W
2026/09/24 14:01:05.293, 0, 95 %, 35 %, 15259 MiB, 157.39 W
2026/09/24 14:01:05.294, 1, 93 %, 53 %, 15235 MiB, 154.68 W
2026/09/24 14:01:05.296, 2, 91 %, 51 %, 15195 MiB, 156.47 W
2026/09/24 14:01:05.297, 3, 99 %, 44 %, 15241 MiB, 154.03 W
2026/09/24 14:01:06.299, 0, 98 %, 56 %, 15259 MiB, 135.15 W
2026/09/24 14:01:06.300, 1, 90 %, 48 %, 15235 MiB, 128.23 W
2026/09/24 14:01:06.302, 2, 93 %, 54 %, 15195 MiB, 133.66 W
2026/09/24 14:01:06.303, 3, 98 %, 55 %, 15241 MiB, 133.79 W
2026/09/24 14:01:07.305, 0, 96 %, 37 %, 15259 MiB, 154.13 W
2026/09/24 14:01:07.306, 1, 91 %, 53 %, 15235 MiB, 150.46 W
2026/09/24 14:01:07.307, 2, 92 %, 54 %, 15195 MiB, 152.61 W
2026/09/24 14:01:07.309, 3, 99 %, 41 %, 15241 MiB, 151.24 W
2026/09/24 14:01:08.311, 0, 98 %, 55 %, 15259 MiB, 122.77 W
2026/09/24 14:01:08.312, 1, 91 %, 52 %, 15235 MiB, 118.35 W
2026/09/24 14:01:08.314, 2, 93 %, 51 %, 15195 MiB, 121.24 W
2026/09/24 14:01:08.315, 3, 98 %, 56 %, 15241 MiB, 118.99 W
2026/09/24 14:01:09.317, 0, 95 %, 40 %, 15259 MiB, 152.69 W
2026/09/24 14:01:09.318, 1, 91 %, 52 %, 15235 MiB, 149.02 W
2026/09/24 14:01:09.319, 2, 91 %, 55 %, 15195 MiB, 151.26 W
2026/09/24 14:01:09.320, 3, 99 %, 37 %, 15241 MiB, 149.80 W
2026/09/24 14:01:10.323, 0, 98 %, 62 %, 15259 MiB, 125.19 W
2026/09/24 14:01:10.325, 1, 91 %, 57 %, 15235 MiB, 119.72 W
2026/09/24 14:01:10.326, 2, 93 %, 53 %, 15195 MiB, 122.21 W
2026/09/24 14:01:10.327, 3, 98 %, 63 %, 15241 MiB, 119.95 W
2026/09/24 14:01:11.329, 0, 96 %, 37 %, 15259 MiB, 152.21 W
2026/09/24 14:01:11.330, 1, 91 %, 53 %, 15235 MiB, 149.02 W
2026/09/24 14:01:11.331, 2, 92 %, 55 %, 15195 MiB, 151.26 W
2026/09/24 14:01:11.332, 3, 99 %, 40 %, 15241 MiB, 149.80 W
2026/09/24 14:01:12.334, 0, 98 %, 55 %, 15259 MiB, 127.12 W
2026/09/24 14:01:12.335, 1, 90 %, 53 %, 15235 MiB, 118.75 W
2026/09/24 14:01:12.336, 2, 93 %, 51 %, 15195 MiB, 126.00 W
2026/09/24 14:01:12.337, 3, 98 %, 56 %, 15241 MiB, 123.25 W
2026/09/24 14:01:13.340, 0, 95 %, 39 %, 15259 MiB, 151.72 W
2026/09/24 14:01:13.341, 1, 91 %, 52 %, 15235 MiB, 148.54 W
2026/09/24 14:01:13.342, 2, 91 %, 55 %, 15195 MiB, 150.78 W
2026/09/24 14:01:13.343, 3, 99 %, 38 %, 15241 MiB, 149.32 W
2026/09/24 14:01:14.345, 0, 98 %, 55 %, 15259 MiB, 134.18 W
2026/09/24 14:01:14.348, 1, 91 %, 54 %, 15235 MiB, 138.64 W
2026/09/24 14:01:14.350, 2, 93 %, 49 %, 15195 MiB, 138.32 W
2026/09/24 14:01:14.351, 3, 99 %, 56 %, 15241 MiB, 144.60 W
2026/09/24 14:01:15.354, 0, 96 %, 42 %, 15259 MiB, 151.72 W
2026/09/24 14:01:15.356, 1, 100 %, 56 %, 15235 MiB, 147.68 W
2026/09/24 14:01:15.357, 2, 92 %, 55 %, 15195 MiB, 149.81 W
2026/09/24 14:01:15.358, 3, 98 %, 35 %, 15241 MiB, 148.84 W
2026/09/24 14:01:16.360, 0, 98 %, 54 %, 15259 MiB, 157.29 W
2026/09/24 14:01:16.361, 1, 90 %, 36 %, 15235 MiB, 157.46 W
2026/09/24 14:01:16.363, 2, 93 %, 47 %, 15195 MiB, 159.74 W
2026/09/24 14:01:16.365, 3, 98 %, 55 %, 15241 MiB, 160.17 W
2026/09/24 14:01:17.367, 0, 95 %, 45 %, 15259 MiB, 151.24 W
2026/09/24 14:01:17.368, 1, 100 %, 56 %, 15235 MiB, 147.68 W
2026/09/24 14:01:17.369, 2, 91 %, 55 %, 15195 MiB, 149.33 W
2026/09/24 14:01:17.371, 3, 97 %, 37 %, 15241 MiB, 148.84 W
2026/09/24 14:01:18.373, 0, 98 %, 54 %, 15259 MiB, 167.27 W
2026/09/24 14:01:18.374, 1, 91 %, 39 %, 15235 MiB, 163.58 W
2026/09/24 14:01:18.375, 2, 93 %, 44 %, 15195 MiB, 165.90 W
2026/09/24 14:01:18.377, 3, 98 %, 55 %, 15241 MiB, 162.95 W
2026/09/24 14:01:19.379, 0, 95 %, 47 %, 15259 MiB, 151.34 W
2026/09/24 14:01:19.380, 1, 100 %, 55 %, 15235 MiB, 127.18 W
2026/09/24 14:01:19.381, 2, 91 %, 55 %, 15195 MiB, 138.89 W
2026/09/24 14:01:19.382, 3, 97 %, 39 %, 15241 MiB, 148.55 W
2026/09/24 14:01:20.384, 0, 98 %, 55 %, 15259 MiB, 169.56 W
2026/09/24 14:01:20.385, 1, 91 %, 41 %, 15235 MiB, 165.50 W
2026/09/24 14:01:20.387, 2, 93 %, 42 %, 15195 MiB, 167.72 W
2026/09/24 14:01:20.388, 3, 98 %, 54 %, 15241 MiB, 167.75 W
2026/09/24 14:01:21.390, 0, 95 %, 48 %, 15259 MiB, 147.69 W
2026/09/24 14:01:21.391, 1, 100 %, 55 %, 15235 MiB, 98.63 W
2026/09/24 14:01:21.394, 2, 93 %, 56 %, 15195 MiB, 108.72 W
2026/09/24 14:01:21.395, 3, 98 %, 40 %, 15241 MiB, 139.28 W
2026/09/24 14:01:22.397, 0, 98 %, 55 %, 15259 MiB, 170.52 W
2026/09/24 14:01:22.398, 1, 90 %, 41 %, 15235 MiB, 166.94 W
2026/09/24 14:01:22.399, 2, 93 %, 41 %, 15195 MiB, 168.68 W
2026/09/24 14:01:22.400, 3, 99 %, 54 %, 15241 MiB, 168.12 W
2026/09/24 14:01:23.402, 0, 96 %, 49 %, 15259 MiB, 125.27 W
2026/09/24 14:01:23.404, 1, 100 %, 55 %, 15235 MiB, 102.56 W
2026/09/24 14:01:23.405, 2, 95 %, 56 %, 15195 MiB, 113.56 W
2026/09/24 14:01:23.406, 3, 98 %, 41 %, 15241 MiB, 132.52 W
2026/09/24 14:01:24.408, 0, 97 %, 54 %, 15259 MiB, 171.48 W
2026/09/24 14:01:24.409, 1, 91 %, 43 %, 15235 MiB, 167.90 W
2026/09/24 14:01:24.410, 2, 93 %, 39 %, 15195 MiB, 169.64 W
2026/09/24 14:01:24.411, 3, 99 %, 54 %, 15241 MiB, 169.08 W
2026/09/24 14:01:25.414, 0, 96 %, 51 %, 15259 MiB, 130.89 W
2026/09/24 14:01:25.416, 1, 98 %, 54 %, 15235 MiB, 118.27 W
2026/09/24 14:01:25.417, 2, 98 %, 57 %, 15195 MiB, 125.03 W
2026/09/24 14:01:25.418, 3, 98 %, 43 %, 15241 MiB, 133.31 W
2026/09/24 14:01:26.420, 0, 96 %, 54 %, 15259 MiB, 166.31 W
2026/09/24 14:01:26.421, 1, 91 %, 45 %, 15235 MiB, 162.25 W
2026/09/24 14:01:26.424, 2, 93 %, 37 %, 15195 MiB, 164.08 W
2026/09/24 14:01:26.425, 3, 99 %, 54 %, 15241 MiB, 159.21 W
2026/09/24 14:01:27.427, 0, 96 %, 53 %, 15259 MiB, 133.79 W
2026/09/24 14:01:27.428, 1, 95 %, 53 %, 15235 MiB, 124.94 W
2026/09/24 14:01:27.431, 2, 98 %, 57 %, 15195 MiB, 130.76 W
2026/09/24 14:01:27.432, 3, 98 %, 45 %, 15241 MiB, 132.82 W
2026/09/24 14:01:28.434, 0, 97 %, 55 %, 15259 MiB, 157.39 W
2026/09/24 14:01:28.435, 1, 91 %, 47 %, 15235 MiB, 154.20 W
2026/09/24 14:01:28.436, 2, 92 %, 35 %, 15195 MiB, 156.47 W
2026/09/24 14:01:28.437, 3, 99 %, 54 %, 15241 MiB, 153.55 W
2026/09/24 14:01:29.440, 0, 96 %, 55 %, 15259 MiB, 134.67 W
2026/09/24 14:01:29.441, 1, 92 %, 53 %, 15235 MiB, 127.74 W
2026/09/24 14:01:29.442, 2, 98 %, 57 %, 15195 MiB, 133.18 W
2026/09/24 14:01:29.443, 3, 98 %, 47 %, 15241 MiB, 133.31 W
2026/09/24 14:01:30.445, 0, 98 %, 54 %, 15259 MiB, 154.13 W
2026/09/24 14:01:30.446, 1, 91 %, 49 %, 15235 MiB, 150.94 W
2026/09/24 14:01:30.447, 2, 92 %, 34 %, 15195 MiB, 153.09 W
2026/09/24 14:01:30.448, 3, 99 %, 54 %, 15241 MiB, 151.24 W
2026/09/24 14:01:31.451, 0, 95 %, 55 %, 15259 MiB, 131.86 W
2026/09/24 14:01:31.452, 1, 91 %, 53 %, 15235 MiB, 124.46 W
2026/09/24 14:01:31.454, 2, 98 %, 56 %, 15195 MiB, 125.52 W
2026/09/24 14:01:31.455, 3, 98 %, 48 %, 15241 MiB, 123.25 W
2026/09/24 14:01:32.458, 0, 98 %, 52 %, 15259 MiB, 155.47 W
2026/09/24 14:01:32.459, 1, 91 %, 53 %, 15235 MiB, 152.86 W
2026/09/24 14:01:32.460, 2, 92 %, 39 %, 15195 MiB, 154.54 W
2026/09/24 14:01:32.461, 3, 99 %, 55 %, 15241 MiB, 151.72 W
2026/09/24 14:01:33.463, 0, 95 %, 53 %, 15259 MiB, 135.15 W
2026/09/24 14:01:33.464, 1, 95 %, 54 %, 15235 MiB, 128.23 W
2026/09/24 14:01:33.465, 2, 98 %, 57 %, 15195 MiB, 132.69 W
2026/09/24 14:01:33.467, 3, 99 %, 46 %, 15241 MiB, 131.38 W
2026/09/24 14:01:34.469, 0, 97 %, 55 %, 15259 MiB, 154.13 W
2026/09/24 14:01:34.471, 1, 91 %, 46 %, 15235 MiB, 150.94 W
2026/09/24 14:01:34.472, 2, 93 %, 36 %, 15195 MiB, 152.61 W
2026/09/24 14:01:34.473, 3, 98 %, 56 %, 15241 MiB, 151.24 W
2026/09/24 14:01:35.475, 0, 96 %, 54 %, 15259 MiB, 131.38 W
2026/09/24 14:01:35.476, 1, 94 %, 54 %, 15235 MiB, 125.42 W
2026/09/24 14:01:35.477, 2, 98 %, 57 %, 15195 MiB, 127.46 W
2026/09/24 14:01:35.478, 3, 99 %, 46 %, 15241 MiB, 125.19 W
2026/09/24 14:01:36.480, 0, 97 %, 54 %, 15259 MiB, 153.17 W
2026/09/24 14:01:36.481, 1, 90 %, 47 %, 15235 MiB, 149.50 W
2026/09/24 14:01:36.483, 2, 91 %, 34 %, 15195 MiB, 152.13 W
2026/09/24 14:01:36.484, 3, 98 %, 55 %, 15241 MiB, 149.80 W
2026/09/24 14:01:37.486, 0, 95 %, 54 %, 15259 MiB, 123.25 W
2026/09/24 14:01:37.487, 1, 94 %, 54 %, 15235 MiB, 117.86 W
2026/09/24 14:01:37.488, 2, 98 %, 57 %, 15195 MiB, 121.24 W
2026/09/24 14:01:37.489, 3, 99 %, 45 %, 15241 MiB, 118.50 W
2026/09/24 14:01:38.492, 0, 97 %, 54 %, 15259 MiB, 152.21 W
2026/09/24 14:01:38.493, 1, 91 %, 47 %, 15235 MiB, 149.02 W
2026/09/24 14:01:38.494, 2, 91 %, 34 %, 15195 MiB, 151.26 W
2026/09/24 14:01:38.496, 3, 98 %, 56 %, 15241 MiB, 149.32 W
2026/09/24 14:01:39.498, 0, 95 %, 55 %, 15259 MiB, 121.89 W
2026/09/24 14:01:39.499, 1, 91 %, 53 %, 15235 MiB, 115.45 W
2026/09/24 14:01:39.500, 2, 98 %, 57 %, 15195 MiB, 122.69 W
2026/09/24 14:01:39.501, 3, 99 %, 45 %, 15241 MiB, 123.34 W
2026/09/24 14:01:40.505, 0, 97 %, 55 %, 15259 MiB, 152.21 W
2026/09/24 14:01:40.506, 1, 91 %, 53 %, 15235 MiB, 148.54 W
2026/09/24 14:01:40.507, 2, 91 %, 34 %, 15195 MiB, 150.78 W
2026/09/24 14:01:40.508, 3, 98 %, 55 %, 15241 MiB, 149.32 W
2026/09/24 14:01:41.512, 0, 96 %, 54 %, 15259 MiB, 128.08 W
2026/09/24 14:01:41.513, 1, 91 %, 49 %, 15235 MiB, 120.68 W
2026/09/24 14:01:41.514, 2, 98 %, 57 %, 15195 MiB, 123.18 W
2026/09/24 14:01:41.515, 3, 98 %, 53 %, 15241 MiB, 118.58 W
2026/09/24 14:01:42.517, 0, 97 %, 55 %, 15259 MiB, 151.72 W
2026/09/24 14:01:42.518, 1, 90 %, 54 %, 15235 MiB, 148.16 W
2026/09/24 14:01:42.519, 2, 91 %, 34 %, 15195 MiB, 150.30 W
2026/09/24 14:01:42.520, 3, 99 %, 54 %, 15241 MiB, 148.84 W
2026/09/24 14:01:43.522, 0, 95 %, 54 %, 15259 MiB, 126.64 W
2026/09/24 14:01:43.524, 1, 91 %, 37 %, 15235 MiB, 122.69 W
2026/09/24 14:01:43.526, 2, 98 %, 57 %, 15195 MiB, 117.36 W
2026/09/24 14:01:43.527, 3, 98 %, 55 %, 15241 MiB, 118.66 W
2026/09/24 14:01:44.529, 0, 96 %, 54 %, 15259 MiB, 151.24 W
2026/09/24 14:01:44.530, 1, 91 %, 52 %, 15235 MiB, 148.64 W
2026/09/24 14:01:44.531, 2, 92 %, 36 %, 15195 MiB, 150.30 W
2026/09/24 14:01:44.532, 3, 99 %, 44 %, 15241 MiB, 148.84 W
2026/09/24 14:01:45.534, 0, 96 %, 53 %, 15259 MiB, 115.68 W
2026/09/24 14:01:45.536, 1, 90 %, 54 %, 15235 MiB, 113.11 W
2026/09/24 14:01:45.537, 2, 98 %, 57 %, 15195 MiB, 114.12 W
2026/09/24 14:01:45.538, 3, 99 %, 56 %, 15241 MiB, 110.03 W
2026/09/24 14:01:46.540, 0, 98 %, 57 %, 15259 MiB, 151.72 W
2026/09/24 14:01:46.541, 1, 91 %, 51 %, 15235 MiB, 148.64 W
2026/09/24 14:01:46.543, 2, 93 %, 37 %, 15195 MiB, 150.30 W
2026/09/24 14:01:46.544, 3, 98 %, 35 %, 15241 MiB, 148.84 W
2026/09/24 14:01:47.546, 0, 97 %, 38 %, 15259 MiB, 122.77 W
2026/09/24 14:01:47.547, 1, 91 %, 54 %, 15235 MiB, 117.86 W
2026/09/24 14:01:47.548, 2, 98 %, 57 %, 15195 MiB, 116.96 W
2026/09/24 14:01:47.549, 3, 99 %, 56 %, 15241 MiB, 113.34 W
2026/09/24 14:01:48.551, 0, 96 %, 56 %, 15259 MiB, 152.21 W
2026/09/24 14:01:48.552, 1, 90 %, 53 %, 15235 MiB, 148.64 W
2026/09/24 14:01:48.554, 2, 93 %, 39 %, 15195 MiB, 150.30 W
2026/09/24 14:01:48.555, 3, 98 %, 36 %, 15241 MiB, 148.84 W
2026/09/24 14:01:49.557, 0, 98 %, 40 %, 15259 MiB, 127.12 W
2026/09/24 14:01:49.558, 1, 90 %, 52 %, 15235 MiB, 121.64 W
2026/09/24 14:01:49.559, 2, 95 %, 56 %, 15195 MiB, 117.44 W
2026/09/24 14:01:49.562, 3, 99 %, 56 %, 15241 MiB, 113.34 W
2026/09/24 14:01:50.564, 0, 96 %, 56 %, 15259 MiB, 151.24 W
2026/09/24 14:01:50.567, 1, 100 %, 57 %, 15235 MiB, 148.64 W
2026/09/24 14:01:50.568, 2, 93 %, 42 %, 15195 MiB, 150.30 W
2026/09/24 14:01:50.569, 3, 99 %, 38 %, 15241 MiB, 148.84 W
2026/09/24 14:01:51.571, 0, 97 %, 42 %, 15259 MiB, 125.19 W
2026/09/24 14:01:51.572, 1, 91 %, 35 %, 15235 MiB, 122.69 W
2026/09/24 14:01:51.573, 2, 92 %, 56 %, 15195 MiB, 120.35 W
2026/09/24 14:01:51.574, 3, 98 %, 56 %, 15241 MiB, 116.17 W
2026/09/24 14:01:52.576, 0, 95 %, 55 %, 15259 MiB, 152.21 W
2026/09/24 14:01:52.577, 1, 99 %, 57 %, 15235 MiB, 148.64 W
2026/09/24 14:01:52.579, 2, 92 %, 43 %, 15195 MiB, 150.78 W
2026/09/24 14:01:52.580, 3, 99 %, 40 %, 15241 MiB, 148.93 W
2026/09/24 14:01:53.582, 0, 97 %, 44 %, 15259 MiB, 127.60 W
2026/09/24 14:01:53.583, 1, 90 %, 36 %, 15235 MiB, 119.31 W
2026/09/24 14:01:53.585, 2, 91 %, 55 %, 15195 MiB, 115.02 W
2026/09/24 14:01:53.586, 3, 98 %, 56 %, 15241 MiB, 111.40 W
2026/09/24 14:01:54.588, 0, 95 %, 55 %, 15259 MiB, 152.21 W
2026/09/24 14:01:54.590, 1, 96 %, 56 %, 15235 MiB, 148.64 W
2026/09/24 14:01:54.591, 2, 93 %, 46 %, 15195 MiB, 150.30 W
2026/09/24 14:01:54.592, 3, 99 %, 42 %, 15241 MiB, 148.93 W
2026/09/24 14:01:55.594, 0, 97 %, 51 %, 15259 MiB, 126.15 W
2026/09/24 14:01:55.596, 1, 91 %, 45 %, 15235 MiB, 119.31 W
2026/09/24 14:01:55.598, 2, 91 %, 55 %, 15195 MiB, 122.21 W
2026/09/24 14:01:55.599, 3, 98 %, 56 %, 15241 MiB, 119.95 W
2026/09/24 14:01:56.601, 0, 96 %, 55 %, 15259 MiB, 152.69 W
2026/09/24 14:01:56.603, 1, 90 %, 54 %, 15235 MiB, 149.50 W
2026/09/24 14:01:56.604, 2, 93 %, 50 %, 15195 MiB, 151.16 W
2026/09/24 14:01:56.605, 3, 99 %, 48 %, 15241 MiB, 149.80 W
2026/09/24 14:01:57.607, 0, 97 %, 52 %, 15259 MiB, 123.74 W
2026/09/24 14:01:57.608, 1, 91 %, 45 %, 15235 MiB, 118.35 W
2026/09/24 14:01:57.609, 2, 91 %, 55 %, 15195 MiB, 121.24 W
2026/09/24 14:01:57.610, 3, 98 %, 56 %, 15241 MiB, 118.99 W
2026/09/24 14:01:58.612, 0, 96 %, 55 %, 15259 MiB, 152.21 W
2026/09/24 14:01:58.613, 1, 90 %, 54 %, 15235 MiB, 149.02 W
2026/09/24 14:01:58.615, 2, 92 %, 51 %, 15195 MiB, 151.26 W
2026/09/24 14:01:58.616, 3, 99 %, 49 %, 15241 MiB, 149.32 W
2026/09/24 14:01:59.618, 0, 97 %, 53 %, 15259 MiB, 123.82 W
2026/09/24 14:01:59.619, 1, 91 %, 47 %, 15235 MiB, 117.86 W
2026/09/24 14:01:59.620, 2, 90 %, 55 %, 15195 MiB, 120.76 W
2026/09/24 14:01:59.621, 3, 98 %, 56 %, 15241 MiB, 119.07 W
2026/09/24 14:02:00.624, 0, 96 %, 55 %, 15259 MiB, 153.17 W
2026/09/24 14:02:00.625, 1, 90 %, 54 %, 15235 MiB, 149.02 W
2026/09/24 14:02:00.626, 2, 93 %, 49 %, 15195 MiB, 151.26 W
2026/09/24 14:02:00.627, 3, 99 %, 50 %, 15241 MiB, 149.80 W
2026/09/24 14:02:01.629, 0, 98 %, 49 %, 15259 MiB, 124.70 W
2026/09/24 14:02:01.630, 1, 91 %, 48 %, 15235 MiB, 118.83 W
2026/09/24 14:02:01.631, 2, 92 %, 55 %, 15195 MiB, 121.73 W
2026/09/24 14:02:01.632, 3, 98 %, 56 %, 15241 MiB, 119.47 W
2026/09/24 14:02:02.635, 0, 96 %, 55 %, 15259 MiB, 152.69 W
2026/09/24 14:02:02.636, 1, 90 %, 54 %, 15235 MiB, 149.50 W
2026/09/24 14:02:02.637, 2, 91 %, 35 %, 15195 MiB, 151.74 W
2026/09/24 14:02:02.638, 3, 99 %, 51 %, 15241 MiB, 149.90 W
2026/09/24 14:02:03.640, 0, 97 %, 51 %, 15259 MiB, 120.92 W
2026/09/24 14:02:03.646, 1, 91 %, 48 %, 15235 MiB, 115.45 W
2026/09/24 14:02:03.647, 2, 98 %, 55 %, 15195 MiB, 122.21 W
2026/09/24 14:02:03.648, 3, 98 %, 56 %, 15241 MiB, 120.44 W
2026/09/24 14:02:04.651, 0, 98 %, 54 %, 15259 MiB, 152.21 W
2026/09/24 14:02:04.652, 1, 91 %, 54 %, 15235 MiB, 149.50 W
2026/09/24 14:02:04.653, 2, 91 %, 48 %, 15195 MiB, 151.26 W
2026/09/24 14:02:04.654, 3, 99 %, 53 %, 15241 MiB, 149.80 W
2026/09/24 14:02:05.656, 0, 96 %, 55 %, 15259 MiB, 120.92 W
2026/09/24 14:02:05.657, 1, 90 %, 50 %, 15235 MiB, 114.97 W
2026/09/24 14:02:05.658, 2, 91 %, 53 %, 15195 MiB, 120.27 W
2026/09/24 14:02:05.659, 3, 98 %, 56 %, 15241 MiB, 120.92 W
2026/09/24 14:02:06.661, 0, 97 %, 50 %, 15259 MiB, 152.21 W
2026/09/24 14:02:06.663, 1, 90 %, 54 %, 15235 MiB, 149.12 W
2026/09/24 14:02:06.664, 2, 91 %, 49 %, 15195 MiB, 151.74 W
2026/09/24 14:02:06.665, 3, 99 %, 54 %, 15241 MiB, 149.80 W
2026/09/24 14:02:07.667, 0, 96 %, 55 %, 15259 MiB, 121.89 W
2026/09/24 14:02:07.668, 1, 90 %, 52 %, 15235 MiB, 116.42 W
2026/09/24 14:02:07.669, 2, 93 %, 54 %, 15195 MiB, 121.73 W
2026/09/24 14:02:07.670, 3, 98 %, 55 %, 15241 MiB, 119.07 W
2026/09/24 14:02:08.672, 0, 97 %, 52 %, 15259 MiB, 152.69 W
2026/09/24 14:02:08.673, 1, 90 %, 51 %, 15235 MiB, 149.60 W
2026/09/24 14:02:08.674, 2, 90 %, 46 %, 15195 MiB, 151.74 W
2026/09/24 14:02:08.675, 3, 99 %, 55 %, 15241 MiB, 149.90 W
2026/09/24 14:02:09.678, 0, 96 %, 56 %, 15259 MiB, 123.82 W
2026/09/24 14:02:09.680, 1, 90 %, 53 %, 15235 MiB, 117.86 W
2026/09/24 14:02:09.681, 2, 97 %, 55 %, 15195 MiB, 121.24 W
2026/09/24 14:02:09.682, 3, 98 %, 52 %, 15241 MiB, 119.47 W
2026/09/24 14:02:10.684, 0, 97 %, 54 %, 15259 MiB, 152.69 W
2026/09/24 14:02:10.686, 1, 90 %, 50 %, 15235 MiB, 149.60 W
2026/09/24 14:02:10.687, 2, 91 %, 44 %, 15195 MiB, 151.74 W
2026/09/24 14:02:10.688, 3, 98 %, 55 %, 15241 MiB, 149.90 W
2026/09/24 14:02:11.691, 0, 96 %, 54 %, 15259 MiB, 125.19 W
2026/09/24 14:02:11.692, 1, 90 %, 53 %, 15235 MiB, 118.35 W
2026/09/24 14:02:11.694, 2, 98 %, 55 %, 15195 MiB, 121.24 W
2026/09/24 14:02:11.695, 3, 98 %, 50 %, 15241 MiB, 118.58 W
2026/09/24 14:02:12.698, 0, 97 %, 55 %, 15259 MiB, 152.69 W
2026/09/24 14:02:12.699, 1, 90 %, 48 %, 15235 MiB, 149.60 W
2026/09/24 14:02:12.700, 2, 91 %, 42 %, 15195 MiB, 151.74 W
2026/09/24 14:02:12.701, 3, 98 %, 56 %, 15241 MiB, 150.38 W
2026/09/24 14:02:13.703, 0, 95 %, 52 %, 15259 MiB, 123.74 W
2026/09/24 14:02:13.704, 1, 93 %, 53 %, 15235 MiB, 118.83 W
2026/09/24 14:02:13.705, 2, 98 %, 55 %, 15195 MiB, 121.73 W
2026/09/24 14:02:13.706, 3, 99 %, 41 %, 15241 MiB, 119.07 W
2026/09/24 14:02:14.709, 0, 96 %, 54 %, 15259 MiB, 153.65 W
2026/09/24 14:02:14.710, 1, 90 %, 45 %, 15235 MiB, 149.60 W
2026/09/24 14:02:14.711, 2, 90 %, 40 %, 15195 MiB, 151.74 W
2026/09/24 14:02:14.712, 3, 98 %, 56 %, 15241 MiB, 150.28 W
2026/09/24 14:02:15.714, 0, 96 %, 51 %, 15259 MiB, 126.15 W
2026/09/24 14:02:15.715, 1, 96 %, 54 %, 15235 MiB, 120.20 W
2026/09/24 14:02:15.716, 2, 98 %, 55 %, 15195 MiB, 123.18 W
2026/09/24 14:02:15.717, 3, 99 %, 44 %, 15241 MiB, 120.44 W
2026/09/24 14:02:16.720, 0, 97 %, 55 %, 15259 MiB, 153.65 W
2026/09/24 14:02:16.721, 1, 90 %, 44 %, 15235 MiB, 149.98 W
2026/09/24 14:02:16.722, 2, 91 %, 38 %, 15195 MiB, 152.23 W
2026/09/24 14:02:16.724, 3, 98 %, 56 %, 15241 MiB, 150.28 W
2026/09/24 14:02:17.726, 0, 41 %, 1 %, 15259 MiB, 79.14 W
2026/09/24 14:02:17.727, 1, 45 %, 1 %, 15235 MiB, 75.70 W
2026/09/24 14:02:17.728, 2, 37 %, 1 %, 15195 MiB, 79.84 W
2026/09/24 14:02:17.729, 3, 36 %, 1 %, 15241 MiB, 77.25 W
2026/09/24 14:02:18.731, 0, 41 %, 1 %, 15259 MiB, 78.66 W
2026/09/24 14:02:18.732, 1, 45 %, 1 %, 15235 MiB, 75.22 W
2026/09/24 14:02:18.733, 2, 37 %, 1 %, 15195 MiB, 79.84 W
2026/09/24 14:02:18.734, 3, 37 %, 1 %, 15241 MiB, 77.25 W
