2026/09/23 14:19:17.552, 116, 143771, 0
2026/09/23 14:19:17.803, 116, 143771, 0
2026/09/23 14:19:18.053, 116, 143771, 0
2026/09/23 14:19:18.303, 116, 143771, 0
2026/09/23 14:19:18.554, 116, 143771, 0
2026/09/23 14:19:18.804, 116, 143771, 0
2026/09/23 14:19:19.054, 116, 143771, 0
2026/09/23 14:19:19.304, 116, 143771, 0
2026/09/23 14:19:19.554, 116, 143771, 0
2026/09/23 14:19:19.804, 116, 143771, 0
2026/09/23 14:19:20.054, 116, 143771, 0
2026/09/23 14:19:20.305, 116, 143771, 0
2026/09/23 14:19:20.555, 116, 143771, 0
2026/09/23 14:19:20.805, 116, 143771, 0
2026/09/23 14:19:21.055, 116, 143771, 0
2026/09/23 14:19:21.305, 116, 143771, 0
2026/09/23 14:19:21.555, 116, 143771, 0
2026/09/23 14:19:21.805, 116, 143771, 0
2026/09/23 14:19:22.056, 116, 143771, 0
2026/09/23 14:19:22.306, 116, 143771, 0
2026/09/23 14:19:22.556, 116, 143771, 0
2026/09/23 14:19:22.806, 116, 143771, 0
2026/09/23 14:19:23.056, 116, 143771, 0
2026/09/23 14:19:23.307, 116, 143771, 0
2026/09/23 14:19:23.557, 116, 143771, 0
2026/09/23 14:19:23.807, 116, 143771, 0
2026/09/23 14:19:24.057, 116, 143771, 0
2026/09/23 14:19:24.307, 116, 143771, 0
2026/09/23 14:19:24.557, 116, 143771, 0
2026/09/23 14:19:24.807, 116, 143771, 0
2026/09/23 14:19:25.057, 116, 143771, 0
2026/09/23 14:19:25.308, 116, 143771, 0
2026/09/23 14:19:25.558, 116, 143771, 0
2026/09/23 14:19:25.808, 116, 143771, 0
2026/09/23 14:19:26.058, 116, 143771, 0
2026/09/23 14:19:26.308, 116, 143771, 0
2026/09/23 14:19:26.558, 116, 143771, 0
2026/09/23 14:19:26.809, 116, 143771, 0
2026/09/23 14:19:27.059, 116, 143771, 0
2026/09/23 14:19:27.309, 116, 143771, 0
2026/09/23 14:19:27.559, 116, 143771, 0
2026/09/23 14:19:27.809, 116, 143771, 0
2026/09/23 14:19:28.059, 116, 143771, 0
2026/09/23 14:19:28.309, 116, 143771, 0
2026/09/23 14:19:28.560, 116, 143771, 0
2026/09/23 14:19:28.810, 116, 143771, 0
2026/09/23 14:19:29.060, 116, 143771, 0
2026/09/23 14:19:29.310, 116, 143771, 0
2026/09/23 14:19:29.560, 116, 143771, 0
2026/09/23 14:19:29.810, 116, 143771, 0
2026/09/23 14:19:30.061, 116, 143771, 0
2026/09/23 14:19:30.311, 116, 143771, 0
2026/09/23 14:19:30.561, 116, 143771, 0
2026/09/23 14:19:30.811, 116, 143771, 0
2026/09/23 14:19:31.061, 116, 143771, 0
2026/09/23 14:19:31.311, 116, 143771, 0
2026/09/23 14:19:31.561, 116, 143771, 0
2026/09/23 14:19:31.812, 116, 143771, 0
2026/09/23 14:19:32.062, 116, 143771, 0
2026/09/23 14:19:32.312, 116, 143771, 0
2026/09/23 14:19:32.562, 116, 143771, 0
2026/09/23 14:19:32.812, 116, 143771, 0
2026/09/23 14:19:33.062, 116, 143771, 0
2026/09/23 14:19:33.313, 116, 143771, 0
2026/09/23 14:19:33.563, 116, 143771, 0
2026/09/23 14:19:33.813, 116, 143771, 0
2026/09/23 14:19:34.063, 116, 143771, 0
2026/09/23 14:19:34.313, 116, 143771, 0
2026/09/23 14:19:34.564, 116, 143771, 0
2026/09/23 14:19:34.814, 116, 143771, 0
2026/09/23 14:19:35.064, 116, 143771, 0
2026/09/23 14:19:35.314, 116, 143771, 0
2026/09/23 14:19:35.564, 116, 143771, 0
2026/09/23 14:19:35.833, 116, 143771, 0
2026/09/23 14:19:36.083, 116, 143771, 0
2026/09/23 14:19:36.333, 116, 143771, 0
2026/09/23 14:19:36.583, 116, 143771, 0
2026/09/23 14:19:36.833, 116, 143771, 0
2026/09/23 14:19:37.084, 116, 143771, 0
2026/09/23 14:19:37.334, 116, 143771, 0
2026/09/23 14:19:37.584, 116, 143771, 0
2026/09/23 14:19:37.834, 116, 143771, 0
2026/09/23 14:19:38.084, 116, 143771, 0
2026/09/23 14:19:38.334, 116, 143771, 0
2026/09/23 14:19:38.584, 116, 143771, 0
2026/09/23 14:19:38.835, 116, 143771, 0
2026/09/23 14:19:39.085, 116, 143771, 0
2026/09/23 14:19:39.335, 116, 143771, 0
2026/09/23 14:19:39.585, 116, 143771, 0
2026/09/23 14:19:39.835, 116, 143771, 0
2026/09/23 14:19:40.085, 116, 143771, 0
2026/09/23 14:19:40.336, 116, 143771, 0
2026/09/23 14:19:40.586, 116, 143771, 0
2026/09/23 14:19:40.836, 116, 143771, 0
2026/09/23 14:19:41.086, 116, 143771, 0
2026/09/23 14:19:41.336, 116, 143771, 0
2026/09/23 14:19:41.587, 116, 143771, 0
2026/09/23 14:19:41.837, 116, 143771, 0
2026/09/23 14:19:42.087, 116, 143771, 0
2026/09/23 14:19:42.337, 116, 143771, 0
2026/09/23 14:19:42.588, 116, 143771, 0
2026/09/23 14:19:42.838, 116, 143771, 0
2026/09/23 14:19:43.090, 116, 143771, 0
2026/09/23 14:19:43.340, 116, 143771, 0
2026/09/23 14:19:43.590, 116, 143771, 0
2026/09/23 14:19:43.840, 116, 143771, 0
2026/09/23 14:19:44.091, 116, 143771, 0
2026/09/23 14:19:44.341, 116, 143771, 0
2026/09/23 14:19:44.591, 116, 143771, 0
2026/09/23 14:19:44.841, 116, 143771, 0
2026/09/23 14:19:45.091, 116, 143771, 0
2026/09/23 14:19:45.342, 116, 143771, 0
2026/09/23 14:19:45.592, 116, 143771, 0
2026/09/23 14:19:45.842, 116, 143771, 0
2026/09/23 14:19:46.092, 116, 143771, 0
2026/09/23 14:19:46.342, 116, 143771, 0
2026/09/23 14:19:46.592, 116, 143771, 0
2026/09/23 14:19:46.843, 116, 143771, 0
2026/09/23 14:19:47.093, 116, 143771, 0
2026/09/23 14:19:47.343, 116, 143771, 0
2026/09/23 14:19:47.593, 116, 143771, 0
2026/09/23 14:19:47.843, 116, 143771, 0
2026/09/23 14:19:48.094, 116, 143771, 0
2026/09/23 14:19:48.344, 116, 143771, 0
2026/09/23 14:19:48.594, 116, 143771, 0
2026/09/23 14:19:48.844, 116, 143771, 0
2026/09/23 14:19:49.094, 116, 143771, 0
2026/09/23 14:19:49.344, 116, 143771, 0
2026/09/23 14:19:49.595, 116, 143771, 0
2026/09/23 14:19:49.845, 116, 143771, 0
2026/09/23 14:19:50.095, 116, 143771, 0
2026/09/23 14:19:50.345, 116, 143771, 0
2026/09/23 14:19:50.595, 116, 143771, 0
2026/09/23 14:19:50.846, 116, 143771, 0
2026/09/23 14:19:51.096, 116, 143771, 0
2026/09/23 14:19:51.346, 116, 143771, 0
2026/09/23 14:19:51.596, 116, 143771, 0
2026/09/23 14:19:51.846, 116, 143771, 0
2026/09/23 14:19:52.097, 116, 143771, 0
2026/09/23 14:19:52.347, 116, 143771, 0
2026/09/23 14:19:52.597, 116, 143771, 0
2026/09/23 14:19:52.847, 116, 143771, 0
2026/09/23 14:19:53.098, 116, 143771, 0
2026/09/23 14:19:53.348, 116, 143771, 0
2026/09/23 14:19:53.598, 116, 143771, 0
2026/09/23 14:19:53.848, 116, 143771, 0
2026/09/23 14:19:54.098, 116, 143771, 0
2026/09/23 14:19:54.348, 116, 143771, 0
2026/09/23 14:19:54.599, 116, 143771, 0
2026/09/23 14:19:54.849, 116, 143771, 0
2026/09/23 14:19:55.099, 116, 143771, 0
2026/09/23 14:19:55.349, 116, 143771, 0
2026/09/23 14:19:55.599, 116, 143771, 0
2026/09/23 14:19:55.850, 116, 143771, 0
2026/09/23 14:19:56.100, 116, 143771, 0
2026/09/23 14:19:56.350, 116, 143771, 0
2026/09/23 14:19:56.600, 116, 143771, 0
2026/09/23 14:19:56.850, 116, 143771, 0
2026/09/23 14:19:57.100, 116, 143771, 0
2026/09/23 14:19:57.350, 116, 143771, 0
2026/09/23 14:19:57.601, 116, 143771, 0
2026/09/23 14:19:57.851, 116, 143771, 0
2026/09/23 14:19:58.101, 116, 143771, 0
2026/09/23 14:19:58.351, 116, 143771, 0
2026/09/23 14:19:58.601, 116, 143771, 0
2026/09/23 14:19:58.852, 116, 143771, 0
2026/09/23 14:19:59.102, 116, 143771, 0
2026/09/23 14:19:59.352, 116, 143771, 0
2026/09/23 14:19:59.602, 116, 143771, 0
2026/09/23 14:19:59.852, 116, 143771, 0
2026/09/23 14:20:00.102, 116, 143771, 0
2026/09/23 14:20:00.353, 116, 143771, 0
2026/09/23 14:20:00.603, 116, 143771, 0
2026/09/23 14:20:00.853, 116, 143771, 0
2026/09/23 14:20:01.103, 116, 143771, 0
2026/09/23 14:20:01.353, 116, 143771, 0
2026/09/23 14:20:01.603, 116, 143771, 0
2026/09/23 14:20:01.854, 116, 143771, 0
2026/09/23 14:20:02.104, 116, 143771, 0
2026/09/23 14:20:02.354, 116, 143771, 0
2026/09/23 14:20:02.604, 116, 143771, 0
2026/09/23 14:20:02.854, 116, 143771, 0
2026/09/23 14:20:03.105, 116, 143771, 0
2026/09/23 14:20:03.355, 116, 143771, 0
2026/09/23 14:20:03.605, 116, 143771, 0
2026/09/23 14:20:03.855, 116, 143771, 0
2026/09/23 14:20:04.105, 116, 143771, 0
2026/09/23 14:20:04.355, 116, 143771, 0
2026/09/23 14:20:04.606, 116, 143771, 0
2026/09/23 14:20:04.856, 116, 143771, 0
2026/09/23 14:20:05.106, 116, 143771, 0
2026/09/23 14:20:05.356, 116, 143771, 0
2026/09/23 14:20:05.606, 116, 143771, 0
2026/09/23 14:20:05.856, 116, 143771, 0
2026/09/23 14:20:06.106, 116, 143771, 0
2026/09/23 14:20:06.357, 116, 143771, 0
2026/09/23 14:20:06.607, 116, 143771, 0
2026/09/23 14:20:06.857, 116, 143771, 0
2026/09/23 14:20:07.107, 116, 143771, 0
2026/09/23 14:20:07.357, 116, 143771, 0
2026/09/23 14:20:07.608, 116, 143771, 0
2026/09/23 14:20:07.858, 116, 143771, 0
2026/09/23 14:20:08.108, 116, 143771, 0
2026/09/23 14:20:08.358, 116, 143771, 0
2026/09/23 14:20:08.608, 116, 143771, 0
2026/09/23 14:20:08.858, 116, 143771, 0
2026/09/23 14:20:09.109, 116, 143771, 0
2026/09/23 14:20:09.359, 116, 143771, 0
2026/09/23 14:20:09.609, 116, 143771, 0
2026/09/23 14:20:09.859, 116, 143771, 0
2026/09/23 14:20:10.110, 116, 143771, 0
2026/09/23 14:20:10.360, 116, 143771, 0
2026/09/23 14:20:10.610, 116, 143771, 0
2026/09/23 14:20:10.860, 116, 143771, 0
2026/09/23 14:20:11.111, 116, 143771, 0
2026/09/23 14:20:11.361, 116, 143771, 0
2026/09/23 14:20:11.611, 116, 143771, 0
2026/09/23 14:20:11.861, 116, 143771, 0
2026/09/23 14:20:12.111, 116, 143771, 0
2026/09/23 14:20:12.361, 116, 143771, 0
2026/09/23 14:20:12.611, 116, 143771, 0
2026/09/23 14:20:12.862, 116, 143771, 0
2026/09/23 14:20:13.112, 116, 143771, 0
2026/09/23 14:20:13.362, 116, 143771, 0
2026/09/23 14:20:13.612, 116, 143771, 0
2026/09/23 14:20:13.862, 116, 143771, 0
2026/09/23 14:20:14.113, 116, 143771, 0
2026/09/23 14:20:14.363, 116, 143771, 0
2026/09/23 14:20:14.613, 116, 143771, 0
2026/09/23 14:20:14.863, 116, 143771, 0
2026/09/23 14:20:15.113, 116, 143771, 0
2026/09/23 14:20:15.363, 116, 143771, 0
2026/09/23 14:20:15.613, 116, 143771, 0
2026/09/23 14:20:15.864, 116, 143771, 0
2026/09/23 14:20:16.114, 116, 143771, 0
2026/09/23 14:20:16.364, 116, 143771, 0
2026/09/23 14:20:16.614, 116, 143771, 0
2026/09/23 14:20:16.864, 116, 143771, 0
2026/09/23 14:20:17.114, 116, 143771, 0
2026/09/23 14:20:17.365, 116, 143771, 0
2026/09/23 14:20:17.615, 116, 143771, 0
2026/09/23 14:20:17.865, 116, 143771, 0
2026/09/23 14:20:18.115, 116, 143771, 0
2026/09/23 14:20:18.365, 116, 143771, 0
2026/09/23 14:20:18.615, 116, 143771, 0
2026/09/23 14:20:18.865, 116, 143771, 0
2026/09/23 14:20:19.115, 116, 143771, 0
2026/09/23 14:20:19.366, 116, 143771, 0
2026/09/23 14:20:19.616, 116, 143771, 0
2026/09/23 14:20:19.866, 116, 143771, 0
2026/09/23 14:20:20.116, 116, 143771, 0
2026/09/23 14:20:20.366, 116, 143771, 0
2026/09/23 14:20:20.617, 116, 143771, 0
2026/09/23 14:20:20.867, 116, 143771, 0
2026/09/23 14:20:21.117, 116, 143771, 0
2026/09/23 14:20:21.367, 116, 143771, 0
2026/09/23 14:20:21.617, 116, 143771, 0
2026/09/23 14:20:21.867, 116, 143771, 0
2026/09/23 14:20:22.117, 116, 143771, 0
2026/09/23 14:20:22.368, 116, 143771, 0
2026/09/23 14:20:22.618, 116, 143771, 0
2026/09/23 14:20:22.868, 116, 143771, 0
2026/09/23 14:20:23.118, 116, 143771, 0
2026/09/23 14:20:23.368, 116, 143771, 0
2026/09/23 14:20:23.618, 116, 143771, 0
2026/09/23 14:20:23.869, 116, 143771, 0
2026/09/23 14:20:24.119, 116, 143771, 0
2026/09/23 14:20:24.369, 116, 143771, 0
2026/09/23 14:20:24.619, 116, 143771, 0
2026/09/23 14:20:24.869, 116, 143771, 0
2026/09/23 14:20:25.119, 116, 143771, 0
2026/09/23 14:20:25.369, 116, 143771, 0
2026/09/23 14:20:25.620, 116, 143771, 0
2026/09/23 14:20:25.870, 116, 143771, 0
2026/09/23 14:20:26.120, 116, 143771, 0
2026/09/23 14:20:26.370, 116, 143771, 0
2026/09/23 14:20:26.620, 116, 143771, 0
2026/09/23 14:20:26.870, 116, 143771, 0
2026/09/23 14:20:27.120, 116, 143771, 0
2026/09/23 14:20:27.371, 116, 143771, 0
2026/09/23 14:20:27.621, 116, 143771, 0
2026/09/23 14:20:27.871, 116, 143771, 0
2026/09/23 14:20:28.121, 116, 143771, 0
2026/09/23 14:20:28.371, 116, 143771, 0
2026/09/23 14:20:28.621, 116, 143771, 0
2026/09/23 14:20:28.871, 116, 143771, 0
2026/09/23 14:20:29.122, 116, 143771, 0
2026/09/23 14:20:29.372, 116, 143771, 0
2026/09/23 14:20:29.622, 116, 143771, 0
2026/09/23 14:20:29.872, 116, 143771, 0
2026/09/23 14:20:30.122, 116, 143771, 0
2026/09/23 14:20:30.372, 116, 143771, 0
2026/09/23 14:20:30.623, 116, 143771, 0
2026/09/23 14:20:30.873, 116, 143771, 0
2026/09/23 14:20:31.123, 116, 143771, 0
2026/09/23 14:20:31.373, 116, 143771, 0
2026/09/23 14:20:31.623, 116, 143771, 0
2026/09/23 14:20:31.873, 116, 143771, 0
2026/09/23 14:20:32.123, 116, 143771, 0
2026/09/23 14:20:32.374, 116, 143771, 0
2026/09/23 14:20:32.624, 116, 143771, 0
2026/09/23 14:20:32.874, 116, 143771, 0
2026/09/23 14:20:33.124, 116, 143771, 0
2026/09/23 14:20:33.374, 116, 143771, 0
2026/09/23 14:20:33.624, 116, 143771, 0
2026/09/23 14:20:33.875, 116, 143771, 0
2026/09/23 14:20:34.125, 116, 143771, 0
2026/09/23 14:20:34.375, 116, 143771, 0
2026/09/23 14:20:34.625, 116, 143771, 0
2026/09/23 14:20:34.876, 116, 143771, 0
2026/09/23 14:20:35.126, 116, 143771, 0
2026/09/23 14:20:35.376, 116, 143771, 0
2026/09/23 14:20:35.626, 116, 143771, 0
2026/09/23 14:20:35.877, 116, 143771, 0
2026/09/23 14:20:36.127, 116, 143771, 0
2026/09/23 14:20:36.377, 116, 143771, 0
2026/09/23 14:20:36.627, 116, 143771, 0
2026/09/23 14:20:36.877, 116, 143771, 0
2026/09/23 14:20:37.128, 116, 143771, 0
2026/09/23 14:20:37.378, 116, 143771, 0
2026/09/23 14:20:37.628, 116, 143771, 0
2026/09/23 14:20:37.878, 116, 143771, 0
2026/09/23 14:20:38.128, 116, 143771, 0
2026/09/23 14:20:38.466, 116, 143771, 0
2026/09/23 14:20:38.716, 116, 143771, 0
2026/09/23 14:20:38.966, 116, 143771, 0
2026/09/23 14:20:39.216, 116, 143771, 0
2026/09/23 14:20:39.466, 116, 143771, 0
2026/09/23 14:20:39.717, 116, 143771, 0
2026/09/23 14:20:39.967, 116, 143771, 0
2026/09/23 14:20:40.217, 116, 143771, 0
2026/09/23 14:20:40.467, 116, 143771, 0
2026/09/23 14:20:40.717, 116, 143771, 0
2026/09/23 14:20:40.967, 116, 143771, 0
2026/09/23 14:20:41.218, 116, 143771, 0
2026/09/23 14:20:41.469, 116, 143771, 0
2026/09/23 14:20:41.719, 116, 143771, 0
2026/09/23 14:20:41.969, 116, 143771, 0
2026/09/23 14:20:42.219, 116, 143771, 0
2026/09/23 14:20:42.469, 116, 143771, 0
2026/09/23 14:20:42.720, 116, 143771, 0
2026/09/23 14:20:42.970, 116, 143771, 0
2026/09/23 14:20:43.220, 116, 143771, 0
2026/09/23 14:20:43.470, 116, 143771, 0
2026/09/23 14:20:43.720, 116, 143771, 0
2026/09/23 14:20:43.970, 116, 143771, 0
2026/09/23 14:20:44.220, 116, 143771, 0
2026/09/23 14:20:44.471, 116, 143771, 0
2026/09/23 14:20:44.721, 116, 143771, 0
2026/09/23 14:20:44.971, 116, 143771, 0
2026/09/23 14:20:45.221, 116, 143771, 0
2026/09/23 14:20:45.471, 116, 143771, 0
2026/09/23 14:20:45.721, 116, 143771, 0
2026/09/23 14:20:45.971, 116, 143771, 0
2026/09/23 14:20:46.222, 116, 143771, 0
2026/09/23 14:20:46.472, 116, 143771, 0
2026/09/23 14:20:46.722, 116, 143771, 0
2026/09/23 14:20:46.972, 116, 143771, 0
2026/09/23 14:20:47.222, 116, 143771, 0
2026/09/23 14:20:47.472, 116, 143771, 0
2026/09/23 14:20:47.722, 116, 143771, 0
2026/09/23 14:20:47.972, 116, 143771, 0
2026/09/23 14:20:48.223, 116, 143771, 0
2026/09/23 14:20:48.473, 116, 143771, 0
2026/09/23 14:20:48.723, 116, 143771, 0
2026/09/23 14:20:48.973, 116, 143771, 0
2026/09/23 14:20:49.223, 116, 143771, 0
2026/09/23 14:20:49.473, 116, 143771, 0
2026/09/23 14:20:49.724, 116, 143771, 0
2026/09/23 14:20:49.974, 116, 143771, 0
2026/09/23 14:20:50.224, 116, 143771, 0
2026/09/23 14:20:50.474, 116, 143771, 0
2026/09/23 14:20:50.724, 116, 143771, 0
2026/09/23 14:20:50.974, 116, 143771, 0
2026/09/23 14:20:51.224, 116, 143771, 0
2026/09/23 14:20:51.474, 116, 143771, 0
2026/09/23 14:20:51.725, 116, 143771, 0
2026/09/23 14:20:51.975, 116, 143771, 0
2026/09/23 14:20:52.225, 116, 143771, 0
2026/09/23 14:20:52.475, 116, 143771, 0
2026/09/23 14:20:52.725, 116, 143771, 0
2026/09/23 14:20:52.975, 116, 143771, 0
2026/09/23 14:20:53.226, 116, 143771, 0
2026/09/23 14:20:53.476, 116, 143771, 0
2026/09/23 14:20:53.726, 116, 143771, 0
2026/09/23 14:20:53.976, 116, 143771, 0
2026/09/23 14:20:54.226, 116, 143771, 0
2026/09/23 14:20:54.476, 116, 143771, 0
2026/09/23 14:20:54.726, 116, 143771, 0
2026/09/23 14:20:54.976, 116, 143771, 0
2026/09/23 14:20:55.227, 116, 143771, 0
2026/09/23 14:20:55.477, 116, 143771, 0
2026/09/23 14:20:55.727, 116, 143771, 0
2026/09/23 14:20:55.977, 116, 143771, 0
2026/09/23 14:20:56.227, 116, 143771, 0
2026/09/23 14:20:56.477, 116, 143771, 0
2026/09/23 14:20:56.727, 116, 143771, 0
2026/09/23 14:20:56.978, 116, 143771, 0
2026/09/23 14:20:57.228, 116, 143771, 0
2026/09/23 14:20:57.478, 116, 143771, 0
2026/09/23 14:20:57.728, 116, 143771, 0
2026/09/23 14:20:57.979, 116, 143771, 0
2026/09/23 14:20:58.229, 116, 143771, 0
2026/09/23 14:20:58.479, 116, 143771, 0
2026/09/23 14:20:58.729, 116, 143771, 0
2026/09/23 14:20:58.979, 116, 143771, 0
2026/09/23 14:20:59.230, 116, 143771, 0
2026/09/23 14:20:59.480, 116, 143771, 0
2026/09/23 14:20:59.730, 116, 143771, 0
2026/09/23 14:20:59.980, 116, 143771, 0
2026/09/23 14:21:00.230, 116, 143771, 0
2026/09/23 14:21:00.480, 116, 143771, 0
2026/09/23 14:21:00.730, 116, 143771, 0
2026/09/23 14:21:00.980, 116, 143771, 0
2026/09/23 14:21:01.231, 116, 143771, 0
2026/09/23 14:21:01.481, 116, 143771, 0
2026/09/23 14:21:01.731, 116, 143771, 0
2026/09/23 14:21:01.981, 116, 143771, 0
2026/09/23 14:21:02.231, 116, 143771, 0
2026/09/23 14:21:02.481, 116, 143771, 0
2026/09/23 14:21:02.731, 116, 143771, 0
2026/09/23 14:21:02.982, 116, 143771, 0
2026/09/23 14:21:03.232, 116, 143771, 0
2026/09/23 14:21:03.482, 116, 143771, 0
2026/09/23 14:21:03.732, 116, 143771, 0
2026/09/23 14:21:03.982, 116, 143771, 0
2026/09/23 14:21:04.232, 116, 143771, 0
2026/09/23 14:21:04.482, 116, 143771, 0
2026/09/23 14:21:04.733, 116, 143771, 0
2026/09/23 14:21:04.983, 116, 143771, 0
2026/09/23 14:21:05.233, 116, 143771, 0
2026/09/23 14:21:05.483, 116, 143771, 0
2026/09/23 14:21:05.733, 116, 143771, 0
2026/09/23 14:21:05.984, 116, 143771, 0
2026/09/23 14:21:06.234, 116, 143771, 0
2026/09/23 14:21:06.484, 116, 143771, 0
2026/09/23 14:21:06.734, 116, 143771, 0
2026/09/23 14:21:06.984, 116, 143771, 0
2026/09/23 14:21:07.234, 116, 143771, 0
2026/09/23 14:21:07.485, 116, 143771, 0
2026/09/23 14:21:07.735, 116, 143771, 0
2026/09/23 14:21:07.985, 116, 143771, 0
2026/09/23 14:21:08.235, 116, 143771, 0
2026/09/23 14:21:08.485, 116, 143771, 0
2026/09/23 14:21:08.735, 116, 143771, 0
2026/09/23 14:21:08.985, 116, 143771, 0
2026/09/23 14:21:09.236, 116, 143771, 0
2026/09/23 14:21:09.486, 116, 143771, 0
2026/09/23 14:21:09.736, 116, 143771, 0
2026/09/23 14:21:09.986, 116, 143771, 0
2026/09/23 14:21:10.236, 116, 143771, 0
2026/09/23 14:21:10.487, 116, 143771, 0
2026/09/23 14:21:10.737, 116, 143771, 0
2026/09/23 14:21:10.987, 116, 143771, 0
2026/09/23 14:21:11.237, 116, 143771, 0
2026/09/23 14:21:11.487, 116, 143771, 0
2026/09/23 14:21:11.738, 116, 143771, 0
2026/09/23 14:21:11.988, 116, 143771, 0
2026/09/23 14:21:12.238, 116, 143771, 0
2026/09/23 14:21:12.488, 116, 143771, 0
2026/09/23 14:21:12.738, 116, 143771, 0
2026/09/23 14:21:12.988, 116, 143771, 0
2026/09/23 14:21:13.239, 116, 143771, 0
2026/09/23 14:21:13.489, 116, 143771, 0
2026/09/23 14:21:13.739, 116, 143771, 0
2026/09/23 14:21:13.989, 116, 143771, 0
2026/09/23 14:21:14.239, 116, 143771, 0
2026/09/23 14:21:14.489, 116, 143771, 0
2026/09/23 14:21:14.740, 116, 143771, 0
2026/09/23 14:21:14.990, 116, 143771, 0
2026/09/23 14:21:15.240, 116, 143771, 0
2026/09/23 14:21:15.490, 116, 143771, 0
2026/09/23 14:21:15.740, 116, 143771, 0
2026/09/23 14:21:15.991, 116, 143771, 0
2026/09/23 14:21:16.241, 116, 143771, 0
2026/09/23 14:21:16.491, 116, 143771, 0
2026/09/23 14:21:16.741, 116, 143771, 0
2026/09/23 14:21:16.991, 116, 143771, 0
2026/09/23 14:21:17.241, 116, 143771, 0
2026/09/23 14:21:17.492, 116, 143771, 0
2026/09/23 14:21:17.742, 116, 143771, 0
2026/09/23 14:21:17.992, 116, 143771, 0
2026/09/23 14:21:18.242, 116, 143771, 0
2026/09/23 14:21:18.492, 116, 143771, 0
2026/09/23 14:21:18.742, 116, 143771, 0
2026/09/23 14:21:18.993, 116, 143771, 0
2026/09/23 14:21:19.243, 116, 143771, 0
2026/09/23 14:21:19.493, 116, 143771, 0
2026/09/23 14:21:19.743, 116, 143771, 0
2026/09/23 14:21:19.993, 116, 143771, 0
2026/09/23 14:21:20.243, 116, 143771, 0
2026/09/23 14:21:20.494, 116, 143771, 0
2026/09/23 14:21:20.744, 116, 143771, 0
2026/09/23 14:21:20.994, 116, 143771, 0
2026/09/23 14:21:21.244, 116, 143771, 0
2026/09/23 14:21:21.494, 116, 143771, 0
2026/09/23 14:21:21.744, 116, 143771, 0
2026/09/23 14:21:21.994, 116, 143771, 0
2026/09/23 14:21:22.245, 116, 143771, 0
2026/09/23 14:21:22.495, 116, 143771, 0
2026/09/23 14:21:22.745, 116, 143771, 0
2026/09/23 14:21:22.995, 116, 143771, 0
2026/09/23 14:21:23.245, 116, 143771, 0
2026/09/23 14:21:23.496, 116, 143771, 0
2026/09/23 14:21:23.746, 116, 143771, 0
2026/09/23 14:21:23.996, 116, 143771, 0
2026/09/23 14:21:24.246, 116, 143771, 0
2026/09/23 14:21:24.496, 116, 143771, 0
2026/09/23 14:21:24.746, 116, 143771, 0
2026/09/23 14:21:24.996, 116, 143771, 0
2026/09/23 14:21:25.246, 116, 143771, 0
2026/09/23 14:21:25.497, 116, 143771, 0
2026/09/23 14:21:25.747, 116, 143771, 0
2026/09/23 14:21:25.997, 116, 143771, 0
2026/09/23 14:21:26.247, 116, 143771, 0
2026/09/23 14:21:26.497, 116, 143771, 0
2026/09/23 14:21:26.748, 116, 143771, 0
2026/09/23 14:21:26.998, 116, 143771, 0
2026/09/23 14:21:27.248, 116, 143771, 0
2026/09/23 14:21:27.498, 116, 143771, 0
2026/09/23 14:21:27.748, 116, 143771, 0
2026/09/23 14:21:27.998, 116, 143771, 0
2026/09/23 14:21:28.250, 116, 143771, 0
2026/09/23 14:21:28.500, 116, 143771, 0
2026/09/23 14:21:28.750, 116, 143771, 0
2026/09/23 14:21:29.000, 116, 143771, 0
2026/09/23 14:21:29.251, 116, 143771, 0
2026/09/23 14:21:29.501, 116, 143771, 0
2026/09/23 14:21:29.751, 116, 143771, 0
2026/09/23 14:21:30.001, 116, 143771, 0
2026/09/23 14:21:30.251, 116, 143771, 0
2026/09/23 14:21:30.501, 116, 143771, 0
2026/09/23 14:21:30.752, 116, 143771, 0
2026/09/23 14:21:31.002, 116, 143771, 0
2026/09/23 14:21:31.252, 116, 143771, 0
2026/09/23 14:21:31.502, 116, 143771, 0
2026/09/23 14:21:31.752, 116, 143771, 0
2026/09/23 14:21:32.002, 116, 143771, 0
2026/09/23 14:21:32.252, 116, 143771, 0
2026/09/23 14:21:32.502, 116, 143771, 0
2026/09/23 14:21:32.753, 116, 143771, 0
2026/09/23 14:21:33.003, 116, 143771, 0
2026/09/23 14:21:33.253, 116, 143771, 0
2026/09/23 14:21:33.503, 116, 143771, 0
2026/09/23 14:21:33.753, 116, 143771, 0
2026/09/23 14:21:34.003, 116, 143771, 0
2026/09/23 14:21:34.254, 116, 143771, 0
2026/09/23 14:21:34.504, 116, 143771, 0
2026/09/23 14:21:34.754, 116, 143771, 0
2026/09/23 14:21:35.004, 116, 143771, 0
2026/09/23 14:21:35.254, 116, 143771, 0
2026/09/23 14:21:35.504, 116, 143771, 0
2026/09/23 14:21:35.754, 116, 143771, 0
2026/09/23 14:21:36.004, 116, 143771, 0
2026/09/23 14:21:36.255, 116, 143771, 0
2026/09/23 14:21:36.505, 116, 143771, 0
2026/09/23 14:21:36.755, 116, 143771, 0
2026/09/23 14:21:37.005, 116, 143771, 0
2026/09/23 14:21:37.255, 116, 143771, 0
2026/09/23 14:21:37.506, 116, 143771, 0
2026/09/23 14:21:37.756, 116, 143771, 0
2026/09/23 14:21:38.006, 116, 143771, 0
2026/09/23 14:21:38.256, 116, 143771, 0
2026/09/23 14:21:38.506, 116, 143771, 0
2026/09/23 14:21:38.756, 116, 143771, 0
2026/09/23 14:21:39.006, 116, 143771, 0
2026/09/23 14:21:39.256, 116, 143771, 0
2026/09/23 14:21:39.507, 116, 143771, 0
2026/09/23 14:21:39.757, 116, 143771, 0
2026/09/23 14:21:40.007, 116, 143771, 0
2026/09/23 14:21:40.257, 116, 143771, 0
2026/09/23 14:21:40.507, 116, 143771, 0
2026/09/23 14:21:40.757, 116, 143771, 0
2026/09/23 14:21:41.007, 116, 143771, 0
2026/09/23 14:21:41.258, 116, 143771, 0
2026/09/23 14:21:41.508, 116, 143771, 0
2026/09/23 14:21:41.758, 116, 143771, 0
2026/09/23 14:21:42.008, 116, 143771, 0
2026/09/23 14:21:42.258, 116, 143771, 0
2026/09/23 14:21:42.508, 116, 143771, 0
2026/09/23 14:21:42.758, 116, 143771, 0
2026/09/23 14:21:43.009, 116, 143771, 0
2026/09/23 14:21:43.259, 116, 143771, 0
2026/09/23 14:21:43.509, 116, 143771, 0
2026/09/23 14:21:43.759, 116, 143771, 0
2026/09/23 14:21:44.009, 116, 143771, 0
2026/09/23 14:21:44.259, 116, 143771, 0
2026/09/23 14:21:44.509, 116, 143771, 0
2026/09/23 14:21:44.759, 116, 143771, 0
2026/09/23 14:21:45.010, 116, 143771, 0
2026/09/23 14:21:45.260, 116, 143771, 0
2026/09/23 14:21:45.510, 116, 143771, 0
2026/09/23 14:21:45.760, 116, 143771, 0
2026/09/23 14:21:46.010, 116, 143771, 0
2026/09/23 14:21:46.260, 116, 143771, 0
2026/09/23 14:21:46.511, 116, 143771, 0
2026/09/23 14:21:46.761, 116, 143771, 0
2026/09/23 14:21:47.011, 116, 143771, 0
2026/09/23 14:21:47.261, 116, 143771, 0
2026/09/23 14:21:47.511, 116, 143771, 0
2026/09/23 14:21:47.761, 116, 143771, 0
2026/09/23 14:21:48.011, 116, 143771, 0
2026/09/23 14:21:48.261, 116, 143771, 0
2026/09/23 14:21:48.512, 116, 143771, 0
2026/09/23 14:21:48.762, 116, 143771, 0
2026/09/23 14:21:49.012, 116, 143771, 0
2026/09/23 14:21:49.262, 116, 143771, 0
2026/09/23 14:21:49.512, 116, 143771, 0
2026/09/23 14:21:49.762, 116, 143771, 0
2026/09/23 14:21:50.012, 116, 143771, 0
2026/09/23 14:21:50.263, 116, 143771, 0
2026/09/23 14:21:50.513, 116, 143771, 0
2026/09/23 14:21:50.763, 116, 143771, 0
2026/09/23 14:21:51.013, 116, 143771, 0
2026/09/23 14:21:51.263, 116, 143771, 0
2026/09/23 14:21:51.513, 116, 143771, 0
2026/09/23 14:21:51.765, 116, 143771, 0
2026/09/23 14:21:52.015, 116, 143771, 0
2026/09/23 14:21:52.265, 116, 143771, 0
2026/09/23 14:21:52.516, 116, 143771, 0
2026/09/23 14:21:52.811, 116, 143771, 0
2026/09/23 14:21:53.061, 116, 143771, 0
2026/09/23 14:21:53.311, 116, 143771, 0
2026/09/23 14:21:53.561, 116, 143771, 0
2026/09/23 14:21:53.811, 116, 143771, 0
2026/09/23 14:21:54.062, 116, 143771, 0
2026/09/23 14:21:54.312, 116, 143771, 0
2026/09/23 14:21:54.562, 116, 143771, 0
2026/09/23 14:21:54.813, 116, 143771, 0
2026/09/23 14:21:55.063, 116, 143771, 0
2026/09/23 14:21:55.313, 116, 143771, 0
2026/09/23 14:21:55.563, 116, 143771, 0
2026/09/23 14:21:55.814, 116, 143771, 0
2026/09/23 14:21:56.064, 116, 143771, 0
2026/09/23 14:21:56.314, 116, 143771, 0
2026/09/23 14:21:56.564, 116, 143771, 0
2026/09/23 14:21:56.814, 116, 143771, 0
2026/09/23 14:21:57.065, 116, 143771, 0
2026/09/23 14:21:57.315, 116, 143771, 0
2026/09/23 14:21:57.565, 116, 143771, 0
2026/09/23 14:21:57.816, 116, 143771, 0
2026/09/23 14:21:58.066, 116, 143771, 0
2026/09/23 14:21:58.316, 116, 143771, 0
2026/09/23 14:21:58.566, 116, 143771, 0
2026/09/23 14:21:58.816, 116, 143771, 0
2026/09/23 14:21:59.066, 116, 143771, 0
2026/09/23 14:21:59.317, 116, 143771, 0
2026/09/23 14:21:59.567, 116, 143771, 0
2026/09/23 14:21:59.817, 116, 143771, 0
2026/09/23 14:22:00.068, 116, 143771, 0
2026/09/23 14:22:00.318, 116, 143771, 0
2026/09/23 14:22:00.568, 116, 143771, 0
2026/09/23 14:22:00.818, 116, 143771, 0
2026/09/23 14:22:01.068, 116, 143771, 0
2026/09/23 14:22:01.318, 116, 143771, 0
2026/09/23 14:22:01.569, 116, 143771, 0
2026/09/23 14:22:01.819, 116, 143771, 0
2026/09/23 14:22:02.069, 116, 143771, 0
2026/09/23 14:22:02.319, 116, 143771, 0
2026/09/23 14:22:02.569, 116, 143771, 0
2026/09/23 14:22:02.819, 116, 143771, 0
2026/09/23 14:22:03.070, 116, 143771, 0
2026/09/23 14:22:03.320, 116, 143771, 0
2026/09/23 14:22:03.570, 116, 143771, 0
2026/09/23 14:22:03.820, 116, 143771, 0
2026/09/23 14:22:04.070, 116, 143771, 0
2026/09/23 14:22:04.320, 116, 143771, 0
2026/09/23 14:22:04.570, 116, 143771, 0
2026/09/23 14:22:04.821, 116, 143771, 0
2026/09/23 14:22:05.071, 116, 143771, 0
2026/09/23 14:22:05.321, 116, 143771, 0
2026/09/23 14:22:05.571, 116, 143771, 0
2026/09/23 14:22:05.821, 116, 143771, 0
2026/09/23 14:22:06.071, 116, 143771, 0
2026/09/23 14:22:06.322, 116, 143771, 0
2026/09/23 14:22:06.572, 116, 143771, 0
2026/09/23 14:22:06.822, 116, 143771, 0
2026/09/23 14:22:07.072, 116, 143771, 0
2026/09/23 14:22:07.322, 116, 143771, 0
2026/09/23 14:22:07.573, 116, 143771, 0
2026/09/23 14:22:07.823, 116, 143771, 0
2026/09/23 14:22:08.073, 116, 143771, 0
2026/09/23 14:22:08.323, 116, 143771, 0
2026/09/23 14:22:08.574, 116, 143771, 0
2026/09/23 14:22:08.825, 116, 143771, 0
2026/09/23 14:22:09.075, 116, 143771, 0
2026/09/23 14:22:09.325, 116, 143771, 0
2026/09/23 14:22:09.576, 116, 143771, 0
2026/09/23 14:22:09.826, 116, 143771, 0
2026/09/23 14:22:10.077, 116, 143771, 0
2026/09/23 14:22:10.327, 116, 143771, 0
2026/09/23 14:22:10.577, 116, 143771, 0
2026/09/23 14:22:10.827, 116, 143771, 0
2026/09/23 14:22:11.077, 116, 143771, 0
2026/09/23 14:22:11.328, 116, 143771, 0
2026/09/23 14:22:11.578, 116, 143771, 0
2026/09/23 14:22:11.828, 116, 143771, 0
2026/09/23 14:22:12.078, 116, 143771, 0
2026/09/23 14:22:12.328, 116, 143771, 0
2026/09/23 14:22:12.578, 116, 143771, 0
2026/09/23 14:22:12.828, 116, 143771, 0
2026/09/23 14:22:13.079, 116, 143771, 0
2026/09/23 14:22:13.329, 116, 143771, 0
2026/09/23 14:22:13.579, 116, 143771, 0
2026/09/23 14:22:13.829, 116, 143771, 0
2026/09/23 14:22:14.080, 116, 143771, 0
2026/09/23 14:22:14.330, 116, 143771, 0
2026/09/23 14:22:14.580, 116, 143771, 0
2026/09/23 14:22:14.830, 116, 143771, 0
2026/09/23 14:22:15.080, 116, 143771, 0
2026/09/23 14:22:15.330, 116, 143771, 0
2026/09/23 14:22:15.580, 116, 143771, 0
2026/09/23 14:22:15.831, 116, 143771, 0
2026/09/23 14:22:16.081, 116, 143771, 0
2026/09/23 14:22:16.331, 116, 143771, 0
2026/09/23 14:22:16.581, 116, 143771, 0
2026/09/23 14:22:16.832, 116, 143771, 0
2026/09/23 14:22:17.082, 116, 143771, 0
2026/09/23 14:22:17.332, 116, 143771, 0
2026/09/23 14:22:17.582, 116, 143771, 0
2026/09/23 14:22:17.832, 116, 143771, 0
2026/09/23 14:22:18.082, 116, 143771, 0
2026/09/23 14:22:18.333, 116, 143771, 0
2026/09/23 14:22:18.583, 116, 143771, 0
2026/09/23 14:22:18.833, 116, 143771, 0
2026/09/23 14:22:19.083, 116, 143771, 0
2026/09/23 14:22:19.333, 116, 143771, 0
2026/09/23 14:22:19.583, 116, 143771, 0
2026/09/23 14:22:19.834, 116, 143771, 0
2026/09/23 14:22:20.084, 116, 143771, 0
2026/09/23 14:22:20.334, 116, 143771, 0
2026/09/23 14:22:20.584, 116, 143771, 0
2026/09/23 14:22:20.834, 116, 143771, 0
2026/09/23 14:22:21.084, 116, 143771, 0
2026/09/23 14:22:21.334, 116, 143771, 0
2026/09/23 14:22:21.585, 116, 143771, 0
2026/09/23 14:22:21.835, 116, 143771, 0
2026/09/23 14:22:22.085, 116, 143771, 0
2026/09/23 14:22:22.335, 116, 143771, 0
2026/09/23 14:22:22.585, 116, 143771, 0
2026/09/23 14:22:22.835, 116, 143771, 0
2026/09/23 14:22:23.085, 116, 143771, 0
2026/09/23 14:22:23.336, 116, 143771, 0
2026/09/23 14:22:23.586, 116, 143771, 0
2026/09/23 14:22:23.836, 116, 143771, 0
2026/09/23 14:22:24.086, 116, 143771, 0
2026/09/23 14:22:24.336, 116, 143771, 0
2026/09/23 14:22:24.587, 116, 143771, 0
2026/09/23 14:22:24.837, 116, 143771, 0
2026/09/23 14:22:25.087, 116, 143771, 0
2026/09/23 14:22:25.341, 116, 143771, 0
2026/09/23 14:22:25.591, 116, 143771, 0
2026/09/23 14:22:25.841, 116, 143771, 0
2026/09/23 14:22:26.092, 116, 143771, 0
2026/09/23 14:22:26.342, 116, 143771, 0
2026/09/23 14:22:26.592, 116, 143771, 0
2026/09/23 14:22:26.842, 116, 143771, 0
2026/09/23 14:22:27.092, 116, 143771, 0
2026/09/23 14:22:27.343, 116, 143771, 0
2026/09/23 14:22:27.593, 116, 143771, 0
2026/09/23 14:22:27.843, 116, 143771, 0
2026/09/23 14:22:28.093, 116, 143771, 0
2026/09/23 14:22:28.343, 116, 143771, 0
2026/09/23 14:22:28.593, 116, 143771, 0
2026/09/23 14:22:28.843, 116, 143771, 0
2026/09/23 14:22:29.093, 116, 143771, 0
2026/09/23 14:22:29.344, 116, 143771, 0
2026/09/23 14:22:29.594, 116, 143771, 0
2026/09/23 14:22:29.844, 116, 143771, 0
2026/09/23 14:22:30.094, 116, 143771, 0
2026/09/23 14:22:30.344, 116, 143771, 0
2026/09/23 14:22:30.595, 116, 143771, 0
2026/09/23 14:22:30.845, 116, 143771, 0
2026/09/23 14:22:31.095, 116, 143771, 0
2026/09/23 14:22:31.345, 116, 143771, 0
2026/09/23 14:22:31.595, 116, 143771, 0
2026/09/23 14:22:31.845, 116, 143771, 0
2026/09/23 14:22:32.096, 116, 143771, 0
2026/09/23 14:22:32.346, 116, 143771, 0
2026/09/23 14:22:32.596, 116, 143771, 0
2026/09/23 14:22:32.846, 116, 143771, 0
2026/09/23 14:22:33.096, 116, 143771, 0
2026/09/23 14:22:33.348, 116, 143771, 0
2026/09/23 14:22:33.599, 116, 143771, 0
2026/09/23 14:22:33.850, 116, 143771, 0
2026/09/23 14:22:34.100, 116, 143771, 0
2026/09/23 14:22:34.351, 116, 143771, 0
2026/09/23 14:22:34.601, 116, 143771, 0
2026/09/23 14:22:34.851, 116, 143771, 0
2026/09/23 14:22:35.101, 116, 143771, 0
2026/09/23 14:22:35.352, 116, 143771, 0
2026/09/23 14:22:35.602, 116, 143771, 0
2026/09/23 14:22:35.852, 116, 143771, 0
2026/09/23 14:22:36.102, 116, 143771, 0
2026/09/23 14:22:36.352, 116, 143771, 0
2026/09/23 14:22:36.602, 116, 143771, 0
2026/09/23 14:22:36.852, 116, 143771, 0
2026/09/23 14:22:37.102, 116, 143771, 0
2026/09/23 14:22:37.353, 116, 143771, 0
2026/09/23 14:22:37.603, 116, 143771, 0
2026/09/23 14:22:37.853, 116, 143771, 0
2026/09/23 14:22:38.103, 116, 143771, 0
2026/09/23 14:22:38.353, 116, 143771, 0
2026/09/23 14:22:38.603, 116, 143771, 0
2026/09/23 14:22:38.854, 116, 143771, 0
2026/09/23 14:22:39.104, 116, 143771, 0
2026/09/23 14:22:39.354, 116, 143771, 0
2026/09/23 14:22:39.604, 116, 143771, 0
2026/09/23 14:22:39.854, 116, 143771, 0
2026/09/23 14:22:40.105, 116, 143771, 0
2026/09/23 14:22:40.355, 116, 143771, 0
2026/09/23 14:22:40.606, 116, 143771, 0
2026/09/23 14:22:40.856, 116, 143771, 0
2026/09/23 14:22:41.106, 116, 143771, 0
2026/09/23 14:22:41.357, 116, 143771, 0
2026/09/23 14:22:41.607, 116, 143771, 0
2026/09/23 14:22:41.857, 116, 143771, 0
2026/09/23 14:22:42.108, 116, 143771, 0
2026/09/23 14:22:42.358, 116, 143771, 0
2026/09/23 14:22:42.608, 116, 143771, 0
2026/09/23 14:22:42.858, 116, 143771, 0
2026/09/23 14:22:43.108, 116, 143771, 0
2026/09/23 14:22:43.359, 116, 143771, 0
2026/09/23 14:22:43.609, 116, 143771, 0
2026/09/23 14:22:43.859, 116, 143771, 0
2026/09/23 14:22:44.109, 116, 143771, 0
2026/09/23 14:22:44.359, 116, 143771, 0
2026/09/23 14:22:44.609, 116, 143771, 0
2026/09/23 14:22:44.860, 116, 143771, 0
2026/09/23 14:22:45.110, 116, 143771, 0
2026/09/23 14:22:45.360, 116, 143771, 0
2026/09/23 14:22:45.610, 116, 143771, 0
2026/09/23 14:22:45.860, 116, 143771, 0
2026/09/23 14:22:46.110, 116, 143771, 0
2026/09/23 14:22:46.361, 116, 143771, 0
2026/09/23 14:22:46.611, 116, 143771, 0
2026/09/23 14:22:46.861, 116, 143771, 0
2026/09/23 14:22:47.111, 116, 143771, 0
2026/09/23 14:22:47.361, 116, 143771, 0
2026/09/23 14:22:47.612, 116, 143771, 0
2026/09/23 14:22:47.862, 116, 143771, 0
2026/09/23 14:22:48.112, 116, 143771, 0
2026/09/23 14:22:48.362, 116, 143771, 0
2026/09/23 14:22:48.612, 116, 143771, 0
2026/09/23 14:22:48.862, 116, 143771, 0
2026/09/23 14:22:49.113, 116, 143771, 0
2026/09/23 14:22:49.363, 116, 143771, 0
2026/09/23 14:22:49.613, 116, 143771, 0
2026/09/23 14:22:49.863, 116, 143771, 0
2026/09/23 14:22:50.113, 116, 143771, 0
2026/09/23 14:22:50.364, 116, 143771, 0
2026/09/23 14:22:50.614, 116, 143771, 0
2026/09/23 14:22:50.864, 116, 143771, 0
2026/09/23 14:22:51.114, 116, 143771, 0
2026/09/23 14:22:51.364, 116, 143771, 0
2026/09/23 14:22:51.615, 116, 143771, 0
2026/09/23 14:22:51.865, 116, 143771, 0
2026/09/23 14:22:52.115, 116, 143771, 0
2026/09/23 14:22:52.365, 116, 143771, 0
2026/09/23 14:22:52.616, 116, 143771, 0
2026/09/23 14:22:52.866, 116, 143771, 0
2026/09/23 14:22:53.116, 116, 143771, 0
2026/09/23 14:22:53.366, 116, 143771, 0
2026/09/23 14:22:53.616, 116, 143771, 0
2026/09/23 14:22:53.866, 116, 143771, 0
2026/09/23 14:22:54.116, 116, 143771, 0
2026/09/23 14:22:54.367, 116, 143771, 0
2026/09/23 14:22:54.617, 116, 143771, 0
2026/09/23 14:22:54.867, 116, 143771, 0
2026/09/23 14:22:55.117, 116, 143771, 0
2026/09/23 14:22:55.368, 116, 143771, 0
2026/09/23 14:22:55.618, 116, 143771, 0
2026/09/23 14:22:55.868, 116, 143771, 0
2026/09/23 14:22:56.118, 116, 143771, 0
2026/09/23 14:22:56.369, 116, 143771, 0
2026/09/23 14:22:56.619, 116, 143771, 0
2026/09/23 14:22:56.869, 116, 143771, 0
2026/09/23 14:22:57.119, 116, 143771, 0
2026/09/23 14:22:57.369, 116, 143771, 0
2026/09/23 14:22:57.619, 116, 143771, 0
2026/09/23 14:22:57.870, 116, 143771, 0
2026/09/23 14:22:58.120, 116, 143771, 0
2026/09/23 14:22:58.370, 116, 143771, 0
2026/09/23 14:22:58.620, 116, 143771, 0
2026/09/23 14:22:58.871, 116, 143771, 0
2026/09/23 14:22:59.121, 116, 143771, 0
2026/09/23 14:22:59.371, 116, 143771, 0
2026/09/23 14:22:59.621, 116, 143771, 0
2026/09/23 14:22:59.871, 116, 143771, 0
2026/09/23 14:23:00.122, 116, 143771, 0
2026/09/23 14:23:00.372, 116, 143771, 0
2026/09/23 14:23:00.623, 116, 143771, 0
2026/09/23 14:23:00.874, 116, 143771, 0
2026/09/23 14:23:01.125, 116, 143771, 0
2026/09/23 14:23:01.375, 116, 143771, 0
2026/09/23 14:23:01.625, 116, 143771, 0
2026/09/23 14:23:01.875, 116, 143771, 0
2026/09/23 14:23:02.125, 116, 143771, 0
2026/09/23 14:23:02.375, 116, 143771, 0
2026/09/23 14:23:02.626, 116, 143771, 0
2026/09/23 14:23:02.876, 116, 143771, 0
2026/09/23 14:23:03.126, 116, 143771, 0
2026/09/23 14:23:03.376, 116, 143771, 0
2026/09/23 14:23:03.626, 116, 143771, 0
2026/09/23 14:23:03.877, 116, 143771, 0
2026/09/23 14:23:04.127, 116, 143771, 0
2026/09/23 14:23:04.381, 116, 143771, 0
2026/09/23 14:23:04.631, 116, 143771, 0
2026/09/23 14:23:04.882, 116, 143771, 0
2026/09/23 14:23:05.132, 116, 143771, 0
2026/09/23 14:23:05.382, 116, 143771, 0
2026/09/23 14:23:05.632, 116, 143771, 0
2026/09/23 14:23:05.883, 116, 143771, 0
2026/09/23 14:23:06.133, 116, 143771, 0
2026/09/23 14:23:06.383, 116, 143771, 0
2026/09/23 14:23:06.633, 116, 143771, 0
2026/09/23 14:23:06.883, 116, 143771, 0
2026/09/23 14:23:07.133, 116, 143771, 0
2026/09/23 14:23:07.384, 116, 143771, 0
2026/09/23 14:23:07.634, 116, 143771, 0
2026/09/23 14:23:07.884, 116, 143771, 0
2026/09/23 14:23:08.134, 116, 143771, 0
2026/09/23 14:23:08.384, 116, 143771, 0
2026/09/23 14:23:08.635, 116, 143771, 0
2026/09/23 14:23:08.885, 116, 143771, 0
2026/09/23 14:23:09.135, 116, 143771, 0
2026/09/23 14:23:09.385, 116, 143771, 0
2026/09/23 14:23:09.635, 116, 143771, 0
2026/09/23 14:23:09.885, 116, 143771, 0
2026/09/23 14:23:10.135, 116, 143771, 0
2026/09/23 14:23:10.386, 116, 143771, 0
2026/09/23 14:23:10.636, 116, 143771, 0
2026/09/23 14:23:10.886, 116, 143771, 0
2026/09/23 14:23:11.136, 116, 143771, 0
2026/09/23 14:23:11.387, 116, 143771, 0
2026/09/23 14:23:11.637, 116, 143771, 0
2026/09/23 14:23:11.887, 116, 143771, 0
2026/09/23 14:23:12.137, 116, 143771, 0
2026/09/23 14:23:12.387, 116, 143771, 0
2026/09/23 14:23:12.637, 116, 143771, 0
2026/09/23 14:23:12.887, 116, 143771, 0
2026/09/23 14:23:13.137, 116, 143771, 0
2026/09/23 14:23:13.388, 116, 143771, 0
2026/09/23 14:23:13.639, 116, 143771, 0
2026/09/23 14:23:13.891, 116, 143771, 0
2026/09/23 14:23:14.141, 116, 143771, 0
2026/09/23 14:23:14.391, 116, 143771, 0
2026/09/23 14:23:14.641, 116, 143771, 0
2026/09/23 14:23:14.891, 116, 143771, 0
2026/09/23 14:23:15.141, 116, 143771, 0
2026/09/23 14:23:15.391, 116, 143771, 0
2026/09/23 14:23:15.642, 116, 143771, 0
2026/09/23 14:23:15.892, 116, 143771, 0
2026/09/23 14:23:16.142, 116, 143771, 0
2026/09/23 14:23:16.392, 116, 143771, 0
2026/09/23 14:23:16.642, 116, 143771, 0
2026/09/23 14:23:16.893, 116, 143771, 0
2026/09/23 14:23:17.143, 116, 143771, 0
2026/09/23 14:23:17.393, 116, 143771, 0
2026/09/23 14:23:17.643, 116, 143771, 0
2026/09/23 14:23:17.893, 116, 143771, 0
2026/09/23 14:23:18.143, 116, 143771, 0
2026/09/23 14:23:18.394, 116, 143771, 0
2026/09/23 14:23:18.644, 116, 143771, 0
2026/09/23 14:23:18.894, 116, 143771, 0
2026/09/23 14:23:19.144, 116, 143771, 0
2026/09/23 14:23:19.395, 116, 143771, 0
2026/09/23 14:23:19.645, 116, 143771, 0
2026/09/23 14:23:19.895, 116, 143771, 0
2026/09/23 14:23:20.145, 116, 143771, 0
2026/09/23 14:23:20.395, 116, 143771, 0
2026/09/23 14:23:20.645, 116, 143771, 0
2026/09/23 14:23:20.895, 116, 143771, 0
2026/09/23 14:23:21.146, 116, 143771, 0
2026/09/23 14:23:21.396, 116, 143771, 0
2026/09/23 14:23:21.646, 116, 143771, 0
2026/09/23 14:23:21.896, 116, 143771, 0
2026/09/23 14:23:22.147, 116, 143771, 0
2026/09/23 14:23:22.397, 116, 143771, 0
2026/09/23 14:23:22.647, 116, 143771, 0
2026/09/23 14:23:22.897, 116, 143771, 0
2026/09/23 14:23:23.149, 116, 143771, 0
2026/09/23 14:23:23.399, 116, 143771, 0
2026/09/23 14:23:23.649, 116, 143771, 0
2026/09/23 14:23:23.899, 116, 143771, 0
2026/09/23 14:23:24.149, 116, 143771, 0
2026/09/23 14:23:24.400, 116, 143771, 0
2026/09/23 14:23:24.650, 116, 143771, 0
2026/09/23 14:23:24.900, 116, 143771, 0
2026/09/23 14:23:25.150, 116, 143771, 0
2026/09/23 14:23:25.400, 116, 143771, 0
2026/09/23 14:23:25.650, 116, 143771, 0
2026/09/23 14:23:25.900, 116, 143771, 0
2026/09/23 14:23:26.150, 116, 143771, 0
2026/09/23 14:23:26.401, 116, 143771, 0
2026/09/23 14:23:26.651, 116, 143771, 0
2026/09/23 14:23:26.901, 116, 143771, 0
2026/09/23 14:23:27.151, 116, 143771, 0
2026/09/23 14:23:27.401, 116, 143771, 0
2026/09/23 14:23:27.651, 116, 143771, 0
2026/09/23 14:23:27.901, 116, 143771, 0
2026/09/23 14:23:28.152, 116, 143771, 0
2026/09/23 14:23:28.402, 116, 143771, 0
2026/09/23 14:23:28.652, 116, 143771, 0
2026/09/23 14:23:28.902, 116, 143771, 0
2026/09/23 14:23:29.152, 116, 143771, 0
2026/09/23 14:23:29.402, 116, 143771, 0
2026/09/23 14:23:29.652, 116, 143771, 0
2026/09/23 14:23:29.903, 116, 143771, 0
2026/09/23 14:23:30.153, 116, 143771, 0
2026/09/23 14:23:30.403, 116, 143771, 0
2026/09/23 14:23:30.653, 116, 143771, 0
2026/09/23 14:23:30.903, 116, 143771, 0
2026/09/23 14:23:31.153, 116, 143771, 0
2026/09/23 14:23:31.403, 116, 143771, 0
2026/09/23 14:23:31.654, 116, 143771, 0
2026/09/23 14:23:31.904, 116, 143771, 0
2026/09/23 14:23:32.154, 116, 143771, 0
2026/09/23 14:23:32.404, 116, 143771, 0
2026/09/23 14:23:32.654, 116, 143771, 0
2026/09/23 14:23:32.905, 116, 143771, 0
2026/09/23 14:23:33.155, 116, 143771, 0
2026/09/23 14:23:33.405, 116, 143771, 0
2026/09/23 14:23:33.657, 116, 143771, 0
2026/09/23 14:23:33.907, 116, 143771, 0
2026/09/23 14:23:34.157, 116, 143771, 0
2026/09/23 14:23:34.407, 116, 143771, 0
2026/09/23 14:23:34.657, 116, 143771, 0
2026/09/23 14:23:34.908, 116, 143771, 0
2026/09/23 14:23:35.158, 116, 143771, 0
2026/09/23 14:23:35.408, 116, 143771, 0
2026/09/23 14:23:35.658, 116, 143771, 0
2026/09/23 14:23:35.910, 116, 143771, 0
2026/09/23 14:23:36.161, 116, 143771, 0
2026/09/23 14:23:36.411, 116, 143771, 0
2026/09/23 14:23:36.661, 116, 143771, 0
2026/09/23 14:23:36.912, 116, 143771, 0
2026/09/23 14:23:37.162, 116, 143771, 0
2026/09/23 14:23:37.412, 116, 143771, 0
2026/09/23 14:23:37.662, 116, 143771, 0
2026/09/23 14:23:37.913, 116, 143771, 0
2026/09/23 14:23:38.163, 116, 143771, 0
2026/09/23 14:23:38.413, 116, 143771, 0
2026/09/23 14:23:38.664, 116, 143771, 0
2026/09/23 14:23:38.914, 116, 143771, 0
2026/09/23 14:23:39.164, 116, 143771, 0
2026/09/23 14:23:39.414, 116, 143771, 0
2026/09/23 14:23:39.665, 116, 143771, 0
2026/09/23 14:23:39.915, 116, 143771, 0
2026/09/23 14:23:40.165, 116, 143771, 0
2026/09/23 14:23:40.415, 116, 143771, 0
2026/09/23 14:23:40.665, 116, 143771, 0
2026/09/23 14:23:40.915, 116, 143771, 0
2026/09/23 14:23:41.166, 116, 143771, 0
2026/09/23 14:23:41.416, 116, 143771, 0
2026/09/23 14:23:41.666, 116, 143771, 0
2026/09/23 14:23:41.916, 116, 143771, 0
2026/09/23 14:23:42.166, 116, 143771, 0
2026/09/23 14:23:42.417, 116, 143771, 0
2026/09/23 14:23:42.667, 116, 143771, 0
2026/09/23 14:23:42.917, 116, 143771, 0
2026/09/23 14:23:43.167, 116, 143771, 0
2026/09/23 14:23:43.417, 116, 143771, 0
2026/09/23 14:23:43.668, 116, 143771, 0
2026/09/23 14:23:43.918, 116, 143771, 0
2026/09/23 14:23:44.168, 116, 143771, 0
2026/09/23 14:23:44.418, 116, 143771, 0
2026/09/23 14:23:44.668, 116, 143771, 0
2026/09/23 14:23:44.918, 116, 143771, 0
2026/09/23 14:23:45.169, 116, 143771, 0
2026/09/23 14:23:45.419, 116, 143771, 0
2026/09/23 14:23:45.669, 116, 143771, 0
2026/09/23 14:23:45.919, 116, 143771, 0
2026/09/23 14:23:46.169, 116, 143771, 0
2026/09/23 14:23:46.420, 116, 143771, 0
2026/09/23 14:23:46.670, 116, 143771, 0
2026/09/23 14:23:46.920, 116, 143771, 0
2026/09/23 14:23:47.170, 116, 143771, 0
2026/09/23 14:23:47.420, 116, 143771, 0
2026/09/23 14:23:47.670, 116, 143771, 0
2026/09/23 14:23:47.921, 116, 143771, 0
2026/09/23 14:23:48.171, 116, 143771, 0
2026/09/23 14:23:48.421, 116, 143771, 0
2026/09/23 14:23:48.671, 116, 143771, 0
2026/09/23 14:23:48.921, 116, 143771, 0
2026/09/23 14:23:49.172, 116, 143771, 0
2026/09/23 14:23:49.422, 116, 143771, 0
2026/09/23 14:23:49.672, 116, 143771, 0
2026/09/23 14:23:49.922, 116, 143771, 0
2026/09/23 14:23:50.172, 116, 143771, 0
2026/09/23 14:23:50.422, 116, 143771, 0
2026/09/23 14:23:50.673, 116, 143771, 0
2026/09/23 14:23:50.923, 116, 143771, 0
2026/09/23 14:23:51.173, 116, 143771, 0
2026/09/23 14:23:51.423, 116, 143771, 0
2026/09/23 14:23:51.673, 116, 143771, 0
2026/09/23 14:23:51.923, 116, 143771, 0
2026/09/23 14:23:52.174, 116, 143771, 0
2026/09/23 14:23:52.424, 116, 143771, 0
2026/09/23 14:23:52.674, 116, 143771, 0
2026/09/23 14:23:52.924, 116, 143771, 0
2026/09/23 14:23:53.174, 116, 143771, 0
2026/09/23 14:23:53.425, 116, 143771, 0
2026/09/23 14:23:53.675, 116, 143771, 0
2026/09/23 14:23:53.925, 116, 143771, 0
2026/09/23 14:23:54.175, 116, 143771, 0
2026/09/23 14:23:54.426, 116, 143771, 0
2026/09/23 14:23:54.676, 116, 143771, 0
2026/09/23 14:23:54.926, 116, 143771, 0
2026/09/23 14:23:55.176, 116, 143771, 0
2026/09/23 14:23:55.426, 116, 143771, 0
2026/09/23 14:23:55.676, 116, 143771, 0
2026/09/23 14:23:55.926, 116, 143771, 0
2026/09/23 14:23:56.177, 116, 143771, 0
2026/09/23 14:23:56.427, 116, 143771, 0
2026/09/23 14:23:56.677, 116, 143771, 0
2026/09/23 14:23:56.927, 116, 143771, 0
2026/09/23 14:23:57.177, 116, 143771, 0
2026/09/23 14:23:57.428, 116, 143771, 0
2026/09/23 14:23:57.678, 116, 143771, 0
2026/09/23 14:23:57.928, 116, 143771, 0
2026/09/23 14:23:58.178, 116, 143771, 0
2026/09/23 14:23:58.428, 116, 143771, 0
2026/09/23 14:23:58.678, 116, 143771, 0
2026/09/23 14:23:58.928, 116, 143771, 0
2026/09/23 14:23:59.178, 116, 143771, 0
2026/09/23 14:23:59.429, 116, 143771, 0
2026/09/23 14:23:59.679, 116, 143771, 0
2026/09/23 14:23:59.929, 116, 143771, 0
2026/09/23 14:24:00.179, 116, 143771, 0
2026/09/23 14:24:00.430, 116, 143771, 0
2026/09/23 14:24:00.680, 116, 143771, 0
2026/09/23 14:24:00.930, 116, 143771, 0
2026/09/23 14:24:01.181, 116, 143771, 0
2026/09/23 14:24:01.432, 116, 143771, 0
2026/09/23 14:24:01.682, 116, 143771, 0
2026/09/23 14:24:01.932, 116, 143771, 0
2026/09/23 14:24:02.182, 116, 143771, 0
2026/09/23 14:24:02.433, 116, 143771, 0
2026/09/23 14:24:02.683, 116, 143771, 0
2026/09/23 14:24:02.933, 116, 143771, 0
2026/09/23 14:24:03.183, 116, 143771, 0
2026/09/23 14:24:03.433, 116, 143771, 0
2026/09/23 14:24:03.683, 116, 143771, 0
2026/09/23 14:24:03.933, 116, 143771, 0
2026/09/23 14:24:04.184, 116, 143771, 0
2026/09/23 14:24:04.434, 116, 143771, 0
2026/09/23 14:24:04.684, 116, 143771, 0
2026/09/23 14:24:04.934, 116, 143771, 0
2026/09/23 14:24:05.185, 116, 143771, 0
2026/09/23 14:24:05.435, 116, 143771, 0
2026/09/23 14:24:05.685, 116, 143771, 0
2026/09/23 14:24:05.935, 116, 143771, 0
2026/09/23 14:24:06.185, 116, 143771, 0
2026/09/23 14:24:06.435, 116, 143771, 0
2026/09/23 14:24:06.686, 116, 143771, 0
2026/09/23 14:24:06.936, 116, 143771, 0
2026/09/23 14:24:07.186, 116, 143771, 0
2026/09/23 14:24:07.436, 116, 143771, 0
2026/09/23 14:24:07.686, 116, 143771, 0
2026/09/23 14:24:07.936, 116, 143771, 0
2026/09/23 14:24:08.186, 116, 143771, 0
2026/09/23 14:24:08.437, 116, 143771, 0
2026/09/23 14:24:08.687, 116, 143771, 0
2026/09/23 14:24:08.937, 116, 143771, 0
2026/09/23 14:24:09.187, 116, 143771, 0
2026/09/23 14:24:09.437, 116, 143771, 0
2026/09/23 14:24:09.687, 116, 143771, 0
2026/09/23 14:24:09.937, 116, 143771, 0
2026/09/23 14:24:10.188, 116, 143771, 0
2026/09/23 14:24:10.438, 116, 143771, 0
2026/09/23 14:24:10.688, 116, 143771, 0
2026/09/23 14:24:10.938, 116, 143771, 0
2026/09/23 14:24:11.188, 116, 143771, 0
2026/09/23 14:24:11.439, 116, 143771, 0
2026/09/23 14:24:11.689, 116, 143771, 0
2026/09/23 14:24:11.939, 116, 143771, 0
2026/09/23 14:24:12.189, 116, 143771, 0
2026/09/23 14:24:12.439, 116, 143771, 0
2026/09/23 14:24:12.690, 116, 143771, 0
2026/09/23 14:24:12.940, 116, 143771, 0
2026/09/23 14:24:13.190, 116, 143771, 0
2026/09/23 14:24:13.440, 116, 143771, 0
2026/09/23 14:24:13.690, 116, 143771, 0
2026/09/23 14:24:13.941, 116, 143771, 0
2026/09/23 14:24:14.191, 116, 143771, 0
2026/09/23 14:24:14.441, 116, 143771, 0
2026/09/23 14:24:14.691, 116, 143771, 0
2026/09/23 14:24:14.941, 116, 143771, 0
2026/09/23 14:24:15.191, 116, 143771, 0
2026/09/23 14:24:15.442, 116, 143771, 0
2026/09/23 14:24:15.692, 116, 143771, 0
2026/09/23 14:24:15.942, 116, 143771, 0
2026/09/23 14:24:16.192, 116, 143771, 0
2026/09/23 14:24:16.442, 116, 143771, 0
2026/09/23 14:24:16.692, 116, 143771, 0
2026/09/23 14:24:16.943, 116, 143771, 0
2026/09/23 14:24:17.193, 116, 143771, 0
2026/09/23 14:24:17.443, 116, 143771, 0
2026/09/23 14:24:17.693, 116, 143771, 0
2026/09/23 14:24:18.003, 116, 143771, 0
2026/09/23 14:24:18.253, 120, 143771, 0
2026/09/23 14:24:18.503, 120, 143771, 0
2026/09/23 14:24:18.753, 120, 143771, 0
2026/09/23 14:24:19.003, 645, 143771, 0
2026/09/23 14:24:19.253, 669, 143771, 1
2026/09/23 14:24:19.503, 669, 143771, 0
2026/09/23 14:24:19.754, 669, 143771, 0
2026/09/23 14:24:20.004, 669, 143771, 0
2026/09/23 14:24:20.254, 859, 143771, 2
2026/09/23 14:24:20.504, 1113, 143771, 18
2026/09/23 14:24:20.754, 1063, 143771, 20
2026/09/23 14:24:21.004, 1151, 143771, 20
2026/09/23 14:24:21.255, 1265, 143771, 22
2026/09/23 14:24:21.505, 1363, 143771, 19
2026/09/23 14:24:21.755, 2099, 143771, 17
2026/09/23 14:24:22.005, 1549, 143771, 22
2026/09/23 14:24:22.255, 2527, 143771, 18
2026/09/23 14:24:22.505, 2699, 143771, 20
2026/09/23 14:24:22.755, 2889, 143771, 20
2026/09/23 14:24:23.006, 3099, 143771, 14
2026/09/23 14:24:23.256, 3329, 143771, 20
2026/09/23 14:24:23.506, 2125, 143771, 26
2026/09/23 14:24:23.756, 2257, 143771, 15
2026/09/23 14:24:24.006, 3859, 143771, 23
2026/09/23 14:24:24.256, 4165, 143771, 13
2026/09/23 14:24:24.506, 2563, 143771, 28
2026/09/23 14:24:24.757, 4501, 143771, 11
2026/09/23 14:24:25.007, 2739, 143771, 14
2026/09/23 14:24:25.257, 4871, 143771, 24
2026/09/23 14:24:25.507, 2933, 143771, 23
2026/09/23 14:24:25.757, 5277, 143771, 4
2026/09/23 14:24:26.007, 3145, 143771, 9
2026/09/23 14:24:26.257, 5725, 143771, 25
2026/09/23 14:24:26.508, 3381, 143771, 28
2026/09/23 14:24:26.758, 6217, 143771, 4
2026/09/23 14:24:27.008, 3637, 143771, 28
2026/09/23 14:24:27.258, 3793, 143771, 6
2026/09/23 14:24:27.508, 3905, 143771, 1
2026/09/23 14:24:27.758, 4117, 143771, 30
2026/09/23 14:24:28.009, 4117, 143771, 0
2026/09/23 14:24:28.259, 4675, 143771, 26
2026/09/23 14:24:28.509, 4811, 143771, 75
2026/09/23 14:24:28.759, 4811, 143771, 96
2026/09/23 14:24:29.009, 4811, 143771, 96
2026/09/23 14:24:29.259, 4811, 143771, 97
2026/09/23 14:24:29.509, 4811, 143771, 95
2026/09/23 14:24:29.759, 4811, 143771, 98
2026/09/23 14:24:30.009, 4811, 143771, 97
2026/09/23 14:24:30.260, 4811, 143771, 96
2026/09/23 14:24:30.510, 4811, 143771, 96
2026/09/23 14:24:30.760, 4811, 143771, 97
2026/09/23 14:24:31.010, 4811, 143771, 96
2026/09/23 14:24:31.260, 4811, 143771, 95
2026/09/23 14:24:31.510, 4811, 143771, 97
2026/09/23 14:24:31.760, 4811, 143771, 96
2026/09/23 14:24:32.010, 4811, 143771, 97
2026/09/23 14:24:32.261, 4811, 143771, 97
2026/09/23 14:24:32.511, 4811, 143771, 97
2026/09/23 14:24:32.761, 4811, 143771, 97
2026/09/23 14:24:33.011, 4811, 143771, 98
2026/09/23 14:24:33.262, 4811, 143771, 98
2026/09/23 14:24:33.512, 4811, 143771, 96
2026/09/23 14:24:33.762, 4811, 143771, 97
2026/09/23 14:24:34.012, 4811, 143771, 97
2026/09/23 14:24:34.262, 4811, 143771, 96
2026/09/23 14:24:34.513, 4811, 143771, 97
2026/09/23 14:24:34.763, 4811, 143771, 92
2026/09/23 14:24:35.013, 4811, 143771, 97
2026/09/23 14:24:35.263, 4811, 143771, 96
2026/09/23 14:24:35.513, 4811, 143771, 97
2026/09/23 14:24:35.763, 4811, 143771, 97
2026/09/23 14:24:36.013, 4811, 143771, 97
2026/09/23 14:24:36.263, 4811, 143771, 97
2026/09/23 14:24:36.513, 4811, 143771, 98
2026/09/23 14:24:36.764, 4811, 143771, 96
2026/09/23 14:24:37.014, 4811, 143771, 97
2026/09/23 14:24:37.264, 4811, 143771, 98
2026/09/23 14:24:37.514, 4811, 143771, 98
2026/09/23 14:24:37.764, 4811, 143771, 96
2026/09/23 14:24:38.014, 4811, 143771, 97
2026/09/23 14:24:38.264, 4811, 143771, 96
2026/09/23 14:24:38.514, 4811, 143771, 97
2026/09/23 14:24:38.764, 4811, 143771, 97
2026/09/23 14:24:39.014, 4811, 143771, 97
2026/09/23 14:24:39.265, 4811, 143771, 97
2026/09/23 14:24:39.515, 4811, 143771, 96
2026/09/23 14:24:39.765, 4811, 143771, 95
2026/09/23 14:24:40.015, 4811, 143771, 75
2026/09/23 14:24:40.265, 4811, 143771, 96
2026/09/23 14:24:40.515, 4811, 143771, 97
2026/09/23 14:24:40.765, 4943, 143771, 97
2026/09/23 14:24:41.015, 4943, 143771, 98
2026/09/23 14:24:41.265, 4943, 143771, 97
2026/09/23 14:24:41.516, 4943, 143771, 97
2026/09/23 14:24:41.766, 4943, 143771, 98
2026/09/23 14:24:42.016, 4943, 143771, 96
2026/09/23 14:24:42.266, 4943, 143771, 97
2026/09/23 14:24:42.516, 4943, 143771, 96
2026/09/23 14:24:42.766, 4943, 143771, 98
2026/09/23 14:24:43.016, 4943, 143771, 97
2026/09/23 14:24:43.266, 4943, 143771, 98
2026/09/23 14:24:43.516, 4943, 143771, 97
2026/09/23 14:24:43.767, 5643, 143771, 97
2026/09/23 14:24:44.017, 4943, 143771, 97
2026/09/23 14:24:44.267, 4943, 143771, 97
2026/09/23 14:24:44.517, 4943, 143771, 97
2026/09/23 14:24:44.767, 4943, 143771, 96
2026/09/23 14:24:45.017, 4943, 143771, 98
2026/09/23 14:24:45.267, 4943, 143771, 97
2026/09/23 14:24:45.517, 4943, 143771, 74
2026/09/23 14:24:45.768, 4943, 143771, 98
2026/09/23 14:24:46.018, 4943, 143771, 96
2026/09/23 14:24:46.268, 4943, 143771, 97
2026/09/23 14:24:46.518, 4943, 143771, 98
2026/09/23 14:24:46.768, 4943, 143771, 98
2026/09/23 14:24:47.018, 5643, 143771, 96
2026/09/23 14:24:47.268, 4943, 143771, 98
2026/09/23 14:24:47.518, 4943, 143771, 96
2026/09/23 14:24:47.769, 4943, 143771, 98
2026/09/23 14:24:48.019, 4943, 143771, 98
2026/09/23 14:24:48.269, 4943, 143771, 96
2026/09/23 14:24:48.519, 4943, 143771, 96
2026/09/23 14:24:48.769, 4943, 143771, 96
2026/09/23 14:24:49.019, 4943, 143771, 97
2026/09/23 14:24:49.269, 4943, 143771, 98
2026/09/23 14:24:49.519, 4943, 143771, 98
2026/09/23 14:24:49.769, 4943, 143771, 98
2026/09/23 14:24:50.020, 4943, 143771, 96
2026/09/23 14:24:50.270, 4943, 143771, 98
2026/09/23 14:24:50.520, 4943, 143771, 96
2026/09/23 14:24:50.770, 4943, 143771, 97
2026/09/23 14:24:51.020, 4943, 143771, 97
2026/09/23 14:24:51.270, 4943, 143771, 75
2026/09/23 14:24:51.520, 4943, 143771, 97
2026/09/23 14:24:51.770, 4943, 143771, 98
2026/09/23 14:24:52.021, 4943, 143771, 98
2026/09/23 14:24:52.271, 4943, 143771, 96
2026/09/23 14:24:52.521, 4943, 143771, 97
2026/09/23 14:24:52.771, 4943, 143771, 98
2026/09/23 14:24:53.021, 4943, 143771, 98
2026/09/23 14:24:53.271, 4943, 143771, 97
2026/09/23 14:24:53.521, 4943, 143771, 97
2026/09/23 14:24:53.771, 4943, 143771, 98
2026/09/23 14:24:54.022, 4943, 143771, 98
2026/09/23 14:24:54.272, 4943, 143771, 97
2026/09/23 14:24:54.522, 4943, 143771, 96
2026/09/23 14:24:54.772, 4943, 143771, 98
2026/09/23 14:24:55.022, 4943, 143771, 98
2026/09/23 14:24:55.272, 4943, 143771, 97
2026/09/23 14:24:55.522, 4943, 143771, 96
2026/09/23 14:24:55.772, 4943, 143771, 97
2026/09/23 14:24:56.023, 4943, 143771, 98
2026/09/23 14:24:56.273, 4943, 143771, 97
2026/09/23 14:24:56.523, 4943, 143771, 97
2026/09/23 14:24:56.773, 4943, 143771, 98
2026/09/23 14:24:57.023, 4943, 143771, 97
2026/09/23 14:24:57.273, 4943, 143771, 97
2026/09/23 14:24:57.523, 4943, 143771, 96
2026/09/23 14:24:57.773, 4943, 143771, 98
2026/09/23 14:24:58.023, 4943, 143771, 97
2026/09/23 14:24:58.274, 4943, 143771, 97
2026/09/23 14:24:58.524, 4943, 143771, 95
2026/09/23 14:24:58.774, 4943, 143771, 98
2026/09/23 14:24:59.024, 4943, 143771, 97
2026/09/23 14:24:59.274, 4943, 143771, 97
2026/09/23 14:24:59.524, 4943, 143771, 98
2026/09/23 14:24:59.774, 4943, 143771, 98
2026/09/23 14:25:00.024, 4943, 143771, 97
2026/09/23 14:25:00.274, 4943, 143771, 96
2026/09/23 14:25:00.525, 4943, 143771, 97
2026/09/23 14:25:00.775, 4943, 143771, 97
2026/09/23 14:25:01.025, 4943, 143771, 97
2026/09/23 14:25:01.275, 4943, 143771, 98
2026/09/23 14:25:01.525, 4943, 143771, 97
2026/09/23 14:25:01.775, 4943, 143771, 98
2026/09/23 14:25:02.025, 4943, 143771, 95
2026/09/23 14:25:02.275, 4943, 143771, 97
2026/09/23 14:25:02.525, 4943, 143771, 82
2026/09/23 14:25:02.776, 4943, 143771, 85
2026/09/23 14:25:03.026, 4943, 143771, 97
2026/09/23 14:25:03.276, 4943, 143771, 97
2026/09/23 14:25:03.526, 4943, 143771, 96
2026/09/23 14:25:03.776, 4943, 143771, 98
2026/09/23 14:25:04.026, 4943, 143771, 97
2026/09/23 14:25:04.277, 4943, 143771, 98
2026/09/23 14:25:04.527, 4943, 143771, 96
2026/09/23 14:25:04.777, 4943, 143771, 98
2026/09/23 14:25:05.027, 4943, 143771, 97
2026/09/23 14:25:05.277, 4943, 143771, 97
2026/09/23 14:25:05.527, 4943, 143771, 98
2026/09/23 14:25:05.777, 4943, 143771, 97
2026/09/23 14:25:06.027, 4943, 143771, 98
2026/09/23 14:25:06.278, 4943, 143771, 97
2026/09/23 14:25:06.528, 4943, 143771, 98
2026/09/23 14:25:06.778, 4943, 143771, 96
2026/09/23 14:25:07.028, 4943, 143771, 98
2026/09/23 14:25:07.278, 4943, 143771, 97
2026/09/23 14:25:07.528, 4943, 143771, 98
2026/09/23 14:25:07.778, 4943, 143771, 98
2026/09/23 14:25:08.028, 4943, 143771, 97
2026/09/23 14:25:08.278, 4943, 143771, 89
2026/09/23 14:25:08.528, 4943, 143771, 98
2026/09/23 14:25:08.778, 4943, 143771, 97
2026/09/23 14:25:09.029, 4943, 143771, 97
2026/09/23 14:25:09.279, 4943, 143771, 98
2026/09/23 14:25:09.529, 4943, 143771, 98
2026/09/23 14:25:09.779, 4943, 143771, 96
2026/09/23 14:25:10.029, 4943, 143771, 98
2026/09/23 14:25:10.279, 4943, 143771, 98
2026/09/23 14:25:10.529, 5643, 143771, 97
2026/09/23 14:25:10.779, 4943, 143771, 98
2026/09/23 14:25:11.029, 4943, 143771, 97
2026/09/23 14:25:11.279, 4943, 143771, 97
2026/09/23 14:25:11.529, 4943, 143771, 97
2026/09/23 14:25:11.780, 4943, 143771, 97
2026/09/23 14:25:12.030, 4943, 143771, 98
2026/09/23 14:25:12.280, 4943, 143771, 97
2026/09/23 14:25:12.530, 4943, 143771, 97
2026/09/23 14:25:12.780, 4943, 143771, 97
2026/09/23 14:25:13.030, 4943, 143771, 97
2026/09/23 14:25:13.280, 4943, 143771, 98
2026/09/23 14:25:13.530, 4943, 143771, 98
2026/09/23 14:25:13.780, 4943, 143771, 79
2026/09/23 14:25:14.031, 4943, 143771, 98
2026/09/23 14:25:14.281, 4943, 143771, 97
2026/09/23 14:25:14.531, 4943, 143771, 95
2026/09/23 14:25:14.781, 4943, 143771, 97
2026/09/23 14:25:15.031, 4943, 143771, 98
2026/09/23 14:25:15.281, 4943, 143771, 97
2026/09/23 14:25:15.531, 5643, 143771, 97
2026/09/23 14:25:15.781, 4943, 143771, 97
2026/09/23 14:25:16.031, 4943, 143771, 97
2026/09/23 14:25:16.281, 4943, 143771, 98
2026/09/23 14:25:16.532, 4943, 143771, 97
2026/09/23 14:25:16.782, 4943, 143771, 98
2026/09/23 14:25:17.032, 4943, 143771, 96
2026/09/23 14:25:17.282, 4943, 143771, 98
2026/09/23 14:25:17.532, 4943, 143771, 97
2026/09/23 14:25:17.782, 4943, 143771, 97
2026/09/23 14:25:18.032, 4943, 143771, 98
2026/09/23 14:25:18.282, 4943, 143771, 96
2026/09/23 14:25:18.532, 4943, 143771, 98
2026/09/23 14:25:18.782, 4943, 143771, 97
2026/09/23 14:25:19.032, 4943, 143771, 97
2026/09/23 14:25:19.283, 4943, 143771, 90
2026/09/23 14:25:19.533, 4943, 143771, 79
2026/09/23 14:25:19.783, 4943, 143771, 97
2026/09/23 14:25:20.033, 4943, 143771, 96
2026/09/23 14:25:20.283, 4943, 143771, 98
2026/09/23 14:25:20.533, 4943, 143771, 96
2026/09/23 14:25:20.783, 4943, 143771, 97
2026/09/23 14:25:21.033, 4943, 143771, 97
2026/09/23 14:25:21.283, 4943, 143771, 96
2026/09/23 14:25:21.534, 4943, 143771, 98
2026/09/23 14:25:21.784, 4943, 143771, 97
2026/09/23 14:25:22.034, 4943, 143771, 97
2026/09/23 14:25:22.284, 4943, 143771, 97
2026/09/23 14:25:22.534, 4943, 143771, 97
2026/09/23 14:25:22.784, 4943, 143771, 98
2026/09/23 14:25:23.034, 4943, 143771, 97
2026/09/23 14:25:23.284, 4943, 143771, 98
2026/09/23 14:25:23.534, 4943, 143771, 97
2026/09/23 14:25:23.785, 4943, 143771, 97
2026/09/23 14:25:24.035, 4943, 143771, 98
2026/09/23 14:25:24.285, 4943, 143771, 97
2026/09/23 14:25:24.535, 4943, 143771, 98
2026/09/23 14:25:24.785, 4943, 143771, 94
2026/09/23 14:25:25.035, 4943, 143771, 82
2026/09/23 14:25:25.285, 4943, 143771, 97
2026/09/23 14:25:25.536, 4943, 143771, 98
2026/09/23 14:25:25.786, 4943, 143771, 97
2026/09/23 14:25:26.036, 4943, 143771, 98
2026/09/23 14:25:26.286, 4943, 143771, 97
2026/09/23 14:25:26.536, 4943, 143771, 96
2026/09/23 14:25:26.786, 4943, 143771, 98
2026/09/23 14:25:27.036, 4943, 143771, 98
2026/09/23 14:25:27.286, 4943, 143771, 98
2026/09/23 14:25:27.537, 4943, 143771, 97
2026/09/23 14:25:27.787, 4943, 143771, 95
2026/09/23 14:25:28.037, 4943, 143771, 97
2026/09/23 14:25:28.287, 4943, 143771, 97
2026/09/23 14:25:28.537, 4943, 143771, 96
2026/09/23 14:25:28.787, 4943, 143771, 96
2026/09/23 14:25:29.037, 4943, 143771, 96
2026/09/23 14:25:29.287, 4943, 143771, 95
2026/09/23 14:25:29.538, 4943, 143771, 96
2026/09/23 14:25:29.788, 4943, 143771, 98
2026/09/23 14:25:30.038, 4943, 143771, 95
2026/09/23 14:25:30.288, 4943, 143771, 96
2026/09/23 14:25:30.538, 4943, 143771, 81
2026/09/23 14:25:30.788, 4943, 143771, 91
2026/09/23 14:25:31.038, 4943, 143771, 98
2026/09/23 14:25:31.288, 4943, 143771, 98
2026/09/23 14:25:31.539, 4943, 143771, 96
2026/09/23 14:25:31.789, 4943, 143771, 98
2026/09/23 14:25:32.039, 4943, 143771, 96
2026/09/23 14:25:32.289, 4943, 143771, 97
2026/09/23 14:25:32.539, 4943, 143771, 97
2026/09/23 14:25:32.789, 4943, 143771, 97
2026/09/23 14:25:33.039, 4943, 143771, 98
2026/09/23 14:25:33.289, 4943, 143771, 97
2026/09/23 14:25:33.540, 4943, 143771, 98
2026/09/23 14:25:33.790, 4943, 143771, 97
2026/09/23 14:25:34.040, 4943, 143771, 98
2026/09/23 14:25:34.290, 4943, 143771, 98
2026/09/23 14:25:34.540, 4943, 143771, 97
2026/09/23 14:25:34.790, 5643, 143771, 97
2026/09/23 14:25:35.040, 4943, 143771, 97
2026/09/23 14:25:35.290, 4943, 143771, 97
2026/09/23 14:25:35.540, 4943, 143771, 98
2026/09/23 14:25:35.790, 4943, 143771, 97
2026/09/23 14:25:36.041, 4943, 143771, 97
2026/09/23 14:25:36.291, 4943, 143771, 76
2026/09/23 14:25:36.541, 4943, 143771, 97
2026/09/23 14:25:36.791, 5643, 143771, 96
2026/09/23 14:25:37.041, 4943, 143771, 97
2026/09/23 14:25:37.291, 4943, 143771, 95
2026/09/23 14:25:37.541, 4943, 143771, 98
2026/09/23 14:25:37.791, 4943, 143771, 97
2026/09/23 14:25:38.042, 4943, 143771, 97
2026/09/23 14:25:38.292, 4943, 143771, 97
2026/09/23 14:25:38.542, 4943, 143771, 96
2026/09/23 14:25:38.792, 4943, 143771, 98
2026/09/23 14:25:39.042, 4943, 143771, 98
2026/09/23 14:25:39.292, 4943, 143771, 97
2026/09/23 14:25:39.542, 5643, 143771, 97
2026/09/23 14:25:39.792, 4943, 143771, 96
2026/09/23 14:25:40.042, 4943, 143771, 96
2026/09/23 14:25:40.293, 4943, 143771, 98
2026/09/23 14:25:40.543, 4943, 143771, 96
2026/09/23 14:25:40.793, 4943, 143771, 98
2026/09/23 14:25:41.043, 4943, 143771, 97
2026/09/23 14:25:41.293, 4943, 143771, 97
2026/09/23 14:25:41.543, 5643, 143771, 85
2026/09/23 14:25:41.793, 4943, 143771, 97
2026/09/23 14:25:42.043, 4943, 143771, 96
2026/09/23 14:25:42.293, 4943, 143771, 97
2026/09/23 14:25:42.544, 4943, 143771, 98
2026/09/23 14:25:42.794, 4943, 143771, 98
2026/09/23 14:25:43.044, 4943, 143771, 97
2026/09/23 14:25:43.294, 4943, 143771, 97
2026/09/23 14:25:43.544, 4943, 143771, 97
2026/09/23 14:25:43.794, 4943, 143771, 98
2026/09/23 14:25:44.044, 4943, 143771, 96
2026/09/23 14:25:44.294, 4943, 143771, 98
2026/09/23 14:25:44.545, 4943, 143771, 97
2026/09/23 14:25:44.795, 4943, 143771, 96
2026/09/23 14:25:45.045, 4943, 143771, 98
2026/09/23 14:25:45.296, 4943, 143771, 98
2026/09/23 14:25:45.546, 4943, 143771, 97
2026/09/23 14:25:45.796, 4943, 143771, 98
2026/09/23 14:25:46.046, 4943, 143771, 98
2026/09/23 14:25:46.296, 4943, 143771, 97
2026/09/23 14:25:46.546, 4943, 143771, 97
2026/09/23 14:25:46.796, 4943, 143771, 98
2026/09/23 14:25:47.046, 4943, 143771, 71
2026/09/23 14:25:47.296, 4943, 143771, 98
2026/09/23 14:25:47.546, 4943, 143771, 98
2026/09/23 14:25:47.797, 4943, 143771, 97
2026/09/23 14:25:48.047, 4943, 143771, 97
2026/09/23 14:25:48.297, 4943, 143771, 97
2026/09/23 14:25:48.547, 4943, 143771, 96
2026/09/23 14:25:48.797, 4943, 143771, 97
2026/09/23 14:25:49.047, 4943, 143771, 97
2026/09/23 14:25:49.297, 4943, 143771, 96
2026/09/23 14:25:49.547, 4943, 143771, 97
2026/09/23 14:25:49.798, 4943, 143771, 97
2026/09/23 14:25:50.048, 4943, 143771, 97
2026/09/23 14:25:50.298, 4943, 143771, 98
2026/09/23 14:25:50.548, 4943, 143771, 97
2026/09/23 14:25:50.798, 4943, 143771, 96
2026/09/23 14:25:51.048, 4943, 143771, 98
2026/09/23 14:25:51.298, 4943, 143771, 97
2026/09/23 14:25:51.548, 4943, 143771, 95
2026/09/23 14:25:51.798, 4943, 143771, 97
2026/09/23 14:25:52.049, 4943, 143771, 97
2026/09/23 14:25:52.299, 4943, 143771, 97
2026/09/23 14:25:52.549, 4943, 143771, 75
2026/09/23 14:25:52.799, 4943, 143771, 96
2026/09/23 14:25:53.049, 4943, 143771, 95
2026/09/23 14:25:53.299, 4943, 143771, 98
2026/09/23 14:25:53.549, 4943, 143771, 96
2026/09/23 14:25:53.799, 4943, 143771, 96
2026/09/23 14:25:54.050, 4943, 143771, 97
2026/09/23 14:25:54.300, 4943, 143771, 97
2026/09/23 14:25:54.550, 4943, 143771, 95
2026/09/23 14:25:54.800, 4943, 143771, 97
2026/09/23 14:25:55.050, 4943, 143771, 97
2026/09/23 14:25:55.300, 4943, 143771, 96
2026/09/23 14:25:55.550, 4943, 143771, 98
2026/09/23 14:25:55.800, 4943, 143771, 97
2026/09/23 14:25:56.050, 4943, 143771, 97
2026/09/23 14:25:56.301, 4943, 143771, 97
2026/09/23 14:25:56.551, 4943, 143771, 97
2026/09/23 14:25:56.801, 4943, 143771, 97
2026/09/23 14:25:57.051, 4943, 143771, 96
2026/09/23 14:25:57.301, 4943, 143771, 98
2026/09/23 14:25:57.551, 4943, 143771, 97
2026/09/23 14:25:57.801, 4943, 143771, 97
2026/09/23 14:25:58.051, 4943, 143771, 87
2026/09/23 14:25:58.301, 4943, 143771, 97
2026/09/23 14:25:58.552, 4943, 143771, 98
2026/09/23 14:25:58.802, 4943, 143771, 97
2026/09/23 14:25:59.052, 4943, 143771, 98
2026/09/23 14:25:59.302, 4943, 143771, 97
2026/09/23 14:25:59.552, 4943, 143771, 97
2026/09/23 14:25:59.802, 4943, 143771, 96
2026/09/23 14:26:00.052, 4943, 143771, 96
2026/09/23 14:26:00.302, 4943, 143771, 97
2026/09/23 14:26:00.552, 4943, 143771, 96
2026/09/23 14:26:00.803, 4943, 143771, 97
2026/09/23 14:26:01.053, 4943, 143771, 93
2026/09/23 14:26:01.303, 4943, 143771, 97
2026/09/23 14:26:01.553, 4943, 143771, 98
2026/09/23 14:26:01.803, 4943, 143771, 96
2026/09/23 14:26:02.053, 4943, 143771, 98
2026/09/23 14:26:02.303, 5643, 143771, 97
2026/09/23 14:26:02.553, 4943, 143771, 97
2026/09/23 14:26:02.803, 4943, 143771, 97
2026/09/23 14:26:03.054, 4943, 143771, 98
2026/09/23 14:26:03.304, 4943, 143771, 92
2026/09/23 14:26:03.554, 4943, 143771, 76
2026/09/23 14:26:03.804, 4943, 143771, 97
2026/09/23 14:26:04.054, 4943, 143771, 94
2026/09/23 14:26:04.304, 4943, 143771, 95
2026/09/23 14:26:04.554, 4943, 143771, 97
2026/09/23 14:26:04.805, 4943, 143771, 96
2026/09/23 14:26:05.055, 4943, 143771, 97
2026/09/23 14:26:05.305, 4943, 143771, 98
2026/09/23 14:26:05.555, 4943, 143771, 97
2026/09/23 14:26:05.805, 4943, 143771, 97
2026/09/23 14:26:06.055, 4943, 143771, 96
2026/09/23 14:26:06.305, 4943, 143771, 98
2026/09/23 14:26:06.555, 4943, 143771, 97
2026/09/23 14:26:06.805, 4943, 143771, 98
2026/09/23 14:26:07.056, 4943, 143771, 98
2026/09/23 14:26:07.306, 4943, 143771, 97
2026/09/23 14:26:07.556, 4943, 143771, 97
2026/09/23 14:26:07.806, 4943, 143771, 98
2026/09/23 14:26:08.056, 4943, 143771, 97
2026/09/23 14:26:08.306, 4943, 143771, 97
2026/09/23 14:26:08.556, 4943, 143771, 97
2026/09/23 14:26:08.806, 4943, 143771, 77
2026/09/23 14:26:09.056, 4943, 143771, 97
2026/09/23 14:26:09.306, 4943, 143771, 98
2026/09/23 14:26:09.556, 4943, 143771, 98
2026/09/23 14:26:09.807, 4943, 143771, 97
2026/09/23 14:26:10.057, 4943, 143771, 98
2026/09/23 14:26:10.307, 4943, 143771, 97
2026/09/23 14:26:10.557, 4943, 143771, 97
2026/09/23 14:26:10.807, 4943, 143771, 97
2026/09/23 14:26:11.057, 4943, 143771, 97
2026/09/23 14:26:11.307, 4943, 143771, 97
2026/09/23 14:26:11.557, 4943, 143771, 97
2026/09/23 14:26:11.807, 4943, 143771, 97
2026/09/23 14:26:12.058, 4943, 143771, 96
2026/09/23 14:26:12.308, 4943, 143771, 97
2026/09/23 14:26:12.558, 4943, 143771, 97
2026/09/23 14:26:12.808, 4943, 143771, 96
2026/09/23 14:26:13.058, 4943, 143771, 96
2026/09/23 14:26:13.308, 4943, 143771, 98
2026/09/23 14:26:13.558, 4943, 143771, 98
2026/09/23 14:26:13.808, 4943, 143771, 97
2026/09/23 14:26:14.059, 4943, 143771, 96
2026/09/23 14:26:14.309, 4943, 143771, 76
2026/09/23 14:26:14.559, 4943, 143771, 97
2026/09/23 14:26:14.809, 4943, 143771, 97
2026/09/23 14:26:15.059, 4943, 143771, 97
2026/09/23 14:26:15.309, 4943, 143771, 98
2026/09/23 14:26:15.563, 5643, 143771, 96
2026/09/23 14:26:15.813, 4943, 143771, 95
2026/09/23 14:26:16.063, 4943, 143771, 98
2026/09/23 14:26:16.313, 4943, 143771, 97
2026/09/23 14:26:16.563, 4943, 143771, 96
2026/09/23 14:26:16.813, 4943, 143771, 97
2026/09/23 14:26:17.064, 4943, 143771, 98
2026/09/23 14:26:17.314, 4943, 143771, 97
2026/09/23 14:26:17.565, 4943, 143771, 98
2026/09/23 14:26:17.815, 4943, 143771, 98
2026/09/23 14:26:18.065, 4943, 143771, 96
2026/09/23 14:26:18.315, 4943, 143771, 98
2026/09/23 14:26:18.565, 4943, 143771, 97
2026/09/23 14:26:18.815, 4943, 143771, 98
2026/09/23 14:26:19.065, 4943, 143771, 98
2026/09/23 14:26:19.315, 4943, 143771, 97
2026/09/23 14:26:19.565, 4943, 143771, 94
2026/09/23 14:26:19.815, 4943, 143771, 98
2026/09/23 14:26:20.066, 4943, 143771, 98
2026/09/23 14:26:20.316, 4943, 143771, 97
2026/09/23 14:26:20.566, 4943, 143771, 97
2026/09/23 14:26:20.816, 4943, 143771, 97
2026/09/23 14:26:21.066, 4943, 143771, 97
2026/09/23 14:26:21.316, 5643, 143771, 98
2026/09/23 14:26:21.566, 4943, 143771, 96
2026/09/23 14:26:21.816, 4943, 143771, 98
2026/09/23 14:26:22.066, 4943, 143771, 98
2026/09/23 14:26:22.316, 4943, 143771, 97
2026/09/23 14:26:22.567, 4943, 143771, 97
2026/09/23 14:26:22.817, 4943, 143771, 97
2026/09/23 14:26:23.067, 4943, 143771, 96
2026/09/23 14:26:23.317, 4943, 143771, 96
2026/09/23 14:26:23.567, 4943, 143771, 97
2026/09/23 14:26:23.817, 4943, 143771, 97
2026/09/23 14:26:24.067, 4943, 143771, 96
2026/09/23 14:26:24.317, 4943, 143771, 97
2026/09/23 14:26:24.568, 4943, 143771, 96
2026/09/23 14:26:24.818, 4943, 143771, 98
2026/09/23 14:26:25.068, 4943, 143771, 83
2026/09/23 14:26:25.318, 4943, 143771, 96
2026/09/23 14:26:25.568, 4943, 143771, 98
2026/09/23 14:26:25.818, 4943, 143771, 98
2026/09/23 14:26:26.068, 4943, 143771, 95
2026/09/23 14:26:26.318, 4943, 143771, 97
2026/09/23 14:26:26.568, 4943, 143771, 97
2026/09/23 14:26:26.819, 4943, 143771, 97
2026/09/23 14:26:27.069, 4943, 143771, 97
2026/09/23 14:26:27.319, 4943, 143771, 96
2026/09/23 14:26:27.569, 4943, 143771, 97
2026/09/23 14:26:27.819, 4943, 143771, 97
2026/09/23 14:26:28.069, 4943, 143771, 97
2026/09/23 14:26:28.319, 4943, 143771, 98
2026/09/23 14:26:28.569, 4943, 143771, 98
2026/09/23 14:26:28.820, 4943, 143771, 96
2026/09/23 14:26:29.070, 4943, 143771, 97
2026/09/23 14:26:29.320, 4943, 143771, 97
2026/09/23 14:26:29.570, 4943, 143771, 98
2026/09/23 14:26:29.820, 4943, 143771, 97
2026/09/23 14:26:30.070, 4943, 143771, 96
2026/09/23 14:26:30.321, 4943, 143771, 87
2026/09/23 14:26:30.571, 4943, 143771, 84
2026/09/23 14:26:30.821, 4943, 143771, 97
2026/09/23 14:26:31.071, 4943, 143771, 96
2026/09/23 14:26:31.322, 4943, 143771, 98
2026/09/23 14:26:31.572, 4943, 143771, 97
2026/09/23 14:26:31.822, 4943, 143771, 96
2026/09/23 14:26:32.072, 4943, 143771, 98
2026/09/23 14:26:32.322, 4943, 143771, 98
2026/09/23 14:26:32.572, 4943, 143771, 96
2026/09/23 14:26:32.822, 4943, 143771, 97
2026/09/23 14:26:33.072, 4943, 143771, 96
2026/09/23 14:26:33.322, 4943, 143771, 98
2026/09/23 14:26:33.572, 4943, 143771, 97
2026/09/23 14:26:33.823, 4943, 143771, 98
2026/09/23 14:26:34.073, 4943, 143771, 97
2026/09/23 14:26:34.323, 4943, 143771, 97
2026/09/23 14:26:34.573, 4943, 143771, 97
2026/09/23 14:26:34.823, 4943, 143771, 97
2026/09/23 14:26:35.073, 4943, 143771, 97
2026/09/23 14:26:35.323, 4943, 143771, 97
2026/09/23 14:26:35.573, 4943, 143771, 79
2026/09/23 14:26:35.823, 4943, 143771, 91
2026/09/23 14:26:36.073, 4943, 143771, 97
2026/09/23 14:26:36.324, 4943, 143771, 98
2026/09/23 14:26:36.574, 4943, 143771, 98
2026/09/23 14:26:36.824, 4943, 143771, 96
2026/09/23 14:26:37.074, 5643, 143771, 97
2026/09/23 14:26:37.324, 4943, 143771, 97
2026/09/23 14:26:37.574, 4943, 143771, 97
2026/09/23 14:26:37.824, 4943, 143771, 96
2026/09/23 14:26:38.074, 4943, 143771, 97
2026/09/23 14:26:38.324, 4943, 143771, 97
2026/09/23 14:26:38.575, 4943, 143771, 97
2026/09/23 14:26:38.825, 4943, 143771, 97
2026/09/23 14:26:39.075, 4943, 143771, 97
2026/09/23 14:26:39.325, 4943, 143771, 98
2026/09/23 14:26:39.576, 4943, 143771, 98
2026/09/23 14:26:39.826, 4943, 143771, 97
2026/09/23 14:26:40.076, 4943, 143771, 98
2026/09/23 14:26:40.326, 4943, 143771, 97
2026/09/23 14:26:40.576, 4943, 143771, 97
2026/09/23 14:26:40.826, 4943, 143771, 97
2026/09/23 14:26:41.076, 4943, 143771, 76
2026/09/23 14:26:41.326, 4943, 143771, 97
2026/09/23 14:26:41.576, 4943, 143771, 97
2026/09/23 14:26:41.826, 4943, 143771, 97
2026/09/23 14:26:42.077, 4943, 143771, 97
2026/09/23 14:26:42.327, 4943, 143771, 97
2026/09/23 14:26:42.577, 4943, 143771, 98
2026/09/23 14:26:42.827, 4943, 143771, 97
2026/09/23 14:26:43.077, 4943, 143771, 98
2026/09/23 14:26:43.327, 4943, 143771, 97
2026/09/23 14:26:43.577, 4943, 143771, 97
2026/09/23 14:26:43.827, 4943, 143771, 97
2026/09/23 14:26:44.077, 4943, 143771, 97
2026/09/23 14:26:44.327, 4943, 143771, 97
2026/09/23 14:26:44.578, 4943, 143771, 98
2026/09/23 14:26:44.828, 5643, 143771, 98
2026/09/23 14:26:45.078, 4943, 143771, 97
2026/09/23 14:26:45.328, 4943, 143771, 97
2026/09/23 14:26:45.578, 4943, 143771, 97
2026/09/23 14:26:45.828, 4943, 143771, 97
2026/09/23 14:26:46.079, 4943, 143771, 98
2026/09/23 14:26:46.329, 4943, 143771, 97
2026/09/23 14:26:46.579, 4943, 143771, 73
2026/09/23 14:26:46.829, 5643, 143771, 96
2026/09/23 14:26:47.079, 4943, 143771, 97
2026/09/23 14:26:47.329, 4943, 143771, 97
2026/09/23 14:26:47.579, 4943, 143771, 97
2026/09/23 14:26:47.829, 4943, 143771, 97
2026/09/23 14:26:48.079, 4943, 143771, 97
2026/09/23 14:26:48.330, 4943, 143771, 97
2026/09/23 14:26:48.580, 4943, 143771, 97
2026/09/23 14:26:48.830, 4943, 143771, 97
2026/09/23 14:26:49.080, 4943, 143771, 97
2026/09/23 14:26:49.330, 4943, 143771, 98
2026/09/23 14:26:49.580, 4943, 143771, 97
2026/09/23 14:26:49.830, 4943, 143771, 97
2026/09/23 14:26:50.080, 4943, 143771, 98
2026/09/23 14:26:50.330, 4943, 143771, 97
2026/09/23 14:26:50.580, 4943, 143771, 98
2026/09/23 14:26:50.830, 4943, 143771, 97
2026/09/23 14:26:51.081, 4943, 143771, 96
2026/09/23 14:26:51.331, 4943, 143771, 97
2026/09/23 14:26:51.581, 4943, 143771, 97
2026/09/23 14:26:51.831, 4943, 143771, 88
2026/09/23 14:26:52.081, 4943, 143771, 95
2026/09/23 14:26:52.331, 4943, 143771, 98
2026/09/23 14:26:52.581, 4943, 143771, 97
2026/09/23 14:26:52.831, 4943, 143771, 97
2026/09/23 14:26:53.081, 4943, 143771, 98
2026/09/23 14:26:53.332, 4943, 143771, 97
2026/09/23 14:26:53.582, 4943, 143771, 98
2026/09/23 14:26:53.832, 4943, 143771, 97
2026/09/23 14:26:54.082, 4943, 143771, 98
2026/09/23 14:26:54.332, 4943, 143771, 97
2026/09/23 14:26:54.582, 4943, 143771, 98
2026/09/23 14:26:54.832, 4943, 143771, 98
2026/09/23 14:26:55.082, 4943, 143771, 96
2026/09/23 14:26:55.332, 4943, 143771, 98
2026/09/23 14:26:55.582, 4943, 143771, 96
2026/09/23 14:26:55.832, 5643, 143771, 97
2026/09/23 14:26:56.083, 4943, 143771, 97
2026/09/23 14:26:56.333, 4943, 143771, 97
2026/09/23 14:26:56.583, 4943, 143771, 97
2026/09/23 14:26:56.833, 4943, 143771, 98
2026/09/23 14:26:57.083, 4943, 143771, 97
2026/09/23 14:26:57.333, 4943, 143771, 95
2026/09/23 14:26:57.583, 4943, 143771, 98
2026/09/23 14:26:57.833, 4943, 143771, 97
2026/09/23 14:26:58.083, 4943, 143771, 97
2026/09/23 14:26:58.334, 4943, 143771, 98
2026/09/23 14:26:58.584, 4943, 143771, 97
2026/09/23 14:26:58.834, 4943, 143771, 96
2026/09/23 14:26:59.084, 4943, 143771, 97
2026/09/23 14:26:59.334, 4943, 143771, 98
2026/09/23 14:26:59.584, 4943, 143771, 97
2026/09/23 14:26:59.834, 4943, 143771, 98
2026/09/23 14:27:00.084, 4943, 143771, 97
2026/09/23 14:27:00.334, 4943, 143771, 96
2026/09/23 14:27:00.585, 4943, 143771, 98
2026/09/23 14:27:00.835, 4943, 143771, 97
2026/09/23 14:27:01.085, 4943, 143771, 97
2026/09/23 14:27:01.335, 4943, 143771, 97
2026/09/23 14:27:01.585, 5643, 143771, 97
2026/09/23 14:27:01.835, 4943, 143771, 96
2026/09/23 14:27:02.085, 4943, 143771, 97
2026/09/23 14:27:02.335, 4943, 143771, 72
2026/09/23 14:27:02.586, 4943, 143771, 96
2026/09/23 14:27:02.836, 4943, 143771, 97
2026/09/23 14:27:03.086, 4943, 143771, 98
2026/09/23 14:27:03.336, 4943, 143771, 98
2026/09/23 14:27:03.586, 4943, 143771, 97
2026/09/23 14:27:03.836, 4943, 143771, 97
2026/09/23 14:27:04.086, 4943, 143771, 96
2026/09/23 14:27:04.336, 4943, 143771, 97
2026/09/23 14:27:04.586, 4943, 143771, 97
2026/09/23 14:27:04.837, 4943, 143771, 97
2026/09/23 14:27:05.087, 4943, 143771, 97
2026/09/23 14:27:05.337, 4943, 143771, 97
2026/09/23 14:27:05.587, 4943, 143771, 97
2026/09/23 14:27:05.837, 4943, 143771, 97
2026/09/23 14:27:06.087, 4943, 143771, 97
2026/09/23 14:27:06.337, 4943, 143771, 93
2026/09/23 14:27:06.587, 4943, 143771, 97
2026/09/23 14:27:06.838, 4943, 143771, 98
2026/09/23 14:27:07.088, 4943, 143771, 96
2026/09/23 14:27:07.338, 4943, 143771, 97
2026/09/23 14:27:07.588, 4943, 143771, 94
2026/09/23 14:27:07.838, 4943, 143771, 77
2026/09/23 14:27:08.088, 4943, 143771, 97
2026/09/23 14:27:08.338, 4943, 143771, 98
2026/09/23 14:27:08.588, 4943, 143771, 98
2026/09/23 14:27:08.838, 4943, 143771, 97
2026/09/23 14:27:09.088, 4943, 143771, 98
2026/09/23 14:27:09.339, 4943, 143771, 97
2026/09/23 14:27:09.589, 4943, 143771, 98
2026/09/23 14:27:09.839, 4943, 143771, 97
2026/09/23 14:27:10.089, 4943, 143771, 97
2026/09/23 14:27:10.339, 4943, 143771, 98
2026/09/23 14:27:10.589, 4943, 143771, 97
2026/09/23 14:27:10.839, 4943, 143771, 98
2026/09/23 14:27:11.089, 4943, 143771, 97
2026/09/23 14:27:11.339, 4943, 143771, 98
2026/09/23 14:27:11.589, 4943, 143771, 98
2026/09/23 14:27:11.839, 4943, 143771, 96
2026/09/23 14:27:12.090, 4943, 143771, 97
2026/09/23 14:27:12.340, 4943, 143771, 97
2026/09/23 14:27:12.590, 4943, 143771, 97
2026/09/23 14:27:12.840, 4943, 143771, 98
2026/09/23 14:27:13.090, 4943, 143771, 79
2026/09/23 14:27:13.340, 4943, 143771, 92
2026/09/23 14:27:13.590, 4943, 143771, 97
2026/09/23 14:27:13.840, 4943, 143771, 98
2026/09/23 14:27:14.090, 4943, 143771, 94
2026/09/23 14:27:14.340, 4943, 143771, 98
2026/09/23 14:27:14.591, 4943, 143771, 97
2026/09/23 14:27:14.841, 4943, 143771, 97
2026/09/23 14:27:15.091, 4943, 143771, 98
2026/09/23 14:27:15.341, 4943, 143771, 97
2026/09/23 14:27:15.591, 4943, 143771, 97
2026/09/23 14:27:15.841, 4943, 143771, 97
2026/09/23 14:27:16.091, 4943, 143771, 97
2026/09/23 14:27:16.341, 4943, 143771, 98
2026/09/23 14:27:16.591, 4943, 143771, 98
2026/09/23 14:27:16.842, 4943, 143771, 98
2026/09/23 14:27:17.092, 4943, 143771, 97
2026/09/23 14:27:17.342, 4943, 143771, 98
2026/09/23 14:27:17.592, 4943, 143771, 97
2026/09/23 14:27:17.842, 5643, 143771, 97
2026/09/23 14:27:18.092, 4943, 143771, 97
2026/09/23 14:27:18.342, 4943, 143771, 97
2026/09/23 14:27:18.592, 4943, 143771, 76
2026/09/23 14:27:18.843, 4943, 143771, 98
2026/09/23 14:27:19.093, 4943, 143771, 97
2026/09/23 14:27:19.343, 4943, 143771, 97
2026/09/23 14:27:19.593, 4943, 143771, 97
2026/09/23 14:27:19.843, 4943, 143771, 97
2026/09/23 14:27:20.093, 4943, 143771, 97
2026/09/23 14:27:20.343, 4943, 143771, 97
2026/09/23 14:27:20.593, 4943, 143771, 96
2026/09/23 14:27:20.843, 4943, 143771, 97
2026/09/23 14:27:21.094, 4943, 143771, 97
2026/09/23 14:27:21.344, 4943, 143771, 96
2026/09/23 14:27:21.594, 4943, 143771, 97
2026/09/23 14:27:21.844, 4943, 143771, 96
2026/09/23 14:27:22.094, 4943, 143771, 96
2026/09/23 14:27:22.344, 4943, 143771, 98
2026/09/23 14:27:22.594, 4943, 143771, 95
2026/09/23 14:27:22.844, 4943, 143771, 97
2026/09/23 14:27:23.095, 4943, 143771, 97
2026/09/23 14:27:23.345, 4943, 143771, 96
2026/09/23 14:27:23.595, 4943, 143771, 98
2026/09/23 14:27:23.845, 4943, 143771, 89
2026/09/23 14:27:24.095, 4943, 143771, 97
2026/09/23 14:27:24.345, 4943, 143771, 97
2026/09/23 14:27:24.595, 4943, 143771, 98
2026/09/23 14:27:24.845, 4943, 143771, 98
2026/09/23 14:27:25.095, 4943, 143771, 97
2026/09/23 14:27:25.346, 4943, 143771, 98
2026/09/23 14:27:25.596, 4943, 143771, 97
2026/09/23 14:27:25.846, 4943, 143771, 97
2026/09/23 14:27:26.096, 4943, 143771, 98
2026/09/23 14:27:26.346, 4943, 143771, 97
2026/09/23 14:27:26.596, 4943, 143771, 98
2026/09/23 14:27:26.846, 4943, 143771, 97
2026/09/23 14:27:27.096, 4943, 143771, 96
2026/09/23 14:27:27.346, 4943, 143771, 98
2026/09/23 14:27:27.596, 4943, 143771, 98
2026/09/23 14:27:27.847, 4943, 143771, 96
2026/09/23 14:27:28.097, 4943, 143771, 98
2026/09/23 14:27:28.347, 4943, 143771, 97
2026/09/23 14:27:28.597, 4943, 143771, 97
2026/09/23 14:27:28.847, 4943, 143771, 98
2026/09/23 14:27:29.097, 4943, 143771, 98
2026/09/23 14:27:29.347, 4943, 143771, 98
2026/09/23 14:27:29.597, 4943, 143771, 98
2026/09/23 14:27:29.847, 4943, 143771, 97
2026/09/23 14:27:30.097, 5643, 143771, 98
2026/09/23 14:27:30.347, 4943, 143771, 97
2026/09/23 14:27:30.598, 4943, 143771, 97
2026/09/23 14:27:30.848, 4943, 143771, 97
2026/09/23 14:27:31.098, 4943, 143771, 98
2026/09/23 14:27:31.348, 4943, 143771, 97
2026/09/23 14:27:31.598, 4943, 143771, 97
2026/09/23 14:27:31.848, 4943, 143771, 97
2026/09/23 14:27:32.098, 4943, 143771, 97
2026/09/23 14:27:32.348, 4943, 143771, 97
2026/09/23 14:27:32.598, 4943, 143771, 98
2026/09/23 14:27:32.849, 4943, 143771, 97
2026/09/23 14:27:33.099, 4943, 143771, 97
2026/09/23 14:27:33.349, 4943, 143771, 97
2026/09/23 14:27:33.599, 4943, 143771, 97
2026/09/23 14:27:33.849, 4943, 143771, 98
2026/09/23 14:27:34.099, 4943, 143771, 97
2026/09/23 14:27:34.349, 4943, 143771, 80
2026/09/23 14:27:34.599, 4943, 143771, 97
2026/09/23 14:27:34.849, 4943, 143771, 97
2026/09/23 14:27:35.099, 4943, 143771, 97
2026/09/23 14:27:35.350, 5643, 143771, 97
2026/09/23 14:27:35.600, 4943, 143771, 97
2026/09/23 14:27:35.850, 4943, 143771, 96
2026/09/23 14:27:36.100, 4943, 143771, 97
2026/09/23 14:27:36.350, 4943, 143771, 97
2026/09/23 14:27:36.600, 5643, 143771, 96
2026/09/23 14:27:36.850, 4943, 143771, 97
2026/09/23 14:27:37.101, 4943, 143771, 97
2026/09/23 14:27:37.351, 4943, 143771, 97
2026/09/23 14:27:37.601, 4943, 143771, 97
2026/09/23 14:27:37.851, 4943, 143771, 97
2026/09/23 14:27:38.101, 4943, 143771, 97
2026/09/23 14:27:38.351, 4943, 143771, 97
2026/09/23 14:27:38.601, 4943, 143771, 98
2026/09/23 14:27:38.851, 4943, 143771, 98
2026/09/23 14:27:39.101, 4943, 143771, 98
2026/09/23 14:27:39.351, 4943, 143771, 96
2026/09/23 14:27:39.602, 4943, 143771, 76
2026/09/23 14:27:39.852, 4943, 143771, 97
2026/09/23 14:27:40.102, 4943, 143771, 97
2026/09/23 14:27:40.352, 4943, 143771, 98
2026/09/23 14:27:40.602, 4943, 143771, 97
2026/09/23 14:27:40.852, 4943, 143771, 97
2026/09/23 14:27:41.102, 4943, 143771, 97
2026/09/23 14:27:41.352, 4943, 143771, 98
2026/09/23 14:27:41.602, 4943, 143771, 97
2026/09/23 14:27:41.852, 4943, 143771, 97
2026/09/23 14:27:42.102, 4943, 143771, 97
2026/09/23 14:27:42.352, 4943, 143771, 97
2026/09/23 14:27:42.603, 4943, 143771, 97
2026/09/23 14:27:42.853, 4943, 143771, 98
2026/09/23 14:27:43.103, 4943, 143771, 98
2026/09/23 14:27:43.353, 4943, 143771, 98
2026/09/23 14:27:43.603, 4943, 143771, 98
2026/09/23 14:27:43.854, 4943, 143771, 97
2026/09/23 14:27:44.104, 4943, 143771, 97
2026/09/23 14:27:44.354, 4943, 143771, 97
2026/09/23 14:27:44.604, 4943, 143771, 97
2026/09/23 14:27:44.854, 4943, 143771, 93
2026/09/23 14:27:45.105, 4943, 143771, 79
2026/09/23 14:27:45.355, 4943, 143771, 96
2026/09/23 14:27:45.605, 4943, 143771, 97
2026/09/23 14:27:45.855, 4943, 143771, 97
2026/09/23 14:27:46.105, 4943, 143771, 97
2026/09/23 14:27:46.355, 4943, 143771, 98
2026/09/23 14:27:46.605, 4943, 143771, 97
2026/09/23 14:27:46.855, 4943, 143771, 97
2026/09/23 14:27:47.105, 4943, 143771, 97
2026/09/23 14:27:47.355, 4943, 143771, 98
2026/09/23 14:27:47.606, 4943, 143771, 97
2026/09/23 14:27:47.856, 4943, 143771, 95
2026/09/23 14:27:48.106, 4943, 143771, 98
2026/09/23 14:27:48.356, 4943, 143771, 97
2026/09/23 14:27:48.606, 4943, 143771, 97
2026/09/23 14:27:48.856, 4943, 143771, 97
2026/09/23 14:27:49.106, 4943, 143771, 97
2026/09/23 14:27:49.356, 4943, 143771, 97
2026/09/23 14:27:49.606, 4943, 143771, 98
2026/09/23 14:27:49.856, 4943, 143771, 97
2026/09/23 14:27:50.106, 4943, 143771, 96
2026/09/23 14:27:50.357, 4943, 143771, 76
2026/09/23 14:27:50.607, 4943, 143771, 97
2026/09/23 14:27:50.857, 4943, 143771, 97
2026/09/23 14:27:51.107, 4943, 143771, 97
2026/09/23 14:27:51.357, 4943, 143771, 96
2026/09/23 14:27:51.607, 4943, 143771, 95
2026/09/23 14:27:51.857, 4943, 143771, 96
2026/09/23 14:27:52.107, 4943, 143771, 95
2026/09/23 14:27:52.358, 5643, 143771, 97
2026/09/23 14:27:52.608, 4943, 143771, 97
2026/09/23 14:27:52.858, 4943, 143771, 96
2026/09/23 14:27:53.108, 4943, 143771, 98
2026/09/23 14:27:53.358, 4943, 143771, 98
2026/09/23 14:27:53.609, 4943, 143771, 97
2026/09/23 14:27:53.859, 4943, 143771, 97
2026/09/23 14:27:54.109, 4943, 143771, 98
2026/09/23 14:27:54.359, 4943, 143771, 97
2026/09/23 14:27:54.609, 4943, 143771, 98
2026/09/23 14:27:54.859, 4943, 143771, 97
2026/09/23 14:27:55.109, 4943, 143771, 98
2026/09/23 14:27:55.360, 4943, 143771, 96
2026/09/23 14:27:55.610, 4943, 143771, 95
2026/09/23 14:27:55.860, 4943, 143771, 73
2026/09/23 14:27:56.110, 4943, 143771, 96
2026/09/23 14:27:56.360, 4943, 143771, 97
2026/09/23 14:27:56.610, 4943, 143771, 97
2026/09/23 14:27:56.860, 4943, 143771, 97
2026/09/23 14:27:57.110, 4943, 143771, 98
2026/09/23 14:27:57.361, 4943, 143771, 97
2026/09/23 14:27:57.611, 4943, 143771, 98
2026/09/23 14:27:57.861, 4943, 143771, 96
2026/09/23 14:27:58.111, 4943, 143771, 97
2026/09/23 14:27:58.361, 4943, 143771, 98
2026/09/23 14:27:58.611, 4943, 143771, 97
2026/09/23 14:27:58.861, 4943, 143771, 97
2026/09/23 14:27:59.111, 4943, 143771, 97
2026/09/23 14:27:59.361, 4943, 143771, 96
2026/09/23 14:27:59.612, 4943, 143771, 98
2026/09/23 14:27:59.862, 4943, 143771, 96
2026/09/23 14:28:00.112, 4943, 143771, 97
2026/09/23 14:28:00.362, 4943, 143771, 97
2026/09/23 14:28:00.612, 4943, 143771, 97
2026/09/23 14:28:00.862, 4943, 143771, 74
2026/09/23 14:28:01.112, 4943, 143771, 94
2026/09/23 14:28:01.362, 4943, 143771, 97
2026/09/23 14:28:01.612, 4943, 143771, 97
2026/09/23 14:28:01.862, 4943, 143771, 97
2026/09/23 14:28:02.113, 4943, 143771, 98
2026/09/23 14:28:02.363, 4943, 143771, 97
2026/09/23 14:28:02.613, 4943, 143771, 98
2026/09/23 14:28:02.863, 4943, 143771, 97
2026/09/23 14:28:03.113, 4943, 143771, 98
2026/09/23 14:28:03.363, 4943, 143771, 97
2026/09/23 14:28:03.613, 4943, 143771, 98
2026/09/23 14:28:03.863, 4943, 143771, 98
2026/09/23 14:28:04.113, 4943, 143771, 97
2026/09/23 14:28:04.363, 4943, 143771, 98
2026/09/23 14:28:04.613, 4943, 143771, 97
2026/09/23 14:28:04.864, 4943, 143771, 98
2026/09/23 14:28:05.114, 4943, 143771, 96
2026/09/23 14:28:05.364, 4943, 143771, 98
2026/09/23 14:28:05.614, 4943, 143771, 98
2026/09/23 14:28:05.864, 4943, 143771, 97
2026/09/23 14:28:06.114, 4943, 143771, 94
2026/09/23 14:28:06.364, 4943, 143771, 76
2026/09/23 14:28:06.614, 4943, 143771, 97
2026/09/23 14:28:06.864, 4943, 143771, 97
2026/09/23 14:28:07.114, 4943, 143771, 97
2026/09/23 14:28:07.365, 4943, 143771, 97
2026/09/23 14:28:07.615, 4943, 143771, 96
2026/09/23 14:28:07.865, 4943, 143771, 98
2026/09/23 14:28:08.115, 4943, 143771, 96
2026/09/23 14:28:08.365, 4943, 143771, 97
2026/09/23 14:28:08.615, 4943, 143771, 98
2026/09/23 14:28:08.865, 4943, 143771, 97
2026/09/23 14:28:09.115, 4943, 143771, 98
2026/09/23 14:28:09.366, 4943, 143771, 98
2026/09/23 14:28:09.616, 4943, 143771, 96
2026/09/23 14:28:09.866, 4943, 143771, 98
2026/09/23 14:28:10.116, 4943, 143771, 96
2026/09/23 14:28:10.366, 4943, 143771, 97
2026/09/23 14:28:10.616, 4943, 143771, 98
2026/09/23 14:28:10.866, 4943, 143771, 97
2026/09/23 14:28:11.116, 4943, 143771, 96
2026/09/23 14:28:11.367, 4943, 143771, 97
2026/09/23 14:28:11.617, 4943, 143771, 70
2026/09/23 14:28:11.867, 4943, 143771, 96
2026/09/23 14:28:12.117, 4943, 143771, 97
2026/09/23 14:28:12.367, 4943, 143771, 97
2026/09/23 14:28:12.617, 4943, 143771, 97
2026/09/23 14:28:12.867, 4943, 143771, 98
2026/09/23 14:28:13.117, 4943, 143771, 97
2026/09/23 14:28:13.368, 4943, 143771, 97
2026/09/23 14:28:13.618, 4943, 143771, 97
2026/09/23 14:28:13.868, 4943, 143771, 96
2026/09/23 14:28:14.118, 4943, 143771, 97
2026/09/23 14:28:14.368, 4943, 143771, 97
2026/09/23 14:28:14.618, 4943, 143771, 97
2026/09/23 14:28:14.868, 4943, 143771, 96
2026/09/23 14:28:15.118, 4943, 143771, 97
2026/09/23 14:28:15.369, 4943, 143771, 97
2026/09/23 14:28:15.619, 4943, 143771, 98
2026/09/23 14:28:15.869, 4943, 143771, 98
2026/09/23 14:28:16.119, 4943, 143771, 97
2026/09/23 14:28:16.369, 4943, 143771, 98
2026/09/23 14:28:16.619, 4943, 143771, 97
2026/09/23 14:28:16.869, 4943, 143771, 80
2026/09/23 14:28:17.119, 4943, 143771, 97
2026/09/23 14:28:17.369, 4943, 143771, 98
2026/09/23 14:28:17.619, 4943, 143771, 97
2026/09/23 14:28:17.870, 4943, 143771, 97
2026/09/23 14:28:18.120, 4943, 143771, 97
2026/09/23 14:28:18.370, 5643, 143771, 95
2026/09/23 14:28:18.620, 4943, 143771, 96
2026/09/23 14:28:18.870, 4943, 143771, 97
2026/09/23 14:28:19.120, 4943, 143771, 97
2026/09/23 14:28:19.370, 4943, 143771, 97
2026/09/23 14:28:19.620, 4943, 143771, 98
2026/09/23 14:28:19.870, 5643, 143771, 97
2026/09/23 14:28:20.121, 4943, 143771, 96
2026/09/23 14:28:20.371, 4943, 143771, 98
2026/09/23 14:28:20.621, 4943, 143771, 97
2026/09/23 14:28:20.871, 4943, 143771, 98
2026/09/23 14:28:21.121, 4943, 143771, 97
2026/09/23 14:28:21.371, 4943, 143771, 97
2026/09/23 14:28:21.621, 4943, 143771, 98
2026/09/23 14:28:21.871, 4943, 143771, 97
2026/09/23 14:28:22.121, 4943, 143771, 75
2026/09/23 14:28:22.372, 4943, 143771, 97
2026/09/23 14:28:22.622, 4943, 143771, 98
2026/09/23 14:28:22.872, 4943, 143771, 97
2026/09/23 14:28:23.122, 4943, 143771, 97
2026/09/23 14:28:23.372, 4943, 143771, 98
2026/09/23 14:28:23.622, 4943, 143771, 98
2026/09/23 14:28:23.872, 4943, 143771, 98
2026/09/23 14:28:24.122, 4943, 143771, 97
2026/09/23 14:28:24.372, 4943, 143771, 98
2026/09/23 14:28:24.622, 4943, 143771, 97
2026/09/23 14:28:24.872, 4943, 143771, 97
2026/09/23 14:28:25.123, 4943, 143771, 98
2026/09/23 14:28:25.373, 4943, 143771, 97
2026/09/23 14:28:25.623, 4943, 143771, 97
2026/09/23 14:28:25.873, 4943, 143771, 97
2026/09/23 14:28:26.123, 4943, 143771, 97
2026/09/23 14:28:26.373, 4943, 143771, 98
2026/09/23 14:28:26.623, 4943, 143771, 97
2026/09/23 14:28:26.873, 4943, 143771, 98
2026/09/23 14:28:27.123, 4943, 143771, 97
2026/09/23 14:28:27.373, 4943, 143771, 91
2026/09/23 14:28:27.623, 4943, 143771, 98
2026/09/23 14:28:27.874, 4943, 143771, 97
2026/09/23 14:28:28.124, 4943, 143771, 97
2026/09/23 14:28:28.374, 4943, 143771, 97
2026/09/23 14:28:28.624, 4943, 143771, 97
2026/09/23 14:28:28.874, 4943, 143771, 97
2026/09/23 14:28:29.124, 4943, 143771, 97
2026/09/23 14:28:29.374, 4943, 143771, 98
2026/09/23 14:28:29.624, 4943, 143771, 97
2026/09/23 14:28:29.874, 4943, 143771, 97
2026/09/23 14:28:30.125, 4943, 143771, 97
2026/09/23 14:28:30.375, 4943, 143771, 96
2026/09/23 14:28:30.625, 4943, 143771, 97
2026/09/23 14:28:30.875, 4943, 143771, 95
2026/09/23 14:28:31.125, 4943, 143771, 97
2026/09/23 14:28:31.375, 4943, 143771, 97
2026/09/23 14:28:31.625, 4943, 143771, 96
2026/09/23 14:28:31.875, 4943, 143771, 97
2026/09/23 14:28:32.126, 4943, 143771, 97
2026/09/23 14:28:32.376, 4943, 143771, 97
2026/09/23 14:28:32.626, 4943, 143771, 76
2026/09/23 14:28:32.876, 4943, 143771, 97
2026/09/23 14:28:33.126, 4943, 143771, 97
2026/09/23 14:28:33.376, 4943, 143771, 96
2026/09/23 14:28:33.626, 4943, 143771, 97
2026/09/23 14:28:33.876, 4943, 143771, 97
2026/09/23 14:28:34.126, 4943, 143771, 98
2026/09/23 14:28:34.377, 4943, 143771, 96
2026/09/23 14:28:34.627, 4943, 143771, 97
2026/09/23 14:28:34.877, 4943, 143771, 97
2026/09/23 14:28:35.128, 4943, 143771, 97
2026/09/23 14:28:35.378, 4943, 143771, 97
2026/09/23 14:28:35.628, 4943, 143771, 98
2026/09/23 14:28:35.879, 4943, 143771, 98
2026/09/23 14:28:36.130, 4943, 143771, 96
2026/09/23 14:28:36.380, 4943, 143771, 97
2026/09/23 14:28:36.630, 4943, 143771, 98
2026/09/23 14:28:36.880, 4943, 143771, 97
2026/09/23 14:28:37.130, 4943, 143771, 97
2026/09/23 14:28:37.380, 4943, 143771, 97
2026/09/23 14:28:37.630, 4943, 143771, 96
2026/09/23 14:28:37.880, 4943, 143771, 72
2026/09/23 14:28:38.131, 4943, 143771, 96
2026/09/23 14:28:38.381, 4943, 143771, 97
2026/09/23 14:28:38.631, 4943, 143771, 97
2026/09/23 14:28:38.881, 4943, 143771, 97
2026/09/23 14:28:39.131, 4943, 143771, 95
2026/09/23 14:28:39.381, 4943, 143771, 97
2026/09/23 14:28:39.631, 4943, 143771, 98
2026/09/23 14:28:39.881, 4943, 143771, 96
2026/09/23 14:28:40.131, 4943, 143771, 97
2026/09/23 14:28:40.382, 4943, 143771, 97
2026/09/23 14:28:40.632, 4943, 143771, 97
2026/09/23 14:28:40.882, 4943, 143771, 97
2026/09/23 14:28:41.132, 4943, 143771, 94
2026/09/23 14:28:41.382, 5643, 143771, 98
2026/09/23 14:28:41.632, 4943, 143771, 98
2026/09/23 14:28:41.882, 4943, 143771, 95
2026/09/23 14:28:42.132, 4943, 143771, 96
2026/09/23 14:28:42.382, 4943, 143771, 98
2026/09/23 14:28:42.632, 4943, 143771, 97
2026/09/23 14:28:42.882, 4943, 143771, 97
2026/09/23 14:28:43.134, 4943, 143771, 89
2026/09/23 14:28:43.385, 4943, 143771, 85
2026/09/23 14:28:43.635, 4943, 143771, 97
2026/09/23 14:28:43.885, 4943, 143771, 98
2026/09/23 14:28:44.135, 4943, 143771, 97
2026/09/23 14:28:44.385, 4943, 143771, 98
2026/09/23 14:28:44.635, 4943, 143771, 97
2026/09/23 14:28:44.886, 4943, 143771, 97
2026/09/23 14:28:45.136, 4943, 143771, 97
2026/09/23 14:28:45.386, 4943, 143771, 97
2026/09/23 14:28:45.636, 4943, 143771, 97
2026/09/23 14:28:45.886, 4943, 143771, 97
2026/09/23 14:28:46.136, 4943, 143771, 98
2026/09/23 14:28:46.386, 4943, 143771, 97
2026/09/23 14:28:46.636, 4943, 143771, 98
2026/09/23 14:28:46.886, 4943, 143771, 98
2026/09/23 14:28:47.136, 4943, 143771, 97
2026/09/23 14:28:47.386, 4943, 143771, 97
2026/09/23 14:28:47.637, 4943, 143771, 93
2026/09/23 14:28:47.887, 4943, 143771, 98
2026/09/23 14:28:48.137, 4943, 143771, 97
2026/09/23 14:28:48.387, 4943, 143771, 96
2026/09/23 14:28:48.637, 4943, 143771, 74
2026/09/23 14:28:48.887, 4943, 143771, 97
2026/09/23 14:28:49.137, 4943, 143771, 97
2026/09/23 14:28:49.387, 4943, 143771, 96
2026/09/23 14:28:49.637, 4943, 143771, 97
2026/09/23 14:28:49.888, 4943, 143771, 96
2026/09/23 14:28:50.138, 4943, 143771, 97
2026/09/23 14:28:50.388, 4943, 143771, 97
2026/09/23 14:28:50.638, 4943, 143771, 97
2026/09/23 14:28:50.888, 4943, 143771, 97
2026/09/23 14:28:51.138, 4943, 143771, 97
2026/09/23 14:28:51.388, 4943, 143771, 98
2026/09/23 14:28:51.638, 4943, 143771, 97
2026/09/23 14:28:51.888, 4943, 143771, 97
2026/09/23 14:28:52.139, 4943, 143771, 98
2026/09/23 14:28:52.389, 4943, 143771, 97
2026/09/23 14:28:52.639, 4943, 143771, 97
2026/09/23 14:28:52.889, 4943, 143771, 98
2026/09/23 14:28:53.139, 4943, 143771, 98
2026/09/23 14:28:53.389, 4943, 143771, 97
2026/09/23 14:28:53.639, 4943, 143771, 74
2026/09/23 14:28:53.889, 4943, 143771, 98
2026/09/23 14:28:54.139, 4943, 143771, 98
2026/09/23 14:28:54.389, 4943, 143771, 97
2026/09/23 14:28:54.639, 4943, 143771, 98
2026/09/23 14:28:54.890, 4943, 143771, 97
2026/09/23 14:28:55.140, 4943, 143771, 97
2026/09/23 14:28:55.390, 4943, 143771, 98
2026/09/23 14:28:55.640, 4943, 143771, 97
2026/09/23 14:28:55.890, 4943, 143771, 97
2026/09/23 14:28:56.140, 4943, 143771, 97
2026/09/23 14:28:56.390, 4943, 143771, 97
2026/09/23 14:28:56.640, 4943, 143771, 97
2026/09/23 14:28:56.890, 4943, 143771, 97
2026/09/23 14:28:57.140, 4943, 143771, 97
2026/09/23 14:28:57.390, 4943, 143771, 97
2026/09/23 14:28:57.640, 4943, 143771, 98
2026/09/23 14:28:57.891, 4943, 143771, 98
2026/09/23 14:28:58.141, 4943, 143771, 98
2026/09/23 14:28:58.391, 4943, 143771, 98
2026/09/23 14:28:58.641, 4943, 143771, 97
2026/09/23 14:28:58.891, 4943, 143771, 83
2026/09/23 14:28:59.141, 4943, 143771, 88
2026/09/23 14:28:59.391, 4943, 143771, 97
2026/09/23 14:28:59.641, 4943, 143771, 96
2026/09/23 14:28:59.891, 4943, 143771, 97
2026/09/23 14:29:00.141, 4943, 143771, 97
2026/09/23 14:29:00.391, 4943, 143771, 96
2026/09/23 14:29:00.642, 4943, 143771, 97
2026/09/23 14:29:00.892, 4943, 143771, 96
2026/09/23 14:29:01.142, 4943, 143771, 98
2026/09/23 14:29:01.392, 4943, 143771, 97
2026/09/23 14:29:01.642, 4943, 143771, 97
2026/09/23 14:29:01.892, 4943, 143771, 97
2026/09/23 14:29:02.142, 4943, 143771, 97
2026/09/23 14:29:02.392, 4943, 143771, 97
2026/09/23 14:29:02.643, 4943, 143771, 98
2026/09/23 14:29:02.893, 4943, 143771, 97
2026/09/23 14:29:03.143, 4943, 143771, 95
2026/09/23 14:29:03.393, 4943, 143771, 97
2026/09/23 14:29:03.643, 4943, 143771, 97
2026/09/23 14:29:03.893, 4943, 143771, 97
2026/09/23 14:29:04.143, 4943, 143771, 96
2026/09/23 14:29:04.393, 4943, 143771, 73
2026/09/23 14:29:04.643, 4943, 143771, 97
2026/09/23 14:29:04.894, 4943, 143771, 96
2026/09/23 14:29:05.144, 4943, 143771, 97
2026/09/23 14:29:05.394, 4943, 143771, 96
2026/09/23 14:29:05.644, 4943, 143771, 97
2026/09/23 14:29:05.894, 4943, 143771, 97
2026/09/23 14:29:06.144, 4943, 143771, 96
2026/09/23 14:29:06.394, 4943, 143771, 97
2026/09/23 14:29:06.644, 4943, 143771, 97
2026/09/23 14:29:06.894, 4943, 143771, 97
2026/09/23 14:29:07.145, 4943, 143771, 98
2026/09/23 14:29:07.395, 4943, 143771, 97
2026/09/23 14:29:07.645, 4943, 143771, 98
2026/09/23 14:29:07.895, 4943, 143771, 97
2026/09/23 14:29:08.145, 4943, 143771, 97
2026/09/23 14:29:08.395, 4943, 143771, 96
2026/09/23 14:29:08.645, 4943, 143771, 96
2026/09/23 14:29:08.895, 4943, 143771, 97
2026/09/23 14:29:09.145, 4943, 143771, 97
2026/09/23 14:29:09.396, 4943, 143771, 97
2026/09/23 14:29:09.646, 4943, 143771, 97
2026/09/23 14:29:09.896, 4943, 143771, 96
2026/09/23 14:29:10.146, 4943, 143771, 97
2026/09/23 14:29:10.396, 4943, 143771, 98
2026/09/23 14:29:10.646, 4943, 143771, 96
2026/09/23 14:29:10.896, 4943, 143771, 97
2026/09/23 14:29:11.146, 4943, 143771, 97
2026/09/23 14:29:11.397, 4943, 143771, 96
2026/09/23 14:29:11.647, 4943, 143771, 97
2026/09/23 14:29:11.897, 4943, 143771, 98
2026/09/23 14:29:12.147, 4943, 143771, 98
2026/09/23 14:29:12.397, 4943, 143771, 98
2026/09/23 14:29:12.647, 4943, 143771, 98
2026/09/23 14:29:12.897, 4943, 143771, 97
2026/09/23 14:29:13.147, 4943, 143771, 98
2026/09/23 14:29:13.397, 4943, 143771, 97
2026/09/23 14:29:13.647, 4943, 143771, 97
2026/09/23 14:29:13.897, 4943, 143771, 97
2026/09/23 14:29:14.148, 4943, 143771, 98
2026/09/23 14:29:14.398, 4943, 143771, 97
2026/09/23 14:29:14.648, 4943, 143771, 98
2026/09/23 14:29:14.898, 4943, 143771, 93
2026/09/23 14:29:15.148, 4943, 143771, 96
2026/09/23 14:29:15.398, 4943, 143771, 98
2026/09/23 14:29:15.648, 4943, 143771, 97
2026/09/23 14:29:15.898, 4943, 143771, 98
2026/09/23 14:29:16.148, 4943, 143771, 97
2026/09/23 14:29:16.398, 4943, 143771, 97
2026/09/23 14:29:16.649, 4943, 143771, 97
2026/09/23 14:29:16.899, 4943, 143771, 97
2026/09/23 14:29:17.149, 4943, 143771, 97
2026/09/23 14:29:17.399, 4943, 143771, 96
2026/09/23 14:29:17.649, 4943, 143771, 97
2026/09/23 14:29:17.899, 4943, 143771, 97
2026/09/23 14:29:18.149, 4943, 143771, 96
2026/09/23 14:29:18.399, 5643, 143771, 97
2026/09/23 14:29:18.650, 4943, 143771, 97
2026/09/23 14:29:18.900, 4943, 143771, 97
2026/09/23 14:29:19.150, 4943, 143771, 97
2026/09/23 14:29:19.400, 4943, 143771, 97
2026/09/23 14:29:19.650, 4943, 143771, 97
2026/09/23 14:29:19.900, 4943, 143771, 96
2026/09/23 14:29:20.150, 4943, 143771, 81
2026/09/23 14:29:20.400, 4943, 143771, 95
2026/09/23 14:29:20.651, 4943, 143771, 97
2026/09/23 14:29:20.901, 4943, 143771, 96
2026/09/23 14:29:21.151, 4943, 143771, 97
2026/09/23 14:29:21.401, 4943, 143771, 96
2026/09/23 14:29:21.651, 4943, 143771, 98
2026/09/23 14:29:21.901, 4943, 143771, 97
2026/09/23 14:29:22.151, 4943, 143771, 97
2026/09/23 14:29:22.401, 4943, 143771, 98
2026/09/23 14:29:22.652, 4943, 143771, 97
2026/09/23 14:29:22.902, 4943, 143771, 97
2026/09/23 14:29:23.152, 4943, 143771, 96
2026/09/23 14:29:23.402, 4943, 143771, 97
2026/09/23 14:29:23.652, 4943, 143771, 97
2026/09/23 14:29:23.902, 4943, 143771, 97
2026/09/23 14:29:24.152, 4943, 143771, 97
2026/09/23 14:29:24.402, 4943, 143771, 96
2026/09/23 14:29:24.653, 4943, 143771, 97
2026/09/23 14:29:24.903, 4943, 143771, 96
2026/09/23 14:29:25.153, 4943, 143771, 73
2026/09/23 14:29:25.403, 4943, 143771, 98
2026/09/23 14:29:25.653, 4943, 143771, 97
2026/09/23 14:29:25.903, 4943, 143771, 97
2026/09/23 14:29:26.153, 4943, 143771, 97
2026/09/23 14:29:26.403, 4943, 143771, 98
2026/09/23 14:29:26.653, 4943, 143771, 97
2026/09/23 14:29:26.903, 4943, 143771, 98
2026/09/23 14:29:27.154, 4943, 143771, 97
2026/09/23 14:29:27.404, 4943, 143771, 97
2026/09/23 14:29:27.654, 4943, 143771, 98
2026/09/23 14:29:27.904, 4943, 143771, 97
2026/09/23 14:29:28.154, 4943, 143771, 98
2026/09/23 14:29:28.404, 4943, 143771, 96
2026/09/23 14:29:28.654, 4943, 143771, 98
2026/09/23 14:29:28.904, 4943, 143771, 97
2026/09/23 14:29:29.154, 4943, 143771, 98
2026/09/23 14:29:29.404, 4943, 143771, 98
2026/09/23 14:29:29.654, 4943, 143771, 97
2026/09/23 14:29:29.905, 4943, 143771, 98
2026/09/23 14:29:30.155, 4943, 143771, 96
2026/09/23 14:29:30.405, 4943, 143771, 76
2026/09/23 14:29:30.655, 4943, 143771, 98
2026/09/23 14:29:30.905, 4943, 143771, 95
2026/09/23 14:29:31.155, 4943, 143771, 98
2026/09/23 14:29:31.405, 4943, 143771, 97
2026/09/23 14:29:31.655, 4943, 143771, 97
2026/09/23 14:29:31.905, 4943, 143771, 96
2026/09/23 14:29:32.156, 4943, 143771, 97
2026/09/23 14:29:32.406, 4943, 143771, 97
2026/09/23 14:29:32.656, 4943, 143771, 96
2026/09/23 14:29:32.906, 4943, 143771, 97
2026/09/23 14:29:33.156, 4943, 143771, 95
2026/09/23 14:29:33.406, 4943, 143771, 98
2026/09/23 14:29:33.656, 4943, 143771, 97
2026/09/23 14:29:33.906, 4943, 143771, 96
2026/09/23 14:29:34.156, 4943, 143771, 97
2026/09/23 14:29:34.407, 4943, 143771, 98
2026/09/23 14:29:34.657, 4943, 143771, 98
2026/09/23 14:29:34.907, 4943, 143771, 97
2026/09/23 14:29:35.157, 4943, 143771, 98
2026/09/23 14:29:35.407, 4943, 143771, 97
2026/09/23 14:29:35.657, 4943, 143771, 83
2026/09/23 14:29:35.907, 4943, 143771, 90
2026/09/23 14:29:36.157, 4943, 143771, 98
2026/09/23 14:29:36.407, 4943, 143771, 97
2026/09/23 14:29:36.657, 4943, 143771, 98
2026/09/23 14:29:36.907, 4943, 143771, 98
2026/09/23 14:29:37.158, 4943, 143771, 97
2026/09/23 14:29:37.408, 4943, 143771, 96
2026/09/23 14:29:37.658, 4943, 143771, 98
2026/09/23 14:29:37.908, 4943, 143771, 97
2026/09/23 14:29:38.158, 4943, 143771, 97
2026/09/23 14:29:38.408, 4943, 143771, 98
2026/09/23 14:29:38.658, 4943, 143771, 98
2026/09/23 14:29:38.908, 4943, 143771, 96
2026/09/23 14:29:39.158, 4943, 143771, 97
2026/09/23 14:29:39.409, 4943, 143771, 96
2026/09/23 14:29:39.659, 4943, 143771, 97
2026/09/23 14:29:39.909, 4943, 143771, 97
2026/09/23 14:29:40.159, 4943, 143771, 97
2026/09/23 14:29:40.409, 4943, 143771, 97
2026/09/23 14:29:40.659, 4943, 143771, 96
2026/09/23 14:29:40.909, 4943, 143771, 89
2026/09/23 14:29:41.159, 4943, 143771, 82
2026/09/23 14:29:41.410, 4943, 143771, 98
2026/09/23 14:29:41.660, 4943, 143771, 96
2026/09/23 14:29:41.910, 4943, 143771, 97
2026/09/23 14:29:42.160, 4943, 143771, 98
2026/09/23 14:29:42.410, 4943, 143771, 95
2026/09/23 14:29:42.660, 4943, 143771, 97
2026/09/23 14:29:42.910, 4943, 143771, 97
2026/09/23 14:29:43.161, 4943, 143771, 97
2026/09/23 14:29:43.411, 4943, 143771, 97
2026/09/23 14:29:43.661, 4943, 143771, 96
2026/09/23 14:29:43.911, 4943, 143771, 97
2026/09/23 14:29:44.162, 4943, 143771, 97
2026/09/23 14:29:44.412, 4943, 143771, 97
2026/09/23 14:29:44.662, 4943, 143771, 97
2026/09/23 14:29:44.912, 4943, 143771, 97
2026/09/23 14:29:45.162, 5643, 143771, 98
2026/09/23 14:29:45.412, 4943, 143771, 97
2026/09/23 14:29:45.662, 4943, 143771, 98
2026/09/23 14:29:45.912, 4943, 143771, 98
2026/09/23 14:29:46.162, 4943, 143771, 97
2026/09/23 14:29:46.413, 4943, 143771, 75
2026/09/23 14:29:46.663, 4943, 143771, 97
2026/09/23 14:29:46.913, 5643, 143771, 97
2026/09/23 14:29:47.163, 4943, 143771, 97
2026/09/23 14:29:47.413, 4943, 143771, 97
2026/09/23 14:29:47.663, 4943, 143771, 97
2026/09/23 14:29:47.913, 4943, 143771, 97
2026/09/23 14:29:48.163, 4943, 143771, 97
2026/09/23 14:29:48.414, 4943, 143771, 96
2026/09/23 14:29:48.664, 4943, 143771, 96
2026/09/23 14:29:48.914, 4943, 143771, 97
2026/09/23 14:29:49.164, 4943, 143771, 96
2026/09/23 14:29:49.414, 4943, 143771, 98
2026/09/23 14:29:49.664, 4943, 143771, 98
2026/09/23 14:29:49.915, 4943, 143771, 97
2026/09/23 14:29:50.165, 4943, 143771, 97
2026/09/23 14:29:50.415, 4943, 143771, 96
2026/09/23 14:29:50.665, 4943, 143771, 97
2026/09/23 14:29:50.915, 4943, 143771, 97
2026/09/23 14:29:51.165, 4943, 143771, 96
2026/09/23 14:29:51.415, 4943, 143771, 76
2026/09/23 14:29:51.666, 4943, 143771, 97
2026/09/23 14:29:51.916, 4943, 143771, 97
2026/09/23 14:29:52.166, 4943, 143771, 97
2026/09/23 14:29:52.416, 4943, 143771, 97
2026/09/23 14:29:52.666, 4943, 143771, 97
2026/09/23 14:29:52.916, 4943, 143771, 96
2026/09/23 14:29:53.167, 4943, 143771, 95
2026/09/23 14:29:53.417, 4943, 143771, 97
2026/09/23 14:29:53.667, 4943, 143771, 97
2026/09/23 14:29:53.917, 4943, 143771, 97
2026/09/23 14:29:54.167, 4943, 143771, 96
2026/09/23 14:29:54.417, 4943, 143771, 97
2026/09/23 14:29:54.667, 4943, 143771, 95
2026/09/23 14:29:54.917, 4943, 143771, 97
2026/09/23 14:29:55.168, 4943, 143771, 97
2026/09/23 14:29:55.418, 4943, 143771, 96
2026/09/23 14:29:55.668, 4943, 143771, 97
2026/09/23 14:29:55.918, 4943, 143771, 97
2026/09/23 14:29:56.168, 4943, 143771, 97
2026/09/23 14:29:56.418, 4943, 143771, 96
2026/09/23 14:29:56.668, 4943, 143771, 78
2026/09/23 14:29:56.918, 4943, 143771, 96
2026/09/23 14:29:57.169, 4943, 143771, 97
2026/09/23 14:29:57.419, 4943, 143771, 97
2026/09/23 14:29:57.669, 4943, 143771, 97
2026/09/23 14:29:57.920, 5643, 143771, 97
2026/09/23 14:29:58.170, 4943, 143771, 96
2026/09/23 14:29:58.420, 4943, 143771, 97
2026/09/23 14:29:58.670, 4943, 143771, 97
2026/09/23 14:29:58.920, 4943, 143771, 97
2026/09/23 14:29:59.170, 4943, 143771, 96
2026/09/23 14:29:59.420, 4943, 143771, 97
2026/09/23 14:29:59.670, 4943, 143771, 98
2026/09/23 14:29:59.920, 5643, 143771, 97
2026/09/23 14:30:00.171, 4943, 143771, 97
2026/09/23 14:30:00.421, 4943, 143771, 98
2026/09/23 14:30:00.671, 4943, 143771, 97
2026/09/23 14:30:00.921, 4943, 143771, 97
2026/09/23 14:30:01.171, 4943, 143771, 97
2026/09/23 14:30:01.421, 4943, 143771, 98
2026/09/23 14:30:01.671, 4943, 143771, 96
2026/09/23 14:30:01.921, 4943, 143771, 85
2026/09/23 14:30:02.172, 4943, 143771, 87
2026/09/23 14:30:02.422, 4943, 143771, 95
2026/09/23 14:30:02.672, 4943, 143771, 97
2026/09/23 14:30:02.922, 4943, 143771, 96
2026/09/23 14:30:03.172, 4943, 143771, 97
2026/09/23 14:30:03.422, 4943, 143771, 97
2026/09/23 14:30:03.672, 4943, 143771, 97
2026/09/23 14:30:03.922, 4943, 143771, 97
2026/09/23 14:30:04.172, 4943, 143771, 98
2026/09/23 14:30:04.423, 4943, 143771, 98
2026/09/23 14:30:04.673, 4943, 143771, 97
2026/09/23 14:30:04.924, 4943, 143771, 97
2026/09/23 14:30:05.174, 4943, 143771, 98
2026/09/23 14:30:05.424, 4943, 143771, 96
2026/09/23 14:30:05.674, 4943, 143771, 98
2026/09/23 14:30:05.924, 4943, 143771, 97
2026/09/23 14:30:06.174, 4943, 143771, 98
2026/09/23 14:30:06.424, 4943, 143771, 98
2026/09/23 14:30:06.674, 4943, 143771, 98
2026/09/23 14:30:06.924, 4943, 143771, 98
2026/09/23 14:30:07.174, 4943, 143771, 91
2026/09/23 14:30:07.425, 4943, 143771, 83
2026/09/23 14:30:07.675, 4943, 143771, 97
2026/09/23 14:30:07.925, 4943, 143771, 98
2026/09/23 14:30:08.175, 4943, 143771, 97
2026/09/23 14:30:08.425, 4943, 143771, 98
2026/09/23 14:30:08.675, 4943, 143771, 97
2026/09/23 14:30:08.925, 4943, 143771, 96
2026/09/23 14:30:09.175, 4943, 143771, 97
2026/09/23 14:30:09.425, 4943, 143771, 96
2026/09/23 14:30:09.676, 4943, 143771, 96
2026/09/23 14:30:09.926, 4943, 143771, 97
2026/09/23 14:30:10.176, 4943, 143771, 96
2026/09/23 14:30:10.426, 4943, 143771, 97
2026/09/23 14:30:10.676, 4943, 143771, 97
2026/09/23 14:30:10.926, 4943, 143771, 96
2026/09/23 14:30:11.176, 4943, 143771, 96
2026/09/23 14:30:11.426, 4943, 143771, 98
2026/09/23 14:30:11.676, 4943, 143771, 94
2026/09/23 14:30:11.927, 5643, 143771, 97
2026/09/23 14:30:12.177, 4943, 143771, 98
2026/09/23 14:30:12.427, 4943, 143771, 97
2026/09/23 14:30:12.677, 4943, 143771, 73
2026/09/23 14:30:12.927, 4943, 143771, 97
2026/09/23 14:30:13.177, 4943, 143771, 98
2026/09/23 14:30:13.427, 4943, 143771, 97
2026/09/23 14:30:13.677, 5643, 143771, 97
2026/09/23 14:30:13.927, 4943, 143771, 97
2026/09/23 14:30:14.178, 4943, 143771, 97
2026/09/23 14:30:14.428, 4943, 143771, 98
2026/09/23 14:30:14.678, 4943, 143771, 96
2026/09/23 14:30:14.928, 4943, 143771, 97
2026/09/23 14:30:15.178, 4943, 143771, 98
2026/09/23 14:30:15.428, 4943, 143771, 97
2026/09/23 14:30:15.678, 4943, 143771, 97
2026/09/23 14:30:15.928, 4943, 143771, 97
2026/09/23 14:30:16.178, 4943, 143771, 98
2026/09/23 14:30:16.429, 4943, 143771, 97
2026/09/23 14:30:16.679, 4943, 143771, 96
2026/09/23 14:30:16.929, 4943, 143771, 96
2026/09/23 14:30:17.179, 4943, 143771, 97
2026/09/23 14:30:17.429, 4943, 143771, 95
2026/09/23 14:30:17.679, 4943, 143771, 74
2026/09/23 14:30:17.929, 4943, 143771, 97
2026/09/23 14:30:18.180, 4943, 143771, 95
2026/09/23 14:30:18.430, 4943, 143771, 97
2026/09/23 14:30:18.680, 4943, 143771, 96
2026/09/23 14:30:18.930, 4943, 143771, 95
2026/09/23 14:30:19.180, 4943, 143771, 97
2026/09/23 14:30:19.430, 4943, 143771, 97
2026/09/23 14:30:19.680, 4943, 143771, 97
2026/09/23 14:30:19.930, 4943, 143771, 97
2026/09/23 14:30:20.180, 4943, 143771, 98
2026/09/23 14:30:20.431, 4943, 143771, 96
2026/09/23 14:30:20.681, 4943, 143771, 97
2026/09/23 14:30:20.931, 4943, 143771, 97
2026/09/23 14:30:21.181, 4943, 143771, 97
2026/09/23 14:30:21.431, 4943, 143771, 97
2026/09/23 14:30:21.681, 4943, 143771, 97
2026/09/23 14:30:21.931, 4943, 143771, 97
2026/09/23 14:30:22.181, 4943, 143771, 98
2026/09/23 14:30:22.432, 4943, 143771, 97
2026/09/23 14:30:22.682, 4943, 143771, 97
2026/09/23 14:30:22.932, 4943, 143771, 76
2026/09/23 14:30:23.182, 4943, 143771, 98
2026/09/23 14:30:23.432, 4943, 143771, 97
2026/09/23 14:30:23.682, 4943, 143771, 98
2026/09/23 14:30:23.932, 4943, 143771, 96
2026/09/23 14:30:24.182, 4943, 143771, 97
2026/09/23 14:30:24.432, 4943, 143771, 98
2026/09/23 14:30:24.682, 4943, 143771, 98
2026/09/23 14:30:24.932, 4943, 143771, 97
2026/09/23 14:30:25.183, 4943, 143771, 97
2026/09/23 14:30:25.433, 4943, 143771, 98
2026/09/23 14:30:25.683, 4943, 143771, 98
2026/09/23 14:30:25.933, 4943, 143771, 98
2026/09/23 14:30:26.183, 4943, 143771, 98
2026/09/23 14:30:26.433, 4943, 143771, 97
2026/09/23 14:30:26.683, 4943, 143771, 98
2026/09/23 14:30:26.933, 4943, 143771, 97
2026/09/23 14:30:27.183, 4943, 143771, 97
2026/09/23 14:30:27.433, 4943, 143771, 97
2026/09/23 14:30:27.683, 4943, 143771, 98
2026/09/23 14:30:27.934, 4943, 143771, 96
2026/09/23 14:30:28.184, 4943, 143771, 78
2026/09/23 14:30:28.434, 4943, 143771, 97
2026/09/23 14:30:28.684, 4943, 143771, 96
2026/09/23 14:30:28.934, 4943, 143771, 97
2026/09/23 14:30:29.184, 4943, 143771, 96
2026/09/23 14:30:29.434, 4943, 143771, 97
2026/09/23 14:30:29.684, 4943, 143771, 97
2026/09/23 14:30:29.935, 4943, 143771, 97
2026/09/23 14:30:30.185, 4943, 143771, 96
2026/09/23 14:30:30.435, 4943, 143771, 97
2026/09/23 14:30:30.685, 4943, 143771, 97
2026/09/23 14:30:30.935, 4943, 143771, 97
2026/09/23 14:30:31.185, 4943, 143771, 98
2026/09/23 14:30:31.435, 4943, 143771, 97
2026/09/23 14:30:31.685, 4943, 143771, 97
2026/09/23 14:30:31.935, 4943, 143771, 97
2026/09/23 14:30:32.186, 4943, 143771, 97
2026/09/23 14:30:32.436, 4943, 143771, 97
2026/09/23 14:30:32.686, 4943, 143771, 97
2026/09/23 14:30:32.936, 4943, 143771, 97
2026/09/23 14:30:33.186, 4943, 143771, 96
2026/09/23 14:30:33.436, 4943, 143771, 83
2026/09/23 14:30:33.686, 4943, 143771, 97
2026/09/23 14:30:33.936, 4943, 143771, 98
2026/09/23 14:30:34.186, 4943, 143771, 98
2026/09/23 14:30:34.437, 4943, 143771, 97
2026/09/23 14:30:34.687, 4943, 143771, 97
2026/09/23 14:30:34.937, 4943, 143771, 97
2026/09/23 14:30:35.187, 4943, 143771, 97
2026/09/23 14:30:35.437, 4943, 143771, 97
2026/09/23 14:30:35.687, 4943, 143771, 97
2026/09/23 14:30:35.937, 4943, 143771, 98
2026/09/23 14:30:36.187, 4943, 143771, 97
2026/09/23 14:30:36.437, 4943, 143771, 98
2026/09/23 14:30:36.687, 4943, 143771, 98
2026/09/23 14:30:36.937, 4943, 143771, 97
2026/09/23 14:30:37.188, 4943, 143771, 97
2026/09/23 14:30:37.438, 4943, 143771, 97
2026/09/23 14:30:37.688, 4943, 143771, 98
2026/09/23 14:30:37.938, 4943, 143771, 97
2026/09/23 14:30:38.188, 4943, 143771, 98
2026/09/23 14:30:38.438, 4943, 143771, 97
2026/09/23 14:30:38.688, 4943, 143771, 84
2026/09/23 14:30:38.938, 4943, 143771, 97
2026/09/23 14:30:39.188, 4943, 143771, 97
2026/09/23 14:30:39.439, 4943, 143771, 97
2026/09/23 14:30:39.689, 4943, 143771, 97
2026/09/23 14:30:39.939, 4943, 143771, 98
2026/09/23 14:30:40.189, 4943, 143771, 97
2026/09/23 14:30:40.439, 4943, 143771, 97
2026/09/23 14:30:40.689, 4943, 143771, 97
2026/09/23 14:30:40.939, 4943, 143771, 98
2026/09/23 14:30:41.189, 4943, 143771, 97
2026/09/23 14:30:41.439, 4943, 143771, 98
2026/09/23 14:30:41.689, 4943, 143771, 97
2026/09/23 14:30:41.939, 4943, 143771, 97
2026/09/23 14:30:42.190, 4943, 143771, 97
2026/09/23 14:30:42.440, 4943, 143771, 97
2026/09/23 14:30:42.690, 4943, 143771, 98
2026/09/23 14:30:42.940, 4943, 143771, 98
2026/09/23 14:30:43.190, 4943, 143771, 98
2026/09/23 14:30:43.440, 4943, 143771, 97
2026/09/23 14:30:43.690, 4943, 143771, 96
2026/09/23 14:30:43.940, 4943, 143771, 82
2026/09/23 14:30:44.190, 4943, 143771, 96
2026/09/23 14:30:44.441, 4943, 143771, 97
2026/09/23 14:30:44.691, 4943, 143771, 98
2026/09/23 14:30:44.941, 4943, 143771, 98
2026/09/23 14:30:45.191, 4943, 143771, 96
2026/09/23 14:30:45.441, 4943, 143771, 97
2026/09/23 14:30:45.691, 4943, 143771, 97
2026/09/23 14:30:45.941, 4943, 143771, 98
2026/09/23 14:30:46.191, 4943, 143771, 97
2026/09/23 14:30:46.441, 4943, 143771, 97
2026/09/23 14:30:46.691, 4943, 143771, 97
2026/09/23 14:30:46.942, 4943, 143771, 96
2026/09/23 14:30:47.192, 4943, 143771, 98
2026/09/23 14:30:47.442, 4943, 143771, 97
2026/09/23 14:30:47.692, 4943, 143771, 98
2026/09/23 14:30:47.942, 5643, 143771, 98
2026/09/23 14:30:48.192, 4943, 143771, 97
2026/09/23 14:30:48.442, 4943, 143771, 97
2026/09/23 14:30:48.693, 4943, 143771, 98
2026/09/23 14:30:48.943, 4943, 143771, 94
2026/09/23 14:30:49.193, 4943, 143771, 96
2026/09/23 14:30:49.443, 4943, 143771, 98
2026/09/23 14:30:49.693, 4943, 143771, 97
2026/09/23 14:30:49.943, 4943, 143771, 98
2026/09/23 14:30:50.193, 5643, 143771, 98
2026/09/23 14:30:50.444, 4943, 143771, 97
2026/09/23 14:30:50.694, 4943, 143771, 96
2026/09/23 14:30:50.944, 4943, 143771, 97
2026/09/23 14:30:51.194, 4943, 143771, 97
2026/09/23 14:30:51.444, 4943, 143771, 97
2026/09/23 14:30:51.694, 4943, 143771, 97
2026/09/23 14:30:51.944, 4943, 143771, 97
2026/09/23 14:30:52.194, 4943, 143771, 96
2026/09/23 14:30:52.445, 4943, 143771, 97
2026/09/23 14:30:52.695, 4943, 143771, 94
2026/09/23 14:30:52.945, 4943, 143771, 97
2026/09/23 14:30:53.195, 4943, 143771, 97
2026/09/23 14:30:53.445, 4943, 143771, 96
2026/09/23 14:30:53.695, 4943, 143771, 98
2026/09/23 14:30:53.945, 4943, 143771, 97
2026/09/23 14:30:54.195, 4943, 143771, 72
2026/09/23 14:30:54.446, 4943, 143771, 97
2026/09/23 14:30:54.696, 4943, 143771, 98
2026/09/23 14:30:54.946, 4943, 143771, 97
2026/09/23 14:30:55.196, 4943, 143771, 97
2026/09/23 14:30:55.446, 4943, 143771, 97
2026/09/23 14:30:55.696, 4943, 143771, 96
2026/09/23 14:30:55.946, 4943, 143771, 97
2026/09/23 14:30:56.197, 4943, 143771, 96
2026/09/23 14:30:56.447, 4943, 143771, 96
2026/09/23 14:30:56.697, 4943, 143771, 97
2026/09/23 14:30:56.947, 4943, 143771, 96
2026/09/23 14:30:57.197, 4943, 143771, 97
2026/09/23 14:30:57.447, 4943, 143771, 98
2026/09/23 14:30:57.697, 4943, 143771, 96
2026/09/23 14:30:57.947, 4943, 143771, 96
2026/09/23 14:30:58.197, 4943, 143771, 98
2026/09/23 14:30:58.448, 4943, 143771, 98
2026/09/23 14:30:58.698, 4943, 143771, 97
2026/09/23 14:30:58.948, 4943, 143771, 98
2026/09/23 14:30:59.198, 4943, 143771, 97
2026/09/23 14:30:59.448, 4943, 143771, 72
2026/09/23 14:30:59.698, 4943, 143771, 97
2026/09/23 14:30:59.949, 4943, 143771, 97
2026/09/23 14:31:00.199, 4943, 143771, 97
2026/09/23 14:31:00.449, 4943, 143771, 96
2026/09/23 14:31:00.699, 4943, 143771, 97
2026/09/23 14:31:00.950, 4943, 143771, 97
2026/09/23 14:31:01.200, 4943, 143771, 97
2026/09/23 14:31:01.450, 4943, 143771, 96
2026/09/23 14:31:01.700, 4943, 143771, 97
2026/09/23 14:31:01.950, 4943, 143771, 98
2026/09/23 14:31:02.200, 4943, 143771, 97
2026/09/23 14:31:02.450, 4943, 143771, 96
2026/09/23 14:31:02.700, 4943, 143771, 98
2026/09/23 14:31:02.951, 4943, 143771, 96
2026/09/23 14:31:03.201, 4943, 143771, 97
2026/09/23 14:31:03.451, 4943, 143771, 97
2026/09/23 14:31:03.701, 4943, 143771, 97
2026/09/23 14:31:03.951, 4943, 143771, 97
2026/09/23 14:31:04.201, 4943, 143771, 96
2026/09/23 14:31:04.451, 4943, 143771, 96
2026/09/23 14:31:04.701, 4943, 143771, 71
2026/09/23 14:31:04.952, 4943, 143771, 96
2026/09/23 14:31:05.202, 4943, 143771, 97
2026/09/23 14:31:05.452, 4943, 143771, 97
2026/09/23 14:31:05.702, 4943, 143771, 97
2026/09/23 14:31:05.952, 4943, 143771, 97
2026/09/23 14:31:06.202, 4943, 143771, 98
2026/09/23 14:31:06.452, 4943, 143771, 98
2026/09/23 14:31:06.702, 4943, 143771, 96
2026/09/23 14:31:06.953, 4943, 143771, 97
2026/09/23 14:31:07.203, 4943, 143771, 97
2026/09/23 14:31:07.453, 4943, 143771, 96
2026/09/23 14:31:07.703, 4943, 143771, 97
2026/09/23 14:31:07.953, 5643, 143771, 98
2026/09/23 14:31:08.203, 4943, 143771, 97
2026/09/23 14:31:08.453, 4943, 143771, 98
2026/09/23 14:31:08.703, 4943, 143771, 98
2026/09/23 14:31:08.953, 4943, 143771, 97
2026/09/23 14:31:09.203, 4943, 143771, 97
2026/09/23 14:31:09.453, 4943, 143771, 97
2026/09/23 14:31:09.704, 4943, 143771, 98
2026/09/23 14:31:09.954, 4943, 143771, 77
2026/09/23 14:31:10.204, 4943, 143771, 93
2026/09/23 14:31:10.454, 4943, 143771, 97
2026/09/23 14:31:10.704, 4943, 143771, 98
2026/09/23 14:31:10.954, 4943, 143771, 97
2026/09/23 14:31:11.204, 4943, 143771, 97
2026/09/23 14:31:11.454, 4943, 143771, 98
2026/09/23 14:31:11.704, 4943, 143771, 97
2026/09/23 14:31:11.954, 4943, 143771, 97
2026/09/23 14:31:12.205, 4943, 143771, 96
2026/09/23 14:31:12.455, 4943, 143771, 96
2026/09/23 14:31:12.705, 4943, 143771, 97
2026/09/23 14:31:12.955, 4943, 143771, 98
2026/09/23 14:31:13.205, 4943, 143771, 97
2026/09/23 14:31:13.455, 4943, 143771, 97
2026/09/23 14:31:13.705, 4943, 143771, 97
2026/09/23 14:31:13.955, 4943, 143771, 96
2026/09/23 14:31:14.205, 4943, 143771, 97
2026/09/23 14:31:14.456, 4943, 143771, 96
2026/09/23 14:31:14.706, 4943, 143771, 97
2026/09/23 14:31:14.956, 4943, 143771, 82
2026/09/23 14:31:15.206, 4943, 143771, 88
2026/09/23 14:31:15.456, 4943, 143771, 96
2026/09/23 14:31:15.706, 4943, 143771, 97
2026/09/23 14:31:15.957, 4943, 143771, 97
2026/09/23 14:31:16.207, 4943, 143771, 97
2026/09/23 14:31:16.457, 4943, 143771, 97
2026/09/23 14:31:16.707, 4943, 143771, 97
2026/09/23 14:31:16.957, 4943, 143771, 98
2026/09/23 14:31:17.207, 4943, 143771, 97
2026/09/23 14:31:17.457, 4943, 143771, 97
2026/09/23 14:31:17.707, 4943, 143771, 97
2026/09/23 14:31:17.957, 4943, 143771, 96
2026/09/23 14:31:18.208, 4943, 143771, 97
2026/09/23 14:31:18.458, 4943, 143771, 96
2026/09/23 14:31:18.708, 4943, 143771, 97
2026/09/23 14:31:18.966, 4943, 143771, 97
2026/09/23 14:31:19.216, 5643, 143771, 96
2026/09/23 14:31:19.466, 4943, 143771, 96
2026/09/23 14:31:19.716, 4943, 143771, 97
2026/09/23 14:31:19.966, 4943, 143771, 97
2026/09/23 14:31:20.216, 4943, 143771, 90
2026/09/23 14:31:20.466, 4943, 143771, 84
2026/09/23 14:31:20.716, 4943, 143771, 97
2026/09/23 14:31:20.967, 4943, 143771, 97
2026/09/23 14:31:21.217, 4943, 143771, 98
2026/09/23 14:31:21.467, 4943, 143771, 97
2026/09/23 14:31:21.717, 4943, 143771, 96
2026/09/23 14:31:21.967, 4943, 143771, 98
2026/09/23 14:31:22.217, 4943, 143771, 98
2026/09/23 14:31:22.469, 4943, 143771, 96
2026/09/23 14:31:22.720, 4943, 143771, 97
2026/09/23 14:31:22.970, 4943, 143771, 96
2026/09/23 14:31:23.220, 4943, 143771, 97
2026/09/23 14:31:23.470, 4943, 143771, 97
2026/09/23 14:31:23.721, 4943, 143771, 97
2026/09/23 14:31:23.971, 4943, 143771, 98
2026/09/23 14:31:24.221, 4943, 143771, 97
2026/09/23 14:31:24.471, 4943, 143771, 97
2026/09/23 14:31:24.721, 4943, 143771, 97
2026/09/23 14:31:24.971, 4943, 143771, 97
2026/09/23 14:31:25.221, 4943, 143771, 96
2026/09/23 14:31:25.471, 4943, 143771, 91
2026/09/23 14:31:25.722, 4943, 143771, 81
2026/09/23 14:31:25.972, 4943, 143771, 96
2026/09/23 14:31:26.222, 4943, 143771, 97
2026/09/23 14:31:26.472, 4943, 143771, 98
2026/09/23 14:31:26.722, 4943, 143771, 96
2026/09/23 14:31:26.972, 4943, 143771, 97
2026/09/23 14:31:27.222, 4943, 143771, 96
2026/09/23 14:31:27.473, 4943, 143771, 97
2026/09/23 14:31:27.723, 4943, 143771, 96
2026/09/23 14:31:27.973, 4943, 143771, 96
2026/09/23 14:31:28.223, 4943, 143771, 97
2026/09/23 14:31:28.473, 4943, 143771, 97
2026/09/23 14:31:28.723, 4943, 143771, 97
2026/09/23 14:31:28.973, 4943, 143771, 96
2026/09/23 14:31:29.223, 4943, 143771, 98
2026/09/23 14:31:29.473, 4943, 143771, 95
2026/09/23 14:31:29.724, 4943, 143771, 97
2026/09/23 14:31:29.974, 4943, 143771, 97
2026/09/23 14:31:30.224, 4943, 143771, 97
2026/09/23 14:31:30.474, 4943, 143771, 98
2026/09/23 14:31:30.724, 4943, 143771, 96
2026/09/23 14:31:30.974, 4943, 143771, 77
2026/09/23 14:31:31.224, 4943, 143771, 97
2026/09/23 14:31:31.474, 4943, 143771, 97
2026/09/23 14:31:31.724, 4943, 143771, 98
2026/09/23 14:31:31.974, 4943, 143771, 97
2026/09/23 14:31:32.224, 4943, 143771, 97
2026/09/23 14:31:32.475, 4943, 143771, 97
2026/09/23 14:31:32.726, 4943, 143771, 96
2026/09/23 14:31:32.976, 4943, 143771, 97
2026/09/23 14:31:33.226, 4943, 143771, 98
2026/09/23 14:31:33.476, 4943, 143771, 98
2026/09/23 14:31:33.726, 4943, 143771, 97
2026/09/23 14:31:33.976, 4943, 143771, 97
2026/09/23 14:31:34.226, 4943, 143771, 97
2026/09/23 14:31:34.476, 4943, 143771, 97
2026/09/23 14:31:34.726, 4943, 143771, 97
2026/09/23 14:31:34.977, 4943, 143771, 97
2026/09/23 14:31:35.227, 4943, 143771, 97
2026/09/23 14:31:35.477, 4943, 143771, 97
2026/09/23 14:31:35.727, 4943, 143771, 98
2026/09/23 14:31:35.977, 4943, 143771, 97
2026/09/23 14:31:36.227, 4943, 143771, 77
2026/09/23 14:31:36.477, 4943, 143771, 97
2026/09/23 14:31:36.727, 4943, 143771, 96
2026/09/23 14:31:36.977, 4943, 143771, 98
2026/09/23 14:31:37.228, 4943, 143771, 97
2026/09/23 14:31:37.478, 4943, 143771, 97
2026/09/23 14:31:37.728, 4943, 143771, 97
2026/09/23 14:31:37.978, 4943, 143771, 96
2026/09/23 14:31:38.228, 4943, 143771, 96
2026/09/23 14:31:38.478, 4943, 143771, 98
2026/09/23 14:31:38.728, 4943, 143771, 97
2026/09/23 14:31:38.978, 4943, 143771, 97
2026/09/23 14:31:39.229, 4943, 143771, 97
2026/09/23 14:31:39.479, 4943, 143771, 96
2026/09/23 14:31:39.729, 4943, 143771, 98
2026/09/23 14:31:39.979, 4943, 143771, 97
2026/09/23 14:31:40.229, 4943, 143771, 97
2026/09/23 14:31:40.479, 4943, 143771, 97
2026/09/23 14:31:40.729, 4943, 143771, 97
2026/09/23 14:31:40.979, 4943, 143771, 95
2026/09/23 14:31:41.229, 4943, 143771, 73
2026/09/23 14:31:41.480, 4943, 143771, 95
2026/09/23 14:31:41.730, 4943, 143771, 97
2026/09/23 14:31:41.980, 4943, 143771, 97
2026/09/23 14:31:42.230, 4943, 143771, 96
2026/09/23 14:31:42.480, 4943, 143771, 97
2026/09/23 14:31:42.730, 4943, 143771, 96
2026/09/23 14:31:42.980, 4943, 143771, 96
2026/09/23 14:31:43.230, 4943, 143771, 97
2026/09/23 14:31:43.481, 4943, 143771, 97
2026/09/23 14:31:43.731, 4943, 143771, 97
2026/09/23 14:31:43.981, 4943, 143771, 97
2026/09/23 14:31:44.231, 4943, 143771, 98
2026/09/23 14:31:44.481, 4943, 143771, 97
2026/09/23 14:31:44.731, 4943, 143771, 98
2026/09/23 14:31:44.981, 4943, 143771, 98
2026/09/23 14:31:45.231, 4943, 143771, 97
2026/09/23 14:31:45.481, 4943, 143771, 97
2026/09/23 14:31:45.732, 4943, 143771, 96
2026/09/23 14:31:45.982, 4943, 143771, 96
2026/09/23 14:31:46.232, 4943, 143771, 97
2026/09/23 14:31:46.482, 4943, 143771, 76
2026/09/23 14:31:46.732, 4943, 143771, 97
2026/09/23 14:31:46.982, 4943, 143771, 97
2026/09/23 14:31:47.232, 4943, 143771, 98
2026/09/23 14:31:47.482, 4943, 143771, 97
2026/09/23 14:31:47.732, 4943, 143771, 98
2026/09/23 14:31:47.984, 4943, 143771, 97
2026/09/23 14:31:48.234, 4943, 143771, 97
2026/09/23 14:31:48.484, 4943, 143771, 97
2026/09/23 14:31:48.734, 4943, 143771, 95
2026/09/23 14:31:48.984, 4943, 143771, 97
2026/09/23 14:31:49.234, 4943, 143771, 95
2026/09/23 14:31:49.485, 4943, 143771, 97
2026/09/23 14:31:49.735, 4943, 143771, 96
2026/09/23 14:31:49.985, 4943, 143771, 97
2026/09/23 14:31:50.235, 4943, 143771, 97
2026/09/23 14:31:50.485, 4943, 143771, 95
2026/09/23 14:31:50.735, 4943, 143771, 97
2026/09/23 14:31:50.985, 4943, 143771, 97
2026/09/23 14:31:51.235, 4943, 143771, 96
2026/09/23 14:31:51.486, 4943, 143771, 97
2026/09/23 14:31:51.736, 4943, 143771, 75
2026/09/23 14:31:51.986, 4943, 143771, 97
2026/09/23 14:31:52.236, 4943, 143771, 96
2026/09/23 14:31:52.486, 4943, 143771, 97
2026/09/23 14:31:52.736, 4943, 143771, 96
2026/09/23 14:31:52.986, 4943, 143771, 97
2026/09/23 14:31:53.236, 4943, 143771, 97
2026/09/23 14:31:53.486, 4943, 143771, 96
2026/09/23 14:31:53.737, 4943, 143771, 97
2026/09/23 14:31:53.987, 4943, 143771, 97
2026/09/23 14:31:54.237, 4943, 143771, 98
2026/09/23 14:31:54.487, 4943, 143771, 96
2026/09/23 14:31:54.737, 4943, 143771, 98
2026/09/23 14:31:54.987, 4943, 143771, 95
2026/09/23 14:31:55.237, 4943, 143771, 97
2026/09/23 14:31:55.487, 4943, 143771, 98
2026/09/23 14:31:55.737, 4943, 143771, 98
2026/09/23 14:31:55.987, 4943, 143771, 98
2026/09/23 14:31:56.237, 4943, 143771, 97
2026/09/23 14:31:56.488, 4943, 143771, 98
2026/09/23 14:31:56.738, 4943, 143771, 96
2026/09/23 14:31:56.988, 4943, 143771, 75
2026/09/23 14:31:57.238, 4943, 143771, 97
2026/09/23 14:31:57.489, 4943, 143771, 97
2026/09/23 14:31:57.739, 4943, 143771, 98
2026/09/23 14:31:57.989, 4943, 143771, 97
2026/09/23 14:31:58.239, 4943, 143771, 98
2026/09/23 14:31:58.489, 4943, 143771, 97
2026/09/23 14:31:58.739, 4943, 143771, 97
2026/09/23 14:31:58.989, 4943, 143771, 97
2026/09/23 14:31:59.239, 4943, 143771, 98
2026/09/23 14:31:59.489, 4943, 143771, 97
2026/09/23 14:31:59.740, 4943, 143771, 96
2026/09/23 14:31:59.990, 4943, 143771, 97
2026/09/23 14:32:00.240, 4943, 143771, 96
2026/09/23 14:32:00.490, 4943, 143771, 97
2026/09/23 14:32:00.740, 4943, 143771, 97
2026/09/23 14:32:00.990, 4943, 143771, 97
2026/09/23 14:32:01.240, 4943, 143771, 97
2026/09/23 14:32:01.490, 4943, 143771, 96
2026/09/23 14:32:01.740, 4943, 143771, 97
2026/09/23 14:32:01.991, 4943, 143771, 96
2026/09/23 14:32:02.241, 4943, 143771, 76
2026/09/23 14:32:02.491, 4943, 143771, 98
2026/09/23 14:32:02.741, 4943, 143771, 97
2026/09/23 14:32:02.991, 4943, 143771, 98
2026/09/23 14:32:03.241, 4943, 143771, 97
2026/09/23 14:32:03.491, 4943, 143771, 97
2026/09/23 14:32:03.741, 4943, 143771, 97
2026/09/23 14:32:03.991, 4943, 143771, 96
2026/09/23 14:32:04.242, 4943, 143771, 96
2026/09/23 14:32:04.492, 4943, 143771, 97
2026/09/23 14:32:04.742, 4943, 143771, 97
2026/09/23 14:32:04.992, 4943, 143771, 96
2026/09/23 14:32:05.242, 4943, 143771, 97
2026/09/23 14:32:05.492, 4943, 143771, 97
2026/09/23 14:32:05.742, 4943, 143771, 97
2026/09/23 14:32:05.992, 4943, 143771, 97
2026/09/23 14:32:06.243, 4943, 143771, 96
2026/09/23 14:32:06.493, 4943, 143771, 97
2026/09/23 14:32:06.743, 4943, 143771, 96
2026/09/23 14:32:06.993, 4943, 143771, 97
2026/09/23 14:32:07.243, 4943, 143771, 97
2026/09/23 14:32:07.493, 4943, 143771, 77
2026/09/23 14:32:07.743, 4943, 143771, 97
2026/09/23 14:32:07.993, 4943, 143771, 98
2026/09/23 14:32:08.243, 4943, 143771, 97
2026/09/23 14:32:08.494, 4943, 143771, 97
2026/09/23 14:32:08.744, 4943, 143771, 97
2026/09/23 14:32:08.994, 4943, 143771, 97
2026/09/23 14:32:09.244, 4943, 143771, 97
2026/09/23 14:32:09.494, 4943, 143771, 96
2026/09/23 14:32:09.744, 4943, 143771, 98
2026/09/23 14:32:09.995, 4943, 143771, 94
2026/09/23 14:32:10.245, 4943, 143771, 98
2026/09/23 14:32:10.495, 5643, 143771, 96
2026/09/23 14:32:10.745, 4943, 143771, 97
2026/09/23 14:32:10.995, 4943, 143771, 96
2026/09/23 14:32:11.245, 4943, 143771, 97
2026/09/23 14:32:11.495, 4943, 143771, 97
2026/09/23 14:32:11.745, 4943, 143771, 98
2026/09/23 14:32:11.996, 4943, 143771, 97
2026/09/23 14:32:12.246, 4943, 143771, 97
2026/09/23 14:32:12.496, 4943, 143771, 78
2026/09/23 14:32:12.746, 4943, 143771, 92
2026/09/23 14:32:12.996, 4943, 143771, 97
2026/09/23 14:32:13.246, 4943, 143771, 97
2026/09/23 14:32:13.496, 4943, 143771, 96
2026/09/23 14:32:13.747, 4943, 143771, 97
2026/09/23 14:32:13.997, 4943, 143771, 97
2026/09/23 14:32:14.247, 4943, 143771, 97
2026/09/23 14:32:14.497, 4943, 143771, 98
2026/09/23 14:32:14.747, 4943, 143771, 96
2026/09/23 14:32:14.997, 4943, 143771, 98
2026/09/23 14:32:15.247, 4943, 143771, 97
2026/09/23 14:32:15.497, 4943, 143771, 97
2026/09/23 14:32:15.747, 4943, 143771, 97
2026/09/23 14:32:15.998, 4943, 143771, 96
2026/09/23 14:32:16.248, 4943, 143771, 97
2026/09/23 14:32:16.498, 4943, 143771, 96
2026/09/23 14:32:16.748, 4943, 143771, 97
2026/09/23 14:32:16.998, 4943, 143771, 97
2026/09/23 14:32:17.248, 4943, 143771, 97
2026/09/23 14:32:17.498, 4943, 143771, 96
2026/09/23 14:32:17.748, 4943, 143771, 82
2026/09/23 14:32:17.998, 4943, 143771, 98
2026/09/23 14:32:18.249, 4943, 143771, 96
2026/09/23 14:32:18.499, 4943, 143771, 98
2026/09/23 14:32:18.749, 4943, 143771, 97
2026/09/23 14:32:18.999, 4943, 143771, 97
2026/09/23 14:32:19.249, 4943, 143771, 98
2026/09/23 14:32:19.499, 4943, 143771, 97
2026/09/23 14:32:19.749, 4943, 143771, 97
2026/09/23 14:32:19.999, 4943, 143771, 97
2026/09/23 14:32:20.249, 4943, 143771, 97
2026/09/23 14:32:20.500, 4943, 143771, 96
2026/09/23 14:32:20.750, 4943, 143771, 97
2026/09/23 14:32:21.000, 4943, 143771, 97
2026/09/23 14:32:21.250, 4943, 143771, 97
2026/09/23 14:32:21.500, 4943, 143771, 97
2026/09/23 14:32:21.750, 4943, 143771, 97
2026/09/23 14:32:22.000, 4943, 143771, 97
2026/09/23 14:32:22.250, 4943, 143771, 98
2026/09/23 14:32:22.500, 4943, 143771, 97
2026/09/23 14:32:22.751, 4943, 143771, 98
2026/09/23 14:32:23.001, 4943, 143771, 82
2026/09/23 14:32:23.251, 4943, 143771, 96
2026/09/23 14:32:23.501, 4943, 143771, 97
2026/09/23 14:32:23.751, 4943, 143771, 98
2026/09/23 14:32:24.001, 4943, 143771, 97
2026/09/23 14:32:24.251, 4943, 143771, 97
2026/09/23 14:32:24.501, 4943, 143771, 98
2026/09/23 14:32:24.751, 4943, 143771, 97
2026/09/23 14:32:25.001, 4943, 143771, 98
2026/09/23 14:32:25.251, 4943, 143771, 97
2026/09/23 14:32:25.502, 4943, 143771, 97
2026/09/23 14:32:25.752, 4943, 143771, 97
2026/09/23 14:32:26.002, 4943, 143771, 98
2026/09/23 14:32:26.253, 4943, 143771, 97
2026/09/23 14:32:26.503, 4943, 143771, 96
2026/09/23 14:32:26.753, 4943, 143771, 98
2026/09/23 14:32:27.003, 4943, 143771, 97
2026/09/23 14:32:27.253, 4943, 143771, 98
2026/09/23 14:32:27.503, 4943, 143771, 98
2026/09/23 14:32:27.753, 4943, 143771, 97
2026/09/23 14:32:28.003, 4943, 143771, 97
2026/09/23 14:32:28.253, 4943, 143771, 80
2026/09/23 14:32:28.503, 4943, 143771, 95
2026/09/23 14:32:28.753, 4943, 143771, 94
2026/09/23 14:32:29.004, 4943, 143771, 96
2026/09/23 14:32:29.254, 4943, 143771, 94
2026/09/23 14:32:29.504, 4943, 143771, 94
2026/09/23 14:32:29.754, 4943, 143771, 94
2026/09/23 14:32:30.004, 4943, 143771, 93
2026/09/23 14:32:30.254, 4943, 143771, 96
2026/09/23 14:32:30.504, 4943, 143771, 95
2026/09/23 14:32:30.754, 4943, 143771, 94
2026/09/23 14:32:31.004, 4943, 143771, 95
2026/09/23 14:32:31.254, 4943, 143771, 95
2026/09/23 14:32:31.504, 4943, 143771, 93
2026/09/23 14:32:31.755, 4943, 143771, 94
2026/09/23 14:32:32.005, 4943, 143771, 95
2026/09/23 14:32:32.256, 4943, 143771, 93
2026/09/23 14:32:32.506, 4943, 143771, 93
2026/09/23 14:32:32.757, 4943, 143771, 94
2026/09/23 14:32:33.007, 4943, 143771, 93
2026/09/23 14:32:33.257, 4943, 143771, 94
2026/09/23 14:32:33.507, 4943, 143771, 93
