timestamp, index, utilization.gpu [%], utilization.memory [%], memory.used [MiB], power.draw [W]
2026/09/23 13:30:34.841, 0, 0 %, 0 %, 107 MiB, 44.44 W
2026/09/23 13:30:34.842, 1, 0 %, 0 %, 107 MiB, 42.47 W
2026/09/23 13:30:34.843, 2, 0 %, 0 %, 107 MiB, 44.04 W
2026/09/23 13:30:34.844, 3, 0 %, 0 %, 107 MiB, 42.98 W
2026/09/23 13:30:35.847, 0, 3 %, 0 %, 421 MiB, 62.30 W
2026/09/23 13:30:35.848, 1, 0 %, 0 %, 421 MiB, 58.86 W
2026/09/23 13:30:35.849, 2, 1 %, 0 %, 421 MiB, 59.54 W
2026/09/23 13:30:35.850, 3, 3 %, 0 %, 421 MiB, 61.33 W
2026/09/23 13:30:36.852, 0, 0 %, 0 %, 429 MiB, 62.34 W
2026/09/23 13:30:36.854, 1, 0 %, 0 %, 429 MiB, 59.35 W
2026/09/23 13:30:36.855, 2, 0 %, 0 %, 429 MiB, 60.03 W
2026/09/23 13:30:36.856, 3, 0 %, 0 %, 429 MiB, 61.37 W
2026/09/23 13:30:37.858, 0, 26 %, 2 %, 611 MiB, 62.78 W
2026/09/23 13:30:37.860, 1, 27 %, 2 %, 611 MiB, 59.35 W
2026/09/23 13:30:37.861, 2, 25 %, 2 %, 611 MiB, 60.03 W
2026/09/23 13:30:37.862, 3, 25 %, 2 %, 713 MiB, 61.81 W
2026/09/23 13:30:38.864, 0, 28 %, 2 %, 955 MiB, 62.78 W
2026/09/23 13:30:38.865, 1, 27 %, 2 %, 955 MiB, 59.83 W
2026/09/23 13:30:38.867, 2, 25 %, 2 %, 955 MiB, 60.51 W
2026/09/23 13:30:38.868, 3, 26 %, 2 %, 717 MiB, 62.30 W
2026/09/23 13:30:39.870, 0, 29 %, 2 %, 1167 MiB, 62.83 W
2026/09/23 13:30:39.871, 1, 29 %, 2 %, 849 MiB, 59.83 W
2026/09/23 13:30:39.872, 2, 26 %, 2 %, 849 MiB, 61.00 W
2026/09/23 13:30:39.873, 3, 28 %, 2 %, 1167 MiB, 61.81 W
2026/09/23 13:30:40.876, 0, 30 %, 1 %, 963 MiB, 63.31 W
2026/09/23 13:30:40.876, 1, 29 %, 1 %, 963 MiB, 59.35 W
2026/09/23 13:30:40.877, 2, 24 %, 2 %, 963 MiB, 60.03 W
2026/09/23 13:30:40.878, 3, 22 %, 2 %, 1385 MiB, 61.85 W
2026/09/23 13:30:41.881, 0, 22 %, 1 %, 1061 MiB, 62.78 W
2026/09/23 13:30:41.882, 1, 26 %, 1 %, 1679 MiB, 61.73 W
2026/09/23 13:30:41.883, 2, 23 %, 2 %, 1061 MiB, 60.51 W
2026/09/23 13:30:41.884, 3, 23 %, 2 %, 1061 MiB, 62.30 W
2026/09/23 13:30:42.887, 0, 16 %, 1 %, 1179 MiB, 62.78 W
2026/09/23 13:30:42.888, 1, 22 %, 1 %, 1179 MiB, 59.79 W
2026/09/23 13:30:42.889, 2, 19 %, 2 %, 1179 MiB, 60.51 W
2026/09/23 13:30:42.890, 3, 18 %, 2 %, 1179 MiB, 61.81 W
2026/09/23 13:30:43.892, 0, 26 %, 1 %, 2069 MiB, 62.34 W
2026/09/23 13:30:43.893, 1, 27 %, 1 %, 1321 MiB, 60.32 W
2026/09/23 13:30:43.894, 2, 21 %, 1 %, 1321 MiB, 61.00 W
2026/09/23 13:30:43.895, 3, 21 %, 1 %, 2069 MiB, 61.81 W
2026/09/23 13:30:44.897, 0, 21 %, 1 %, 1403 MiB, 62.74 W
2026/09/23 13:30:44.899, 1, 37 %, 2 %, 2397 MiB, 82.05 W
2026/09/23 13:30:44.900, 2, 16 %, 1 %, 1403 MiB, 60.47 W
2026/09/23 13:30:44.901, 3, 11 %, 1 %, 1403 MiB, 62.26 W
2026/09/23 13:30:45.903, 0, 35 %, 4 %, 2587 MiB, 62.83 W
2026/09/23 13:30:45.905, 1, 27 %, 4 %, 2587 MiB, 60.80 W
2026/09/23 13:30:45.906, 2, 34 %, 4 %, 2587 MiB, 60.03 W
2026/09/23 13:30:45.907, 3, 37 %, 5 %, 2587 MiB, 62.30 W
2026/09/23 13:30:46.910, 0, 27 %, 3 %, 2797 MiB, 62.78 W
2026/09/23 13:30:46.911, 1, 25 %, 1 %, 2797 MiB, 60.80 W
2026/09/23 13:30:46.912, 2, 21 %, 1 %, 2797 MiB, 60.03 W
2026/09/23 13:30:46.913, 3, 25 %, 4 %, 2797 MiB, 61.85 W
2026/09/23 13:30:47.915, 0, 26 %, 1 %, 3027 MiB, 62.34 W
2026/09/23 13:30:47.917, 1, 25 %, 1 %, 3027 MiB, 60.32 W
2026/09/23 13:30:47.918, 2, 21 %, 1 %, 3027 MiB, 60.03 W
2026/09/23 13:30:47.919, 3, 21 %, 1 %, 3027 MiB, 61.81 W
2026/09/23 13:30:48.921, 0, 32 %, 5 %, 3279 MiB, 62.34 W
2026/09/23 13:30:48.922, 1, 25 %, 1 %, 3279 MiB, 60.32 W
2026/09/23 13:30:48.923, 2, 25 %, 5 %, 3279 MiB, 60.03 W
2026/09/23 13:30:48.924, 3, 31 %, 5 %, 3279 MiB, 61.81 W
2026/09/23 13:30:49.927, 0, 39 %, 2 %, 1955 MiB, 68.61 W
2026/09/23 13:30:49.928, 1, 33 %, 6 %, 3557 MiB, 60.80 W
2026/09/23 13:30:49.930, 2, 38 %, 2 %, 3557 MiB, 60.51 W
2026/09/23 13:30:49.932, 3, 38 %, 2 %, 1955 MiB, 62.30 W
2026/09/23 13:30:50.934, 0, 0 %, 0 %, 2101 MiB, 68.13 W
2026/09/23 13:30:50.935, 1, 40 %, 2 %, 2101 MiB, 60.76 W
2026/09/23 13:30:50.936, 2, 12 %, 1 %, 2101 MiB, 60.51 W
2026/09/23 13:30:50.938, 3, 0 %, 0 %, 2101 MiB, 61.33 W
2026/09/23 13:30:51.940, 0, 26 %, 1 %, 3863 MiB, 68.17 W
2026/09/23 13:30:51.942, 1, 38 %, 4 %, 2261 MiB, 60.32 W
2026/09/23 13:30:51.943, 2, 21 %, 1 %, 2261 MiB, 61.00 W
2026/09/23 13:30:51.944, 3, 21 %, 1 %, 3863 MiB, 61.81 W
2026/09/23 13:30:52.946, 0, 26 %, 1 %, 4199 MiB, 68.08 W
2026/09/23 13:30:52.948, 1, 25 %, 1 %, 4199 MiB, 60.28 W
2026/09/23 13:30:52.949, 2, 21 %, 1 %, 4199 MiB, 60.96 W
2026/09/23 13:30:52.950, 3, 26 %, 6 %, 4199 MiB, 63.76 W
2026/09/23 13:30:53.952, 0, 14 %, 1 %, 2437 MiB, 73.42 W
2026/09/23 13:30:53.956, 1, 40 %, 2 %, 2437 MiB, 60.76 W
2026/09/23 13:30:53.958, 2, 36 %, 2 %, 2437 MiB, 61.45 W
2026/09/23 13:30:53.959, 3, 3 %, 0 %, 2437 MiB, 63.71 W
2026/09/23 13:30:54.962, 0, 26 %, 1 %, 4569 MiB, 72.94 W
2026/09/23 13:30:54.963, 1, 24 %, 1 %, 2631 MiB, 64.64 W
2026/09/23 13:30:54.964, 2, 21 %, 1 %, 4569 MiB, 60.96 W
2026/09/23 13:30:54.965, 3, 21 %, 1 %, 4569 MiB, 63.76 W
2026/09/23 13:30:55.968, 0, 39 %, 2 %, 2631 MiB, 73.42 W
2026/09/23 13:30:55.971, 1, 31 %, 7 %, 4975 MiB, 63.19 W
2026/09/23 13:30:55.973, 2, 38 %, 2 %, 4975 MiB, 61.00 W
2026/09/23 13:30:55.974, 3, 39 %, 2 %, 2631 MiB, 64.24 W
2026/09/23 13:30:56.976, 0, 27 %, 1 %, 2843 MiB, 73.91 W
2026/09/23 13:30:56.982, 1, 23 %, 3 %, 2843 MiB, 63.23 W
2026/09/23 13:30:56.983, 2, 39 %, 3 %, 2843 MiB, 61.00 W
2026/09/23 13:30:56.984, 3, 21 %, 1 %, 4975 MiB, 63.27 W
2026/09/23 13:30:57.986, 0, 39 %, 2 %, 2843 MiB, 73.47 W
2026/09/23 13:30:57.987, 1, 25 %, 1 %, 5423 MiB, 63.67 W
2026/09/23 13:30:57.988, 2, 35 %, 8 %, 5423 MiB, 61.00 W
2026/09/23 13:30:57.990, 3, 39 %, 2 %, 2843 MiB, 66.14 W
2026/09/23 13:30:58.992, 0, 27 %, 1 %, 5423 MiB, 72.99 W
2026/09/23 13:30:58.995, 1, 16 %, 2 %, 3079 MiB, 67.55 W
2026/09/23 13:30:58.996, 2, 33 %, 2 %, 3079 MiB, 60.51 W
2026/09/23 13:30:58.997, 3, 21 %, 1 %, 5423 MiB, 65.70 W
2026/09/23 13:30:59.999, 0, 39 %, 2 %, 3079 MiB, 75.85 W
2026/09/23 13:31:00.001, 1, 31 %, 9 %, 5915 MiB, 68.04 W
2026/09/23 13:31:00.002, 2, 39 %, 2 %, 5915 MiB, 60.96 W
2026/09/23 13:31:00.003, 3, 38 %, 2 %, 3079 MiB, 66.14 W
2026/09/23 13:31:01.005, 0, 26 %, 1 %, 5915 MiB, 75.41 W
2026/09/23 13:31:01.006, 1, 26 %, 1 %, 3335 MiB, 67.55 W
2026/09/23 13:31:01.007, 2, 21 %, 1 %, 5915 MiB, 61.00 W
2026/09/23 13:31:01.008, 3, 21 %, 1 %, 5915 MiB, 65.66 W
2026/09/23 13:31:02.011, 0, 30 %, 2 %, 3335 MiB, 75.80 W
2026/09/23 13:31:02.012, 1, 39 %, 2 %, 3335 MiB, 68.48 W
2026/09/23 13:31:02.013, 2, 39 %, 2 %, 3335 MiB, 68.22 W
2026/09/23 13:31:02.014, 3, 10 %, 1 %, 3335 MiB, 73.86 W
2026/09/23 13:31:03.016, 0, 26 %, 1 %, 6455 MiB, 75.41 W
2026/09/23 13:31:03.018, 1, 24 %, 1 %, 6455 MiB, 67.99 W
2026/09/23 13:31:03.019, 2, 21 %, 1 %, 6455 MiB, 67.78 W
2026/09/23 13:31:03.020, 3, 21 %, 1 %, 6455 MiB, 73.37 W
2026/09/23 13:31:04.022, 0, 2 %, 0 %, 3619 MiB, 74.88 W
2026/09/23 13:31:04.023, 1, 0 %, 0 %, 3619 MiB, 71.39 W
2026/09/23 13:31:04.024, 2, 0 %, 0 %, 3619 MiB, 71.18 W
2026/09/23 13:31:04.027, 3, 50 %, 6 %, 3619 MiB, 73.42 W
2026/09/23 13:31:05.029, 0, 39 %, 2 %, 7051 MiB, 75.36 W
2026/09/23 13:31:05.030, 1, 25 %, 1 %, 7051 MiB, 70.90 W
2026/09/23 13:31:05.031, 2, 44 %, 12 %, 7051 MiB, 71.67 W
2026/09/23 13:31:05.032, 3, 39 %, 2 %, 3619 MiB, 74.35 W
2026/09/23 13:31:06.034, 0, 25 %, 1 %, 7051 MiB, 75.80 W
2026/09/23 13:31:06.035, 1, 24 %, 1 %, 7051 MiB, 70.90 W
2026/09/23 13:31:06.037, 2, 21 %, 1 %, 7051 MiB, 71.67 W
2026/09/23 13:31:06.038, 3, 21 %, 1 %, 7051 MiB, 73.91 W
2026/09/23 13:31:07.040, 0, 2 %, 0 %, 3931 MiB, 75.80 W
2026/09/23 13:31:07.041, 1, 40 %, 2 %, 3931 MiB, 71.39 W
2026/09/23 13:31:07.042, 2, 0 %, 0 %, 3931 MiB, 72.11 W
2026/09/23 13:31:07.043, 3, 0 %, 0 %, 3931 MiB, 73.37 W
2026/09/23 13:31:08.045, 0, 25 %, 1 %, 7707 MiB, 75.32 W
2026/09/23 13:31:08.046, 1, 24 %, 1 %, 7707 MiB, 70.90 W
2026/09/23 13:31:08.047, 2, 26 %, 9 %, 7707 MiB, 71.67 W
2026/09/23 13:31:08.049, 3, 39 %, 2 %, 7707 MiB, 76.33 W
2026/09/23 13:31:09.051, 0, 26 %, 1 %, 7707 MiB, 75.32 W
2026/09/23 13:31:09.052, 1, 24 %, 1 %, 4275 MiB, 73.81 W
2026/09/23 13:31:09.053, 2, 21 %, 1 %, 7707 MiB, 71.62 W
2026/09/23 13:31:09.054, 3, 21 %, 1 %, 7707 MiB, 73.86 W
2026/09/23 13:31:10.057, 0, 39 %, 2 %, 4275 MiB, 75.80 W
2026/09/23 13:31:10.059, 1, 40 %, 2 %, 4275 MiB, 71.39 W
2026/09/23 13:31:10.060, 2, 0 %, 0 %, 4275 MiB, 72.11 W
2026/09/23 13:31:10.061, 3, 0 %, 0 %, 4275 MiB, 73.37 W
2026/09/23 13:31:11.064, 0, 25 %, 1 %, 8427 MiB, 75.85 W
2026/09/23 13:31:11.066, 1, 24 %, 1 %, 8427 MiB, 71.39 W
2026/09/23 13:31:11.067, 2, 43 %, 14 %, 8427 MiB, 71.62 W
2026/09/23 13:31:11.068, 3, 39 %, 2 %, 4275 MiB, 74.35 W
2026/09/23 13:31:12.070, 0, 25 %, 1 %, 8427 MiB, 75.90 W
2026/09/23 13:31:12.071, 1, 24 %, 1 %, 8427 MiB, 71.34 W
2026/09/23 13:31:12.072, 2, 21 %, 1 %, 8427 MiB, 71.62 W
2026/09/23 13:31:12.074, 3, 21 %, 1 %, 8427 MiB, 73.86 W
2026/09/23 13:31:13.076, 0, 0 %, 0 %, 4651 MiB, 75.36 W
2026/09/23 13:31:13.077, 1, 0 %, 0 %, 4651 MiB, 71.39 W
2026/09/23 13:31:13.078, 2, 0 %, 0 %, 4651 MiB, 71.62 W
2026/09/23 13:31:13.079, 3, 60 %, 8 %, 4651 MiB, 73.42 W
2026/09/23 13:31:14.081, 0, 44 %, 15 %, 9219 MiB, 82.59 W
2026/09/23 13:31:14.082, 1, 39 %, 2 %, 9219 MiB, 71.87 W
2026/09/23 13:31:14.083, 2, 38 %, 2 %, 4651 MiB, 72.11 W
2026/09/23 13:31:14.085, 3, 38 %, 2 %, 4651 MiB, 74.35 W
2026/09/23 13:31:15.087, 0, 25 %, 1 %, 9219 MiB, 75.80 W
2026/09/23 13:31:15.089, 1, 24 %, 1 %, 9219 MiB, 71.43 W
2026/09/23 13:31:15.090, 2, 21 %, 1 %, 9219 MiB, 71.62 W
2026/09/23 13:31:15.091, 3, 21 %, 1 %, 9219 MiB, 73.91 W
2026/09/23 13:31:16.093, 0, 6 %, 1 %, 5067 MiB, 75.36 W
2026/09/23 13:31:16.094, 1, 65 %, 9 %, 5067 MiB, 70.90 W
2026/09/23 13:31:16.095, 2, 21 %, 1 %, 9219 MiB, 71.62 W
2026/09/23 13:31:16.096, 3, 21 %, 1 %, 9219 MiB, 73.86 W
2026/09/23 13:31:17.098, 0, 39 %, 2 %, 5067 MiB, 76.29 W
2026/09/23 13:31:17.105, 1, 40 %, 2 %, 5067 MiB, 71.87 W
2026/09/23 13:31:17.106, 2, 0 %, 0 %, 5067 MiB, 72.11 W
2026/09/23 13:31:17.107, 3, 0 %, 0 %, 5067 MiB, 73.37 W
2026/09/23 13:31:18.109, 0, 25 %, 1 %, 10091 MiB, 75.85 W
2026/09/23 13:31:18.110, 1, 24 %, 1 %, 10091 MiB, 71.39 W
2026/09/23 13:31:18.112, 2, 39 %, 2 %, 5067 MiB, 72.11 W
2026/09/23 13:31:18.113, 3, 38 %, 2 %, 5067 MiB, 74.35 W
2026/09/23 13:31:19.115, 0, 26 %, 1 %, 10091 MiB, 75.36 W
2026/09/23 13:31:19.117, 1, 24 %, 1 %, 10091 MiB, 71.39 W
2026/09/23 13:31:19.118, 2, 21 %, 1 %, 10091 MiB, 72.11 W
2026/09/23 13:31:19.119, 3, 21 %, 1 %, 10091 MiB, 73.91 W
2026/09/23 13:31:20.122, 0, 0 %, 0 %, 5523 MiB, 75.36 W
2026/09/23 13:31:20.123, 1, 36 %, 5 %, 5523 MiB, 70.95 W
2026/09/23 13:31:20.124, 2, 21 %, 1 %, 10091 MiB, 71.62 W
2026/09/23 13:31:20.125, 3, 21 %, 1 %, 10091 MiB, 73.91 W
2026/09/23 13:31:21.127, 0, 39 %, 2 %, 5523 MiB, 76.29 W
2026/09/23 13:31:21.129, 1, 40 %, 2 %, 5523 MiB, 71.87 W
2026/09/23 13:31:21.130, 2, 0 %, 0 %, 5523 MiB, 72.11 W
2026/09/23 13:31:21.131, 3, 0 %, 0 %, 5523 MiB, 73.37 W
2026/09/23 13:31:22.134, 0, 25 %, 1 %, 11051 MiB, 75.85 W
2026/09/23 13:31:22.135, 1, 25 %, 5 %, 11051 MiB, 71.39 W
2026/09/23 13:31:22.136, 2, 39 %, 2 %, 5523 MiB, 72.11 W
2026/09/23 13:31:22.137, 3, 38 %, 2 %, 5523 MiB, 74.35 W
2026/09/23 13:31:23.140, 0, 25 %, 1 %, 11051 MiB, 75.80 W
2026/09/23 13:31:23.141, 1, 24 %, 1 %, 11051 MiB, 71.34 W
2026/09/23 13:31:23.141, 2, 21 %, 1 %, 11051 MiB, 72.16 W
2026/09/23 13:31:23.142, 3, 21 %, 1 %, 11051 MiB, 73.86 W
2026/09/23 13:31:24.144, 0, 65 %, 9 %, 6027 MiB, 75.36 W
2026/09/23 13:31:24.146, 1, 25 %, 1 %, 6027 MiB, 74.30 W
2026/09/23 13:31:24.147, 2, 21 %, 1 %, 11051 MiB, 72.16 W
2026/09/23 13:31:24.148, 3, 21 %, 1 %, 11051 MiB, 73.86 W
2026/09/23 13:31:25.150, 0, 39 %, 2 %, 6027 MiB, 76.33 W
2026/09/23 13:31:25.151, 1, 9 %, 0 %, 6027 MiB, 71.87 W
2026/09/23 13:31:25.152, 2, 0 %, 0 %, 6027 MiB, 71.62 W
2026/09/23 13:31:25.153, 3, 0 %, 0 %, 6027 MiB, 73.37 W
2026/09/23 13:31:26.155, 0, 39 %, 2 %, 12107 MiB, 153.29 W
2026/09/23 13:31:26.156, 1, 39 %, 2 %, 6027 MiB, 71.73 W
2026/09/23 13:31:26.158, 2, 38 %, 2 %, 6027 MiB, 72.50 W
2026/09/23 13:31:26.159, 3, 38 %, 2 %, 6027 MiB, 74.20 W
2026/09/23 13:31:27.161, 0, 26 %, 1 %, 12107 MiB, 75.90 W
2026/09/23 13:31:27.163, 1, 25 %, 1 %, 12107 MiB, 71.34 W
2026/09/23 13:31:27.164, 2, 21 %, 1 %, 12107 MiB, 72.11 W
2026/09/23 13:31:27.165, 3, 37 %, 19 %, 12107 MiB, 73.86 W
2026/09/23 13:31:28.167, 0, 25 %, 1 %, 12107 MiB, 75.85 W
2026/09/23 13:31:28.168, 1, 24 %, 1 %, 12107 MiB, 70.90 W
2026/09/23 13:31:28.169, 2, 21 %, 1 %, 12107 MiB, 72.11 W
2026/09/23 13:31:28.170, 3, 21 %, 1 %, 12107 MiB, 73.86 W
2026/09/23 13:31:29.172, 0, 0 %, 0 %, 6579 MiB, 75.36 W
2026/09/23 13:31:29.174, 1, 0 %, 0 %, 6579 MiB, 70.95 W
2026/09/23 13:31:29.175, 2, 21 %, 1 %, 12107 MiB, 72.11 W
2026/09/23 13:31:29.176, 3, 21 %, 1 %, 12107 MiB, 73.91 W
2026/09/23 13:31:30.178, 0, 39 %, 2 %, 6579 MiB, 76.33 W
2026/09/23 13:31:30.179, 1, 40 %, 2 %, 6579 MiB, 71.87 W
2026/09/23 13:31:30.180, 2, 0 %, 0 %, 6579 MiB, 71.62 W
2026/09/23 13:31:30.181, 3, 0 %, 0 %, 6579 MiB, 73.37 W
2026/09/23 13:31:31.183, 0, 42 %, 21 %, 13267 MiB, 75.75 W
2026/09/23 13:31:31.184, 1, 39 %, 2 %, 13267 MiB, 111.81 W
2026/09/23 13:31:31.185, 2, 38 %, 2 %, 6579 MiB, 72.60 W
2026/09/23 13:31:31.186, 3, 38 %, 2 %, 6579 MiB, 74.30 W
2026/09/23 13:31:32.189, 0, 26 %, 1 %, 13267 MiB, 75.80 W
2026/09/23 13:31:32.190, 1, 25 %, 1 %, 13267 MiB, 71.34 W
2026/09/23 13:31:32.192, 2, 21 %, 1 %, 13267 MiB, 72.11 W
2026/09/23 13:31:32.194, 3, 19 %, 0 %, 13267 MiB, 73.86 W
2026/09/23 13:31:33.196, 0, 26 %, 1 %, 13267 MiB, 75.85 W
2026/09/23 13:31:33.197, 1, 24 %, 1 %, 13267 MiB, 71.43 W
2026/09/23 13:31:33.198, 2, 21 %, 1 %, 13267 MiB, 72.11 W
2026/09/23 13:31:33.199, 3, 21 %, 1 %, 13267 MiB, 73.86 W
2026/09/23 13:31:34.201, 0, 0 %, 0 %, 7187 MiB, 75.32 W
2026/09/23 13:31:34.203, 1, 52 %, 7 %, 7187 MiB, 70.90 W
2026/09/23 13:31:34.204, 2, 21 %, 1 %, 13267 MiB, 71.62 W
2026/09/23 13:31:34.205, 3, 21 %, 1 %, 13267 MiB, 73.91 W
2026/09/23 13:31:35.207, 0, 40 %, 2 %, 7187 MiB, 76.33 W
2026/09/23 13:31:35.208, 1, 17 %, 1 %, 7187 MiB, 71.87 W
2026/09/23 13:31:35.209, 2, 0 %, 0 %, 7187 MiB, 66.32 W
2026/09/23 13:31:35.211, 3, 0 %, 0 %, 7187 MiB, 67.11 W
2026/09/23 13:31:36.213, 0, 39 %, 2 %, 7187 MiB, 76.29 W
2026/09/23 13:31:36.214, 1, 39 %, 2 %, 7187 MiB, 71.87 W
2026/09/23 13:31:36.215, 2, 38 %, 2 %, 7187 MiB, 66.80 W
2026/09/23 13:31:36.216, 3, 38 %, 2 %, 7187 MiB, 68.08 W
2026/09/23 13:31:37.219, 0, 25 %, 1 %, 14543 MiB, 75.85 W
2026/09/23 13:31:37.220, 1, 24 %, 1 %, 14543 MiB, 71.39 W
2026/09/23 13:31:37.223, 2, 39 %, 2 %, 14543 MiB, 67.29 W
2026/09/23 13:31:37.224, 3, 39 %, 2 %, 7187 MiB, 68.08 W
2026/09/23 13:31:38.226, 0, 25 %, 1 %, 14543 MiB, 75.85 W
2026/09/23 13:31:38.227, 1, 25 %, 1 %, 14543 MiB, 71.39 W
2026/09/23 13:31:38.228, 2, 21 %, 1 %, 14543 MiB, 66.80 W
2026/09/23 13:31:38.229, 3, 21 %, 1 %, 14543 MiB, 72.45 W
2026/09/23 13:31:39.232, 0, 25 %, 0 %, 14543 MiB, 62.30 W
2026/09/23 13:31:39.233, 1, 25 %, 1 %, 14543 MiB, 71.43 W
2026/09/23 13:31:39.234, 2, 21 %, 1 %, 14543 MiB, 66.32 W
2026/09/23 13:31:39.235, 3, 21 %, 1 %, 14543 MiB, 72.45 W
2026/09/23 13:31:40.237, 0, 0 %, 0 %, 7855 MiB, 68.13 W
2026/09/23 13:31:40.238, 1, 0 %, 0 %, 7855 MiB, 70.95 W
2026/09/23 13:31:40.239, 2, 21 %, 1 %, 7855 MiB, 69.24 W
2026/09/23 13:31:40.240, 3, 21 %, 1 %, 14543 MiB, 71.97 W
2026/09/23 13:31:41.243, 0, 39 %, 2 %, 7855 MiB, 69.05 W
2026/09/23 13:31:41.244, 1, 40 %, 2 %, 7855 MiB, 71.87 W
2026/09/23 13:31:41.245, 2, 0 %, 0 %, 7855 MiB, 71.62 W
2026/09/23 13:31:41.246, 3, 0 %, 0 %, 7855 MiB, 73.42 W
2026/09/23 13:31:42.248, 0, 39 %, 2 %, 7855 MiB, 69.05 W
2026/09/23 13:31:42.249, 1, 39 %, 2 %, 7855 MiB, 71.87 W
2026/09/23 13:31:42.250, 2, 38 %, 2 %, 7855 MiB, 72.60 W
2026/09/23 13:31:42.251, 3, 38 %, 2 %, 7855 MiB, 74.35 W
2026/09/23 13:31:43.253, 0, 26 %, 1 %, 15947 MiB, 73.37 W
2026/09/23 13:31:43.255, 1, 25 %, 1 %, 15947 MiB, 71.39 W
2026/09/23 13:31:43.256, 2, 39 %, 2 %, 15947 MiB, 72.60 W
2026/09/23 13:31:43.257, 3, 39 %, 2 %, 7855 MiB, 74.39 W
2026/09/23 13:31:44.259, 0, 26 %, 1 %, 15947 MiB, 73.37 W
2026/09/23 13:31:44.260, 1, 24 %, 1 %, 15947 MiB, 71.39 W
2026/09/23 13:31:44.261, 2, 21 %, 1 %, 15947 MiB, 72.16 W
2026/09/23 13:31:44.262, 3, 21 %, 1 %, 15947 MiB, 73.86 W
2026/09/23 13:31:45.264, 0, 26 %, 1 %, 15947 MiB, 73.42 W
2026/09/23 13:31:45.266, 1, 24 %, 1 %, 15947 MiB, 71.43 W
2026/09/23 13:31:45.267, 2, 21 %, 1 %, 15947 MiB, 72.16 W
2026/09/23 13:31:45.268, 3, 21 %, 1 %, 15947 MiB, 74.39 W
2026/09/23 13:31:46.271, 0, 0 %, 0 %, 8591 MiB, 75.36 W
2026/09/23 13:31:46.272, 1, 0 %, 0 %, 8591 MiB, 70.90 W
2026/09/23 13:31:46.273, 2, 21 %, 1 %, 15947 MiB, 72.16 W
2026/09/23 13:31:46.274, 3, 21 %, 1 %, 15947 MiB, 73.86 W
2026/09/23 13:31:47.277, 0, 27 %, 1 %, 8591 MiB, 76.33 W
2026/09/23 13:31:47.303, 1, 0 %, 0 %, 8591 MiB, 71.87 W
2026/09/23 13:31:47.304, 2, 0 %, 0 %, 8591 MiB, 71.62 W
2026/09/23 13:31:47.305, 3, 0 %, 0 %, 8591 MiB, 73.37 W
2026/09/23 13:31:48.308, 0, 39 %, 2 %, 8591 MiB, 76.29 W
2026/09/23 13:31:48.310, 1, 39 %, 2 %, 8591 MiB, 71.82 W
2026/09/23 13:31:48.311, 2, 38 %, 2 %, 8591 MiB, 72.60 W
2026/09/23 13:31:48.312, 3, 11 %, 1 %, 8591 MiB, 74.35 W
2026/09/23 13:31:49.314, 0, 25 %, 1 %, 17493 MiB, 75.85 W
2026/09/23 13:31:49.315, 1, 47 %, 28 %, 17493 MiB, 71.39 W
2026/09/23 13:31:49.316, 2, 39 %, 2 %, 8591 MiB, 72.60 W
2026/09/23 13:31:49.317, 3, 38 %, 2 %, 8591 MiB, 74.35 W
2026/09/23 13:31:50.319, 0, 25 %, 1 %, 17493 MiB, 75.85 W
2026/09/23 13:31:50.320, 1, 24 %, 1 %, 17493 MiB, 71.39 W
2026/09/23 13:31:50.321, 2, 21 %, 1 %, 17493 MiB, 72.16 W
2026/09/23 13:31:50.322, 3, 22 %, 5 %, 17493 MiB, 73.86 W
2026/09/23 13:31:51.325, 0, 25 %, 1 %, 17493 MiB, 75.80 W
2026/09/23 13:31:51.326, 1, 24 %, 1 %, 17493 MiB, 71.39 W
2026/09/23 13:31:51.327, 2, 21 %, 1 %, 17493 MiB, 72.16 W
2026/09/23 13:31:51.328, 3, 21 %, 1 %, 17493 MiB, 73.91 W
2026/09/23 13:31:52.332, 0, 25 %, 1 %, 17493 MiB, 75.85 W
2026/09/23 13:31:52.333, 1, 24 %, 1 %, 17493 MiB, 71.39 W
2026/09/23 13:31:52.334, 2, 21 %, 1 %, 17493 MiB, 72.16 W
2026/09/23 13:31:52.335, 3, 21 %, 1 %, 17493 MiB, 73.86 W
2026/09/23 13:31:53.337, 0, 0 %, 0 %, 9401 MiB, 75.36 W
2026/09/23 13:31:53.338, 1, 0 %, 0 %, 9401 MiB, 70.90 W
2026/09/23 13:31:53.339, 2, 21 %, 1 %, 17493 MiB, 72.16 W
2026/09/23 13:31:53.340, 3, 21 %, 1 %, 17493 MiB, 73.91 W
2026/09/23 13:31:54.343, 0, 39 %, 2 %, 9401 MiB, 76.33 W
2026/09/23 13:31:54.344, 1, 39 %, 2 %, 9401 MiB, 71.87 W
2026/09/23 13:31:54.345, 2, 0 %, 0 %, 9401 MiB, 71.62 W
2026/09/23 13:31:54.346, 3, 0 %, 0 %, 9401 MiB, 73.37 W
2026/09/23 13:31:55.348, 0, 39 %, 2 %, 9401 MiB, 76.29 W
2026/09/23 13:31:55.349, 1, 39 %, 2 %, 9401 MiB, 71.82 W
2026/09/23 13:31:55.350, 2, 38 %, 2 %, 9401 MiB, 72.60 W
2026/09/23 13:31:55.351, 3, 10 %, 0 %, 9401 MiB, 74.35 W
2026/09/23 13:31:56.353, 0, 26 %, 1 %, 19193 MiB, 75.85 W
2026/09/23 13:31:56.355, 1, 26 %, 9 %, 19193 MiB, 71.39 W
2026/09/23 13:31:56.356, 2, 39 %, 2 %, 9401 MiB, 72.60 W
2026/09/23 13:31:56.357, 3, 38 %, 2 %, 9401 MiB, 74.35 W
2026/09/23 13:31:57.359, 0, 25 %, 1 %, 19193 MiB, 75.85 W
2026/09/23 13:31:57.360, 1, 24 %, 1 %, 19193 MiB, 71.39 W
2026/09/23 13:31:57.361, 2, 21 %, 1 %, 19193 MiB, 72.11 W
2026/09/23 13:31:57.363, 3, 42 %, 9 %, 19193 MiB, 73.91 W
2026/09/23 13:31:58.365, 0, 25 %, 1 %, 19193 MiB, 75.80 W
2026/09/23 13:31:58.367, 1, 24 %, 1 %, 19193 MiB, 71.39 W
2026/09/23 13:31:58.368, 2, 21 %, 1 %, 19193 MiB, 72.16 W
2026/09/23 13:31:58.369, 3, 21 %, 1 %, 19193 MiB, 73.86 W
2026/09/23 13:31:59.371, 0, 25 %, 1 %, 19193 MiB, 75.85 W
2026/09/23 13:31:59.373, 1, 24 %, 1 %, 19193 MiB, 71.39 W
2026/09/23 13:31:59.374, 2, 21 %, 1 %, 19193 MiB, 72.11 W
2026/09/23 13:31:59.375, 3, 21 %, 1 %, 19193 MiB, 73.86 W
2026/09/23 13:32:00.378, 0, 0 %, 0 %, 10291 MiB, 75.36 W
2026/09/23 13:32:00.379, 1, 0 %, 0 %, 10291 MiB, 70.95 W
2026/09/23 13:32:00.380, 2, 21 %, 1 %, 19193 MiB, 72.11 W
2026/09/23 13:32:00.381, 3, 21 %, 1 %, 19193 MiB, 73.91 W
2026/09/23 13:32:01.383, 0, 0 %, 0 %, 10291 MiB, 75.36 W
2026/09/23 13:32:01.384, 1, 0 %, 0 %, 10291 MiB, 70.95 W
2026/09/23 13:32:01.385, 2, 31 %, 4 %, 10291 MiB, 71.67 W
2026/09/23 13:32:01.386, 3, 42 %, 4 %, 10291 MiB, 77.31 W
2026/09/23 13:32:02.388, 0, 1 %, 0 %, 10359 MiB, 76.29 W
2026/09/23 13:32:02.390, 1, 20 %, 1 %, 10359 MiB, 71.82 W
2026/09/23 13:32:02.391, 2, 17 %, 1 %, 10359 MiB, 72.60 W
2026/09/23 13:32:02.393, 3, 0 %, 0 %, 10359 MiB, 74.35 W
2026/09/23 13:32:03.395, 0, 39 %, 2 %, 10359 MiB, 76.29 W
2026/09/23 13:32:03.396, 1, 39 %, 2 %, 10359 MiB, 71.82 W
2026/09/23 13:32:03.397, 2, 38 %, 2 %, 10359 MiB, 72.60 W
2026/09/23 13:32:03.398, 3, 38 %, 2 %, 10359 MiB, 74.35 W
2026/09/23 13:32:04.400, 0, 39 %, 2 %, 10359 MiB, 76.29 W
2026/09/23 13:32:04.401, 1, 39 %, 2 %, 10359 MiB, 71.87 W
2026/09/23 13:32:04.402, 2, 38 %, 2 %, 10359 MiB, 72.60 W
2026/09/23 13:32:04.403, 3, 38 %, 2 %, 10359 MiB, 74.35 W
2026/09/23 13:32:05.406, 0, 39 %, 2 %, 10509 MiB, 76.29 W
2026/09/23 13:32:05.407, 1, 38 %, 2 %, 10511 MiB, 71.87 W
2026/09/23 13:32:05.408, 2, 38 %, 2 %, 10509 MiB, 72.60 W
2026/09/23 13:32:05.409, 3, 38 %, 2 %, 10509 MiB, 74.35 W
2026/09/23 13:32:06.411, 0, 39 %, 2 %, 10509 MiB, 76.29 W
2026/09/23 13:32:06.414, 1, 39 %, 2 %, 10511 MiB, 71.87 W
2026/09/23 13:32:06.415, 2, 38 %, 2 %, 10509 MiB, 72.60 W
2026/09/23 13:32:06.416, 3, 38 %, 2 %, 10509 MiB, 74.35 W
2026/09/23 13:32:07.418, 0, 67 %, 27 %, 12145 MiB, 75.41 W
2026/09/23 13:32:07.419, 1, 54 %, 21 %, 12147 MiB, 70.95 W
2026/09/23 13:32:07.420, 2, 65 %, 28 %, 12143 MiB, 72.16 W
2026/09/23 13:32:07.422, 3, 50 %, 15 %, 12143 MiB, 73.91 W
2026/09/23 13:32:08.424, 0, 93 %, 19 %, 12397 MiB, 118.02 W
2026/09/23 13:32:08.425, 1, 99 %, 25 %, 12399 MiB, 111.59 W
2026/09/23 13:32:08.426, 2, 99 %, 27 %, 12397 MiB, 111.14 W
2026/09/23 13:32:08.427, 3, 88 %, 20 %, 12151 MiB, 115.61 W
2026/09/23 13:32:09.429, 0, 97 %, 26 %, 12397 MiB, 119.47 W
2026/09/23 13:32:09.431, 1, 98 %, 24 %, 12399 MiB, 113.52 W
2026/09/23 13:32:09.432, 2, 98 %, 26 %, 12399 MiB, 113.08 W
2026/09/23 13:32:09.433, 3, 97 %, 25 %, 12395 MiB, 117.06 W
2026/09/23 13:32:10.436, 0, 100 %, 21 %, 12397 MiB, 117.06 W
2026/09/23 13:32:10.438, 1, 98 %, 20 %, 12399 MiB, 112.07 W
2026/09/23 13:32:10.439, 2, 100 %, 20 %, 12399 MiB, 113.08 W
2026/09/23 13:32:10.440, 3, 98 %, 27 %, 12395 MiB, 118.91 W
2026/09/23 13:32:11.442, 0, 98 %, 25 %, 12399 MiB, 121.40 W
2026/09/23 13:32:11.444, 1, 97 %, 27 %, 12399 MiB, 115.93 W
2026/09/23 13:32:11.445, 2, 97 %, 26 %, 12399 MiB, 115.43 W
2026/09/23 13:32:11.446, 3, 99 %, 22 %, 12395 MiB, 121.81 W
2026/09/23 13:32:12.448, 0, 97 %, 27 %, 12399 MiB, 123.34 W
2026/09/23 13:32:12.449, 1, 98 %, 27 %, 12399 MiB, 117.38 W
2026/09/23 13:32:12.450, 2, 98 %, 27 %, 12399 MiB, 116.88 W
2026/09/23 13:32:12.452, 3, 97 %, 25 %, 12395 MiB, 120.84 W
2026/09/23 13:32:13.454, 0, 100 %, 20 %, 12399 MiB, 126.64 W
2026/09/23 13:32:13.455, 1, 98 %, 24 %, 12399 MiB, 118.75 W
2026/09/23 13:32:13.457, 2, 99 %, 21 %, 12399 MiB, 117.85 W
2026/09/23 13:32:13.458, 3, 97 %, 27 %, 12395 MiB, 124.22 W
2026/09/23 13:32:14.461, 0, 97 %, 28 %, 12399 MiB, 126.64 W
2026/09/23 13:32:14.463, 1, 96 %, 28 %, 12399 MiB, 118.27 W
2026/09/23 13:32:14.464, 2, 97 %, 28 %, 12399 MiB, 117.85 W
2026/09/23 13:32:14.465, 3, 98 %, 25 %, 12395 MiB, 125.19 W
2026/09/23 13:32:15.467, 0, 99 %, 22 %, 12399 MiB, 127.60 W
2026/09/23 13:32:15.469, 1, 99 %, 20 %, 12399 MiB, 120.68 W
2026/09/23 13:32:15.470, 2, 100 %, 20 %, 12399 MiB, 120.19 W
2026/09/23 13:32:15.471, 3, 97 %, 27 %, 12395 MiB, 127.03 W
2026/09/23 13:32:16.473, 0, 98 %, 28 %, 12399 MiB, 126.15 W
2026/09/23 13:32:16.474, 1, 97 %, 28 %, 12399 MiB, 119.23 W
2026/09/23 13:32:16.475, 2, 97 %, 28 %, 12399 MiB, 118.33 W
2026/09/23 13:32:16.476, 3, 98 %, 28 %, 12397 MiB, 124.22 W
2026/09/23 13:32:17.478, 0, 99 %, 25 %, 12399 MiB, 126.64 W
2026/09/23 13:32:17.479, 1, 100 %, 20 %, 12399 MiB, 120.20 W
2026/09/23 13:32:17.480, 2, 100 %, 21 %, 12399 MiB, 119.30 W
2026/09/23 13:32:17.482, 3, 98 %, 26 %, 12397 MiB, 128.96 W
2026/09/23 13:32:18.485, 0, 97 %, 28 %, 12401 MiB, 127.12 W
2026/09/23 13:32:18.486, 1, 96 %, 29 %, 12399 MiB, 120.20 W
2026/09/23 13:32:18.488, 2, 97 %, 29 %, 12399 MiB, 120.27 W
2026/09/23 13:32:18.489, 3, 97 %, 29 %, 12397 MiB, 127.03 W
2026/09/23 13:32:19.492, 0, 97 %, 29 %, 13871 MiB, 138.43 W
2026/09/23 13:32:19.493, 1, 99 %, 21 %, 13871 MiB, 129.67 W
2026/09/23 13:32:19.495, 2, 99 %, 26 %, 12399 MiB, 116.47 W
2026/09/23 13:32:19.497, 3, 99 %, 24 %, 12397 MiB, 123.82 W
2026/09/23 13:32:20.500, 0, 99 %, 25 %, 12399 MiB, 128.08 W
2026/09/23 13:32:20.501, 1, 97 %, 28 %, 12399 MiB, 122.05 W
2026/09/23 13:32:20.502, 2, 97 %, 26 %, 12399 MiB, 121.64 W
2026/09/23 13:32:20.503, 3, 97 %, 29 %, 12397 MiB, 129.45 W
2026/09/23 13:32:21.505, 0, 97 %, 29 %, 12401 MiB, 129.53 W
2026/09/23 13:32:21.506, 1, 97 %, 29 %, 12399 MiB, 122.13 W
2026/09/23 13:32:21.507, 2, 98 %, 29 %, 12399 MiB, 121.64 W
2026/09/23 13:32:21.510, 3, 100 %, 22 %, 12397 MiB, 128.48 W
2026/09/23 13:32:22.513, 0, 100 %, 22 %, 12401 MiB, 130.89 W
2026/09/23 13:32:22.514, 1, 99 %, 22 %, 12399 MiB, 123.97 W
2026/09/23 13:32:22.515, 2, 100 %, 20 %, 12399 MiB, 122.61 W
2026/09/23 13:32:22.516, 3, 98 %, 29 %, 12397 MiB, 129.93 W
2026/09/23 13:32:23.519, 0, 97 %, 28 %, 12401 MiB, 129.53 W
2026/09/23 13:32:23.520, 1, 97 %, 29 %, 12399 MiB, 122.13 W
2026/09/23 13:32:23.521, 2, 98 %, 29 %, 12399 MiB, 122.61 W
2026/09/23 13:32:23.522, 3, 98 %, 30 %, 12397 MiB, 130.41 W
2026/09/23 13:32:24.524, 0, 96 %, 29 %, 12401 MiB, 129.45 W
2026/09/23 13:32:24.525, 1, 96 %, 29 %, 12399 MiB, 123.49 W
2026/09/23 13:32:24.526, 2, 97 %, 29 %, 12399 MiB, 122.61 W
2026/09/23 13:32:24.530, 3, 99 %, 24 %, 12691 MiB, 130.41 W
2026/09/23 13:32:25.532, 0, 99 %, 27 %, 12401 MiB, 87.39 W
2026/09/23 13:32:25.533, 1, 100 %, 21 %, 12399 MiB, 81.51 W
2026/09/23 13:32:25.534, 2, 100 %, 21 %, 14453 MiB, 125.36 W
2026/09/23 13:32:25.536, 3, 97 %, 26 %, 12691 MiB, 84.96 W
2026/09/23 13:32:26.538, 0, 100 %, 19 %, 12401 MiB, 133.31 W
2026/09/23 13:32:26.539, 1, 100 %, 21 %, 12693 MiB, 127.35 W
2026/09/23 13:32:26.540, 2, 99 %, 23 %, 12691 MiB, 126.00 W
2026/09/23 13:32:26.542, 3, 97 %, 27 %, 12691 MiB, 133.22 W
2026/09/23 13:32:27.544, 0, 100 %, 21 %, 12695 MiB, 131.86 W
2026/09/23 13:32:27.545, 1, 98 %, 25 %, 12693 MiB, 124.46 W
2026/09/23 13:32:27.547, 2, 97 %, 29 %, 12691 MiB, 124.07 W
2026/09/23 13:32:27.548, 3, 97 %, 31 %, 12691 MiB, 131.86 W
2026/09/23 13:32:28.550, 0, 96 %, 27 %, 12695 MiB, 131.86 W
2026/09/23 13:32:28.551, 1, 97 %, 30 %, 12693 MiB, 123.97 W
2026/09/23 13:32:28.552, 2, 98 %, 30 %, 12691 MiB, 124.07 W
2026/09/23 13:32:28.553, 3, 97 %, 31 %, 12691 MiB, 131.86 W
2026/09/23 13:32:29.556, 0, 96 %, 31 %, 12695 MiB, 130.89 W
2026/09/23 13:32:29.557, 1, 97 %, 30 %, 12693 MiB, 124.46 W
2026/09/23 13:32:29.558, 2, 99 %, 24 %, 12691 MiB, 124.07 W
2026/09/23 13:32:29.559, 3, 100 %, 21 %, 12691 MiB, 132.34 W
2026/09/23 13:32:30.561, 0, 96 %, 31 %, 14459 MiB, 125.27 W
2026/09/23 13:32:30.562, 1, 100 %, 23 %, 12693 MiB, 118.35 W
2026/09/23 13:32:30.563, 2, 99 %, 21 %, 12691 MiB, 114.05 W
2026/09/23 13:32:30.564, 3, 97 %, 31 %, 12691 MiB, 113.34 W
2026/09/23 13:32:31.569, 0, 41 %, 1 %, 12695 MiB, 77.74 W
2026/09/23 13:32:31.570, 1, 41 %, 1 %, 12693 MiB, 73.28 W
2026/09/23 13:32:31.572, 2, 37 %, 1 %, 12691 MiB, 73.57 W
2026/09/23 13:32:31.573, 3, 36 %, 1 %, 12691 MiB, 76.29 W
2026/09/23 13:32:32.575, 0, 46 %, 1 %, 12695 MiB, 77.74 W
2026/09/23 13:32:32.576, 1, 45 %, 1 %, 12693 MiB, 73.28 W
2026/09/23 13:32:32.577, 2, 36 %, 1 %, 12691 MiB, 73.57 W
2026/09/23 13:32:32.578, 3, 36 %, 1 %, 12691 MiB, 76.29 W
2026/09/23 13:32:33.581, 0, 98 %, 26 %, 12695 MiB, 135.15 W
2026/09/23 13:32:33.582, 1, 97 %, 27 %, 12693 MiB, 129.19 W
2026/09/23 13:32:33.583, 2, 98 %, 27 %, 12691 MiB, 126.89 W
2026/09/23 13:32:33.584, 3, 97 %, 26 %, 12691 MiB, 134.67 W
2026/09/23 13:32:34.586, 0, 100 %, 21 %, 12693 MiB, 131.86 W
2026/09/23 13:32:34.587, 1, 97 %, 31 %, 12693 MiB, 126.86 W
2026/09/23 13:32:34.588, 2, 97 %, 31 %, 12691 MiB, 124.55 W
2026/09/23 13:32:34.589, 3, 100 %, 21 %, 12691 MiB, 132.82 W
2026/09/23 13:32:35.591, 0, 97 %, 26 %, 12693 MiB, 132.82 W
2026/09/23 13:32:35.592, 1, 97 %, 31 %, 12693 MiB, 126.86 W
2026/09/23 13:32:35.593, 2, 97 %, 31 %, 12691 MiB, 125.03 W
2026/09/23 13:32:35.594, 3, 98 %, 27 %, 12691 MiB, 132.82 W
2026/09/23 13:32:36.596, 0, 96 %, 29 %, 12693 MiB, 132.82 W
2026/09/23 13:32:36.598, 1, 98 %, 25 %, 12693 MiB, 126.86 W
2026/09/23 13:32:36.599, 2, 97 %, 31 %, 12691 MiB, 125.52 W
2026/09/23 13:32:36.600, 3, 97 %, 30 %, 12691 MiB, 133.31 W
2026/09/23 13:32:37.602, 0, 96 %, 31 %, 12695 MiB, 134.67 W
2026/09/23 13:32:37.603, 1, 100 %, 21 %, 12693 MiB, 130.63 W
2026/09/23 13:32:37.604, 2, 98 %, 24 %, 12691 MiB, 130.76 W
2026/09/23 13:32:37.605, 3, 98 %, 31 %, 12691 MiB, 137.56 W
2026/09/23 13:32:38.608, 0, 96 %, 31 %, 12693 MiB, 123.82 W
2026/09/23 13:32:38.609, 1, 98 %, 23 %, 12693 MiB, 113.60 W
2026/09/23 13:32:38.611, 2, 100 %, 21 %, 12691 MiB, 108.79 W
2026/09/23 13:32:38.612, 3, 98 %, 31 %, 12691 MiB, 111.89 W
2026/09/23 13:32:39.614, 0, 98 %, 31 %, 12693 MiB, 134.27 W
2026/09/23 13:32:39.616, 1, 97 %, 27 %, 12693 MiB, 128.71 W
2026/09/23 13:32:39.617, 2, 99 %, 23 %, 12691 MiB, 126.49 W
2026/09/23 13:32:39.618, 3, 98 %, 30 %, 12691 MiB, 134.67 W
2026/09/23 13:32:40.620, 0, 98 %, 24 %, 12693 MiB, 137.08 W
2026/09/23 13:32:40.621, 1, 96 %, 29 %, 12693 MiB, 129.67 W
2026/09/23 13:32:40.622, 2, 98 %, 27 %, 12691 MiB, 126.00 W
2026/09/23 13:32:40.623, 3, 98 %, 25 %, 12691 MiB, 136.59 W
2026/09/23 13:32:41.625, 0, 100 %, 22 %, 12693 MiB, 133.79 W
2026/09/23 13:32:41.628, 1, 97 %, 31 %, 12693 MiB, 127.35 W
2026/09/23 13:32:41.629, 2, 97 %, 29 %, 12691 MiB, 126.00 W
2026/09/23 13:32:41.630, 3, 100 %, 22 %, 12691 MiB, 134.18 W
2026/09/23 13:32:42.632, 0, 100 %, 21 %, 12693 MiB, 136.20 W
2026/09/23 13:32:42.633, 1, 97 %, 31 %, 12693 MiB, 128.23 W
2026/09/23 13:32:42.634, 2, 97 %, 31 %, 12691 MiB, 126.00 W
2026/09/23 13:32:42.635, 3, 100 %, 21 %, 12691 MiB, 135.63 W
2026/09/23 13:32:43.638, 0, 98 %, 22 %, 12693 MiB, 134.27 W
2026/09/23 13:32:43.640, 1, 97 %, 31 %, 12693 MiB, 127.83 W
2026/09/23 13:32:43.642, 2, 97 %, 31 %, 12691 MiB, 126.00 W
2026/09/23 13:32:43.643, 3, 99 %, 22 %, 12691 MiB, 134.18 W
2026/09/23 13:32:44.645, 0, 98 %, 25 %, 12693 MiB, 133.79 W
2026/09/23 13:32:44.646, 1, 96 %, 31 %, 12693 MiB, 127.83 W
2026/09/23 13:32:44.647, 2, 98 %, 31 %, 12691 MiB, 126.00 W
2026/09/23 13:32:44.648, 3, 99 %, 25 %, 12691 MiB, 134.18 W
2026/09/23 13:32:45.650, 0, 96 %, 27 %, 12693 MiB, 136.11 W
2026/09/23 13:32:45.651, 1, 96 %, 31 %, 12693 MiB, 129.19 W
2026/09/23 13:32:45.652, 2, 97 %, 31 %, 12691 MiB, 126.49 W
2026/09/23 13:32:45.654, 3, 98 %, 27 %, 12691 MiB, 136.59 W
2026/09/23 13:32:46.656, 0, 96 %, 28 %, 12693 MiB, 134.27 W
2026/09/23 13:32:46.658, 1, 99 %, 30 %, 12693 MiB, 127.83 W
2026/09/23 13:32:46.659, 2, 97 %, 31 %, 12691 MiB, 126.49 W
2026/09/23 13:32:46.660, 3, 97 %, 28 %, 12691 MiB, 134.18 W
2026/09/23 13:32:47.663, 0, 96 %, 29 %, 12693 MiB, 133.79 W
2026/09/23 13:32:47.664, 1, 98 %, 28 %, 12693 MiB, 127.74 W
2026/09/23 13:32:47.665, 2, 99 %, 31 %, 12691 MiB, 126.00 W
2026/09/23 13:32:47.668, 3, 97 %, 29 %, 12691 MiB, 134.18 W
2026/09/23 13:32:48.671, 0, 95 %, 30 %, 12693 MiB, 136.68 W
2026/09/23 13:32:48.672, 1, 98 %, 26 %, 12693 MiB, 125.42 W
2026/09/23 13:32:48.673, 2, 98 %, 29 %, 12691 MiB, 126.49 W
2026/09/23 13:32:48.674, 3, 100 %, 21 %, 12691 MiB, 129.53 W
2026/09/23 13:32:49.676, 0, 98 %, 20 %, 12693 MiB, 129.05 W
2026/09/23 13:32:49.677, 1, 98 %, 25 %, 12693 MiB, 123.01 W
2026/09/23 13:32:49.678, 2, 98 %, 28 %, 12691 MiB, 125.52 W
2026/09/23 13:32:49.680, 3, 99 %, 21 %, 12691 MiB, 135.72 W
2026/09/23 13:32:50.682, 0, 98 %, 21 %, 12693 MiB, 134.27 W
2026/09/23 13:32:50.683, 1, 99 %, 25 %, 12693 MiB, 128.23 W
2026/09/23 13:32:50.684, 2, 99 %, 27 %, 12691 MiB, 129.39 W
2026/09/23 13:32:50.685, 3, 99 %, 21 %, 12691 MiB, 135.63 W
2026/09/23 13:32:51.687, 0, 98 %, 21 %, 12693 MiB, 135.15 W
2026/09/23 13:32:51.689, 1, 99 %, 24 %, 12693 MiB, 128.71 W
2026/09/23 13:32:51.690, 2, 98 %, 26 %, 12691 MiB, 128.34 W
2026/09/23 13:32:51.691, 3, 99 %, 22 %, 12691 MiB, 135.15 W
2026/09/23 13:32:52.693, 0, 98 %, 22 %, 12693 MiB, 135.24 W
2026/09/23 13:32:52.694, 1, 98 %, 24 %, 12693 MiB, 129.19 W
2026/09/23 13:32:52.695, 2, 99 %, 26 %, 12691 MiB, 127.86 W
2026/09/23 13:32:52.696, 3, 99 %, 22 %, 12691 MiB, 135.15 W
2026/09/23 13:32:53.698, 0, 98 %, 22 %, 12693 MiB, 135.72 W
2026/09/23 13:32:53.700, 1, 99 %, 24 %, 12693 MiB, 128.71 W
2026/09/23 13:32:53.701, 2, 98 %, 26 %, 12691 MiB, 127.94 W
2026/09/23 13:32:53.702, 3, 99 %, 22 %, 12691 MiB, 134.67 W
2026/09/23 13:32:54.704, 0, 98 %, 21 %, 12693 MiB, 135.24 W
2026/09/23 13:32:54.705, 1, 99 %, 24 %, 12693 MiB, 128.23 W
2026/09/23 13:32:54.706, 2, 97 %, 27 %, 12691 MiB, 127.94 W
2026/09/23 13:32:54.707, 3, 99 %, 21 %, 12691 MiB, 134.18 W
2026/09/23 13:32:55.709, 0, 98 %, 21 %, 12693 MiB, 135.72 W
2026/09/23 13:32:55.711, 1, 98 %, 25 %, 12693 MiB, 128.23 W
2026/09/23 13:32:55.712, 2, 97 %, 27 %, 12691 MiB, 128.42 W
2026/09/23 13:32:55.713, 3, 99 %, 21 %, 12691 MiB, 135.15 W
2026/09/23 13:32:56.715, 0, 98 %, 20 %, 12693 MiB, 134.76 W
2026/09/23 13:32:56.716, 1, 98 %, 25 %, 12693 MiB, 128.23 W
2026/09/23 13:32:56.717, 2, 98 %, 28 %, 12691 MiB, 127.94 W
2026/09/23 13:32:56.718, 3, 99 %, 20 %, 12691 MiB, 135.15 W
2026/09/23 13:32:57.720, 0, 100 %, 21 %, 12693 MiB, 133.79 W
2026/09/23 13:32:57.722, 1, 98 %, 26 %, 12693 MiB, 127.26 W
2026/09/23 13:32:57.723, 2, 98 %, 29 %, 12691 MiB, 128.34 W
2026/09/23 13:32:57.724, 3, 100 %, 21 %, 12691 MiB, 134.67 W
2026/09/23 13:32:58.726, 0, 41 %, 1 %, 12693 MiB, 78.71 W
2026/09/23 13:32:58.727, 1, 41 %, 1 %, 12693 MiB, 74.25 W
2026/09/23 13:32:58.728, 2, 36 %, 1 %, 12691 MiB, 74.54 W
2026/09/23 13:32:58.729, 3, 36 %, 1 %, 12691 MiB, 77.25 W
2026/09/23 13:32:59.731, 0, 46 %, 1 %, 12693 MiB, 130.19 W
2026/09/23 13:32:59.733, 1, 41 %, 1 %, 12693 MiB, 82.86 W
2026/09/23 13:32:59.734, 2, 36 %, 1 %, 12691 MiB, 74.49 W
2026/09/23 13:32:59.735, 3, 36 %, 1 %, 12691 MiB, 77.15 W
2026/09/23 13:33:00.737, 0, 100 %, 21 %, 12693 MiB, 133.70 W
2026/09/23 13:33:00.738, 1, 98 %, 26 %, 12693 MiB, 127.74 W
2026/09/23 13:33:00.739, 2, 98 %, 29 %, 12691 MiB, 126.89 W
2026/09/23 13:33:00.740, 3, 100 %, 21 %, 12691 MiB, 134.18 W
2026/09/23 13:33:01.743, 0, 100 %, 22 %, 12693 MiB, 132.82 W
2026/09/23 13:33:01.744, 1, 97 %, 28 %, 12693 MiB, 127.35 W
2026/09/23 13:33:01.745, 2, 99 %, 31 %, 12691 MiB, 127.46 W
2026/09/23 13:33:01.746, 3, 100 %, 22 %, 12691 MiB, 135.15 W
2026/09/23 13:33:02.748, 0, 100 %, 23 %, 12693 MiB, 126.15 W
2026/09/23 13:33:02.749, 1, 98 %, 29 %, 12693 MiB, 116.90 W
2026/09/23 13:33:02.750, 2, 98 %, 31 %, 12691 MiB, 115.99 W
2026/09/23 13:33:02.751, 3, 100 %, 23 %, 12691 MiB, 122.45 W
2026/09/23 13:33:03.753, 0, 99 %, 24 %, 12693 MiB, 135.24 W
2026/09/23 13:33:03.754, 1, 97 %, 31 %, 12693 MiB, 128.71 W
2026/09/23 13:33:03.755, 2, 98 %, 31 %, 12691 MiB, 126.97 W
2026/09/23 13:33:03.757, 3, 98 %, 24 %, 12691 MiB, 135.15 W
2026/09/23 13:33:04.759, 0, 98 %, 26 %, 12693 MiB, 135.72 W
2026/09/23 13:33:04.760, 1, 97 %, 31 %, 12693 MiB, 128.23 W
2026/09/23 13:33:04.761, 2, 97 %, 31 %, 12691 MiB, 126.97 W
2026/09/23 13:33:04.762, 3, 97 %, 26 %, 12691 MiB, 135.63 W
2026/09/23 13:33:05.765, 0, 98 %, 28 %, 12693 MiB, 137.05 W
2026/09/23 13:33:05.766, 1, 96 %, 31 %, 12693 MiB, 129.13 W
2026/09/23 13:33:05.767, 2, 98 %, 31 %, 12691 MiB, 127.39 W
2026/09/23 13:33:05.768, 3, 97 %, 28 %, 12691 MiB, 137.05 W
2026/09/23 13:33:06.771, 0, 98 %, 32 %, 12693 MiB, 138.41 W
2026/09/23 13:33:06.772, 1, 97 %, 31 %, 12693 MiB, 129.53 W
2026/09/23 13:33:06.773, 2, 96 %, 31 %, 12691 MiB, 127.79 W
2026/09/23 13:33:06.774, 3, 98 %, 31 %, 12691 MiB, 135.99 W
2026/09/23 13:33:07.776, 0, 97 %, 31 %, 12693 MiB, 136.08 W
2026/09/23 13:33:07.777, 1, 96 %, 31 %, 12693 MiB, 128.57 W
2026/09/23 13:33:07.778, 2, 97 %, 30 %, 12691 MiB, 127.31 W
2026/09/23 13:33:07.780, 3, 97 %, 32 %, 12691 MiB, 135.51 W
2026/09/23 13:33:08.782, 0, 96 %, 31 %, 12693 MiB, 137.05 W
2026/09/23 13:33:08.783, 1, 97 %, 30 %, 12693 MiB, 129.53 W
2026/09/23 13:33:08.784, 2, 97 %, 28 %, 12691 MiB, 127.79 W
2026/09/23 13:33:08.785, 3, 97 %, 32 %, 12691 MiB, 136.47 W
2026/09/23 13:33:09.787, 0, 96 %, 31 %, 12693 MiB, 136.56 W
2026/09/23 13:33:09.788, 1, 96 %, 28 %, 12693 MiB, 129.53 W
2026/09/23 13:33:09.789, 2, 98 %, 27 %, 12691 MiB, 127.79 W
2026/09/23 13:33:09.790, 3, 96 %, 32 %, 12691 MiB, 136.47 W
2026/09/23 13:33:10.792, 0, 97 %, 31 %, 12693 MiB, 136.56 W
2026/09/23 13:33:10.794, 1, 98 %, 26 %, 12693 MiB, 129.53 W
2026/09/23 13:33:10.795, 2, 99 %, 24 %, 12691 MiB, 127.79 W
2026/09/23 13:33:10.796, 3, 97 %, 31 %, 12691 MiB, 136.47 W
2026/09/23 13:33:11.798, 0, 96 %, 31 %, 12693 MiB, 139.86 W
2026/09/23 13:33:11.799, 1, 98 %, 23 %, 12693 MiB, 130.98 W
2026/09/23 13:33:11.800, 2, 99 %, 21 %, 12691 MiB, 128.76 W
2026/09/23 13:33:11.801, 3, 97 %, 29 %, 12691 MiB, 139.86 W
2026/09/23 13:33:12.803, 0, 98 %, 29 %, 12693 MiB, 138.41 W
2026/09/23 13:33:12.804, 1, 100 %, 21 %, 12693 MiB, 131.46 W
2026/09/23 13:33:12.805, 2, 100 %, 22 %, 12691 MiB, 129.25 W
2026/09/23 13:33:12.806, 3, 98 %, 27 %, 12691 MiB, 137.92 W
2026/09/23 13:33:13.808, 0, 99 %, 29 %, 12693 MiB, 129.88 W
2026/09/23 13:33:13.810, 1, 100 %, 23 %, 12693 MiB, 124.30 W
2026/09/23 13:33:13.811, 2, 99 %, 25 %, 12691 MiB, 122.53 W
2026/09/23 13:33:13.812, 3, 99 %, 24 %, 12691 MiB, 132.69 W
2026/09/23 13:33:14.814, 0, 96 %, 31 %, 14457 MiB, 126.49 W
2026/09/23 13:33:14.815, 1, 98 %, 26 %, 14459 MiB, 121.48 W
2026/09/23 13:33:14.816, 2, 98 %, 28 %, 14453 MiB, 121.08 W
2026/09/23 13:33:14.817, 3, 100 %, 21 %, 14453 MiB, 128.34 W
2026/09/23 13:33:15.819, 0, 96 %, 31 %, 12693 MiB, 133.66 W
2026/09/23 13:33:15.820, 1, 99 %, 30 %, 12693 MiB, 127.20 W
2026/09/23 13:33:15.821, 2, 96 %, 32 %, 12691 MiB, 125.85 W
2026/09/23 13:33:15.822, 3, 100 %, 23 %, 12691 MiB, 134.54 W
2026/09/23 13:33:16.824, 0, 96 %, 31 %, 12693 MiB, 137.92 W
2026/09/23 13:33:16.825, 1, 96 %, 31 %, 12693 MiB, 130.01 W
2026/09/23 13:33:16.826, 2, 97 %, 32 %, 12691 MiB, 127.79 W
2026/09/23 13:33:16.827, 3, 98 %, 26 %, 12691 MiB, 136.47 W
2026/09/23 13:33:17.829, 0, 96 %, 30 %, 12693 MiB, 137.05 W
2026/09/23 13:33:17.831, 1, 96 %, 31 %, 12693 MiB, 130.98 W
2026/09/23 13:33:17.831, 2, 96 %, 32 %, 12691 MiB, 127.79 W
2026/09/23 13:33:17.833, 3, 98 %, 30 %, 12691 MiB, 136.96 W
2026/09/23 13:33:18.835, 0, 97 %, 28 %, 12693 MiB, 136.56 W
2026/09/23 13:33:18.836, 1, 96 %, 31 %, 12693 MiB, 130.01 W
2026/09/23 13:33:18.838, 2, 97 %, 29 %, 12691 MiB, 128.28 W
2026/09/23 13:33:18.839, 3, 97 %, 32 %, 12691 MiB, 136.47 W
2026/09/23 13:33:19.841, 0, 98 %, 23 %, 12693 MiB, 137.92 W
2026/09/23 13:33:19.842, 1, 96 %, 28 %, 12693 MiB, 130.01 W
2026/09/23 13:33:19.843, 2, 98 %, 27 %, 12691 MiB, 128.28 W
2026/09/23 13:33:19.844, 3, 98 %, 32 %, 12691 MiB, 138.41 W
2026/09/23 13:33:20.846, 0, 100 %, 22 %, 12693 MiB, 136.47 W
2026/09/23 13:33:20.847, 1, 98 %, 25 %, 12693 MiB, 130.01 W
2026/09/23 13:33:20.848, 2, 99 %, 23 %, 12691 MiB, 128.28 W
2026/09/23 13:33:20.849, 3, 98 %, 30 %, 12691 MiB, 137.44 W
2026/09/23 13:33:21.852, 0, 99 %, 24 %, 12693 MiB, 140.82 W
2026/09/23 13:33:21.853, 1, 99 %, 20 %, 12693 MiB, 131.46 W
2026/09/23 13:33:21.854, 2, 100 %, 22 %, 12691 MiB, 129.25 W
2026/09/23 13:33:21.855, 3, 98 %, 28 %, 12691 MiB, 138.41 W
2026/09/23 13:33:22.857, 0, 98 %, 29 %, 12693 MiB, 134.63 W
2026/09/23 13:33:22.858, 1, 100 %, 24 %, 12693 MiB, 128.17 W
2026/09/23 13:33:22.859, 2, 98 %, 25 %, 12691 MiB, 126.82 W
2026/09/23 13:33:22.860, 3, 99 %, 23 %, 12691 MiB, 135.02 W
2026/09/23 13:33:23.862, 0, 96 %, 31 %, 14457 MiB, 125.03 W
2026/09/23 13:33:23.863, 1, 98 %, 28 %, 14459 MiB, 121.97 W
2026/09/23 13:33:23.864, 2, 97 %, 30 %, 14453 MiB, 120.59 W
2026/09/23 13:33:23.866, 3, 100 %, 22 %, 14453 MiB, 127.86 W
2026/09/23 13:33:24.868, 0, 96 %, 31 %, 12693 MiB, 133.18 W
2026/09/23 13:33:24.869, 1, 96 %, 32 %, 12693 MiB, 126.72 W
2026/09/23 13:33:24.871, 2, 97 %, 32 %, 12691 MiB, 126.42 W
2026/09/23 13:33:24.872, 3, 99 %, 25 %, 12691 MiB, 134.15 W
2026/09/23 13:33:25.874, 0, 96 %, 27 %, 12693 MiB, 79.84 W
2026/09/23 13:33:25.875, 1, 88 %, 23 %, 12693 MiB, 74.88 W
2026/09/23 13:33:25.876, 2, 95 %, 25 %, 12691 MiB, 75.22 W
2026/09/23 13:33:25.877, 3, 70 %, 16 %, 12691 MiB, 78.38 W
2026/09/23 13:33:26.879, 0, 41 %, 1 %, 12693 MiB, 79.35 W
2026/09/23 13:33:26.880, 1, 41 %, 1 %, 12693 MiB, 74.39 W
2026/09/23 13:33:26.881, 2, 37 %, 1 %, 12691 MiB, 74.69 W
2026/09/23 13:33:26.882, 3, 36 %, 1 %, 12691 MiB, 77.89 W
2026/09/23 13:33:27.885, 0, 31 %, 11 %, 12693 MiB, 78.38 W
2026/09/23 13:33:27.886, 1, 15 %, 10 %, 12693 MiB, 73.42 W
2026/09/23 13:33:27.887, 2, 37 %, 1 %, 12691 MiB, 74.20 W
2026/09/23 13:33:27.888, 3, 37 %, 1 %, 12691 MiB, 77.41 W
2026/09/23 13:33:28.890, 0, 96 %, 28 %, 12693 MiB, 137.53 W
2026/09/23 13:33:28.891, 1, 96 %, 31 %, 12693 MiB, 129.53 W
2026/09/23 13:33:28.892, 2, 97 %, 30 %, 12691 MiB, 128.28 W
2026/09/23 13:33:28.893, 3, 97 %, 32 %, 12691 MiB, 137.44 W
2026/09/23 13:33:29.895, 0, 98 %, 23 %, 12693 MiB, 136.96 W
2026/09/23 13:33:29.897, 1, 96 %, 28 %, 12693 MiB, 130.01 W
2026/09/23 13:33:29.898, 2, 98 %, 27 %, 12691 MiB, 128.28 W
2026/09/23 13:33:29.899, 3, 97 %, 32 %, 12691 MiB, 136.96 W
2026/09/23 13:33:30.901, 0, 96 %, 31 %, 12693 MiB, 136.56 W
2026/09/23 13:33:30.902, 1, 98 %, 24 %, 12693 MiB, 130.50 W
2026/09/23 13:33:30.904, 2, 99 %, 24 %, 12691 MiB, 128.28 W
2026/09/23 13:33:30.905, 3, 98 %, 30 %, 12691 MiB, 136.96 W
2026/09/23 13:33:31.907, 0, 97 %, 32 %, 12693 MiB, 139.86 W
2026/09/23 13:33:31.909, 1, 100 %, 22 %, 12693 MiB, 130.98 W
2026/09/23 13:33:31.910, 2, 100 %, 21 %, 12691 MiB, 128.28 W
2026/09/23 13:33:31.911, 3, 99 %, 26 %, 12691 MiB, 139.86 W
2026/09/23 13:33:32.913, 0, 96 %, 29 %, 12693 MiB, 134.15 W
2026/09/23 13:33:32.914, 1, 97 %, 26 %, 12693 MiB, 128.08 W
2026/09/23 13:33:32.915, 2, 100 %, 24 %, 12691 MiB, 126.34 W
2026/09/23 13:33:32.916, 3, 99 %, 21 %, 12691 MiB, 135.51 W
2026/09/23 13:33:33.918, 0, 98 %, 25 %, 12693 MiB, 131.73 W
2026/09/23 13:33:33.919, 1, 98 %, 32 %, 12693 MiB, 123.82 W
2026/09/23 13:33:33.920, 2, 98 %, 26 %, 12691 MiB, 123.02 W
2026/09/23 13:33:33.921, 3, 100 %, 24 %, 12691 MiB, 131.24 W
2026/09/23 13:33:34.924, 0, 100 %, 22 %, 12693 MiB, 124.55 W
2026/09/23 13:33:34.925, 1, 96 %, 32 %, 12693 MiB, 114.79 W
2026/09/23 13:33:34.926, 2, 98 %, 29 %, 12691 MiB, 110.05 W
2026/09/23 13:33:34.928, 3, 98 %, 27 %, 12691 MiB, 115.99 W
2026/09/23 13:33:35.931, 0, 99 %, 26 %, 12693 MiB, 139.01 W
2026/09/23 13:33:35.933, 1, 96 %, 30 %, 12693 MiB, 130.55 W
2026/09/23 13:33:35.934, 2, 97 %, 32 %, 12691 MiB, 128.34 W
2026/09/23 13:33:35.935, 3, 97 %, 32 %, 12691 MiB, 138.91 W
2026/09/23 13:33:36.937, 0, 96 %, 31 %, 12693 MiB, 137.08 W
2026/09/23 13:33:36.938, 1, 97 %, 26 %, 12693 MiB, 130.15 W
2026/09/23 13:33:36.939, 2, 97 %, 32 %, 12691 MiB, 128.34 W
2026/09/23 13:33:36.940, 3, 97 %, 32 %, 12691 MiB, 137.56 W
2026/09/23 13:33:37.942, 0, 96 %, 31 %, 12693 MiB, 137.08 W
2026/09/23 13:33:37.943, 1, 98 %, 22 %, 12693 MiB, 130.15 W
2026/09/23 13:33:37.945, 2, 96 %, 28 %, 12691 MiB, 128.82 W
2026/09/23 13:33:37.946, 3, 97 %, 32 %, 12691 MiB, 138.04 W
2026/09/23 13:33:38.948, 0, 96 %, 29 %, 12693 MiB, 138.04 W
2026/09/23 13:33:38.949, 1, 100 %, 22 %, 12693 MiB, 131.60 W
2026/09/23 13:33:38.950, 2, 99 %, 23 %, 12691 MiB, 129.79 W
2026/09/23 13:33:38.951, 3, 97 %, 29 %, 12691 MiB, 138.04 W
2026/09/23 13:33:39.953, 0, 98 %, 24 %, 14457 MiB, 124.30 W
2026/09/23 13:33:39.955, 1, 100 %, 24 %, 14459 MiB, 119.23 W
2026/09/23 13:33:39.956, 2, 100 %, 24 %, 14453 MiB, 119.87 W
2026/09/23 13:33:39.957, 3, 99 %, 25 %, 14453 MiB, 111.26 W
2026/09/23 13:33:40.961, 0, 100 %, 23 %, 12693 MiB, 124.30 W
2026/09/23 13:33:40.962, 1, 98 %, 27 %, 12693 MiB, 113.52 W
2026/09/23 13:33:40.963, 2, 98 %, 29 %, 12691 MiB, 115.02 W
2026/09/23 13:33:40.964, 3, 100 %, 23 %, 12691 MiB, 119.07 W
2026/09/23 13:33:41.966, 0, 99 %, 29 %, 12693 MiB, 140.45 W
2026/09/23 13:33:41.968, 1, 96 %, 32 %, 12693 MiB, 131.12 W
2026/09/23 13:33:41.970, 2, 97 %, 32 %, 12691 MiB, 128.82 W
2026/09/23 13:33:41.971, 3, 98 %, 28 %, 12691 MiB, 139.88 W
2026/09/23 13:33:42.973, 0, 96 %, 31 %, 12693 MiB, 139.01 W
2026/09/23 13:33:42.974, 1, 96 %, 32 %, 12693 MiB, 131.12 W
2026/09/23 13:33:42.975, 2, 97 %, 30 %, 12691 MiB, 128.82 W
2026/09/23 13:33:42.976, 3, 97 %, 32 %, 12691 MiB, 138.91 W
2026/09/23 13:33:43.979, 0, 95 %, 30 %, 12693 MiB, 139.49 W
2026/09/23 13:33:43.980, 1, 95 %, 28 %, 12693 MiB, 131.12 W
2026/09/23 13:33:43.981, 2, 99 %, 26 %, 12691 MiB, 128.82 W
2026/09/23 13:33:43.982, 3, 98 %, 31 %, 12691 MiB, 139.97 W
2026/09/23 13:33:44.984, 0, 98 %, 26 %, 12693 MiB, 132.82 W
2026/09/23 13:33:44.985, 1, 98 %, 22 %, 12693 MiB, 126.38 W
2026/09/23 13:33:44.987, 2, 100 %, 22 %, 12691 MiB, 126.00 W
2026/09/23 13:33:44.988, 3, 98 %, 27 %, 12691 MiB, 134.67 W
2026/09/23 13:33:45.991, 0, 100 %, 22 %, 12693 MiB, 131.86 W
2026/09/23 13:33:45.993, 1, 100 %, 24 %, 12693 MiB, 123.97 W
2026/09/23 13:33:45.994, 2, 98 %, 27 %, 12691 MiB, 125.12 W
2026/09/23 13:33:45.995, 3, 100 %, 21 %, 12691 MiB, 130.32 W
2026/09/23 13:33:46.997, 0, 98 %, 27 %, 12693 MiB, 137.56 W
2026/09/23 13:33:46.998, 1, 98 %, 30 %, 12693 MiB, 130.63 W
2026/09/23 13:33:46.999, 2, 97 %, 32 %, 12691 MiB, 128.34 W
2026/09/23 13:33:47.002, 3, 98 %, 26 %, 12691 MiB, 137.56 W
2026/09/23 13:33:48.004, 0, 96 %, 32 %, 12693 MiB, 139.49 W
2026/09/23 13:33:48.004, 1, 96 %, 30 %, 12693 MiB, 131.60 W
2026/09/23 13:33:48.005, 2, 97 %, 28 %, 12691 MiB, 129.31 W
2026/09/23 13:33:48.006, 3, 97 %, 32 %, 12691 MiB, 138.43 W
2026/09/23 13:33:49.009, 0, 96 %, 28 %, 12693 MiB, 141.42 W
2026/09/23 13:33:49.011, 1, 98 %, 26 %, 12693 MiB, 132.95 W
2026/09/23 13:33:49.012, 2, 99 %, 23 %, 12691 MiB, 129.79 W
2026/09/23 13:33:49.013, 3, 98 %, 29 %, 12691 MiB, 138.91 W
2026/09/23 13:33:50.015, 0, 98 %, 22 %, 12693 MiB, 118.58 W
2026/09/23 13:33:50.016, 1, 100 %, 22 %, 12693 MiB, 106.91 W
2026/09/23 13:33:50.018, 2, 100 %, 25 %, 12691 MiB, 104.01 W
2026/09/23 13:33:50.019, 3, 99 %, 24 %, 12691 MiB, 104.70 W
2026/09/23 13:33:51.023, 0, 100 %, 25 %, 12693 MiB, 130.89 W
2026/09/23 13:33:51.024, 1, 98 %, 28 %, 12693 MiB, 123.01 W
2026/09/23 13:33:51.025, 2, 97 %, 32 %, 12691 MiB, 126.97 W
2026/09/23 13:33:51.026, 3, 100 %, 25 %, 12691 MiB, 133.70 W
2026/09/23 13:33:52.028, 0, 97 %, 32 %, 12693 MiB, 140.45 W
2026/09/23 13:33:52.029, 1, 96 %, 32 %, 12693 MiB, 131.60 W
2026/09/23 13:33:52.030, 2, 97 %, 32 %, 12691 MiB, 129.31 W
2026/09/23 13:33:52.033, 3, 99 %, 31 %, 12691 MiB, 139.88 W
2026/09/23 13:33:53.035, 0, 96 %, 32 %, 12693 MiB, 139.97 W
2026/09/23 13:33:53.036, 1, 96 %, 30 %, 12693 MiB, 131.60 W
2026/09/23 13:33:53.037, 2, 97 %, 28 %, 12691 MiB, 129.31 W
2026/09/23 13:33:53.038, 3, 98 %, 32 %, 12691 MiB, 140.36 W
2026/09/23 13:33:54.040, 0, 97 %, 28 %, 12693 MiB, 140.93 W
2026/09/23 13:33:54.041, 1, 98 %, 24 %, 12693 MiB, 132.47 W
2026/09/23 13:33:54.042, 2, 99 %, 21 %, 12691 MiB, 129.79 W
2026/09/23 13:33:54.043, 3, 97 %, 28 %, 12691 MiB, 139.49 W
2026/09/23 13:33:55.045, 0, 41 %, 1 %, 12693 MiB, 80.17 W
2026/09/23 13:33:55.046, 1, 41 %, 1 %, 12693 MiB, 74.73 W
2026/09/23 13:33:55.049, 2, 36 %, 1 %, 12691 MiB, 75.03 W
2026/09/23 13:33:55.050, 3, 36 %, 1 %, 12691 MiB, 78.23 W
2026/09/23 13:33:56.053, 0, 41 %, 1 %, 12693 MiB, 79.68 W
2026/09/23 13:33:56.056, 1, 41 %, 1 %, 12693 MiB, 74.25 W
2026/09/23 13:33:56.057, 2, 36 %, 1 %, 12691 MiB, 75.03 W
2026/09/23 13:33:56.058, 3, 36 %, 1 %, 12691 MiB, 77.74 W
2026/09/23 13:33:57.060, 0, 98 %, 22 %, 12693 MiB, 131.38 W
2026/09/23 13:33:57.062, 1, 100 %, 23 %, 12693 MiB, 125.42 W
2026/09/23 13:33:57.063, 2, 98 %, 24 %, 12691 MiB, 124.55 W
2026/09/23 13:33:57.064, 3, 99 %, 23 %, 12691 MiB, 133.70 W
2026/09/23 13:33:58.066, 0, 100 %, 26 %, 12693 MiB, 132.34 W
2026/09/23 13:33:58.068, 1, 98 %, 29 %, 12693 MiB, 124.46 W
2026/09/23 13:33:58.069, 2, 98 %, 32 %, 12691 MiB, 124.55 W
2026/09/23 13:33:58.070, 3, 100 %, 25 %, 12691 MiB, 131.86 W
2026/09/23 13:33:59.072, 0, 96 %, 32 %, 12693 MiB, 138.52 W
2026/09/23 13:33:59.074, 1, 96 %, 32 %, 12693 MiB, 130.15 W
2026/09/23 13:33:59.075, 2, 97 %, 32 %, 12691 MiB, 129.31 W
2026/09/23 13:33:59.076, 3, 97 %, 32 %, 12691 MiB, 138.52 W
2026/09/23 13:34:00.078, 0, 95 %, 31 %, 12693 MiB, 138.91 W
2026/09/23 13:34:00.079, 1, 96 %, 29 %, 12693 MiB, 131.03 W
2026/09/23 13:34:00.080, 2, 98 %, 28 %, 12691 MiB, 128.74 W
2026/09/23 13:34:00.081, 3, 98 %, 32 %, 12691 MiB, 138.91 W
2026/09/23 13:34:01.084, 0, 98 %, 26 %, 12693 MiB, 140.93 W
2026/09/23 13:34:01.087, 1, 98 %, 23 %, 12693 MiB, 131.60 W
2026/09/23 13:34:01.089, 2, 100 %, 22 %, 12691 MiB, 128.82 W
2026/09/23 13:34:01.089, 3, 98 %, 28 %, 12691 MiB, 140.84 W
2026/09/23 13:34:02.092, 0, 100 %, 23 %, 12693 MiB, 117.13 W
2026/09/23 13:34:02.093, 1, 99 %, 25 %, 12693 MiB, 107.39 W
2026/09/23 13:34:02.094, 2, 98 %, 27 %, 12691 MiB, 103.52 W
2026/09/23 13:34:02.096, 3, 100 %, 22 %, 12691 MiB, 107.05 W
2026/09/23 13:34:03.098, 0, 98 %, 29 %, 12693 MiB, 126.15 W
2026/09/23 13:34:03.099, 1, 96 %, 32 %, 12693 MiB, 119.72 W
2026/09/23 13:34:03.101, 2, 97 %, 32 %, 12691 MiB, 124.55 W
2026/09/23 13:34:03.102, 3, 99 %, 28 %, 12691 MiB, 131.86 W
2026/09/23 13:34:04.104, 0, 96 %, 32 %, 12693 MiB, 139.97 W
2026/09/23 13:34:04.105, 1, 96 %, 31 %, 12693 MiB, 131.60 W
2026/09/23 13:34:04.106, 2, 97 %, 29 %, 12691 MiB, 129.31 W
2026/09/23 13:34:04.107, 3, 97 %, 32 %, 12691 MiB, 138.04 W
2026/09/23 13:34:05.109, 0, 96 %, 28 %, 12693 MiB, 138.04 W
2026/09/23 13:34:05.110, 1, 98 %, 25 %, 12693 MiB, 131.60 W
2026/09/23 13:34:05.111, 2, 99 %, 23 %, 12691 MiB, 128.82 W
2026/09/23 13:34:05.112, 3, 98 %, 29 %, 12691 MiB, 138.52 W
2026/09/23 13:34:06.115, 0, 98 %, 21 %, 12693 MiB, 138.98 W
2026/09/23 13:34:06.117, 1, 100 %, 24 %, 12693 MiB, 132.03 W
2026/09/23 13:34:06.118, 2, 99 %, 25 %, 12691 MiB, 129.82 W
2026/09/23 13:34:06.119, 3, 99 %, 23 %, 12691 MiB, 138.98 W
2026/09/23 13:34:07.121, 0, 98 %, 27 %, 12693 MiB, 131.24 W
2026/09/23 13:34:07.122, 1, 98 %, 30 %, 12693 MiB, 124.30 W
2026/09/23 13:34:07.124, 2, 97 %, 32 %, 12691 MiB, 122.53 W
2026/09/23 13:34:07.125, 3, 99 %, 26 %, 12691 MiB, 129.79 W
2026/09/23 13:34:08.127, 0, 96 %, 32 %, 12693 MiB, 138.41 W
2026/09/23 13:34:08.128, 1, 96 %, 32 %, 12693 MiB, 130.50 W
2026/09/23 13:34:08.129, 2, 97 %, 31 %, 12691 MiB, 129.25 W
2026/09/23 13:34:08.130, 3, 98 %, 32 %, 12691 MiB, 138.41 W
2026/09/23 13:34:09.132, 0, 96 %, 29 %, 12693 MiB, 139.38 W
2026/09/23 13:34:09.133, 1, 96 %, 27 %, 12693 MiB, 131.46 W
2026/09/23 13:34:09.134, 2, 99 %, 25 %, 12691 MiB, 129.25 W
2026/09/23 13:34:09.136, 3, 96 %, 30 %, 12691 MiB, 140.34 W
2026/09/23 13:34:10.138, 0, 98 %, 22 %, 12693 MiB, 140.82 W
2026/09/23 13:34:10.139, 1, 100 %, 22 %, 12693 MiB, 132.91 W
2026/09/23 13:34:10.141, 2, 100 %, 25 %, 12691 MiB, 129.73 W
2026/09/23 13:34:10.142, 3, 99 %, 24 %, 12691 MiB, 139.86 W
2026/09/23 13:34:11.146, 0, 99 %, 26 %, 14457 MiB, 129.39 W
2026/09/23 13:34:11.149, 1, 98 %, 29 %, 14459 MiB, 123.90 W
2026/09/23 13:34:11.150, 2, 98 %, 32 %, 14453 MiB, 122.94 W
2026/09/23 13:34:11.152, 3, 100 %, 25 %, 14453 MiB, 128.34 W
2026/09/23 13:34:12.154, 0, 96 %, 32 %, 12693 MiB, 138.89 W
2026/09/23 13:34:12.155, 1, 96 %, 32 %, 12693 MiB, 131.95 W
2026/09/23 13:34:12.156, 2, 96 %, 32 %, 12691 MiB, 129.25 W
2026/09/23 13:34:12.157, 3, 98 %, 32 %, 12691 MiB, 138.41 W
2026/09/23 13:34:13.159, 0, 96 %, 30 %, 12693 MiB, 138.89 W
2026/09/23 13:34:13.160, 1, 97 %, 28 %, 12693 MiB, 130.98 W
2026/09/23 13:34:13.162, 2, 99 %, 26 %, 12691 MiB, 129.73 W
2026/09/23 13:34:13.163, 3, 98 %, 31 %, 12691 MiB, 138.41 W
2026/09/23 13:34:14.165, 0, 98 %, 23 %, 12693 MiB, 140.34 W
2026/09/23 13:34:14.166, 1, 100 %, 22 %, 12693 MiB, 131.95 W
2026/09/23 13:34:14.167, 2, 100 %, 24 %, 12691 MiB, 129.73 W
2026/09/23 13:34:14.168, 3, 99 %, 25 %, 12691 MiB, 140.25 W
2026/09/23 13:34:15.170, 0, 99 %, 26 %, 12693 MiB, 120.27 W
2026/09/23 13:34:15.171, 1, 98 %, 29 %, 12693 MiB, 111.40 W
2026/09/23 13:34:15.172, 2, 98 %, 32 %, 12691 MiB, 111.92 W
2026/09/23 13:34:15.173, 3, 100 %, 25 %, 12691 MiB, 113.56 W
2026/09/23 13:34:16.176, 0, 96 %, 32 %, 12693 MiB, 141.31 W
2026/09/23 13:34:16.177, 1, 97 %, 32 %, 12693 MiB, 131.46 W
2026/09/23 13:34:16.178, 2, 97 %, 31 %, 12691 MiB, 129.73 W
2026/09/23 13:34:16.180, 3, 97 %, 32 %, 12691 MiB, 137.92 W
2026/09/23 13:34:17.182, 0, 82 %, 26 %, 12693 MiB, 139.86 W
2026/09/23 13:34:17.183, 1, 95 %, 26 %, 12693 MiB, 131.46 W
2026/09/23 13:34:17.185, 2, 85 %, 25 %, 12691 MiB, 129.25 W
2026/09/23 13:34:17.188, 3, 85 %, 26 %, 12691 MiB, 139.86 W
2026/09/23 13:34:18.190, 0, 99 %, 22 %, 12693 MiB, 138.89 W
2026/09/23 13:34:18.195, 1, 98 %, 27 %, 12693 MiB, 131.46 W
2026/09/23 13:34:18.196, 2, 97 %, 30 %, 12691 MiB, 129.73 W
2026/09/23 13:34:18.197, 3, 100 %, 23 %, 12691 MiB, 138.89 W
2026/09/23 13:34:19.199, 0, 98 %, 27 %, 12693 MiB, 132.69 W
2026/09/23 13:34:19.201, 1, 96 %, 32 %, 12693 MiB, 123.82 W
2026/09/23 13:34:19.202, 2, 99 %, 23 %, 12691 MiB, 123.50 W
2026/09/23 13:34:19.203, 3, 99 %, 31 %, 12691 MiB, 130.76 W
2026/09/23 13:34:20.206, 0, 96 %, 32 %, 12693 MiB, 140.34 W
2026/09/23 13:34:20.207, 1, 95 %, 29 %, 12693 MiB, 130.98 W
2026/09/23 13:34:20.208, 2, 98 %, 26 %, 12691 MiB, 129.73 W
2026/09/23 13:34:20.209, 3, 98 %, 32 %, 12691 MiB, 139.86 W
2026/09/23 13:34:21.211, 0, 96 %, 32 %, 12693 MiB, 138.89 W
2026/09/23 13:34:21.212, 1, 98 %, 21 %, 12693 MiB, 131.95 W
2026/09/23 13:34:21.213, 2, 97 %, 32 %, 12691 MiB, 129.73 W
2026/09/23 13:34:21.214, 3, 99 %, 26 %, 12691 MiB, 138.89 W
2026/09/23 13:34:22.217, 0, 98 %, 25 %, 12693 MiB, 137.92 W
2026/09/23 13:34:22.218, 1, 98 %, 28 %, 12693 MiB, 130.50 W
2026/09/23 13:34:22.219, 2, 97 %, 29 %, 12691 MiB, 128.76 W
2026/09/23 13:34:22.220, 3, 100 %, 25 %, 12691 MiB, 137.92 W
2026/09/23 13:34:23.222, 0, 100 %, 25 %, 12693 MiB, 132.30 W
2026/09/23 13:34:23.223, 1, 95 %, 32 %, 12693 MiB, 124.30 W
2026/09/23 13:34:23.224, 2, 99 %, 22 %, 12691 MiB, 124.48 W
2026/09/23 13:34:23.225, 3, 97 %, 32 %, 12691 MiB, 132.21 W
2026/09/23 13:34:24.228, 0, 41 %, 1 %, 12693 MiB, 80.32 W
2026/09/23 13:34:24.229, 1, 41 %, 1 %, 12693 MiB, 74.39 W
2026/09/23 13:34:24.230, 2, 36 %, 1 %, 12691 MiB, 75.18 W
2026/09/23 13:34:24.231, 3, 36 %, 1 %, 12691 MiB, 78.33 W
2026/09/23 13:34:25.233, 0, 41 %, 1 %, 12693 MiB, 138.68 W
2026/09/23 13:34:25.235, 1, 41 %, 1 %, 12693 MiB, 86.90 W
2026/09/23 13:34:25.236, 2, 36 %, 1 %, 12691 MiB, 75.13 W
2026/09/23 13:34:25.237, 3, 36 %, 1 %, 12691 MiB, 78.28 W
2026/09/23 13:34:26.240, 0, 98 %, 29 %, 12693 MiB, 138.41 W
2026/09/23 13:34:26.241, 1, 96 %, 30 %, 12693 MiB, 130.98 W
2026/09/23 13:34:26.242, 2, 100 %, 25 %, 12691 MiB, 129.25 W
2026/09/23 13:34:26.243, 3, 97 %, 32 %, 12691 MiB, 138.41 W
2026/09/23 13:34:27.245, 0, 96 %, 32 %, 12693 MiB, 139.38 W
2026/09/23 13:34:27.246, 1, 98 %, 23 %, 12693 MiB, 131.46 W
2026/09/23 13:34:27.247, 2, 97 %, 32 %, 12691 MiB, 129.25 W
2026/09/23 13:34:27.248, 3, 99 %, 27 %, 12691 MiB, 139.38 W
2026/09/23 13:34:28.250, 0, 98 %, 26 %, 12693 MiB, 140.34 W
2026/09/23 13:34:28.251, 1, 98 %, 27 %, 12693 MiB, 132.91 W
2026/09/23 13:34:28.253, 2, 97 %, 30 %, 12691 MiB, 130.71 W
2026/09/23 13:34:28.254, 3, 100 %, 24 %, 12691 MiB, 139.28 W
2026/09/23 13:34:29.256, 0, 100 %, 24 %, 12693 MiB, 131.24 W
2026/09/23 13:34:29.257, 1, 98 %, 26 %, 12693 MiB, 122.85 W
2026/09/23 13:34:29.258, 2, 99 %, 23 %, 12691 MiB, 122.53 W
2026/09/23 13:34:29.259, 3, 98 %, 31 %, 12691 MiB, 129.31 W
2026/09/23 13:34:30.261, 0, 97 %, 32 %, 12693 MiB, 139.38 W
2026/09/23 13:34:30.262, 1, 100 %, 25 %, 12693 MiB, 130.98 W
2026/09/23 13:34:30.263, 2, 98 %, 27 %, 12691 MiB, 129.25 W
2026/09/23 13:34:30.264, 3, 98 %, 32 %, 12691 MiB, 139.38 W
2026/09/23 13:34:31.267, 0, 96 %, 31 %, 12693 MiB, 139.86 W
2026/09/23 13:34:31.268, 1, 96 %, 32 %, 12693 MiB, 131.95 W
2026/09/23 13:34:31.270, 2, 97 %, 32 %, 12691 MiB, 129.73 W
2026/09/23 13:34:31.271, 3, 99 %, 25 %, 12691 MiB, 139.28 W
2026/09/23 13:34:32.273, 0, 98 %, 23 %, 12693 MiB, 137.92 W
2026/09/23 13:34:32.274, 1, 96 %, 30 %, 12693 MiB, 130.50 W
2026/09/23 13:34:32.275, 2, 99 %, 28 %, 12691 MiB, 128.76 W
2026/09/23 13:34:32.276, 3, 100 %, 26 %, 12691 MiB, 137.92 W
2026/09/23 13:34:33.278, 0, 99 %, 27 %, 12693 MiB, 131.73 W
2026/09/23 13:34:33.280, 1, 98 %, 22 %, 12693 MiB, 123.82 W
2026/09/23 13:34:33.281, 2, 100 %, 23 %, 12691 MiB, 123.99 W
2026/09/23 13:34:33.282, 3, 97 %, 32 %, 12691 MiB, 131.73 W
2026/09/23 13:34:34.285, 0, 96 %, 32 %, 12693 MiB, 141.31 W
2026/09/23 13:34:34.286, 1, 98 %, 28 %, 12693 MiB, 131.95 W
2026/09/23 13:34:34.287, 2, 97 %, 31 %, 12691 MiB, 129.73 W
2026/09/23 13:34:34.288, 3, 98 %, 29 %, 12691 MiB, 137.92 W
2026/09/23 13:34:35.290, 0, 97 %, 28 %, 12693 MiB, 139.38 W
2026/09/23 13:34:35.291, 1, 96 %, 32 %, 12693 MiB, 131.46 W
2026/09/23 13:34:35.292, 2, 97 %, 32 %, 12691 MiB, 130.22 W
2026/09/23 13:34:35.293, 3, 100 %, 22 %, 12691 MiB, 138.89 W
2026/09/23 13:34:36.295, 0, 100 %, 23 %, 12693 MiB, 116.57 W
2026/09/23 13:34:36.297, 1, 97 %, 27 %, 12693 MiB, 112.07 W
2026/09/23 13:34:36.298, 2, 99 %, 24 %, 12691 MiB, 110.17 W
2026/09/23 13:34:36.299, 3, 98 %, 30 %, 12691 MiB, 111.81 W
2026/09/23 13:34:37.302, 0, 98 %, 32 %, 12693 MiB, 139.01 W
2026/09/23 13:34:37.303, 1, 100 %, 25 %, 12693 MiB, 131.60 W
2026/09/23 13:34:37.304, 2, 98 %, 26 %, 12691 MiB, 129.31 W
2026/09/23 13:34:37.305, 3, 97 %, 32 %, 12691 MiB, 138.43 W
2026/09/23 13:34:38.307, 0, 96 %, 31 %, 12693 MiB, 139.49 W
2026/09/23 13:34:38.308, 1, 96 %, 32 %, 12693 MiB, 131.60 W
2026/09/23 13:34:38.309, 2, 97 %, 32 %, 12691 MiB, 129.31 W
2026/09/23 13:34:38.310, 3, 99 %, 25 %, 12691 MiB, 140.36 W
2026/09/23 13:34:39.312, 0, 98 %, 23 %, 12693 MiB, 140.45 W
2026/09/23 13:34:39.313, 1, 95 %, 30 %, 12693 MiB, 132.95 W
2026/09/23 13:34:39.314, 2, 98 %, 30 %, 12691 MiB, 130.76 W
2026/09/23 13:34:39.316, 3, 99 %, 26 %, 12691 MiB, 139.88 W
2026/09/23 13:34:40.318, 0, 98 %, 27 %, 12693 MiB, 130.98 W
2026/09/23 13:34:40.319, 1, 98 %, 22 %, 12693 MiB, 123.49 W
2026/09/23 13:34:40.320, 2, 99 %, 24 %, 12691 MiB, 122.61 W
2026/09/23 13:34:40.321, 3, 98 %, 32 %, 12691 MiB, 130.41 W
2026/09/23 13:34:41.323, 0, 96 %, 32 %, 12693 MiB, 141.42 W
2026/09/23 13:34:41.324, 1, 98 %, 29 %, 12693 MiB, 131.99 W
2026/09/23 13:34:41.325, 2, 97 %, 28 %, 12691 MiB, 129.79 W
2026/09/23 13:34:41.326, 3, 98 %, 29 %, 12691 MiB, 140.84 W
2026/09/23 13:34:42.328, 0, 98 %, 27 %, 12693 MiB, 139.01 W
2026/09/23 13:34:42.330, 1, 96 %, 32 %, 12693 MiB, 131.12 W
2026/09/23 13:34:42.331, 2, 100 %, 22 %, 12691 MiB, 129.79 W
2026/09/23 13:34:42.332, 3, 99 %, 23 %, 12691 MiB, 138.91 W
2026/09/23 13:34:43.334, 0, 100 %, 25 %, 12693 MiB, 119.07 W
2026/09/23 13:34:43.335, 1, 98 %, 27 %, 12693 MiB, 111.18 W
2026/09/23 13:34:43.336, 2, 97 %, 29 %, 12691 MiB, 110.24 W
2026/09/23 13:34:43.337, 3, 99 %, 27 %, 12691 MiB, 111.81 W
2026/09/23 13:34:44.339, 0, 96 %, 32 %, 12693 MiB, 139.01 W
2026/09/23 13:34:44.341, 1, 100 %, 25 %, 12693 MiB, 131.60 W
2026/09/23 13:34:44.342, 2, 97 %, 32 %, 12691 MiB, 129.79 W
2026/09/23 13:34:44.344, 3, 98 %, 32 %, 12691 MiB, 138.52 W
2026/09/23 13:34:45.346, 0, 96 %, 29 %, 12693 MiB, 140.45 W
2026/09/23 13:34:45.347, 1, 98 %, 31 %, 12693 MiB, 131.60 W
2026/09/23 13:34:45.350, 2, 99 %, 25 %, 12691 MiB, 129.31 W
2026/09/23 13:34:45.351, 3, 98 %, 32 %, 12691 MiB, 139.88 W
2026/09/23 13:34:46.355, 0, 100 %, 22 %, 12693 MiB, 140.45 W
2026/09/23 13:34:46.356, 1, 98 %, 27 %, 12693 MiB, 132.95 W
2026/09/23 13:34:46.357, 2, 98 %, 26 %, 12691 MiB, 130.76 W
2026/09/23 13:34:46.358, 3, 99 %, 26 %, 12691 MiB, 139.88 W
2026/09/23 13:34:47.360, 0, 99 %, 30 %, 12693 MiB, 131.38 W
2026/09/23 13:34:47.361, 1, 95 %, 32 %, 12693 MiB, 123.49 W
2026/09/23 13:34:47.362, 2, 97 %, 32 %, 12691 MiB, 123.10 W
2026/09/23 13:34:47.363, 3, 99 %, 26 %, 12691 MiB, 130.89 W
2026/09/23 13:34:48.367, 0, 95 %, 31 %, 12693 MiB, 142.38 W
2026/09/23 13:34:48.368, 1, 96 %, 30 %, 12693 MiB, 131.60 W
2026/09/23 13:34:48.369, 2, 98 %, 29 %, 12691 MiB, 129.79 W
2026/09/23 13:34:48.370, 3, 98 %, 32 %, 12691 MiB, 138.91 W
2026/09/23 13:34:49.372, 0, 98 %, 24 %, 12693 MiB, 139.97 W
2026/09/23 13:34:49.373, 1, 98 %, 21 %, 12693 MiB, 131.60 W
2026/09/23 13:34:49.374, 2, 100 %, 24 %, 12691 MiB, 129.79 W
2026/09/23 13:34:49.375, 3, 98 %, 29 %, 12691 MiB, 139.88 W
2026/09/23 13:34:50.377, 0, 99 %, 27 %, 14457 MiB, 126.15 W
2026/09/23 13:34:50.378, 1, 98 %, 30 %, 14459 MiB, 120.20 W
2026/09/23 13:34:50.379, 2, 97 %, 33 %, 14453 MiB, 119.79 W
2026/09/23 13:34:50.381, 3, 100 %, 24 %, 14453 MiB, 127.52 W
2026/09/23 13:34:51.383, 0, 96 %, 32 %, 12693 MiB, 139.97 W
2026/09/23 13:34:51.384, 1, 95 %, 32 %, 12693 MiB, 131.12 W
2026/09/23 13:34:51.385, 2, 97 %, 30 %, 12691 MiB, 129.79 W
2026/09/23 13:34:51.386, 3, 98 %, 33 %, 12691 MiB, 138.91 W
2026/09/23 13:34:52.388, 0, 98 %, 26 %, 12693 MiB, 139.97 W
2026/09/23 13:34:52.390, 1, 98 %, 24 %, 12693 MiB, 132.47 W
2026/09/23 13:34:52.391, 2, 99 %, 22 %, 12691 MiB, 129.79 W
2026/09/23 13:34:52.392, 3, 98 %, 30 %, 12691 MiB, 139.40 W
2026/09/23 13:34:53.394, 0, 45 %, 1 %, 12693 MiB, 80.17 W
2026/09/23 13:34:53.395, 1, 41 %, 1 %, 12693 MiB, 74.73 W
2026/09/23 13:34:53.397, 2, 36 %, 1 %, 12691 MiB, 75.03 W
2026/09/23 13:34:53.398, 3, 36 %, 1 %, 12691 MiB, 78.66 W
2026/09/23 13:34:54.400, 0, 46 %, 1 %, 12693 MiB, 80.17 W
2026/09/23 13:34:54.402, 1, 41 %, 1 %, 12693 MiB, 74.25 W
2026/09/23 13:34:54.403, 2, 36 %, 1 %, 12691 MiB, 75.03 W
2026/09/23 13:34:54.404, 3, 36 %, 1 %, 12691 MiB, 78.23 W
2026/09/23 13:34:55.406, 0, 100 %, 23 %, 12693 MiB, 140.84 W
2026/09/23 13:34:55.407, 1, 100 %, 25 %, 12693 MiB, 132.47 W
2026/09/23 13:34:55.408, 2, 97 %, 32 %, 12691 MiB, 130.27 W
2026/09/23 13:34:55.409, 3, 99 %, 25 %, 12691 MiB, 139.40 W
2026/09/23 13:34:56.411, 0, 98 %, 31 %, 12693 MiB, 130.01 W
2026/09/23 13:34:56.413, 1, 96 %, 32 %, 12693 MiB, 123.09 W
2026/09/23 13:34:56.414, 2, 99 %, 25 %, 12691 MiB, 122.13 W
2026/09/23 13:34:56.415, 3, 98 %, 27 %, 12691 MiB, 128.48 W
2026/09/23 13:34:57.417, 0, 95 %, 30 %, 12693 MiB, 140.93 W
2026/09/23 13:34:57.419, 1, 97 %, 29 %, 12693 MiB, 131.60 W
2026/09/23 13:34:57.420, 2, 98 %, 27 %, 12691 MiB, 129.31 W
2026/09/23 13:34:57.421, 3, 97 %, 32 %, 12691 MiB, 140.84 W
2026/09/23 13:34:58.423, 0, 98 %, 22 %, 12693 MiB, 139.49 W
2026/09/23 13:34:58.424, 1, 100 %, 23 %, 12693 MiB, 131.60 W
2026/09/23 13:34:58.426, 2, 97 %, 32 %, 12691 MiB, 129.79 W
2026/09/23 13:34:58.427, 3, 99 %, 27 %, 12691 MiB, 139.40 W
2026/09/23 13:34:59.429, 0, 98 %, 29 %, 14457 MiB, 125.67 W
2026/09/23 13:34:59.430, 1, 98 %, 32 %, 14459 MiB, 120.20 W
2026/09/23 13:34:59.431, 2, 99 %, 27 %, 14453 MiB, 119.79 W
2026/09/23 13:34:59.432, 3, 100 %, 25 %, 14453 MiB, 127.52 W
2026/09/23 13:35:00.434, 0, 96 %, 32 %, 12693 MiB, 139.01 W
2026/09/23 13:35:00.436, 1, 95 %, 30 %, 12693 MiB, 131.12 W
2026/09/23 13:35:00.437, 2, 100 %, 25 %, 12691 MiB, 129.79 W
2026/09/23 13:35:00.439, 3, 97 %, 32 %, 12691 MiB, 139.40 W
2026/09/23 13:35:01.441, 0, 97 %, 24 %, 12693 MiB, 139.49 W
2026/09/23 13:35:01.443, 1, 98 %, 22 %, 12693 MiB, 131.51 W
2026/09/23 13:35:01.444, 2, 97 %, 32 %, 12691 MiB, 129.79 W
2026/09/23 13:35:01.445, 3, 98 %, 29 %, 12691 MiB, 139.88 W
2026/09/23 13:35:02.447, 0, 98 %, 28 %, 12693 MiB, 128.08 W
2026/09/23 13:35:02.449, 1, 98 %, 30 %, 12693 MiB, 123.09 W
2026/09/23 13:35:02.450, 2, 98 %, 28 %, 12691 MiB, 121.16 W
2026/09/23 13:35:02.451, 3, 100 %, 24 %, 12691 MiB, 131.38 W
2026/09/23 13:35:03.453, 0, 96 %, 32 %, 12693 MiB, 140.45 W
2026/09/23 13:35:03.454, 1, 95 %, 31 %, 12693 MiB, 132.08 W
2026/09/23 13:35:03.456, 2, 100 %, 25 %, 12691 MiB, 129.79 W
2026/09/23 13:35:03.457, 3, 98 %, 32 %, 12691 MiB, 138.91 W
2026/09/23 13:35:04.459, 0, 98 %, 25 %, 12693 MiB, 139.97 W
2026/09/23 13:35:04.460, 1, 98 %, 23 %, 12693 MiB, 132.08 W
2026/09/23 13:35:04.461, 2, 97 %, 32 %, 12691 MiB, 129.79 W
2026/09/23 13:35:04.462, 3, 98 %, 29 %, 12691 MiB, 141.32 W
2026/09/23 13:35:05.464, 0, 98 %, 27 %, 12693 MiB, 138.04 W
2026/09/23 13:35:05.465, 1, 98 %, 29 %, 12693 MiB, 131.12 W
2026/09/23 13:35:05.467, 2, 97 %, 29 %, 12691 MiB, 128.82 W
2026/09/23 13:35:05.468, 3, 100 %, 23 %, 12691 MiB, 138.43 W
2026/09/23 13:35:06.470, 0, 96 %, 32 %, 12693 MiB, 129.05 W
2026/09/23 13:35:06.471, 1, 98 %, 22 %, 12693 MiB, 122.13 W
2026/09/23 13:35:06.472, 2, 100 %, 24 %, 12691 MiB, 124.55 W
2026/09/23 13:35:06.473, 3, 99 %, 32 %, 12691 MiB, 133.79 W
2026/09/23 13:35:07.475, 0, 98 %, 26 %, 12693 MiB, 139.49 W
2026/09/23 13:35:07.478, 1, 98 %, 30 %, 12693 MiB, 131.60 W
2026/09/23 13:35:07.479, 2, 98 %, 33 %, 12691 MiB, 130.27 W
2026/09/23 13:35:07.480, 3, 98 %, 30 %, 12691 MiB, 139.40 W
2026/09/23 13:35:08.482, 0, 99 %, 26 %, 12693 MiB, 140.84 W
2026/09/23 13:35:08.483, 1, 95 %, 31 %, 12693 MiB, 133.43 W
2026/09/23 13:35:08.484, 2, 97 %, 30 %, 12691 MiB, 131.24 W
2026/09/23 13:35:08.485, 3, 100 %, 23 %, 12691 MiB, 140.36 W
2026/09/23 13:35:09.487, 0, 96 %, 32 %, 12693 MiB, 130.98 W
2026/09/23 13:35:09.488, 1, 98 %, 23 %, 12693 MiB, 123.09 W
2026/09/23 13:35:09.489, 2, 100 %, 23 %, 12691 MiB, 123.10 W
2026/09/23 13:35:09.490, 3, 99 %, 31 %, 12691 MiB, 130.41 W
2026/09/23 13:35:10.493, 0, 98 %, 27 %, 12693 MiB, 139.97 W
2026/09/23 13:35:10.494, 1, 98 %, 29 %, 12693 MiB, 132.08 W
2026/09/23 13:35:10.495, 2, 98 %, 32 %, 12691 MiB, 129.79 W
2026/09/23 13:35:10.496, 3, 98 %, 31 %, 12691 MiB, 139.40 W
2026/09/23 13:35:11.498, 0, 99 %, 25 %, 12693 MiB, 142.29 W
2026/09/23 13:35:11.499, 1, 96 %, 32 %, 12693 MiB, 132.95 W
2026/09/23 13:35:11.500, 2, 97 %, 30 %, 12691 MiB, 130.76 W
2026/09/23 13:35:11.501, 3, 99 %, 22 %, 12691 MiB, 140.84 W
2026/09/23 13:35:12.503, 0, 96 %, 32 %, 12693 MiB, 130.50 W
2026/09/23 13:35:12.505, 1, 98 %, 24 %, 12693 MiB, 123.09 W
2026/09/23 13:35:12.506, 2, 100 %, 23 %, 12691 MiB, 122.21 W
2026/09/23 13:35:12.507, 3, 99 %, 31 %, 12691 MiB, 129.93 W
2026/09/23 13:35:13.509, 0, 97 %, 27 %, 12693 MiB, 141.42 W
2026/09/23 13:35:13.510, 1, 97 %, 28 %, 12693 MiB, 131.51 W
2026/09/23 13:35:13.511, 2, 98 %, 31 %, 12691 MiB, 130.27 W
2026/09/23 13:35:13.512, 3, 98 %, 31 %, 12691 MiB, 138.91 W
2026/09/23 13:35:14.516, 0, 96 %, 32 %, 12693 MiB, 141.42 W
2026/09/23 13:35:14.517, 1, 95 %, 32 %, 12693 MiB, 131.99 W
2026/09/23 13:35:14.518, 2, 97 %, 30 %, 12691 MiB, 129.79 W
2026/09/23 13:35:14.519, 3, 99 %, 22 %, 12691 MiB, 142.29 W
2026/09/23 13:35:15.521, 0, 97 %, 25 %, 12693 MiB, 130.50 W
2026/09/23 13:35:15.522, 1, 98 %, 24 %, 12693 MiB, 122.53 W
2026/09/23 13:35:15.524, 2, 100 %, 22 %, 12691 MiB, 121.73 W
2026/09/23 13:35:15.525, 3, 99 %, 30 %, 12691 MiB, 128.96 W
2026/09/23 13:35:16.527, 0, 98 %, 27 %, 12693 MiB, 142.38 W
2026/09/23 13:35:16.528, 1, 98 %, 28 %, 12693 MiB, 131.99 W
2026/09/23 13:35:16.529, 2, 98 %, 31 %, 12691 MiB, 129.79 W
2026/09/23 13:35:16.530, 3, 98 %, 31 %, 12691 MiB, 141.32 W
2026/09/23 13:35:17.532, 0, 95 %, 32 %, 12693 MiB, 141.42 W
2026/09/23 13:35:17.533, 1, 96 %, 32 %, 12693 MiB, 132.08 W
2026/09/23 13:35:17.534, 2, 97 %, 30 %, 12691 MiB, 129.79 W
2026/09/23 13:35:17.537, 3, 99 %, 22 %, 12691 MiB, 140.84 W
2026/09/23 13:35:18.539, 0, 98 %, 25 %, 12693 MiB, 130.01 W
2026/09/23 13:35:18.540, 1, 98 %, 24 %, 12693 MiB, 122.61 W
2026/09/23 13:35:18.541, 2, 100 %, 23 %, 12691 MiB, 121.73 W
2026/09/23 13:35:18.542, 3, 99 %, 31 %, 12691 MiB, 128.48 W
2026/09/23 13:35:19.544, 0, 97 %, 27 %, 12693 MiB, 141.42 W
2026/09/23 13:35:19.545, 1, 98 %, 29 %, 12693 MiB, 132.08 W
2026/09/23 13:35:19.546, 2, 98 %, 31 %, 12691 MiB, 129.79 W
2026/09/23 13:35:19.547, 3, 98 %, 31 %, 12691 MiB, 141.32 W
2026/09/23 13:35:20.550, 0, 95 %, 32 %, 12693 MiB, 140.90 W
2026/09/23 13:35:20.551, 1, 96 %, 32 %, 12693 MiB, 130.53 W
2026/09/23 13:35:20.552, 2, 97 %, 30 %, 12691 MiB, 130.25 W
2026/09/23 13:35:20.553, 3, 99 %, 22 %, 12691 MiB, 141.38 W
2026/09/23 13:35:21.555, 0, 97 %, 25 %, 12693 MiB, 129.88 W
2026/09/23 13:35:21.556, 1, 98 %, 24 %, 12693 MiB, 121.00 W
2026/09/23 13:35:21.558, 2, 100 %, 23 %, 12691 MiB, 121.08 W
2026/09/23 13:35:21.559, 3, 98 %, 31 %, 12691 MiB, 128.34 W
2026/09/23 13:35:22.563, 0, 41 %, 1 %, 12693 MiB, 80.81 W
2026/09/23 13:35:22.564, 1, 41 %, 1 %, 12693 MiB, 74.88 W
2026/09/23 13:35:22.565, 2, 37 %, 1 %, 12691 MiB, 75.66 W
2026/09/23 13:35:22.567, 3, 36 %, 1 %, 12691 MiB, 78.87 W
2026/09/23 13:35:23.569, 0, 41 %, 1 %, 12693 MiB, 80.32 W
2026/09/23 13:35:23.570, 1, 41 %, 1 %, 12693 MiB, 74.88 W
2026/09/23 13:35:23.572, 2, 37 %, 1 %, 12691 MiB, 75.18 W
2026/09/23 13:35:23.573, 3, 36 %, 1 %, 12691 MiB, 78.87 W
2026/09/23 13:35:24.575, 0, 100 %, 22 %, 12693 MiB, 139.86 W
2026/09/23 13:35:24.576, 1, 95 %, 21 %, 12693 MiB, 132.43 W
2026/09/23 13:35:24.577, 2, 90 %, 28 %, 12691 MiB, 129.73 W
2026/09/23 13:35:24.578, 3, 60 %, 17 %, 12691 MiB, 138.80 W
2026/09/23 13:35:25.580, 0, 97 %, 23 %, 12693 MiB, 141.79 W
2026/09/23 13:35:25.581, 1, 96 %, 32 %, 12693 MiB, 132.43 W
2026/09/23 13:35:25.582, 2, 97 %, 32 %, 12691 MiB, 130.22 W
2026/09/23 13:35:25.583, 3, 99 %, 25 %, 12691 MiB, 139.77 W
2026/09/23 13:35:26.585, 0, 98 %, 28 %, 12693 MiB, 130.27 W
2026/09/23 13:35:26.586, 1, 98 %, 26 %, 12693 MiB, 125.27 W
2026/09/23 13:35:26.588, 2, 99 %, 24 %, 12691 MiB, 123.99 W
2026/09/23 13:35:26.589, 3, 98 %, 28 %, 12691 MiB, 134.15 W
2026/09/23 13:35:27.592, 0, 96 %, 32 %, 12693 MiB, 139.86 W
2026/09/23 13:35:27.593, 1, 98 %, 27 %, 12693 MiB, 132.43 W
2026/09/23 13:35:27.594, 2, 98 %, 30 %, 12691 MiB, 129.73 W
2026/09/23 13:35:27.595, 3, 98 %, 32 %, 12691 MiB, 139.38 W
2026/09/23 13:35:28.597, 0, 97 %, 26 %, 12693 MiB, 142.28 W
2026/09/23 13:35:28.598, 1, 95 %, 32 %, 12693 MiB, 132.43 W
2026/09/23 13:35:28.600, 2, 96 %, 31 %, 12691 MiB, 130.22 W
2026/09/23 13:35:28.601, 3, 99 %, 24 %, 12691 MiB, 139.38 W
2026/09/23 13:35:29.603, 0, 99 %, 26 %, 12693 MiB, 126.97 W
2026/09/23 13:35:29.604, 1, 98 %, 25 %, 12693 MiB, 121.48 W
2026/09/23 13:35:29.605, 2, 99 %, 23 %, 12691 MiB, 120.59 W
2026/09/23 13:35:29.606, 3, 98 %, 29 %, 12691 MiB, 130.27 W
2026/09/23 13:35:30.608, 0, 96 %, 32 %, 12693 MiB, 138.89 W
2026/09/23 13:35:30.609, 1, 98 %, 28 %, 12693 MiB, 132.43 W
2026/09/23 13:35:30.610, 2, 98 %, 30 %, 12691 MiB, 130.22 W
2026/09/23 13:35:30.611, 3, 98 %, 32 %, 12691 MiB, 139.38 W
2026/09/23 13:35:31.613, 0, 97 %, 26 %, 12693 MiB, 140.82 W
2026/09/23 13:35:31.615, 1, 96 %, 32 %, 12693 MiB, 132.43 W
2026/09/23 13:35:31.616, 2, 97 %, 31 %, 12691 MiB, 130.71 W
2026/09/23 13:35:31.617, 3, 99 %, 23 %, 12691 MiB, 140.34 W
2026/09/23 13:35:32.619, 0, 98 %, 27 %, 12693 MiB, 120.76 W
2026/09/23 13:35:32.620, 1, 98 %, 24 %, 12693 MiB, 116.17 W
2026/09/23 13:35:32.622, 2, 100 %, 23 %, 12691 MiB, 116.29 W
2026/09/23 13:35:32.623, 3, 98 %, 30 %, 12691 MiB, 126.00 W
2026/09/23 13:35:33.625, 0, 96 %, 32 %, 12693 MiB, 139.86 W
2026/09/23 13:35:33.626, 1, 98 %, 29 %, 12693 MiB, 131.95 W
2026/09/23 13:35:33.627, 2, 97 %, 32 %, 12691 MiB, 130.22 W
2026/09/23 13:35:33.628, 3, 98 %, 31 %, 12691 MiB, 139.86 W
2026/09/23 13:35:34.631, 0, 97 %, 24 %, 12693 MiB, 139.86 W
2026/09/23 13:35:34.632, 1, 95 %, 32 %, 12693 MiB, 132.43 W
2026/09/23 13:35:34.633, 2, 97 %, 30 %, 12691 MiB, 130.71 W
2026/09/23 13:35:34.634, 3, 100 %, 23 %, 12691 MiB, 139.77 W
2026/09/23 13:35:35.637, 0, 98 %, 29 %, 12693 MiB, 121.73 W
2026/09/23 13:35:35.638, 1, 97 %, 23 %, 12693 MiB, 109.54 W
2026/09/23 13:35:35.639, 2, 100 %, 24 %, 12691 MiB, 112.48 W
2026/09/23 13:35:35.640, 3, 98 %, 29 %, 12691 MiB, 115.50 W
2026/09/23 13:35:36.642, 0, 95 %, 31 %, 12693 MiB, 140.34 W
2026/09/23 13:35:36.643, 1, 98 %, 31 %, 12693 MiB, 131.46 W
2026/09/23 13:35:36.644, 2, 97 %, 33 %, 12691 MiB, 130.22 W
2026/09/23 13:35:36.645, 3, 100 %, 25 %, 12691 MiB, 139.86 W
2026/09/23 13:35:37.648, 0, 98 %, 22 %, 12693 MiB, 139.86 W
2026/09/23 13:35:37.649, 1, 95 %, 30 %, 12693 MiB, 132.43 W
2026/09/23 13:35:37.650, 2, 98 %, 28 %, 12691 MiB, 130.71 W
2026/09/23 13:35:37.651, 3, 98 %, 33 %, 12691 MiB, 140.34 W
2026/09/23 13:35:38.653, 0, 98 %, 31 %, 12693 MiB, 129.39 W
2026/09/23 13:35:38.654, 1, 100 %, 23 %, 12693 MiB, 121.89 W
2026/09/23 13:35:38.655, 2, 100 %, 26 %, 14453 MiB, 115.81 W
2026/09/23 13:35:38.658, 3, 99 %, 27 %, 14453 MiB, 125.52 W
2026/09/23 13:35:39.661, 0, 96 %, 28 %, 12693 MiB, 141.31 W
2026/09/23 13:35:39.662, 1, 89 %, 25 %, 12693 MiB, 132.43 W
2026/09/23 13:35:39.663, 2, 88 %, 25 %, 12691 MiB, 130.22 W
2026/09/23 13:35:39.664, 3, 99 %, 36 %, 13041 MiB, 141.70 W
2026/09/23 13:35:40.666, 0, 98 %, 29 %, 12693 MiB, 123.10 W
2026/09/23 13:35:40.667, 1, 97 %, 22 %, 12693 MiB, 117.62 W
2026/09/23 13:35:40.668, 2, 100 %, 24 %, 12691 MiB, 117.68 W
2026/09/23 13:35:40.669, 3, 97 %, 29 %, 13041 MiB, 127.86 W
2026/09/23 13:35:41.672, 0, 95 %, 31 %, 12693 MiB, 139.86 W
2026/09/23 13:35:41.673, 1, 98 %, 31 %, 12693 MiB, 131.95 W
2026/09/23 13:35:41.674, 2, 97 %, 32 %, 12691 MiB, 130.22 W
2026/09/23 13:35:41.675, 3, 100 %, 27 %, 13041 MiB, 139.86 W
2026/09/23 13:35:42.677, 0, 100 %, 23 %, 12693 MiB, 139.86 W
2026/09/23 13:35:42.678, 1, 95 %, 29 %, 12693 MiB, 131.95 W
2026/09/23 13:35:42.679, 2, 99 %, 27 %, 12691 MiB, 130.71 W
2026/09/23 13:35:42.680, 3, 97 %, 33 %, 13041 MiB, 140.34 W
2026/09/23 13:35:43.682, 0, 98 %, 33 %, 12693 MiB, 129.39 W
2026/09/23 13:35:43.683, 1, 100 %, 25 %, 12693 MiB, 121.97 W
2026/09/23 13:35:43.684, 2, 98 %, 27 %, 12691 MiB, 121.08 W
2026/09/23 13:35:43.686, 3, 99 %, 26 %, 13041 MiB, 127.94 W
2026/09/23 13:35:44.688, 0, 96 %, 28 %, 12693 MiB, 143.24 W
2026/09/23 13:35:44.690, 1, 94 %, 32 %, 12693 MiB, 132.43 W
2026/09/23 13:35:44.691, 2, 97 %, 32 %, 12691 MiB, 130.22 W
2026/09/23 13:35:44.692, 3, 98 %, 29 %, 13041 MiB, 139.38 W
2026/09/23 13:35:45.694, 0, 100 %, 26 %, 12693 MiB, 142.28 W
2026/09/23 13:35:45.695, 1, 97 %, 26 %, 12693 MiB, 133.40 W
2026/09/23 13:35:45.696, 2, 98 %, 25 %, 12691 MiB, 130.71 W
2026/09/23 13:35:45.697, 3, 97 %, 32 %, 13041 MiB, 141.70 W
2026/09/23 13:35:46.700, 0, 95 %, 32 %, 12693 MiB, 128.42 W
2026/09/23 13:35:46.701, 1, 97 %, 28 %, 12693 MiB, 121.48 W
2026/09/23 13:35:46.702, 2, 98 %, 27 %, 12691 MiB, 122.05 W
2026/09/23 13:35:46.703, 3, 100 %, 24 %, 13041 MiB, 131.24 W
2026/09/23 13:35:47.705, 0, 97 %, 25 %, 12693 MiB, 140.82 W
2026/09/23 13:35:47.706, 1, 95 %, 32 %, 12693 MiB, 131.95 W
2026/09/23 13:35:47.707, 2, 97 %, 32 %, 12691 MiB, 130.71 W
2026/09/23 13:35:47.709, 3, 97 %, 33 %, 13041 MiB, 141.21 W
2026/09/23 13:35:48.711, 0, 99 %, 29 %, 12693 MiB, 135.60 W
2026/09/23 13:35:48.712, 1, 97 %, 22 %, 12693 MiB, 128.57 W
2026/09/23 13:35:48.713, 2, 99 %, 27 %, 12691 MiB, 126.82 W
2026/09/23 13:35:48.714, 3, 98 %, 30 %, 13041 MiB, 136.47 W
2026/09/23 13:35:49.717, 0, 99 %, 31 %, 13045 MiB, 140.82 W
2026/09/23 13:35:49.719, 1, 89 %, 23 %, 12693 MiB, 132.43 W
2026/09/23 13:35:49.720, 2, 90 %, 19 %, 12691 MiB, 130.22 W
2026/09/23 13:35:49.721, 3, 96 %, 20 %, 13041 MiB, 140.25 W
2026/09/23 13:35:50.723, 0, 95 %, 31 %, 13045 MiB, 140.75 W
2026/09/23 13:35:50.725, 1, 97 %, 25 %, 12693 MiB, 133.35 W
2026/09/23 13:35:50.726, 2, 97 %, 29 %, 12691 MiB, 130.67 W
2026/09/23 13:35:50.727, 3, 99 %, 28 %, 13041 MiB, 140.75 W
2026/09/23 13:35:51.733, 0, 100 %, 24 %, 13045 MiB, 125.27 W
2026/09/23 13:35:51.734, 1, 98 %, 27 %, 12693 MiB, 116.42 W
2026/09/23 13:35:51.736, 2, 100 %, 26 %, 12691 MiB, 120.27 W
2026/09/23 13:35:51.737, 3, 98 %, 33 %, 13041 MiB, 132.91 W
2026/09/23 13:35:52.739, 0, 41 %, 1 %, 13045 MiB, 80.65 W
2026/09/23 13:35:52.741, 1, 41 %, 1 %, 12693 MiB, 74.73 W
2026/09/23 13:35:52.742, 2, 36 %, 1 %, 12691 MiB, 75.51 W
2026/09/23 13:35:52.743, 3, 36 %, 1 %, 13041 MiB, 78.71 W
2026/09/23 13:35:53.746, 0, 41 %, 1 %, 13045 MiB, 80.65 W
2026/09/23 13:35:53.749, 1, 44 %, 1 %, 12693 MiB, 74.25 W
2026/09/23 13:35:53.750, 2, 36 %, 1 %, 12691 MiB, 75.03 W
2026/09/23 13:35:53.751, 3, 36 %, 1 %, 13041 MiB, 78.66 W
2026/09/23 13:35:54.753, 0, 98 %, 30 %, 13045 MiB, 140.93 W
2026/09/23 13:35:54.754, 1, 97 %, 28 %, 12693 MiB, 132.47 W
2026/09/23 13:35:54.755, 2, 97 %, 33 %, 12691 MiB, 130.27 W
2026/09/23 13:35:54.756, 3, 97 %, 30 %, 13041 MiB, 139.40 W
2026/09/23 13:35:55.758, 0, 94 %, 30 %, 13045 MiB, 140.93 W
2026/09/23 13:35:55.759, 1, 99 %, 26 %, 12693 MiB, 133.43 W
2026/09/23 13:35:55.760, 2, 98 %, 27 %, 12691 MiB, 130.76 W
2026/09/23 13:35:55.761, 3, 100 %, 26 %, 13041 MiB, 140.36 W
2026/09/23 13:35:56.764, 0, 100 %, 25 %, 13045 MiB, 126.64 W
2026/09/23 13:35:56.765, 1, 95 %, 32 %, 12693 MiB, 117.79 W
2026/09/23 13:35:56.767, 2, 99 %, 27 %, 12691 MiB, 122.21 W
2026/09/23 13:35:56.768, 3, 97 %, 33 %, 13041 MiB, 132.82 W
2026/09/23 13:35:57.771, 0, 94 %, 33 %, 13045 MiB, 141.90 W
2026/09/23 13:35:57.772, 1, 97 %, 24 %, 12693 MiB, 132.47 W
2026/09/23 13:35:57.773, 2, 97 %, 32 %, 12691 MiB, 130.27 W
2026/09/23 13:35:57.774, 3, 99 %, 26 %, 13041 MiB, 141.80 W
2026/09/23 13:35:58.776, 0, 97 %, 26 %, 13045 MiB, 117.69 W
2026/09/23 13:35:58.778, 1, 98 %, 31 %, 12693 MiB, 108.84 W
2026/09/23 13:35:58.779, 2, 99 %, 23 %, 12691 MiB, 105.95 W
2026/09/23 13:35:58.780, 3, 98 %, 29 %, 13041 MiB, 107.53 W
2026/09/23 13:35:59.782, 0, 93 %, 21 %, 13045 MiB, 141.42 W
2026/09/23 13:35:59.783, 1, 95 %, 28 %, 12693 MiB, 131.99 W
2026/09/23 13:35:59.784, 2, 98 %, 40 %, 13043 MiB, 130.27 W
2026/09/23 13:35:59.786, 3, 97 %, 27 %, 13041 MiB, 141.32 W
2026/09/23 13:36:00.788, 0, 97 %, 26 %, 13045 MiB, 120.92 W
2026/09/23 13:36:00.789, 1, 98 %, 30 %, 12693 MiB, 115.93 W
2026/09/23 13:36:00.790, 2, 99 %, 23 %, 13043 MiB, 116.40 W
2026/09/23 13:36:00.791, 3, 97 %, 29 %, 13041 MiB, 126.15 W
2026/09/23 13:36:01.793, 0, 97 %, 29 %, 13045 MiB, 140.45 W
2026/09/23 13:36:01.794, 1, 100 %, 25 %, 12693 MiB, 132.08 W
2026/09/23 13:36:01.796, 2, 97 %, 32 %, 13043 MiB, 130.76 W
2026/09/23 13:36:01.797, 3, 98 %, 31 %, 13041 MiB, 140.36 W
2026/09/23 13:36:02.799, 0, 95 %, 31 %, 13045 MiB, 141.90 W
2026/09/23 13:36:02.800, 1, 94 %, 32 %, 12693 MiB, 132.56 W
2026/09/23 13:36:02.802, 2, 96 %, 29 %, 13043 MiB, 130.27 W
2026/09/23 13:36:02.803, 3, 100 %, 25 %, 13041 MiB, 141.80 W
2026/09/23 13:36:03.805, 0, 100 %, 24 %, 13045 MiB, 130.01 W
2026/09/23 13:36:03.806, 1, 97 %, 25 %, 12693 MiB, 122.13 W
2026/09/23 13:36:03.807, 2, 100 %, 27 %, 13043 MiB, 121.73 W
2026/09/23 13:36:03.808, 3, 97 %, 33 %, 13041 MiB, 128.96 W
2026/09/23 13:36:04.812, 0, 95 %, 31 %, 13045 MiB, 140.93 W
2026/09/23 13:36:04.813, 1, 97 %, 34 %, 13047 MiB, 132.47 W
2026/09/23 13:36:04.814, 2, 96 %, 29 %, 13043 MiB, 130.27 W
2026/09/23 13:36:04.815, 3, 100 %, 23 %, 13041 MiB, 140.36 W
2026/09/23 13:36:05.818, 0, 100 %, 24 %, 13045 MiB, 129.53 W
2026/09/23 13:36:05.819, 1, 98 %, 25 %, 13047 MiB, 121.64 W
2026/09/23 13:36:05.820, 2, 100 %, 27 %, 13043 MiB, 121.24 W
2026/09/23 13:36:05.821, 3, 97 %, 33 %, 13041 MiB, 128.48 W
2026/09/23 13:36:06.823, 0, 95 %, 33 %, 13045 MiB, 140.45 W
2026/09/23 13:36:06.824, 1, 97 %, 31 %, 13047 MiB, 131.99 W
2026/09/23 13:36:06.826, 2, 97 %, 33 %, 13043 MiB, 130.76 W
2026/09/23 13:36:06.827, 3, 99 %, 27 %, 13041 MiB, 140.36 W
2026/09/23 13:36:07.829, 0, 97 %, 27 %, 13045 MiB, 138.04 W
2026/09/23 13:36:07.830, 1, 95 %, 29 %, 13047 MiB, 130.63 W
2026/09/23 13:36:07.831, 2, 99 %, 24 %, 13043 MiB, 128.82 W
2026/09/23 13:36:07.832, 3, 98 %, 29 %, 13041 MiB, 138.04 W
2026/09/23 13:36:08.834, 0, 98 %, 29 %, 13045 MiB, 140.93 W
2026/09/23 13:36:08.835, 1, 100 %, 26 %, 13047 MiB, 132.56 W
2026/09/23 13:36:08.836, 2, 98 %, 32 %, 13043 MiB, 130.27 W
2026/09/23 13:36:08.837, 3, 97 %, 32 %, 13041 MiB, 139.88 W
2026/09/23 13:36:09.840, 0, 94 %, 31 %, 13045 MiB, 140.93 W
2026/09/23 13:36:09.841, 1, 95 %, 33 %, 13047 MiB, 132.95 W
2026/09/23 13:36:09.842, 2, 97 %, 29 %, 13043 MiB, 130.76 W
2026/09/23 13:36:09.844, 3, 98 %, 33 %, 13041 MiB, 140.36 W
2026/09/23 13:36:10.846, 0, 100 %, 25 %, 13045 MiB, 129.05 W
2026/09/23 13:36:10.847, 1, 98 %, 25 %, 13047 MiB, 121.64 W
2026/09/23 13:36:10.848, 2, 100 %, 27 %, 13043 MiB, 120.76 W
2026/09/23 13:36:10.849, 3, 99 %, 27 %, 13041 MiB, 127.60 W
2026/09/23 13:36:11.852, 0, 95 %, 33 %, 13045 MiB, 140.93 W
2026/09/23 13:36:11.853, 1, 97 %, 31 %, 13047 MiB, 132.95 W
2026/09/23 13:36:11.854, 2, 97 %, 34 %, 13043 MiB, 130.76 W
2026/09/23 13:36:11.855, 3, 98 %, 29 %, 13041 MiB, 140.36 W
2026/09/23 13:36:12.857, 0, 97 %, 26 %, 13045 MiB, 139.97 W
2026/09/23 13:36:12.858, 1, 95 %, 29 %, 13047 MiB, 132.56 W
2026/09/23 13:36:12.859, 2, 99 %, 24 %, 13043 MiB, 129.79 W
2026/09/23 13:36:12.860, 3, 98 %, 31 %, 13041 MiB, 139.88 W
2026/09/23 13:36:13.862, 0, 97 %, 29 %, 13045 MiB, 141.90 W
2026/09/23 13:36:13.863, 1, 100 %, 27 %, 13047 MiB, 132.47 W
2026/09/23 13:36:13.865, 2, 98 %, 32 %, 13043 MiB, 130.27 W
2026/09/23 13:36:13.866, 3, 100 %, 25 %, 13041 MiB, 139.40 W
2026/09/23 13:36:14.868, 0, 96 %, 31 %, 13045 MiB, 140.93 W
2026/09/23 13:36:14.870, 1, 95 %, 33 %, 13047 MiB, 132.47 W
2026/09/23 13:36:14.871, 2, 97 %, 29 %, 13043 MiB, 130.76 W
2026/09/23 13:36:14.873, 3, 97 %, 33 %, 13041 MiB, 140.84 W
2026/09/23 13:36:15.875, 0, 100 %, 25 %, 13045 MiB, 128.96 W
2026/09/23 13:36:15.876, 1, 97 %, 24 %, 13047 MiB, 121.08 W
2026/09/23 13:36:15.877, 2, 99 %, 27 %, 13043 MiB, 120.19 W
2026/09/23 13:36:15.878, 3, 99 %, 27 %, 13041 MiB, 127.52 W
2026/09/23 13:36:16.881, 0, 96 %, 33 %, 13045 MiB, 141.90 W
2026/09/23 13:36:16.882, 1, 97 %, 31 %, 13047 MiB, 132.47 W
2026/09/23 13:36:16.883, 2, 97 %, 33 %, 13043 MiB, 131.24 W
2026/09/23 13:36:16.884, 3, 98 %, 30 %, 13041 MiB, 140.36 W
2026/09/23 13:36:17.886, 0, 97 %, 25 %, 13045 MiB, 138.52 W
2026/09/23 13:36:17.887, 1, 97 %, 28 %, 13047 MiB, 130.63 W
2026/09/23 13:36:17.888, 2, 100 %, 24 %, 13043 MiB, 128.82 W
2026/09/23 13:36:17.889, 3, 97 %, 30 %, 13041 MiB, 138.52 W
2026/09/23 13:36:18.891, 0, 98 %, 31 %, 13045 MiB, 140.45 W
2026/09/23 13:36:18.892, 1, 98 %, 27 %, 13047 MiB, 131.99 W
2026/09/23 13:36:18.893, 2, 97 %, 33 %, 13043 MiB, 130.76 W
2026/09/23 13:36:18.894, 3, 100 %, 26 %, 13041 MiB, 140.36 W
2026/09/23 13:36:19.897, 0, 95 %, 29 %, 13045 MiB, 140.93 W
2026/09/23 13:36:19.898, 1, 95 %, 32 %, 13047 MiB, 132.47 W
2026/09/23 13:36:19.899, 2, 99 %, 27 %, 13043 MiB, 130.76 W
2026/09/23 13:36:19.900, 3, 97 %, 33 %, 13041 MiB, 141.32 W
2026/09/23 13:36:20.902, 0, 100 %, 27 %, 13045 MiB, 129.53 W
2026/09/23 13:36:20.904, 1, 97 %, 23 %, 13047 MiB, 121.64 W
2026/09/23 13:36:20.905, 2, 98 %, 29 %, 13043 MiB, 121.24 W
2026/09/23 13:36:20.906, 3, 99 %, 25 %, 13041 MiB, 128.96 W
2026/09/23 13:36:21.908, 0, 95 %, 33 %, 13045 MiB, 140.93 W
2026/09/23 13:36:21.909, 1, 97 %, 34 %, 13047 MiB, 132.47 W
2026/09/23 13:36:21.910, 2, 96 %, 31 %, 13043 MiB, 131.24 W
2026/09/23 13:36:21.911, 3, 98 %, 32 %, 13041 MiB, 141.32 W
2026/09/23 13:36:22.913, 0, 41 %, 1 %, 13045 MiB, 81.14 W
2026/09/23 13:36:22.914, 1, 41 %, 1 %, 13047 MiB, 74.73 W
2026/09/23 13:36:22.915, 2, 37 %, 1 %, 13043 MiB, 75.51 W
2026/09/23 13:36:22.917, 3, 37 %, 1 %, 13041 MiB, 79.20 W
2026/09/23 13:36:23.919, 0, 41 %, 1 %, 13045 MiB, 80.65 W
2026/09/23 13:36:23.920, 1, 44 %, 1 %, 13047 MiB, 74.73 W
2026/09/23 13:36:23.921, 2, 36 %, 1 %, 13043 MiB, 75.51 W
2026/09/23 13:36:23.922, 3, 36 %, 1 %, 13041 MiB, 78.66 W
2026/09/23 13:36:24.925, 0, 97 %, 27 %, 13045 MiB, 142.29 W
2026/09/23 13:36:24.926, 1, 95 %, 30 %, 13047 MiB, 132.95 W
2026/09/23 13:36:24.927, 2, 98 %, 25 %, 13043 MiB, 130.27 W
2026/09/23 13:36:24.928, 3, 98 %, 32 %, 13041 MiB, 142.29 W
2026/09/23 13:36:25.930, 0, 98 %, 29 %, 13045 MiB, 130.41 W
2026/09/23 13:36:25.933, 1, 100 %, 26 %, 13047 MiB, 121.64 W
2026/09/23 13:36:25.935, 2, 98 %, 31 %, 13043 MiB, 122.21 W
2026/09/23 13:36:25.936, 3, 100 %, 24 %, 13041 MiB, 129.93 W
2026/09/23 13:36:26.938, 0, 95 %, 31 %, 13045 MiB, 140.93 W
2026/09/23 13:36:26.939, 1, 95 %, 33 %, 13047 MiB, 132.47 W
2026/09/23 13:36:26.940, 2, 98 %, 29 %, 13043 MiB, 130.76 W
2026/09/23 13:36:26.941, 3, 97 %, 34 %, 13041 MiB, 141.32 W
2026/09/23 13:36:27.943, 0, 100 %, 25 %, 13045 MiB, 125.67 W
2026/09/23 13:36:27.944, 1, 98 %, 25 %, 13047 MiB, 120.20 W
2026/09/23 13:36:27.945, 2, 100 %, 27 %, 13043 MiB, 119.30 W
2026/09/23 13:36:27.947, 3, 99 %, 27 %, 13041 MiB, 129.93 W
2026/09/23 13:36:28.949, 0, 95 %, 33 %, 13045 MiB, 140.93 W
2026/09/23 13:36:28.950, 1, 97 %, 31 %, 13047 MiB, 132.08 W
2026/09/23 13:36:28.951, 2, 97 %, 34 %, 13043 MiB, 130.27 W
2026/09/23 13:36:28.952, 3, 98 %, 29 %, 13041 MiB, 140.84 W
2026/09/23 13:36:29.954, 0, 97 %, 26 %, 13045 MiB, 142.77 W
2026/09/23 13:36:29.955, 1, 95 %, 29 %, 13047 MiB, 133.43 W
2026/09/23 13:36:29.956, 2, 99 %, 24 %, 13043 MiB, 131.24 W
2026/09/23 13:36:29.957, 3, 97 %, 31 %, 13041 MiB, 143.25 W
2026/09/23 13:36:30.959, 0, 98 %, 29 %, 13045 MiB, 130.41 W
2026/09/23 13:36:30.962, 1, 100 %, 27 %, 13047 MiB, 122.13 W
2026/09/23 13:36:30.963, 2, 98 %, 33 %, 13043 MiB, 123.18 W
2026/09/23 13:36:30.964, 3, 100 %, 25 %, 13041 MiB, 130.41 W
2026/09/23 13:36:31.967, 0, 95 %, 33 %, 13045 MiB, 141.32 W
2026/09/23 13:36:31.968, 1, 95 %, 33 %, 13047 MiB, 132.47 W
2026/09/23 13:36:31.969, 2, 98 %, 28 %, 13043 MiB, 130.76 W
2026/09/23 13:36:31.970, 3, 98 %, 34 %, 13041 MiB, 142.29 W
2026/09/23 13:36:32.973, 0, 97 %, 24 %, 13045 MiB, 117.13 W
2026/09/23 13:36:32.974, 1, 97 %, 23 %, 13047 MiB, 109.25 W
2026/09/23 13:36:32.975, 2, 97 %, 28 %, 13043 MiB, 106.85 W
2026/09/23 13:36:32.976, 3, 99 %, 26 %, 13041 MiB, 109.47 W
2026/09/23 13:36:33.979, 0, 97 %, 30 %, 13045 MiB, 141.90 W
2026/09/23 13:36:33.980, 1, 98 %, 33 %, 13047 MiB, 132.56 W
2026/09/23 13:36:33.981, 2, 98 %, 32 %, 13043 MiB, 130.27 W
2026/09/23 13:36:33.982, 3, 97 %, 31 %, 13041 MiB, 142.29 W
2026/09/23 13:36:34.984, 0, 96 %, 30 %, 13045 MiB, 143.25 W
2026/09/23 13:36:34.985, 1, 97 %, 27 %, 13047 MiB, 134.88 W
2026/09/23 13:36:34.986, 2, 100 %, 25 %, 13043 MiB, 132.21 W
2026/09/23 13:36:34.987, 3, 97 %, 29 %, 13041 MiB, 141.80 W
2026/09/23 13:36:35.989, 0, 100 %, 25 %, 13045 MiB, 126.64 W
2026/09/23 13:36:35.990, 1, 97 %, 29 %, 13047 MiB, 119.72 W
2026/09/23 13:36:35.991, 2, 97 %, 34 %, 13043 MiB, 123.58 W
2026/09/23 13:36:35.992, 3, 100 %, 27 %, 13041 MiB, 133.31 W
2026/09/23 13:36:36.995, 0, 94 %, 33 %, 13045 MiB, 142.29 W
2026/09/23 13:36:36.996, 1, 96 %, 31 %, 13047 MiB, 132.95 W
2026/09/23 13:36:36.998, 2, 99 %, 26 %, 13043 MiB, 131.24 W
2026/09/23 13:36:36.999, 3, 98 %, 34 %, 13041 MiB, 140.84 W
2026/09/23 13:36:38.001, 0, 97 %, 25 %, 15161 MiB, 124.30 W
2026/09/23 13:36:38.003, 1, 100 %, 25 %, 15167 MiB, 119.31 W
2026/09/23 13:36:38.004, 2, 98 %, 30 %, 15157 MiB, 118.82 W
2026/09/23 13:36:38.005, 3, 99 %, 23 %, 15153 MiB, 127.12 W
2026/09/23 13:36:39.008, 0, 98 %, 31 %, 13045 MiB, 144.31 W
2026/09/23 13:36:39.009, 1, 95 %, 33 %, 13047 MiB, 132.95 W
2026/09/23 13:36:39.010, 2, 97 %, 30 %, 13043 MiB, 131.24 W
2026/09/23 13:36:39.011, 3, 98 %, 34 %, 13041 MiB, 140.36 W
2026/09/23 13:36:40.013, 0, 95 %, 29 %, 13045 MiB, 141.42 W
2026/09/23 13:36:40.014, 1, 97 %, 26 %, 13047 MiB, 133.43 W
2026/09/23 13:36:40.015, 2, 100 %, 27 %, 13043 MiB, 131.24 W
2026/09/23 13:36:40.017, 3, 99 %, 28 %, 13041 MiB, 140.84 W
2026/09/23 13:36:41.019, 0, 100 %, 27 %, 13045 MiB, 143.35 W
2026/09/23 13:36:41.020, 1, 97 %, 31 %, 13047 MiB, 132.08 W
2026/09/23 13:36:41.021, 2, 97 %, 34 %, 13043 MiB, 130.27 W
2026/09/23 13:36:41.022, 3, 97 %, 29 %, 13041 MiB, 139.49 W
2026/09/23 13:36:42.025, 0, 95 %, 33 %, 13045 MiB, 140.93 W
2026/09/23 13:36:42.026, 1, 95 %, 29 %, 13047 MiB, 132.95 W
2026/09/23 13:36:42.027, 2, 99 %, 24 %, 13043 MiB, 131.24 W
2026/09/23 13:36:42.028, 3, 98 %, 31 %, 13041 MiB, 140.84 W
2026/09/23 13:36:43.030, 0, 98 %, 23 %, 13045 MiB, 129.53 W
2026/09/23 13:36:43.031, 1, 100 %, 27 %, 13047 MiB, 121.16 W
2026/09/23 13:36:43.033, 2, 98 %, 33 %, 13043 MiB, 120.76 W
2026/09/23 13:36:43.035, 3, 100 %, 25 %, 13041 MiB, 128.00 W
2026/09/23 13:36:44.037, 0, 96 %, 33 %, 13045 MiB, 141.42 W
2026/09/23 13:36:44.038, 1, 94 %, 33 %, 13047 MiB, 133.52 W
2026/09/23 13:36:44.039, 2, 98 %, 28 %, 13043 MiB, 131.24 W
2026/09/23 13:36:44.040, 3, 97 %, 34 %, 13041 MiB, 141.32 W
2026/09/23 13:36:45.042, 0, 97 %, 27 %, 13045 MiB, 138.04 W
2026/09/23 13:36:45.043, 1, 97 %, 23 %, 13047 MiB, 130.63 W
2026/09/23 13:36:45.044, 2, 98 %, 29 %, 13043 MiB, 128.82 W
2026/09/23 13:36:45.045, 3, 99 %, 26 %, 13041 MiB, 138.52 W
2026/09/23 13:36:46.047, 0, 98 %, 29 %, 13045 MiB, 140.93 W
2026/09/23 13:36:46.048, 1, 97 %, 33 %, 13047 MiB, 132.47 W
2026/09/23 13:36:46.050, 2, 97 %, 32 %, 13043 MiB, 130.27 W
2026/09/23 13:36:46.051, 3, 98 %, 31 %, 13041 MiB, 140.36 W
2026/09/23 13:36:47.053, 0, 96 %, 30 %, 13045 MiB, 141.32 W
2026/09/23 13:36:47.058, 1, 98 %, 27 %, 13047 MiB, 132.95 W
2026/09/23 13:36:47.059, 2, 100 %, 25 %, 13043 MiB, 131.24 W
2026/09/23 13:36:47.060, 3, 97 %, 29 %, 13041 MiB, 141.32 W
2026/09/23 13:36:48.063, 0, 100 %, 26 %, 13045 MiB, 130.01 W
2026/09/23 13:36:48.064, 1, 97 %, 29 %, 13047 MiB, 121.64 W
2026/09/23 13:36:48.066, 2, 99 %, 26 %, 13043 MiB, 121.73 W
2026/09/23 13:36:48.068, 3, 100 %, 27 %, 13041 MiB, 128.96 W
2026/09/23 13:36:49.070, 0, 95 %, 33 %, 13045 MiB, 141.90 W
2026/09/23 13:36:49.071, 1, 95 %, 31 %, 13047 MiB, 132.95 W
2026/09/23 13:36:49.072, 2, 97 %, 31 %, 13043 MiB, 130.76 W
2026/09/23 13:36:49.073, 3, 98 %, 33 %, 13041 MiB, 141.80 W
2026/09/23 13:36:50.076, 0, 97 %, 24 %, 13045 MiB, 128.57 W
2026/09/23 13:36:50.077, 1, 100 %, 25 %, 13047 MiB, 121.56 W
2026/09/23 13:36:50.078, 2, 96 %, 29 %, 13043 MiB, 121.73 W
2026/09/23 13:36:50.079, 3, 100 %, 24 %, 13041 MiB, 131.86 W
2026/09/23 13:36:51.081, 0, 98 %, 32 %, 13045 MiB, 140.93 W
2026/09/23 13:36:51.082, 1, 95 %, 33 %, 13047 MiB, 132.56 W
2026/09/23 13:36:51.084, 2, 100 %, 27 %, 13043 MiB, 130.76 W
2026/09/23 13:36:51.085, 3, 98 %, 34 %, 13041 MiB, 140.84 W
2026/09/23 13:36:52.087, 0, 96 %, 28 %, 13045 MiB, 144.21 W
2026/09/23 13:36:52.088, 1, 97 %, 25 %, 13047 MiB, 133.92 W
2026/09/23 13:36:52.089, 2, 100 %, 26 %, 13043 MiB, 131.73 W
2026/09/23 13:36:52.090, 3, 99 %, 27 %, 13041 MiB, 143.25 W
2026/09/23 13:36:53.092, 0, 41 %, 1 %, 13045 MiB, 81.14 W
2026/09/23 13:36:53.093, 1, 41 %, 1 %, 13047 MiB, 75.22 W
2026/09/23 13:36:53.094, 2, 36 %, 1 %, 13043 MiB, 75.51 W
2026/09/23 13:36:53.095, 3, 36 %, 1 %, 13041 MiB, 79.20 W
2026/09/23 13:36:54.098, 0, 41 %, 1 %, 13045 MiB, 80.60 W
2026/09/23 13:36:54.099, 1, 41 %, 1 %, 13047 MiB, 74.73 W
2026/09/23 13:36:54.101, 2, 36 %, 1 %, 13043 MiB, 75.03 W
2026/09/23 13:36:54.102, 3, 36 %, 1 %, 13041 MiB, 79.20 W
2026/09/23 13:36:55.104, 0, 100 %, 23 %, 13045 MiB, 128.57 W
2026/09/23 13:36:55.105, 1, 89 %, 21 %, 13047 MiB, 120.60 W
2026/09/23 13:36:55.106, 2, 93 %, 29 %, 13043 MiB, 119.79 W
2026/09/23 13:36:55.110, 3, 100 %, 23 %, 15153 MiB, 119.95 W
2026/09/23 13:36:56.115, 0, 94 %, 33 %, 13045 MiB, 142.29 W
2026/09/23 13:36:56.116, 1, 96 %, 32 %, 13047 MiB, 133.43 W
2026/09/23 13:36:56.117, 2, 96 %, 32 %, 13043 MiB, 130.76 W
2026/09/23 13:36:56.118, 3, 98 %, 33 %, 13041 MiB, 140.36 W
2026/09/23 13:36:57.122, 0, 97 %, 24 %, 13045 MiB, 140.45 W
2026/09/23 13:36:57.124, 1, 97 %, 23 %, 13047 MiB, 133.04 W
2026/09/23 13:36:57.125, 2, 100 %, 24 %, 13043 MiB, 130.76 W
2026/09/23 13:36:57.126, 3, 99 %, 28 %, 13041 MiB, 139.88 W
2026/09/23 13:36:58.128, 0, 98 %, 32 %, 13045 MiB, 141.42 W
2026/09/23 13:36:58.129, 1, 97 %, 33 %, 13047 MiB, 132.95 W
2026/09/23 13:36:58.130, 2, 97 %, 34 %, 13043 MiB, 130.76 W
2026/09/23 13:36:58.132, 3, 100 %, 27 %, 13041 MiB, 140.36 W
2026/09/23 13:36:59.134, 0, 96 %, 28 %, 13045 MiB, 141.42 W
2026/09/23 13:36:59.135, 1, 97 %, 29 %, 13047 MiB, 133.04 W
2026/09/23 13:36:59.136, 2, 99 %, 27 %, 13043 MiB, 130.76 W
2026/09/23 13:36:59.137, 3, 97 %, 33 %, 13041 MiB, 141.32 W
2026/09/23 13:37:00.139, 0, 97 %, 28 %, 13045 MiB, 130.01 W
2026/09/23 13:37:00.142, 1, 100 %, 27 %, 13047 MiB, 121.16 W
2026/09/23 13:37:00.148, 2, 98 %, 30 %, 13043 MiB, 120.76 W
2026/09/23 13:37:00.149, 3, 99 %, 26 %, 13041 MiB, 128.08 W
2026/09/23 13:37:01.151, 0, 95 %, 31 %, 13045 MiB, 140.93 W
2026/09/23 13:37:01.152, 1, 95 %, 33 %, 13047 MiB, 133.04 W
2026/09/23 13:37:01.153, 2, 97 %, 30 %, 13043 MiB, 131.24 W
2026/09/23 13:37:01.154, 3, 98 %, 31 %, 13041 MiB, 141.32 W
2026/09/23 13:37:02.157, 0, 100 %, 25 %, 13045 MiB, 133.79 W
2026/09/23 13:37:02.158, 1, 97 %, 26 %, 13047 MiB, 126.78 W
2026/09/23 13:37:02.159, 2, 100 %, 27 %, 13043 MiB, 125.52 W
2026/09/23 13:37:02.161, 3, 97 %, 29 %, 13041 MiB, 135.15 W
2026/09/23 13:37:03.163, 0, 95 %, 33 %, 13045 MiB, 140.93 W
2026/09/23 13:37:03.164, 1, 97 %, 31 %, 13047 MiB, 132.56 W
2026/09/23 13:37:03.165, 2, 97 %, 34 %, 13043 MiB, 131.24 W
2026/09/23 13:37:03.166, 3, 100 %, 27 %, 13041 MiB, 140.36 W
2026/09/23 13:37:04.169, 0, 97 %, 25 %, 13045 MiB, 143.25 W
2026/09/23 13:37:04.170, 1, 96 %, 29 %, 13047 MiB, 133.43 W
2026/09/23 13:37:04.172, 2, 99 %, 24 %, 13043 MiB, 130.76 W
2026/09/23 13:37:04.173, 3, 97 %, 33 %, 13041 MiB, 143.73 W
2026/09/23 13:37:05.175, 0, 98 %, 32 %, 13045 MiB, 130.01 W
2026/09/23 13:37:05.176, 1, 100 %, 27 %, 13047 MiB, 121.08 W
2026/09/23 13:37:05.177, 2, 97 %, 34 %, 13043 MiB, 123.18 W
2026/09/23 13:37:05.178, 3, 100 %, 24 %, 13041 MiB, 130.41 W
2026/09/23 13:37:06.180, 0, 96 %, 29 %, 13045 MiB, 142.86 W
2026/09/23 13:37:06.182, 1, 95 %, 33 %, 13047 MiB, 133.43 W
2026/09/23 13:37:06.183, 2, 99 %, 27 %, 13043 MiB, 130.76 W
2026/09/23 13:37:06.184, 3, 98 %, 34 %, 13041 MiB, 142.29 W
2026/09/23 13:37:07.186, 0, 99 %, 28 %, 15161 MiB, 127.12 W
2026/09/23 13:37:07.187, 1, 98 %, 23 %, 15167 MiB, 122.13 W
2026/09/23 13:37:07.189, 2, 98 %, 30 %, 15157 MiB, 121.64 W
2026/09/23 13:37:07.190, 3, 99 %, 27 %, 15153 MiB, 129.45 W
2026/09/23 13:37:08.192, 0, 94 %, 32 %, 13045 MiB, 144.31 W
2026/09/23 13:37:08.193, 1, 95 %, 33 %, 13047 MiB, 132.95 W
2026/09/23 13:37:08.195, 2, 97 %, 30 %, 13043 MiB, 131.24 W
2026/09/23 13:37:08.196, 3, 98 %, 30 %, 13041 MiB, 140.36 W
2026/09/23 13:37:09.198, 0, 100 %, 25 %, 13045 MiB, 141.42 W
2026/09/23 13:37:09.199, 1, 97 %, 26 %, 13047 MiB, 133.43 W
2026/09/23 13:37:09.200, 2, 100 %, 27 %, 13043 MiB, 131.24 W
2026/09/23 13:37:09.201, 3, 98 %, 30 %, 13041 MiB, 140.84 W
2026/09/23 13:37:10.204, 0, 95 %, 33 %, 13045 MiB, 141.32 W
2026/09/23 13:37:10.205, 1, 97 %, 30 %, 13047 MiB, 132.95 W
2026/09/23 13:37:10.206, 2, 97 %, 34 %, 13043 MiB, 130.76 W
2026/09/23 13:37:10.207, 3, 100 %, 27 %, 13041 MiB, 140.36 W
2026/09/23 13:37:11.210, 0, 97 %, 25 %, 13045 MiB, 141.90 W
2026/09/23 13:37:11.211, 1, 95 %, 29 %, 13047 MiB, 132.95 W
2026/09/23 13:37:11.212, 2, 99 %, 24 %, 13043 MiB, 131.24 W
2026/09/23 13:37:11.213, 3, 98 %, 34 %, 13041 MiB, 141.80 W
2026/09/23 13:37:12.215, 0, 98 %, 32 %, 13045 MiB, 130.01 W
2026/09/23 13:37:12.216, 1, 100 %, 27 %, 13047 MiB, 121.16 W
2026/09/23 13:37:12.217, 2, 97 %, 34 %, 13043 MiB, 121.73 W
2026/09/23 13:37:12.218, 3, 99 %, 23 %, 13041 MiB, 129.05 W
2026/09/23 13:37:13.221, 0, 96 %, 29 %, 13045 MiB, 141.90 W
2026/09/23 13:37:13.222, 1, 95 %, 33 %, 13047 MiB, 133.43 W
2026/09/23 13:37:13.223, 2, 99 %, 28 %, 13043 MiB, 131.24 W
2026/09/23 13:37:13.224, 3, 98 %, 34 %, 13041 MiB, 142.29 W
2026/09/23 13:37:14.227, 0, 99 %, 28 %, 13045 MiB, 122.37 W
2026/09/23 13:37:14.229, 1, 97 %, 23 %, 13047 MiB, 118.35 W
2026/09/23 13:37:14.230, 2, 98 %, 30 %, 13043 MiB, 117.36 W
2026/09/23 13:37:14.231, 3, 99 %, 27 %, 13041 MiB, 127.03 W
2026/09/23 13:37:15.233, 0, 95 %, 31 %, 13045 MiB, 142.38 W
2026/09/23 13:37:15.234, 1, 95 %, 34 %, 13047 MiB, 132.47 W
2026/09/23 13:37:15.235, 2, 97 %, 31 %, 13043 MiB, 130.76 W
2026/09/23 13:37:15.236, 3, 98 %, 30 %, 13041 MiB, 142.29 W
2026/09/23 13:37:16.238, 0, 100 %, 25 %, 13045 MiB, 143.25 W
2026/09/23 13:37:16.239, 1, 97 %, 27 %, 13047 MiB, 134.88 W
2026/09/23 13:37:16.241, 2, 100 %, 27 %, 13043 MiB, 132.21 W
2026/09/23 13:37:16.242, 3, 97 %, 30 %, 13041 MiB, 141.80 W
2026/09/23 13:37:17.244, 0, 95 %, 29 %, 13045 MiB, 140.93 W
2026/09/23 13:37:17.245, 1, 98 %, 26 %, 13047 MiB, 132.47 W
2026/09/23 13:37:17.246, 2, 77 %, 27 %, 13043 MiB, 130.76 W
2026/09/23 13:37:17.247, 3, 100 %, 23 %, 13041 MiB, 141.32 W
2026/09/23 13:37:18.249, 0, 100 %, 27 %, 13045 MiB, 140.93 W
2026/09/23 13:37:18.250, 1, 97 %, 25 %, 13047 MiB, 133.04 W
2026/09/23 13:37:18.251, 2, 98 %, 28 %, 13043 MiB, 130.76 W
2026/09/23 13:37:18.252, 3, 98 %, 29 %, 13041 MiB, 140.36 W
2026/09/23 13:37:19.254, 0, 95 %, 33 %, 13045 MiB, 141.90 W
2026/09/23 13:37:19.255, 1, 97 %, 32 %, 13047 MiB, 133.43 W
2026/09/23 13:37:19.256, 2, 97 %, 33 %, 13043 MiB, 130.76 W
2026/09/23 13:37:19.258, 3, 99 %, 29 %, 13041 MiB, 140.36 W
2026/09/23 13:37:20.260, 0, 97 %, 23 %, 13045 MiB, 141.90 W
2026/09/23 13:37:20.261, 1, 97 %, 28 %, 13047 MiB, 132.95 W
2026/09/23 13:37:20.262, 2, 100 %, 25 %, 13043 MiB, 131.24 W
2026/09/23 13:37:20.263, 3, 98 %, 32 %, 13041 MiB, 141.80 W
2026/09/23 13:37:21.265, 0, 95 %, 33 %, 13045 MiB, 130.50 W
2026/09/23 13:37:21.267, 1, 98 %, 29 %, 13047 MiB, 122.13 W
2026/09/23 13:37:21.268, 2, 97 %, 34 %, 13043 MiB, 122.21 W
2026/09/23 13:37:21.269, 3, 100 %, 25 %, 13041 MiB, 129.53 W
2026/09/23 13:37:22.272, 0, 97 %, 27 %, 13045 MiB, 142.28 W
2026/09/23 13:37:22.273, 1, 94 %, 31 %, 13047 MiB, 133.40 W
2026/09/23 13:37:22.274, 2, 99 %, 26 %, 13043 MiB, 131.19 W
2026/09/23 13:37:22.275, 3, 98 %, 34 %, 13041 MiB, 142.76 W
2026/09/23 13:37:23.277, 0, 70 %, 12 %, 13045 MiB, 81.30 W
2026/09/23 13:37:23.278, 1, 52 %, 3 %, 13047 MiB, 75.36 W
2026/09/23 13:37:23.279, 2, 73 %, 15 %, 13043 MiB, 75.71 W
2026/09/23 13:37:23.280, 3, 36 %, 1 %, 13041 MiB, 79.35 W
2026/09/23 13:37:24.283, 0, 41 %, 1 %, 13045 MiB, 80.81 W
2026/09/23 13:37:24.284, 1, 41 %, 1 %, 13047 MiB, 74.88 W
2026/09/23 13:37:24.285, 2, 36 %, 1 %, 13043 MiB, 75.18 W
2026/09/23 13:37:24.286, 3, 36 %, 1 %, 13041 MiB, 79.30 W
2026/09/23 13:37:25.288, 0, 0 %, 0 %, 13045 MiB, 135.51 W
2026/09/23 13:37:25.289, 1, 0 %, 0 %, 13047 MiB, 128.08 W
2026/09/23 13:37:25.290, 2, 55 %, 16 %, 13043 MiB, 131.10 W
2026/09/23 13:37:25.291, 3, 37 %, 1 %, 13041 MiB, 139.28 W
2026/09/23 13:37:26.293, 0, 95 %, 32 %, 13045 MiB, 141.79 W
2026/09/23 13:37:26.294, 1, 97 %, 33 %, 13047 MiB, 132.91 W
2026/09/23 13:37:26.296, 2, 100 %, 25 %, 13043 MiB, 130.71 W
2026/09/23 13:37:26.297, 3, 98 %, 29 %, 13041 MiB, 139.86 W
2026/09/23 13:37:27.299, 0, 100 %, 24 %, 13045 MiB, 141.79 W
2026/09/23 13:37:27.300, 1, 97 %, 28 %, 13047 MiB, 132.91 W
2026/09/23 13:37:27.301, 2, 97 %, 34 %, 13043 MiB, 131.19 W
2026/09/23 13:37:27.302, 3, 98 %, 31 %, 13041 MiB, 141.21 W
2026/09/23 13:37:28.304, 0, 95 %, 33 %, 13045 MiB, 129.39 W
2026/09/23 13:37:28.306, 1, 97 %, 29 %, 13047 MiB, 121.40 W
2026/09/23 13:37:28.307, 2, 99 %, 26 %, 13043 MiB, 121.56 W
2026/09/23 13:37:28.308, 3, 100 %, 27 %, 13041 MiB, 128.82 W
2026/09/23 13:37:29.310, 0, 97 %, 25 %, 13045 MiB, 141.79 W
2026/09/23 13:37:29.311, 1, 95 %, 30 %, 13047 MiB, 132.91 W
2026/09/23 13:37:29.312, 2, 98 %, 32 %, 13043 MiB, 131.19 W
2026/09/23 13:37:29.313, 3, 98 %, 34 %, 13041 MiB, 142.18 W
2026/09/23 13:37:30.315, 0, 97 %, 31 %, 13045 MiB, 119.38 W
2026/09/23 13:37:30.316, 1, 100 %, 27 %, 13047 MiB, 111.96 W
2026/09/23 13:37:30.317, 2, 98 %, 29 %, 13043 MiB, 109.07 W
2026/09/23 13:37:30.318, 3, 99 %, 24 %, 13041 MiB, 111.14 W
2026/09/23 13:37:31.321, 0, 96 %, 29 %, 13045 MiB, 143.24 W
2026/09/23 13:37:31.322, 1, 94 %, 33 %, 13047 MiB, 132.91 W
2026/09/23 13:37:31.323, 2, 98 %, 29 %, 13043 MiB, 130.71 W
2026/09/23 13:37:31.324, 3, 98 %, 34 %, 13041 MiB, 142.18 W
2026/09/23 13:37:32.326, 0, 95 %, 32 %, 13045 MiB, 141.79 W
2026/09/23 13:37:32.327, 1, 97 %, 24 %, 13047 MiB, 133.88 W
2026/09/23 13:37:32.330, 2, 97 %, 31 %, 13043 MiB, 131.19 W
2026/09/23 13:37:32.331, 3, 99 %, 27 %, 13041 MiB, 140.73 W
2026/09/23 13:37:33.333, 0, 100 %, 25 %, 13045 MiB, 142.28 W
2026/09/23 13:37:33.334, 1, 97 %, 34 %, 13047 MiB, 132.91 W
2026/09/23 13:37:33.335, 2, 100 %, 26 %, 13043 MiB, 131.19 W
2026/09/23 13:37:33.336, 3, 97 %, 30 %, 13041 MiB, 141.31 W
2026/09/23 13:37:34.339, 0, 95 %, 33 %, 13045 MiB, 141.79 W
2026/09/23 13:37:34.340, 1, 97 %, 26 %, 13047 MiB, 133.40 W
2026/09/23 13:37:34.341, 2, 97 %, 34 %, 13043 MiB, 131.19 W
2026/09/23 13:37:34.342, 3, 98 %, 30 %, 13041 MiB, 142.18 W
2026/09/23 13:37:35.344, 0, 97 %, 25 %, 13045 MiB, 130.36 W
2026/09/23 13:37:35.345, 1, 97 %, 31 %, 13047 MiB, 121.48 W
2026/09/23 13:37:35.346, 2, 99 %, 24 %, 13043 MiB, 121.56 W
2026/09/23 13:37:35.347, 3, 100 %, 28 %, 13041 MiB, 129.31 W
2026/09/23 13:37:36.349, 0, 97 %, 32 %, 13045 MiB, 141.79 W
2026/09/23 13:37:36.351, 1, 96 %, 29 %, 13047 MiB, 133.40 W
2026/09/23 13:37:36.352, 2, 98 %, 33 %, 13043 MiB, 131.19 W
2026/09/23 13:37:36.353, 3, 98 %, 33 %, 13041 MiB, 142.18 W
2026/09/23 13:37:37.355, 0, 98 %, 32 %, 13045 MiB, 117.36 W
2026/09/23 13:37:37.356, 1, 100 %, 28 %, 13047 MiB, 112.93 W
2026/09/23 13:37:37.357, 2, 99 %, 28 %, 13043 MiB, 109.07 W
2026/09/23 13:37:37.358, 3, 100 %, 24 %, 13041 MiB, 111.62 W
2026/09/23 13:37:38.360, 0, 95 %, 29 %, 13045 MiB, 143.73 W
2026/09/23 13:37:38.361, 1, 95 %, 33 %, 13047 MiB, 132.91 W
2026/09/23 13:37:38.364, 2, 98 %, 30 %, 13043 MiB, 130.71 W
2026/09/23 13:37:38.365, 3, 98 %, 34 %, 13041 MiB, 142.66 W
2026/09/23 13:37:39.367, 0, 100 %, 27 %, 13045 MiB, 142.28 W
2026/09/23 13:37:39.368, 1, 100 %, 25 %, 13047 MiB, 133.88 W
2026/09/23 13:37:39.369, 2, 96 %, 30 %, 13043 MiB, 131.68 W
2026/09/23 13:37:39.370, 3, 99 %, 26 %, 13041 MiB, 141.21 W
2026/09/23 13:37:40.372, 0, 95 %, 33 %, 13045 MiB, 142.76 W
2026/09/23 13:37:40.373, 1, 94 %, 33 %, 13047 MiB, 132.91 W
2026/09/23 13:37:40.374, 2, 100 %, 27 %, 13043 MiB, 130.71 W
2026/09/23 13:37:40.375, 3, 98 %, 31 %, 13041 MiB, 140.25 W
2026/09/23 13:37:41.378, 0, 97 %, 26 %, 13045 MiB, 141.79 W
2026/09/23 13:37:41.379, 1, 97 %, 26 %, 13047 MiB, 132.91 W
2026/09/23 13:37:41.380, 2, 97 %, 34 %, 13043 MiB, 131.68 W
2026/09/23 13:37:41.381, 3, 98 %, 29 %, 13041 MiB, 141.21 W
2026/09/23 13:37:42.383, 0, 98 %, 30 %, 13045 MiB, 129.88 W
2026/09/23 13:37:42.384, 1, 97 %, 31 %, 13047 MiB, 121.48 W
2026/09/23 13:37:42.385, 2, 99 %, 24 %, 13043 MiB, 121.56 W
2026/09/23 13:37:42.386, 3, 99 %, 28 %, 13041 MiB, 129.31 W
2026/09/23 13:37:43.388, 0, 95 %, 30 %, 13045 MiB, 142.28 W
2026/09/23 13:37:43.389, 1, 95 %, 29 %, 13047 MiB, 133.40 W
2026/09/23 13:37:43.391, 2, 97 %, 34 %, 13043 MiB, 131.19 W
2026/09/23 13:37:43.392, 3, 98 %, 32 %, 13041 MiB, 142.66 W
2026/09/23 13:37:44.394, 0, 100 %, 27 %, 13045 MiB, 118.33 W
2026/09/23 13:37:44.395, 1, 98 %, 28 %, 13047 MiB, 110.51 W
2026/09/23 13:37:44.397, 2, 99 %, 27 %, 13043 MiB, 105.18 W
2026/09/23 13:37:44.398, 3, 100 %, 25 %, 13041 MiB, 113.08 W
2026/09/23 13:37:45.400, 0, 94 %, 33 %, 13045 MiB, 144.21 W
2026/09/23 13:37:45.401, 1, 95 %, 31 %, 13047 MiB, 132.91 W
2026/09/23 13:37:45.402, 2, 98 %, 31 %, 13043 MiB, 131.19 W
2026/09/23 13:37:45.404, 3, 98 %, 34 %, 13041 MiB, 142.28 W
2026/09/23 13:37:46.406, 0, 99 %, 24 %, 13045 MiB, 142.28 W
2026/09/23 13:37:46.407, 1, 100 %, 26 %, 13047 MiB, 133.79 W
2026/09/23 13:37:46.408, 2, 96 %, 29 %, 13043 MiB, 131.19 W
2026/09/23 13:37:46.409, 3, 99 %, 25 %, 13041 MiB, 140.73 W
2026/09/23 13:37:47.412, 0, 95 %, 33 %, 13045 MiB, 142.28 W
2026/09/23 13:37:47.413, 1, 95 %, 33 %, 13047 MiB, 133.40 W
2026/09/23 13:37:47.414, 2, 99 %, 28 %, 13043 MiB, 130.71 W
2026/09/23 13:37:47.415, 3, 98 %, 33 %, 13041 MiB, 140.73 W
2026/09/23 13:37:48.417, 0, 97 %, 26 %, 13045 MiB, 141.79 W
2026/09/23 13:37:48.418, 1, 97 %, 24 %, 13047 MiB, 132.91 W
2026/09/23 13:37:48.419, 2, 97 %, 32 %, 13043 MiB, 131.68 W
2026/09/23 13:37:48.420, 3, 99 %, 28 %, 13041 MiB, 142.18 W
2026/09/23 13:37:49.422, 0, 97 %, 31 %, 13045 MiB, 130.36 W
2026/09/23 13:37:49.424, 1, 97 %, 33 %, 13047 MiB, 121.48 W
2026/09/23 13:37:49.425, 2, 100 %, 25 %, 13043 MiB, 121.56 W
2026/09/23 13:37:49.426, 3, 98 %, 29 %, 13041 MiB, 129.39 W
2026/09/23 13:37:50.428, 0, 95 %, 29 %, 13045 MiB, 142.28 W
2026/09/23 13:37:50.429, 1, 98 %, 27 %, 13047 MiB, 133.40 W
2026/09/23 13:37:50.430, 2, 97 %, 34 %, 13043 MiB, 131.19 W
2026/09/23 13:37:50.431, 3, 97 %, 31 %, 13041 MiB, 143.15 W
2026/09/23 13:37:51.434, 0, 99 %, 28 %, 13045 MiB, 123.75 W
2026/09/23 13:37:51.436, 1, 97 %, 30 %, 13047 MiB, 112.86 W
2026/09/23 13:37:51.437, 2, 99 %, 26 %, 15157 MiB, 106.64 W
2026/09/23 13:37:51.438, 3, 100 %, 27 %, 13041 MiB, 115.02 W
2026/09/23 13:37:52.441, 0, 94 %, 31 %, 13045 MiB, 144.21 W
2026/09/23 13:37:52.442, 1, 95 %, 30 %, 13047 MiB, 132.95 W
2026/09/23 13:37:52.443, 2, 98 %, 33 %, 13043 MiB, 131.24 W
2026/09/23 13:37:52.444, 3, 98 %, 34 %, 13041 MiB, 140.36 W
2026/09/23 13:37:53.446, 0, 100 %, 26 %, 13045 MiB, 86.96 W
2026/09/23 13:37:53.448, 1, 100 %, 28 %, 13047 MiB, 80.54 W
2026/09/23 13:37:53.449, 2, 99 %, 28 %, 13043 MiB, 80.86 W
2026/09/23 13:37:53.450, 3, 99 %, 24 %, 13041 MiB, 84.96 W
2026/09/23 13:37:54.452, 0, 41 %, 1 %, 13045 MiB, 81.14 W
2026/09/23 13:37:54.455, 1, 41 %, 1 %, 13047 MiB, 74.73 W
2026/09/23 13:37:54.456, 2, 36 %, 1 %, 13043 MiB, 75.51 W
2026/09/23 13:37:54.457, 3, 36 %, 1 %, 13041 MiB, 79.20 W
2026/09/23 13:37:55.459, 0, 41 %, 1 %, 13045 MiB, 79.68 W
2026/09/23 13:37:55.460, 1, 41 %, 1 %, 13047 MiB, 73.81 W
2026/09/23 13:37:55.461, 2, 37 %, 1 %, 13043 MiB, 75.03 W
2026/09/23 13:37:55.463, 3, 36 %, 1 %, 13041 MiB, 79.20 W
2026/09/23 13:37:56.465, 0, 97 %, 34 %, 13045 MiB, 128.96 W
2026/09/23 13:37:56.466, 1, 94 %, 33 %, 13047 MiB, 121.16 W
2026/09/23 13:37:56.467, 2, 100 %, 28 %, 13043 MiB, 122.69 W
2026/09/23 13:37:56.468, 3, 98 %, 32 %, 13041 MiB, 129.45 W
2026/09/23 13:37:57.473, 0, 97 %, 27 %, 13045 MiB, 142.77 W
2026/09/23 13:37:57.474, 1, 98 %, 25 %, 13047 MiB, 132.95 W
2026/09/23 13:37:57.475, 2, 97 %, 34 %, 13043 MiB, 130.76 W
2026/09/23 13:37:57.476, 3, 98 %, 29 %, 13041 MiB, 142.29 W
2026/09/23 13:37:58.478, 0, 97 %, 30 %, 15161 MiB, 123.34 W
2026/09/23 13:37:58.479, 1, 97 %, 32 %, 15167 MiB, 119.31 W
2026/09/23 13:37:58.480, 2, 99 %, 24 %, 15157 MiB, 117.36 W
2026/09/23 13:37:58.481, 3, 99 %, 29 %, 15153 MiB, 126.64 W
2026/09/23 13:37:59.483, 0, 96 %, 29 %, 13045 MiB, 142.77 W
2026/09/23 13:37:59.485, 1, 96 %, 28 %, 13047 MiB, 133.43 W
2026/09/23 13:37:59.486, 2, 97 %, 34 %, 13043 MiB, 131.24 W
2026/09/23 13:37:59.488, 3, 97 %, 32 %, 13041 MiB, 140.84 W
2026/09/23 13:38:00.491, 0, 100 %, 28 %, 13045 MiB, 139.97 W
2026/09/23 13:38:00.492, 1, 97 %, 29 %, 13047 MiB, 132.08 W
2026/09/23 13:38:00.494, 2, 98 %, 29 %, 13043 MiB, 130.27 W
2026/09/23 13:38:00.496, 3, 100 %, 26 %, 13041 MiB, 139.40 W
2026/09/23 13:38:01.498, 0, 94 %, 32 %, 13045 MiB, 140.93 W
2026/09/23 13:38:01.499, 1, 95 %, 31 %, 13047 MiB, 132.95 W
2026/09/23 13:38:01.500, 2, 100 %, 28 %, 13043 MiB, 130.76 W
2026/09/23 13:38:01.501, 3, 98 %, 34 %, 13041 MiB, 140.84 W
2026/09/23 13:38:02.503, 0, 100 %, 25 %, 13045 MiB, 142.77 W
2026/09/23 13:38:02.504, 1, 100 %, 27 %, 13047 MiB, 133.43 W
2026/09/23 13:38:02.505, 2, 97 %, 34 %, 13043 MiB, 131.24 W
2026/09/23 13:38:02.506, 3, 99 %, 26 %, 13041 MiB, 143.25 W
2026/09/23 13:38:03.509, 0, 95 %, 33 %, 13045 MiB, 130.01 W
2026/09/23 13:38:03.510, 1, 94 %, 33 %, 13047 MiB, 121.64 W
2026/09/23 13:38:03.511, 2, 99 %, 25 %, 13043 MiB, 122.69 W
2026/09/23 13:38:03.512, 3, 98 %, 31 %, 13041 MiB, 129.93 W
2026/09/23 13:38:04.514, 0, 97 %, 25 %, 13045 MiB, 143.25 W
2026/09/23 13:38:04.516, 1, 97 %, 25 %, 13047 MiB, 133.43 W
2026/09/23 13:38:04.517, 2, 98 %, 33 %, 13043 MiB, 131.24 W
2026/09/23 13:38:04.518, 3, 98 %, 30 %, 13041 MiB, 142.29 W
2026/09/23 13:38:05.520, 0, 98 %, 32 %, 15161 MiB, 120.92 W
2026/09/23 13:38:05.522, 1, 98 %, 32 %, 15167 MiB, 121.24 W
2026/09/23 13:38:05.528, 2, 99 %, 28 %, 15157 MiB, 98.60 W
2026/09/23 13:38:05.529, 3, 100 %, 26 %, 15153 MiB, 128.57 W
2026/09/23 13:38:06.531, 0, 97 %, 28 %, 13045 MiB, 142.29 W
2026/09/23 13:38:06.532, 1, 94 %, 28 %, 13047 MiB, 133.43 W
2026/09/23 13:38:06.534, 2, 97 %, 30 %, 13043 MiB, 131.73 W
2026/09/23 13:38:06.535, 3, 98 %, 34 %, 13041 MiB, 141.80 W
2026/09/23 13:38:07.537, 0, 97 %, 30 %, 13045 MiB, 138.52 W
2026/09/23 13:38:07.538, 1, 100 %, 28 %, 13047 MiB, 130.63 W
2026/09/23 13:38:07.539, 2, 96 %, 30 %, 13043 MiB, 128.34 W
2026/09/23 13:38:07.540, 3, 99 %, 26 %, 13041 MiB, 138.43 W
2026/09/23 13:38:08.542, 0, 95 %, 30 %, 13045 MiB, 141.42 W
2026/09/23 13:38:08.545, 1, 95 %, 33 %, 13047 MiB, 132.47 W
2026/09/23 13:38:08.546, 2, 100 %, 28 %, 13043 MiB, 130.27 W
2026/09/23 13:38:08.548, 3, 98 %, 32 %, 13041 MiB, 140.84 W
2026/09/23 13:38:09.550, 0, 95 %, 33 %, 13045 MiB, 143.25 W
2026/09/23 13:38:09.551, 1, 97 %, 26 %, 13047 MiB, 133.92 W
2026/09/23 13:38:09.552, 2, 97 %, 33 %, 13043 MiB, 131.24 W
2026/09/23 13:38:09.553, 3, 98 %, 29 %, 13041 MiB, 143.73 W
2026/09/23 13:38:10.557, 0, 97 %, 24 %, 13045 MiB, 129.05 W
2026/09/23 13:38:10.558, 1, 98 %, 32 %, 13047 MiB, 121.16 W
2026/09/23 13:38:10.559, 2, 100 %, 25 %, 13043 MiB, 123.66 W
2026/09/23 13:38:10.560, 3, 98 %, 29 %, 13041 MiB, 131.38 W
2026/09/23 13:38:11.562, 0, 97 %, 34 %, 13045 MiB, 143.25 W
2026/09/23 13:38:11.563, 1, 96 %, 29 %, 13047 MiB, 133.43 W
2026/09/23 13:38:11.564, 2, 97 %, 34 %, 13043 MiB, 131.73 W
2026/09/23 13:38:11.565, 3, 98 %, 32 %, 13041 MiB, 141.32 W
2026/09/23 13:38:12.567, 0, 97 %, 27 %, 13045 MiB, 129.05 W
2026/09/23 13:38:12.569, 1, 97 %, 29 %, 13047 MiB, 120.68 W
2026/09/23 13:38:12.570, 2, 99 %, 26 %, 13043 MiB, 120.27 W
2026/09/23 13:38:12.571, 3, 100 %, 26 %, 13041 MiB, 127.60 W
2026/09/23 13:38:13.573, 0, 97 %, 31 %, 13045 MiB, 141.80 W
2026/09/23 13:38:13.575, 1, 95 %, 31 %, 13047 MiB, 133.43 W
2026/09/23 13:38:13.576, 2, 97 %, 32 %, 13043 MiB, 131.73 W
2026/09/23 13:38:13.577, 3, 98 %, 34 %, 13041 MiB, 141.80 W
2026/09/23 13:38:14.579, 0, 94 %, 29 %, 13045 MiB, 134.76 W
2026/09/23 13:38:14.580, 1, 100 %, 27 %, 13047 MiB, 126.78 W
2026/09/23 13:38:14.581, 2, 98 %, 29 %, 13043 MiB, 126.00 W
2026/09/23 13:38:14.582, 3, 99 %, 24 %, 13041 MiB, 135.63 W
2026/09/23 13:38:15.584, 0, 99 %, 28 %, 13045 MiB, 141.42 W
2026/09/23 13:38:15.586, 1, 94 %, 33 %, 13047 MiB, 131.99 W
2026/09/23 13:38:15.587, 2, 97 %, 29 %, 13043 MiB, 130.76 W
2026/09/23 13:38:15.588, 3, 98 %, 34 %, 13041 MiB, 141.80 W
2026/09/23 13:38:16.591, 0, 95 %, 32 %, 13045 MiB, 144.70 W
2026/09/23 13:38:16.592, 1, 97 %, 24 %, 13047 MiB, 134.88 W
2026/09/23 13:38:16.593, 2, 97 %, 31 %, 13043 MiB, 132.12 W
2026/09/23 13:38:16.594, 3, 99 %, 27 %, 13041 MiB, 142.19 W
2026/09/23 13:38:17.596, 0, 100 %, 27 %, 13045 MiB, 142.38 W
2026/09/23 13:38:17.597, 1, 95 %, 33 %, 13047 MiB, 132.95 W
2026/09/23 13:38:17.598, 2, 100 %, 28 %, 13043 MiB, 130.76 W
2026/09/23 13:38:17.599, 3, 98 %, 32 %, 13041 MiB, 140.84 W
2026/09/23 13:38:18.601, 0, 94 %, 33 %, 13045 MiB, 142.29 W
2026/09/23 13:38:18.603, 1, 97 %, 25 %, 13047 MiB, 133.43 W
2026/09/23 13:38:18.604, 2, 97 %, 33 %, 13043 MiB, 131.73 W
2026/09/23 13:38:18.605, 3, 98 %, 28 %, 13041 MiB, 142.77 W
2026/09/23 13:38:19.607, 0, 98 %, 24 %, 13045 MiB, 130.01 W
2026/09/23 13:38:19.608, 1, 98 %, 32 %, 13047 MiB, 121.64 W
2026/09/23 13:38:19.609, 2, 100 %, 25 %, 13043 MiB, 122.21 W
2026/09/23 13:38:19.610, 3, 98 %, 29 %, 13041 MiB, 129.93 W
2026/09/23 13:38:20.613, 0, 94 %, 33 %, 13045 MiB, 143.25 W
2026/09/23 13:38:20.614, 1, 96 %, 28 %, 13047 MiB, 133.43 W
2026/09/23 13:38:20.615, 2, 97 %, 34 %, 13043 MiB, 131.24 W
2026/09/23 13:38:20.616, 3, 97 %, 31 %, 13041 MiB, 143.25 W
2026/09/23 13:38:21.618, 0, 97 %, 26 %, 15161 MiB, 125.67 W
2026/09/23 13:38:21.619, 1, 98 %, 29 %, 15167 MiB, 119.72 W
2026/09/23 13:38:21.620, 2, 99 %, 26 %, 15157 MiB, 120.27 W
2026/09/23 13:38:21.621, 3, 100 %, 27 %, 15153 MiB, 127.52 W
2026/09/23 13:38:22.624, 0, 98 %, 31 %, 13045 MiB, 143.25 W
2026/09/23 13:38:22.625, 1, 95 %, 30 %, 13047 MiB, 133.92 W
2026/09/23 13:38:22.626, 2, 97 %, 32 %, 13043 MiB, 131.73 W
2026/09/23 13:38:22.627, 3, 98 %, 34 %, 13041 MiB, 140.84 W
2026/09/23 13:38:23.629, 0, 96 %, 29 %, 13045 MiB, 139.97 W
2026/09/23 13:38:23.630, 1, 100 %, 27 %, 13047 MiB, 132.08 W
2026/09/23 13:38:23.631, 2, 98 %, 28 %, 13043 MiB, 129.79 W
2026/09/23 13:38:23.632, 3, 99 %, 24 %, 13041 MiB, 139.40 W
2026/09/23 13:38:24.635, 0, 41 %, 1 %, 13045 MiB, 81.14 W
2026/09/23 13:38:24.636, 1, 41 %, 1 %, 13047 MiB, 74.73 W
2026/09/23 13:38:24.637, 2, 36 %, 1 %, 13043 MiB, 75.51 W
2026/09/23 13:38:24.638, 3, 36 %, 1 %, 13041 MiB, 79.20 W
2026/09/23 13:38:25.640, 0, 41 %, 1 %, 13045 MiB, 80.65 W
2026/09/23 13:38:25.641, 1, 41 %, 1 %, 13047 MiB, 74.73 W
2026/09/23 13:38:25.642, 2, 36 %, 1 %, 13043 MiB, 75.51 W
2026/09/23 13:38:25.643, 3, 36 %, 1 %, 13041 MiB, 79.20 W
2026/09/23 13:38:26.647, 0, 100 %, 26 %, 13045 MiB, 129.53 W
2026/09/23 13:38:26.648, 1, 96 %, 34 %, 13047 MiB, 120.68 W
2026/09/23 13:38:26.649, 2, 100 %, 27 %, 13043 MiB, 121.73 W
2026/09/23 13:38:26.651, 3, 98 %, 31 %, 13041 MiB, 129.93 W
2026/09/23 13:38:27.653, 0, 94 %, 33 %, 13045 MiB, 143.73 W
2026/09/23 13:38:27.654, 1, 97 %, 27 %, 13047 MiB, 133.43 W
2026/09/23 13:38:27.655, 2, 97 %, 34 %, 13043 MiB, 131.24 W
2026/09/23 13:38:27.656, 3, 98 %, 29 %, 13041 MiB, 140.84 W
2026/09/23 13:38:28.659, 0, 97 %, 24 %, 13045 MiB, 129.05 W
2026/09/23 13:38:28.660, 1, 98 %, 31 %, 15167 MiB, 114.08 W
2026/09/23 13:38:28.663, 2, 99 %, 24 %, 13043 MiB, 110.24 W
2026/09/23 13:38:28.664, 3, 99 %, 28 %, 15153 MiB, 120.92 W
2026/09/23 13:38:29.666, 0, 97 %, 34 %, 13045 MiB, 141.80 W
2026/09/23 13:38:29.667, 1, 95 %, 29 %, 13047 MiB, 133.52 W
2026/09/23 13:38:29.668, 2, 97 %, 34 %, 13043 MiB, 131.73 W
2026/09/23 13:38:29.669, 3, 98 %, 32 %, 13041 MiB, 141.32 W
2026/09/23 13:38:30.671, 0, 97 %, 27 %, 13045 MiB, 136.59 W
2026/09/23 13:38:30.673, 1, 99 %, 28 %, 13047 MiB, 128.71 W
2026/09/23 13:38:30.674, 2, 99 %, 27 %, 13043 MiB, 126.89 W
2026/09/23 13:38:30.675, 3, 100 %, 26 %, 13041 MiB, 137.08 W
2026/09/23 13:38:31.677, 0, 98 %, 31 %, 13045 MiB, 141.42 W
2026/09/23 13:38:31.678, 1, 94 %, 31 %, 13047 MiB, 132.95 W
2026/09/23 13:38:31.679, 2, 97 %, 31 %, 13043 MiB, 130.76 W
2026/09/23 13:38:31.680, 3, 98 %, 34 %, 13041 MiB, 141.32 W
2026/09/23 13:38:32.682, 0, 94 %, 29 %, 13045 MiB, 145.18 W
2026/09/23 13:38:32.683, 1, 100 %, 26 %, 13047 MiB, 134.40 W
2026/09/23 13:38:32.684, 2, 96 %, 29 %, 13043 MiB, 132.21 W
2026/09/23 13:38:32.686, 3, 99 %, 25 %, 13041 MiB, 142.29 W
2026/09/23 13:38:33.688, 0, 100 %, 28 %, 13045 MiB, 126.64 W
2026/09/23 13:38:33.689, 1, 95 %, 33 %, 13047 MiB, 118.75 W
2026/09/23 13:38:33.691, 2, 98 %, 29 %, 13043 MiB, 124.63 W
2026/09/23 13:38:33.692, 3, 98 %, 33 %, 13041 MiB, 132.34 W
2026/09/23 13:38:34.694, 0, 94 %, 32 %, 13045 MiB, 141.32 W
2026/09/23 13:38:34.695, 1, 97 %, 24 %, 13047 MiB, 133.43 W
2026/09/23 13:38:34.696, 2, 97 %, 32 %, 13043 MiB, 131.73 W
2026/09/23 13:38:34.698, 3, 99 %, 28 %, 13041 MiB, 141.80 W
2026/09/23 13:38:35.700, 0, 100 %, 26 %, 13045 MiB, 129.05 W
2026/09/23 13:38:35.703, 1, 97 %, 34 %, 13047 MiB, 121.16 W
2026/09/23 13:38:35.704, 2, 100 %, 26 %, 13043 MiB, 120.76 W
2026/09/23 13:38:35.705, 3, 98 %, 30 %, 13041 MiB, 128.08 W
2026/09/23 13:38:36.707, 0, 95 %, 33 %, 13045 MiB, 142.29 W
2026/09/23 13:38:36.708, 1, 97 %, 27 %, 13047 MiB, 133.52 W
2026/09/23 13:38:36.709, 2, 97 %, 34 %, 13043 MiB, 131.73 W
2026/09/23 13:38:36.710, 3, 98 %, 30 %, 13041 MiB, 142.29 W
2026/09/23 13:38:37.712, 0, 97 %, 25 %, 13045 MiB, 127.12 W
2026/09/23 13:38:37.713, 1, 97 %, 31 %, 13047 MiB, 120.60 W
2026/09/23 13:38:37.714, 2, 99 %, 25 %, 13043 MiB, 120.76 W
2026/09/23 13:38:37.716, 3, 100 %, 28 %, 13041 MiB, 131.86 W
2026/09/23 13:38:38.718, 0, 97 %, 33 %, 13045 MiB, 141.90 W
2026/09/23 13:38:38.720, 1, 94 %, 29 %, 13047 MiB, 132.47 W
2026/09/23 13:38:38.722, 2, 98 %, 34 %, 13043 MiB, 130.76 W
2026/09/23 13:38:38.723, 3, 97 %, 33 %, 13041 MiB, 142.29 W
2026/09/23 13:38:39.725, 0, 97 %, 28 %, 13045 MiB, 143.25 W
2026/09/23 13:38:39.726, 1, 100 %, 28 %, 13047 MiB, 134.88 W
2026/09/23 13:38:39.727, 2, 99 %, 27 %, 13043 MiB, 132.21 W
2026/09/23 13:38:39.728, 3, 100 %, 25 %, 13041 MiB, 141.80 W
2026/09/23 13:38:40.731, 0, 98 %, 30 %, 13045 MiB, 137.17 W
2026/09/23 13:38:40.732, 1, 94 %, 32 %, 13047 MiB, 117.31 W
2026/09/23 13:38:40.734, 2, 97 %, 31 %, 13043 MiB, 120.76 W
2026/09/23 13:38:40.736, 3, 98 %, 34 %, 13041 MiB, 125.75 W
2026/09/23 13:38:41.738, 0, 95 %, 29 %, 13045 MiB, 141.80 W
2026/09/23 13:38:41.739, 1, 94 %, 33 %, 13047 MiB, 133.92 W
2026/09/23 13:38:41.740, 2, 97 %, 29 %, 13043 MiB, 131.73 W
2026/09/23 13:38:41.741, 3, 99 %, 25 %, 13041 MiB, 142.29 W
2026/09/23 13:38:42.743, 0, 100 %, 28 %, 13045 MiB, 129.53 W
2026/09/23 13:38:42.745, 1, 97 %, 26 %, 13047 MiB, 121.64 W
2026/09/23 13:38:42.746, 2, 98 %, 28 %, 13043 MiB, 121.24 W
2026/09/23 13:38:42.747, 3, 98 %, 33 %, 13041 MiB, 128.96 W
2026/09/23 13:38:43.750, 0, 95 %, 33 %, 13045 MiB, 142.38 W
2026/09/23 13:38:43.751, 1, 97 %, 32 %, 13047 MiB, 133.43 W
2026/09/23 13:38:43.753, 2, 97 %, 32 %, 13043 MiB, 131.24 W
2026/09/23 13:38:43.754, 3, 99 %, 28 %, 13041 MiB, 142.77 W
2026/09/23 13:38:44.756, 0, 97 %, 24 %, 13045 MiB, 116.65 W
2026/09/23 13:38:44.761, 1, 96 %, 28 %, 13047 MiB, 108.36 W
2026/09/23 13:38:44.763, 2, 100 %, 26 %, 13043 MiB, 103.52 W
2026/09/23 13:38:44.764, 3, 98 %, 30 %, 13041 MiB, 107.61 W
2026/09/23 13:38:45.766, 0, 98 %, 34 %, 13045 MiB, 144.70 W
2026/09/23 13:38:45.767, 1, 97 %, 30 %, 13047 MiB, 133.43 W
2026/09/23 13:38:45.768, 2, 96 %, 34 %, 13043 MiB, 131.73 W
2026/09/23 13:38:45.769, 3, 98 %, 30 %, 13041 MiB, 141.32 W
2026/09/23 13:38:46.771, 0, 96 %, 28 %, 13045 MiB, 141.42 W
2026/09/23 13:38:46.772, 1, 95 %, 30 %, 13047 MiB, 132.95 W
2026/09/23 13:38:46.774, 2, 99 %, 24 %, 13043 MiB, 130.76 W
2026/09/23 13:38:46.775, 3, 100 %, 28 %, 13041 MiB, 140.36 W
2026/09/23 13:38:47.777, 0, 99 %, 28 %, 13045 MiB, 141.42 W
2026/09/23 13:38:47.779, 1, 100 %, 28 %, 13047 MiB, 132.95 W
2026/09/23 13:38:47.780, 2, 96 %, 34 %, 13043 MiB, 131.24 W
2026/09/23 13:38:47.781, 3, 96 %, 33 %, 13041 MiB, 141.80 W
2026/09/23 13:38:48.783, 0, 95 %, 33 %, 13045 MiB, 143.25 W
2026/09/23 13:38:48.784, 1, 94 %, 33 %, 13047 MiB, 133.92 W
2026/09/23 13:38:48.785, 2, 99 %, 27 %, 13043 MiB, 131.24 W
2026/09/23 13:38:48.786, 3, 100 %, 26 %, 13041 MiB, 144.21 W
2026/09/23 13:38:49.788, 0, 99 %, 24 %, 13045 MiB, 130.01 W
2026/09/23 13:38:49.790, 1, 100 %, 25 %, 13047 MiB, 120.60 W
2026/09/23 13:38:49.791, 2, 97 %, 31 %, 13043 MiB, 123.18 W
2026/09/23 13:38:49.792, 3, 97 %, 34 %, 13041 MiB, 130.89 W
2026/09/23 13:38:50.795, 0, 95 %, 33 %, 13045 MiB, 143.83 W
2026/09/23 13:38:50.796, 1, 94 %, 33 %, 13047 MiB, 134.40 W
2026/09/23 13:38:50.797, 2, 97 %, 29 %, 13043 MiB, 132.21 W
2026/09/23 13:38:50.798, 3, 99 %, 25 %, 13041 MiB, 141.80 W
2026/09/23 13:38:51.800, 0, 97 %, 26 %, 13045 MiB, 129.05 W
2026/09/23 13:38:51.802, 1, 97 %, 25 %, 13047 MiB, 120.68 W
2026/09/23 13:38:51.803, 2, 99 %, 29 %, 13043 MiB, 120.27 W
2026/09/23 13:38:51.804, 3, 98 %, 33 %, 13041 MiB, 128.08 W
2026/09/23 13:38:52.806, 0, 97 %, 32 %, 13045 MiB, 142.38 W
2026/09/23 13:38:52.807, 1, 97 %, 32 %, 13047 MiB, 133.92 W
2026/09/23 13:38:52.808, 2, 97 %, 32 %, 13043 MiB, 131.73 W
2026/09/23 13:38:52.809, 3, 99 %, 28 %, 13041 MiB, 142.29 W
2026/09/23 13:38:53.811, 0, 96 %, 28 %, 13045 MiB, 132.82 W
2026/09/23 13:38:53.812, 1, 97 %, 28 %, 13047 MiB, 125.42 W
2026/09/23 13:38:53.814, 2, 100 %, 27 %, 13043 MiB, 124.07 W
2026/09/23 13:38:53.815, 3, 98 %, 30 %, 13041 MiB, 134.18 W
2026/09/23 13:38:54.817, 0, 41 %, 1 %, 13045 MiB, 81.14 W
2026/09/23 13:38:54.818, 1, 41 %, 1 %, 13047 MiB, 75.22 W
2026/09/23 13:38:54.820, 2, 37 %, 1 %, 13043 MiB, 75.51 W
2026/09/23 13:38:54.821, 3, 37 %, 1 %, 13041 MiB, 79.68 W
2026/09/23 13:38:55.823, 0, 41 %, 1 %, 13045 MiB, 81.14 W
2026/09/23 13:38:55.824, 1, 41 %, 1 %, 13047 MiB, 74.73 W
2026/09/23 13:38:55.825, 2, 36 %, 1 %, 13043 MiB, 75.51 W
2026/09/23 13:38:55.826, 3, 36 %, 1 %, 13041 MiB, 79.14 W
2026/09/23 13:38:56.828, 0, 100 %, 24 %, 13045 MiB, 128.08 W
2026/09/23 13:38:56.829, 1, 100 %, 24 %, 13047 MiB, 117.79 W
2026/09/23 13:38:56.830, 2, 77 %, 24 %, 13043 MiB, 123.58 W
2026/09/23 13:38:56.832, 3, 99 %, 24 %, 13041 MiB, 132.34 W
2026/09/23 13:38:57.834, 0, 95 %, 33 %, 13045 MiB, 141.90 W
2026/09/23 13:38:57.835, 1, 94 %, 33 %, 13047 MiB, 133.92 W
2026/09/23 13:38:57.836, 2, 99 %, 28 %, 13043 MiB, 131.73 W
2026/09/23 13:38:57.838, 3, 98 %, 34 %, 13041 MiB, 141.80 W
2026/09/23 13:38:58.841, 0, 97 %, 24 %, 13045 MiB, 129.05 W
2026/09/23 13:38:58.842, 1, 97 %, 24 %, 13047 MiB, 121.16 W
2026/09/23 13:38:58.843, 2, 98 %, 31 %, 13043 MiB, 120.76 W
2026/09/23 13:38:58.844, 3, 99 %, 27 %, 13041 MiB, 128.08 W
2026/09/23 13:38:59.846, 0, 95 %, 33 %, 13045 MiB, 142.29 W
2026/09/23 13:38:59.850, 1, 94 %, 33 %, 13047 MiB, 133.43 W
2026/09/23 13:38:59.851, 2, 96 %, 29 %, 13043 MiB, 131.73 W
2026/09/23 13:38:59.852, 3, 98 %, 32 %, 13041 MiB, 142.29 W
2026/09/23 13:39:00.854, 0, 97 %, 26 %, 13045 MiB, 122.37 W
2026/09/23 13:39:00.856, 1, 97 %, 26 %, 13047 MiB, 115.93 W
2026/09/23 13:39:00.857, 2, 98 %, 28 %, 13043 MiB, 115.91 W
2026/09/23 13:39:00.858, 3, 98 %, 30 %, 13041 MiB, 125.67 W
2026/09/23 13:39:01.860, 0, 97 %, 31 %, 13045 MiB, 142.77 W
2026/09/23 13:39:01.862, 1, 97 %, 32 %, 13047 MiB, 132.95 W
2026/09/23 13:39:01.863, 2, 97 %, 32 %, 13043 MiB, 130.76 W
2026/09/23 13:39:01.864, 3, 98 %, 29 %, 13041 MiB, 143.25 W
2026/09/23 13:39:02.866, 0, 95 %, 29 %, 13045 MiB, 142.29 W
2026/09/23 13:39:02.867, 1, 96 %, 29 %, 13047 MiB, 133.92 W
2026/09/23 13:39:02.868, 2, 100 %, 26 %, 13043 MiB, 131.73 W
2026/09/23 13:39:02.869, 3, 97 %, 31 %, 13041 MiB, 141.32 W
2026/09/23 13:39:03.871, 0, 98 %, 29 %, 13045 MiB, 141.80 W
2026/09/23 13:39:03.872, 1, 98 %, 29 %, 13047 MiB, 133.04 W
2026/09/23 13:39:03.873, 2, 97 %, 34 %, 13043 MiB, 131.24 W
2026/09/23 13:39:03.874, 3, 100 %, 27 %, 13041 MiB, 141.32 W
2026/09/23 13:39:04.877, 0, 94 %, 31 %, 13045 MiB, 142.77 W
2026/09/23 13:39:04.878, 1, 95 %, 31 %, 13047 MiB, 133.43 W
2026/09/23 13:39:04.879, 2, 99 %, 25 %, 13043 MiB, 131.73 W
2026/09/23 13:39:04.880, 3, 98 %, 34 %, 13041 MiB, 143.25 W
2026/09/23 13:39:05.883, 0, 100 %, 27 %, 13045 MiB, 130.01 W
2026/09/23 13:39:05.884, 1, 100 %, 27 %, 13047 MiB, 121.16 W
2026/09/23 13:39:05.885, 2, 98 %, 32 %, 13043 MiB, 121.73 W
2026/09/23 13:39:05.886, 3, 99 %, 24 %, 13041 MiB, 129.45 W
2026/09/23 13:39:06.889, 0, 95 %, 33 %, 13045 MiB, 143.25 W
2026/09/23 13:39:06.890, 1, 94 %, 34 %, 13047 MiB, 133.43 W
2026/09/23 13:39:06.891, 2, 97 %, 29 %, 13043 MiB, 131.73 W
2026/09/23 13:39:06.892, 3, 97 %, 34 %, 13041 MiB, 143.25 W
2026/09/23 13:39:07.894, 0, 97 %, 24 %, 15161 MiB, 122.29 W
2026/09/23 13:39:07.895, 1, 97 %, 24 %, 15167 MiB, 117.86 W
2026/09/23 13:39:07.896, 2, 100 %, 28 %, 15157 MiB, 117.85 W
2026/09/23 13:39:07.897, 3, 99 %, 27 %, 15153 MiB, 126.64 W
2026/09/23 13:39:08.899, 0, 94 %, 34 %, 13045 MiB, 143.25 W
2026/09/23 13:39:08.900, 1, 95 %, 33 %, 13047 MiB, 133.43 W
2026/09/23 13:39:08.901, 2, 97 %, 34 %, 13043 MiB, 132.21 W
2026/09/23 13:39:08.903, 3, 98 %, 31 %, 13041 MiB, 141.80 W
2026/09/23 13:39:09.905, 0, 97 %, 26 %, 13045 MiB, 138.04 W
2026/09/23 13:39:09.906, 1, 97 %, 26 %, 13047 MiB, 130.15 W
2026/09/23 13:39:09.907, 2, 99 %, 26 %, 13043 MiB, 128.34 W
2026/09/23 13:39:09.909, 3, 98 %, 30 %, 13041 MiB, 138.04 W
2026/09/23 13:39:10.911, 0, 98 %, 31 %, 13045 MiB, 141.42 W
2026/09/23 13:39:10.912, 1, 97 %, 31 %, 13047 MiB, 132.47 W
2026/09/23 13:39:10.913, 2, 98 %, 32 %, 13043 MiB, 131.24 W
2026/09/23 13:39:10.914, 3, 98 %, 31 %, 13041 MiB, 141.32 W
2026/09/23 13:39:11.918, 0, 95 %, 29 %, 13045 MiB, 144.70 W
2026/09/23 13:39:11.919, 1, 94 %, 29 %, 13047 MiB, 134.40 W
2026/09/23 13:39:11.920, 2, 98 %, 29 %, 13043 MiB, 132.21 W
2026/09/23 13:39:11.921, 3, 100 %, 25 %, 13041 MiB, 143.25 W
2026/09/23 13:39:12.923, 0, 99 %, 29 %, 13045 MiB, 128.57 W
2026/09/23 13:39:12.924, 1, 100 %, 27 %, 13047 MiB, 118.75 W
2026/09/23 13:39:12.925, 2, 97 %, 29 %, 13043 MiB, 124.07 W
2026/09/23 13:39:12.926, 3, 98 %, 34 %, 13041 MiB, 132.34 W
2026/09/23 13:39:13.929, 0, 94 %, 31 %, 13045 MiB, 142.38 W
2026/09/23 13:39:13.930, 1, 94 %, 33 %, 13047 MiB, 134.40 W
2026/09/23 13:39:13.931, 2, 97 %, 31 %, 13043 MiB, 131.73 W
2026/09/23 13:39:13.932, 3, 98 %, 29 %, 13041 MiB, 142.29 W
2026/09/23 13:39:14.935, 0, 100 %, 27 %, 13045 MiB, 130.01 W
2026/09/23 13:39:14.936, 1, 97 %, 26 %, 13047 MiB, 121.16 W
2026/09/23 13:39:14.937, 2, 100 %, 27 %, 13043 MiB, 120.76 W
2026/09/23 13:39:14.938, 3, 98 %, 29 %, 13041 MiB, 128.48 W
2026/09/23 13:39:15.940, 0, 94 %, 33 %, 13045 MiB, 142.29 W
2026/09/23 13:39:15.941, 1, 97 %, 26 %, 13047 MiB, 133.43 W
2026/09/23 13:39:15.942, 2, 96 %, 34 %, 13043 MiB, 132.21 W
2026/09/23 13:39:15.943, 3, 97 %, 31 %, 13041 MiB, 142.77 W
2026/09/23 13:39:16.946, 0, 97 %, 24 %, 13045 MiB, 120.03 W
2026/09/23 13:39:16.947, 1, 98 %, 31 %, 13047 MiB, 114.49 W
2026/09/23 13:39:16.948, 2, 100 %, 24 %, 13043 MiB, 115.50 W
2026/09/23 13:39:16.949, 3, 100 %, 28 %, 13041 MiB, 125.19 W
2026/09/23 13:39:17.951, 0, 94 %, 34 %, 13045 MiB, 142.77 W
2026/09/23 13:39:17.953, 1, 95 %, 29 %, 13047 MiB, 133.43 W
2026/09/23 13:39:17.954, 2, 97 %, 34 %, 13043 MiB, 131.24 W
2026/09/23 13:39:17.955, 3, 97 %, 34 %, 13041 MiB, 143.25 W
2026/09/23 13:39:18.958, 0, 97 %, 26 %, 13045 MiB, 142.77 W
2026/09/23 13:39:18.959, 1, 94 %, 32 %, 13047 MiB, 133.92 W
2026/09/23 13:39:18.960, 2, 99 %, 26 %, 13043 MiB, 131.73 W
2026/09/23 13:39:18.961, 3, 100 %, 25 %, 13041 MiB, 141.32 W
2026/09/23 13:39:19.963, 0, 98 %, 31 %, 13045 MiB, 142.86 W
2026/09/23 13:39:19.964, 1, 100 %, 26 %, 13047 MiB, 132.95 W
2026/09/23 13:39:19.965, 2, 97 %, 32 %, 13043 MiB, 131.24 W
2026/09/23 13:39:19.966, 3, 97 %, 34 %, 13041 MiB, 140.84 W
2026/09/23 13:39:20.968, 0, 96 %, 29 %, 13045 MiB, 142.77 W
2026/09/23 13:39:20.969, 1, 94 %, 33 %, 13047 MiB, 133.92 W
2026/09/23 13:39:20.970, 2, 98 %, 28 %, 13043 MiB, 131.73 W
2026/09/23 13:39:20.971, 3, 99 %, 27 %, 13041 MiB, 143.25 W
2026/09/23 13:39:21.973, 0, 97 %, 29 %, 13045 MiB, 130.50 W
2026/09/23 13:39:21.975, 1, 97 %, 25 %, 13047 MiB, 121.16 W
2026/09/23 13:39:21.976, 2, 98 %, 30 %, 13043 MiB, 122.21 W
2026/09/23 13:39:21.977, 3, 98 %, 32 %, 13041 MiB, 129.93 W
2026/09/23 13:39:22.979, 0, 94 %, 31 %, 13045 MiB, 144.21 W
2026/09/23 13:39:22.981, 1, 97 %, 33 %, 13047 MiB, 133.92 W
2026/09/23 13:39:22.982, 2, 97 %, 31 %, 13043 MiB, 131.73 W
2026/09/23 13:39:22.983, 3, 98 %, 29 %, 13041 MiB, 141.80 W
2026/09/23 13:39:23.985, 0, 100 %, 27 %, 13045 MiB, 129.05 W
2026/09/23 13:39:23.986, 1, 97 %, 27 %, 13047 MiB, 121.16 W
2026/09/23 13:39:23.987, 2, 100 %, 28 %, 13043 MiB, 113.08 W
2026/09/23 13:39:23.990, 3, 98 %, 30 %, 15153 MiB, 121.40 W
2026/09/23 13:39:24.993, 0, 94 %, 25 %, 13045 MiB, 81.62 W
2026/09/23 13:39:24.994, 1, 70 %, 12 %, 13047 MiB, 75.26 W
2026/09/23 13:39:24.995, 2, 97 %, 26 %, 13043 MiB, 76.00 W
2026/09/23 13:39:24.997, 3, 97 %, 28 %, 13041 MiB, 79.68 W
2026/09/23 13:39:25.999, 0, 41 %, 1 %, 13045 MiB, 81.14 W
2026/09/23 13:39:26.000, 1, 41 %, 1 %, 13047 MiB, 74.73 W
2026/09/23 13:39:26.001, 2, 36 %, 1 %, 13043 MiB, 75.51 W
2026/09/23 13:39:26.002, 3, 36 %, 1 %, 13041 MiB, 79.14 W
2026/09/23 13:39:27.005, 0, 25 %, 11 %, 13045 MiB, 80.17 W
2026/09/23 13:39:27.006, 1, 0 %, 0 %, 13047 MiB, 73.81 W
2026/09/23 13:39:27.007, 2, 37 %, 1 %, 13043 MiB, 75.51 W
2026/09/23 13:39:27.008, 3, 37 %, 1 %, 13041 MiB, 79.20 W
2026/09/23 13:39:28.010, 0, 97 %, 27 %, 13045 MiB, 143.73 W
2026/09/23 13:39:28.011, 1, 95 %, 33 %, 13047 MiB, 133.92 W
2026/09/23 13:39:28.013, 2, 99 %, 27 %, 13043 MiB, 131.24 W
2026/09/23 13:39:28.014, 3, 99 %, 25 %, 13041 MiB, 143.73 W
2026/09/23 13:39:29.016, 0, 97 %, 31 %, 13045 MiB, 130.01 W
2026/09/23 13:39:29.017, 1, 100 %, 25 %, 13047 MiB, 119.72 W
2026/09/23 13:39:29.018, 2, 98 %, 32 %, 13043 MiB, 123.18 W
2026/09/23 13:39:29.019, 3, 97 %, 34 %, 13041 MiB, 131.38 W
2026/09/23 13:39:30.022, 0, 95 %, 29 %, 13045 MiB, 142.38 W
2026/09/23 13:39:30.023, 1, 94 %, 33 %, 13047 MiB, 133.92 W
2026/09/23 13:39:30.024, 2, 98 %, 29 %, 13043 MiB, 132.21 W
2026/09/23 13:39:30.025, 3, 99 %, 27 %, 13041 MiB, 141.80 W
2026/09/23 13:39:31.027, 0, 98 %, 29 %, 13045 MiB, 129.53 W
2026/09/23 13:39:31.028, 1, 97 %, 25 %, 13047 MiB, 121.16 W
2026/09/23 13:39:31.029, 2, 97 %, 29 %, 13043 MiB, 120.27 W
2026/09/23 13:39:31.030, 3, 98 %, 32 %, 13041 MiB, 128.08 W
2026/09/23 13:39:32.033, 0, 95 %, 31 %, 13045 MiB, 142.38 W
2026/09/23 13:39:32.034, 1, 97 %, 33 %, 13047 MiB, 133.43 W
2026/09/23 13:39:32.036, 2, 96 %, 31 %, 13043 MiB, 131.73 W
2026/09/23 13:39:32.037, 3, 98 %, 30 %, 13041 MiB, 142.29 W
2026/09/23 13:39:33.039, 0, 100 %, 27 %, 13045 MiB, 123.34 W
2026/09/23 13:39:33.040, 1, 97 %, 28 %, 13047 MiB, 117.86 W
2026/09/23 13:39:33.041, 2, 100 %, 27 %, 13043 MiB, 117.44 W
2026/09/23 13:39:33.042, 3, 98 %, 29 %, 13041 MiB, 127.60 W
2026/09/23 13:39:34.044, 0, 95 %, 33 %, 13045 MiB, 142.77 W
2026/09/23 13:39:34.045, 1, 97 %, 30 %, 13047 MiB, 132.47 W
2026/09/23 13:39:34.047, 2, 97 %, 34 %, 13043 MiB, 131.24 W
2026/09/23 13:39:34.048, 3, 97 %, 31 %, 13041 MiB, 143.25 W
2026/09/23 13:39:35.051, 0, 97 %, 24 %, 13045 MiB, 142.86 W
2026/09/23 13:39:35.052, 1, 94 %, 30 %, 13047 MiB, 134.40 W
2026/09/23 13:39:35.053, 2, 100 %, 25 %, 13043 MiB, 131.73 W
2026/09/23 13:39:35.054, 3, 100 %, 27 %, 13041 MiB, 141.32 W
2026/09/23 13:39:36.056, 0, 94 %, 33 %, 13045 MiB, 142.77 W
2026/09/23 13:39:36.057, 1, 100 %, 28 %, 13047 MiB, 133.43 W
2026/09/23 13:39:36.058, 2, 98 %, 34 %, 13043 MiB, 131.24 W
2026/09/23 13:39:36.059, 3, 97 %, 34 %, 13041 MiB, 140.84 W
2026/09/23 13:39:37.061, 0, 97 %, 26 %, 13045 MiB, 142.77 W
2026/09/23 13:39:37.062, 1, 94 %, 32 %, 13047 MiB, 133.43 W
2026/09/23 13:39:37.063, 2, 99 %, 26 %, 13043 MiB, 131.73 W
2026/09/23 13:39:37.064, 3, 99 %, 24 %, 13041 MiB, 143.73 W
2026/09/23 13:39:38.066, 0, 97 %, 32 %, 13045 MiB, 130.50 W
2026/09/23 13:39:38.068, 1, 100 %, 26 %, 13047 MiB, 121.16 W
2026/09/23 13:39:38.069, 2, 98 %, 32 %, 13043 MiB, 121.73 W
2026/09/23 13:39:38.070, 3, 97 %, 34 %, 13041 MiB, 129.45 W
2026/09/23 13:39:39.072, 0, 96 %, 28 %, 13045 MiB, 143.83 W
2026/09/23 13:39:39.074, 1, 94 %, 33 %, 13047 MiB, 133.92 W
2026/09/23 13:39:39.075, 2, 98 %, 28 %, 13043 MiB, 131.73 W
2026/09/23 13:39:39.076, 3, 99 %, 27 %, 13041 MiB, 142.77 W
2026/09/23 13:39:40.078, 0, 98 %, 30 %, 15161 MiB, 121.89 W
2026/09/23 13:39:40.080, 1, 97 %, 25 %, 15167 MiB, 117.38 W
2026/09/23 13:39:40.082, 2, 97 %, 30 %, 15157 MiB, 117.44 W
2026/09/23 13:39:40.083, 3, 98 %, 32 %, 15153 MiB, 125.75 W
2026/09/23 13:39:41.085, 0, 95 %, 30 %, 13045 MiB, 142.77 W
2026/09/23 13:39:41.086, 1, 97 %, 33 %, 13047 MiB, 133.92 W
2026/09/23 13:39:41.087, 2, 97 %, 31 %, 13043 MiB, 132.21 W
2026/09/23 13:39:41.088, 3, 98 %, 29 %, 13041 MiB, 141.80 W
2026/09/23 13:39:42.091, 0, 100 %, 28 %, 13045 MiB, 136.11 W
2026/09/23 13:39:42.092, 1, 97 %, 27 %, 13047 MiB, 128.71 W
2026/09/23 13:39:42.093, 2, 100 %, 28 %, 13043 MiB, 126.97 W
2026/09/23 13:39:42.094, 3, 98 %, 30 %, 13041 MiB, 137.08 W
2026/09/23 13:39:43.096, 0, 95 %, 33 %, 13045 MiB, 142.38 W
2026/09/23 13:39:43.097, 1, 97 %, 31 %, 13047 MiB, 132.95 W
2026/09/23 13:39:43.098, 2, 97 %, 33 %, 13043 MiB, 131.24 W
2026/09/23 13:39:43.099, 3, 98 %, 31 %, 13041 MiB, 142.29 W
2026/09/23 13:39:44.101, 0, 100 %, 25 %, 13045 MiB, 144.70 W
2026/09/23 13:39:44.104, 1, 94 %, 29 %, 13047 MiB, 134.88 W
2026/09/23 13:39:44.105, 2, 100 %, 25 %, 13043 MiB, 132.21 W
2026/09/23 13:39:44.106, 3, 100 %, 28 %, 13041 MiB, 142.29 W
2026/09/23 13:39:45.108, 0, 95 %, 33 %, 13045 MiB, 122.37 W
2026/09/23 13:39:45.110, 1, 98 %, 28 %, 13047 MiB, 108.77 W
2026/09/23 13:39:45.111, 2, 97 %, 34 %, 13043 MiB, 116.55 W
2026/09/23 13:39:45.112, 3, 98 %, 34 %, 13041 MiB, 115.76 W
2026/09/23 13:39:46.115, 0, 97 %, 25 %, 13045 MiB, 142.29 W
2026/09/23 13:39:46.116, 1, 94 %, 31 %, 13047 MiB, 133.92 W
2026/09/23 13:39:46.117, 2, 99 %, 25 %, 13043 MiB, 132.21 W
2026/09/23 13:39:46.119, 3, 97 %, 34 %, 13041 MiB, 142.77 W
2026/09/23 13:39:47.121, 0, 97 %, 34 %, 13045 MiB, 130.50 W
2026/09/23 13:39:47.122, 1, 100 %, 27 %, 13047 MiB, 121.64 W
2026/09/23 13:39:47.123, 2, 98 %, 34 %, 13043 MiB, 121.24 W
2026/09/23 13:39:47.124, 3, 99 %, 27 %, 13041 MiB, 128.96 W
2026/09/23 13:39:48.126, 0, 97 %, 27 %, 13045 MiB, 143.25 W
2026/09/23 13:39:48.127, 1, 95 %, 33 %, 13047 MiB, 133.92 W
2026/09/23 13:39:48.129, 2, 99 %, 27 %, 13043 MiB, 131.73 W
2026/09/23 13:39:48.130, 3, 98 %, 32 %, 13041 MiB, 143.73 W
2026/09/23 13:39:49.132, 0, 97 %, 31 %, 15161 MiB, 130.50 W
2026/09/23 13:39:49.136, 1, 97 %, 24 %, 15167 MiB, 124.06 W
2026/09/23 13:39:49.137, 2, 97 %, 31 %, 15157 MiB, 114.05 W
2026/09/23 13:39:49.141, 3, 98 %, 29 %, 13041 MiB, 121.00 W
2026/09/23 13:39:50.143, 0, 95 %, 29 %, 13045 MiB, 144.70 W
2026/09/23 13:39:50.144, 1, 95 %, 33 %, 13047 MiB, 133.43 W
2026/09/23 13:39:50.146, 2, 96 %, 29 %, 13043 MiB, 132.21 W
2026/09/23 13:39:50.147, 3, 98 %, 30 %, 13041 MiB, 142.29 W
2026/09/23 13:39:51.149, 0, 100 %, 29 %, 13045 MiB, 141.90 W
2026/09/23 13:39:51.155, 1, 97 %, 26 %, 13047 MiB, 133.52 W
2026/09/23 13:39:51.156, 2, 99 %, 29 %, 13043 MiB, 130.76 W
2026/09/23 13:39:51.157, 3, 97 %, 31 %, 13041 MiB, 140.84 W
2026/09/23 13:39:52.160, 0, 95 %, 33 %, 13045 MiB, 141.90 W
2026/09/23 13:39:52.161, 1, 98 %, 32 %, 13047 MiB, 133.43 W
2026/09/23 13:39:52.162, 2, 96 %, 32 %, 13043 MiB, 131.24 W
2026/09/23 13:39:52.163, 3, 100 %, 28 %, 13041 MiB, 141.32 W
2026/09/23 13:39:53.165, 0, 97 %, 26 %, 13045 MiB, 143.73 W
2026/09/23 13:39:53.166, 1, 96 %, 28 %, 13047 MiB, 133.92 W
2026/09/23 13:39:53.167, 2, 100 %, 27 %, 13043 MiB, 131.73 W
2026/09/23 13:39:53.168, 3, 98 %, 33 %, 13041 MiB, 144.21 W
2026/09/23 13:39:54.170, 0, 98 %, 31 %, 13045 MiB, 130.50 W
2026/09/23 13:39:54.171, 1, 97 %, 30 %, 13047 MiB, 120.60 W
2026/09/23 13:39:54.174, 2, 99 %, 25 %, 13043 MiB, 122.69 W
2026/09/23 13:39:54.175, 3, 100 %, 26 %, 13041 MiB, 131.38 W
2026/09/23 13:39:55.177, 0, 95 %, 31 %, 13045 MiB, 143.25 W
2026/09/23 13:39:55.178, 1, 94 %, 30 %, 13047 MiB, 134.40 W
2026/09/23 13:39:55.180, 2, 97 %, 34 %, 13043 MiB, 132.21 W
2026/09/23 13:39:55.181, 3, 97 %, 34 %, 13041 MiB, 142.77 W
2026/09/23 13:39:56.183, 0, 41 %, 1 %, 13045 MiB, 81.14 W
2026/09/23 13:39:56.184, 1, 41 %, 1 %, 13047 MiB, 75.22 W
2026/09/23 13:39:56.187, 2, 36 %, 1 %, 13043 MiB, 75.51 W
2026/09/23 13:39:56.188, 3, 36 %, 1 %, 13041 MiB, 79.68 W
2026/09/23 13:39:57.190, 0, 41 %, 1 %, 13045 MiB, 81.14 W
2026/09/23 13:39:57.191, 1, 41 %, 1 %, 13047 MiB, 74.73 W
2026/09/23 13:39:57.192, 2, 36 %, 1 %, 13043 MiB, 75.51 W
2026/09/23 13:39:57.193, 3, 36 %, 1 %, 13041 MiB, 79.14 W
2026/09/23 13:39:58.196, 0, 97 %, 26 %, 13045 MiB, 136.59 W
2026/09/23 13:39:58.197, 1, 97 %, 24 %, 13047 MiB, 128.23 W
2026/09/23 13:39:58.198, 2, 97 %, 30 %, 13043 MiB, 126.49 W
2026/09/23 13:39:58.199, 3, 98 %, 29 %, 13041 MiB, 136.59 W
2026/09/23 13:39:59.201, 0, 98 %, 33 %, 13045 MiB, 141.90 W
2026/09/23 13:39:59.202, 1, 94 %, 33 %, 13047 MiB, 132.56 W
2026/09/23 13:39:59.203, 2, 100 %, 28 %, 13043 MiB, 131.24 W
2026/09/23 13:39:59.204, 3, 98 %, 30 %, 13041 MiB, 142.29 W
2026/09/23 13:40:00.206, 0, 97 %, 28 %, 13045 MiB, 143.73 W
2026/09/23 13:40:00.207, 1, 97 %, 26 %, 13047 MiB, 134.88 W
2026/09/23 13:40:00.208, 2, 97 %, 33 %, 13043 MiB, 132.21 W
2026/09/23 13:40:00.210, 3, 97 %, 31 %, 13041 MiB, 141.80 W
2026/09/23 13:40:01.212, 0, 97 %, 30 %, 13045 MiB, 135.24 W
2026/09/23 13:40:01.213, 1, 98 %, 32 %, 13047 MiB, 117.79 W
2026/09/23 13:40:01.214, 2, 100 %, 26 %, 13043 MiB, 123.18 W
2026/09/23 13:40:01.216, 3, 100 %, 28 %, 13041 MiB, 130.59 W
2026/09/23 13:40:02.218, 0, 94 %, 29 %, 13045 MiB, 142.77 W
2026/09/23 13:40:02.219, 1, 96 %, 28 %, 13047 MiB, 133.92 W
2026/09/23 13:40:02.220, 2, 97 %, 34 %, 13043 MiB, 131.73 W
2026/09/23 13:40:02.221, 3, 97 %, 33 %, 13041 MiB, 142.77 W
2026/09/23 13:40:03.223, 0, 99 %, 28 %, 13045 MiB, 129.53 W
2026/09/23 13:40:03.225, 1, 97 %, 30 %, 13047 MiB, 121.16 W
2026/09/23 13:40:03.226, 2, 99 %, 25 %, 13043 MiB, 121.24 W
2026/09/23 13:40:03.227, 3, 100 %, 26 %, 13041 MiB, 128.96 W
2026/09/23 13:40:04.229, 0, 95 %, 32 %, 13045 MiB, 143.25 W
2026/09/23 13:40:04.230, 1, 94 %, 30 %, 13047 MiB, 133.92 W
2026/09/23 13:40:04.231, 2, 97 %, 34 %, 13043 MiB, 131.73 W
2026/09/23 13:40:04.232, 3, 97 %, 34 %, 13041 MiB, 143.25 W
2026/09/23 13:40:05.234, 0, 100 %, 27 %, 15161 MiB, 124.30 W
2026/09/23 13:40:05.236, 1, 100 %, 28 %, 15167 MiB, 120.20 W
2026/09/23 13:40:05.239, 2, 99 %, 27 %, 15157 MiB, 120.76 W
2026/09/23 13:40:05.240, 3, 99 %, 26 %, 15153 MiB, 128.96 W
2026/09/23 13:40:06.243, 0, 95 %, 34 %, 13045 MiB, 143.73 W
2026/09/23 13:40:06.244, 1, 94 %, 33 %, 13047 MiB, 133.43 W
2026/09/23 13:40:06.245, 2, 97 %, 31 %, 13043 MiB, 131.73 W
2026/09/23 13:40:06.247, 3, 98 %, 33 %, 13041 MiB, 141.80 W
2026/09/23 13:40:07.249, 0, 97 %, 24 %, 13045 MiB, 138.04 W
2026/09/23 13:40:07.250, 1, 100 %, 26 %, 13047 MiB, 129.67 W
2026/09/23 13:40:07.251, 2, 98 %, 30 %, 13043 MiB, 127.86 W
2026/09/23 13:40:07.252, 3, 99 %, 28 %, 13041 MiB, 138.04 W
2026/09/23 13:40:08.254, 0, 95 %, 34 %, 13045 MiB, 141.90 W
2026/09/23 13:40:08.255, 1, 94 %, 33 %, 13047 MiB, 132.95 W
2026/09/23 13:40:08.256, 2, 98 %, 29 %, 13043 MiB, 131.73 W
2026/09/23 13:40:08.257, 3, 98 %, 31 %, 13041 MiB, 142.29 W
2026/09/23 13:40:09.260, 0, 97 %, 27 %, 13045 MiB, 144.70 W
2026/09/23 13:40:09.261, 1, 97 %, 25 %, 13047 MiB, 134.88 W
2026/09/23 13:40:09.262, 2, 97 %, 31 %, 13043 MiB, 132.21 W
2026/09/23 13:40:09.263, 3, 97 %, 30 %, 13041 MiB, 142.29 W
2026/09/23 13:40:10.265, 0, 97 %, 32 %, 13045 MiB, 125.67 W
2026/09/23 13:40:10.266, 1, 97 %, 34 %, 13047 MiB, 115.38 W
2026/09/23 13:40:10.267, 2, 100 %, 27 %, 13043 MiB, 123.10 W
2026/09/23 13:40:10.268, 3, 99 %, 29 %, 13041 MiB, 133.79 W
2026/09/23 13:40:11.271, 0, 96 %, 29 %, 13045 MiB, 142.77 W
2026/09/23 13:40:11.272, 1, 97 %, 27 %, 13047 MiB, 134.40 W
2026/09/23 13:40:11.273, 2, 96 %, 34 %, 13043 MiB, 132.21 W
2026/09/23 13:40:11.274, 3, 97 %, 32 %, 13041 MiB, 142.77 W
2026/09/23 13:40:12.277, 0, 97 %, 30 %, 13045 MiB, 130.01 W
2026/09/23 13:40:12.278, 1, 98 %, 31 %, 13047 MiB, 121.16 W
2026/09/23 13:40:12.279, 2, 99 %, 25 %, 13043 MiB, 121.24 W
2026/09/23 13:40:12.280, 3, 100 %, 27 %, 13041 MiB, 129.05 W
2026/09/23 13:40:13.283, 0, 95 %, 31 %, 13045 MiB, 143.25 W
2026/09/23 13:40:13.284, 1, 94 %, 29 %, 13047 MiB, 133.92 W
2026/09/23 13:40:13.285, 2, 97 %, 34 %, 13043 MiB, 131.73 W
2026/09/23 13:40:13.286, 3, 98 %, 34 %, 13041 MiB, 143.73 W
2026/09/23 13:40:14.289, 0, 100 %, 28 %, 15161 MiB, 130.98 W
2026/09/23 13:40:14.290, 1, 98 %, 29 %, 15167 MiB, 116.90 W
2026/09/23 13:40:14.293, 2, 98 %, 28 %, 13043 MiB, 112.18 W
2026/09/23 13:40:14.295, 3, 99 %, 25 %, 13041 MiB, 116.17 W
2026/09/23 13:40:15.297, 0, 94 %, 33 %, 13045 MiB, 144.21 W
2026/09/23 13:40:15.298, 1, 94 %, 31 %, 13047 MiB, 134.40 W
2026/09/23 13:40:15.300, 2, 98 %, 29 %, 13043 MiB, 132.21 W
2026/09/23 13:40:15.301, 3, 98 %, 34 %, 13041 MiB, 142.29 W
2026/09/23 13:40:16.303, 0, 100 %, 26 %, 13045 MiB, 139.97 W
2026/09/23 13:40:16.304, 1, 100 %, 27 %, 13047 MiB, 131.60 W
2026/09/23 13:40:16.305, 2, 99 %, 28 %, 13043 MiB, 129.79 W
2026/09/23 13:40:16.306, 3, 99 %, 28 %, 13041 MiB, 139.40 W
2026/09/23 13:40:17.309, 0, 95 %, 33 %, 13045 MiB, 141.90 W
2026/09/23 13:40:17.310, 1, 94 %, 33 %, 13047 MiB, 132.95 W
2026/09/23 13:40:17.311, 2, 96 %, 34 %, 13043 MiB, 131.24 W
2026/09/23 13:40:17.312, 3, 98 %, 30 %, 13041 MiB, 141.32 W
2026/09/23 13:40:18.314, 0, 97 %, 25 %, 13045 MiB, 145.18 W
2026/09/23 13:40:18.315, 1, 97 %, 24 %, 13047 MiB, 134.40 W
2026/09/23 13:40:18.316, 2, 99 %, 25 %, 13043 MiB, 132.21 W
2026/09/23 13:40:18.317, 3, 97 %, 32 %, 13041 MiB, 143.25 W
2026/09/23 13:40:19.319, 0, 98 %, 33 %, 13045 MiB, 127.12 W
2026/09/23 13:40:19.320, 1, 97 %, 33 %, 13047 MiB, 117.79 W
2026/09/23 13:40:19.321, 2, 96 %, 34 %, 13043 MiB, 124.63 W
2026/09/23 13:40:19.323, 3, 100 %, 25 %, 13041 MiB, 133.31 W
2026/09/23 13:40:20.325, 0, 97 %, 27 %, 13045 MiB, 142.77 W
2026/09/23 13:40:20.326, 1, 96 %, 29 %, 13047 MiB, 134.40 W
2026/09/23 13:40:20.327, 2, 99 %, 27 %, 13043 MiB, 132.69 W
2026/09/23 13:40:20.328, 3, 98 %, 34 %, 13041 MiB, 142.77 W
2026/09/23 13:40:21.330, 0, 98 %, 31 %, 13045 MiB, 129.53 W
2026/09/23 13:40:21.331, 1, 100 %, 28 %, 13047 MiB, 121.16 W
2026/09/23 13:40:21.332, 2, 97 %, 32 %, 13043 MiB, 121.24 W
2026/09/23 13:40:21.333, 3, 99 %, 27 %, 13041 MiB, 128.48 W
2026/09/23 13:40:22.336, 0, 95 %, 29 %, 13045 MiB, 142.77 W
2026/09/23 13:40:22.337, 1, 94 %, 33 %, 13047 MiB, 133.92 W
2026/09/23 13:40:22.338, 2, 98 %, 29 %, 13043 MiB, 131.73 W
2026/09/23 13:40:22.339, 3, 98 %, 32 %, 13041 MiB, 143.73 W
2026/09/23 13:40:23.341, 0, 98 %, 29 %, 15161 MiB, 125.75 W
2026/09/23 13:40:23.342, 1, 97 %, 25 %, 15167 MiB, 115.05 W
2026/09/23 13:40:23.343, 2, 98 %, 30 %, 15157 MiB, 110.73 W
2026/09/23 13:40:23.344, 3, 98 %, 30 %, 13041 MiB, 121.48 W
2026/09/23 13:40:24.346, 0, 95 %, 31 %, 13045 MiB, 144.21 W
2026/09/23 13:40:24.348, 1, 97 %, 33 %, 13047 MiB, 134.40 W
2026/09/23 13:40:24.349, 2, 96 %, 31 %, 13043 MiB, 132.69 W
2026/09/23 13:40:24.350, 3, 98 %, 30 %, 13041 MiB, 141.80 W
2026/09/23 13:40:25.352, 0, 100 %, 28 %, 13045 MiB, 139.49 W
2026/09/23 13:40:25.353, 1, 97 %, 27 %, 13047 MiB, 130.63 W
2026/09/23 13:40:25.354, 2, 100 %, 28 %, 13043 MiB, 128.82 W
2026/09/23 13:40:25.355, 3, 98 %, 31 %, 13041 MiB, 139.01 W
2026/09/23 13:40:26.357, 0, 41 %, 1 %, 13045 MiB, 81.62 W
2026/09/23 13:40:26.358, 1, 41 %, 1 %, 13047 MiB, 75.22 W
2026/09/23 13:40:26.359, 2, 36 %, 1 %, 13043 MiB, 76.00 W
2026/09/23 13:40:26.360, 3, 36 %, 1 %, 13041 MiB, 79.68 W
2026/09/23 13:40:27.363, 0, 41 %, 1 %, 13045 MiB, 81.08 W
2026/09/23 13:40:27.364, 1, 41 %, 1 %, 13047 MiB, 74.73 W
2026/09/23 13:40:27.365, 2, 36 %, 1 %, 13043 MiB, 75.51 W
2026/09/23 13:40:27.366, 3, 36 %, 1 %, 13041 MiB, 79.14 W
2026/09/23 13:40:28.370, 0, 52 %, 13 %, 13045 MiB, 129.93 W
2026/09/23 13:40:28.371, 1, 100 %, 24 %, 13047 MiB, 120.12 W
2026/09/23 13:40:28.372, 2, 70 %, 22 %, 13043 MiB, 121.64 W
2026/09/23 13:40:28.373, 3, 99 %, 25 %, 13041 MiB, 130.41 W
2026/09/23 13:40:29.375, 0, 97 %, 27 %, 13045 MiB, 143.25 W
2026/09/23 13:40:29.376, 1, 94 %, 33 %, 13047 MiB, 134.40 W
2026/09/23 13:40:29.377, 2, 99 %, 26 %, 13043 MiB, 132.21 W
2026/09/23 13:40:29.378, 3, 97 %, 34 %, 13041 MiB, 141.80 W
2026/09/23 13:40:30.381, 0, 97 %, 32 %, 13045 MiB, 129.53 W
2026/09/23 13:40:30.382, 1, 100 %, 26 %, 13047 MiB, 121.16 W
2026/09/23 13:40:30.383, 2, 98 %, 33 %, 13043 MiB, 120.27 W
2026/09/23 13:40:30.384, 3, 99 %, 27 %, 13041 MiB, 128.08 W
2026/09/23 13:40:31.386, 0, 96 %, 29 %, 13045 MiB, 142.77 W
2026/09/23 13:40:31.387, 1, 94 %, 33 %, 13047 MiB, 133.92 W
2026/09/23 13:40:31.389, 2, 99 %, 29 %, 13043 MiB, 132.21 W
2026/09/23 13:40:31.391, 3, 98 %, 32 %, 13041 MiB, 142.77 W
2026/09/23 13:40:32.393, 0, 97 %, 30 %, 13045 MiB, 125.27 W
2026/09/23 13:40:32.394, 1, 97 %, 25 %, 13047 MiB, 118.35 W
2026/09/23 13:40:32.395, 2, 98 %, 30 %, 13043 MiB, 119.79 W
2026/09/23 13:40:32.397, 3, 98 %, 29 %, 13041 MiB, 129.93 W
2026/09/23 13:40:33.399, 0, 95 %, 31 %, 13045 MiB, 143.35 W
2026/09/23 13:40:33.400, 1, 97 %, 33 %, 13047 MiB, 132.95 W
2026/09/23 13:40:33.401, 2, 97 %, 30 %, 13043 MiB, 131.24 W
2026/09/23 13:40:33.402, 3, 98 %, 30 %, 13041 MiB, 143.25 W
2026/09/23 13:40:34.404, 0, 100 %, 28 %, 13045 MiB, 142.29 W
2026/09/23 13:40:34.406, 1, 97 %, 27 %, 13047 MiB, 133.92 W
2026/09/23 13:40:34.407, 2, 100 %, 28 %, 13043 MiB, 131.73 W
2026/09/23 13:40:34.408, 3, 97 %, 31 %, 13041 MiB, 141.32 W
2026/09/23 13:40:35.410, 0, 95 %, 33 %, 13045 MiB, 142.38 W
2026/09/23 13:40:35.411, 1, 97 %, 31 %, 13047 MiB, 133.43 W
2026/09/23 13:40:35.412, 2, 96 %, 33 %, 13043 MiB, 131.24 W
2026/09/23 13:40:35.413, 3, 100 %, 28 %, 13041 MiB, 140.84 W
2026/09/23 13:40:36.415, 0, 100 %, 25 %, 13045 MiB, 142.77 W
2026/09/23 13:40:36.416, 1, 94 %, 29 %, 13047 MiB, 133.92 W
2026/09/23 13:40:36.417, 2, 100 %, 26 %, 13043 MiB, 131.73 W
2026/09/23 13:40:36.419, 3, 97 %, 34 %, 13041 MiB, 144.21 W
2026/09/23 13:40:37.421, 0, 95 %, 34 %, 13045 MiB, 130.01 W
2026/09/23 13:40:37.422, 1, 98 %, 29 %, 13047 MiB, 120.20 W
2026/09/23 13:40:37.423, 2, 97 %, 34 %, 13043 MiB, 122.21 W
2026/09/23 13:40:37.424, 3, 100 %, 26 %, 13041 MiB, 130.50 W
2026/09/23 13:40:38.426, 0, 97 %, 25 %, 13045 MiB, 144.21 W
2026/09/23 13:40:38.428, 1, 94 %, 31 %, 13047 MiB, 134.40 W
2026/09/23 13:40:38.429, 2, 99 %, 25 %, 13043 MiB, 132.21 W
2026/09/23 13:40:38.430, 3, 98 %, 34 %, 13041 MiB, 142.29 W
2026/09/23 13:40:39.433, 0, 97 %, 33 %, 13045 MiB, 129.53 W
2026/09/23 13:40:39.434, 1, 100 %, 27 %, 13047 MiB, 121.16 W
2026/09/23 13:40:39.435, 2, 98 %, 34 %, 13043 MiB, 120.27 W
2026/09/23 13:40:39.436, 3, 99 %, 26 %, 13041 MiB, 128.08 W
2026/09/23 13:40:40.440, 0, 97 %, 28 %, 13045 MiB, 142.77 W
2026/09/23 13:40:40.441, 1, 95 %, 34 %, 13047 MiB, 133.92 W
2026/09/23 13:40:40.443, 2, 97 %, 30 %, 13043 MiB, 132.69 W
2026/09/23 13:40:40.444, 3, 98 %, 33 %, 13041 MiB, 142.29 W
2026/09/23 13:40:41.446, 0, 98 %, 31 %, 13045 MiB, 132.43 W
2026/09/23 13:40:41.448, 1, 97 %, 24 %, 13047 MiB, 124.46 W
2026/09/23 13:40:41.449, 2, 97 %, 30 %, 13043 MiB, 123.58 W
2026/09/23 13:40:41.451, 3, 99 %, 28 %, 13041 MiB, 133.79 W
2026/09/23 13:40:42.453, 0, 95 %, 29 %, 13045 MiB, 142.77 W
2026/09/23 13:40:42.454, 1, 94 %, 34 %, 13047 MiB, 132.95 W
2026/09/23 13:40:42.455, 2, 100 %, 28 %, 13043 MiB, 131.24 W
2026/09/23 13:40:42.456, 3, 97 %, 31 %, 13041 MiB, 143.25 W
2026/09/23 13:40:43.458, 0, 95 %, 33 %, 13045 MiB, 143.25 W
2026/09/23 13:40:43.459, 1, 97 %, 26 %, 13047 MiB, 134.40 W
2026/09/23 13:40:43.460, 2, 96 %, 32 %, 13043 MiB, 132.21 W
2026/09/23 13:40:43.462, 3, 97 %, 30 %, 13041 MiB, 141.80 W
2026/09/23 13:40:44.464, 0, 100 %, 26 %, 13045 MiB, 143.35 W
2026/09/23 13:40:44.465, 1, 97 %, 32 %, 13047 MiB, 133.43 W
2026/09/23 13:40:44.466, 2, 100 %, 27 %, 13043 MiB, 131.24 W
2026/09/23 13:40:44.467, 3, 99 %, 29 %, 13041 MiB, 141.32 W
2026/09/23 13:40:45.470, 0, 94 %, 34 %, 13045 MiB, 143.25 W
2026/09/23 13:40:45.471, 1, 97 %, 28 %, 13047 MiB, 133.92 W
2026/09/23 13:40:45.473, 2, 96 %, 34 %, 13043 MiB, 131.73 W
2026/09/23 13:40:45.474, 3, 97 %, 32 %, 13041 MiB, 143.73 W
2026/09/23 13:40:46.476, 0, 97 %, 25 %, 13045 MiB, 129.53 W
2026/09/23 13:40:46.478, 1, 97 %, 30 %, 13047 MiB, 121.16 W
2026/09/23 13:40:46.479, 2, 99 %, 25 %, 13043 MiB, 122.21 W
2026/09/23 13:40:46.480, 3, 100 %, 27 %, 13041 MiB, 129.45 W
2026/09/23 13:40:47.482, 0, 94 %, 34 %, 13045 MiB, 142.77 W
2026/09/23 13:40:47.483, 1, 96 %, 28 %, 13047 MiB, 134.40 W
2026/09/23 13:40:47.486, 2, 97 %, 34 %, 13043 MiB, 132.21 W
2026/09/23 13:40:47.487, 3, 97 %, 33 %, 13041 MiB, 142.77 W
2026/09/23 13:40:48.489, 0, 97 %, 25 %, 13045 MiB, 130.01 W
2026/09/23 13:40:48.490, 1, 97 %, 30 %, 13047 MiB, 121.16 W
2026/09/23 13:40:48.491, 2, 99 %, 25 %, 13043 MiB, 121.73 W
2026/09/23 13:40:48.493, 3, 100 %, 27 %, 13041 MiB, 128.96 W
2026/09/23 13:40:49.495, 0, 98 %, 34 %, 13045 MiB, 143.25 W
2026/09/23 13:40:49.496, 1, 94 %, 30 %, 13047 MiB, 133.92 W
2026/09/23 13:40:49.497, 2, 97 %, 34 %, 13043 MiB, 131.73 W
2026/09/23 13:40:49.498, 3, 98 %, 34 %, 13041 MiB, 143.73 W
2026/09/23 13:40:50.500, 0, 97 %, 27 %, 15161 MiB, 125.27 W
2026/09/23 13:40:50.501, 1, 100 %, 29 %, 15167 MiB, 118.83 W
2026/09/23 13:40:50.503, 2, 99 %, 27 %, 15157 MiB, 118.33 W
2026/09/23 13:40:50.504, 3, 99 %, 25 %, 15153 MiB, 126.15 W
2026/09/23 13:40:51.506, 0, 98 %, 31 %, 13045 MiB, 143.73 W
2026/09/23 13:40:51.508, 1, 94 %, 33 %, 13047 MiB, 134.40 W
2026/09/23 13:40:51.509, 2, 98 %, 32 %, 13043 MiB, 132.69 W
2026/09/23 13:40:51.510, 3, 97 %, 34 %, 13041 MiB, 142.29 W
2026/09/23 13:40:52.512, 0, 95 %, 29 %, 13045 MiB, 136.59 W
2026/09/23 13:40:52.513, 1, 100 %, 26 %, 13047 MiB, 128.71 W
2026/09/23 13:40:52.514, 2, 98 %, 29 %, 13043 MiB, 127.37 W
2026/09/23 13:40:52.515, 3, 99 %, 27 %, 13041 MiB, 137.08 W
2026/09/23 13:40:53.517, 0, 98 %, 29 %, 13045 MiB, 142.29 W
2026/09/23 13:40:53.518, 1, 94 %, 33 %, 13047 MiB, 132.95 W
2026/09/23 13:40:53.519, 2, 97 %, 30 %, 13043 MiB, 131.24 W
2026/09/23 13:40:53.521, 3, 98 %, 32 %, 13041 MiB, 142.77 W
2026/09/23 13:40:54.523, 0, 95 %, 31 %, 13045 MiB, 143.73 W
2026/09/23 13:40:54.524, 1, 97 %, 25 %, 13047 MiB, 134.88 W
2026/09/23 13:40:54.525, 2, 96 %, 31 %, 13043 MiB, 132.21 W
2026/09/23 13:40:54.526, 3, 98 %, 29 %, 13041 MiB, 142.29 W
2026/09/23 13:40:55.528, 0, 100 %, 28 %, 13045 MiB, 144.31 W
2026/09/23 13:40:55.529, 1, 97 %, 34 %, 13047 MiB, 124.94 W
2026/09/23 13:40:55.530, 2, 100 %, 28 %, 13043 MiB, 130.84 W
2026/09/23 13:40:55.531, 3, 98 %, 30 %, 13041 MiB, 141.03 W
2026/09/23 13:40:56.533, 0, 95 %, 26 %, 13045 MiB, 82.11 W
2026/09/23 13:40:56.534, 1, 97 %, 27 %, 13047 MiB, 75.75 W
2026/09/23 13:40:56.536, 2, 96 %, 27 %, 13043 MiB, 76.49 W
2026/09/23 13:40:56.537, 3, 98 %, 29 %, 13041 MiB, 80.17 W
2026/09/23 13:40:57.539, 0, 41 %, 1 %, 13045 MiB, 81.14 W
2026/09/23 13:40:57.540, 1, 45 %, 1 %, 13047 MiB, 75.22 W
2026/09/23 13:40:57.541, 2, 36 %, 1 %, 13043 MiB, 75.51 W
2026/09/23 13:40:57.542, 3, 36 %, 1 %, 13041 MiB, 79.63 W
2026/09/23 13:40:58.545, 0, 22 %, 10 %, 13045 MiB, 80.17 W
2026/09/23 13:40:58.546, 1, 41 %, 11 %, 13047 MiB, 73.76 W
2026/09/23 13:40:58.547, 2, 37 %, 1 %, 13043 MiB, 75.51 W
2026/09/23 13:40:58.548, 3, 36 %, 1 %, 13041 MiB, 79.20 W
2026/09/23 13:40:59.550, 0, 96 %, 28 %, 13045 MiB, 117.06 W
2026/09/23 13:40:59.554, 1, 98 %, 28 %, 13047 MiB, 111.67 W
2026/09/23 13:40:59.556, 2, 99 %, 27 %, 13043 MiB, 108.79 W
2026/09/23 13:40:59.557, 3, 100 %, 25 %, 13041 MiB, 112.37 W
2026/09/23 13:41:00.559, 0, 97 %, 28 %, 13045 MiB, 144.21 W
2026/09/23 13:41:00.560, 1, 94 %, 31 %, 13047 MiB, 134.40 W
2026/09/23 13:41:00.561, 2, 98 %, 33 %, 13043 MiB, 132.21 W
2026/09/23 13:41:00.562, 3, 97 %, 34 %, 13041 MiB, 142.29 W
2026/09/23 13:41:01.564, 0, 97 %, 29 %, 13045 MiB, 139.49 W
2026/09/23 13:41:01.565, 1, 100 %, 27 %, 13047 MiB, 130.63 W
2026/09/23 13:41:01.566, 2, 99 %, 28 %, 13043 MiB, 128.82 W
2026/09/23 13:41:01.567, 3, 99 %, 26 %, 13041 MiB, 138.52 W
2026/09/23 13:41:02.570, 0, 95 %, 33 %, 13045 MiB, 141.42 W
2026/09/23 13:41:02.571, 1, 94 %, 34 %, 13047 MiB, 133.52 W
2026/09/23 13:41:02.572, 2, 98 %, 31 %, 13043 MiB, 131.24 W
2026/09/23 13:41:02.573, 3, 97 %, 33 %, 13041 MiB, 141.80 W
2026/09/23 13:41:03.575, 0, 100 %, 26 %, 13045 MiB, 144.70 W
2026/09/23 13:41:03.576, 1, 97 %, 24 %, 13047 MiB, 134.88 W
2026/09/23 13:41:03.577, 2, 96 %, 30 %, 13043 MiB, 132.21 W
2026/09/23 13:41:03.578, 3, 99 %, 28 %, 13041 MiB, 142.29 W
2026/09/23 13:41:04.580, 0, 95 %, 34 %, 13045 MiB, 124.70 W
2026/09/23 13:41:04.582, 1, 94 %, 33 %, 13047 MiB, 106.84 W
2026/09/23 13:41:04.584, 2, 99 %, 29 %, 13043 MiB, 107.89 W
2026/09/23 13:41:04.587, 3, 98 %, 31 %, 13041 MiB, 112.37 W
2026/09/23 13:41:05.589, 0, 97 %, 24 %, 13045 MiB, 142.77 W
2026/09/23 13:41:05.590, 1, 97 %, 25 %, 13047 MiB, 134.40 W
2026/09/23 13:41:05.591, 2, 96 %, 31 %, 13043 MiB, 132.21 W
2026/09/23 13:41:05.592, 3, 98 %, 30 %, 13041 MiB, 143.25 W
2026/09/23 13:41:06.594, 0, 94 %, 34 %, 13045 MiB, 130.01 W
2026/09/23 13:41:06.595, 1, 97 %, 33 %, 13047 MiB, 121.16 W
2026/09/23 13:41:06.597, 2, 100 %, 28 %, 13043 MiB, 121.24 W
2026/09/23 13:41:06.598, 3, 98 %, 30 %, 13041 MiB, 129.45 W
2026/09/23 13:41:07.600, 0, 97 %, 27 %, 13045 MiB, 144.21 W
2026/09/23 13:41:07.601, 1, 97 %, 27 %, 13047 MiB, 133.92 W
2026/09/23 13:41:07.602, 2, 96 %, 34 %, 13043 MiB, 131.73 W
2026/09/23 13:41:07.603, 3, 97 %, 31 %, 13041 MiB, 143.25 W
2026/09/23 13:41:08.606, 0, 98 %, 32 %, 13045 MiB, 129.53 W
2026/09/23 13:41:08.607, 1, 97 %, 31 %, 15167 MiB, 115.53 W
2026/09/23 13:41:08.610, 2, 100 %, 26 %, 15157 MiB, 111.70 W
2026/09/23 13:41:08.611, 3, 100 %, 28 %, 15153 MiB, 118.99 W
2026/09/23 13:41:09.614, 0, 96 %, 28 %, 13045 MiB, 143.25 W
2026/09/23 13:41:09.615, 1, 94 %, 29 %, 13047 MiB, 134.40 W
2026/09/23 13:41:09.616, 2, 97 %, 34 %, 13043 MiB, 132.21 W
2026/09/23 13:41:09.618, 3, 97 %, 34 %, 13041 MiB, 142.29 W
2026/09/23 13:41:10.620, 0, 98 %, 30 %, 13045 MiB, 135.24 W
2026/09/23 13:41:10.622, 1, 98 %, 29 %, 13047 MiB, 126.86 W
2026/09/23 13:41:10.623, 2, 99 %, 26 %, 13043 MiB, 125.52 W
2026/09/23 13:41:10.624, 3, 100 %, 26 %, 13041 MiB, 135.63 W
2026/09/23 13:41:11.627, 0, 95 %, 30 %, 13045 MiB, 142.77 W
2026/09/23 13:41:11.628, 1, 94 %, 31 %, 13047 MiB, 132.95 W
2026/09/23 13:41:11.629, 2, 97 %, 34 %, 13043 MiB, 130.76 W
2026/09/23 13:41:11.630, 3, 97 %, 34 %, 13041 MiB, 143.25 W
2026/09/23 13:41:12.632, 0, 100 %, 29 %, 13045 MiB, 143.25 W
2026/09/23 13:41:12.633, 1, 100 %, 27 %, 13047 MiB, 134.40 W
2026/09/23 13:41:12.634, 2, 99 %, 28 %, 13043 MiB, 132.21 W
2026/09/23 13:41:12.635, 3, 99 %, 26 %, 13041 MiB, 141.80 W
2026/09/23 13:41:13.638, 0, 94 %, 32 %, 13045 MiB, 143.25 W
2026/09/23 13:41:13.639, 1, 94 %, 34 %, 13047 MiB, 133.43 W
2026/09/23 13:41:13.640, 2, 98 %, 31 %, 13043 MiB, 131.24 W
2026/09/23 13:41:13.641, 3, 98 %, 34 %, 13041 MiB, 141.42 W
2026/09/23 13:41:14.643, 0, 94 %, 34 %, 13045 MiB, 143.25 W
2026/09/23 13:41:14.644, 1, 98 %, 25 %, 13047 MiB, 133.92 W
2026/09/23 13:41:14.645, 2, 97 %, 29 %, 13043 MiB, 132.21 W
2026/09/23 13:41:14.647, 3, 99 %, 28 %, 13041 MiB, 143.73 W
2026/09/23 13:41:15.649, 0, 97 %, 25 %, 13045 MiB, 130.01 W
2026/09/23 13:41:15.651, 1, 94 %, 33 %, 13047 MiB, 120.68 W
2026/09/23 13:41:15.652, 2, 97 %, 29 %, 13043 MiB, 121.73 W
2026/09/23 13:41:15.653, 3, 98 %, 31 %, 13041 MiB, 129.93 W
2026/09/23 13:41:16.655, 0, 98 %, 34 %, 13045 MiB, 144.70 W
2026/09/23 13:41:16.656, 1, 97 %, 25 %, 13047 MiB, 134.40 W
2026/09/23 13:41:16.657, 2, 96 %, 31 %, 13043 MiB, 132.21 W
2026/09/23 13:41:16.659, 3, 98 %, 30 %, 13041 MiB, 142.29 W
2026/09/23 13:41:17.661, 0, 97 %, 27 %, 13045 MiB, 129.53 W
2026/09/23 13:41:17.662, 1, 97 %, 34 %, 13047 MiB, 121.16 W
2026/09/23 13:41:17.663, 2, 100 %, 28 %, 13043 MiB, 120.27 W
2026/09/23 13:41:17.664, 3, 98 %, 30 %, 13041 MiB, 128.08 W
2026/09/23 13:41:18.666, 0, 97 %, 32 %, 13045 MiB, 143.25 W
2026/09/23 13:41:18.667, 1, 97 %, 27 %, 13047 MiB, 134.40 W
2026/09/23 13:41:18.668, 2, 96 %, 34 %, 13043 MiB, 132.21 W
2026/09/23 13:41:18.669, 3, 98 %, 31 %, 13041 MiB, 142.77 W
2026/09/23 13:41:19.673, 0, 96 %, 29 %, 13045 MiB, 124.30 W
2026/09/23 13:41:19.674, 1, 98 %, 31 %, 13047 MiB, 119.31 W
2026/09/23 13:41:19.675, 2, 99 %, 25 %, 13043 MiB, 117.85 W
2026/09/23 13:41:19.676, 3, 100 %, 28 %, 13041 MiB, 128.48 W
2026/09/23 13:41:20.679, 0, 98 %, 30 %, 13045 MiB, 143.83 W
2026/09/23 13:41:20.680, 1, 94 %, 29 %, 13047 MiB, 132.95 W
2026/09/23 13:41:20.681, 2, 97 %, 34 %, 13043 MiB, 131.73 W
2026/09/23 13:41:20.682, 3, 98 %, 34 %, 13041 MiB, 143.25 W
2026/09/23 13:41:21.684, 0, 95 %, 31 %, 13045 MiB, 142.38 W
2026/09/23 13:41:21.685, 1, 98 %, 30 %, 13047 MiB, 133.43 W
2026/09/23 13:41:21.686, 2, 98 %, 28 %, 13043 MiB, 131.24 W
2026/09/23 13:41:21.688, 3, 100 %, 26 %, 13041 MiB, 140.84 W
2026/09/23 13:41:22.690, 0, 100 %, 28 %, 13045 MiB, 141.90 W
2026/09/23 13:41:22.691, 1, 100 %, 26 %, 13047 MiB, 133.43 W
2026/09/23 13:41:22.692, 2, 98 %, 29 %, 13043 MiB, 131.24 W
2026/09/23 13:41:22.693, 3, 97 %, 34 %, 13041 MiB, 141.32 W
2026/09/23 13:41:23.695, 0, 94 %, 33 %, 13045 MiB, 144.21 W
2026/09/23 13:41:23.696, 1, 94 %, 33 %, 13047 MiB, 134.40 W
2026/09/23 13:41:23.697, 2, 97 %, 33 %, 13043 MiB, 131.73 W
2026/09/23 13:41:23.698, 3, 99 %, 27 %, 13041 MiB, 144.70 W
2026/09/23 13:41:24.705, 0, 100 %, 26 %, 13045 MiB, 129.53 W
2026/09/23 13:41:24.706, 1, 97 %, 25 %, 13047 MiB, 120.68 W
2026/09/23 13:41:24.707, 2, 100 %, 26 %, 13043 MiB, 122.69 W
2026/09/23 13:41:24.709, 3, 98 %, 31 %, 13041 MiB, 130.98 W
2026/09/23 13:41:25.712, 0, 94 %, 34 %, 13045 MiB, 143.73 W
2026/09/23 13:41:25.713, 1, 97 %, 24 %, 13047 MiB, 134.88 W
2026/09/23 13:41:25.714, 2, 97 %, 34 %, 13043 MiB, 132.69 W
2026/09/23 13:41:25.715, 3, 97 %, 31 %, 13041 MiB, 142.77 W
2026/09/23 13:41:26.717, 0, 97 %, 25 %, 13045 MiB, 130.01 W
2026/09/23 13:41:26.718, 1, 97 %, 34 %, 13047 MiB, 121.16 W
2026/09/23 13:41:26.719, 2, 99 %, 26 %, 13043 MiB, 120.76 W
2026/09/23 13:41:26.720, 3, 100 %, 27 %, 13041 MiB, 128.48 W
2026/09/23 13:41:27.722, 0, 41 %, 1 %, 13045 MiB, 81.62 W
2026/09/23 13:41:27.724, 1, 41 %, 1 %, 13047 MiB, 75.22 W
2026/09/23 13:41:27.725, 2, 36 %, 1 %, 13043 MiB, 76.00 W
2026/09/23 13:41:27.726, 3, 36 %, 1 %, 13041 MiB, 79.68 W
2026/09/23 13:41:28.728, 0, 41 %, 1 %, 13045 MiB, 81.08 W
2026/09/23 13:41:28.729, 1, 41 %, 1 %, 13047 MiB, 74.73 W
2026/09/23 13:41:28.730, 2, 37 %, 1 %, 13043 MiB, 75.51 W
2026/09/23 13:41:28.731, 3, 36 %, 1 %, 13041 MiB, 79.63 W
2026/09/23 13:41:29.734, 0, 98 %, 31 %, 13045 MiB, 141.90 W
2026/09/23 13:41:29.735, 1, 94 %, 34 %, 13047 MiB, 132.95 W
2026/09/23 13:41:29.736, 2, 97 %, 30 %, 13043 MiB, 131.24 W
2026/09/23 13:41:29.737, 3, 98 %, 31 %, 13041 MiB, 142.29 W
2026/09/23 13:41:30.740, 0, 95 %, 30 %, 13045 MiB, 143.73 W
2026/09/23 13:41:30.742, 1, 97 %, 24 %, 13047 MiB, 134.40 W
2026/09/23 13:41:30.743, 2, 96 %, 31 %, 13043 MiB, 132.21 W
2026/09/23 13:41:30.744, 3, 98 %, 30 %, 13041 MiB, 141.80 W
2026/09/23 13:41:31.746, 0, 99 %, 28 %, 13045 MiB, 143.73 W
2026/09/23 13:41:31.747, 1, 94 %, 33 %, 13047 MiB, 132.56 W
2026/09/23 13:41:31.748, 2, 100 %, 29 %, 13043 MiB, 131.24 W
2026/09/23 13:41:31.749, 3, 99 %, 30 %, 13041 MiB, 141.42 W
2026/09/23 13:41:32.751, 0, 95 %, 32 %, 13045 MiB, 143.25 W
2026/09/23 13:41:32.752, 1, 97 %, 26 %, 13047 MiB, 133.92 W
2026/09/23 13:41:32.753, 2, 97 %, 33 %, 13043 MiB, 131.73 W
2026/09/23 13:41:32.754, 3, 98 %, 32 %, 13041 MiB, 143.73 W
2026/09/23 13:41:33.756, 0, 100 %, 27 %, 13045 MiB, 129.53 W
2026/09/23 13:41:33.758, 1, 97 %, 33 %, 13047 MiB, 120.68 W
2026/09/23 13:41:33.759, 2, 100 %, 27 %, 13043 MiB, 122.21 W
2026/09/23 13:41:33.760, 3, 100 %, 28 %, 13041 MiB, 129.93 W
2026/09/23 13:41:34.762, 0, 94 %, 34 %, 13045 MiB, 144.21 W
2026/09/23 13:41:34.763, 1, 97 %, 28 %, 13047 MiB, 134.40 W
2026/09/23 13:41:34.764, 2, 97 %, 34 %, 13043 MiB, 132.21 W
2026/09/23 13:41:34.765, 3, 97 %, 34 %, 13041 MiB, 142.29 W
2026/09/23 13:41:35.767, 0, 97 %, 24 %, 13045 MiB, 129.53 W
2026/09/23 13:41:35.768, 1, 97 %, 31 %, 13047 MiB, 120.68 W
2026/09/23 13:41:35.769, 2, 99 %, 25 %, 13043 MiB, 120.27 W
2026/09/23 13:41:35.771, 3, 100 %, 25 %, 13041 MiB, 128.08 W
2026/09/23 13:41:36.773, 0, 94 %, 34 %, 13045 MiB, 143.25 W
2026/09/23 13:41:36.774, 1, 94 %, 29 %, 13047 MiB, 133.92 W
2026/09/23 13:41:36.775, 2, 97 %, 34 %, 13043 MiB, 132.21 W
2026/09/23 13:41:36.777, 3, 97 %, 34 %, 13041 MiB, 142.77 W
2026/09/23 13:41:37.779, 0, 97 %, 26 %, 13045 MiB, 124.30 W
2026/09/23 13:41:37.780, 1, 99 %, 29 %, 13047 MiB, 118.75 W
2026/09/23 13:41:37.781, 2, 99 %, 27 %, 13043 MiB, 118.33 W
2026/09/23 13:41:37.782, 3, 99 %, 26 %, 13041 MiB, 128.08 W
2026/09/23 13:41:38.784, 0, 97 %, 33 %, 13045 MiB, 143.73 W
2026/09/23 13:41:38.785, 1, 95 %, 32 %, 13047 MiB, 132.95 W
2026/09/23 13:41:38.786, 2, 97 %, 32 %, 13043 MiB, 131.73 W
2026/09/23 13:41:38.787, 3, 98 %, 33 %, 13041 MiB, 143.25 W
2026/09/23 13:41:39.790, 0, 97 %, 28 %, 13045 MiB, 142.38 W
2026/09/23 13:41:39.791, 1, 100 %, 27 %, 13047 MiB, 133.43 W
2026/09/23 13:41:39.792, 2, 98 %, 28 %, 13043 MiB, 131.24 W
2026/09/23 13:41:39.793, 3, 99 %, 28 %, 13041 MiB, 140.84 W
2026/09/23 13:41:40.795, 0, 98 %, 31 %, 13045 MiB, 141.90 W
2026/09/23 13:41:40.796, 1, 94 %, 34 %, 13047 MiB, 132.95 W
2026/09/23 13:41:40.797, 2, 98 %, 30 %, 13043 MiB, 131.24 W
2026/09/23 13:41:40.798, 3, 97 %, 31 %, 13041 MiB, 141.80 W
2026/09/23 13:41:41.800, 0, 94 %, 29 %, 13045 MiB, 144.70 W
2026/09/23 13:41:41.803, 1, 96 %, 24 %, 13047 MiB, 134.40 W
2026/09/23 13:41:41.804, 2, 96 %, 30 %, 13043 MiB, 131.73 W
2026/09/23 13:41:41.805, 3, 97 %, 30 %, 13041 MiB, 144.70 W
2026/09/23 13:41:42.807, 0, 99 %, 30 %, 13045 MiB, 127.60 W
2026/09/23 13:41:42.808, 1, 94 %, 33 %, 13047 MiB, 118.75 W
2026/09/23 13:41:42.809, 2, 100 %, 29 %, 13043 MiB, 123.18 W
2026/09/23 13:41:42.811, 3, 98 %, 30 %, 13041 MiB, 131.86 W
2026/09/23 13:41:43.814, 0, 96 %, 31 %, 13045 MiB, 143.25 W
2026/09/23 13:41:43.815, 1, 97 %, 26 %, 13047 MiB, 134.40 W
2026/09/23 13:41:43.816, 2, 96 %, 32 %, 13043 MiB, 132.69 W
2026/09/23 13:41:43.817, 3, 97 %, 32 %, 13041 MiB, 142.77 W
2026/09/23 13:41:44.820, 0, 100 %, 28 %, 13045 MiB, 130.01 W
2026/09/23 13:41:44.821, 1, 97 %, 33 %, 13047 MiB, 121.16 W
2026/09/23 13:41:44.822, 2, 100 %, 27 %, 13043 MiB, 121.24 W
2026/09/23 13:41:44.823, 3, 100 %, 28 %, 13041 MiB, 128.57 W
2026/09/23 13:41:45.825, 0, 94 %, 33 %, 13045 MiB, 142.77 W
2026/09/23 13:41:45.826, 1, 97 %, 27 %, 13047 MiB, 133.92 W
2026/09/23 13:41:45.828, 2, 96 %, 34 %, 13043 MiB, 131.73 W
2026/09/23 13:41:45.829, 3, 98 %, 34 %, 13041 MiB, 143.73 W
2026/09/23 13:41:46.831, 0, 100 %, 26 %, 15161 MiB, 128.57 W
2026/09/23 13:41:46.833, 1, 98 %, 31 %, 15167 MiB, 110.77 W
2026/09/23 13:41:46.837, 2, 99 %, 25 %, 13043 MiB, 109.76 W
2026/09/23 13:41:46.839, 3, 100 %, 26 %, 13041 MiB, 113.34 W
2026/09/23 13:41:47.841, 0, 95 %, 34 %, 13045 MiB, 144.70 W
2026/09/23 13:41:47.842, 1, 94 %, 29 %, 13047 MiB, 134.88 W
2026/09/23 13:41:47.843, 2, 96 %, 34 %, 13043 MiB, 132.21 W
2026/09/23 13:41:47.844, 3, 97 %, 34 %, 13041 MiB, 142.77 W
2026/09/23 13:41:48.846, 0, 97 %, 25 %, 13045 MiB, 138.04 W
2026/09/23 13:41:48.847, 1, 97 %, 30 %, 13047 MiB, 130.15 W
2026/09/23 13:41:48.849, 2, 99 %, 26 %, 13043 MiB, 127.86 W
2026/09/23 13:41:48.850, 3, 99 %, 25 %, 13041 MiB, 138.04 W
2026/09/23 13:41:49.852, 0, 97 %, 34 %, 13045 MiB, 142.38 W
2026/09/23 13:41:49.853, 1, 94 %, 31 %, 13047 MiB, 132.95 W
2026/09/23 13:41:49.854, 2, 97 %, 33 %, 13043 MiB, 131.73 W
2026/09/23 13:41:49.855, 3, 97 %, 34 %, 13041 MiB, 142.77 W
2026/09/23 13:41:50.857, 0, 97 %, 27 %, 13045 MiB, 144.21 W
2026/09/23 13:41:50.858, 1, 100 %, 28 %, 13047 MiB, 134.88 W
2026/09/23 13:41:50.859, 2, 99 %, 28 %, 13043 MiB, 132.69 W
2026/09/23 13:41:50.860, 3, 99 %, 28 %, 13041 MiB, 142.29 W
2026/09/23 13:41:51.862, 0, 98 %, 32 %, 13045 MiB, 144.31 W
2026/09/23 13:41:51.864, 1, 94 %, 33 %, 13047 MiB, 123.49 W
2026/09/23 13:41:51.865, 2, 97 %, 31 %, 13043 MiB, 131.33 W
2026/09/23 13:41:51.866, 3, 98 %, 32 %, 13041 MiB, 140.93 W
2026/09/23 13:41:52.868, 0, 96 %, 28 %, 13045 MiB, 143.25 W
2026/09/23 13:41:52.869, 1, 100 %, 26 %, 13047 MiB, 133.92 W
2026/09/23 13:41:52.870, 2, 96 %, 29 %, 13043 MiB, 132.21 W
2026/09/23 13:41:52.872, 3, 98 %, 29 %, 13041 MiB, 143.73 W
2026/09/23 13:41:53.874, 0, 98 %, 30 %, 13045 MiB, 129.53 W
2026/09/23 13:41:53.875, 1, 94 %, 33 %, 13047 MiB, 120.68 W
2026/09/23 13:41:53.876, 2, 98 %, 29 %, 13043 MiB, 121.73 W
2026/09/23 13:41:53.877, 3, 97 %, 30 %, 13041 MiB, 129.93 W
2026/09/23 13:41:54.879, 0, 95 %, 30 %, 13045 MiB, 144.70 W
2026/09/23 13:41:54.880, 1, 97 %, 25 %, 13047 MiB, 134.88 W
2026/09/23 13:41:54.881, 2, 96 %, 31 %, 13043 MiB, 132.69 W
2026/09/23 13:41:54.882, 3, 97 %, 31 %, 13041 MiB, 142.29 W
2026/09/23 13:41:55.885, 0, 99 %, 28 %, 13045 MiB, 129.53 W
2026/09/23 13:41:55.886, 1, 97 %, 34 %, 13047 MiB, 120.68 W
2026/09/23 13:41:55.887, 2, 100 %, 28 %, 13043 MiB, 120.27 W
2026/09/23 13:41:55.888, 3, 100 %, 29 %, 13041 MiB, 128.08 W
2026/09/23 13:41:56.890, 0, 95 %, 32 %, 13045 MiB, 143.25 W
2026/09/23 13:41:56.893, 1, 97 %, 31 %, 13047 MiB, 134.40 W
2026/09/23 13:41:56.894, 2, 97 %, 33 %, 13043 MiB, 132.21 W
2026/09/23 13:41:56.895, 3, 97 %, 33 %, 13041 MiB, 143.25 W
2026/09/23 13:41:57.897, 0, 53 %, 4 %, 13045 MiB, 81.62 W
2026/09/23 13:41:57.898, 1, 41 %, 1 %, 13047 MiB, 75.26 W
2026/09/23 13:41:57.899, 2, 45 %, 2 %, 13043 MiB, 76.00 W
2026/09/23 13:41:57.900, 3, 50 %, 3 %, 13041 MiB, 79.68 W
2026/09/23 13:41:58.903, 0, 41 %, 1 %, 13045 MiB, 81.08 W
2026/09/23 13:41:58.904, 1, 41 %, 1 %, 13047 MiB, 75.22 W
2026/09/23 13:41:58.905, 2, 36 %, 1 %, 13043 MiB, 75.51 W
2026/09/23 13:41:58.906, 3, 36 %, 1 %, 13041 MiB, 79.63 W
2026/09/23 13:41:59.908, 0, 0 %, 0 %, 13045 MiB, 81.14 W
2026/09/23 13:41:59.909, 1, 3 %, 0 %, 13047 MiB, 75.22 W
2026/09/23 13:41:59.910, 2, 37 %, 1 %, 13043 MiB, 76.97 W
2026/09/23 13:41:59.911, 3, 37 %, 1 %, 13041 MiB, 81.57 W
2026/09/23 13:42:00.913, 0, 39 %, 2 %, 13045 MiB, 81.08 W
2026/09/23 13:42:00.914, 1, 39 %, 2 %, 13047 MiB, 75.22 W
2026/09/23 13:42:00.916, 2, 38 %, 2 %, 13043 MiB, 76.00 W
2026/09/23 13:42:00.917, 3, 38 %, 2 %, 13041 MiB, 79.63 W
2026/09/23 13:42:01.920, 0, 39 %, 2 %, 13045 MiB, 81.14 W
2026/09/23 13:42:01.923, 1, 39 %, 2 %, 13047 MiB, 75.22 W
2026/09/23 13:42:01.925, 2, 38 %, 2 %, 13043 MiB, 75.51 W
2026/09/23 13:42:01.926, 3, 38 %, 2 %, 13041 MiB, 79.63 W
2026/09/23 13:42:02.928, 0, 39 %, 2 %, 13047 MiB, 81.14 W
2026/09/23 13:42:02.929, 1, 39 %, 2 %, 13049 MiB, 75.22 W
2026/09/23 13:42:02.930, 2, 38 %, 2 %, 13045 MiB, 75.51 W
2026/09/23 13:42:02.931, 3, 38 %, 2 %, 13043 MiB, 79.63 W
2026/09/23 13:42:03.933, 0, 38 %, 2 %, 13047 MiB, 81.14 W
2026/09/23 13:42:03.935, 1, 39 %, 2 %, 13049 MiB, 74.73 W
2026/09/23 13:42:03.936, 2, 38 %, 2 %, 13045 MiB, 75.51 W
2026/09/23 13:42:03.937, 3, 38 %, 2 %, 13043 MiB, 79.20 W
2026/09/23 13:42:04.939, 0, 95 %, 30 %, 13047 MiB, 142.29 W
2026/09/23 13:42:04.940, 1, 98 %, 33 %, 13049 MiB, 133.43 W
2026/09/23 13:42:04.941, 2, 97 %, 31 %, 13045 MiB, 131.24 W
2026/09/23 13:42:04.942, 3, 98 %, 30 %, 13043 MiB, 142.29 W
2026/09/23 13:42:05.944, 0, 100 %, 28 %, 13047 MiB, 111.89 W
2026/09/23 13:42:05.945, 1, 96 %, 28 %, 13049 MiB, 106.91 W
2026/09/23 13:42:05.947, 2, 100 %, 28 %, 13045 MiB, 105.46 W
2026/09/23 13:42:05.948, 3, 100 %, 29 %, 13043 MiB, 107.61 W
2026/09/23 13:42:06.951, 0, 94 %, 33 %, 13047 MiB, 144.21 W
2026/09/23 13:42:06.952, 1, 97 %, 31 %, 13049 MiB, 133.92 W
2026/09/23 13:42:06.953, 2, 97 %, 33 %, 13045 MiB, 131.73 W
2026/09/23 13:42:06.954, 3, 97 %, 33 %, 13043 MiB, 141.80 W
2026/09/23 13:42:07.956, 0, 97 %, 26 %, 13047 MiB, 140.45 W
2026/09/23 13:42:07.957, 1, 94 %, 29 %, 13049 MiB, 132.08 W
2026/09/23 13:42:07.958, 2, 100 %, 26 %, 13045 MiB, 129.79 W
2026/09/23 13:42:07.959, 3, 100 %, 27 %, 13043 MiB, 139.40 W
2026/09/23 13:42:08.962, 0, 97 %, 31 %, 13047 MiB, 141.42 W
2026/09/23 13:42:08.963, 1, 98 %, 28 %, 13049 MiB, 132.95 W
2026/09/23 13:42:08.964, 2, 96 %, 34 %, 13045 MiB, 130.76 W
2026/09/23 13:42:08.965, 3, 98 %, 34 %, 13043 MiB, 141.32 W
2026/09/23 13:42:09.967, 0, 95 %, 30 %, 13047 MiB, 144.70 W
2026/09/23 13:42:09.968, 1, 93 %, 32 %, 13049 MiB, 133.92 W
2026/09/23 13:42:09.969, 2, 99 %, 26 %, 13045 MiB, 131.73 W
2026/09/23 13:42:09.970, 3, 99 %, 25 %, 13043 MiB, 143.73 W
2026/09/23 13:42:10.972, 0, 100 %, 29 %, 13047 MiB, 123.34 W
2026/09/23 13:42:10.973, 1, 100 %, 27 %, 13049 MiB, 117.31 W
2026/09/23 13:42:10.974, 2, 97 %, 33 %, 13045 MiB, 122.69 W
2026/09/23 13:42:10.975, 3, 98 %, 34 %, 13043 MiB, 131.86 W
2026/09/23 13:42:11.977, 0, 95 %, 32 %, 13047 MiB, 142.29 W
2026/09/23 13:42:11.978, 1, 94 %, 33 %, 13049 MiB, 134.40 W
2026/09/23 13:42:11.979, 2, 99 %, 28 %, 13045 MiB, 132.21 W
2026/09/23 13:42:11.980, 3, 99 %, 28 %, 13043 MiB, 142.77 W
2026/09/23 13:42:12.983, 0, 100 %, 27 %, 13047 MiB, 129.05 W
2026/09/23 13:42:12.984, 1, 96 %, 24 %, 13049 MiB, 120.68 W
2026/09/23 13:42:12.985, 2, 97 %, 31 %, 13045 MiB, 120.27 W
2026/09/23 13:42:12.986, 3, 98 %, 32 %, 13043 MiB, 128.57 W
2026/09/23 13:42:13.988, 0, 94 %, 34 %, 13047 MiB, 142.77 W
2026/09/23 13:42:13.989, 1, 95 %, 34 %, 13049 MiB, 133.92 W
2026/09/23 13:42:13.991, 2, 96 %, 29 %, 13045 MiB, 131.73 W
2026/09/23 13:42:13.992, 3, 98 %, 30 %, 13043 MiB, 143.25 W
2026/09/23 13:42:14.994, 0, 97 %, 24 %, 13047 MiB, 117.13 W
2026/09/23 13:42:14.995, 1, 96 %, 26 %, 13049 MiB, 113.11 W
2026/09/23 13:42:14.996, 2, 99 %, 29 %, 13045 MiB, 110.24 W
2026/09/23 13:42:14.997, 3, 98 %, 30 %, 13043 MiB, 113.82 W
2026/09/23 13:42:15.999, 0, 95 %, 33 %, 13047 MiB, 143.73 W
2026/09/23 13:42:16.001, 1, 97 %, 32 %, 13049 MiB, 134.40 W
2026/09/23 13:42:16.002, 2, 97 %, 32 %, 13045 MiB, 132.21 W
2026/09/23 13:42:16.003, 3, 96 %, 31 %, 13043 MiB, 142.29 W
2026/09/23 13:42:17.005, 0, 97 %, 26 %, 13047 MiB, 139.49 W
2026/09/23 13:42:17.007, 1, 96 %, 28 %, 13049 MiB, 131.60 W
2026/09/23 13:42:17.009, 2, 100 %, 28 %, 13045 MiB, 128.82 W
2026/09/23 13:42:17.010, 3, 100 %, 29 %, 13043 MiB, 138.91 W
2026/09/23 13:42:18.012, 0, 93 %, 33 %, 13047 MiB, 144.70 W
2026/09/23 13:42:18.013, 1, 98 %, 32 %, 13049 MiB, 133.92 W
2026/09/23 13:42:18.014, 2, 96 %, 31 %, 13045 MiB, 131.73 W
2026/09/23 13:42:18.015, 3, 97 %, 31 %, 13043 MiB, 142.29 W
2026/09/23 13:42:19.017, 0, 97 %, 26 %, 13047 MiB, 140.45 W
2026/09/23 13:42:19.018, 1, 96 %, 28 %, 13049 MiB, 131.60 W
2026/09/23 13:42:19.019, 2, 100 %, 27 %, 13045 MiB, 129.79 W
2026/09/23 13:42:19.020, 3, 100 %, 29 %, 13043 MiB, 139.40 W
2026/09/23 13:42:20.022, 0, 97 %, 33 %, 13047 MiB, 141.32 W
2026/09/23 13:42:20.023, 1, 97 %, 31 %, 13049 MiB, 133.43 W
2026/09/23 13:42:20.024, 2, 97 %, 34 %, 13045 MiB, 131.24 W
2026/09/23 13:42:20.026, 3, 97 %, 33 %, 13043 MiB, 141.80 W
2026/09/23 13:42:21.028, 0, 97 %, 28 %, 13047 MiB, 145.18 W
2026/09/23 13:42:21.029, 1, 93 %, 29 %, 13049 MiB, 134.88 W
2026/09/23 13:42:21.030, 2, 100 %, 25 %, 13045 MiB, 132.21 W
2026/09/23 13:42:21.031, 3, 100 %, 26 %, 13043 MiB, 142.77 W
2026/09/23 13:42:22.034, 0, 97 %, 31 %, 13047 MiB, 125.19 W
2026/09/23 13:42:22.035, 1, 99 %, 29 %, 13049 MiB, 113.04 W
2026/09/23 13:42:22.036, 2, 97 %, 34 %, 13045 MiB, 122.21 W
2026/09/23 13:42:22.037, 3, 98 %, 34 %, 13043 MiB, 133.40 W
2026/09/23 13:42:23.039, 0, 94 %, 29 %, 13047 MiB, 142.86 W
2026/09/23 13:42:23.040, 1, 93 %, 32 %, 13049 MiB, 134.88 W
2026/09/23 13:42:23.041, 2, 98 %, 26 %, 13045 MiB, 132.21 W
2026/09/23 13:42:23.042, 3, 99 %, 25 %, 13043 MiB, 142.77 W
2026/09/23 13:42:24.045, 0, 99 %, 29 %, 13047 MiB, 129.53 W
2026/09/23 13:42:24.046, 1, 100 %, 27 %, 13049 MiB, 121.16 W
2026/09/23 13:42:24.047, 2, 97 %, 33 %, 13045 MiB, 121.24 W
2026/09/23 13:42:24.048, 3, 97 %, 34 %, 13043 MiB, 129.05 W
2026/09/23 13:42:25.052, 0, 94 %, 32 %, 13047 MiB, 143.25 W
2026/09/23 13:42:25.053, 1, 94 %, 33 %, 13049 MiB, 133.92 W
2026/09/23 13:42:25.055, 2, 99 %, 28 %, 13045 MiB, 131.73 W
2026/09/23 13:42:25.056, 3, 99 %, 28 %, 13043 MiB, 143.73 W
2026/09/23 13:42:26.058, 0, 100 %, 27 %, 15163 MiB, 126.64 W
2026/09/23 13:42:26.059, 1, 96 %, 24 %, 15169 MiB, 119.23 W
2026/09/23 13:42:26.060, 2, 97 %, 31 %, 15159 MiB, 119.79 W
2026/09/23 13:42:26.061, 3, 98 %, 32 %, 15155 MiB, 128.08 W
2026/09/23 13:42:27.063, 0, 94 %, 34 %, 13047 MiB, 143.73 W
2026/09/23 13:42:27.064, 1, 94 %, 33 %, 13049 MiB, 134.40 W
2026/09/23 13:42:27.065, 2, 97 %, 31 %, 13045 MiB, 132.21 W
2026/09/23 13:42:27.067, 3, 98 %, 29 %, 13043 MiB, 142.29 W
2026/09/23 13:42:28.069, 0, 97 %, 24 %, 13047 MiB, 137.56 W
2026/09/23 13:42:28.071, 1, 96 %, 26 %, 13049 MiB, 129.19 W
2026/09/23 13:42:28.072, 2, 100 %, 27 %, 13045 MiB, 127.37 W
2026/09/23 13:42:28.073, 3, 98 %, 30 %, 13043 MiB, 137.56 W
2026/09/23 13:42:29.075, 0, 95 %, 33 %, 13047 MiB, 142.38 W
2026/09/23 13:42:29.077, 1, 97 %, 33 %, 13049 MiB, 132.95 W
2026/09/23 13:42:29.078, 2, 96 %, 34 %, 13045 MiB, 131.24 W
2026/09/23 13:42:29.079, 3, 98 %, 32 %, 13043 MiB, 142.77 W
2026/09/23 13:42:30.081, 0, 97 %, 26 %, 13047 MiB, 143.73 W
2026/09/23 13:42:30.082, 1, 96 %, 28 %, 13049 MiB, 134.88 W
2026/09/23 13:42:30.083, 2, 99 %, 28 %, 13045 MiB, 132.21 W
2026/09/23 13:42:30.084, 3, 100 %, 28 %, 13043 MiB, 141.80 W
2026/09/23 13:42:31.086, 0, 97 %, 33 %, 13047 MiB, 143.83 W
2026/09/23 13:42:31.087, 1, 97 %, 31 %, 13049 MiB, 127.74 W
2026/09/23 13:42:31.088, 2, 98 %, 30 %, 13045 MiB, 131.24 W
2026/09/23 13:42:31.089, 3, 97 %, 34 %, 13043 MiB, 141.03 W
2026/09/23 13:42:32.093, 0, 97 %, 28 %, 13047 MiB, 143.25 W
2026/09/23 13:42:32.094, 1, 94 %, 30 %, 13049 MiB, 134.40 W
2026/09/23 13:42:32.095, 2, 97 %, 31 %, 13045 MiB, 132.21 W
2026/09/23 13:42:32.096, 3, 99 %, 26 %, 13043 MiB, 143.73 W
2026/09/23 13:42:33.098, 0, 70 %, 12 %, 13047 MiB, 81.14 W
2026/09/23 13:42:33.099, 1, 53 %, 4 %, 13049 MiB, 75.22 W
2026/09/23 13:42:33.101, 2, 53 %, 4 %, 13045 MiB, 76.00 W
2026/09/23 13:42:33.102, 3, 71 %, 14 %, 13043 MiB, 79.68 W
2026/09/23 13:42:34.104, 0, 41 %, 1 %, 13047 MiB, 81.14 W
2026/09/23 13:42:34.106, 1, 41 %, 1 %, 13049 MiB, 74.73 W
2026/09/23 13:42:34.108, 2, 36 %, 1 %, 13045 MiB, 75.51 W
2026/09/23 13:42:34.109, 3, 36 %, 1 %, 13043 MiB, 79.20 W
2026/09/23 13:42:35.111, 0, 0 %, 0 %, 13047 MiB, 80.01 W
2026/09/23 13:42:35.112, 1, 0 %, 0 %, 13049 MiB, 73.67 W
2026/09/23 13:42:35.113, 2, 37 %, 1 %, 13045 MiB, 137.62 W
2026/09/23 13:42:35.114, 3, 37 %, 1 %, 13043 MiB, 131.07 W
2026/09/23 13:42:36.116, 0, 94 %, 33 %, 13047 MiB, 144.21 W
2026/09/23 13:42:36.117, 1, 93 %, 28 %, 13049 MiB, 134.40 W
2026/09/23 13:42:36.118, 2, 96 %, 34 %, 13045 MiB, 132.21 W
2026/09/23 13:42:36.119, 3, 97 %, 34 %, 13043 MiB, 142.29 W
2026/09/23 13:42:37.122, 0, 100 %, 27 %, 13047 MiB, 138.52 W
2026/09/23 13:42:37.123, 1, 100 %, 29 %, 13049 MiB, 130.15 W
2026/09/23 13:42:37.124, 2, 99 %, 27 %, 13045 MiB, 127.86 W
2026/09/23 13:42:37.125, 3, 100 %, 26 %, 13043 MiB, 138.04 W
2026/09/23 13:42:38.127, 0, 94 %, 34 %, 13047 MiB, 141.90 W
2026/09/23 13:42:38.128, 1, 94 %, 32 %, 13049 MiB, 133.43 W
2026/09/23 13:42:38.129, 2, 98 %, 33 %, 13045 MiB, 130.76 W
2026/09/23 13:42:38.130, 3, 98 %, 34 %, 13043 MiB, 142.29 W
2026/09/23 13:42:39.132, 0, 97 %, 25 %, 13047 MiB, 143.73 W
2026/09/23 13:42:39.134, 1, 100 %, 27 %, 13049 MiB, 134.40 W
2026/09/23 13:42:39.136, 2, 99 %, 28 %, 13045 MiB, 132.21 W
2026/09/23 13:42:39.137, 3, 99 %, 26 %, 13043 MiB, 141.80 W
2026/09/23 13:42:40.140, 0, 94 %, 34 %, 13047 MiB, 136.20 W
2026/09/23 13:42:40.141, 1, 93 %, 33 %, 13049 MiB, 118.75 W
2026/09/23 13:42:40.142, 2, 98 %, 31 %, 13045 MiB, 128.51 W
2026/09/23 13:42:40.143, 3, 98 %, 34 %, 13043 MiB, 137.74 W
2026/09/23 13:42:41.145, 0, 97 %, 26 %, 13047 MiB, 143.35 W
2026/09/23 13:42:41.146, 1, 96 %, 24 %, 13049 MiB, 133.92 W
2026/09/23 13:42:41.147, 2, 96 %, 30 %, 13045 MiB, 132.21 W
2026/09/23 13:42:41.149, 3, 99 %, 28 %, 13043 MiB, 143.73 W
2026/09/23 13:42:42.151, 0, 98 %, 33 %, 13047 MiB, 129.05 W
2026/09/23 13:42:42.152, 1, 94 %, 33 %, 13049 MiB, 119.72 W
2026/09/23 13:42:42.153, 2, 98 %, 29 %, 13045 MiB, 121.24 W
2026/09/23 13:42:42.154, 3, 98 %, 32 %, 13043 MiB, 129.45 W
2026/09/23 13:42:43.156, 0, 97 %, 28 %, 13047 MiB, 144.21 W
2026/09/23 13:42:43.157, 1, 96 %, 26 %, 13049 MiB, 134.40 W
2026/09/23 13:42:43.158, 2, 96 %, 32 %, 13045 MiB, 132.69 W
2026/09/23 13:42:43.159, 3, 98 %, 30 %, 13043 MiB, 142.77 W
2026/09/23 13:42:44.161, 0, 98 %, 31 %, 13047 MiB, 129.05 W
2026/09/23 13:42:44.162, 1, 97 %, 33 %, 13049 MiB, 120.68 W
2026/09/23 13:42:44.163, 2, 100 %, 28 %, 13045 MiB, 120.27 W
2026/09/23 13:42:44.164, 3, 98 %, 30 %, 13043 MiB, 128.08 W
2026/09/23 13:42:45.166, 0, 94 %, 29 %, 13047 MiB, 143.25 W
2026/09/23 13:42:45.168, 1, 96 %, 27 %, 13049 MiB, 133.92 W
2026/09/23 13:42:45.169, 2, 96 %, 34 %, 13045 MiB, 132.21 W
2026/09/23 13:42:45.170, 3, 97 %, 31 %, 13043 MiB, 142.77 W
2026/09/23 13:42:46.173, 0, 99 %, 30 %, 13047 MiB, 118.58 W
2026/09/23 13:42:46.174, 1, 97 %, 31 %, 13049 MiB, 112.63 W
2026/09/23 13:42:46.175, 2, 100 %, 26 %, 13045 MiB, 113.08 W
2026/09/23 13:42:46.176, 3, 100 %, 29 %, 13043 MiB, 122.85 W
2026/09/23 13:42:47.179, 0, 94 %, 31 %, 13047 MiB, 145.18 W
2026/09/23 13:42:47.180, 1, 94 %, 29 %, 13049 MiB, 133.43 W
2026/09/23 13:42:47.181, 2, 97 %, 34 %, 13045 MiB, 131.73 W
2026/09/23 13:42:47.182, 3, 98 %, 33 %, 13043 MiB, 141.80 W
2026/09/23 13:42:48.184, 0, 100 %, 28 %, 13047 MiB, 140.93 W
2026/09/23 13:42:48.185, 1, 98 %, 30 %, 13049 MiB, 132.56 W
2026/09/23 13:42:48.186, 2, 99 %, 26 %, 13045 MiB, 130.27 W
2026/09/23 13:42:48.187, 3, 100 %, 27 %, 13043 MiB, 139.88 W
2026/09/23 13:42:49.189, 0, 95 %, 34 %, 13047 MiB, 142.38 W
2026/09/23 13:42:49.190, 1, 94 %, 31 %, 13049 MiB, 133.43 W
2026/09/23 13:42:49.191, 2, 97 %, 34 %, 13045 MiB, 131.24 W
2026/09/23 13:42:49.192, 3, 96 %, 34 %, 13043 MiB, 141.80 W
2026/09/23 13:42:50.195, 0, 100 %, 26 %, 13047 MiB, 144.70 W
2026/09/23 13:42:50.196, 1, 100 %, 28 %, 13049 MiB, 134.88 W
2026/09/23 13:42:50.197, 2, 99 %, 27 %, 13045 MiB, 132.21 W
2026/09/23 13:42:50.198, 3, 99 %, 25 %, 13043 MiB, 142.29 W
2026/09/23 13:42:51.200, 0, 94 %, 34 %, 13047 MiB, 124.79 W
2026/09/23 13:42:51.201, 1, 94 %, 33 %, 13049 MiB, 106.43 W
2026/09/23 13:42:51.203, 2, 97 %, 32 %, 13045 MiB, 111.70 W
2026/09/23 13:42:51.204, 3, 98 %, 34 %, 13043 MiB, 117.21 W
2026/09/23 13:42:52.207, 0, 97 %, 25 %, 13047 MiB, 143.25 W
2026/09/23 13:42:52.208, 1, 100 %, 26 %, 13049 MiB, 134.40 W
2026/09/23 13:42:52.209, 2, 99 %, 29 %, 13045 MiB, 132.21 W
2026/09/23 13:42:52.210, 3, 99 %, 26 %, 13043 MiB, 143.73 W
2026/09/23 13:42:53.213, 0, 94 %, 34 %, 13047 MiB, 129.53 W
2026/09/23 13:42:53.214, 1, 96 %, 25 %, 13049 MiB, 120.20 W
2026/09/23 13:42:53.215, 2, 98 %, 31 %, 13045 MiB, 121.73 W
2026/09/23 13:42:53.216, 3, 98 %, 34 %, 13043 MiB, 130.01 W
2026/09/23 13:42:54.218, 0, 97 %, 26 %, 13047 MiB, 144.21 W
2026/09/23 13:42:54.219, 1, 97 %, 34 %, 13049 MiB, 134.88 W
2026/09/23 13:42:54.220, 2, 97 %, 30 %, 13045 MiB, 132.69 W
2026/09/23 13:42:54.222, 3, 99 %, 28 %, 13043 MiB, 142.77 W
2026/09/23 13:42:55.224, 0, 98 %, 33 %, 13047 MiB, 129.53 W
2026/09/23 13:42:55.225, 1, 96 %, 27 %, 13049 MiB, 120.68 W
2026/09/23 13:42:55.226, 2, 98 %, 29 %, 13045 MiB, 120.27 W
2026/09/23 13:42:55.227, 3, 98 %, 32 %, 13043 MiB, 128.08 W
2026/09/23 13:42:56.229, 0, 97 %, 28 %, 13047 MiB, 143.25 W
2026/09/23 13:42:56.230, 1, 97 %, 32 %, 13049 MiB, 134.40 W
2026/09/23 13:42:56.231, 2, 96 %, 32 %, 13045 MiB, 132.21 W
2026/09/23 13:42:56.232, 3, 98 %, 30 %, 13043 MiB, 143.25 W
2026/09/23 13:42:57.235, 0, 98 %, 31 %, 13047 MiB, 119.07 W
2026/09/23 13:42:57.236, 1, 95 %, 29 %, 13049 MiB, 109.81 W
2026/09/23 13:42:57.237, 2, 100 %, 28 %, 13045 MiB, 109.76 W
2026/09/23 13:42:57.238, 3, 98 %, 30 %, 13043 MiB, 110.92 W
2026/09/23 13:42:58.242, 0, 95 %, 29 %, 13047 MiB, 144.70 W
2026/09/23 13:42:58.243, 1, 98 %, 30 %, 13049 MiB, 134.88 W
2026/09/23 13:42:58.244, 2, 96 %, 34 %, 13045 MiB, 132.69 W
2026/09/23 13:42:58.245, 3, 98 %, 31 %, 13043 MiB, 142.29 W
2026/09/23 13:42:59.247, 0, 98 %, 30 %, 13047 MiB, 139.01 W
2026/09/23 13:42:59.248, 1, 94 %, 30 %, 13049 MiB, 130.63 W
2026/09/23 13:42:59.249, 2, 100 %, 26 %, 13045 MiB, 128.34 W
2026/09/23 13:42:59.250, 3, 100 %, 29 %, 13043 MiB, 138.52 W
2026/09/23 13:43:00.252, 0, 95 %, 31 %, 13047 MiB, 142.38 W
2026/09/23 13:43:00.253, 1, 99 %, 29 %, 13049 MiB, 132.95 W
2026/09/23 13:43:00.254, 2, 96 %, 34 %, 13045 MiB, 131.73 W
2026/09/23 13:43:00.255, 3, 97 %, 33 %, 13043 MiB, 142.77 W
2026/09/23 13:43:01.258, 0, 100 %, 29 %, 13047 MiB, 143.73 W
2026/09/23 13:43:01.259, 1, 93 %, 32 %, 13049 MiB, 134.88 W
2026/09/23 13:43:01.260, 2, 99 %, 25 %, 13045 MiB, 132.21 W
2026/09/23 13:43:01.261, 3, 100 %, 27 %, 13043 MiB, 141.80 W
2026/09/23 13:43:02.263, 0, 95 %, 33 %, 13047 MiB, 144.21 W
2026/09/23 13:43:02.264, 1, 100 %, 27 %, 13049 MiB, 133.04 W
2026/09/23 13:43:02.265, 2, 96 %, 34 %, 13045 MiB, 131.24 W
2026/09/23 13:43:02.266, 3, 97 %, 34 %, 13043 MiB, 141.42 W
2026/09/23 13:43:03.268, 0, 100 %, 27 %, 13047 MiB, 143.73 W
2026/09/23 13:43:03.269, 1, 93 %, 33 %, 13049 MiB, 134.40 W
2026/09/23 13:43:03.270, 2, 99 %, 27 %, 13045 MiB, 132.21 W
2026/09/23 13:43:03.271, 3, 100 %, 25 %, 13043 MiB, 144.21 W
2026/09/23 13:43:04.275, 0, 41 %, 1 %, 13047 MiB, 81.14 W
2026/09/23 13:43:04.276, 1, 41 %, 1 %, 13049 MiB, 75.22 W
2026/09/23 13:43:04.277, 2, 36 %, 1 %, 13045 MiB, 75.51 W
2026/09/23 13:43:04.279, 3, 36 %, 1 %, 13043 MiB, 79.63 W
2026/09/23 13:43:05.281, 0, 41 %, 1 %, 13047 MiB, 81.14 W
2026/09/23 13:43:05.282, 1, 44 %, 1 %, 13049 MiB, 74.73 W
2026/09/23 13:43:05.283, 2, 36 %, 1 %, 13045 MiB, 75.51 W
2026/09/23 13:43:05.284, 3, 36 %, 1 %, 13043 MiB, 79.20 W
2026/09/23 13:43:06.286, 0, 97 %, 28 %, 15163 MiB, 126.15 W
2026/09/23 13:43:06.288, 1, 96 %, 27 %, 15169 MiB, 119.72 W
2026/09/23 13:43:06.289, 2, 99 %, 30 %, 15159 MiB, 119.79 W
2026/09/23 13:43:06.290, 3, 98 %, 32 %, 15155 MiB, 128.48 W
2026/09/23 13:43:07.293, 0, 97 %, 31 %, 13047 MiB, 143.73 W
2026/09/23 13:43:07.294, 1, 98 %, 32 %, 13049 MiB, 134.40 W
2026/09/23 13:43:07.295, 2, 96 %, 31 %, 13045 MiB, 132.21 W
2026/09/23 13:43:07.296, 3, 98 %, 29 %, 13043 MiB, 142.29 W
2026/09/23 13:43:08.298, 0, 94 %, 29 %, 13047 MiB, 133.79 W
2026/09/23 13:43:08.299, 1, 96 %, 28 %, 13049 MiB, 126.38 W
2026/09/23 13:43:08.300, 2, 100 %, 28 %, 13045 MiB, 124.55 W
2026/09/23 13:43:08.301, 3, 98 %, 30 %, 13043 MiB, 134.67 W
2026/09/23 13:43:09.304, 0, 99 %, 29 %, 13047 MiB, 142.86 W
2026/09/23 13:43:09.305, 1, 97 %, 31 %, 13049 MiB, 132.95 W
2026/09/23 13:43:09.306, 2, 96 %, 33 %, 13045 MiB, 130.76 W
2026/09/23 13:43:09.307, 3, 97 %, 31 %, 13043 MiB, 143.25 W
2026/09/23 13:43:10.309, 0, 95 %, 31 %, 13047 MiB, 142.77 W
2026/09/23 13:43:10.310, 1, 93 %, 29 %, 13049 MiB, 133.92 W
2026/09/23 13:43:10.311, 2, 100 %, 26 %, 13045 MiB, 131.24 W
2026/09/23 13:43:10.312, 3, 99 %, 29 %, 13043 MiB, 140.84 W
2026/09/23 13:43:11.314, 0, 100 %, 28 %, 13047 MiB, 142.38 W
2026/09/23 13:43:11.315, 1, 98 %, 29 %, 13049 MiB, 133.52 W
2026/09/23 13:43:11.316, 2, 96 %, 34 %, 13045 MiB, 131.24 W
2026/09/23 13:43:11.317, 3, 100 %, 27 %, 13043 MiB, 141.80 W
2026/09/23 13:43:12.319, 0, 100 %, 28 %, 13047 MiB, 144.21 W
2026/09/23 13:43:12.321, 1, 93 %, 31 %, 13049 MiB, 134.40 W
2026/09/23 13:43:12.322, 2, 99 %, 25 %, 13045 MiB, 131.73 W
2026/09/23 13:43:12.323, 3, 98 %, 34 %, 13043 MiB, 144.21 W
2026/09/23 13:43:13.325, 0, 95 %, 34 %, 13047 MiB, 126.15 W
2026/09/23 13:43:13.326, 1, 100 %, 28 %, 13049 MiB, 115.86 W
2026/09/23 13:43:13.327, 2, 96 %, 34 %, 13045 MiB, 122.21 W
2026/09/23 13:43:13.328, 3, 99 %, 25 %, 13043 MiB, 132.34 W
2026/09/23 13:43:14.330, 0, 97 %, 26 %, 13047 MiB, 142.77 W
2026/09/23 13:43:14.331, 1, 93 %, 33 %, 13049 MiB, 134.88 W
2026/09/23 13:43:14.334, 2, 99 %, 27 %, 13045 MiB, 132.21 W
2026/09/23 13:43:14.335, 3, 98 %, 34 %, 13043 MiB, 143.25 W
2026/09/23 13:43:15.337, 0, 98 %, 32 %, 13047 MiB, 129.53 W
2026/09/23 13:43:15.338, 1, 100 %, 26 %, 13049 MiB, 121.16 W
2026/09/23 13:43:15.339, 2, 97 %, 33 %, 13045 MiB, 120.76 W
2026/09/23 13:43:15.340, 3, 99 %, 27 %, 13043 MiB, 128.57 W
2026/09/23 13:43:16.342, 0, 94 %, 29 %, 13047 MiB, 143.73 W
2026/09/23 13:43:16.343, 1, 94 %, 33 %, 13049 MiB, 133.92 W
2026/09/23 13:43:16.345, 2, 99 %, 28 %, 13045 MiB, 131.73 W
2026/09/23 13:43:16.346, 3, 98 %, 33 %, 13043 MiB, 143.73 W
2026/09/23 13:43:17.348, 0, 84 %, 26 %, 13047 MiB, 129.53 W
2026/09/23 13:43:17.359, 1, 100 %, 26 %, 13049 MiB, 120.68 W
2026/09/23 13:43:17.360, 2, 82 %, 28 %, 13045 MiB, 120.76 W
2026/09/23 13:43:17.361, 3, 99 %, 27 %, 13043 MiB, 128.00 W
2026/09/23 13:43:18.364, 0, 95 %, 29 %, 13047 MiB, 143.25 W
2026/09/23 13:43:18.365, 1, 94 %, 33 %, 13049 MiB, 133.92 W
2026/09/23 13:43:18.366, 2, 99 %, 28 %, 13045 MiB, 132.21 W
2026/09/23 13:43:18.367, 3, 98 %, 33 %, 13043 MiB, 143.73 W
2026/09/23 13:43:19.369, 0, 98 %, 30 %, 15163 MiB, 130.01 W
2026/09/23 13:43:19.370, 1, 96 %, 24 %, 15169 MiB, 123.01 W
2026/09/23 13:43:19.371, 2, 97 %, 32 %, 15159 MiB, 116.55 W
2026/09/23 13:43:19.374, 3, 99 %, 28 %, 13043 MiB, 121.89 W
2026/09/23 13:43:20.377, 0, 95 %, 31 %, 13047 MiB, 144.21 W
2026/09/23 13:43:20.378, 1, 94 %, 33 %, 13049 MiB, 134.40 W
2026/09/23 13:43:20.379, 2, 98 %, 29 %, 13045 MiB, 132.69 W
2026/09/23 13:43:20.380, 3, 97 %, 32 %, 13043 MiB, 142.77 W
2026/09/23 13:43:21.382, 0, 100 %, 29 %, 13047 MiB, 135.24 W
2026/09/23 13:43:21.383, 1, 96 %, 26 %, 13049 MiB, 127.35 W
2026/09/23 13:43:21.384, 2, 97 %, 30 %, 13045 MiB, 126.00 W
2026/09/23 13:43:21.385, 3, 98 %, 29 %, 13043 MiB, 136.11 W
2026/09/23 13:43:22.388, 0, 94 %, 32 %, 13047 MiB, 142.86 W
2026/09/23 13:43:22.389, 1, 98 %, 33 %, 13049 MiB, 132.95 W
2026/09/23 13:43:22.390, 2, 97 %, 30 %, 13045 MiB, 131.24 W
2026/09/23 13:43:22.391, 3, 98 %, 30 %, 13043 MiB, 143.25 W
2026/09/23 13:43:23.393, 0, 100 %, 27 %, 13047 MiB, 142.86 W
2026/09/23 13:43:23.394, 1, 96 %, 27 %, 13049 MiB, 133.92 W
2026/09/23 13:43:23.395, 2, 99 %, 29 %, 13045 MiB, 131.73 W
2026/09/23 13:43:23.396, 3, 97 %, 31 %, 13043 MiB, 141.32 W
2026/09/23 13:43:24.400, 0, 95 %, 34 %, 13047 MiB, 142.86 W
2026/09/23 13:43:24.401, 1, 97 %, 31 %, 13049 MiB, 133.92 W
2026/09/23 13:43:24.402, 2, 96 %, 32 %, 13045 MiB, 131.24 W
2026/09/23 13:43:24.403, 3, 99 %, 29 %, 13043 MiB, 141.80 W
2026/09/23 13:43:25.405, 0, 99 %, 25 %, 13047 MiB, 144.21 W
2026/09/23 13:43:25.408, 1, 95 %, 29 %, 13049 MiB, 134.40 W
2026/09/23 13:43:25.409, 2, 97 %, 34 %, 13045 MiB, 132.21 W
2026/09/23 13:43:25.410, 3, 98 %, 32 %, 13043 MiB, 144.21 W
2026/09/23 13:43:26.412, 0, 95 %, 34 %, 13047 MiB, 127.60 W
2026/09/23 13:43:26.413, 1, 98 %, 30 %, 13049 MiB, 117.79 W
2026/09/23 13:43:26.414, 2, 99 %, 25 %, 13045 MiB, 122.69 W
2026/09/23 13:43:26.415, 3, 100 %, 28 %, 13043 MiB, 132.43 W
2026/09/23 13:43:27.417, 0, 97 %, 25 %, 13047 MiB, 143.25 W
2026/09/23 13:43:27.419, 1, 93 %, 30 %, 13049 MiB, 134.88 W
2026/09/23 13:43:27.420, 2, 97 %, 34 %, 13045 MiB, 132.69 W
2026/09/23 13:43:27.421, 3, 97 %, 34 %, 13043 MiB, 143.25 W
2026/09/23 13:43:28.423, 0, 97 %, 34 %, 13047 MiB, 129.53 W
2026/09/23 13:43:28.424, 1, 100 %, 29 %, 13049 MiB, 121.16 W
2026/09/23 13:43:28.427, 2, 99 %, 26 %, 13045 MiB, 120.76 W
2026/09/23 13:43:28.428, 3, 100 %, 26 %, 13043 MiB, 129.05 W
2026/09/23 13:43:29.430, 0, 97 %, 27 %, 13047 MiB, 143.73 W
2026/09/23 13:43:29.431, 1, 93 %, 32 %, 13049 MiB, 133.92 W
2026/09/23 13:43:29.433, 2, 98 %, 33 %, 13045 MiB, 131.73 W
2026/09/23 13:43:29.434, 3, 97 %, 34 %, 13043 MiB, 143.73 W
2026/09/23 13:43:30.436, 0, 98 %, 33 %, 13047 MiB, 129.53 W
2026/09/23 13:43:30.438, 1, 100 %, 27 %, 13049 MiB, 115.45 W
2026/09/23 13:43:30.440, 2, 99 %, 28 %, 15159 MiB, 111.70 W
2026/09/23 13:43:30.442, 3, 99 %, 25 %, 15155 MiB, 118.99 W
2026/09/23 13:43:31.444, 0, 97 %, 28 %, 13047 MiB, 144.21 W
2026/09/23 13:43:31.445, 1, 93 %, 33 %, 13049 MiB, 134.40 W
2026/09/23 13:43:31.446, 2, 98 %, 32 %, 13045 MiB, 132.69 W
2026/09/23 13:43:31.447, 3, 98 %, 34 %, 13043 MiB, 143.25 W
2026/09/23 13:43:32.449, 0, 97 %, 31 %, 13047 MiB, 124.22 W
2026/09/23 13:43:32.450, 1, 100 %, 26 %, 13049 MiB, 118.75 W
2026/09/23 13:43:32.451, 2, 97 %, 30 %, 13045 MiB, 117.85 W
2026/09/23 13:43:32.453, 3, 99 %, 27 %, 13043 MiB, 128.00 W
2026/09/23 13:43:33.455, 0, 94 %, 29 %, 13047 MiB, 145.18 W
2026/09/23 13:43:33.456, 1, 94 %, 33 %, 13049 MiB, 133.43 W
2026/09/23 13:43:33.458, 2, 97 %, 30 %, 13045 MiB, 131.73 W
2026/09/23 13:43:33.460, 3, 98 %, 33 %, 13043 MiB, 143.25 W
2026/09/23 13:43:34.462, 0, 63 %, 8 %, 13047 MiB, 81.62 W
2026/09/23 13:43:34.463, 1, 41 %, 1 %, 13049 MiB, 75.22 W
2026/09/23 13:43:34.464, 2, 63 %, 9 %, 13045 MiB, 76.00 W
2026/09/23 13:43:34.465, 3, 36 %, 1 %, 13043 MiB, 79.68 W
2026/09/23 13:43:35.467, 0, 41 %, 1 %, 13047 MiB, 81.14 W
2026/09/23 13:43:35.468, 1, 41 %, 1 %, 13049 MiB, 74.73 W
2026/09/23 13:43:35.469, 2, 36 %, 1 %, 13045 MiB, 75.51 W
2026/09/23 13:43:35.471, 3, 36 %, 1 %, 13043 MiB, 79.63 W
2026/09/23 13:43:36.473, 0, 42 %, 11 %, 13047 MiB, 142.19 W
2026/09/23 13:43:36.474, 1, 0 %, 0 %, 13049 MiB, 133.83 W
2026/09/23 13:43:36.475, 2, 38 %, 1 %, 13045 MiB, 131.64 W
2026/09/23 13:43:36.476, 3, 50 %, 14 %, 13043 MiB, 143.16 W
2026/09/23 13:43:37.478, 0, 97 %, 25 %, 13047 MiB, 128.57 W
2026/09/23 13:43:37.479, 1, 98 %, 31 %, 13049 MiB, 119.23 W
2026/09/23 13:43:37.480, 2, 97 %, 33 %, 13045 MiB, 121.24 W
2026/09/23 13:43:37.481, 3, 100 %, 28 %, 13043 MiB, 129.45 W
2026/09/23 13:43:38.484, 0, 98 %, 34 %, 13047 MiB, 143.73 W
2026/09/23 13:43:38.485, 1, 94 %, 29 %, 13049 MiB, 134.88 W
2026/09/23 13:43:38.486, 2, 99 %, 28 %, 13045 MiB, 132.21 W
2026/09/23 13:43:38.487, 3, 97 %, 34 %, 13043 MiB, 142.77 W
2026/09/23 13:43:39.489, 0, 97 %, 27 %, 13047 MiB, 129.53 W
2026/09/23 13:43:39.490, 1, 100 %, 29 %, 13049 MiB, 120.68 W
2026/09/23 13:43:39.491, 2, 97 %, 31 %, 13045 MiB, 120.76 W
2026/09/23 13:43:39.492, 3, 99 %, 27 %, 13043 MiB, 128.08 W
2026/09/23 13:43:40.494, 0, 98 %, 33 %, 13047 MiB, 143.25 W
2026/09/23 13:43:40.496, 1, 93 %, 33 %, 13049 MiB, 133.92 W
2026/09/23 13:43:40.497, 2, 96 %, 30 %, 13045 MiB, 132.21 W
2026/09/23 13:43:40.498, 3, 99 %, 28 %, 13043 MiB, 143.73 W
2026/09/23 13:43:41.500, 0, 97 %, 28 %, 15163 MiB, 127.60 W
2026/09/23 13:43:41.501, 1, 97 %, 25 %, 15169 MiB, 121.16 W
2026/09/23 13:43:41.502, 2, 98 %, 30 %, 15159 MiB, 121.73 W
2026/09/23 13:43:41.504, 3, 98 %, 31 %, 15155 MiB, 130.01 W
2026/09/23 13:43:42.506, 0, 98 %, 31 %, 13047 MiB, 144.21 W
2026/09/23 13:43:42.507, 1, 98 %, 34 %, 13049 MiB, 134.40 W
2026/09/23 13:43:42.508, 2, 96 %, 31 %, 13045 MiB, 132.69 W
2026/09/23 13:43:42.509, 3, 97 %, 30 %, 13043 MiB, 142.77 W
2026/09/23 13:43:43.511, 0, 94 %, 29 %, 13047 MiB, 131.38 W
2026/09/23 13:43:43.512, 1, 96 %, 28 %, 13049 MiB, 123.97 W
2026/09/23 13:43:43.513, 2, 100 %, 29 %, 13045 MiB, 124.07 W
2026/09/23 13:43:43.515, 3, 98 %, 30 %, 13043 MiB, 133.70 W
2026/09/23 13:43:44.518, 0, 98 %, 30 %, 13047 MiB, 143.35 W
2026/09/23 13:43:44.519, 1, 98 %, 31 %, 13049 MiB, 132.95 W
2026/09/23 13:43:44.520, 2, 96 %, 32 %, 13045 MiB, 131.24 W
2026/09/23 13:43:44.521, 3, 98 %, 31 %, 13043 MiB, 143.25 W
2026/09/23 13:43:45.523, 0, 94 %, 31 %, 13047 MiB, 141.90 W
2026/09/23 13:43:45.524, 1, 93 %, 29 %, 13049 MiB, 133.43 W
2026/09/23 13:43:45.525, 2, 100 %, 27 %, 13045 MiB, 130.76 W
2026/09/23 13:43:45.527, 3, 100 %, 29 %, 13043 MiB, 140.84 W
2026/09/23 13:43:46.529, 0, 100 %, 29 %, 13047 MiB, 141.90 W
2026/09/23 13:43:46.530, 1, 97 %, 30 %, 13049 MiB, 133.52 W
2026/09/23 13:43:46.531, 2, 97 %, 34 %, 13045 MiB, 131.24 W
2026/09/23 13:43:46.532, 3, 98 %, 33 %, 13043 MiB, 141.80 W
2026/09/23 13:43:47.534, 0, 95 %, 32 %, 13047 MiB, 145.18 W
2026/09/23 13:43:47.535, 1, 94 %, 31 %, 13049 MiB, 134.88 W
2026/09/23 13:43:47.536, 2, 100 %, 26 %, 13045 MiB, 132.69 W
2026/09/23 13:43:47.537, 3, 100 %, 27 %, 13043 MiB, 142.77 W
2026/09/23 13:43:48.539, 0, 100 %, 28 %, 13047 MiB, 130.89 W
2026/09/23 13:43:48.540, 1, 100 %, 29 %, 13049 MiB, 114.89 W
2026/09/23 13:43:48.541, 2, 96 %, 34 %, 13045 MiB, 125.12 W
2026/09/23 13:43:48.542, 3, 97 %, 34 %, 13043 MiB, 131.95 W
2026/09/23 13:43:49.545, 0, 93 %, 33 %, 13047 MiB, 143.25 W
2026/09/23 13:43:49.546, 1, 94 %, 32 %, 13049 MiB, 134.40 W
2026/09/23 13:43:49.547, 2, 99 %, 25 %, 13045 MiB, 132.21 W
2026/09/23 13:43:49.549, 3, 100 %, 26 %, 13043 MiB, 144.21 W
2026/09/23 13:43:50.551, 0, 100 %, 26 %, 13047 MiB, 128.57 W
2026/09/23 13:43:50.553, 1, 100 %, 27 %, 13049 MiB, 119.23 W
2026/09/23 13:43:50.554, 2, 96 %, 34 %, 13045 MiB, 121.24 W
2026/09/23 13:43:50.555, 3, 97 %, 34 %, 13043 MiB, 130.41 W
2026/09/23 13:43:51.557, 0, 94 %, 34 %, 13047 MiB, 143.73 W
2026/09/23 13:43:51.558, 1, 94 %, 33 %, 13049 MiB, 134.88 W
2026/09/23 13:43:51.559, 2, 99 %, 27 %, 13045 MiB, 132.69 W
2026/09/23 13:43:51.560, 3, 99 %, 25 %, 13043 MiB, 143.25 W
2026/09/23 13:43:52.562, 0, 97 %, 24 %, 13047 MiB, 129.53 W
2026/09/23 13:43:52.564, 1, 100 %, 26 %, 13049 MiB, 120.68 W
2026/09/23 13:43:52.565, 2, 97 %, 33 %, 13045 MiB, 120.27 W
2026/09/23 13:43:52.566, 3, 98 %, 34 %, 13043 MiB, 128.57 W
2026/09/23 13:43:53.569, 0, 94 %, 33 %, 13047 MiB, 143.73 W
2026/09/23 13:43:53.570, 1, 94 %, 33 %, 13049 MiB, 133.92 W
2026/09/23 13:43:53.571, 2, 99 %, 28 %, 13045 MiB, 131.73 W
2026/09/23 13:43:53.572, 3, 97 %, 32 %, 13043 MiB, 144.21 W
2026/09/23 13:43:54.574, 0, 97 %, 26 %, 15163 MiB, 121.40 W
2026/09/23 13:43:54.576, 1, 96 %, 25 %, 15169 MiB, 116.42 W
2026/09/23 13:43:54.577, 2, 98 %, 32 %, 15159 MiB, 116.96 W
2026/09/23 13:43:54.578, 3, 98 %, 29 %, 15155 MiB, 125.27 W
2026/09/23 13:43:55.580, 0, 97 %, 34 %, 13047 MiB, 144.21 W
2026/09/23 13:43:55.581, 1, 94 %, 33 %, 13049 MiB, 134.40 W
2026/09/23 13:43:55.582, 2, 98 %, 29 %, 13045 MiB, 132.69 W
2026/09/23 13:43:55.583, 3, 98 %, 31 %, 13043 MiB, 142.77 W
2026/09/23 13:43:56.585, 0, 96 %, 27 %, 13047 MiB, 122.85 W
2026/09/23 13:43:56.587, 1, 96 %, 26 %, 13049 MiB, 115.38 W
2026/09/23 13:43:56.588, 2, 97 %, 31 %, 13045 MiB, 116.47 W
2026/09/23 13:43:56.589, 3, 98 %, 30 %, 13043 MiB, 125.67 W
2026/09/23 13:43:57.591, 0, 97 %, 32 %, 13047 MiB, 145.66 W
2026/09/23 13:43:57.592, 1, 98 %, 33 %, 13049 MiB, 133.92 W
2026/09/23 13:43:57.593, 2, 96 %, 30 %, 13045 MiB, 132.21 W
2026/09/23 13:43:57.594, 3, 99 %, 30 %, 13043 MiB, 142.77 W
2026/09/23 13:43:58.596, 0, 97 %, 28 %, 13047 MiB, 139.97 W
2026/09/23 13:43:58.597, 1, 96 %, 27 %, 13049 MiB, 131.60 W
2026/09/23 13:43:58.598, 2, 98 %, 30 %, 13045 MiB, 129.31 W
2026/09/23 13:43:58.599, 3, 98 %, 32 %, 13043 MiB, 139.40 W
2026/09/23 13:43:59.601, 0, 97 %, 31 %, 13047 MiB, 142.38 W
2026/09/23 13:43:59.604, 1, 97 %, 32 %, 13049 MiB, 133.43 W
2026/09/23 13:43:59.605, 2, 97 %, 31 %, 13045 MiB, 131.73 W
2026/09/23 13:43:59.606, 3, 100 %, 29 %, 13043 MiB, 142.29 W
2026/09/23 13:44:00.608, 0, 95 %, 29 %, 13047 MiB, 143.73 W
2026/09/23 13:44:00.610, 1, 95 %, 28 %, 13049 MiB, 134.88 W
2026/09/23 13:44:00.611, 2, 100 %, 29 %, 13045 MiB, 132.21 W
2026/09/23 13:44:00.612, 3, 96 %, 33 %, 13043 MiB, 141.80 W
2026/09/23 13:44:01.614, 0, 97 %, 30 %, 13047 MiB, 143.35 W
2026/09/23 13:44:01.615, 1, 98 %, 31 %, 13049 MiB, 133.43 W
2026/09/23 13:44:01.616, 2, 96 %, 33 %, 13045 MiB, 131.73 W
2026/09/23 13:44:01.617, 3, 100 %, 27 %, 13043 MiB, 141.32 W
2026/09/23 13:44:02.619, 0, 95 %, 30 %, 13047 MiB, 144.21 W
2026/09/23 13:44:02.620, 1, 94 %, 29 %, 13049 MiB, 134.40 W
2026/09/23 13:44:02.621, 2, 100 %, 27 %, 13045 MiB, 132.21 W
2026/09/23 13:44:02.622, 3, 97 %, 34 %, 13043 MiB, 144.70 W
2026/09/23 13:44:03.625, 0, 98 %, 29 %, 13047 MiB, 127.60 W
2026/09/23 13:44:03.626, 1, 98 %, 30 %, 13049 MiB, 117.31 W
2026/09/23 13:44:03.627, 2, 97 %, 34 %, 13045 MiB, 122.21 W
2026/09/23 13:44:03.628, 3, 100 %, 26 %, 13043 MiB, 132.43 W
2026/09/23 13:44:04.630, 0, 94 %, 31 %, 13047 MiB, 143.73 W
2026/09/23 13:44:04.631, 1, 94 %, 31 %, 13049 MiB, 134.88 W
2026/09/23 13:44:04.633, 2, 97 %, 34 %, 13045 MiB, 132.69 W
2026/09/23 13:44:04.634, 3, 97 %, 34 %, 13043 MiB, 143.73 W
2026/09/23 13:44:05.636, 0, 41 %, 1 %, 13047 MiB, 81.62 W
2026/09/23 13:44:05.637, 1, 41 %, 1 %, 13049 MiB, 75.22 W
2026/09/23 13:44:05.638, 2, 36 %, 1 %, 13045 MiB, 75.51 W
2026/09/23 13:44:05.639, 3, 36 %, 1 %, 13043 MiB, 79.68 W
2026/09/23 13:44:06.642, 0, 41 %, 1 %, 13047 MiB, 81.14 W
2026/09/23 13:44:06.643, 1, 44 %, 1 %, 13049 MiB, 74.73 W
2026/09/23 13:44:06.644, 2, 36 %, 1 %, 13045 MiB, 75.51 W
2026/09/23 13:44:06.645, 3, 36 %, 1 %, 13043 MiB, 79.63 W
2026/09/23 13:44:07.647, 0, 97 %, 25 %, 13047 MiB, 117.54 W
2026/09/23 13:44:07.648, 1, 96 %, 24 %, 13049 MiB, 114.08 W
2026/09/23 13:44:07.649, 2, 96 %, 30 %, 13045 MiB, 113.56 W
2026/09/23 13:44:07.650, 3, 99 %, 29 %, 13043 MiB, 122.29 W
2026/09/23 13:44:08.653, 0, 95 %, 34 %, 13047 MiB, 145.18 W
2026/09/23 13:44:08.655, 1, 94 %, 33 %, 13049 MiB, 133.92 W
2026/09/23 13:44:08.656, 2, 97 %, 30 %, 13045 MiB, 131.73 W
2026/09/23 13:44:08.657, 3, 98 %, 31 %, 13043 MiB, 142.29 W
2026/09/23 13:44:09.659, 0, 97 %, 26 %, 13047 MiB, 139.49 W
2026/09/23 13:44:09.660, 1, 96 %, 26 %, 13049 MiB, 131.12 W
2026/09/23 13:44:09.661, 2, 96 %, 31 %, 13045 MiB, 128.82 W
2026/09/23 13:44:09.663, 3, 98 %, 30 %, 13043 MiB, 139.40 W
2026/09/23 13:44:10.667, 0, 98 %, 33 %, 13047 MiB, 141.90 W
2026/09/23 13:44:10.668, 1, 97 %, 34 %, 13049 MiB, 132.47 W
2026/09/23 13:44:10.669, 2, 100 %, 29 %, 13045 MiB, 130.76 W
2026/09/23 13:44:10.670, 3, 98 %, 30 %, 13043 MiB, 142.29 W
2026/09/23 13:44:11.672, 0, 97 %, 28 %, 13047 MiB, 143.73 W
2026/09/23 13:44:11.673, 1, 96 %, 27 %, 13049 MiB, 134.40 W
2026/09/23 13:44:11.674, 2, 96 %, 32 %, 13045 MiB, 132.21 W
2026/09/23 13:44:11.675, 3, 98 %, 31 %, 13043 MiB, 141.80 W
2026/09/23 13:44:12.678, 0, 98 %, 32 %, 13047 MiB, 143.35 W
2026/09/23 13:44:12.679, 1, 98 %, 32 %, 13049 MiB, 133.43 W
2026/09/23 13:44:12.680, 2, 100 %, 28 %, 13045 MiB, 130.76 W
2026/09/23 13:44:12.682, 3, 100 %, 29 %, 13043 MiB, 141.80 W
2026/09/23 13:44:13.684, 0, 96 %, 28 %, 13047 MiB, 143.73 W
2026/09/23 13:44:13.685, 1, 96 %, 28 %, 13049 MiB, 134.40 W
2026/09/23 13:44:13.686, 2, 96 %, 34 %, 13045 MiB, 131.73 W
2026/09/23 13:44:13.687, 3, 97 %, 33 %, 13043 MiB, 144.21 W
2026/09/23 13:44:14.690, 0, 98 %, 31 %, 13047 MiB, 127.12 W
2026/09/23 13:44:14.691, 1, 97 %, 31 %, 13049 MiB, 117.86 W
2026/09/23 13:44:14.692, 2, 100 %, 26 %, 13045 MiB, 121.73 W
2026/09/23 13:44:14.693, 3, 100 %, 28 %, 13043 MiB, 131.38 W
2026/09/23 13:44:15.695, 0, 94 %, 29 %, 13047 MiB, 143.25 W
2026/09/23 13:44:15.696, 1, 93 %, 29 %, 13049 MiB, 134.88 W
2026/09/23 13:44:15.697, 2, 97 %, 34 %, 13045 MiB, 132.69 W
2026/09/23 13:44:15.698, 3, 97 %, 34 %, 13043 MiB, 143.25 W
2026/09/23 13:44:16.701, 0, 98 %, 30 %, 13047 MiB, 130.01 W
2026/09/23 13:44:16.702, 1, 97 %, 30 %, 13049 MiB, 120.68 W
2026/09/23 13:44:16.703, 2, 99 %, 25 %, 13045 MiB, 120.76 W
2026/09/23 13:44:16.704, 3, 100 %, 27 %, 13043 MiB, 129.05 W
2026/09/23 13:44:17.706, 0, 94 %, 31 %, 13047 MiB, 144.70 W
2026/09/23 13:44:17.707, 1, 94 %, 30 %, 13049 MiB, 134.40 W
2026/09/23 13:44:17.708, 2, 97 %, 34 %, 13045 MiB, 132.21 W
2026/09/23 13:44:17.709, 3, 98 %, 34 %, 13043 MiB, 142.29 W
2026/09/23 13:44:18.711, 0, 100 %, 28 %, 13047 MiB, 129.05 W
2026/09/23 13:44:18.713, 1, 100 %, 29 %, 13049 MiB, 120.68 W
2026/09/23 13:44:18.714, 2, 99 %, 26 %, 13045 MiB, 120.76 W
2026/09/23 13:44:18.716, 3, 99 %, 25 %, 13043 MiB, 127.60 W
2026/09/23 13:44:19.718, 0, 95 %, 34 %, 13047 MiB, 143.73 W
2026/09/23 13:44:19.719, 1, 94 %, 32 %, 13049 MiB, 134.40 W
2026/09/23 13:44:19.720, 2, 98 %, 34 %, 13045 MiB, 132.21 W
2026/09/23 13:44:19.721, 3, 96 %, 34 %, 13043 MiB, 143.73 W
2026/09/23 13:44:20.723, 0, 97 %, 25 %, 15163 MiB, 131.46 W
2026/09/23 13:44:20.724, 1, 100 %, 28 %, 15169 MiB, 114.49 W
2026/09/23 13:44:20.728, 2, 99 %, 27 %, 13045 MiB, 111.70 W
2026/09/23 13:44:20.729, 3, 99 %, 26 %, 13043 MiB, 118.10 W
2026/09/23 13:44:21.731, 0, 98 %, 34 %, 13047 MiB, 144.21 W
2026/09/23 13:44:21.732, 1, 93 %, 33 %, 13049 MiB, 134.88 W
2026/09/23 13:44:21.733, 2, 97 %, 33 %, 13045 MiB, 132.69 W
2026/09/23 13:44:21.735, 3, 98 %, 34 %, 13043 MiB, 143.25 W
2026/09/23 13:44:22.737, 0, 97 %, 28 %, 13047 MiB, 131.95 W
2026/09/23 13:44:22.738, 1, 100 %, 27 %, 13049 MiB, 123.97 W
2026/09/23 13:44:22.739, 2, 99 %, 28 %, 13045 MiB, 123.10 W
2026/09/23 13:44:22.740, 3, 99 %, 27 %, 13043 MiB, 133.31 W
2026/09/23 13:44:23.742, 0, 97 %, 30 %, 13047 MiB, 143.73 W
2026/09/23 13:44:23.743, 1, 93 %, 33 %, 13049 MiB, 133.43 W
2026/09/23 13:44:23.744, 2, 98 %, 31 %, 13045 MiB, 131.24 W
2026/09/23 13:44:23.745, 3, 98 %, 33 %, 13043 MiB, 143.25 W
2026/09/23 13:44:24.748, 0, 94 %, 30 %, 13047 MiB, 141.90 W
2026/09/23 13:44:24.750, 1, 97 %, 25 %, 13049 MiB, 132.95 W
2026/09/23 13:44:24.751, 2, 98 %, 30 %, 13045 MiB, 130.76 W
2026/09/23 13:44:24.752, 3, 99 %, 28 %, 13043 MiB, 140.36 W
2026/09/23 13:44:25.754, 0, 99 %, 29 %, 13047 MiB, 141.80 W
2026/09/23 13:44:25.756, 1, 93 %, 33 %, 13049 MiB, 132.95 W
2026/09/23 13:44:25.758, 2, 97 %, 30 %, 13045 MiB, 131.24 W
2026/09/23 13:44:25.759, 3, 98 %, 32 %, 13043 MiB, 142.29 W
2026/09/23 13:44:26.761, 0, 95 %, 32 %, 13047 MiB, 144.21 W
2026/09/23 13:44:26.762, 1, 96 %, 25 %, 13049 MiB, 134.88 W
2026/09/23 13:44:26.763, 2, 96 %, 30 %, 13045 MiB, 132.21 W
2026/09/23 13:44:26.764, 3, 98 %, 29 %, 13043 MiB, 142.29 W
2026/09/23 13:44:27.766, 0, 100 %, 28 %, 13047 MiB, 143.73 W
2026/09/23 13:44:27.767, 1, 95 %, 34 %, 13049 MiB, 133.43 W
2026/09/23 13:44:27.768, 2, 99 %, 29 %, 13045 MiB, 131.24 W
2026/09/23 13:44:27.769, 3, 98 %, 31 %, 13043 MiB, 141.32 W
2026/09/23 13:44:28.772, 0, 95 %, 33 %, 13047 MiB, 143.73 W
2026/09/23 13:44:28.773, 1, 96 %, 26 %, 13049 MiB, 134.40 W
2026/09/23 13:44:28.774, 2, 96 %, 31 %, 13045 MiB, 132.21 W
2026/09/23 13:44:28.775, 3, 98 %, 30 %, 13043 MiB, 144.70 W
2026/09/23 13:44:29.777, 0, 100 %, 27 %, 13047 MiB, 128.08 W
2026/09/23 13:44:29.778, 1, 97 %, 33 %, 13049 MiB, 117.79 W
2026/09/23 13:44:29.779, 2, 100 %, 29 %, 13045 MiB, 121.73 W
2026/09/23 13:44:29.781, 3, 99 %, 30 %, 13043 MiB, 131.46 W
2026/09/23 13:44:30.784, 0, 94 %, 34 %, 13047 MiB, 143.73 W
2026/09/23 13:44:30.786, 1, 96 %, 27 %, 13049 MiB, 135.36 W
2026/09/23 13:44:30.787, 2, 96 %, 33 %, 13045 MiB, 132.69 W
2026/09/23 13:44:30.788, 3, 97 %, 32 %, 13043 MiB, 143.73 W
2026/09/23 13:44:31.790, 0, 100 %, 26 %, 13047 MiB, 130.01 W
2026/09/23 13:44:31.791, 1, 98 %, 32 %, 13049 MiB, 120.68 W
2026/09/23 13:44:31.792, 2, 100 %, 27 %, 13045 MiB, 120.76 W
2026/09/23 13:44:31.793, 3, 100 %, 29 %, 13043 MiB, 128.96 W
2026/09/23 13:44:32.796, 0, 95 %, 34 %, 13047 MiB, 145.18 W
2026/09/23 13:44:32.797, 1, 96 %, 28 %, 13049 MiB, 134.40 W
2026/09/23 13:44:32.798, 2, 96 %, 34 %, 13045 MiB, 132.69 W
2026/09/23 13:44:32.799, 3, 98 %, 33 %, 13043 MiB, 142.77 W
2026/09/23 13:44:33.801, 0, 97 %, 25 %, 13047 MiB, 129.53 W
2026/09/23 13:44:33.802, 1, 98 %, 31 %, 13049 MiB, 121.16 W
2026/09/23 13:44:33.803, 2, 100 %, 26 %, 13045 MiB, 120.76 W
2026/09/23 13:44:33.804, 3, 100 %, 28 %, 13043 MiB, 128.08 W
2026/09/23 13:44:34.806, 0, 94 %, 34 %, 13047 MiB, 143.73 W
2026/09/23 13:44:34.807, 1, 94 %, 29 %, 13049 MiB, 134.40 W
2026/09/23 13:44:34.808, 2, 96 %, 34 %, 13045 MiB, 132.69 W
2026/09/23 13:44:34.810, 3, 97 %, 34 %, 13043 MiB, 143.73 W
2026/09/23 13:44:35.812, 0, 41 %, 1 %, 13047 MiB, 81.62 W
2026/09/23 13:44:35.813, 1, 63 %, 8 %, 13049 MiB, 75.26 W
2026/09/23 13:44:35.814, 2, 38 %, 1 %, 13045 MiB, 76.00 W
2026/09/23 13:44:35.817, 3, 44 %, 2 %, 13043 MiB, 79.68 W
2026/09/23 13:44:36.819, 0, 41 %, 1 %, 13047 MiB, 81.08 W
2026/09/23 13:44:36.820, 1, 41 %, 1 %, 13049 MiB, 75.22 W
2026/09/23 13:44:36.822, 2, 36 %, 1 %, 13045 MiB, 75.51 W
2026/09/23 13:44:36.823, 3, 36 %, 1 %, 13043 MiB, 79.63 W
2026/09/23 13:44:37.826, 0, 0 %, 0 %, 13047 MiB, 139.88 W
2026/09/23 13:44:37.827, 1, 0 %, 0 %, 13049 MiB, 131.90 W
2026/09/23 13:44:37.828, 2, 37 %, 1 %, 13045 MiB, 131.64 W
2026/09/23 13:44:37.829, 3, 37 %, 1 %, 13043 MiB, 142.19 W
2026/09/23 13:44:38.831, 0, 97 %, 31 %, 13047 MiB, 142.38 W
2026/09/23 13:44:38.832, 1, 94 %, 34 %, 13049 MiB, 133.43 W
2026/09/23 13:44:38.833, 2, 97 %, 32 %, 13045 MiB, 131.24 W
2026/09/23 13:44:38.834, 3, 98 %, 33 %, 13043 MiB, 141.80 W
2026/09/23 13:44:39.836, 0, 95 %, 30 %, 13047 MiB, 145.18 W
2026/09/23 13:44:39.838, 1, 98 %, 25 %, 13049 MiB, 134.40 W
2026/09/23 13:44:39.839, 2, 97 %, 30 %, 13045 MiB, 132.21 W
2026/09/23 13:44:39.840, 3, 99 %, 29 %, 13043 MiB, 143.73 W
2026/09/23 13:44:40.842, 0, 99 %, 30 %, 13047 MiB, 123.74 W
2026/09/23 13:44:40.844, 1, 94 %, 33 %, 13049 MiB, 112.56 W
2026/09/23 13:44:40.845, 2, 97 %, 30 %, 13045 MiB, 122.69 W
2026/09/23 13:44:40.846, 3, 98 %, 32 %, 13043 MiB, 133.40 W
2026/09/23 13:44:41.849, 0, 95 %, 31 %, 13047 MiB, 143.25 W
2026/09/23 13:44:41.850, 1, 96 %, 25 %, 13049 MiB, 134.88 W
2026/09/23 13:44:41.851, 2, 96 %, 33 %, 13045 MiB, 132.69 W
2026/09/23 13:44:41.852, 3, 98 %, 29 %, 13043 MiB, 143.73 W
2026/09/23 13:44:42.854, 0, 100 %, 29 %, 13047 MiB, 129.05 W
2026/09/23 13:44:42.855, 1, 94 %, 34 %, 13049 MiB, 119.23 W
2026/09/23 13:44:42.856, 2, 99 %, 25 %, 13045 MiB, 121.24 W
2026/09/23 13:44:42.858, 3, 98 %, 31 %, 13043 MiB, 129.45 W
2026/09/23 13:44:43.860, 0, 94 %, 32 %, 13047 MiB, 143.73 W
2026/09/23 13:44:43.861, 1, 96 %, 26 %, 13049 MiB, 134.88 W
2026/09/23 13:44:43.862, 2, 99 %, 25 %, 13045 MiB, 132.69 W
2026/09/23 13:44:43.863, 3, 97 %, 31 %, 13043 MiB, 143.25 W
2026/09/23 13:44:44.865, 0, 100 %, 28 %, 13047 MiB, 129.53 W
2026/09/23 13:44:44.866, 1, 97 %, 33 %, 13049 MiB, 120.68 W
2026/09/23 13:44:44.867, 2, 98 %, 34 %, 13045 MiB, 120.27 W
2026/09/23 13:44:44.869, 3, 100 %, 29 %, 13043 MiB, 128.57 W
2026/09/23 13:44:45.871, 0, 95 %, 33 %, 13047 MiB, 143.25 W
2026/09/23 13:44:45.874, 1, 96 %, 27 %, 13049 MiB, 133.92 W
2026/09/23 13:44:45.875, 2, 99 %, 27 %, 13045 MiB, 131.64 W
2026/09/23 13:44:45.876, 3, 97 %, 34 %, 13043 MiB, 143.64 W
2026/09/23 13:44:46.883, 0, 100 %, 27 %, 15163 MiB, 124.22 W
2026/09/23 13:44:46.884, 1, 97 %, 31 %, 15169 MiB, 119.23 W
2026/09/23 13:44:46.885, 2, 97 %, 33 %, 15159 MiB, 119.79 W
2026/09/23 13:44:46.886, 3, 99 %, 26 %, 15155 MiB, 127.12 W
2026/09/23 13:44:47.888, 0, 94 %, 34 %, 13047 MiB, 144.21 W
2026/09/23 13:44:47.889, 1, 94 %, 30 %, 13049 MiB, 134.88 W
2026/09/23 13:44:47.890, 2, 99 %, 28 %, 13045 MiB, 132.69 W
2026/09/23 13:44:47.891, 3, 98 %, 33 %, 13043 MiB, 143.25 W
2026/09/23 13:44:48.894, 0, 98 %, 25 %, 13047 MiB, 122.37 W
2026/09/23 13:44:48.895, 1, 100 %, 28 %, 13049 MiB, 115.38 W
2026/09/23 13:44:48.896, 2, 98 %, 32 %, 13045 MiB, 116.88 W
2026/09/23 13:44:48.897, 3, 99 %, 28 %, 13043 MiB, 125.19 W
2026/09/23 13:44:49.899, 0, 95 %, 34 %, 13047 MiB, 144.70 W
2026/09/23 13:44:49.900, 1, 93 %, 33 %, 13049 MiB, 134.40 W
2026/09/23 13:44:49.901, 2, 98 %, 29 %, 13045 MiB, 132.21 W
2026/09/23 13:44:49.902, 3, 98 %, 32 %, 13043 MiB, 142.77 W
2026/09/23 13:44:50.905, 0, 97 %, 25 %, 13047 MiB, 139.01 W
2026/09/23 13:44:50.906, 1, 96 %, 25 %, 13049 MiB, 130.63 W
2026/09/23 13:44:50.907, 2, 96 %, 31 %, 13045 MiB, 128.34 W
2026/09/23 13:44:50.908, 3, 99 %, 29 %, 13043 MiB, 138.04 W
2026/09/23 13:44:51.910, 0, 94 %, 34 %, 13047 MiB, 142.86 W
2026/09/23 13:44:51.911, 1, 98 %, 34 %, 13049 MiB, 132.95 W
2026/09/23 13:44:51.912, 2, 100 %, 29 %, 13045 MiB, 131.24 W
2026/09/23 13:44:51.913, 3, 98 %, 31 %, 13043 MiB, 143.25 W
2026/09/23 13:44:52.916, 0, 97 %, 26 %, 13047 MiB, 142.77 W
2026/09/23 13:44:52.917, 1, 96 %, 27 %, 13049 MiB, 134.40 W
2026/09/23 13:44:52.918, 2, 96 %, 33 %, 13045 MiB, 131.73 W
2026/09/23 13:44:52.919, 3, 98 %, 30 %, 13043 MiB, 141.32 W
2026/09/23 13:44:53.921, 0, 98 %, 34 %, 13047 MiB, 142.38 W
2026/09/23 13:44:53.922, 1, 98 %, 33 %, 13049 MiB, 133.43 W
2026/09/23 13:44:53.923, 2, 100 %, 28 %, 13045 MiB, 131.24 W
2026/09/23 13:44:53.924, 3, 98 %, 30 %, 13043 MiB, 141.80 W
2026/09/23 13:44:54.926, 0, 97 %, 27 %, 13047 MiB, 145.18 W
2026/09/23 13:44:54.927, 1, 96 %, 27 %, 13049 MiB, 134.88 W
2026/09/23 13:44:54.928, 2, 97 %, 34 %, 13045 MiB, 132.21 W
2026/09/23 13:44:54.929, 3, 97 %, 31 %, 13043 MiB, 143.25 W
2026/09/23 13:44:55.933, 0, 98 %, 33 %, 13047 MiB, 128.57 W
2026/09/23 13:44:55.935, 1, 98 %, 32 %, 13049 MiB, 112.07 W
2026/09/23 13:44:55.936, 2, 100 %, 27 %, 13045 MiB, 124.71 W
2026/09/23 13:44:55.937, 3, 99 %, 29 %, 13043 MiB, 130.10 W
2026/09/23 13:44:56.939, 0, 97 %, 28 %, 13047 MiB, 143.73 W
2026/09/23 13:44:56.940, 1, 95 %, 28 %, 13049 MiB, 134.40 W
2026/09/23 13:44:56.941, 2, 97 %, 34 %, 13045 MiB, 132.21 W
2026/09/23 13:44:56.942, 3, 98 %, 32 %, 13043 MiB, 144.21 W
2026/09/23 13:44:57.944, 0, 98 %, 32 %, 13047 MiB, 127.60 W
2026/09/23 13:44:57.945, 1, 98 %, 31 %, 13049 MiB, 117.31 W
2026/09/23 13:44:57.946, 2, 100 %, 26 %, 13045 MiB, 121.73 W
2026/09/23 13:44:57.947, 3, 100 %, 29 %, 13043 MiB, 131.38 W
2026/09/23 13:44:58.950, 0, 95 %, 28 %, 13047 MiB, 143.25 W
2026/09/23 13:44:58.951, 1, 93 %, 29 %, 13049 MiB, 134.88 W
2026/09/23 13:44:58.952, 2, 96 %, 34 %, 13045 MiB, 132.69 W
2026/09/23 13:44:58.953, 3, 98 %, 33 %, 13043 MiB, 143.73 W
2026/09/23 13:44:59.955, 0, 98 %, 31 %, 13047 MiB, 129.53 W
2026/09/23 13:44:59.956, 1, 98 %, 30 %, 13049 MiB, 120.20 W
2026/09/23 13:44:59.957, 2, 99 %, 25 %, 13045 MiB, 121.24 W
2026/09/23 13:44:59.958, 3, 100 %, 28 %, 13043 MiB, 129.45 W
2026/09/23 13:45:00.961, 0, 95 %, 30 %, 13047 MiB, 144.70 W
2026/09/23 13:45:00.962, 1, 93 %, 30 %, 13049 MiB, 134.88 W
2026/09/23 13:45:00.963, 2, 95 %, 34 %, 13045 MiB, 132.69 W
2026/09/23 13:45:00.964, 3, 97 %, 34 %, 13043 MiB, 143.25 W
2026/09/23 13:45:01.966, 0, 98 %, 30 %, 13047 MiB, 129.53 W
2026/09/23 13:45:01.967, 1, 98 %, 29 %, 13049 MiB, 121.16 W
2026/09/23 13:45:01.968, 2, 99 %, 26 %, 13045 MiB, 120.76 W
2026/09/23 13:45:01.969, 3, 100 %, 27 %, 13043 MiB, 128.57 W
2026/09/23 13:45:02.972, 0, 94 %, 30 %, 13047 MiB, 143.73 W
2026/09/23 13:45:02.973, 1, 94 %, 31 %, 13049 MiB, 134.40 W
2026/09/23 13:45:02.974, 2, 98 %, 34 %, 13045 MiB, 132.21 W
2026/09/23 13:45:02.976, 3, 97 %, 34 %, 13043 MiB, 144.21 W
2026/09/23 13:45:03.978, 0, 98 %, 30 %, 13047 MiB, 129.53 W
2026/09/23 13:45:03.980, 1, 100 %, 29 %, 15169 MiB, 120.68 W
2026/09/23 13:45:03.982, 2, 99 %, 27 %, 15159 MiB, 113.08 W
2026/09/23 13:45:03.983, 3, 100 %, 26 %, 15155 MiB, 117.13 W
2026/09/23 13:45:04.985, 0, 95 %, 31 %, 13047 MiB, 144.21 W
2026/09/23 13:45:04.987, 1, 93 %, 32 %, 13049 MiB, 134.88 W
2026/09/23 13:45:04.988, 2, 98 %, 33 %, 13045 MiB, 132.69 W
2026/09/23 13:45:04.989, 3, 98 %, 34 %, 13043 MiB, 143.73 W
2026/09/23 13:45:05.991, 0, 100 %, 29 %, 13047 MiB, 120.44 W
2026/09/23 13:45:05.992, 1, 100 %, 28 %, 13049 MiB, 112.15 W
2026/09/23 13:45:05.993, 2, 99 %, 28 %, 13045 MiB, 116.40 W
2026/09/23 13:45:05.994, 3, 99 %, 25 %, 13043 MiB, 112.37 W
2026/09/23 13:45:06.996, 0, 41 %, 1 %, 13047 MiB, 81.62 W
2026/09/23 13:45:06.997, 1, 41 %, 1 %, 13049 MiB, 75.22 W
2026/09/23 13:45:07.000, 2, 37 %, 1 %, 13045 MiB, 76.00 W
2026/09/23 13:45:07.001, 3, 37 %, 1 %, 13043 MiB, 79.63 W
2026/09/23 13:45:08.003, 0, 41 %, 1 %, 13047 MiB, 81.14 W
2026/09/23 13:45:08.004, 1, 41 %, 1 %, 13049 MiB, 74.73 W
2026/09/23 13:45:08.005, 2, 36 %, 1 %, 13045 MiB, 75.51 W
2026/09/23 13:45:08.007, 3, 36 %, 1 %, 13043 MiB, 79.68 W
2026/09/23 13:45:09.009, 0, 95 %, 34 %, 13047 MiB, 142.29 W
2026/09/23 13:45:09.010, 1, 94 %, 33 %, 13049 MiB, 133.43 W
2026/09/23 13:45:09.011, 2, 98 %, 29 %, 13045 MiB, 131.24 W
2026/09/23 13:45:09.012, 3, 98 %, 32 %, 13043 MiB, 141.80 W
2026/09/23 13:45:10.014, 0, 97 %, 25 %, 13047 MiB, 145.18 W
2026/09/23 13:45:10.015, 1, 96 %, 26 %, 13049 MiB, 134.40 W
2026/09/23 13:45:10.016, 2, 96 %, 32 %, 13045 MiB, 132.21 W
2026/09/23 13:45:10.017, 3, 98 %, 29 %, 13043 MiB, 143.73 W
2026/09/23 13:45:11.019, 0, 94 %, 33 %, 13047 MiB, 122.37 W
2026/09/23 13:45:11.021, 1, 97 %, 34 %, 13049 MiB, 105.94 W
2026/09/23 13:45:11.022, 2, 100 %, 29 %, 13045 MiB, 114.61 W
2026/09/23 13:45:11.023, 3, 98 %, 31 %, 13043 MiB, 121.48 W
2026/09/23 13:45:12.025, 0, 97 %, 25 %, 13047 MiB, 143.25 W
2026/09/23 13:45:12.027, 1, 96 %, 26 %, 13049 MiB, 134.40 W
2026/09/23 13:45:12.028, 2, 96 %, 32 %, 13045 MiB, 132.21 W
2026/09/23 13:45:12.029, 3, 98 %, 30 %, 13043 MiB, 144.21 W
2026/09/23 13:45:13.031, 0, 95 %, 34 %, 13047 MiB, 128.08 W
2026/09/23 13:45:13.032, 1, 98 %, 33 %, 13049 MiB, 117.31 W
2026/09/23 13:45:13.033, 2, 100 %, 28 %, 13045 MiB, 121.73 W
2026/09/23 13:45:13.035, 3, 98 %, 30 %, 13043 MiB, 130.89 W
2026/09/23 13:45:14.037, 0, 97 %, 26 %, 13047 MiB, 143.25 W
2026/09/23 13:45:14.038, 1, 96 %, 27 %, 13049 MiB, 134.88 W
2026/09/23 13:45:14.039, 2, 96 %, 33 %, 13045 MiB, 132.21 W
2026/09/23 13:45:14.040, 3, 97 %, 31 %, 13043 MiB, 143.25 W
2026/09/23 13:45:15.043, 0, 98 %, 34 %, 13047 MiB, 129.53 W
2026/09/23 13:45:15.044, 1, 98 %, 32 %, 13049 MiB, 120.20 W
2026/09/23 13:45:15.045, 2, 100 %, 27 %, 13045 MiB, 120.76 W
2026/09/23 13:45:15.046, 3, 99 %, 30 %, 13043 MiB, 128.48 W
2026/09/23 13:45:16.048, 0, 97 %, 27 %, 13047 MiB, 144.70 W
2026/09/23 13:45:16.049, 1, 96 %, 28 %, 13049 MiB, 134.88 W
2026/09/23 13:45:16.051, 2, 96 %, 34 %, 13045 MiB, 132.60 W
2026/09/23 13:45:16.052, 3, 96 %, 31 %, 13043 MiB, 142.77 W
2026/09/23 13:45:17.054, 0, 98 %, 33 %, 13047 MiB, 129.05 W
2026/09/23 13:45:17.060, 1, 97 %, 31 %, 13049 MiB, 120.68 W
2026/09/23 13:45:17.063, 2, 100 %, 26 %, 13045 MiB, 120.27 W
2026/09/23 13:45:17.064, 3, 100 %, 29 %, 13043 MiB, 128.08 W
2026/09/23 13:45:18.067, 0, 97 %, 26 %, 13047 MiB, 144.21 W
2026/09/23 13:45:18.068, 1, 96 %, 27 %, 13049 MiB, 134.88 W
2026/09/23 13:45:18.069, 2, 96 %, 33 %, 13045 MiB, 132.69 W
2026/09/23 13:45:18.070, 3, 98 %, 30 %, 13043 MiB, 142.77 W
2026/09/23 13:45:19.072, 0, 98 %, 34 %, 13047 MiB, 129.53 W
2026/09/23 13:45:19.073, 1, 98 %, 32 %, 13049 MiB, 121.16 W
2026/09/23 13:45:19.074, 2, 100 %, 27 %, 13045 MiB, 120.76 W
2026/09/23 13:45:19.075, 3, 99 %, 30 %, 13043 MiB, 128.08 W
2026/09/23 13:45:20.078, 0, 97 %, 27 %, 13047 MiB, 143.73 W
2026/09/23 13:45:20.079, 1, 96 %, 28 %, 13049 MiB, 133.92 W
2026/09/23 13:45:20.080, 2, 96 %, 34 %, 13045 MiB, 132.21 W
2026/09/23 13:45:20.081, 3, 97 %, 32 %, 13043 MiB, 143.73 W
2026/09/23 13:45:21.084, 0, 97 %, 33 %, 13047 MiB, 129.53 W
2026/09/23 13:45:21.085, 1, 97 %, 31 %, 15169 MiB, 116.01 W
2026/09/23 13:45:21.088, 2, 100 %, 26 %, 15159 MiB, 112.67 W
2026/09/23 13:45:21.089, 3, 100 %, 29 %, 15155 MiB, 118.99 W
2026/09/23 13:45:22.092, 0, 97 %, 28 %, 13047 MiB, 144.21 W
2026/09/23 13:45:22.093, 1, 95 %, 29 %, 13049 MiB, 134.40 W
2026/09/23 13:45:22.094, 2, 96 %, 34 %, 13045 MiB, 132.69 W
2026/09/23 13:45:22.095, 3, 97 %, 32 %, 13043 MiB, 143.25 W
2026/09/23 13:45:23.097, 0, 98 %, 32 %, 13047 MiB, 123.42 W
2026/09/23 13:45:23.098, 1, 98 %, 31 %, 13049 MiB, 111.67 W
2026/09/23 13:45:23.099, 2, 99 %, 25 %, 13045 MiB, 110.24 W
2026/09/23 13:45:23.100, 3, 100 %, 28 %, 13043 MiB, 112.86 W
2026/09/23 13:45:24.102, 0, 96 %, 28 %, 13047 MiB, 144.21 W
2026/09/23 13:45:24.103, 1, 93 %, 29 %, 13049 MiB, 134.88 W
2026/09/23 13:45:24.104, 2, 97 %, 34 %, 13045 MiB, 132.69 W
2026/09/23 13:45:24.106, 3, 96 %, 33 %, 13043 MiB, 143.25 W
2026/09/23 13:45:25.108, 0, 97 %, 31 %, 13047 MiB, 130.01 W
2026/09/23 13:45:25.109, 1, 98 %, 30 %, 13049 MiB, 123.57 W
2026/09/23 13:45:25.110, 2, 99 %, 25 %, 13045 MiB, 121.73 W
2026/09/23 13:45:25.111, 3, 100 %, 28 %, 13043 MiB, 132.34 W
2026/09/23 13:45:26.113, 0, 95 %, 29 %, 13047 MiB, 145.18 W
2026/09/23 13:45:26.115, 1, 93 %, 30 %, 13049 MiB, 133.43 W
2026/09/23 13:45:26.116, 2, 96 %, 34 %, 13045 MiB, 132.21 W
2026/09/23 13:45:26.117, 3, 98 %, 34 %, 13043 MiB, 142.77 W
2026/09/23 13:45:27.119, 0, 99 %, 29 %, 13047 MiB, 139.97 W
2026/09/23 13:45:27.120, 1, 98 %, 29 %, 13049 MiB, 131.12 W
2026/09/23 13:45:27.121, 2, 99 %, 26 %, 13045 MiB, 129.31 W
2026/09/23 13:45:27.122, 3, 100 %, 27 %, 13043 MiB, 138.43 W
2026/09/23 13:45:28.124, 0, 95 %, 33 %, 13047 MiB, 142.77 W
2026/09/23 13:45:28.126, 1, 94 %, 31 %, 13049 MiB, 132.95 W
2026/09/23 13:45:28.127, 2, 97 %, 34 %, 13045 MiB, 131.24 W
2026/09/23 13:45:28.129, 3, 96 %, 34 %, 13043 MiB, 143.25 W
2026/09/23 13:45:29.131, 0, 100 %, 26 %, 13047 MiB, 142.77 W
2026/09/23 13:45:29.132, 1, 100 %, 29 %, 13049 MiB, 134.40 W
2026/09/23 13:45:29.133, 2, 99 %, 27 %, 13045 MiB, 131.64 W
2026/09/23 13:45:29.134, 3, 100 %, 26 %, 13043 MiB, 141.32 W
2026/09/23 13:45:30.136, 0, 94 %, 33 %, 13047 MiB, 142.38 W
2026/09/23 13:45:30.137, 1, 93 %, 32 %, 13049 MiB, 133.43 W
2026/09/23 13:45:30.138, 2, 97 %, 33 %, 13045 MiB, 131.24 W
2026/09/23 13:45:30.139, 3, 97 %, 34 %, 13043 MiB, 142.29 W
2026/09/23 13:45:31.142, 0, 97 %, 26 %, 13047 MiB, 144.21 W
2026/09/23 13:45:31.143, 1, 100 %, 28 %, 13049 MiB, 134.88 W
2026/09/23 13:45:31.144, 2, 99 %, 28 %, 13045 MiB, 132.21 W
2026/09/23 13:45:31.145, 3, 99 %, 26 %, 13043 MiB, 142.29 W
2026/09/23 13:45:32.147, 0, 98 %, 34 %, 13047 MiB, 144.21 W
2026/09/23 13:45:32.148, 1, 93 %, 33 %, 13049 MiB, 133.92 W
2026/09/23 13:45:32.149, 2, 97 %, 32 %, 13045 MiB, 131.73 W
2026/09/23 13:45:32.150, 3, 97 %, 34 %, 13043 MiB, 141.90 W
2026/09/23 13:45:33.153, 0, 97 %, 27 %, 13047 MiB, 144.21 W
2026/09/23 13:45:33.154, 1, 100 %, 27 %, 13049 MiB, 134.40 W
2026/09/23 13:45:33.155, 2, 99 %, 28 %, 13045 MiB, 132.21 W
2026/09/23 13:45:33.156, 3, 99 %, 26 %, 13043 MiB, 143.73 W
2026/09/23 13:45:34.157, 0, 98 %, 33 %, 13047 MiB, 124.79 W
2026/09/23 13:45:34.159, 1, 93 %, 33 %, 13049 MiB, 114.97 W
2026/09/23 13:45:34.160, 2, 98 %, 32 %, 13045 MiB, 122.21 W
2026/09/23 13:45:34.162, 3, 98 %, 34 %, 13043 MiB, 133.79 W
2026/09/23 13:45:35.164, 0, 97 %, 27 %, 13047 MiB, 143.73 W
2026/09/23 13:45:35.165, 1, 100 %, 26 %, 13049 MiB, 134.88 W
2026/09/23 13:45:35.166, 2, 98 %, 29 %, 13045 MiB, 132.69 W
2026/09/23 13:45:35.167, 3, 99 %, 27 %, 13043 MiB, 143.73 W
2026/09/23 13:45:36.170, 0, 97 %, 32 %, 13047 MiB, 129.05 W
2026/09/23 13:45:36.171, 1, 94 %, 33 %, 13049 MiB, 119.23 W
2026/09/23 13:45:36.172, 2, 98 %, 31 %, 13045 MiB, 121.24 W
2026/09/23 13:45:36.174, 3, 98 %, 33 %, 13043 MiB, 130.50 W
2026/09/23 13:45:37.176, 0, 97 %, 28 %, 13047 MiB, 82.11 W
2026/09/23 13:45:37.177, 1, 83 %, 20 %, 13049 MiB, 75.26 W
2026/09/23 13:45:37.178, 2, 96 %, 29 %, 13045 MiB, 76.54 W
2026/09/23 13:45:37.179, 3, 99 %, 28 %, 13043 MiB, 80.17 W
2026/09/23 13:45:38.181, 0, 41 %, 1 %, 13047 MiB, 81.62 W
2026/09/23 13:45:38.182, 1, 41 %, 1 %, 13049 MiB, 75.22 W
2026/09/23 13:45:38.183, 2, 36 %, 1 %, 13045 MiB, 75.51 W
2026/09/23 13:45:38.185, 3, 36 %, 1 %, 13043 MiB, 79.63 W
2026/09/23 13:45:39.187, 0, 42 %, 11 %, 13047 MiB, 80.17 W
2026/09/23 13:45:39.188, 1, 7 %, 9 %, 13049 MiB, 73.76 W
2026/09/23 13:45:39.188, 2, 37 %, 1 %, 13045 MiB, 75.51 W
2026/09/23 13:45:39.189, 3, 37 %, 1 %, 13043 MiB, 79.68 W
2026/09/23 13:45:40.192, 0, 100 %, 29 %, 13047 MiB, 119.47 W
2026/09/23 13:45:40.193, 1, 93 %, 29 %, 13049 MiB, 114.49 W
2026/09/23 13:45:40.194, 2, 100 %, 27 %, 13045 MiB, 115.02 W
2026/09/23 13:45:40.195, 3, 99 %, 30 %, 13043 MiB, 123.74 W
2026/09/23 13:45:41.197, 0, 94 %, 32 %, 13047 MiB, 144.70 W
2026/09/23 13:45:41.198, 1, 97 %, 30 %, 13049 MiB, 134.40 W
2026/09/23 13:45:41.199, 2, 96 %, 34 %, 13045 MiB, 132.69 W
2026/09/23 13:45:41.200, 3, 97 %, 32 %, 13043 MiB, 142.77 W
2026/09/23 13:45:42.203, 0, 100 %, 28 %, 13047 MiB, 136.68 W
2026/09/23 13:45:42.204, 1, 94 %, 30 %, 13049 MiB, 128.23 W
2026/09/23 13:45:42.205, 2, 100 %, 27 %, 13045 MiB, 126.97 W
2026/09/23 13:45:42.206, 3, 100 %, 29 %, 13043 MiB, 137.08 W
2026/09/23 13:45:43.209, 0, 95 %, 33 %, 13047 MiB, 143.25 W
2026/09/23 13:45:43.210, 1, 98 %, 29 %, 13049 MiB, 132.47 W
2026/09/23 13:45:43.211, 2, 96 %, 34 %, 13045 MiB, 130.76 W
2026/09/23 13:45:43.212, 3, 97 %, 32 %, 13043 MiB, 143.25 W
2026/09/23 13:45:44.214, 0, 100 %, 28 %, 13047 MiB, 141.42 W
2026/09/23 13:45:44.215, 1, 93 %, 30 %, 13049 MiB, 132.47 W
2026/09/23 13:45:44.216, 2, 100 %, 26 %, 13045 MiB, 130.27 W
2026/09/23 13:45:44.217, 3, 100 %, 29 %, 13043 MiB, 139.88 W
2026/09/23 13:45:45.220, 0, 95 %, 33 %, 13047 MiB, 142.38 W
2026/09/23 13:45:45.221, 1, 100 %, 29 %, 13049 MiB, 132.95 W
2026/09/23 13:45:45.222, 2, 96 %, 34 %, 13045 MiB, 131.24 W
2026/09/23 13:45:45.223, 3, 96 %, 33 %, 13043 MiB, 142.77 W
2026/09/23 13:45:46.225, 0, 100 %, 27 %, 13047 MiB, 143.35 W
2026/09/23 13:45:46.226, 1, 93 %, 31 %, 13049 MiB, 134.40 W
2026/09/23 13:45:46.227, 2, 99 %, 25 %, 13045 MiB, 131.73 W
2026/09/23 13:45:46.228, 3, 100 %, 28 %, 13043 MiB, 141.32 W
2026/09/23 13:45:47.230, 0, 79 %, 28 %, 13047 MiB, 143.35 W
2026/09/23 13:45:47.231, 1, 92 %, 27 %, 13049 MiB, 132.95 W
2026/09/23 13:45:47.232, 2, 81 %, 30 %, 13045 MiB, 130.76 W
2026/09/23 13:45:47.233, 3, 83 %, 28 %, 13043 MiB, 143.25 W
2026/09/23 13:45:48.236, 0, 98 %, 30 %, 13047 MiB, 122.93 W
2026/09/23 13:45:48.237, 1, 96 %, 28 %, 13049 MiB, 111.67 W
2026/09/23 13:45:48.238, 2, 100 %, 27 %, 13045 MiB, 110.73 W
2026/09/23 13:45:48.239, 3, 98 %, 30 %, 13043 MiB, 113.82 W
2026/09/23 13:45:49.241, 0, 95 %, 29 %, 13047 MiB, 144.21 W
2026/09/23 13:45:49.242, 1, 97 %, 32 %, 13049 MiB, 134.88 W
2026/09/23 13:45:49.243, 2, 97 %, 34 %, 13045 MiB, 132.69 W
2026/09/23 13:45:49.244, 3, 97 %, 30 %, 13043 MiB, 143.25 W
2026/09/23 13:45:50.246, 0, 98 %, 30 %, 13047 MiB, 127.60 W
2026/09/23 13:45:50.248, 1, 95 %, 28 %, 13049 MiB, 121.64 W
2026/09/23 13:45:50.250, 2, 99 %, 26 %, 13045 MiB, 120.19 W
2026/09/23 13:45:50.251, 3, 99 %, 30 %, 13043 MiB, 130.41 W
2026/09/23 13:45:51.253, 0, 94 %, 30 %, 13047 MiB, 145.18 W
2026/09/23 13:45:51.254, 1, 97 %, 31 %, 13049 MiB, 134.40 W
2026/09/23 13:45:51.255, 2, 97 %, 33 %, 13045 MiB, 132.21 W
2026/09/23 13:45:51.256, 3, 97 %, 32 %, 13043 MiB, 142.77 W
2026/09/23 13:45:52.258, 0, 99 %, 29 %, 13047 MiB, 138.52 W
2026/09/23 13:45:52.261, 1, 93 %, 29 %, 13049 MiB, 130.15 W
2026/09/23 13:45:52.262, 2, 99 %, 28 %, 13045 MiB, 128.34 W
2026/09/23 13:45:52.263, 3, 100 %, 28 %, 13043 MiB, 138.04 W
2026/09/23 13:45:53.265, 0, 95 %, 31 %, 13047 MiB, 142.29 W
2026/09/23 13:45:53.266, 1, 98 %, 30 %, 13049 MiB, 132.95 W
2026/09/23 13:45:53.267, 2, 97 %, 32 %, 13045 MiB, 131.24 W
2026/09/23 13:45:53.268, 3, 97 %, 34 %, 13043 MiB, 143.25 W
2026/09/23 13:45:54.270, 0, 100 %, 29 %, 13047 MiB, 142.38 W
2026/09/23 13:45:54.271, 1, 94 %, 31 %, 13049 MiB, 133.52 W
2026/09/23 13:45:54.273, 2, 99 %, 29 %, 13045 MiB, 131.24 W
2026/09/23 13:45:54.274, 3, 99 %, 27 %, 13043 MiB, 140.84 W
2026/09/23 13:45:55.276, 0, 94 %, 32 %, 13047 MiB, 142.38 W
2026/09/23 13:45:55.277, 1, 93 %, 30 %, 13049 MiB, 132.95 W
2026/09/23 13:45:55.278, 2, 98 %, 31 %, 13045 MiB, 131.24 W
2026/09/23 13:45:55.279, 3, 98 %, 32 %, 13043 MiB, 142.29 W
2026/09/23 13:45:56.281, 0, 100 %, 28 %, 13047 MiB, 143.73 W
2026/09/23 13:45:56.283, 1, 100 %, 28 %, 13049 MiB, 134.40 W
2026/09/23 13:45:56.284, 2, 98 %, 30 %, 13045 MiB, 132.21 W
2026/09/23 13:45:56.286, 3, 99 %, 29 %, 13043 MiB, 141.80 W
2026/09/23 13:45:57.288, 0, 94 %, 33 %, 13047 MiB, 142.77 W
2026/09/23 13:45:57.289, 1, 94 %, 33 %, 13049 MiB, 133.43 W
2026/09/23 13:45:57.290, 2, 98 %, 31 %, 13045 MiB, 131.24 W
2026/09/23 13:45:57.291, 3, 98 %, 32 %, 13043 MiB, 141.80 W
2026/09/23 13:45:58.294, 0, 100 %, 28 %, 13047 MiB, 145.18 W
2026/09/23 13:45:58.295, 1, 96 %, 24 %, 13049 MiB, 134.88 W
2026/09/23 13:45:58.296, 2, 95 %, 30 %, 13045 MiB, 132.21 W
2026/09/23 13:45:58.297, 3, 98 %, 29 %, 13043 MiB, 144.21 W
2026/09/23 13:45:59.299, 0, 94 %, 33 %, 13047 MiB, 130.01 W
2026/09/23 13:45:59.300, 1, 94 %, 33 %, 13049 MiB, 110.63 W
2026/09/23 13:45:59.301, 2, 97 %, 30 %, 13045 MiB, 124.63 W
2026/09/23 13:45:59.302, 3, 98 %, 31 %, 13043 MiB, 133.00 W
2026/09/23 13:46:00.305, 0, 100 %, 27 %, 13047 MiB, 144.21 W
2026/09/23 13:46:00.306, 1, 96 %, 24 %, 13049 MiB, 134.40 W
2026/09/23 13:46:00.307, 2, 96 %, 30 %, 13045 MiB, 132.21 W
2026/09/23 13:46:00.308, 3, 98 %, 30 %, 13043 MiB, 144.70 W
2026/09/23 13:46:01.310, 0, 95 %, 34 %, 13047 MiB, 124.79 W
2026/09/23 13:46:01.311, 1, 92 %, 33 %, 13049 MiB, 114.00 W
2026/09/23 13:46:01.312, 2, 98 %, 30 %, 13045 MiB, 121.24 W
2026/09/23 13:46:01.313, 3, 98 %, 31 %, 13043 MiB, 133.40 W
2026/09/23 13:46:02.315, 0, 94 %, 33 %, 13047 MiB, 143.73 W
2026/09/23 13:46:02.317, 1, 96 %, 25 %, 13049 MiB, 134.88 W
2026/09/23 13:46:02.319, 2, 96 %, 31 %, 13045 MiB, 132.69 W
2026/09/23 13:46:02.320, 3, 98 %, 30 %, 13043 MiB, 144.21 W
2026/09/23 13:46:03.322, 0, 97 %, 25 %, 13047 MiB, 128.57 W
2026/09/23 13:46:03.323, 1, 95 %, 34 %, 13049 MiB, 118.75 W
2026/09/23 13:46:03.324, 2, 98 %, 29 %, 13045 MiB, 121.73 W
2026/09/23 13:46:03.325, 3, 98 %, 30 %, 13043 MiB, 130.50 W
2026/09/23 13:46:04.328, 0, 94 %, 34 %, 13047 MiB, 143.73 W
2026/09/23 13:46:04.329, 1, 96 %, 26 %, 13049 MiB, 134.88 W
2026/09/23 13:46:04.330, 2, 96 %, 31 %, 13045 MiB, 133.18 W
2026/09/23 13:46:04.331, 3, 97 %, 31 %, 13043 MiB, 143.25 W
2026/09/23 13:46:05.333, 0, 97 %, 26 %, 13047 MiB, 129.88 W
2026/09/23 13:46:05.334, 1, 97 %, 34 %, 13049 MiB, 120.03 W
2026/09/23 13:46:05.335, 2, 100 %, 29 %, 13045 MiB, 120.67 W
2026/09/23 13:46:05.336, 3, 99 %, 30 %, 13043 MiB, 129.39 W
2026/09/23 13:46:06.339, 0, 97 %, 34 %, 13047 MiB, 144.60 W
2026/09/23 13:46:06.340, 1, 96 %, 26 %, 13049 MiB, 134.76 W
2026/09/23 13:46:06.341, 2, 96 %, 32 %, 13045 MiB, 132.65 W
2026/09/23 13:46:06.342, 3, 97 %, 31 %, 13043 MiB, 143.15 W
2026/09/23 13:46:07.344, 0, 97 %, 26 %, 13047 MiB, 129.39 W
2026/09/23 13:46:07.345, 1, 97 %, 33 %, 13049 MiB, 121.00 W
2026/09/23 13:46:07.346, 2, 100 %, 28 %, 13045 MiB, 120.59 W
2026/09/23 13:46:07.347, 3, 100 %, 29 %, 13043 MiB, 128.42 W
2026/09/23 13:46:08.350, 0, 41 %, 1 %, 13047 MiB, 81.78 W
2026/09/23 13:46:08.352, 1, 41 %, 1 %, 13049 MiB, 75.36 W
2026/09/23 13:46:08.353, 2, 36 %, 1 %, 13045 MiB, 75.71 W
2026/09/23 13:46:08.354, 3, 36 %, 1 %, 13043 MiB, 79.84 W
2026/09/23 13:46:09.357, 0, 41 %, 1 %, 13047 MiB, 81.30 W
2026/09/23 13:46:09.358, 1, 41 %, 1 %, 13049 MiB, 74.88 W
2026/09/23 13:46:09.359, 2, 36 %, 1 %, 13045 MiB, 75.66 W
2026/09/23 13:46:09.360, 3, 36 %, 1 %, 13043 MiB, 79.79 W
2026/09/23 13:46:10.362, 0, 80 %, 20 %, 13047 MiB, 144.60 W
2026/09/23 13:46:10.363, 1, 2 %, 0 %, 13049 MiB, 133.31 W
2026/09/23 13:46:10.364, 2, 70 %, 22 %, 13045 MiB, 131.59 W
2026/09/23 13:46:10.365, 3, 63 %, 20 %, 13043 MiB, 142.18 W
2026/09/23 13:46:11.368, 0, 94 %, 29 %, 13047 MiB, 138.01 W
2026/09/23 13:46:11.369, 1, 98 %, 30 %, 13049 MiB, 130.01 W
2026/09/23 13:46:11.370, 2, 98 %, 25 %, 13045 MiB, 128.28 W
2026/09/23 13:46:11.371, 3, 100 %, 26 %, 13043 MiB, 137.92 W
2026/09/23 13:46:12.373, 0, 98 %, 30 %, 13047 MiB, 142.76 W
2026/09/23 13:46:12.374, 1, 94 %, 30 %, 13049 MiB, 133.40 W
2026/09/23 13:46:12.375, 2, 96 %, 34 %, 13045 MiB, 130.71 W
2026/09/23 13:46:12.376, 3, 98 %, 34 %, 13043 MiB, 143.15 W
2026/09/23 13:46:13.378, 0, 95 %, 30 %, 13047 MiB, 141.79 W
2026/09/23 13:46:13.380, 1, 98 %, 29 %, 13049 MiB, 133.40 W
2026/09/23 13:46:13.381, 2, 99 %, 26 %, 13045 MiB, 130.71 W
2026/09/23 13:46:13.382, 3, 99 %, 26 %, 13043 MiB, 140.82 W
2026/09/23 13:46:14.386, 0, 98 %, 30 %, 13047 MiB, 142.28 W
2026/09/23 13:46:14.387, 1, 94 %, 31 %, 13049 MiB, 133.88 W
2026/09/23 13:46:14.389, 2, 97 %, 34 %, 13045 MiB, 131.19 W
2026/09/23 13:46:14.390, 3, 98 %, 34 %, 13043 MiB, 142.18 W
2026/09/23 13:46:15.393, 0, 94 %, 31 %, 13047 MiB, 143.73 W
2026/09/23 13:46:15.394, 1, 100 %, 29 %, 13049 MiB, 134.76 W
2026/09/23 13:46:15.395, 2, 99 %, 27 %, 13045 MiB, 132.16 W
2026/09/23 13:46:15.396, 3, 99 %, 26 %, 13043 MiB, 141.70 W
2026/09/23 13:46:16.398, 0, 99 %, 29 %, 13047 MiB, 142.76 W
2026/09/23 13:46:16.399, 1, 93 %, 31 %, 13049 MiB, 133.88 W
2026/09/23 13:46:16.400, 2, 97 %, 34 %, 13045 MiB, 131.19 W
2026/09/23 13:46:16.401, 3, 97 %, 34 %, 13043 MiB, 141.70 W
2026/09/23 13:46:17.403, 0, 94 %, 27 %, 13047 MiB, 125.52 W
2026/09/23 13:46:17.405, 1, 79 %, 24 %, 13049 MiB, 118.58 W
2026/09/23 13:46:17.406, 2, 100 %, 27 %, 13045 MiB, 118.24 W
2026/09/23 13:46:17.407, 3, 100 %, 28 %, 13043 MiB, 127.37 W
2026/09/23 13:46:18.409, 0, 97 %, 32 %, 13047 MiB, 145.18 W
2026/09/23 13:46:18.410, 1, 98 %, 30 %, 13049 MiB, 134.76 W
2026/09/23 13:46:18.411, 2, 97 %, 34 %, 13045 MiB, 132.65 W
2026/09/23 13:46:18.412, 3, 97 %, 34 %, 13043 MiB, 143.15 W
2026/09/23 13:46:19.414, 0, 97 %, 28 %, 13047 MiB, 135.60 W
2026/09/23 13:46:19.415, 1, 93 %, 30 %, 13049 MiB, 128.17 W
2026/09/23 13:46:19.416, 2, 100 %, 26 %, 13045 MiB, 126.34 W
2026/09/23 13:46:19.418, 3, 100 %, 27 %, 13043 MiB, 136.47 W
2026/09/23 13:46:20.420, 0, 98 %, 31 %, 13047 MiB, 143.24 W
2026/09/23 13:46:20.421, 1, 99 %, 29 %, 13049 MiB, 132.91 W
2026/09/23 13:46:20.422, 2, 96 %, 34 %, 13045 MiB, 131.19 W
2026/09/23 13:46:20.423, 3, 98 %, 34 %, 13043 MiB, 143.15 W
2026/09/23 13:46:21.425, 0, 95 %, 28 %, 13047 MiB, 140.34 W
2026/09/23 13:46:21.427, 1, 93 %, 31 %, 13049 MiB, 131.95 W
2026/09/23 13:46:21.428, 2, 99 %, 25 %, 13045 MiB, 129.73 W
2026/09/23 13:46:21.429, 3, 100 %, 27 %, 13043 MiB, 139.86 W
2026/09/23 13:46:22.431, 0, 98 %, 31 %, 13047 MiB, 142.28 W
2026/09/23 13:46:22.432, 1, 100 %, 29 %, 13049 MiB, 132.91 W
2026/09/23 13:46:22.433, 2, 96 %, 34 %, 13045 MiB, 131.19 W
2026/09/23 13:46:22.434, 3, 98 %, 34 %, 13043 MiB, 143.15 W
2026/09/23 13:46:23.436, 0, 95 %, 29 %, 13047 MiB, 142.76 W
2026/09/23 13:46:23.437, 1, 93 %, 32 %, 13049 MiB, 133.88 W
2026/09/23 13:46:23.438, 2, 99 %, 25 %, 13045 MiB, 131.68 W
2026/09/23 13:46:23.439, 3, 100 %, 26 %, 13043 MiB, 141.21 W
2026/09/23 13:46:24.442, 0, 98 %, 31 %, 13047 MiB, 142.28 W
2026/09/23 13:46:24.443, 1, 100 %, 28 %, 13049 MiB, 133.40 W
2026/09/23 13:46:24.444, 2, 96 %, 34 %, 13045 MiB, 131.19 W
2026/09/23 13:46:24.445, 3, 97 %, 34 %, 13043 MiB, 141.70 W
2026/09/23 13:46:25.447, 0, 94 %, 29 %, 13047 MiB, 143.73 W
2026/09/23 13:46:25.448, 1, 94 %, 32 %, 13049 MiB, 134.76 W
2026/09/23 13:46:25.449, 2, 99 %, 26 %, 13045 MiB, 132.16 W
2026/09/23 13:46:25.451, 3, 99 %, 25 %, 13043 MiB, 141.70 W
2026/09/23 13:46:26.453, 0, 98 %, 30 %, 13047 MiB, 143.24 W
2026/09/23 13:46:26.454, 1, 100 %, 28 %, 13049 MiB, 133.40 W
2026/09/23 13:46:26.455, 2, 96 %, 34 %, 13045 MiB, 131.19 W
2026/09/23 13:46:26.456, 3, 97 %, 34 %, 13043 MiB, 141.21 W
2026/09/23 13:46:27.458, 0, 94 %, 30 %, 13047 MiB, 145.56 W
2026/09/23 13:46:27.459, 1, 93 %, 33 %, 13049 MiB, 134.76 W
2026/09/23 13:46:27.461, 2, 99 %, 26 %, 13045 MiB, 132.16 W
2026/09/23 13:46:27.462, 3, 99 %, 26 %, 13043 MiB, 144.11 W
2026/09/23 13:46:28.464, 0, 99 %, 30 %, 13047 MiB, 135.11 W
2026/09/23 13:46:28.465, 1, 100 %, 27 %, 13049 MiB, 117.62 W
2026/09/23 13:46:28.467, 2, 97 %, 34 %, 13045 MiB, 127.39 W
2026/09/23 13:46:28.468, 3, 97 %, 34 %, 13043 MiB, 137.14 W
2026/09/23 13:46:29.470, 0, 95 %, 30 %, 13047 MiB, 144.21 W
2026/09/23 13:46:29.471, 1, 93 %, 33 %, 13049 MiB, 134.27 W
2026/09/23 13:46:29.472, 2, 99 %, 27 %, 13045 MiB, 132.16 W
2026/09/23 13:46:29.473, 3, 99 %, 26 %, 13043 MiB, 144.60 W
2026/09/23 13:46:30.475, 0, 99 %, 30 %, 13047 MiB, 124.55 W
2026/09/23 13:46:30.476, 1, 100 %, 27 %, 13049 MiB, 114.31 W
2026/09/23 13:46:30.477, 2, 97 %, 34 %, 13045 MiB, 122.53 W
2026/09/23 13:46:30.478, 3, 98 %, 34 %, 13043 MiB, 132.69 W
2026/09/23 13:46:31.481, 0, 94 %, 31 %, 13047 MiB, 143.73 W
2026/09/23 13:46:31.482, 1, 93 %, 33 %, 13049 MiB, 134.76 W
2026/09/23 13:46:31.483, 2, 99 %, 27 %, 13045 MiB, 132.65 W
2026/09/23 13:46:31.484, 3, 99 %, 27 %, 13043 MiB, 143.63 W
2026/09/23 13:46:32.486, 0, 100 %, 29 %, 13047 MiB, 128.42 W
2026/09/23 13:46:32.488, 1, 100 %, 26 %, 13049 MiB, 118.58 W
2026/09/23 13:46:32.489, 2, 98 %, 33 %, 13045 MiB, 121.56 W
2026/09/23 13:46:32.490, 3, 98 %, 34 %, 13043 MiB, 130.27 W
2026/09/23 13:46:33.492, 0, 95 %, 33 %, 13047 MiB, 143.73 W
2026/09/23 13:46:33.493, 1, 94 %, 33 %, 13049 MiB, 134.76 W
2026/09/23 13:46:33.495, 2, 99 %, 27 %, 13045 MiB, 132.65 W
2026/09/23 13:46:33.496, 3, 99 %, 27 %, 13043 MiB, 143.63 W
2026/09/23 13:46:34.499, 0, 100 %, 26 %, 13047 MiB, 129.39 W
2026/09/23 13:46:34.500, 1, 97 %, 25 %, 13049 MiB, 120.03 W
2026/09/23 13:46:34.501, 2, 97 %, 33 %, 13045 MiB, 120.59 W
2026/09/23 13:46:34.502, 3, 98 %, 34 %, 13043 MiB, 129.39 W
2026/09/23 13:46:35.504, 0, 95 %, 33 %, 13047 MiB, 144.21 W
2026/09/23 13:46:35.505, 1, 94 %, 33 %, 13049 MiB, 134.88 W
2026/09/23 13:46:35.506, 2, 99 %, 28 %, 13045 MiB, 132.69 W
2026/09/23 13:46:35.507, 3, 99 %, 28 %, 13043 MiB, 143.25 W
2026/09/23 13:46:36.510, 0, 94 %, 33 %, 13047 MiB, 129.53 W
2026/09/23 13:46:36.511, 1, 96 %, 24 %, 13049 MiB, 120.68 W
2026/09/23 13:46:36.512, 2, 98 %, 32 %, 13045 MiB, 120.76 W
2026/09/23 13:46:36.513, 3, 98 %, 33 %, 13043 MiB, 129.05 W
2026/09/23 13:46:37.515, 0, 97 %, 26 %, 13047 MiB, 145.18 W
2026/09/23 13:46:37.516, 1, 94 %, 33 %, 13049 MiB, 134.40 W
2026/09/23 13:46:37.517, 2, 99 %, 28 %, 13045 MiB, 132.69 W
2026/09/23 13:46:37.518, 3, 99 %, 28 %, 13043 MiB, 142.29 W
2026/09/23 13:46:38.520, 0, 97 %, 34 %, 13047 MiB, 129.53 W
2026/09/23 13:46:38.521, 1, 96 %, 25 %, 13049 MiB, 121.16 W
2026/09/23 13:46:38.522, 2, 98 %, 32 %, 13045 MiB, 120.76 W
2026/09/23 13:46:38.524, 3, 98 %, 33 %, 13043 MiB, 128.08 W
2026/09/23 13:46:39.527, 0, 41 %, 1 %, 13047 MiB, 81.14 W
2026/09/23 13:46:39.528, 1, 41 %, 1 %, 13049 MiB, 75.22 W
2026/09/23 13:46:39.529, 2, 36 %, 1 %, 13045 MiB, 75.51 W
2026/09/23 13:46:39.530, 3, 36 %, 1 %, 13043 MiB, 79.68 W
2026/09/23 13:46:40.533, 0, 41 %, 1 %, 13047 MiB, 81.14 W
2026/09/23 13:46:40.534, 1, 41 %, 1 %, 13049 MiB, 74.73 W
2026/09/23 13:46:40.535, 2, 36 %, 1 %, 13045 MiB, 75.51 W
2026/09/23 13:46:40.536, 3, 36 %, 1 %, 13043 MiB, 79.63 W
2026/09/23 13:46:41.538, 0, 99 %, 29 %, 13047 MiB, 142.77 W
2026/09/23 13:46:41.541, 1, 97 %, 32 %, 13049 MiB, 132.47 W
2026/09/23 13:46:41.542, 2, 96 %, 31 %, 13045 MiB, 130.76 W
2026/09/23 13:46:41.543, 3, 97 %, 31 %, 13043 MiB, 142.29 W
2026/09/23 13:46:42.545, 0, 95 %, 31 %, 13047 MiB, 139.97 W
2026/09/23 13:46:42.546, 1, 96 %, 28 %, 13049 MiB, 131.12 W
2026/09/23 13:46:42.547, 2, 100 %, 29 %, 13045 MiB, 129.31 W
2026/09/23 13:46:42.549, 3, 99 %, 29 %, 13043 MiB, 138.91 W
2026/09/23 13:46:43.551, 0, 100 %, 29 %, 13047 MiB, 142.29 W
2026/09/23 13:46:43.552, 1, 98 %, 31 %, 13049 MiB, 132.95 W
2026/09/23 13:46:43.553, 2, 96 %, 32 %, 13045 MiB, 130.76 W
2026/09/23 13:46:43.555, 3, 97 %, 32 %, 13043 MiB, 142.77 W
2026/09/23 13:46:44.557, 0, 95 %, 31 %, 13047 MiB, 142.38 W
2026/09/23 13:46:44.558, 1, 95 %, 28 %, 13049 MiB, 133.43 W
2026/09/23 13:46:44.560, 2, 100 %, 29 %, 13045 MiB, 130.76 W
2026/09/23 13:46:44.561, 3, 100 %, 29 %, 13043 MiB, 140.84 W
2026/09/23 13:46:45.564, 0, 100 %, 29 %, 13047 MiB, 141.90 W
2026/09/23 13:46:45.566, 1, 98 %, 31 %, 13049 MiB, 133.43 W
2026/09/23 13:46:45.567, 2, 96 %, 32 %, 13045 MiB, 131.24 W
2026/09/23 13:46:45.568, 3, 98 %, 32 %, 13043 MiB, 142.29 W
2026/09/23 13:46:46.570, 0, 93 %, 32 %, 13047 MiB, 143.35 W
2026/09/23 13:46:46.571, 1, 95 %, 29 %, 13049 MiB, 134.40 W
2026/09/23 13:46:46.572, 2, 100 %, 28 %, 13045 MiB, 131.73 W
2026/09/23 13:46:46.573, 3, 100 %, 29 %, 13043 MiB, 141.80 W
2026/09/23 13:46:47.575, 0, 99 %, 30 %, 13047 MiB, 142.38 W
2026/09/23 13:46:47.576, 1, 98 %, 32 %, 13049 MiB, 133.04 W
2026/09/23 13:46:47.577, 2, 96 %, 31 %, 13045 MiB, 130.76 W
2026/09/23 13:46:47.578, 3, 97 %, 31 %, 13043 MiB, 143.25 W
2026/09/23 13:46:48.580, 0, 94 %, 30 %, 13047 MiB, 141.90 W
2026/09/23 13:46:48.582, 1, 96 %, 28 %, 13049 MiB, 133.43 W
2026/09/23 13:46:48.583, 2, 100 %, 29 %, 13045 MiB, 130.76 W
2026/09/23 13:46:48.584, 3, 99 %, 30 %, 13043 MiB, 140.36 W
2026/09/23 13:46:49.586, 0, 98 %, 29 %, 13047 MiB, 141.90 W
2026/09/23 13:46:49.587, 1, 98 %, 32 %, 13049 MiB, 133.43 W
2026/09/23 13:46:49.588, 2, 96 %, 32 %, 13045 MiB, 131.24 W
2026/09/23 13:46:49.589, 3, 100 %, 28 %, 13043 MiB, 142.29 W
2026/09/23 13:46:50.591, 0, 94 %, 31 %, 13047 MiB, 143.25 W
2026/09/23 13:46:50.592, 1, 95 %, 28 %, 13049 MiB, 134.40 W
2026/09/23 13:46:50.593, 2, 100 %, 29 %, 13045 MiB, 131.73 W
2026/09/23 13:46:50.594, 3, 98 %, 34 %, 13043 MiB, 141.80 W
2026/09/23 13:46:51.597, 0, 100 %, 29 %, 13047 MiB, 142.38 W
2026/09/23 13:46:51.598, 1, 98 %, 31 %, 13049 MiB, 133.52 W
2026/09/23 13:46:51.599, 2, 96 %, 32 %, 13045 MiB, 131.24 W
2026/09/23 13:46:51.600, 3, 100 %, 27 %, 13043 MiB, 141.80 W
2026/09/23 13:46:52.603, 0, 94 %, 31 %, 13047 MiB, 144.70 W
2026/09/23 13:46:52.605, 1, 95 %, 29 %, 13049 MiB, 134.88 W
2026/09/23 13:46:52.606, 2, 100 %, 28 %, 13045 MiB, 132.21 W
2026/09/23 13:46:52.607, 3, 98 %, 34 %, 13043 MiB, 142.77 W
2026/09/23 13:46:53.609, 0, 100 %, 29 %, 13047 MiB, 144.21 W
2026/09/23 13:46:53.610, 1, 98 %, 31 %, 13049 MiB, 133.88 W
2026/09/23 13:46:53.611, 2, 96 %, 33 %, 13045 MiB, 131.19 W
2026/09/23 13:46:53.612, 3, 100 %, 27 %, 13043 MiB, 141.79 W
2026/09/23 13:46:54.614, 0, 94 %, 32 %, 13047 MiB, 144.69 W
2026/09/23 13:46:54.615, 1, 93 %, 29 %, 13049 MiB, 134.76 W
2026/09/23 13:46:54.616, 2, 100 %, 27 %, 13045 MiB, 132.16 W
2026/09/23 13:46:54.618, 3, 97 %, 34 %, 13043 MiB, 144.60 W
2026/09/23 13:46:55.620, 0, 100 %, 29 %, 13047 MiB, 125.03 W
2026/09/23 13:46:55.622, 1, 98 %, 31 %, 13049 MiB, 108.57 W
2026/09/23 13:46:55.623, 2, 95 %, 34 %, 13045 MiB, 118.24 W
2026/09/23 13:46:55.624, 3, 100 %, 26 %, 13043 MiB, 127.54 W
2026/09/23 13:46:56.626, 0, 94 %, 32 %, 13047 MiB, 144.21 W
2026/09/23 13:46:56.627, 1, 93 %, 29 %, 13049 MiB, 134.36 W
2026/09/23 13:46:56.628, 2, 99 %, 27 %, 13045 MiB, 132.16 W
2026/09/23 13:46:56.629, 3, 98 %, 34 %, 13043 MiB, 144.60 W
2026/09/23 13:46:57.631, 0, 100 %, 29 %, 13047 MiB, 124.55 W
2026/09/23 13:46:57.632, 1, 98 %, 30 %, 13049 MiB, 113.82 W
2026/09/23 13:46:57.633, 2, 98 %, 32 %, 13045 MiB, 121.15 W
2026/09/23 13:46:57.635, 3, 99 %, 26 %, 13043 MiB, 133.18 W
2026/09/23 13:46:58.637, 0, 94 %, 32 %, 13047 MiB, 143.73 W
2026/09/23 13:46:58.638, 1, 93 %, 29 %, 13049 MiB, 134.27 W
2026/09/23 13:46:58.639, 2, 96 %, 30 %, 13045 MiB, 132.65 W
2026/09/23 13:46:58.640, 3, 100 %, 26 %, 13043 MiB, 144.11 W
2026/09/23 13:46:59.642, 0, 100 %, 28 %, 13047 MiB, 127.46 W
2026/09/23 13:46:59.643, 1, 99 %, 30 %, 13049 MiB, 117.62 W
2026/09/23 13:46:59.645, 2, 98 %, 30 %, 13045 MiB, 121.56 W
2026/09/23 13:46:59.646, 3, 98 %, 34 %, 13043 MiB, 130.76 W
2026/09/23 13:47:00.648, 0, 94 %, 33 %, 13047 MiB, 143.73 W
2026/09/23 13:47:00.651, 1, 93 %, 31 %, 13049 MiB, 135.24 W
2026/09/23 13:47:00.657, 2, 97 %, 31 %, 13045 MiB, 132.65 W
2026/09/23 13:47:00.658, 3, 99 %, 28 %, 13043 MiB, 143.63 W
2026/09/23 13:47:01.660, 0, 100 %, 28 %, 13047 MiB, 129.39 W
2026/09/23 13:47:01.661, 1, 100 %, 28 %, 13049 MiB, 120.03 W
2026/09/23 13:47:01.662, 2, 99 %, 30 %, 13045 MiB, 120.59 W
2026/09/23 13:47:01.663, 3, 98 %, 32 %, 13043 MiB, 128.91 W
2026/09/23 13:47:02.665, 0, 93 %, 33 %, 13047 MiB, 144.11 W
2026/09/23 13:47:02.666, 1, 94 %, 33 %, 13049 MiB, 134.76 W
2026/09/23 13:47:02.667, 2, 97 %, 31 %, 13045 MiB, 132.65 W
2026/09/23 13:47:02.668, 3, 99 %, 29 %, 13043 MiB, 143.15 W
2026/09/23 13:47:03.671, 0, 100 %, 28 %, 13047 MiB, 129.39 W
2026/09/23 13:47:03.672, 1, 96 %, 26 %, 13049 MiB, 121.00 W
2026/09/23 13:47:03.673, 2, 98 %, 29 %, 13045 MiB, 121.08 W
2026/09/23 13:47:03.674, 3, 98 %, 31 %, 13043 MiB, 128.42 W
2026/09/23 13:47:04.677, 0, 94 %, 33 %, 13047 MiB, 145.08 W
2026/09/23 13:47:04.678, 1, 96 %, 25 %, 13049 MiB, 134.76 W
2026/09/23 13:47:04.679, 2, 95 %, 31 %, 13045 MiB, 132.65 W
2026/09/23 13:47:04.680, 3, 98 %, 29 %, 13043 MiB, 142.66 W
2026/09/23 13:47:05.683, 0, 100 %, 27 %, 13047 MiB, 129.88 W
2026/09/23 13:47:05.684, 1, 96 %, 34 %, 13049 MiB, 121.00 W
2026/09/23 13:47:05.685, 2, 100 %, 29 %, 13045 MiB, 120.59 W
2026/09/23 13:47:05.686, 3, 98 %, 31 %, 13043 MiB, 128.34 W
2026/09/23 13:47:06.688, 0, 94 %, 34 %, 13047 MiB, 143.73 W
2026/09/23 13:47:06.690, 1, 97 %, 32 %, 13049 MiB, 134.27 W
2026/09/23 13:47:06.691, 2, 96 %, 32 %, 13045 MiB, 131.68 W
2026/09/23 13:47:06.692, 3, 98 %, 30 %, 13043 MiB, 143.63 W
2026/09/23 13:47:07.695, 0, 100 %, 27 %, 13047 MiB, 128.91 W
2026/09/23 13:47:07.696, 1, 96 %, 27 %, 13049 MiB, 120.52 W
2026/09/23 13:47:07.697, 2, 100 %, 29 %, 13045 MiB, 120.59 W
2026/09/23 13:47:07.698, 3, 98 %, 31 %, 13043 MiB, 127.94 W
2026/09/23 13:47:08.700, 0, 94 %, 34 %, 13047 MiB, 143.73 W
2026/09/23 13:47:08.701, 1, 97 %, 32 %, 13049 MiB, 134.84 W
2026/09/23 13:47:08.702, 2, 96 %, 32 %, 13045 MiB, 132.16 W
2026/09/23 13:47:08.703, 3, 97 %, 30 %, 13043 MiB, 144.11 W
2026/09/23 13:47:09.705, 0, 100 %, 27 %, 13047 MiB, 129.39 W
2026/09/23 13:47:09.706, 1, 96 %, 28 %, 15169 MiB, 115.76 W
2026/09/23 13:47:09.709, 2, 100 %, 29 %, 15159 MiB, 110.53 W
2026/09/23 13:47:09.710, 3, 98 %, 31 %, 15155 MiB, 116.88 W
2026/09/23 13:47:10.713, 0, 41 %, 1 %, 13047 MiB, 81.30 W
2026/09/23 13:47:10.714, 1, 41 %, 1 %, 13049 MiB, 74.88 W
2026/09/23 13:47:10.715, 2, 36 %, 1 %, 13045 MiB, 75.66 W
2026/09/23 13:47:10.716, 3, 37 %, 1 %, 13043 MiB, 79.35 W
2026/09/23 13:47:11.718, 0, 44 %, 1 %, 13047 MiB, 85.19 W
2026/09/23 13:47:11.720, 1, 39 %, 11 %, 13049 MiB, 75.36 W
2026/09/23 13:47:11.721, 2, 36 %, 1 %, 13045 MiB, 75.18 W
2026/09/23 13:47:11.722, 3, 36 %, 1 %, 13043 MiB, 79.35 W
