job        1211009.pbs60
date       2026-09-22T10:32:46+02:00
arch       cpu
nodes      4
ranks      768 (192 per node)
nsteps     1000
npart      120000000
gpu_aware  1
balance    part
input      /hpc/data/cfd-students/nnoventa/sparta/nicola/results/scaling/cpu_n4_balpart_1211009/in.deck
commit     4e70c241cd24f712c2d1477854b733445a378520
build      arch    cpu-zen4 commit  a93d3916c57c611b1ff0aea6dd1908d4951cbee7 date    2026-09-22T10:00:43+02:00 
exe        /hpc/data/cfd-students/nnoventa/sparta/install_cpu/bin/spa_kokkos_mpi_only
hosts      pn6346.cm.cluster pn6386.cm.cluster pn6391.cm.cluster pn6399.cm.cluster 
[LOG_CAT_SBGP] libnuma.so: cannot open shared object file: No such file or directory
[LOG_CAT_SBGP] Failed to dlopen libnuma.so. Fallback to GROUP_BY_SOCKET manual.
[LOG_CAT_SBGP] libnuma.so: cannot open shared object file: No such file or directory
[LOG_CAT_SBGP] Failed to dlopen libnuma.so. Fallback to GROUP_BY_SOCKET manual.
[LOG_CAT_SBGP] libnuma.so: cannot open shared object file: No such file or directory
[LOG_CAT_SBGP] Failed to dlopen libnuma.so. Fallback to GROUP_BY_SOCKET manual.
[LOG_CAT_SBGP] libnuma.so: cannot open shared object file: No such file or directory
[LOG_CAT_SBGP] Failed to dlopen libnuma.so. Fallback to GROUP_BY_SOCKET manual.
[LOG_CAT_SBGP] libnuma.so: cannot open shared object file: No such file or directory
[LOG_CAT_SBGP] Failed to dlopen libnuma.so. Fallback to GROUP_BY_SOCKET manual.
[LOG_CAT_SBGP] libnuma.so: cannot open shared object file: No such file or directory
[LOG_CAT_SBGP] Failed to dlopen libnuma.so. Fallback to GROUP_BY_SOCKET manual.
[LOG_CAT_SBGP] libnuma.so: cannot open shared object file: No such file or directory
[LOG_CAT_SBGP] Failed to dlopen libnuma.so. Fallback to GROUP_BY_SOCKET manual.
[LOG_CAT_SBGP] libnuma.so: cannot open shared object file: No such file or directory
[LOG_CAT_SBGP] Failed to dlopen libnuma.so. Fallback to GROUP_BY_SOCKET manual.
[LOG_CAT_SBGP] libnuma.so: cannot open shared object file: No such file or directory
[LOG_CAT_SBGP] Failed to dlopen libnuma.so. Fallback to GROUP_BY_SOCKET manual.
[LOG_CAT_SBGP] libnuma.so: cannot open shared object file: No such file or directory
[LOG_CAT_SBGP] Failed to dlopen libnuma.so. Fallback to GROUP_BY_SOCKET manual.
[LOG_CAT_SBGP] libnuma.so: cannot open shared object file: No such file or directory
[LOG_CAT_SBGP] Failed to dlopen libnuma.so. Fallback to GROUP_BY_SOCKET manual.
[LOG_CAT_SBGP] libnuma.so: cannot open shared object file: No such file or directory
[LOG_CAT_SBGP] libnuma.so: cannot open shared object file: No such file or directory
[LOG_CAT_SBGP] Failed to dlopen libnuma.so. Fallback to GROUP_BY_SOCKET manual.
[LOG_CAT_SBGP] libnuma.so: cannot open shared object file: No such file or directory
[LOG_CAT_SBGP] Failed to dlopen libnuma.so. Fallback to GROUP_BY_SOCKET manual.
[LOG_CAT_SBGP] libnuma.so: cannot open shared object file: No such file or directory
[LOG_CAT_SBGP] Failed to dlopen libnuma.so. Fallback to GROUP_BY_SOCKET manual.
[LOG_CAT_SBGP] libnuma.so: cannot open shared object file: No such file or directory
[LOG_CAT_SBGP] Failed to dlopen libnuma.so. Fallback to GROUP_BY_SOCKET manual.
[LOG_CAT_SBGP] Failed to dlopen libnuma.so. Fallback to GROUP_BY_SOCKET manual.
[LOG_CAT_SBGP] libnuma.so: cannot open shared object file: No such file or directory
[LOG_CAT_SBGP] libnuma.so: cannot open shared object file: No such file or directory
[LOG_CAT_SBGP] libnuma.so: cannot open shared object file: No such file or directory
[LOG_CAT_SBGP] Failed to dlopen libnuma.so. Fallback to GROUP_BY_SOCKET manual.
[LOG_CAT_SBGP] libnuma.so: cannot open shared object file: No such file or directory
[LOG_CAT_SBGP] Failed to dlopen libnuma.so. Fallback to GROUP_BY_SOCKET manual.
[LOG_CAT_SBGP] libnuma.so: cannot open shared object file: No such file or directory
[LOG_CAT_SBGP] Failed to dlopen libnuma.so. Fallback to GROUP_BY_SOCKET manual.
[LOG_CAT_SBGP] libnuma.so: cannot open shared object file: No such file or directory
[LOG_CAT_SBGP] Failed to dlopen libnuma.so. Fallback to GROUP_BY_SOCKET manual.
[LOG_CAT_SBGP] libnuma.so: cannot open shared object file: No such file or directory
[LOG_CAT_SBGP] Failed to dlopen libnuma.so. Fallback to GROUP_BY_SOCKET manual.
[LOG_CAT_SBGP] libnuma.so: cannot open shared object file: No such file or directory
[LOG_CAT_SBGP] Failed to dlopen libnuma.so. Fallback to GROUP_BY_SOCKET manual.
[LOG_CAT_SBGP] libnuma.so: cannot open shared object file: No such file or directory
[LOG_CAT_SBGP] Failed to dlopen libnuma.so. Fallback to GROUP_BY_SOCKET manual.
[LOG_CAT_SBGP] libnuma.so: cannot open shared object file: No such file or directory
[LOG_CAT_SBGP] Failed to dlopen libnuma.so. Fallback to GROUP_BY_SOCKET manual.
[LOG_CAT_SBGP] libnuma.so: cannot open shared object file: No such file or directory
[LOG_CAT_SBGP] Failed to dlopen libnuma.so. Fallback to GROUP_BY_SOCKET manual.
[LOG_CAT_SBGP] libnuma.so: cannot open shared object file: No such file or directory
[LOG_CAT_SBGP] Failed to dlopen libnuma.so. Fallback to GROUP_BY_SOCKET manual.
[LOG_CAT_SBGP] libnuma.so: cannot open shared object file: No such file or directory
[LOG_CAT_SBGP] Failed to dlopen libnuma.so. Fallback to GROUP_BY_SOCKET manual.
[LOG_CAT_SBGP] libnuma.so: cannot open shared object file: No such file or directory
[LOG_CAT_SBGP] Failed to dlopen libnuma.so. Fallback to GROUP_BY_SOCKET manual.
[LOG_CAT_SBGP] libnuma.so: cannot open shared object file: No such file or directory
[LOG_CAT_SBGP] Failed to dlopen libnuma.so. Fallback to GROUP_BY_SOCKET manual.
[LOG_CAT_SBGP] libnuma.so: cannot open shared object file: No such file or directory
[LOG_CAT_SBGP] Failed to dlopen libnuma.so. Fallback to GROUP_BY_SOCKET manual.
[LOG_CAT_SBGP] libnuma.so: cannot open shared object file: No such file or directory
[LOG_CAT_SBGP] Failed to dlopen libnuma.so. Fallback to GROUP_BY_SOCKET manual.
[LOG_CAT_SBGP] libnuma.so: cannot open shared object file: No such file or directory
[LOG_CAT_SBGP] Failed to dlopen libnuma.so. Fallback to GROUP_BY_SOCKET manual.
[LOG_CAT_SBGP] libnuma.so: cannot open shared object file: No such file or directory
[LOG_CAT_SBGP] Failed to dlopen libnuma.so. Fallback to GROUP_BY_SOCKET manual.
[LOG_CAT_SBGP] libnuma.so: cannot open shared object file: No such file or directory
[LOG_CAT_SBGP] Failed to dlopen libnuma.so. Fallback to GROUP_BY_SOCKET manual.
[LOG_CAT_SBGP] libnuma.so: cannot open shared object file: No such file or directory
[LOG_CAT_SBGP] Failed to dlopen libnuma.so. Fallback to GROUP_BY_SOCKET manual.
[LOG_CAT_SBGP] libnuma.so: cannot open shared object file: No such file or directory
[LOG_CAT_SBGP] Failed to dlopen libnuma.so. Fallback to GROUP_BY_SOCKET manual.
[LOG_CAT_SBGP] libnuma.so: cannot open shared object file: No such file or directory
[LOG_CAT_SBGP] Failed to dlopen libnuma.so. Fallback to GROUP_BY_SOCKET manual.
[LOG_CAT_SBGP] libnuma.so: cannot open shared object file: No such file or directory
[LOG_CAT_SBGP] Failed to dlopen libnuma.so. Fallback to GROUP_BY_SOCKET manual.
[LOG_CAT_SBGP] libnuma.so: cannot open shared object file: No such file or directory
[LOG_CAT_SBGP] libnuma.so: cannot open shared object file: No such file or directory
[LOG_CAT_SBGP] Failed to dlopen libnuma.so. Fallback to GROUP_BY_SOCKET manual.
[LOG_CAT_SBGP] libnuma.so: cannot open shared object file: No such file or directory
[LOG_CAT_SBGP] Failed to dlopen libnuma.so. Fallback to GROUP_BY_SOCKET manual.
[LOG_CAT_SBGP] libnuma.so: cannot open shared object file: No such file or directory
[LOG_CAT_SBGP] Failed to dlopen libnuma.so. Fallback to GROUP_BY_SOCKET manual.
[LOG_CAT_SBGP] libnuma.so: cannot open shared object file: No such file or directory
[LOG_CAT_SBGP] Failed to dlopen libnuma.so. Fallback to GROUP_BY_SOCKET manual.
[LOG_CAT_SBGP] libnuma.so: cannot open shared object file: No such file or directory
[LOG_CAT_SBGP] Failed to dlopen libnuma.so. Fallback to GROUP_BY_SOCKET manual.
[LOG_CAT_SBGP] libnuma.so: cannot open shared object file: No such file or directory
[LOG_CAT_SBGP] Failed to dlopen libnuma.so. Fallback to GROUP_BY_SOCKET manual.
[LOG_CAT_SBGP] libnuma.so: cannot open shared object file: No such file or directory
[LOG_CAT_SBGP] Failed to dlopen libnuma.so. Fallback to GROUP_BY_SOCKET manual.
[LOG_CAT_SBGP] libnuma.so: cannot open shared object file: No such file or directory
[LOG_CAT_SBGP] Failed to dlopen libnuma.so. Fallback to GROUP_BY_SOCKET manual.
[LOG_CAT_SBGP] libnuma.so: cannot open shared object file: No such file or directory
[LOG_CAT_SBGP] Failed to dlopen libnuma.so. Fallback to GROUP_BY_SOCKET manual.
[LOG_CAT_SBGP] libnuma.so: cannot open shared object file: No such file or directory
[LOG_CAT_SBGP] Failed to dlopen libnuma.so. Fallback to GROUP_BY_SOCKET manual.
[LOG_CAT_SBGP] Failed to dlopen libnuma.so. Fallback to GROUP_BY_SOCKET manual.
[LOG_CAT_SBGP] libnuma.so: cannot open shared object file: No such file or directory
[LOG_CAT_SBGP] Failed to dlopen libnuma.so. Fallback to GROUP_BY_SOCKET manual.
[LOG_CAT_SBGP] libnuma.so: cannot open shared object file: No such file or directory
[LOG_CAT_SBGP] Failed to dlopen libnuma.so. Fallback to GROUP_BY_SOCKET manual.
[LOG_CAT_SBGP] libnuma.so: cannot open shared object file: No such file or directory
[LOG_CAT_SBGP] libnuma.so: cannot open shared object file: No such file or directory
[LOG_CAT_SBGP] Failed to dlopen libnuma.so. Fallback to GROUP_BY_SOCKET manual.
[LOG_CAT_SBGP] Failed to dlopen libnuma.so. Fallback to GROUP_BY_SOCKET manual.
[LOG_CAT_SBGP] libnuma.so: cannot open shared object file: No such file or directory
[LOG_CAT_SBGP] Failed to dlopen libnuma.so. Fallback to GROUP_BY_SOCKET manual.
[LOG_CAT_SBGP] libnuma.so: cannot open shared object file: No such file or directory
[LOG_CAT_SBGP] Failed to dlopen libnuma.so. Fallback to GROUP_BY_SOCKET manual.
[LOG_CAT_SBGP] libnuma.so: cannot open shared object file: No such file or directory
[LOG_CAT_SBGP] Failed to dlopen libnuma.so. Fallback to GROUP_BY_SOCKET manual.
[LOG_CAT_SBGP] libnuma.so: cannot open shared object file: No such file or directory
[LOG_CAT_SBGP] Failed to dlopen libnuma.so. Fallback to GROUP_BY_SOCKET manual.
[LOG_CAT_SBGP] libnuma.so: cannot open shared object file: No such file or directory
[LOG_CAT_SBGP] Failed to dlopen libnuma.so. Fallback to GROUP_BY_SOCKET manual.
[LOG_CAT_SBGP] libnuma.so: cannot open shared object file: No such file or directory
[LOG_CAT_SBGP] Failed to dlopen libnuma.so. Fallback to GROUP_BY_SOCKET manual.
[LOG_CAT_SBGP] libnuma.so: cannot open shared object file: No such file or directory
[LOG_CAT_SBGP] Failed to dlopen libnuma.so. Fallback to GROUP_BY_SOCKET manual.
[LOG_CAT_SBGP] Failed to dlopen libnuma.so. Fallback to GROUP_BY_SOCKET manual.
[LOG_CAT_SBGP] libnuma.so: cannot open shared object file: No such file or directory
[LOG_CAT_SBGP] Failed to dlopen libnuma.so. Fallback to GROUP_BY_SOCKET manual.
[LOG_CAT_SBGP] libnuma.so: cannot open shared object file: No such file or directory
[LOG_CAT_SBGP] libnuma.so: cannot open shared object file: No such file or directory
[LOG_CAT_SBGP] Failed to dlopen libnuma.so. Fallback to GROUP_BY_SOCKET manual.
[LOG_CAT_SBGP] libnuma.so: cannot open shared object file: No such file or directory
[LOG_CAT_SBGP] Failed to dlopen libnuma.so. Fallback to GROUP_BY_SOCKET manual.
[LOG_CAT_SBGP] libnuma.so: cannot open shared object file: No such file or directory
[LOG_CAT_SBGP] Failed to dlopen libnuma.so. Fallback to GROUP_BY_SOCKET manual.
[LOG_CAT_SBGP] libnuma.so: cannot open shared object file: No such file or directory
[LOG_CAT_SBGP] Failed to dlopen libnuma.so. Fallback to GROUP_BY_SOCKET manual.
[LOG_CAT_SBGP] libnuma.so: cannot open shared object file: No such file or directory
[LOG_CAT_SBGP] Failed to dlopen libnuma.so. Fallback to GROUP_BY_SOCKET manual.
[LOG_CAT_SBGP] libnuma.so: cannot open shared object file: No such file or directory
[LOG_CAT_SBGP] Failed to dlopen libnuma.so. Fallback to GROUP_BY_SOCKET manual.
[LOG_CAT_SBGP] libnuma.so: cannot open shared object file: No such file or directory
[LOG_CAT_SBGP] Failed to dlopen libnuma.so. Fallback to GROUP_BY_SOCKET manual.
[LOG_CAT_SBGP] libnuma.so: cannot open shared object file: No such file or directory
[LOG_CAT_SBGP] Failed to dlopen libnuma.so. Fallback to GROUP_BY_SOCKET manual.
[LOG_CAT_SBGP] libnuma.so: cannot open shared object file: No such file or directory
[LOG_CAT_SBGP] Failed to dlopen libnuma.so. Fallback to GROUP_BY_SOCKET manual.
[LOG_CAT_SBGP] libnuma.so: cannot open shared object file: No such file or directory
[LOG_CAT_SBGP] Failed to dlopen libnuma.so. Fallback to GROUP_BY_SOCKET manual.
[LOG_CAT_SBGP] libnuma.so: cannot open shared object file: No such file or directory
[LOG_CAT_SBGP] Failed to dlopen libnuma.so. Fallback to GROUP_BY_SOCKET manual.
[LOG_CAT_SBGP] libnuma.so: cannot open shared object file: No such file or directory
[LOG_CAT_SBGP] Failed to dlopen libnuma.so. Fallback to GROUP_BY_SOCKET manual.
[LOG_CAT_SBGP] libnuma.so: cannot open shared object file: No such file or directory
[LOG_CAT_SBGP] Failed to dlopen libnuma.so. Fallback to GROUP_BY_SOCKET manual.
[LOG_CAT_SBGP] libnuma.so: cannot open shared object file: No such file or directory
[LOG_CAT_SBGP] Failed to dlopen libnuma.so. Fallback to GROUP_BY_SOCKET manual.
[LOG_CAT_SBGP] libnuma.so: cannot open shared object file: No such file or directory
[LOG_CAT_SBGP] Failed to dlopen libnuma.so. Fallback to GROUP_BY_SOCKET manual.
[LOG_CAT_SBGP] libnuma.so: cannot open shared object file: No such file or directory
[LOG_CAT_SBGP] Failed to dlopen libnuma.so. Fallback to GROUP_BY_SOCKET manual.
[LOG_CAT_SBGP] libnuma.so: cannot open shared object file: No such file or directory
[LOG_CAT_SBGP] Failed to dlopen libnuma.so. Fallback to GROUP_BY_SOCKET manual.
[LOG_CAT_SBGP] libnuma.so: cannot open shared object file: No such file or directory
[LOG_CAT_SBGP] libnuma.so: cannot open shared object file: No such file or directory
[LOG_CAT_SBGP] Failed to dlopen libnuma.so. Fallback to GROUP_BY_SOCKET manual.
[LOG_CAT_SBGP] libnuma.so: cannot open shared object file: No such file or directory
[LOG_CAT_SBGP] Failed to dlopen libnuma.so. Fallback to GROUP_BY_SOCKET manual.
[LOG_CAT_SBGP] libnuma.so: cannot open shared object file: No such file or directory
[LOG_CAT_SBGP] Failed to dlopen libnuma.so. Fallback to GROUP_BY_SOCKET manual.
[LOG_CAT_SBGP] libnuma.so: cannot open shared object file: No such file or directory
[LOG_CAT_SBGP] Failed to dlopen libnuma.so. Fallback to GROUP_BY_SOCKET manual.
[LOG_CAT_SBGP] libnuma.so: cannot open shared object file: No such file or directory
[LOG_CAT_SBGP] Failed to dlopen libnuma.so. Fallback to GROUP_BY_SOCKET manual.
[LOG_CAT_SBGP] libnuma.so: cannot open shared object file: No such file or directory
[LOG_CAT_SBGP] Failed to dlopen libnuma.so. Fallback to GROUP_BY_SOCKET manual.
[LOG_CAT_SBGP] libnuma.so: cannot open shared object file: No such file or directory
[LOG_CAT_SBGP] Failed to dlopen libnuma.so. Fallback to GROUP_BY_SOCKET manual.
[LOG_CAT_SBGP] libnuma.so: cannot open shared object file: No such file or directory
[LOG_CAT_SBGP] Failed to dlopen libnuma.so. Fallback to GROUP_BY_SOCKET manual.
[LOG_CAT_SBGP] libnuma.so: cannot open shared object file: No such file or directory
[LOG_CAT_SBGP] Failed to dlopen libnuma.so. Fallback to GROUP_BY_SOCKET manual.
[LOG_CAT_SBGP] libnuma.so: cannot open shared object file: No such file or directory
[LOG_CAT_SBGP] Failed to dlopen libnuma.so. Fallback to GROUP_BY_SOCKET manual.
[LOG_CAT_SBGP] libnuma.so: cannot open shared object file: No such file or directory
[LOG_CAT_SBGP] Failed to dlopen libnuma.so. Fallback to GROUP_BY_SOCKET manual.
[LOG_CAT_SBGP] libnuma.so: cannot open shared object file: No such file or directory
[LOG_CAT_SBGP] Failed to dlopen libnuma.so. Fallback to GROUP_BY_SOCKET manual.
[LOG_CAT_SBGP] libnuma.so: cannot open shared object file: No such file or directory
[LOG_CAT_SBGP] Failed to dlopen libnuma.so. Fallback to GROUP_BY_SOCKET manual.
[LOG_CAT_SBGP] libnuma.so: cannot open shared object file: No such file or directory
[LOG_CAT_SBGP] Failed to dlopen libnuma.so. Fallback to GROUP_BY_SOCKET manual.
[LOG_CAT_SBGP] libnuma.so: cannot open shared object file: No such file or directory
[LOG_CAT_SBGP] Failed to dlopen libnuma.so. Fallback to GROUP_BY_SOCKET manual.
[LOG_CAT_SBGP] libnuma.so: cannot open shared object file: No such file or directory
[LOG_CAT_SBGP] Failed to dlopen libnuma.so. Fallback to GROUP_BY_SOCKET manual.
[LOG_CAT_SBGP] libnuma.so: cannot open shared object file: No such file or directory
[LOG_CAT_SBGP] Failed to dlopen libnuma.so. Fallback to GROUP_BY_SOCKET manual.
[LOG_CAT_SBGP] libnuma.so: cannot open shared object file: No such file or directory
[LOG_CAT_SBGP] Failed to dlopen libnuma.so. Fallback to GROUP_BY_SOCKET manual.
[LOG_CAT_SBGP] libnuma.so: cannot open shared object file: No such file or directory
[LOG_CAT_SBGP] Failed to dlopen libnuma.so. Fallback to GROUP_BY_SOCKET manual.
[LOG_CAT_SBGP] libnuma.so: cannot open shared object file: No such file or directory
[LOG_CAT_SBGP] Failed to dlopen libnuma.so. Fallback to GROUP_BY_SOCKET manual.
[LOG_CAT_SBGP] libnuma.so: cannot open shared object file: No such file or directory
[LOG_CAT_SBGP] Failed to dlopen libnuma.so. Fallback to GROUP_BY_SOCKET manual.
[LOG_CAT_SBGP] libnuma.so: cannot open shared object file: No such file or directory
[LOG_CAT_SBGP] Failed to dlopen libnuma.so. Fallback to GROUP_BY_SOCKET manual.
[LOG_CAT_SBGP] libnuma.so: cannot open shared object file: No such file or directory
[LOG_CAT_SBGP] Failed to dlopen libnuma.so. Fallback to GROUP_BY_SOCKET manual.
[LOG_CAT_SBGP] libnuma.so: cannot open shared object file: No such file or directory
[LOG_CAT_SBGP] Failed to dlopen libnuma.so. Fallback to GROUP_BY_SOCKET manual.
[LOG_CAT_SBGP] libnuma.so: cannot open shared object file: No such file or directory
[LOG_CAT_SBGP] Failed to dlopen libnuma.so. Fallback to GROUP_BY_SOCKET manual.
[LOG_CAT_SBGP] libnuma.so: cannot open shared object file: No such file or directory
[LOG_CAT_SBGP] Failed to dlopen libnuma.so. Fallback to GROUP_BY_SOCKET manual.
[LOG_CAT_SBGP] libnuma.so: cannot open shared object file: No such file or directory
[LOG_CAT_SBGP] Failed to dlopen libnuma.so. Fallback to GROUP_BY_SOCKET manual.
[LOG_CAT_SBGP] libnuma.so: cannot open shared object file: No such file or directory
[LOG_CAT_SBGP] Failed to dlopen libnuma.so. Fallback to GROUP_BY_SOCKET manual.
[LOG_CAT_SBGP] libnuma.so: cannot open shared object file: No such file or directory
[LOG_CAT_SBGP] Failed to dlopen libnuma.so. Fallback to GROUP_BY_SOCKET manual.
[LOG_CAT_SBGP] libnuma.so: cannot open shared object file: No such file or directory
[LOG_CAT_SBGP] Failed to dlopen libnuma.so. Fallback to GROUP_BY_SOCKET manual.
[LOG_CAT_SBGP] libnuma.so: cannot open shared object file: No such file or directory
[LOG_CAT_SBGP] Failed to dlopen libnuma.so. Fallback to GROUP_BY_SOCKET manual.
[LOG_CAT_SBGP] libnuma.so: cannot open shared object file: No such file or directory
[LOG_CAT_SBGP] Failed to dlopen libnuma.so. Fallback to GROUP_BY_SOCKET manual.
[LOG_CAT_SBGP] libnuma.so: cannot open shared object file: No such file or directory
[LOG_CAT_SBGP] Failed to dlopen libnuma.so. Fallback to GROUP_BY_SOCKET manual.
[LOG_CAT_SBGP] libnuma.so: cannot open shared object file: No such file or directory
[LOG_CAT_SBGP] Failed to dlopen libnuma.so. Fallback to GROUP_BY_SOCKET manual.
[LOG_CAT_SBGP] libnuma.so: cannot open shared object file: No such file or directory
[LOG_CAT_SBGP] Failed to dlopen libnuma.so. Fallback to GROUP_BY_SOCKET manual.
[LOG_CAT_SBGP] libnuma.so: cannot open shared object file: No such file or directory
[LOG_CAT_SBGP] Failed to dlopen libnuma.so. Fallback to GROUP_BY_SOCKET manual.
[LOG_CAT_SBGP] libnuma.so: cannot open shared object file: No such file or directory
[LOG_CAT_SBGP] Failed to dlopen libnuma.so. Fallback to GROUP_BY_SOCKET manual.
[LOG_CAT_SBGP] libnuma.so: cannot open shared object file: No such file or directory
[LOG_CAT_SBGP] Failed to dlopen libnuma.so. Fallback to GROUP_BY_SOCKET manual.
[LOG_CAT_SBGP] libnuma.so: cannot open shared object file: No such file or directory
[LOG_CAT_SBGP] Failed to dlopen libnuma.so. Fallback to GROUP_BY_SOCKET manual.
[LOG_CAT_SBGP] libnuma.so: cannot open shared object file: No such file or directory
[LOG_CAT_SBGP] Failed to dlopen libnuma.so. Fallback to GROUP_BY_SOCKET manual.
[LOG_CAT_SBGP] libnuma.so: cannot open shared object file: No such file or directory
[LOG_CAT_SBGP] Failed to dlopen libnuma.so. Fallback to GROUP_BY_SOCKET manual.
[LOG_CAT_SBGP] libnuma.so: cannot open shared object file: No such file or directory
[LOG_CAT_SBGP] Failed to dlopen libnuma.so. Fallback to GROUP_BY_SOCKET manual.
[LOG_CAT_SBGP] libnuma.so: cannot open shared object file: No such file or directory
[LOG_CAT_SBGP] Failed to dlopen libnuma.so. Fallback to GROUP_BY_SOCKET manual.
[LOG_CAT_SBGP] libnuma.so: cannot open shared object file: No such file or directory
[LOG_CAT_SBGP] Failed to dlopen libnuma.so. Fallback to GROUP_BY_SOCKET manual.
[LOG_CAT_SBGP] libnuma.so: cannot open shared object file: No such file or directory
[LOG_CAT_SBGP] Failed to dlopen libnuma.so. Fallback to GROUP_BY_SOCKET manual.
[LOG_CAT_SBGP] libnuma.so: cannot open shared object file: No such file or directory
[LOG_CAT_SBGP] Failed to dlopen libnuma.so. Fallback to GROUP_BY_SOCKET manual.
[LOG_CAT_SBGP] libnuma.so: cannot open shared object file: No such file or directory
[LOG_CAT_SBGP] Failed to dlopen libnuma.so. Fallback to GROUP_BY_SOCKET manual.
[LOG_CAT_SBGP] libnuma.so: cannot open shared object file: No such file or directory
[LOG_CAT_SBGP] Failed to dlopen libnuma.so. Fallback to GROUP_BY_SOCKET manual.
[LOG_CAT_SBGP] libnuma.so: cannot open shared object file: No such file or directory
[LOG_CAT_SBGP] Failed to dlopen libnuma.so. Fallback to GROUP_BY_SOCKET manual.
[LOG_CAT_SBGP] libnuma.so: cannot open shared object file: No such file or directory
[LOG_CAT_SBGP] Failed to dlopen libnuma.so. Fallback to GROUP_BY_SOCKET manual.
[LOG_CAT_SBGP] libnuma.so: cannot open shared object file: No such file or directory
[LOG_CAT_SBGP] Failed to dlopen libnuma.so. Fallback to GROUP_BY_SOCKET manual.
[LOG_CAT_SBGP] libnuma.so: cannot open shared object file: No such file or directory
[LOG_CAT_SBGP] Failed to dlopen libnuma.so. Fallback to GROUP_BY_SOCKET manual.
[LOG_CAT_SBGP] libnuma.so: cannot open shared object file: No such file or directory
[LOG_CAT_SBGP] Failed to dlopen libnuma.so. Fallback to GROUP_BY_SOCKET manual.
[LOG_CAT_SBGP] libnuma.so: cannot open shared object file: No such file or directory
[LOG_CAT_SBGP] Failed to dlopen libnuma.so. Fallback to GROUP_BY_SOCKET manual.
[LOG_CAT_SBGP] libnuma.so: cannot open shared object file: No such file or directory
[LOG_CAT_SBGP] Failed to dlopen libnuma.so. Fallback to GROUP_BY_SOCKET manual.
[LOG_CAT_SBGP] libnuma.so: cannot open shared object file: No such file or directory
[LOG_CAT_SBGP] Failed to dlopen libnuma.so. Fallback to GROUP_BY_SOCKET manual.
[LOG_CAT_SBGP] libnuma.so: cannot open shared object file: No such file or directory
[LOG_CAT_SBGP] Failed to dlopen libnuma.so. Fallback to GROUP_BY_SOCKET manual.
[LOG_CAT_SBGP] libnuma.so: cannot open shared object file: No such file or directory
[LOG_CAT_SBGP] Failed to dlopen libnuma.so. Fallback to GROUP_BY_SOCKET manual.
[LOG_CAT_SBGP] libnuma.so: cannot open shared object file: No such file or directory
[LOG_CAT_SBGP] Failed to dlopen libnuma.so. Fallback to GROUP_BY_SOCKET manual.
[LOG_CAT_SBGP] libnuma.so: cannot open shared object file: No such file or directory
[LOG_CAT_SBGP] Failed to dlopen libnuma.so. Fallback to GROUP_BY_SOCKET manual.
[LOG_CAT_SBGP] libnuma.so: cannot open shared object file: No such file or directory
[LOG_CAT_SBGP] Failed to dlopen libnuma.so. Fallback to GROUP_BY_SOCKET manual.
[LOG_CAT_SBGP] libnuma.so: cannot open shared object file: No such file or directory
[LOG_CAT_SBGP] Failed to dlopen libnuma.so. Fallback to GROUP_BY_SOCKET manual.
[LOG_CAT_SBGP] libnuma.so: cannot open shared object file: No such file or directory
[LOG_CAT_SBGP] Failed to dlopen libnuma.so. Fallback to GROUP_BY_SOCKET manual.
[LOG_CAT_SBGP] libnuma.so: cannot open shared object file: No such file or directory
[LOG_CAT_SBGP] Failed to dlopen libnuma.so. Fallback to GROUP_BY_SOCKET manual.
[LOG_CAT_SBGP] libnuma.so: cannot open shared object file: No such file or directory
[LOG_CAT_SBGP] Failed to dlopen libnuma.so. Fallback to GROUP_BY_SOCKET manual.
[LOG_CAT_SBGP] libnuma.so: cannot open shared object file: No such file or directory
[LOG_CAT_SBGP] Failed to dlopen libnuma.so. Fallback to GROUP_BY_SOCKET manual.
[LOG_CAT_SBGP] libnuma.so: cannot open shared object file: No such file or directory
[LOG_CAT_SBGP] Failed to dlopen libnuma.so. Fallback to GROUP_BY_SOCKET manual.
[LOG_CAT_SBGP] libnuma.so: cannot open shared object file: No such file or directory
[LOG_CAT_SBGP] Failed to dlopen libnuma.so. Fallback to GROUP_BY_SOCKET manual.
[LOG_CAT_SBGP] libnuma.so: cannot open shared object file: No such file or directory
[LOG_CAT_SBGP] Failed to dlopen libnuma.so. Fallback to GROUP_BY_SOCKET manual.
[LOG_CAT_SBGP] libnuma.so: cannot open shared object file: No such file or directory
[LOG_CAT_SBGP] Failed to dlopen libnuma.so. Fallback to GROUP_BY_SOCKET manual.
[LOG_CAT_SBGP] libnuma.so: cannot open shared object file: No such file or directory
[LOG_CAT_SBGP] Failed to dlopen libnuma.so. Fallback to GROUP_BY_SOCKET manual.
[LOG_CAT_SBGP] libnuma.so: cannot open shared object file: No such file or directory
[LOG_CAT_SBGP] Failed to dlopen libnuma.so. Fallback to GROUP_BY_SOCKET manual.
[LOG_CAT_SBGP] libnuma.so: cannot open shared object file: No such file or directory
[LOG_CAT_SBGP] Failed to dlopen libnuma.so. Fallback to GROUP_BY_SOCKET manual.
[LOG_CAT_SBGP] libnuma.so: cannot open shared object file: No such file or directory
[LOG_CAT_SBGP] Failed to dlopen libnuma.so. Fallback to GROUP_BY_SOCKET manual.
[LOG_CAT_SBGP] libnuma.so: cannot open shared object file: No such file or directory
[LOG_CAT_SBGP] Failed to dlopen libnuma.so. Fallback to GROUP_BY_SOCKET manual.
[LOG_CAT_SBGP] libnuma.so: cannot open shared object file: No such file or directory
[LOG_CAT_SBGP] Failed to dlopen libnuma.so. Fallback to GROUP_BY_SOCKET manual.
[LOG_CAT_SBGP] libnuma.so: cannot open shared object file: No such file or directory
[LOG_CAT_SBGP] Failed to dlopen libnuma.so. Fallback to GROUP_BY_SOCKET manual.
[LOG_CAT_SBGP] libnuma.so: cannot open shared object file: No such file or directory
[LOG_CAT_SBGP] Failed to dlopen libnuma.so. Fallback to GROUP_BY_SOCKET manual.
[LOG_CAT_SBGP] libnuma.so: cannot open shared object file: No such file or directory
[LOG_CAT_SBGP] Failed to dlopen libnuma.so. Fallback to GROUP_BY_SOCKET manual.
[LOG_CAT_SBGP] libnuma.so: cannot open shared object file: No such file or directory
[LOG_CAT_SBGP] Failed to dlopen libnuma.so. Fallback to GROUP_BY_SOCKET manual.
[LOG_CAT_SBGP] libnuma.so: cannot open shared object file: No such file or directory
[LOG_CAT_SBGP] Failed to dlopen libnuma.so. Fallback to GROUP_BY_SOCKET manual.
[LOG_CAT_SBGP] libnuma.so: cannot open shared object file: No such file or directory
[LOG_CAT_SBGP] Failed to dlopen libnuma.so. Fallback to GROUP_BY_SOCKET manual.
[LOG_CAT_SBGP] libnuma.so: cannot open shared object file: No such file or directory
[LOG_CAT_SBGP] Failed to dlopen libnuma.so. Fallback to GROUP_BY_SOCKET manual.
[LOG_CAT_SBGP] libnuma.so: cannot open shared object file: No such file or directory
[LOG_CAT_SBGP] Failed to dlopen libnuma.so. Fallback to GROUP_BY_SOCKET manual.
[LOG_CAT_SBGP] libnuma.so: cannot open shared object file: No such file or directory
[LOG_CAT_SBGP] Failed to dlopen libnuma.so. Fallback to GROUP_BY_SOCKET manual.
[LOG_CAT_SBGP] libnuma.so: cannot open shared object file: No such file or directory
[LOG_CAT_SBGP] Failed to dlopen libnuma.so. Fallback to GROUP_BY_SOCKET manual.
[LOG_CAT_SBGP] libnuma.so: cannot open shared object file: No such file or directory
[LOG_CAT_SBGP] Failed to dlopen libnuma.so. Fallback to GROUP_BY_SOCKET manual.
[LOG_CAT_SBGP] libnuma.so: cannot open shared object file: No such file or directory
[LOG_CAT_SBGP] Failed to dlopen libnuma.so. Fallback to GROUP_BY_SOCKET manual.
[LOG_CAT_SBGP] libnuma.so: cannot open shared object file: No such file or directory
[LOG_CAT_SBGP] Failed to dlopen libnuma.so. Fallback to GROUP_BY_SOCKET manual.
[LOG_CAT_SBGP] libnuma.so: cannot open shared object file: No such file or directory
[LOG_CAT_SBGP] Failed to dlopen libnuma.so. Fallback to GROUP_BY_SOCKET manual.
[LOG_CAT_SBGP] libnuma.so: cannot open shared object file: No such file or directory
[LOG_CAT_SBGP] Failed to dlopen libnuma.so. Fallback to GROUP_BY_SOCKET manual.
[LOG_CAT_SBGP] libnuma.so: cannot open shared object file: No such file or directory
[LOG_CAT_SBGP] Failed to dlopen libnuma.so. Fallback to GROUP_BY_SOCKET manual.
[LOG_CAT_SBGP] libnuma.so: cannot open shared object file: No such file or directory
[LOG_CAT_SBGP] Failed to dlopen libnuma.so. Fallback to GROUP_BY_SOCKET manual.
[LOG_CAT_SBGP] libnuma.so: cannot open shared object file: No such file or directory
[LOG_CAT_SBGP] Failed to dlopen libnuma.so. Fallback to GROUP_BY_SOCKET manual.
[LOG_CAT_SBGP] libnuma.so: cannot open shared object file: No such file or directory
[LOG_CAT_SBGP] Failed to dlopen libnuma.so. Fallback to GROUP_BY_SOCKET manual.
[LOG_CAT_SBGP] libnuma.so: cannot open shared object file: No such file or directory
[LOG_CAT_SBGP] Failed to dlopen libnuma.so. Fallback to GROUP_BY_SOCKET manual.
[LOG_CAT_SBGP] libnuma.so: cannot open shared object file: No such file or directory
[LOG_CAT_SBGP] Failed to dlopen libnuma.so. Fallback to GROUP_BY_SOCKET manual.
[LOG_CAT_SBGP] libnuma.so: cannot open shared object file: No such file or directory
[LOG_CAT_SBGP] Failed to dlopen libnuma.so. Fallback to GROUP_BY_SOCKET manual.
[LOG_CAT_SBGP] libnuma.so: cannot open shared object file: No such file or directory
[LOG_CAT_SBGP] Failed to dlopen libnuma.so. Fallback to GROUP_BY_SOCKET manual.
[LOG_CAT_SBGP] libnuma.so: cannot open shared object file: No such file or directory
[LOG_CAT_SBGP] Failed to dlopen libnuma.so. Fallback to GROUP_BY_SOCKET manual.
[LOG_CAT_SBGP] libnuma.so: cannot open shared object file: No such file or directory
[LOG_CAT_SBGP] Failed to dlopen libnuma.so. Fallback to GROUP_BY_SOCKET manual.
[LOG_CAT_SBGP] libnuma.so: cannot open shared object file: No such file or directory
[LOG_CAT_SBGP] Failed to dlopen libnuma.so. Fallback to GROUP_BY_SOCKET manual.
[LOG_CAT_SBGP] libnuma.so: cannot open shared object file: No such file or directory
[LOG_CAT_SBGP] Failed to dlopen libnuma.so. Fallback to GROUP_BY_SOCKET manual.
[LOG_CAT_SBGP] libnuma.so: cannot open shared object file: No such file or directory
[LOG_CAT_SBGP] Failed to dlopen libnuma.so. Fallback to GROUP_BY_SOCKET manual.
[LOG_CAT_SBGP] libnuma.so: cannot open shared object file: No such file or directory
[LOG_CAT_SBGP] Failed to dlopen libnuma.so. Fallback to GROUP_BY_SOCKET manual.
[LOG_CAT_SBGP] libnuma.so: cannot open shared object file: No such file or directory
[LOG_CAT_SBGP] Failed to dlopen libnuma.so. Fallback to GROUP_BY_SOCKET manual.
[LOG_CAT_SBGP] libnuma.so: cannot open shared object file: No such file or directory
[LOG_CAT_SBGP] Failed to dlopen libnuma.so. Fallback to GROUP_BY_SOCKET manual.
[LOG_CAT_SBGP] libnuma.so: cannot open shared object file: No such file or directory
[LOG_CAT_SBGP] Failed to dlopen libnuma.so. Fallback to GROUP_BY_SOCKET manual.
[LOG_CAT_SBGP] libnuma.so: cannot open shared object file: No such file or directory
[LOG_CAT_SBGP] Failed to dlopen libnuma.so. Fallback to GROUP_BY_SOCKET manual.
[LOG_CAT_SBGP] libnuma.so: cannot open shared object file: No such file or directory
[LOG_CAT_SBGP] Failed to dlopen libnuma.so. Fallback to GROUP_BY_SOCKET manual.
[LOG_CAT_SBGP] libnuma.so: cannot open shared object file: No such file or directory
[LOG_CAT_SBGP] Failed to dlopen libnuma.so. Fallback to GROUP_BY_SOCKET manual.
[LOG_CAT_SBGP] libnuma.so: cannot open shared object file: No such file or directory
[LOG_CAT_SBGP] Failed to dlopen libnuma.so. Fallback to GROUP_BY_SOCKET manual.
[LOG_CAT_SBGP] libnuma.so: cannot open shared object file: No such file or directory
[LOG_CAT_SBGP] Failed to dlopen libnuma.so. Fallback to GROUP_BY_SOCKET manual.
[LOG_CAT_SBGP] libnuma.so: cannot open shared object file: No such file or directory
[LOG_CAT_SBGP] Failed to dlopen libnuma.so. Fallback to GROUP_BY_SOCKET manual.
[LOG_CAT_SBGP] libnuma.so: cannot open shared object file: No such file or directory
[LOG_CAT_SBGP] Failed to dlopen libnuma.so. Fallback to GROUP_BY_SOCKET manual.
[LOG_CAT_SBGP] libnuma.so: cannot open shared object file: No such file or directory
[LOG_CAT_SBGP] Failed to dlopen libnuma.so. Fallback to GROUP_BY_SOCKET manual.
[LOG_CAT_SBGP] libnuma.so: cannot open shared object file: No such file or directory
[LOG_CAT_SBGP] Failed to dlopen libnuma.so. Fallback to GROUP_BY_SOCKET manual.
[LOG_CAT_SBGP] libnuma.so: cannot open shared object file: No such file or directory
[LOG_CAT_SBGP] Failed to dlopen libnuma.so. Fallback to GROUP_BY_SOCKET manual.
[LOG_CAT_SBGP] libnuma.so: cannot open shared object file: No such file or directory
[LOG_CAT_SBGP] Failed to dlopen libnuma.so. Fallback to GROUP_BY_SOCKET manual.
[LOG_CAT_SBGP] libnuma.so: cannot open shared object file: No such file or directory
[LOG_CAT_SBGP] Failed to dlopen libnuma.so. Fallback to GROUP_BY_SOCKET manual.
[LOG_CAT_SBGP] libnuma.so: cannot open shared object file: No such file or directory
[LOG_CAT_SBGP] Failed to dlopen libnuma.so. Fallback to GROUP_BY_SOCKET manual.
[LOG_CAT_SBGP] libnuma.so: cannot open shared object file: No such file or directory
[LOG_CAT_SBGP] Failed to dlopen libnuma.so. Fallback to GROUP_BY_SOCKET manual.
[LOG_CAT_SBGP] libnuma.so: cannot open shared object file: No such file or directory
[LOG_CAT_SBGP] Failed to dlopen libnuma.so. Fallback to GROUP_BY_SOCKET manual.
[LOG_CAT_SBGP] libnuma.so: cannot open shared object file: No such file or directory
[LOG_CAT_SBGP] Failed to dlopen libnuma.so. Fallback to GROUP_BY_SOCKET manual.
[LOG_CAT_SBGP] libnuma.so: cannot open shared object file: No such file or directory
[LOG_CAT_SBGP] Failed to dlopen libnuma.so. Fallback to GROUP_BY_SOCKET manual.
[LOG_CAT_SBGP] libnuma.so: cannot open shared object file: No such file or directory
[LOG_CAT_SBGP] Failed to dlopen libnuma.so. Fallback to GROUP_BY_SOCKET manual.
[LOG_CAT_SBGP] libnuma.so: cannot open shared object file: No such file or directory
[LOG_CAT_SBGP] Failed to dlopen libnuma.so. Fallback to GROUP_BY_SOCKET manual.
[LOG_CAT_SBGP] libnuma.so: cannot open shared object file: No such file or directory
[LOG_CAT_SBGP] Failed to dlopen libnuma.so. Fallback to GROUP_BY_SOCKET manual.
[LOG_CAT_SBGP] libnuma.so: cannot open shared object file: No such file or directory
[LOG_CAT_SBGP] Failed to dlopen libnuma.so. Fallback to GROUP_BY_SOCKET manual.
[LOG_CAT_SBGP] libnuma.so: cannot open shared object file: No such file or directory
[LOG_CAT_SBGP] Failed to dlopen libnuma.so. Fallback to GROUP_BY_SOCKET manual.
[LOG_CAT_SBGP] libnuma.so: cannot open shared object file: No such file or directory
[LOG_CAT_SBGP] Failed to dlopen libnuma.so. Fallback to GROUP_BY_SOCKET manual.
[LOG_CAT_SBGP] libnuma.so: cannot open shared object file: No such file or directory
[LOG_CAT_SBGP] Failed to dlopen libnuma.so. Fallback to GROUP_BY_SOCKET manual.
[LOG_CAT_SBGP] libnuma.so: cannot open shared object file: No such file or directory
[LOG_CAT_SBGP] Failed to dlopen libnuma.so. Fallback to GROUP_BY_SOCKET manual.
[LOG_CAT_SBGP] libnuma.so: cannot open shared object file: No such file or directory
[LOG_CAT_SBGP] Failed to dlopen libnuma.so. Fallback to GROUP_BY_SOCKET manual.
[LOG_CAT_SBGP] libnuma.so: cannot open shared object file: No such file or directory
[LOG_CAT_SBGP] Failed to dlopen libnuma.so. Fallback to GROUP_BY_SOCKET manual.
[LOG_CAT_SBGP] libnuma.so: cannot open shared object file: No such file or directory
[LOG_CAT_SBGP] Failed to dlopen libnuma.so. Fallback to GROUP_BY_SOCKET manual.
[LOG_CAT_SBGP] libnuma.so: cannot open shared object file: No such file or directory
[LOG_CAT_SBGP] Failed to dlopen libnuma.so. Fallback to GROUP_BY_SOCKET manual.
[LOG_CAT_SBGP] libnuma.so: cannot open shared object file: No such file or directory
[LOG_CAT_SBGP] Failed to dlopen libnuma.so. Fallback to GROUP_BY_SOCKET manual.
[LOG_CAT_SBGP] libnuma.so: cannot open shared object file: No such file or directory
[LOG_CAT_SBGP] Failed to dlopen libnuma.so. Fallback to GROUP_BY_SOCKET manual.
[LOG_CAT_SBGP] libnuma.so: cannot open shared object file: No such file or directory
[LOG_CAT_SBGP] Failed to dlopen libnuma.so. Fallback to GROUP_BY_SOCKET manual.
[LOG_CAT_SBGP] libnuma.so: cannot open shared object file: No such file or directory
[LOG_CAT_SBGP] Failed to dlopen libnuma.so. Fallback to GROUP_BY_SOCKET manual.
[LOG_CAT_SBGP] libnuma.so: cannot open shared object file: No such file or directory
[LOG_CAT_SBGP] Failed to dlopen libnuma.so. Fallback to GROUP_BY_SOCKET manual.
[LOG_CAT_SBGP] libnuma.so: cannot open shared object file: No such file or directory
[LOG_CAT_SBGP] Failed to dlopen libnuma.so. Fallback to GROUP_BY_SOCKET manual.
[LOG_CAT_SBGP] libnuma.so: cannot open shared object file: No such file or directory
[LOG_CAT_SBGP] Failed to dlopen libnuma.so. Fallback to GROUP_BY_SOCKET manual.
[LOG_CAT_SBGP] libnuma.so: cannot open shared object file: No such file or directory
[LOG_CAT_SBGP] Failed to dlopen libnuma.so. Fallback to GROUP_BY_SOCKET manual.
[LOG_CAT_SBGP] libnuma.so: cannot open shared object file: No such file or directory
[LOG_CAT_SBGP] Failed to dlopen libnuma.so. Fallback to GROUP_BY_SOCKET manual.
[LOG_CAT_SBGP] libnuma.so: cannot open shared object file: No such file or directory
[LOG_CAT_SBGP] Failed to dlopen libnuma.so. Fallback to GROUP_BY_SOCKET manual.
[LOG_CAT_SBGP] libnuma.so: cannot open shared object file: No such file or directory
[LOG_CAT_SBGP] Failed to dlopen libnuma.so. Fallback to GROUP_BY_SOCKET manual.
[LOG_CAT_SBGP] libnuma.so: cannot open shared object file: No such file or directory
[LOG_CAT_SBGP] Failed to dlopen libnuma.so. Fallback to GROUP_BY_SOCKET manual.
[LOG_CAT_SBGP] libnuma.so: cannot open shared object file: No such file or directory
[LOG_CAT_SBGP] Failed to dlopen libnuma.so. Fallback to GROUP_BY_SOCKET manual.
[LOG_CAT_SBGP] libnuma.so: cannot open shared object file: No such file or directory
[LOG_CAT_SBGP] Failed to dlopen libnuma.so. Fallback to GROUP_BY_SOCKET manual.
[LOG_CAT_SBGP] libnuma.so: cannot open shared object file: No such file or directory
[LOG_CAT_SBGP] Failed to dlopen libnuma.so. Fallback to GROUP_BY_SOCKET manual.
[LOG_CAT_SBGP] libnuma.so: cannot open shared object file: No such file or directory
[LOG_CAT_SBGP] Failed to dlopen libnuma.so. Fallback to GROUP_BY_SOCKET manual.
[LOG_CAT_SBGP] libnuma.so: cannot open shared object file: No such file or directory
[LOG_CAT_SBGP] Failed to dlopen libnuma.so. Fallback to GROUP_BY_SOCKET manual.
[LOG_CAT_SBGP] libnuma.so: cannot open shared object file: No such file or directory
[LOG_CAT_SBGP] Failed to dlopen libnuma.so. Fallback to GROUP_BY_SOCKET manual.
[LOG_CAT_SBGP] libnuma.so: cannot open shared object file: No such file or directory
[LOG_CAT_SBGP] Failed to dlopen libnuma.so. Fallback to GROUP_BY_SOCKET manual.
[LOG_CAT_SBGP] libnuma.so: cannot open shared object file: No such file or directory
[LOG_CAT_SBGP] Failed to dlopen libnuma.so. Fallback to GROUP_BY_SOCKET manual.
[LOG_CAT_SBGP] libnuma.so: cannot open shared object file: No such file or directory
[LOG_CAT_SBGP] Failed to dlopen libnuma.so. Fallback to GROUP_BY_SOCKET manual.
[LOG_CAT_SBGP] libnuma.so: cannot open shared object file: No such file or directory
[LOG_CAT_SBGP] Failed to dlopen libnuma.so. Fallback to GROUP_BY_SOCKET manual.
[LOG_CAT_SBGP] libnuma.so: cannot open shared object file: No such file or directory
[LOG_CAT_SBGP] Failed to dlopen libnuma.so. Fallback to GROUP_BY_SOCKET manual.
[LOG_CAT_SBGP] libnuma.so: cannot open shared object file: No such file or directory
[LOG_CAT_SBGP] Failed to dlopen libnuma.so. Fallback to GROUP_BY_SOCKET manual.
[LOG_CAT_SBGP] libnuma.so: cannot open shared object file: No such file or directory
[LOG_CAT_SBGP] Failed to dlopen libnuma.so. Fallback to GROUP_BY_SOCKET manual.
[LOG_CAT_SBGP] libnuma.so: cannot open shared object file: No such file or directory
[LOG_CAT_SBGP] Failed to dlopen libnuma.so. Fallback to GROUP_BY_SOCKET manual.
[LOG_CAT_SBGP] libnuma.so: cannot open shared object file: No such file or directory
[LOG_CAT_SBGP] Failed to dlopen libnuma.so. Fallback to GROUP_BY_SOCKET manual.
[LOG_CAT_SBGP] libnuma.so: cannot open shared object file: No such file or directory
[LOG_CAT_SBGP] Failed to dlopen libnuma.so. Fallback to GROUP_BY_SOCKET manual.
[LOG_CAT_SBGP] libnuma.so: cannot open shared object file: No such file or directory
[LOG_CAT_SBGP] Failed to dlopen libnuma.so. Fallback to GROUP_BY_SOCKET manual.
[LOG_CAT_SBGP] libnuma.so: cannot open shared object file: No such file or directory
[LOG_CAT_SBGP] Failed to dlopen libnuma.so. Fallback to GROUP_BY_SOCKET manual.
[LOG_CAT_SBGP] libnuma.so: cannot open shared object file: No such file or directory
[LOG_CAT_SBGP] Failed to dlopen libnuma.so. Fallback to GROUP_BY_SOCKET manual.
[LOG_CAT_SBGP] libnuma.so: cannot open shared object file: No such file or directory
[LOG_CAT_SBGP] Failed to dlopen libnuma.so. Fallback to GROUP_BY_SOCKET manual.
[LOG_CAT_SBGP] libnuma.so: cannot open shared object file: No such file or directory
[LOG_CAT_SBGP] Failed to dlopen libnuma.so. Fallback to GROUP_BY_SOCKET manual.
[LOG_CAT_SBGP] libnuma.so: cannot open shared object file: No such file or directory
[LOG_CAT_SBGP] Failed to dlopen libnuma.so. Fallback to GROUP_BY_SOCKET manual.
[LOG_CAT_SBGP] libnuma.so: cannot open shared object file: No such file or directory
[LOG_CAT_SBGP] Failed to dlopen libnuma.so. Fallback to GROUP_BY_SOCKET manual.
[LOG_CAT_SBGP] libnuma.so: cannot open shared object file: No such file or directory
[LOG_CAT_SBGP] Failed to dlopen libnuma.so. Fallback to GROUP_BY_SOCKET manual.
[LOG_CAT_SBGP] libnuma.so: cannot open shared object file: No such file or directory
[LOG_CAT_SBGP] Failed to dlopen libnuma.so. Fallback to GROUP_BY_SOCKET manual.
[LOG_CAT_SBGP] libnuma.so: cannot open shared object file: No such file or directory
[LOG_CAT_SBGP] Failed to dlopen libnuma.so. Fallback to GROUP_BY_SOCKET manual.
[LOG_CAT_SBGP] libnuma.so: cannot open shared object file: No such file or directory
[LOG_CAT_SBGP] Failed to dlopen libnuma.so. Fallback to GROUP_BY_SOCKET manual.
[LOG_CAT_SBGP] libnuma.so: cannot open shared object file: No such file or directory
[LOG_CAT_SBGP] Failed to dlopen libnuma.so. Fallback to GROUP_BY_SOCKET manual.
[LOG_CAT_SBGP] libnuma.so: cannot open shared object file: No such file or directory
[LOG_CAT_SBGP] Failed to dlopen libnuma.so. Fallback to GROUP_BY_SOCKET manual.
[LOG_CAT_SBGP] libnuma.so: cannot open shared object file: No such file or directory
[LOG_CAT_SBGP] Failed to dlopen libnuma.so. Fallback to GROUP_BY_SOCKET manual.
[LOG_CAT_SBGP] libnuma.so: cannot open shared object file: No such file or directory
[LOG_CAT_SBGP] Failed to dlopen libnuma.so. Fallback to GROUP_BY_SOCKET manual.
[LOG_CAT_SBGP] libnuma.so: cannot open shared object file: No such file or directory
[LOG_CAT_SBGP] Failed to dlopen libnuma.so. Fallback to GROUP_BY_SOCKET manual.
[LOG_CAT_SBGP] libnuma.so: cannot open shared object file: No such file or directory
[LOG_CAT_SBGP] Failed to dlopen libnuma.so. Fallback to GROUP_BY_SOCKET manual.
[LOG_CAT_SBGP] libnuma.so: cannot open shared object file: No such file or directory
[LOG_CAT_SBGP] Failed to dlopen libnuma.so. Fallback to GROUP_BY_SOCKET manual.
[LOG_CAT_SBGP] libnuma.so: cannot open shared object file: No such file or directory
[LOG_CAT_SBGP] Failed to dlopen libnuma.so. Fallback to GROUP_BY_SOCKET manual.
[LOG_CAT_SBGP] libnuma.so: cannot open shared object file: No such file or directory
[LOG_CAT_SBGP] Failed to dlopen libnuma.so. Fallback to GROUP_BY_SOCKET manual.
[LOG_CAT_SBGP] libnuma.so: cannot open shared object file: No such file or directory
[LOG_CAT_SBGP] Failed to dlopen libnuma.so. Fallback to GROUP_BY_SOCKET manual.
[LOG_CAT_SBGP] libnuma.so: cannot open shared object file: No such file or directory
[LOG_CAT_SBGP] Failed to dlopen libnuma.so. Fallback to GROUP_BY_SOCKET manual.
[LOG_CAT_SBGP] libnuma.so: cannot open shared object file: No such file or directory
[LOG_CAT_SBGP] Failed to dlopen libnuma.so. Fallback to GROUP_BY_SOCKET manual.
[LOG_CAT_SBGP] libnuma.so: cannot open shared object file: No such file or directory
[LOG_CAT_SBGP] Failed to dlopen libnuma.so. Fallback to GROUP_BY_SOCKET manual.
[LOG_CAT_SBGP] libnuma.so: cannot open shared object file: No such file or directory
[LOG_CAT_SBGP] Failed to dlopen libnuma.so. Fallback to GROUP_BY_SOCKET manual.
[LOG_CAT_SBGP] libnuma.so: cannot open shared object file: No such file or directory
[LOG_CAT_SBGP] Failed to dlopen libnuma.so. Fallback to GROUP_BY_SOCKET manual.
[LOG_CAT_SBGP] libnuma.so: cannot open shared object file: No such file or directory
[LOG_CAT_SBGP] Failed to dlopen libnuma.so. Fallback to GROUP_BY_SOCKET manual.
[LOG_CAT_SBGP] libnuma.so: cannot open shared object file: No such file or directory
[LOG_CAT_SBGP] Failed to dlopen libnuma.so. Fallback to GROUP_BY_SOCKET manual.
[LOG_CAT_SBGP] libnuma.so: cannot open shared object file: No such file or directory
[LOG_CAT_SBGP] Failed to dlopen libnuma.so. Fallback to GROUP_BY_SOCKET manual.
[LOG_CAT_SBGP] libnuma.so: cannot open shared object file: No such file or directory
[LOG_CAT_SBGP] Failed to dlopen libnuma.so. Fallback to GROUP_BY_SOCKET manual.
[LOG_CAT_SBGP] libnuma.so: cannot open shared object file: No such file or directory
[LOG_CAT_SBGP] Failed to dlopen libnuma.so. Fallback to GROUP_BY_SOCKET manual.
[LOG_CAT_SBGP] libnuma.so: cannot open shared object file: No such file or directory
[LOG_CAT_SBGP] Failed to dlopen libnuma.so. Fallback to GROUP_BY_SOCKET manual.
[LOG_CAT_SBGP] libnuma.so: cannot open shared object file: No such file or directory
[LOG_CAT_SBGP] Failed to dlopen libnuma.so. Fallback to GROUP_BY_SOCKET manual.
[LOG_CAT_SBGP] libnuma.so: cannot open shared object file: No such file or directory
[LOG_CAT_SBGP] Failed to dlopen libnuma.so. Fallback to GROUP_BY_SOCKET manual.
[LOG_CAT_SBGP] libnuma.so: cannot open shared object file: No such file or directory
[LOG_CAT_SBGP] Failed to dlopen libnuma.so. Fallback to GROUP_BY_SOCKET manual.
[LOG_CAT_SBGP] libnuma.so: cannot open shared object file: No such file or directory
[LOG_CAT_SBGP] Failed to dlopen libnuma.so. Fallback to GROUP_BY_SOCKET manual.
[LOG_CAT_SBGP] libnuma.so: cannot open shared object file: No such file or directory
[LOG_CAT_SBGP] Failed to dlopen libnuma.so. Fallback to GROUP_BY_SOCKET manual.
[LOG_CAT_SBGP] libnuma.so: cannot open shared object file: No such file or directory
[LOG_CAT_SBGP] Failed to dlopen libnuma.so. Fallback to GROUP_BY_SOCKET manual.
[LOG_CAT_SBGP] libnuma.so: cannot open shared object file: No such file or directory
[LOG_CAT_SBGP] Failed to dlopen libnuma.so. Fallback to GROUP_BY_SOCKET manual.
[LOG_CAT_SBGP] libnuma.so: cannot open shared object file: No such file or directory
[LOG_CAT_SBGP] Failed to dlopen libnuma.so. Fallback to GROUP_BY_SOCKET manual.
[LOG_CAT_SBGP] libnuma.so: cannot open shared object file: No such file or directory
[LOG_CAT_SBGP] Failed to dlopen libnuma.so. Fallback to GROUP_BY_SOCKET manual.
[LOG_CAT_SBGP] libnuma.so: cannot open shared object file: No such file or directory
[LOG_CAT_SBGP] Failed to dlopen libnuma.so. Fallback to GROUP_BY_SOCKET manual.
[LOG_CAT_SBGP] libnuma.so: cannot open shared object file: No such file or directory
[LOG_CAT_SBGP] Failed to dlopen libnuma.so. Fallback to GROUP_BY_SOCKET manual.
[LOG_CAT_SBGP] libnuma.so: cannot open shared object file: No such file or directory
[LOG_CAT_SBGP] Failed to dlopen libnuma.so. Fallback to GROUP_BY_SOCKET manual.
[LOG_CAT_SBGP] libnuma.so: cannot open shared object file: No such file or directory
[LOG_CAT_SBGP] Failed to dlopen libnuma.so. Fallback to GROUP_BY_SOCKET manual.
[LOG_CAT_SBGP] libnuma.so: cannot open shared object file: No such file or directory
[LOG_CAT_SBGP] Failed to dlopen libnuma.so. Fallback to GROUP_BY_SOCKET manual.
[LOG_CAT_SBGP] libnuma.so: cannot open shared object file: No such file or directory
[LOG_CAT_SBGP] Failed to dlopen libnuma.so. Fallback to GROUP_BY_SOCKET manual.
[LOG_CAT_SBGP] libnuma.so: cannot open shared object file: No such file or directory
[LOG_CAT_SBGP] Failed to dlopen libnuma.so. Fallback to GROUP_BY_SOCKET manual.
[LOG_CAT_SBGP] libnuma.so: cannot open shared object file: No such file or directory
[LOG_CAT_SBGP] Failed to dlopen libnuma.so. Fallback to GROUP_BY_SOCKET manual.
[LOG_CAT_SBGP] libnuma.so: cannot open shared object file: No such file or directory
[LOG_CAT_SBGP] Failed to dlopen libnuma.so. Fallback to GROUP_BY_SOCKET manual.
[LOG_CAT_SBGP] libnuma.so: cannot open shared object file: No such file or directory
[LOG_CAT_SBGP] Failed to dlopen libnuma.so. Fallback to GROUP_BY_SOCKET manual.
[LOG_CAT_SBGP] libnuma.so: cannot open shared object file: No such file or directory
[LOG_CAT_SBGP] Failed to dlopen libnuma.so. Fallback to GROUP_BY_SOCKET manual.
[LOG_CAT_SBGP] libnuma.so: cannot open shared object file: No such file or directory
[LOG_CAT_SBGP] Failed to dlopen libnuma.so. Fallback to GROUP_BY_SOCKET manual.
[LOG_CAT_SBGP] libnuma.so: cannot open shared object file: No such file or directory
[LOG_CAT_SBGP] Failed to dlopen libnuma.so. Fallback to GROUP_BY_SOCKET manual.
[LOG_CAT_SBGP] libnuma.so: cannot open shared object file: No such file or directory
[LOG_CAT_SBGP] Failed to dlopen libnuma.so. Fallback to GROUP_BY_SOCKET manual.
[LOG_CAT_SBGP] libnuma.so: cannot open shared object file: No such file or directory
[LOG_CAT_SBGP] Failed to dlopen libnuma.so. Fallback to GROUP_BY_SOCKET manual.
[LOG_CAT_SBGP] libnuma.so: cannot open shared object file: No such file or directory
[LOG_CAT_SBGP] Failed to dlopen libnuma.so. Fallback to GROUP_BY_SOCKET manual.
[LOG_CAT_SBGP] libnuma.so: cannot open shared object file: No such file or directory
[LOG_CAT_SBGP] Failed to dlopen libnuma.so. Fallback to GROUP_BY_SOCKET manual.
[LOG_CAT_SBGP] libnuma.so: cannot open shared object file: No such file or directory
[LOG_CAT_SBGP] Failed to dlopen libnuma.so. Fallback to GROUP_BY_SOCKET manual.
[LOG_CAT_SBGP] libnuma.so: cannot open shared object file: No such file or directory
[LOG_CAT_SBGP] Failed to dlopen libnuma.so. Fallback to GROUP_BY_SOCKET manual.
[LOG_CAT_SBGP] libnuma.so: cannot open shared object file: No such file or directory
[LOG_CAT_SBGP] Failed to dlopen libnuma.so. Fallback to GROUP_BY_SOCKET manual.
[LOG_CAT_SBGP] libnuma.so: cannot open shared object file: No such file or directory
[LOG_CAT_SBGP] Failed to dlopen libnuma.so. Fallback to GROUP_BY_SOCKET manual.
[LOG_CAT_SBGP] libnuma.so: cannot open shared object file: No such file or directory
[LOG_CAT_SBGP] Failed to dlopen libnuma.so. Fallback to GROUP_BY_SOCKET manual.
[LOG_CAT_SBGP] libnuma.so: cannot open shared object file: No such file or directory
[LOG_CAT_SBGP] Failed to dlopen libnuma.so. Fallback to GROUP_BY_SOCKET manual.
[LOG_CAT_SBGP] libnuma.so: cannot open shared object file: No such file or directory
[LOG_CAT_SBGP] Failed to dlopen libnuma.so. Fallback to GROUP_BY_SOCKET manual.
[LOG_CAT_SBGP] libnuma.so: cannot open shared object file: No such file or directory
[LOG_CAT_SBGP] Failed to dlopen libnuma.so. Fallback to GROUP_BY_SOCKET manual.
[LOG_CAT_SBGP] libnuma.so: cannot open shared object file: No such file or directory
[LOG_CAT_SBGP] Failed to dlopen libnuma.so. Fallback to GROUP_BY_SOCKET manual.
[LOG_CAT_SBGP] libnuma.so: cannot open shared object file: No such file or directory
[LOG_CAT_SBGP] Failed to dlopen libnuma.so. Fallback to GROUP_BY_SOCKET manual.
[LOG_CAT_SBGP] libnuma.so: cannot open shared object file: No such file or directory
[LOG_CAT_SBGP] Failed to dlopen libnuma.so. Fallback to GROUP_BY_SOCKET manual.
[LOG_CAT_SBGP] libnuma.so: cannot open shared object file: No such file or directory
[LOG_CAT_SBGP] Failed to dlopen libnuma.so. Fallback to GROUP_BY_SOCKET manual.
[LOG_CAT_SBGP] libnuma.so: cannot open shared object file: No such file or directory
[LOG_CAT_SBGP] Failed to dlopen libnuma.so. Fallback to GROUP_BY_SOCKET manual.
[LOG_CAT_SBGP] libnuma.so: cannot open shared object file: No such file or directory
[LOG_CAT_SBGP] Failed to dlopen libnuma.so. Fallback to GROUP_BY_SOCKET manual.
[LOG_CAT_SBGP] libnuma.so: cannot open shared object file: No such file or directory
[LOG_CAT_SBGP] Failed to dlopen libnuma.so. Fallback to GROUP_BY_SOCKET manual.
[LOG_CAT_SBGP] libnuma.so: cannot open shared object file: No such file or directory
[LOG_CAT_SBGP] Failed to dlopen libnuma.so. Fallback to GROUP_BY_SOCKET manual.
[LOG_CAT_SBGP] libnuma.so: cannot open shared object file: No such file or directory
[LOG_CAT_SBGP] Failed to dlopen libnuma.so. Fallback to GROUP_BY_SOCKET manual.
[LOG_CAT_SBGP] libnuma.so: cannot open shared object file: No such file or directory
[LOG_CAT_SBGP] Failed to dlopen libnuma.so. Fallback to GROUP_BY_SOCKET manual.
[LOG_CAT_SBGP] libnuma.so: cannot open shared object file: No such file or directory
[LOG_CAT_SBGP] Failed to dlopen libnuma.so. Fallback to GROUP_BY_SOCKET manual.
[LOG_CAT_SBGP] libnuma.so: cannot open shared object file: No such file or directory
[LOG_CAT_SBGP] Failed to dlopen libnuma.so. Fallback to GROUP_BY_SOCKET manual.
[LOG_CAT_SBGP] libnuma.so: cannot open shared object file: No such file or directory
[LOG_CAT_SBGP] Failed to dlopen libnuma.so. Fallback to GROUP_BY_SOCKET manual.
[LOG_CAT_SBGP] libnuma.so: cannot open shared object file: No such file or directory
[LOG_CAT_SBGP] Failed to dlopen libnuma.so. Fallback to GROUP_BY_SOCKET manual.
[LOG_CAT_SBGP] libnuma.so: cannot open shared object file: No such file or directory
[LOG_CAT_SBGP] Failed to dlopen libnuma.so. Fallback to GROUP_BY_SOCKET manual.
[LOG_CAT_SBGP] libnuma.so: cannot open shared object file: No such file or directory
[LOG_CAT_SBGP] Failed to dlopen libnuma.so. Fallback to GROUP_BY_SOCKET manual.
[LOG_CAT_SBGP] libnuma.so: cannot open shared object file: No such file or directory
[LOG_CAT_SBGP] Failed to dlopen libnuma.so. Fallback to GROUP_BY_SOCKET manual.
[LOG_CAT_SBGP] libnuma.so: cannot open shared object file: No such file or directory
[LOG_CAT_SBGP] Failed to dlopen libnuma.so. Fallback to GROUP_BY_SOCKET manual.
[LOG_CAT_SBGP] libnuma.so: cannot open shared object file: No such file or directory
[LOG_CAT_SBGP] Failed to dlopen libnuma.so. Fallback to GROUP_BY_SOCKET manual.
[LOG_CAT_SBGP] libnuma.so: cannot open shared object file: No such file or directory
[LOG_CAT_SBGP] Failed to dlopen libnuma.so. Fallback to GROUP_BY_SOCKET manual.
[LOG_CAT_SBGP] libnuma.so: cannot open shared object file: No such file or directory
[LOG_CAT_SBGP] Failed to dlopen libnuma.so. Fallback to GROUP_BY_SOCKET manual.
[LOG_CAT_SBGP] libnuma.so: cannot open shared object file: No such file or directory
[LOG_CAT_SBGP] Failed to dlopen libnuma.so. Fallback to GROUP_BY_SOCKET manual.
[LOG_CAT_SBGP] libnuma.so: cannot open shared object file: No such file or directory
[LOG_CAT_SBGP] Failed to dlopen libnuma.so. Fallback to GROUP_BY_SOCKET manual.
[LOG_CAT_SBGP] libnuma.so: cannot open shared object file: No such file or directory
[LOG_CAT_SBGP] Failed to dlopen libnuma.so. Fallback to GROUP_BY_SOCKET manual.
[LOG_CAT_SBGP] libnuma.so: cannot open shared object file: No such file or directory
[LOG_CAT_SBGP] Failed to dlopen libnuma.so. Fallback to GROUP_BY_SOCKET manual.
[LOG_CAT_SBGP] libnuma.so: cannot open shared object file: No such file or directory
[LOG_CAT_SBGP] Failed to dlopen libnuma.so. Fallback to GROUP_BY_SOCKET manual.
[LOG_CAT_SBGP] libnuma.so: cannot open shared object file: No such file or directory
[LOG_CAT_SBGP] Failed to dlopen libnuma.so. Fallback to GROUP_BY_SOCKET manual.
[LOG_CAT_SBGP] libnuma.so: cannot open shared object file: No such file or directory
[LOG_CAT_SBGP] Failed to dlopen libnuma.so. Fallback to GROUP_BY_SOCKET manual.
[LOG_CAT_SBGP] libnuma.so: cannot open shared object file: No such file or directory
[LOG_CAT_SBGP] Failed to dlopen libnuma.so. Fallback to GROUP_BY_SOCKET manual.
[LOG_CAT_SBGP] libnuma.so: cannot open shared object file: No such file or directory
[LOG_CAT_SBGP] Failed to dlopen libnuma.so. Fallback to GROUP_BY_SOCKET manual.
[LOG_CAT_SBGP] libnuma.so: cannot open shared object file: No such file or directory
[LOG_CAT_SBGP] Failed to dlopen libnuma.so. Fallback to GROUP_BY_SOCKET manual.
[LOG_CAT_SBGP] libnuma.so: cannot open shared object file: No such file or directory
[LOG_CAT_SBGP] Failed to dlopen libnuma.so. Fallback to GROUP_BY_SOCKET manual.
[LOG_CAT_SBGP] libnuma.so: cannot open shared object file: No such file or directory
[LOG_CAT_SBGP] Failed to dlopen libnuma.so. Fallback to GROUP_BY_SOCKET manual.
[LOG_CAT_SBGP] libnuma.so: cannot open shared object file: No such file or directory
[LOG_CAT_SBGP] Failed to dlopen libnuma.so. Fallback to GROUP_BY_SOCKET manual.
[LOG_CAT_SBGP] libnuma.so: cannot open shared object file: No such file or directory
[LOG_CAT_SBGP] Failed to dlopen libnuma.so. Fallback to GROUP_BY_SOCKET manual.
[LOG_CAT_SBGP] libnuma.so: cannot open shared object file: No such file or directory
[LOG_CAT_SBGP] Failed to dlopen libnuma.so. Fallback to GROUP_BY_SOCKET manual.
[LOG_CAT_SBGP] libnuma.so: cannot open shared object file: No such file or directory
[LOG_CAT_SBGP] Failed to dlopen libnuma.so. Fallback to GROUP_BY_SOCKET manual.
[LOG_CAT_SBGP] libnuma.so: cannot open shared object file: No such file or directory
[LOG_CAT_SBGP] Failed to dlopen libnuma.so. Fallback to GROUP_BY_SOCKET manual.
[LOG_CAT_SBGP] libnuma.so: cannot open shared object file: No such file or directory
[LOG_CAT_SBGP] Failed to dlopen libnuma.so. Fallback to GROUP_BY_SOCKET manual.
[LOG_CAT_SBGP] libnuma.so: cannot open shared object file: No such file or directory
[LOG_CAT_SBGP] Failed to dlopen libnuma.so. Fallback to GROUP_BY_SOCKET manual.
[LOG_CAT_SBGP] libnuma.so: cannot open shared object file: No such file or directory
[LOG_CAT_SBGP] Failed to dlopen libnuma.so. Fallback to GROUP_BY_SOCKET manual.
[LOG_CAT_SBGP] libnuma.so: cannot open shared object file: No such file or directory
[LOG_CAT_SBGP] Failed to dlopen libnuma.so. Fallback to GROUP_BY_SOCKET manual.
[LOG_CAT_SBGP] libnuma.so: cannot open shared object file: No such file or directory
[LOG_CAT_SBGP] Failed to dlopen libnuma.so. Fallback to GROUP_BY_SOCKET manual.
[LOG_CAT_SBGP] libnuma.so: cannot open shared object file: No such file or directory
[LOG_CAT_SBGP] Failed to dlopen libnuma.so. Fallback to GROUP_BY_SOCKET manual.
[LOG_CAT_SBGP] libnuma.so: cannot open shared object file: No such file or directory
[LOG_CAT_SBGP] Failed to dlopen libnuma.so. Fallback to GROUP_BY_SOCKET manual.
[LOG_CAT_SBGP] libnuma.so: cannot open shared object file: No such file or directory
[LOG_CAT_SBGP] Failed to dlopen libnuma.so. Fallback to GROUP_BY_SOCKET manual.
[LOG_CAT_SBGP] libnuma.so: cannot open shared object file: No such file or directory
[LOG_CAT_SBGP] Failed to dlopen libnuma.so. Fallback to GROUP_BY_SOCKET manual.
[LOG_CAT_SBGP] libnuma.so: cannot open shared object file: No such file or directory
[LOG_CAT_SBGP] Failed to dlopen libnuma.so. Fallback to GROUP_BY_SOCKET manual.
[LOG_CAT_SBGP] libnuma.so: cannot open shared object file: No such file or directory
[LOG_CAT_SBGP] Failed to dlopen libnuma.so. Fallback to GROUP_BY_SOCKET manual.
[LOG_CAT_SBGP] libnuma.so: cannot open shared object file: No such file or directory
[LOG_CAT_SBGP] Failed to dlopen libnuma.so. Fallback to GROUP_BY_SOCKET manual.
[LOG_CAT_SBGP] libnuma.so: cannot open shared object file: No such file or directory
[LOG_CAT_SBGP] Failed to dlopen libnuma.so. Fallback to GROUP_BY_SOCKET manual.
[LOG_CAT_SBGP] libnuma.so: cannot open shared object file: No such file or directory
[LOG_CAT_SBGP] Failed to dlopen libnuma.so. Fallback to GROUP_BY_SOCKET manual.
[LOG_CAT_SBGP] libnuma.so: cannot open shared object file: No such file or directory
[LOG_CAT_SBGP] Failed to dlopen libnuma.so. Fallback to GROUP_BY_SOCKET manual.
[LOG_CAT_SBGP] libnuma.so: cannot open shared object file: No such file or directory
[LOG_CAT_SBGP] Failed to dlopen libnuma.so. Fallback to GROUP_BY_SOCKET manual.
[LOG_CAT_SBGP] libnuma.so: cannot open shared object file: No such file or directory
[LOG_CAT_SBGP] Failed to dlopen libnuma.so. Fallback to GROUP_BY_SOCKET manual.
[LOG_CAT_SBGP] libnuma.so: cannot open shared object file: No such file or directory
[LOG_CAT_SBGP] Failed to dlopen libnuma.so. Fallback to GROUP_BY_SOCKET manual.
[LOG_CAT_SBGP] libnuma.so: cannot open shared object file: No such file or directory
[LOG_CAT_SBGP] Failed to dlopen libnuma.so. Fallback to GROUP_BY_SOCKET manual.
[LOG_CAT_SBGP] libnuma.so: cannot open shared object file: No such file or directory
[LOG_CAT_SBGP] Failed to dlopen libnuma.so. Fallback to GROUP_BY_SOCKET manual.
[LOG_CAT_SBGP] libnuma.so: cannot open shared object file: No such file or directory
[LOG_CAT_SBGP] Failed to dlopen libnuma.so. Fallback to GROUP_BY_SOCKET manual.
[LOG_CAT_SBGP] libnuma.so: cannot open shared object file: No such file or directory
[LOG_CAT_SBGP] Failed to dlopen libnuma.so. Fallback to GROUP_BY_SOCKET manual.
[LOG_CAT_SBGP] libnuma.so: cannot open shared object file: No such file or directory
[LOG_CAT_SBGP] Failed to dlopen libnuma.so. Fallback to GROUP_BY_SOCKET manual.
[LOG_CAT_SBGP] libnuma.so: cannot open shared object file: No such file or directory
[LOG_CAT_SBGP] Failed to dlopen libnuma.so. Fallback to GROUP_BY_SOCKET manual.
[LOG_CAT_SBGP] libnuma.so: cannot open shared object file: No such file or directory
[LOG_CAT_SBGP] Failed to dlopen libnuma.so. Fallback to GROUP_BY_SOCKET manual.
[LOG_CAT_SBGP] libnuma.so: cannot open shared object file: No such file or directory
[LOG_CAT_SBGP] Failed to dlopen libnuma.so. Fallback to GROUP_BY_SOCKET manual.
[LOG_CAT_SBGP] libnuma.so: cannot open shared object file: No such file or directory
[LOG_CAT_SBGP] Failed to dlopen libnuma.so. Fallback to GROUP_BY_SOCKET manual.
[LOG_CAT_SBGP] libnuma.so: cannot open shared object file: No such file or directory
[LOG_CAT_SBGP] Failed to dlopen libnuma.so. Fallback to GROUP_BY_SOCKET manual.
[LOG_CAT_SBGP] libnuma.so: cannot open shared object file: No such file or directory
[LOG_CAT_SBGP] Failed to dlopen libnuma.so. Fallback to GROUP_BY_SOCKET manual.
[LOG_CAT_SBGP] libnuma.so: cannot open shared object file: No such file or directory
[LOG_CAT_SBGP] Failed to dlopen libnuma.so. Fallback to GROUP_BY_SOCKET manual.
[LOG_CAT_SBGP] libnuma.so: cannot open shared object file: No such file or directory
[LOG_CAT_SBGP] Failed to dlopen libnuma.so. Fallback to GROUP_BY_SOCKET manual.
[LOG_CAT_SBGP] libnuma.so: cannot open shared object file: No such file or directory
[LOG_CAT_SBGP] Failed to dlopen libnuma.so. Fallback to GROUP_BY_SOCKET manual.
[LOG_CAT_SBGP] libnuma.so: cannot open shared object file: No such file or directory
[LOG_CAT_SBGP] Failed to dlopen libnuma.so. Fallback to GROUP_BY_SOCKET manual.
[LOG_CAT_SBGP] libnuma.so: cannot open shared object file: No such file or directory
[LOG_CAT_SBGP] Failed to dlopen libnuma.so. Fallback to GROUP_BY_SOCKET manual.
[LOG_CAT_SBGP] libnuma.so: cannot open shared object file: No such file or directory
[LOG_CAT_SBGP] Failed to dlopen libnuma.so. Fallback to GROUP_BY_SOCKET manual.
[LOG_CAT_SBGP] libnuma.so: cannot open shared object file: No such file or directory
[LOG_CAT_SBGP] Failed to dlopen libnuma.so. Fallback to GROUP_BY_SOCKET manual.
[LOG_CAT_SBGP] libnuma.so: cannot open shared object file: No such file or directory
[LOG_CAT_SBGP] Failed to dlopen libnuma.so. Fallback to GROUP_BY_SOCKET manual.
[LOG_CAT_SBGP] libnuma.so: cannot open shared object file: No such file or directory
[LOG_CAT_SBGP] Failed to dlopen libnuma.so. Fallback to GROUP_BY_SOCKET manual.
[LOG_CAT_SBGP] libnuma.so: cannot open shared object file: No such file or directory
[LOG_CAT_SBGP] Failed to dlopen libnuma.so. Fallback to GROUP_BY_SOCKET manual.
[LOG_CAT_SBGP] libnuma.so: cannot open shared object file: No such file or directory
[LOG_CAT_SBGP] Failed to dlopen libnuma.so. Fallback to GROUP_BY_SOCKET manual.
[LOG_CAT_SBGP] libnuma.so: cannot open shared object file: No such file or directory
[LOG_CAT_SBGP] Failed to dlopen libnuma.so. Fallback to GROUP_BY_SOCKET manual.
[LOG_CAT_SBGP] libnuma.so: cannot open shared object file: No such file or directory
[LOG_CAT_SBGP] Failed to dlopen libnuma.so. Fallback to GROUP_BY_SOCKET manual.
[LOG_CAT_SBGP] libnuma.so: cannot open shared object file: No such file or directory
[LOG_CAT_SBGP] Failed to dlopen libnuma.so. Fallback to GROUP_BY_SOCKET manual.
[LOG_CAT_SBGP] libnuma.so: cannot open shared object file: No such file or directory
[LOG_CAT_SBGP] Failed to dlopen libnuma.so. Fallback to GROUP_BY_SOCKET manual.
[LOG_CAT_SBGP] libnuma.so: cannot open shared object file: No such file or directory
[LOG_CAT_SBGP] Failed to dlopen libnuma.so. Fallback to GROUP_BY_SOCKET manual.
[LOG_CAT_SBGP] libnuma.so: cannot open shared object file: No such file or directory
[LOG_CAT_SBGP] Failed to dlopen libnuma.so. Fallback to GROUP_BY_SOCKET manual.
[LOG_CAT_SBGP] libnuma.so: cannot open shared object file: No such file or directory
[LOG_CAT_SBGP] Failed to dlopen libnuma.so. Fallback to GROUP_BY_SOCKET manual.
[LOG_CAT_SBGP] libnuma.so: cannot open shared object file: No such file or directory
[LOG_CAT_SBGP] Failed to dlopen libnuma.so. Fallback to GROUP_BY_SOCKET manual.
[LOG_CAT_SBGP] libnuma.so: cannot open shared object file: No such file or directory
[LOG_CAT_SBGP] Failed to dlopen libnuma.so. Fallback to GROUP_BY_SOCKET manual.
[LOG_CAT_SBGP] libnuma.so: cannot open shared object file: No such file or directory
[LOG_CAT_SBGP] Failed to dlopen libnuma.so. Fallback to GROUP_BY_SOCKET manual.
[LOG_CAT_SBGP] libnuma.so: cannot open shared object file: No such file or directory
[LOG_CAT_SBGP] Failed to dlopen libnuma.so. Fallback to GROUP_BY_SOCKET manual.
[LOG_CAT_SBGP] libnuma.so: cannot open shared object file: No such file or directory
[LOG_CAT_SBGP] Failed to dlopen libnuma.so. Fallback to GROUP_BY_SOCKET manual.
[LOG_CAT_SBGP] libnuma.so: cannot open shared object file: No such file or directory
[LOG_CAT_SBGP] Failed to dlopen libnuma.so. Fallback to GROUP_BY_SOCKET manual.
[LOG_CAT_SBGP] libnuma.so: cannot open shared object file: No such file or directory
[LOG_CAT_SBGP] Failed to dlopen libnuma.so. Fallback to GROUP_BY_SOCKET manual.
[LOG_CAT_SBGP] libnuma.so: cannot open shared object file: No such file or directory
[LOG_CAT_SBGP] Failed to dlopen libnuma.so. Fallback to GROUP_BY_SOCKET manual.
[LOG_CAT_SBGP] libnuma.so: cannot open shared object file: No such file or directory
[LOG_CAT_SBGP] Failed to dlopen libnuma.so. Fallback to GROUP_BY_SOCKET manual.
[LOG_CAT_SBGP] libnuma.so: cannot open shared object file: No such file or directory
[LOG_CAT_SBGP] Failed to dlopen libnuma.so. Fallback to GROUP_BY_SOCKET manual.
[LOG_CAT_SBGP] libnuma.so: cannot open shared object file: No such file or directory
[LOG_CAT_SBGP] Failed to dlopen libnuma.so. Fallback to GROUP_BY_SOCKET manual.
[LOG_CAT_SBGP] libnuma.so: cannot open shared object file: No such file or directory
[LOG_CAT_SBGP] Failed to dlopen libnuma.so. Fallback to GROUP_BY_SOCKET manual.
[LOG_CAT_SBGP] libnuma.so: cannot open shared object file: No such file or directory
[LOG_CAT_SBGP] Failed to dlopen libnuma.so. Fallback to GROUP_BY_SOCKET manual.
[LOG_CAT_SBGP] libnuma.so: cannot open shared object file: No such file or directory
[LOG_CAT_SBGP] Failed to dlopen libnuma.so. Fallback to GROUP_BY_SOCKET manual.
[LOG_CAT_SBGP] libnuma.so: cannot open shared object file: No such file or directory
[LOG_CAT_SBGP] Failed to dlopen libnuma.so. Fallback to GROUP_BY_SOCKET manual.
[LOG_CAT_SBGP] libnuma.so: cannot open shared object file: No such file or directory
[LOG_CAT_SBGP] Failed to dlopen libnuma.so. Fallback to GROUP_BY_SOCKET manual.
[LOG_CAT_SBGP] libnuma.so: cannot open shared object file: No such file or directory
[LOG_CAT_SBGP] Failed to dlopen libnuma.so. Fallback to GROUP_BY_SOCKET manual.
[LOG_CAT_SBGP] libnuma.so: cannot open shared object file: No such file or directory
[LOG_CAT_SBGP] Failed to dlopen libnuma.so. Fallback to GROUP_BY_SOCKET manual.
[LOG_CAT_SBGP] libnuma.so: cannot open shared object file: No such file or directory
[LOG_CAT_SBGP] Failed to dlopen libnuma.so. Fallback to GROUP_BY_SOCKET manual.
[LOG_CAT_SBGP] libnuma.so: cannot open shared object file: No such file or directory
[LOG_CAT_SBGP] Failed to dlopen libnuma.so. Fallback to GROUP_BY_SOCKET manual.
[LOG_CAT_SBGP] libnuma.so: cannot open shared object file: No such file or directory
[LOG_CAT_SBGP] Failed to dlopen libnuma.so. Fallback to GROUP_BY_SOCKET manual.
[LOG_CAT_SBGP] libnuma.so: cannot open shared object file: No such file or directory
[LOG_CAT_SBGP] Failed to dlopen libnuma.so. Fallback to GROUP_BY_SOCKET manual.
[LOG_CAT_SBGP] libnuma.so: cannot open shared object file: No such file or directory
[LOG_CAT_SBGP] Failed to dlopen libnuma.so. Fallback to GROUP_BY_SOCKET manual.
[LOG_CAT_SBGP] libnuma.so: cannot open shared object file: No such file or directory
[LOG_CAT_SBGP] Failed to dlopen libnuma.so. Fallback to GROUP_BY_SOCKET manual.
[LOG_CAT_SBGP] libnuma.so: cannot open shared object file: No such file or directory
[LOG_CAT_SBGP] Failed to dlopen libnuma.so. Fallback to GROUP_BY_SOCKET manual.
[LOG_CAT_SBGP] libnuma.so: cannot open shared object file: No such file or directory
[LOG_CAT_SBGP] Failed to dlopen libnuma.so. Fallback to GROUP_BY_SOCKET manual.
[LOG_CAT_SBGP] libnuma.so: cannot open shared object file: No such file or directory
[LOG_CAT_SBGP] Failed to dlopen libnuma.so. Fallback to GROUP_BY_SOCKET manual.
[LOG_CAT_SBGP] libnuma.so: cannot open shared object file: No such file or directory
[LOG_CAT_SBGP] Failed to dlopen libnuma.so. Fallback to GROUP_BY_SOCKET manual.
[LOG_CAT_SBGP] libnuma.so: cannot open shared object file: No such file or directory
[LOG_CAT_SBGP] Failed to dlopen libnuma.so. Fallback to GROUP_BY_SOCKET manual.
[LOG_CAT_SBGP] libnuma.so: cannot open shared object file: No such file or directory
[LOG_CAT_SBGP] Failed to dlopen libnuma.so. Fallback to GROUP_BY_SOCKET manual.
[LOG_CAT_SBGP] libnuma.so: cannot open shared object file: No such file or directory
[LOG_CAT_SBGP] Failed to dlopen libnuma.so. Fallback to GROUP_BY_SOCKET manual.
[LOG_CAT_SBGP] libnuma.so: cannot open shared object file: No such file or directory
[LOG_CAT_SBGP] Failed to dlopen libnuma.so. Fallback to GROUP_BY_SOCKET manual.
[LOG_CAT_SBGP] libnuma.so: cannot open shared object file: No such file or directory
[LOG_CAT_SBGP] Failed to dlopen libnuma.so. Fallback to GROUP_BY_SOCKET manual.
[LOG_CAT_SBGP] libnuma.so: cannot open shared object file: No such file or directory
[LOG_CAT_SBGP] Failed to dlopen libnuma.so. Fallback to GROUP_BY_SOCKET manual.
[LOG_CAT_SBGP] libnuma.so: cannot open shared object file: No such file or directory
[LOG_CAT_SBGP] Failed to dlopen libnuma.so. Fallback to GROUP_BY_SOCKET manual.
[LOG_CAT_SBGP] libnuma.so: cannot open shared object file: No such file or directory
[LOG_CAT_SBGP] Failed to dlopen libnuma.so. Fallback to GROUP_BY_SOCKET manual.
[LOG_CAT_SBGP] libnuma.so: cannot open shared object file: No such file or directory
[LOG_CAT_SBGP] Failed to dlopen libnuma.so. Fallback to GROUP_BY_SOCKET manual.
[LOG_CAT_SBGP] libnuma.so: cannot open shared object file: No such file or directory
[LOG_CAT_SBGP] Failed to dlopen libnuma.so. Fallback to GROUP_BY_SOCKET manual.
[LOG_CAT_SBGP] libnuma.so: cannot open shared object file: No such file or directory
[LOG_CAT_SBGP] Failed to dlopen libnuma.so. Fallback to GROUP_BY_SOCKET manual.
[LOG_CAT_SBGP] libnuma.so: cannot open shared object file: No such file or directory
[LOG_CAT_SBGP] Failed to dlopen libnuma.so. Fallback to GROUP_BY_SOCKET manual.
[LOG_CAT_SBGP] libnuma.so: cannot open shared object file: No such file or directory
[LOG_CAT_SBGP] Failed to dlopen libnuma.so. Fallback to GROUP_BY_SOCKET manual.
[LOG_CAT_SBGP] libnuma.so: cannot open shared object file: No such file or directory
[LOG_CAT_SBGP] Failed to dlopen libnuma.so. Fallback to GROUP_BY_SOCKET manual.
[LOG_CAT_SBGP] libnuma.so: cannot open shared object file: No such file or directory
[LOG_CAT_SBGP] Failed to dlopen libnuma.so. Fallback to GROUP_BY_SOCKET manual.
[LOG_CAT_SBGP] libnuma.so: cannot open shared object file: No such file or directory
[LOG_CAT_SBGP] Failed to dlopen libnuma.so. Fallback to GROUP_BY_SOCKET manual.
[LOG_CAT_SBGP] libnuma.so: cannot open shared object file: No such file or directory
[LOG_CAT_SBGP] Failed to dlopen libnuma.so. Fallback to GROUP_BY_SOCKET manual.
[LOG_CAT_SBGP] libnuma.so: cannot open shared object file: No such file or directory
[LOG_CAT_SBGP] Failed to dlopen libnuma.so. Fallback to GROUP_BY_SOCKET manual.
[LOG_CAT_SBGP] libnuma.so: cannot open shared object file: No such file or directory
[LOG_CAT_SBGP] Failed to dlopen libnuma.so. Fallback to GROUP_BY_SOCKET manual.
[LOG_CAT_SBGP] libnuma.so: cannot open shared object file: No such file or directory
[LOG_CAT_SBGP] Failed to dlopen libnuma.so. Fallback to GROUP_BY_SOCKET manual.
[LOG_CAT_SBGP] libnuma.so: cannot open shared object file: No such file or directory
[LOG_CAT_SBGP] Failed to dlopen libnuma.so. Fallback to GROUP_BY_SOCKET manual.
[LOG_CAT_SBGP] libnuma.so: cannot open shared object file: No such file or directory
[LOG_CAT_SBGP] Failed to dlopen libnuma.so. Fallback to GROUP_BY_SOCKET manual.
[LOG_CAT_SBGP] libnuma.so: cannot open shared object file: No such file or directory
[LOG_CAT_SBGP] Failed to dlopen libnuma.so. Fallback to GROUP_BY_SOCKET manual.
[LOG_CAT_SBGP] libnuma.so: cannot open shared object file: No such file or directory
[LOG_CAT_SBGP] Failed to dlopen libnuma.so. Fallback to GROUP_BY_SOCKET manual.
[LOG_CAT_SBGP] libnuma.so: cannot open shared object file: No such file or directory
[LOG_CAT_SBGP] Failed to dlopen libnuma.so. Fallback to GROUP_BY_SOCKET manual.
[LOG_CAT_SBGP] libnuma.so: cannot open shared object file: No such file or directory
[LOG_CAT_SBGP] Failed to dlopen libnuma.so. Fallback to GROUP_BY_SOCKET manual.
[LOG_CAT_SBGP] libnuma.so: cannot open shared object file: No such file or directory
[LOG_CAT_SBGP] Failed to dlopen libnuma.so. Fallback to GROUP_BY_SOCKET manual.
[LOG_CAT_SBGP] libnuma.so: cannot open shared object file: No such file or directory
[LOG_CAT_SBGP] Failed to dlopen libnuma.so. Fallback to GROUP_BY_SOCKET manual.
[LOG_CAT_SBGP] libnuma.so: cannot open shared object file: No such file or directory
[LOG_CAT_SBGP] Failed to dlopen libnuma.so. Fallback to GROUP_BY_SOCKET manual.
[LOG_CAT_SBGP] libnuma.so: cannot open shared object file: No such file or directory
[LOG_CAT_SBGP] Failed to dlopen libnuma.so. Fallback to GROUP_BY_SOCKET manual.
[LOG_CAT_SBGP] libnuma.so: cannot open shared object file: No such file or directory
[LOG_CAT_SBGP] Failed to dlopen libnuma.so. Fallback to GROUP_BY_SOCKET manual.
[LOG_CAT_SBGP] libnuma.so: cannot open shared object file: No such file or directory
[LOG_CAT_SBGP] Failed to dlopen libnuma.so. Fallback to GROUP_BY_SOCKET manual.
[LOG_CAT_SBGP] libnuma.so: cannot open shared object file: No such file or directory
[LOG_CAT_SBGP] Failed to dlopen libnuma.so. Fallback to GROUP_BY_SOCKET manual.
[LOG_CAT_SBGP] libnuma.so: cannot open shared object file: No such file or directory
[LOG_CAT_SBGP] Failed to dlopen libnuma.so. Fallback to GROUP_BY_SOCKET manual.
[LOG_CAT_SBGP] libnuma.so: cannot open shared object file: No such file or directory
[LOG_CAT_SBGP] Failed to dlopen libnuma.so. Fallback to GROUP_BY_SOCKET manual.
[LOG_CAT_SBGP] libnuma.so: cannot open shared object file: No such file or directory
[LOG_CAT_SBGP] Failed to dlopen libnuma.so. Fallback to GROUP_BY_SOCKET manual.
[LOG_CAT_SBGP] libnuma.so: cannot open shared object file: No such file or directory
[LOG_CAT_SBGP] Failed to dlopen libnuma.so. Fallback to GROUP_BY_SOCKET manual.
[LOG_CAT_SBGP] libnuma.so: cannot open shared object file: No such file or directory
[LOG_CAT_SBGP] Failed to dlopen libnuma.so. Fallback to GROUP_BY_SOCKET manual.
[LOG_CAT_SBGP] libnuma.so: cannot open shared object file: No such file or directory
[LOG_CAT_SBGP] Failed to dlopen libnuma.so. Fallback to GROUP_BY_SOCKET manual.
[LOG_CAT_SBGP] libnuma.so: cannot open shared object file: No such file or directory
[LOG_CAT_SBGP] Failed to dlopen libnuma.so. Fallback to GROUP_BY_SOCKET manual.
[LOG_CAT_SBGP] libnuma.so: cannot open shared object file: No such file or directory
[LOG_CAT_SBGP] Failed to dlopen libnuma.so. Fallback to GROUP_BY_SOCKET manual.
[LOG_CAT_SBGP] libnuma.so: cannot open shared object file: No such file or directory
[LOG_CAT_SBGP] Failed to dlopen libnuma.so. Fallback to GROUP_BY_SOCKET manual.
[LOG_CAT_SBGP] libnuma.so: cannot open shared object file: No such file or directory
[LOG_CAT_SBGP] Failed to dlopen libnuma.so. Fallback to GROUP_BY_SOCKET manual.
[LOG_CAT_SBGP] libnuma.so: cannot open shared object file: No such file or directory
[LOG_CAT_SBGP] Failed to dlopen libnuma.so. Fallback to GROUP_BY_SOCKET manual.
[LOG_CAT_SBGP] libnuma.so: cannot open shared object file: No such file or directory
[LOG_CAT_SBGP] Failed to dlopen libnuma.so. Fallback to GROUP_BY_SOCKET manual.
[LOG_CAT_SBGP] libnuma.so: cannot open shared object file: No such file or directory
[LOG_CAT_SBGP] Failed to dlopen libnuma.so. Fallback to GROUP_BY_SOCKET manual.
[LOG_CAT_SBGP] libnuma.so: cannot open shared object file: No such file or directory
[LOG_CAT_SBGP] Failed to dlopen libnuma.so. Fallback to GROUP_BY_SOCKET manual.
[LOG_CAT_SBGP] libnuma.so: cannot open shared object file: No such file or directory
[LOG_CAT_SBGP] Failed to dlopen libnuma.so. Fallback to GROUP_BY_SOCKET manual.
[LOG_CAT_SBGP] libnuma.so: cannot open shared object file: No such file or directory
[LOG_CAT_SBGP] Failed to dlopen libnuma.so. Fallback to GROUP_BY_SOCKET manual.
[LOG_CAT_SBGP] libnuma.so: cannot open shared object file: No such file or directory
[LOG_CAT_SBGP] Failed to dlopen libnuma.so. Fallback to GROUP_BY_SOCKET manual.
[LOG_CAT_SBGP] libnuma.so: cannot open shared object file: No such file or directory
[LOG_CAT_SBGP] Failed to dlopen libnuma.so. Fallback to GROUP_BY_SOCKET manual.
[LOG_CAT_SBGP] libnuma.so: cannot open shared object file: No such file or directory
[LOG_CAT_SBGP] Failed to dlopen libnuma.so. Fallback to GROUP_BY_SOCKET manual.
[LOG_CAT_SBGP] libnuma.so: cannot open shared object file: No such file or directory
[LOG_CAT_SBGP] Failed to dlopen libnuma.so. Fallback to GROUP_BY_SOCKET manual.
[LOG_CAT_SBGP] libnuma.so: cannot open shared object file: No such file or directory
[LOG_CAT_SBGP] Failed to dlopen libnuma.so. Fallback to GROUP_BY_SOCKET manual.
[LOG_CAT_SBGP] libnuma.so: cannot open shared object file: No such file or directory
[LOG_CAT_SBGP] Failed to dlopen libnuma.so. Fallback to GROUP_BY_SOCKET manual.
[LOG_CAT_SBGP] libnuma.so: cannot open shared object file: No such file or directory
[LOG_CAT_SBGP] Failed to dlopen libnuma.so. Fallback to GROUP_BY_SOCKET manual.
[LOG_CAT_SBGP] libnuma.so: cannot open shared object file: No such file or directory
[LOG_CAT_SBGP] Failed to dlopen libnuma.so. Fallback to GROUP_BY_SOCKET manual.
[LOG_CAT_SBGP] libnuma.so: cannot open shared object file: No such file or directory
[LOG_CAT_SBGP] Failed to dlopen libnuma.so. Fallback to GROUP_BY_SOCKET manual.
[LOG_CAT_SBGP] libnuma.so: cannot open shared object file: No such file or directory
[LOG_CAT_SBGP] Failed to dlopen libnuma.so. Fallback to GROUP_BY_SOCKET manual.
[LOG_CAT_SBGP] libnuma.so: cannot open shared object file: No such file or directory
[LOG_CAT_SBGP] Failed to dlopen libnuma.so. Fallback to GROUP_BY_SOCKET manual.
[LOG_CAT_SBGP] libnuma.so: cannot open shared object file: No such file or directory
[LOG_CAT_SBGP] Failed to dlopen libnuma.so. Fallback to GROUP_BY_SOCKET manual.
[LOG_CAT_SBGP] libnuma.so: cannot open shared object file: No such file or directory
[LOG_CAT_SBGP] Failed to dlopen libnuma.so. Fallback to GROUP_BY_SOCKET manual.
[LOG_CAT_SBGP] libnuma.so: cannot open shared object file: No such file or directory
[LOG_CAT_SBGP] Failed to dlopen libnuma.so. Fallback to GROUP_BY_SOCKET manual.
[LOG_CAT_SBGP] libnuma.so: cannot open shared object file: No such file or directory
[LOG_CAT_SBGP] Failed to dlopen libnuma.so. Fallback to GROUP_BY_SOCKET manual.
[LOG_CAT_SBGP] libnuma.so: cannot open shared object file: No such file or directory
[LOG_CAT_SBGP] Failed to dlopen libnuma.so. Fallback to GROUP_BY_SOCKET manual.
[LOG_CAT_SBGP] libnuma.so: cannot open shared object file: No such file or directory
[LOG_CAT_SBGP] Failed to dlopen libnuma.so. Fallback to GROUP_BY_SOCKET manual.
[LOG_CAT_SBGP] libnuma.so: cannot open shared object file: No such file or directory
[LOG_CAT_SBGP] Failed to dlopen libnuma.so. Fallback to GROUP_BY_SOCKET manual.
[LOG_CAT_SBGP] libnuma.so: cannot open shared object file: No such file or directory
[LOG_CAT_SBGP] Failed to dlopen libnuma.so. Fallback to GROUP_BY_SOCKET manual.
[LOG_CAT_SBGP] libnuma.so: cannot open shared object file: No such file or directory
[LOG_CAT_SBGP] Failed to dlopen libnuma.so. Fallback to GROUP_BY_SOCKET manual.
[LOG_CAT_SBGP] libnuma.so: cannot open shared object file: No such file or directory
[LOG_CAT_SBGP] Failed to dlopen libnuma.so. Fallback to GROUP_BY_SOCKET manual.
[LOG_CAT_SBGP] libnuma.so: cannot open shared object file: No such file or directory
[LOG_CAT_SBGP] Failed to dlopen libnuma.so. Fallback to GROUP_BY_SOCKET manual.
[LOG_CAT_SBGP] libnuma.so: cannot open shared object file: No such file or directory
[LOG_CAT_SBGP] Failed to dlopen libnuma.so. Fallback to GROUP_BY_SOCKET manual.
[LOG_CAT_SBGP] libnuma.so: cannot open shared object file: No such file or directory
[LOG_CAT_SBGP] Failed to dlopen libnuma.so. Fallback to GROUP_BY_SOCKET manual.
[LOG_CAT_SBGP] libnuma.so: cannot open shared object file: No such file or directory
[LOG_CAT_SBGP] Failed to dlopen libnuma.so. Fallback to GROUP_BY_SOCKET manual.
[LOG_CAT_SBGP] libnuma.so: cannot open shared object file: No such file or directory
[LOG_CAT_SBGP] Failed to dlopen libnuma.so. Fallback to GROUP_BY_SOCKET manual.
[LOG_CAT_SBGP] libnuma.so: cannot open shared object file: No such file or directory
[LOG_CAT_SBGP] Failed to dlopen libnuma.so. Fallback to GROUP_BY_SOCKET manual.
[LOG_CAT_SBGP] libnuma.so: cannot open shared object file: No such file or directory
[LOG_CAT_SBGP] Failed to dlopen libnuma.so. Fallback to GROUP_BY_SOCKET manual.
[LOG_CAT_SBGP] libnuma.so: cannot open shared object file: No such file or directory
[LOG_CAT_SBGP] Failed to dlopen libnuma.so. Fallback to GROUP_BY_SOCKET manual.
[LOG_CAT_SBGP] libnuma.so: cannot open shared object file: No such file or directory
[LOG_CAT_SBGP] Failed to dlopen libnuma.so. Fallback to GROUP_BY_SOCKET manual.
[LOG_CAT_SBGP] libnuma.so: cannot open shared object file: No such file or directory
[LOG_CAT_SBGP] Failed to dlopen libnuma.so. Fallback to GROUP_BY_SOCKET manual.
[LOG_CAT_SBGP] libnuma.so: cannot open shared object file: No such file or directory
[LOG_CAT_SBGP] Failed to dlopen libnuma.so. Fallback to GROUP_BY_SOCKET manual.
[LOG_CAT_SBGP] libnuma.so: cannot open shared object file: No such file or directory
[LOG_CAT_SBGP] Failed to dlopen libnuma.so. Fallback to GROUP_BY_SOCKET manual.
[LOG_CAT_SBGP] libnuma.so: cannot open shared object file: No such file or directory
[LOG_CAT_SBGP] Failed to dlopen libnuma.so. Fallback to GROUP_BY_SOCKET manual.
[LOG_CAT_SBGP] libnuma.so: cannot open shared object file: No such file or directory
[LOG_CAT_SBGP] Failed to dlopen libnuma.so. Fallback to GROUP_BY_SOCKET manual.
[LOG_CAT_SBGP] libnuma.so: cannot open shared object file: No such file or directory
[LOG_CAT_SBGP] Failed to dlopen libnuma.so. Fallback to GROUP_BY_SOCKET manual.
[LOG_CAT_SBGP] libnuma.so: cannot open shared object file: No such file or directory
[LOG_CAT_SBGP] Failed to dlopen libnuma.so. Fallback to GROUP_BY_SOCKET manual.
[LOG_CAT_SBGP] libnuma.so: cannot open shared object file: No such file or directory
[LOG_CAT_SBGP] Failed to dlopen libnuma.so. Fallback to GROUP_BY_SOCKET manual.
[LOG_CAT_SBGP] libnuma.so: cannot open shared object file: No such file or directory
[LOG_CAT_SBGP] Failed to dlopen libnuma.so. Fallback to GROUP_BY_SOCKET manual.
[LOG_CAT_SBGP] libnuma.so: cannot open shared object file: No such file or directory
[LOG_CAT_SBGP] Failed to dlopen libnuma.so. Fallback to GROUP_BY_SOCKET manual.
[LOG_CAT_SBGP] libnuma.so: cannot open shared object file: No such file or directory
[LOG_CAT_SBGP] Failed to dlopen libnuma.so. Fallback to GROUP_BY_SOCKET manual.
[LOG_CAT_SBGP] libnuma.so: cannot open shared object file: No such file or directory
[LOG_CAT_SBGP] Failed to dlopen libnuma.so. Fallback to GROUP_BY_SOCKET manual.
[LOG_CAT_SBGP] libnuma.so: cannot open shared object file: No such file or directory
[LOG_CAT_SBGP] Failed to dlopen libnuma.so. Fallback to GROUP_BY_SOCKET manual.
[LOG_CAT_SBGP] libnuma.so: cannot open shared object file: No such file or directory
[LOG_CAT_SBGP] Failed to dlopen libnuma.so. Fallback to GROUP_BY_SOCKET manual.
[LOG_CAT_SBGP] libnuma.so: cannot open shared object file: No such file or directory
[LOG_CAT_SBGP] Failed to dlopen libnuma.so. Fallback to GROUP_BY_SOCKET manual.
[LOG_CAT_SBGP] libnuma.so: cannot open shared object file: No such file or directory
[LOG_CAT_SBGP] Failed to dlopen libnuma.so. Fallback to GROUP_BY_SOCKET manual.
[LOG_CAT_SBGP] libnuma.so: cannot open shared object file: No such file or directory
[LOG_CAT_SBGP] Failed to dlopen libnuma.so. Fallback to GROUP_BY_SOCKET manual.
[LOG_CAT_SBGP] libnuma.so: cannot open shared object file: No such file or directory
[LOG_CAT_SBGP] Failed to dlopen libnuma.so. Fallback to GROUP_BY_SOCKET manual.
[LOG_CAT_SBGP] libnuma.so: cannot open shared object file: No such file or directory
[LOG_CAT_SBGP] Failed to dlopen libnuma.so. Fallback to GROUP_BY_SOCKET manual.
[LOG_CAT_SBGP] libnuma.so: cannot open shared object file: No such file or directory
[LOG_CAT_SBGP] Failed to dlopen libnuma.so. Fallback to GROUP_BY_SOCKET manual.
[LOG_CAT_SBGP] libnuma.so: cannot open shared object file: No such file or directory
[LOG_CAT_SBGP] Failed to dlopen libnuma.so. Fallback to GROUP_BY_SOCKET manual.
[LOG_CAT_SBGP] libnuma.so: cannot open shared object file: No such file or directory
[LOG_CAT_SBGP] Failed to dlopen libnuma.so. Fallback to GROUP_BY_SOCKET manual.
[LOG_CAT_SBGP] libnuma.so: cannot open shared object file: No such file or directory
[LOG_CAT_SBGP] Failed to dlopen libnuma.so. Fallback to GROUP_BY_SOCKET manual.
[LOG_CAT_SBGP] libnuma.so: cannot open shared object file: No such file or directory
[LOG_CAT_SBGP] Failed to dlopen libnuma.so. Fallback to GROUP_BY_SOCKET manual.
[LOG_CAT_SBGP] libnuma.so: cannot open shared object file: No such file or directory
[LOG_CAT_SBGP] Failed to dlopen libnuma.so. Fallback to GROUP_BY_SOCKET manual.
[LOG_CAT_SBGP] libnuma.so: cannot open shared object file: No such file or directory
[LOG_CAT_SBGP] Failed to dlopen libnuma.so. Fallback to GROUP_BY_SOCKET manual.
[LOG_CAT_SBGP] libnuma.so: cannot open shared object file: No such file or directory
[LOG_CAT_SBGP] Failed to dlopen libnuma.so. Fallback to GROUP_BY_SOCKET manual.
[LOG_CAT_SBGP] libnuma.so: cannot open shared object file: No such file or directory
[LOG_CAT_SBGP] Failed to dlopen libnuma.so. Fallback to GROUP_BY_SOCKET manual.
[LOG_CAT_SBGP] libnuma.so: cannot open shared object file: No such file or directory
[LOG_CAT_SBGP] Failed to dlopen libnuma.so. Fallback to GROUP_BY_SOCKET manual.
[LOG_CAT_SBGP] libnuma.so: cannot open shared object file: No such file or directory
[LOG_CAT_SBGP] Failed to dlopen libnuma.so. Fallback to GROUP_BY_SOCKET manual.
[LOG_CAT_SBGP] libnuma.so: cannot open shared object file: No such file or directory
[LOG_CAT_SBGP] Failed to dlopen libnuma.so. Fallback to GROUP_BY_SOCKET manual.
[LOG_CAT_SBGP] libnuma.so: cannot open shared object file: No such file or directory
[LOG_CAT_SBGP] Failed to dlopen libnuma.so. Fallback to GROUP_BY_SOCKET manual.
[LOG_CAT_SBGP] libnuma.so: cannot open shared object file: No such file or directory
[LOG_CAT_SBGP] Failed to dlopen libnuma.so. Fallback to GROUP_BY_SOCKET manual.
[LOG_CAT_SBGP] libnuma.so: cannot open shared object file: No such file or directory
[LOG_CAT_SBGP] Failed to dlopen libnuma.so. Fallback to GROUP_BY_SOCKET manual.
[LOG_CAT_SBGP] libnuma.so: cannot open shared object file: No such file or directory
[LOG_CAT_SBGP] Failed to dlopen libnuma.so. Fallback to GROUP_BY_SOCKET manual.
[LOG_CAT_SBGP] libnuma.so: cannot open shared object file: No such file or directory
[LOG_CAT_SBGP] Failed to dlopen libnuma.so. Fallback to GROUP_BY_SOCKET manual.
[LOG_CAT_SBGP] libnuma.so: cannot open shared object file: No such file or directory
[LOG_CAT_SBGP] Failed to dlopen libnuma.so. Fallback to GROUP_BY_SOCKET manual.
[LOG_CAT_SBGP] libnuma.so: cannot open shared object file: No such file or directory
[LOG_CAT_SBGP] Failed to dlopen libnuma.so. Fallback to GROUP_BY_SOCKET manual.
[LOG_CAT_SBGP] libnuma.so: cannot open shared object file: No such file or directory
[LOG_CAT_SBGP] Failed to dlopen libnuma.so. Fallback to GROUP_BY_SOCKET manual.
[LOG_CAT_SBGP] libnuma.so: cannot open shared object file: No such file or directory
[LOG_CAT_SBGP] Failed to dlopen libnuma.so. Fallback to GROUP_BY_SOCKET manual.
[LOG_CAT_SBGP] libnuma.so: cannot open shared object file: No such file or directory
[LOG_CAT_SBGP] Failed to dlopen libnuma.so. Fallback to GROUP_BY_SOCKET manual.
[LOG_CAT_SBGP] libnuma.so: cannot open shared object file: No such file or directory
[LOG_CAT_SBGP] Failed to dlopen libnuma.so. Fallback to GROUP_BY_SOCKET manual.
[LOG_CAT_SBGP] libnuma.so: cannot open shared object file: No such file or directory
[LOG_CAT_SBGP] Failed to dlopen libnuma.so. Fallback to GROUP_BY_SOCKET manual.
[LOG_CAT_SBGP] libnuma.so: cannot open shared object file: No such file or directory
[LOG_CAT_SBGP] Failed to dlopen libnuma.so. Fallback to GROUP_BY_SOCKET manual.
[LOG_CAT_SBGP] libnuma.so: cannot open shared object file: No such file or directory
[LOG_CAT_SBGP] Failed to dlopen libnuma.so. Fallback to GROUP_BY_SOCKET manual.
[LOG_CAT_SBGP] libnuma.so: cannot open shared object file: No such file or directory
[LOG_CAT_SBGP] Failed to dlopen libnuma.so. Fallback to GROUP_BY_SOCKET manual.
[LOG_CAT_SBGP] libnuma.so: cannot open shared object file: No such file or directory
[LOG_CAT_SBGP] Failed to dlopen libnuma.so. Fallback to GROUP_BY_SOCKET manual.
[LOG_CAT_SBGP] libnuma.so: cannot open shared object file: No such file or directory
[LOG_CAT_SBGP] Failed to dlopen libnuma.so. Fallback to GROUP_BY_SOCKET manual.
[LOG_CAT_SBGP] libnuma.so: cannot open shared object file: No such file or directory
[LOG_CAT_SBGP] Failed to dlopen libnuma.so. Fallback to GROUP_BY_SOCKET manual.
[LOG_CAT_SBGP] libnuma.so: cannot open shared object file: No such file or directory
[LOG_CAT_SBGP] Failed to dlopen libnuma.so. Fallback to GROUP_BY_SOCKET manual.
[LOG_CAT_SBGP] libnuma.so: cannot open shared object file: No such file or directory
[LOG_CAT_SBGP] Failed to dlopen libnuma.so. Fallback to GROUP_BY_SOCKET manual.
[LOG_CAT_SBGP] libnuma.so: cannot open shared object file: No such file or directory
[LOG_CAT_SBGP] Failed to dlopen libnuma.so. Fallback to GROUP_BY_SOCKET manual.
[LOG_CAT_SBGP] libnuma.so: cannot open shared object file: No such file or directory
[LOG_CAT_SBGP] Failed to dlopen libnuma.so. Fallback to GROUP_BY_SOCKET manual.
[LOG_CAT_SBGP] libnuma.so: cannot open shared object file: No such file or directory
[LOG_CAT_SBGP] Failed to dlopen libnuma.so. Fallback to GROUP_BY_SOCKET manual.
[LOG_CAT_SBGP] libnuma.so: cannot open shared object file: No such file or directory
[LOG_CAT_SBGP] Failed to dlopen libnuma.so. Fallback to GROUP_BY_SOCKET manual.
[LOG_CAT_SBGP] libnuma.so: cannot open shared object file: No such file or directory
[LOG_CAT_SBGP] Failed to dlopen libnuma.so. Fallback to GROUP_BY_SOCKET manual.
[LOG_CAT_SBGP] libnuma.so: cannot open shared object file: No such file or directory
[LOG_CAT_SBGP] Failed to dlopen libnuma.so. Fallback to GROUP_BY_SOCKET manual.
[LOG_CAT_SBGP] libnuma.so: cannot open shared object file: No such file or directory
[LOG_CAT_SBGP] Failed to dlopen libnuma.so. Fallback to GROUP_BY_SOCKET manual.
[LOG_CAT_SBGP] libnuma.so: cannot open shared object file: No such file or directory
[LOG_CAT_SBGP] Failed to dlopen libnuma.so. Fallback to GROUP_BY_SOCKET manual.
[LOG_CAT_SBGP] libnuma.so: cannot open shared object file: No such file or directory
[LOG_CAT_SBGP] Failed to dlopen libnuma.so. Fallback to GROUP_BY_SOCKET manual.
[LOG_CAT_SBGP] libnuma.so: cannot open shared object file: No such file or directory
[LOG_CAT_SBGP] Failed to dlopen libnuma.so. Fallback to GROUP_BY_SOCKET manual.
[LOG_CAT_SBGP] libnuma.so: cannot open shared object file: No such file or directory
[LOG_CAT_SBGP] Failed to dlopen libnuma.so. Fallback to GROUP_BY_SOCKET manual.
[LOG_CAT_SBGP] libnuma.so: cannot open shared object file: No such file or directory
[LOG_CAT_SBGP] Failed to dlopen libnuma.so. Fallback to GROUP_BY_SOCKET manual.
[LOG_CAT_SBGP] libnuma.so: cannot open shared object file: No such file or directory
[LOG_CAT_SBGP] Failed to dlopen libnuma.so. Fallback to GROUP_BY_SOCKET manual.
[LOG_CAT_SBGP] libnuma.so: cannot open shared object file: No such file or directory
[LOG_CAT_SBGP] Failed to dlopen libnuma.so. Fallback to GROUP_BY_SOCKET manual.
[LOG_CAT_SBGP] libnuma.so: cannot open shared object file: No such file or directory
[LOG_CAT_SBGP] Failed to dlopen libnuma.so. Fallback to GROUP_BY_SOCKET manual.
[LOG_CAT_SBGP] libnuma.so: cannot open shared object file: No such file or directory
[LOG_CAT_SBGP] Failed to dlopen libnuma.so. Fallback to GROUP_BY_SOCKET manual.
[LOG_CAT_SBGP] libnuma.so: cannot open shared object file: No such file or directory
[LOG_CAT_SBGP] Failed to dlopen libnuma.so. Fallback to GROUP_BY_SOCKET manual.
[LOG_CAT_SBGP] libnuma.so: cannot open shared object file: No such file or directory
[LOG_CAT_SBGP] Failed to dlopen libnuma.so. Fallback to GROUP_BY_SOCKET manual.
[LOG_CAT_SBGP] libnuma.so: cannot open shared object file: No such file or directory
[LOG_CAT_SBGP] Failed to dlopen libnuma.so. Fallback to GROUP_BY_SOCKET manual.
[LOG_CAT_SBGP] libnuma.so: cannot open shared object file: No such file or directory
[LOG_CAT_SBGP] Failed to dlopen libnuma.so. Fallback to GROUP_BY_SOCKET manual.
[LOG_CAT_SBGP] libnuma.so: cannot open shared object file: No such file or directory
[LOG_CAT_SBGP] Failed to dlopen libnuma.so. Fallback to GROUP_BY_SOCKET manual.
[LOG_CAT_SBGP] libnuma.so: cannot open shared object file: No such file or directory
[LOG_CAT_SBGP] Failed to dlopen libnuma.so. Fallback to GROUP_BY_SOCKET manual.
[LOG_CAT_SBGP] libnuma.so: cannot open shared object file: No such file or directory
[LOG_CAT_SBGP] Failed to dlopen libnuma.so. Fallback to GROUP_BY_SOCKET manual.
[LOG_CAT_SBGP] libnuma.so: cannot open shared object file: No such file or directory
[LOG_CAT_SBGP] Failed to dlopen libnuma.so. Fallback to GROUP_BY_SOCKET manual.
[LOG_CAT_SBGP] libnuma.so: cannot open shared object file: No such file or directory
[LOG_CAT_SBGP] Failed to dlopen libnuma.so. Fallback to GROUP_BY_SOCKET manual.
[LOG_CAT_SBGP] libnuma.so: cannot open shared object file: No such file or directory
[LOG_CAT_SBGP] Failed to dlopen libnuma.so. Fallback to GROUP_BY_SOCKET manual.
[LOG_CAT_SBGP] libnuma.so: cannot open shared object file: No such file or directory
[LOG_CAT_SBGP] Failed to dlopen libnuma.so. Fallback to GROUP_BY_SOCKET manual.
[LOG_CAT_SBGP] libnuma.so: cannot open shared object file: No such file or directory
[LOG_CAT_SBGP] Failed to dlopen libnuma.so. Fallback to GROUP_BY_SOCKET manual.
[LOG_CAT_SBGP] libnuma.so: cannot open shared object file: No such file or directory
[LOG_CAT_SBGP] Failed to dlopen libnuma.so. Fallback to GROUP_BY_SOCKET manual.
[LOG_CAT_SBGP] libnuma.so: cannot open shared object file: No such file or directory
[LOG_CAT_SBGP] Failed to dlopen libnuma.so. Fallback to GROUP_BY_SOCKET manual.
[LOG_CAT_SBGP] libnuma.so: cannot open shared object file: No such file or directory
[LOG_CAT_SBGP] Failed to dlopen libnuma.so. Fallback to GROUP_BY_SOCKET manual.
[LOG_CAT_SBGP] libnuma.so: cannot open shared object file: No such file or directory
[LOG_CAT_SBGP] Failed to dlopen libnuma.so. Fallback to GROUP_BY_SOCKET manual.
[LOG_CAT_SBGP] libnuma.so: cannot open shared object file: No such file or directory
[LOG_CAT_SBGP] Failed to dlopen libnuma.so. Fallback to GROUP_BY_SOCKET manual.
[LOG_CAT_SBGP] libnuma.so: cannot open shared object file: No such file or directory
[LOG_CAT_SBGP] Failed to dlopen libnuma.so. Fallback to GROUP_BY_SOCKET manual.
[LOG_CAT_SBGP] libnuma.so: cannot open shared object file: No such file or directory
[LOG_CAT_SBGP] Failed to dlopen libnuma.so. Fallback to GROUP_BY_SOCKET manual.
[LOG_CAT_SBGP] libnuma.so: cannot open shared object file: No such file or directory
[LOG_CAT_SBGP] Failed to dlopen libnuma.so. Fallback to GROUP_BY_SOCKET manual.
[LOG_CAT_SBGP] libnuma.so: cannot open shared object file: No such file or directory
[LOG_CAT_SBGP] Failed to dlopen libnuma.so. Fallback to GROUP_BY_SOCKET manual.
[LOG_CAT_SBGP] libnuma.so: cannot open shared object file: No such file or directory
[LOG_CAT_SBGP] Failed to dlopen libnuma.so. Fallback to GROUP_BY_SOCKET manual.
[LOG_CAT_SBGP] libnuma.so: cannot open shared object file: No such file or directory
[LOG_CAT_SBGP] Failed to dlopen libnuma.so. Fallback to GROUP_BY_SOCKET manual.
[LOG_CAT_SBGP] libnuma.so: cannot open shared object file: No such file or directory
[LOG_CAT_SBGP] Failed to dlopen libnuma.so. Fallback to GROUP_BY_SOCKET manual.
[LOG_CAT_SBGP] libnuma.so: cannot open shared object file: No such file or directory
[LOG_CAT_SBGP] Failed to dlopen libnuma.so. Fallback to GROUP_BY_SOCKET manual.
[LOG_CAT_SBGP] libnuma.so: cannot open shared object file: No such file or directory
[LOG_CAT_SBGP] Failed to dlopen libnuma.so. Fallback to GROUP_BY_SOCKET manual.
[LOG_CAT_SBGP] libnuma.so: cannot open shared object file: No such file or directory
[LOG_CAT_SBGP] Failed to dlopen libnuma.so. Fallback to GROUP_BY_SOCKET manual.
[LOG_CAT_SBGP] libnuma.so: cannot open shared object file: No such file or directory
[LOG_CAT_SBGP] Failed to dlopen libnuma.so. Fallback to GROUP_BY_SOCKET manual.
[LOG_CAT_SBGP] libnuma.so: cannot open shared object file: No such file or directory
[LOG_CAT_SBGP] Failed to dlopen libnuma.so. Fallback to GROUP_BY_SOCKET manual.
[LOG_CAT_SBGP] libnuma.so: cannot open shared object file: No such file or directory
[LOG_CAT_SBGP] Failed to dlopen libnuma.so. Fallback to GROUP_BY_SOCKET manual.
[LOG_CAT_SBGP] libnuma.so: cannot open shared object file: No such file or directory
[LOG_CAT_SBGP] Failed to dlopen libnuma.so. Fallback to GROUP_BY_SOCKET manual.
[LOG_CAT_SBGP] libnuma.so: cannot open shared object file: No such file or directory
[LOG_CAT_SBGP] Failed to dlopen libnuma.so. Fallback to GROUP_BY_SOCKET manual.
[LOG_CAT_SBGP] libnuma.so: cannot open shared object file: No such file or directory
[LOG_CAT_SBGP] Failed to dlopen libnuma.so. Fallback to GROUP_BY_SOCKET manual.
[LOG_CAT_SBGP] libnuma.so: cannot open shared object file: No such file or directory
[LOG_CAT_SBGP] Failed to dlopen libnuma.so. Fallback to GROUP_BY_SOCKET manual.
[LOG_CAT_SBGP] libnuma.so: cannot open shared object file: No such file or directory
[LOG_CAT_SBGP] Failed to dlopen libnuma.so. Fallback to GROUP_BY_SOCKET manual.
[LOG_CAT_SBGP] libnuma.so: cannot open shared object file: No such file or directory
[LOG_CAT_SBGP] Failed to dlopen libnuma.so. Fallback to GROUP_BY_SOCKET manual.
[LOG_CAT_SBGP] libnuma.so: cannot open shared object file: No such file or directory
[LOG_CAT_SBGP] Failed to dlopen libnuma.so. Fallback to GROUP_BY_SOCKET manual.
[LOG_CAT_SBGP] libnuma.so: cannot open shared object file: No such file or directory
[LOG_CAT_SBGP] Failed to dlopen libnuma.so. Fallback to GROUP_BY_SOCKET manual.
[LOG_CAT_SBGP] libnuma.so: cannot open shared object file: No such file or directory
[LOG_CAT_SBGP] Failed to dlopen libnuma.so. Fallback to GROUP_BY_SOCKET manual.
[LOG_CAT_SBGP] libnuma.so: cannot open shared object file: No such file or directory
[LOG_CAT_SBGP] Failed to dlopen libnuma.so. Fallback to GROUP_BY_SOCKET manual.
[LOG_CAT_SBGP] libnuma.so: cannot open shared object file: No such file or directory
[LOG_CAT_SBGP] Failed to dlopen libnuma.so. Fallback to GROUP_BY_SOCKET manual.
[LOG_CAT_SBGP] libnuma.so: cannot open shared object file: No such file or directory
[LOG_CAT_SBGP] Failed to dlopen libnuma.so. Fallback to GROUP_BY_SOCKET manual.
[LOG_CAT_SBGP] libnuma.so: cannot open shared object file: No such file or directory
[LOG_CAT_SBGP] Failed to dlopen libnuma.so. Fallback to GROUP_BY_SOCKET manual.
[LOG_CAT_SBGP] libnuma.so: cannot open shared object file: No such file or directory
[LOG_CAT_SBGP] Failed to dlopen libnuma.so. Fallback to GROUP_BY_SOCKET manual.
[LOG_CAT_SBGP] libnuma.so: cannot open shared object file: No such file or directory
[LOG_CAT_SBGP] Failed to dlopen libnuma.so. Fallback to GROUP_BY_SOCKET manual.
[LOG_CAT_SBGP] libnuma.so: cannot open shared object file: No such file or directory
[LOG_CAT_SBGP] Failed to dlopen libnuma.so. Fallback to GROUP_BY_SOCKET manual.
[LOG_CAT_SBGP] libnuma.so: cannot open shared object file: No such file or directory
[LOG_CAT_SBGP] Failed to dlopen libnuma.so. Fallback to GROUP_BY_SOCKET manual.
[LOG_CAT_SBGP] libnuma.so: cannot open shared object file: No such file or directory
[LOG_CAT_SBGP] Failed to dlopen libnuma.so. Fallback to GROUP_BY_SOCKET manual.
[LOG_CAT_SBGP] libnuma.so: cannot open shared object file: No such file or directory
[LOG_CAT_SBGP] Failed to dlopen libnuma.so. Fallback to GROUP_BY_SOCKET manual.
[LOG_CAT_SBGP] libnuma.so: cannot open shared object file: No such file or directory
[LOG_CAT_SBGP] Failed to dlopen libnuma.so. Fallback to GROUP_BY_SOCKET manual.
[LOG_CAT_SBGP] libnuma.so: cannot open shared object file: No such file or directory
[LOG_CAT_SBGP] Failed to dlopen libnuma.so. Fallback to GROUP_BY_SOCKET manual.
[LOG_CAT_SBGP] libnuma.so: cannot open shared object file: No such file or directory
[LOG_CAT_SBGP] Failed to dlopen libnuma.so. Fallback to GROUP_BY_SOCKET manual.
[LOG_CAT_SBGP] libnuma.so: cannot open shared object file: No such file or directory
[LOG_CAT_SBGP] Failed to dlopen libnuma.so. Fallback to GROUP_BY_SOCKET manual.
[LOG_CAT_SBGP] libnuma.so: cannot open shared object file: No such file or directory
[LOG_CAT_SBGP] Failed to dlopen libnuma.so. Fallback to GROUP_BY_SOCKET manual.
[LOG_CAT_SBGP] libnuma.so: cannot open shared object file: No such file or directory
[LOG_CAT_SBGP] Failed to dlopen libnuma.so. Fallback to GROUP_BY_SOCKET manual.
[LOG_CAT_SBGP] libnuma.so: cannot open shared object file: No such file or directory
[LOG_CAT_SBGP] Failed to dlopen libnuma.so. Fallback to GROUP_BY_SOCKET manual.
[LOG_CAT_SBGP] libnuma.so: cannot open shared object file: No such file or directory
[LOG_CAT_SBGP] Failed to dlopen libnuma.so. Fallback to GROUP_BY_SOCKET manual.
[LOG_CAT_SBGP] libnuma.so: cannot open shared object file: No such file or directory
[LOG_CAT_SBGP] Failed to dlopen libnuma.so. Fallback to GROUP_BY_SOCKET manual.
[LOG_CAT_SBGP] libnuma.so: cannot open shared object file: No such file or directory
[LOG_CAT_SBGP] Failed to dlopen libnuma.so. Fallback to GROUP_BY_SOCKET manual.
[LOG_CAT_SBGP] libnuma.so: cannot open shared object file: No such file or directory
[LOG_CAT_SBGP] Failed to dlopen libnuma.so. Fallback to GROUP_BY_SOCKET manual.
[LOG_CAT_SBGP] libnuma.so: cannot open shared object file: No such file or directory
[LOG_CAT_SBGP] Failed to dlopen libnuma.so. Fallback to GROUP_BY_SOCKET manual.
[LOG_CAT_SBGP] libnuma.so: cannot open shared object file: No such file or directory
[LOG_CAT_SBGP] Failed to dlopen libnuma.so. Fallback to GROUP_BY_SOCKET manual.
[LOG_CAT_SBGP] libnuma.so: cannot open shared object file: No such file or directory
[LOG_CAT_SBGP] Failed to dlopen libnuma.so. Fallback to GROUP_BY_SOCKET manual.
[LOG_CAT_SBGP] libnuma.so: cannot open shared object file: No such file or directory
[LOG_CAT_SBGP] Failed to dlopen libnuma.so. Fallback to GROUP_BY_SOCKET manual.
[LOG_CAT_SBGP] libnuma.so: cannot open shared object file: No such file or directory
[LOG_CAT_SBGP] Failed to dlopen libnuma.so. Fallback to GROUP_BY_SOCKET manual.
[LOG_CAT_SBGP] libnuma.so: cannot open shared object file: No such file or directory
[LOG_CAT_SBGP] Failed to dlopen libnuma.so. Fallback to GROUP_BY_SOCKET manual.
[LOG_CAT_SBGP] libnuma.so: cannot open shared object file: No such file or directory
[LOG_CAT_SBGP] Failed to dlopen libnuma.so. Fallback to GROUP_BY_SOCKET manual.
[LOG_CAT_SBGP] libnuma.so: cannot open shared object file: No such file or directory
[LOG_CAT_SBGP] Failed to dlopen libnuma.so. Fallback to GROUP_BY_SOCKET manual.
[LOG_CAT_SBGP] libnuma.so: cannot open shared object file: No such file or directory
[LOG_CAT_SBGP] Failed to dlopen libnuma.so. Fallback to GROUP_BY_SOCKET manual.
[LOG_CAT_SBGP] libnuma.so: cannot open shared object file: No such file or directory
[LOG_CAT_SBGP] Failed to dlopen libnuma.so. Fallback to GROUP_BY_SOCKET manual.
[LOG_CAT_SBGP] libnuma.so: cannot open shared object file: No such file or directory
[LOG_CAT_SBGP] Failed to dlopen libnuma.so. Fallback to GROUP_BY_SOCKET manual.
[LOG_CAT_SBGP] libnuma.so: cannot open shared object file: No such file or directory
[LOG_CAT_SBGP] Failed to dlopen libnuma.so. Fallback to GROUP_BY_SOCKET manual.
[LOG_CAT_SBGP] libnuma.so: cannot open shared object file: No such file or directory
[LOG_CAT_SBGP] Failed to dlopen libnuma.so. Fallback to GROUP_BY_SOCKET manual.
[LOG_CAT_SBGP] libnuma.so: cannot open shared object file: No such file or directory
[LOG_CAT_SBGP] Failed to dlopen libnuma.so. Fallback to GROUP_BY_SOCKET manual.
[LOG_CAT_SBGP] libnuma.so: cannot open shared object file: No such file or directory
[LOG_CAT_SBGP] Failed to dlopen libnuma.so. Fallback to GROUP_BY_SOCKET manual.
[LOG_CAT_SBGP] libnuma.so: cannot open shared object file: No such file or directory
[LOG_CAT_SBGP] Failed to dlopen libnuma.so. Fallback to GROUP_BY_SOCKET manual.
[LOG_CAT_SBGP] libnuma.so: cannot open shared object file: No such file or directory
[LOG_CAT_SBGP] Failed to dlopen libnuma.so. Fallback to GROUP_BY_SOCKET manual.
[LOG_CAT_SBGP] libnuma.so: cannot open shared object file: No such file or directory
[LOG_CAT_SBGP] Failed to dlopen libnuma.so. Fallback to GROUP_BY_SOCKET manual.
[LOG_CAT_SBGP] libnuma.so: cannot open shared object file: No such file or directory
[LOG_CAT_SBGP] Failed to dlopen libnuma.so. Fallback to GROUP_BY_SOCKET manual.
[LOG_CAT_SBGP] libnuma.so: cannot open shared object file: No such file or directory
[LOG_CAT_SBGP] Failed to dlopen libnuma.so. Fallback to GROUP_BY_SOCKET manual.
[LOG_CAT_SBGP] libnuma.so: cannot open shared object file: No such file or directory
[LOG_CAT_SBGP] Failed to dlopen libnuma.so. Fallback to GROUP_BY_SOCKET manual.
[LOG_CAT_SBGP] libnuma.so: cannot open shared object file: No such file or directory
[LOG_CAT_SBGP] Failed to dlopen libnuma.so. Fallback to GROUP_BY_SOCKET manual.
[LOG_CAT_SBGP] libnuma.so: cannot open shared object file: No such file or directory
[LOG_CAT_SBGP] Failed to dlopen libnuma.so. Fallback to GROUP_BY_SOCKET manual.
[LOG_CAT_SBGP] libnuma.so: cannot open shared object file: No such file or directory
[LOG_CAT_SBGP] Failed to dlopen libnuma.so. Fallback to GROUP_BY_SOCKET manual.
[LOG_CAT_SBGP] libnuma.so: cannot open shared object file: No such file or directory
[LOG_CAT_SBGP] Failed to dlopen libnuma.so. Fallback to GROUP_BY_SOCKET manual.
[LOG_CAT_SBGP] libnuma.so: cannot open shared object file: No such file or directory
[LOG_CAT_SBGP] Failed to dlopen libnuma.so. Fallback to GROUP_BY_SOCKET manual.
[LOG_CAT_SBGP] libnuma.so: cannot open shared object file: No such file or directory
[LOG_CAT_SBGP] Failed to dlopen libnuma.so. Fallback to GROUP_BY_SOCKET manual.
[LOG_CAT_SBGP] libnuma.so: cannot open shared object file: No such file or directory
[LOG_CAT_SBGP] Failed to dlopen libnuma.so. Fallback to GROUP_BY_SOCKET manual.
[LOG_CAT_SBGP] libnuma.so: cannot open shared object file: No such file or directory
[LOG_CAT_SBGP] Failed to dlopen libnuma.so. Fallback to GROUP_BY_SOCKET manual.
[LOG_CAT_SBGP] libnuma.so: cannot open shared object file: No such file or directory
[LOG_CAT_SBGP] Failed to dlopen libnuma.so. Fallback to GROUP_BY_SOCKET manual.
[LOG_CAT_SBGP] libnuma.so: cannot open shared object file: No such file or directory
[LOG_CAT_SBGP] Failed to dlopen libnuma.so. Fallback to GROUP_BY_SOCKET manual.
[LOG_CAT_SBGP] libnuma.so: cannot open shared object file: No such file or directory
[LOG_CAT_SBGP] Failed to dlopen libnuma.so. Fallback to GROUP_BY_SOCKET manual.
[LOG_CAT_SBGP] libnuma.so: cannot open shared object file: No such file or directory
[LOG_CAT_SBGP] Failed to dlopen libnuma.so. Fallback to GROUP_BY_SOCKET manual.
[LOG_CAT_SBGP] libnuma.so: cannot open shared object file: No such file or directory
[LOG_CAT_SBGP] Failed to dlopen libnuma.so. Fallback to GROUP_BY_SOCKET manual.
[LOG_CAT_SBGP] libnuma.so: cannot open shared object file: No such file or directory
[LOG_CAT_SBGP] Failed to dlopen libnuma.so. Fallback to GROUP_BY_SOCKET manual.
[LOG_CAT_SBGP] libnuma.so: cannot open shared object file: No such file or directory
[LOG_CAT_SBGP] Failed to dlopen libnuma.so. Fallback to GROUP_BY_SOCKET manual.
[LOG_CAT_SBGP] libnuma.so: cannot open shared object file: No such file or directory
[LOG_CAT_SBGP] Failed to dlopen libnuma.so. Fallback to GROUP_BY_SOCKET manual.
[LOG_CAT_SBGP] libnuma.so: cannot open shared object file: No such file or directory
[LOG_CAT_SBGP] Failed to dlopen libnuma.so. Fallback to GROUP_BY_SOCKET manual.
[LOG_CAT_SBGP] libnuma.so: cannot open shared object file: No such file or directory
[LOG_CAT_SBGP] Failed to dlopen libnuma.so. Fallback to GROUP_BY_SOCKET manual.
[LOG_CAT_SBGP] libnuma.so: cannot open shared object file: No such file or directory
[LOG_CAT_SBGP] Failed to dlopen libnuma.so. Fallback to GROUP_BY_SOCKET manual.
[LOG_CAT_SBGP] libnuma.so: cannot open shared object file: No such file or directory
[LOG_CAT_SBGP] Failed to dlopen libnuma.so. Fallback to GROUP_BY_SOCKET manual.
[LOG_CAT_SBGP] libnuma.so: cannot open shared object file: No such file or directory
[LOG_CAT_SBGP] Failed to dlopen libnuma.so. Fallback to GROUP_BY_SOCKET manual.
[LOG_CAT_SBGP] libnuma.so: cannot open shared object file: No such file or directory
[LOG_CAT_SBGP] Failed to dlopen libnuma.so. Fallback to GROUP_BY_SOCKET manual.
[LOG_CAT_SBGP] libnuma.so: cannot open shared object file: No such file or directory
[LOG_CAT_SBGP] Failed to dlopen libnuma.so. Fallback to GROUP_BY_SOCKET manual.
[LOG_CAT_SBGP] libnuma.so: cannot open shared object file: No such file or directory
[LOG_CAT_SBGP] Failed to dlopen libnuma.so. Fallback to GROUP_BY_SOCKET manual.
[LOG_CAT_SBGP] libnuma.so: cannot open shared object file: No such file or directory
[LOG_CAT_SBGP] Failed to dlopen libnuma.so. Fallback to GROUP_BY_SOCKET manual.
[LOG_CAT_SBGP] libnuma.so: cannot open shared object file: No such file or directory
[LOG_CAT_SBGP] Failed to dlopen libnuma.so. Fallback to GROUP_BY_SOCKET manual.
[LOG_CAT_SBGP] libnuma.so: cannot open shared object file: No such file or directory
[LOG_CAT_SBGP] Failed to dlopen libnuma.so. Fallback to GROUP_BY_SOCKET manual.
[LOG_CAT_SBGP] libnuma.so: cannot open shared object file: No such file or directory
[LOG_CAT_SBGP] Failed to dlopen libnuma.so. Fallback to GROUP_BY_SOCKET manual.
[LOG_CAT_SBGP] libnuma.so: cannot open shared object file: No such file or directory
[LOG_CAT_SBGP] Failed to dlopen libnuma.so. Fallback to GROUP_BY_SOCKET manual.
[LOG_CAT_SBGP] libnuma.so: cannot open shared object file: No such file or directory
[LOG_CAT_SBGP] Failed to dlopen libnuma.so. Fallback to GROUP_BY_SOCKET manual.
[LOG_CAT_SBGP] libnuma.so: cannot open shared object file: No such file or directory
[LOG_CAT_SBGP] Failed to dlopen libnuma.so. Fallback to GROUP_BY_SOCKET manual.
[LOG_CAT_SBGP] libnuma.so: cannot open shared object file: No such file or directory
[LOG_CAT_SBGP] Failed to dlopen libnuma.so. Fallback to GROUP_BY_SOCKET manual.
[LOG_CAT_SBGP] libnuma.so: cannot open shared object file: No such file or directory
[LOG_CAT_SBGP] Failed to dlopen libnuma.so. Fallback to GROUP_BY_SOCKET manual.
[LOG_CAT_SBGP] libnuma.so: cannot open shared object file: No such file or directory
[LOG_CAT_SBGP] Failed to dlopen libnuma.so. Fallback to GROUP_BY_SOCKET manual.
[LOG_CAT_SBGP] libnuma.so: cannot open shared object file: No such file or directory
[LOG_CAT_SBGP] Failed to dlopen libnuma.so. Fallback to GROUP_BY_SOCKET manual.
[LOG_CAT_SBGP] libnuma.so: cannot open shared object file: No such file or directory
[LOG_CAT_SBGP] Failed to dlopen libnuma.so. Fallback to GROUP_BY_SOCKET manual.
[LOG_CAT_SBGP] libnuma.so: cannot open shared object file: No such file or directory
[LOG_CAT_SBGP] Failed to dlopen libnuma.so. Fallback to GROUP_BY_SOCKET manual.
[LOG_CAT_SBGP] libnuma.so: cannot open shared object file: No such file or directory
[LOG_CAT_SBGP] Failed to dlopen libnuma.so. Fallback to GROUP_BY_SOCKET manual.
[LOG_CAT_SBGP] libnuma.so: cannot open shared object file: No such file or directory
[LOG_CAT_SBGP] Failed to dlopen libnuma.so. Fallback to GROUP_BY_SOCKET manual.
[LOG_CAT_SBGP] libnuma.so: cannot open shared object file: No such file or directory
[LOG_CAT_SBGP] Failed to dlopen libnuma.so. Fallback to GROUP_BY_SOCKET manual.
[LOG_CAT_SBGP] libnuma.so: cannot open shared object file: No such file or directory
[LOG_CAT_SBGP] Failed to dlopen libnuma.so. Fallback to GROUP_BY_SOCKET manual.
[LOG_CAT_SBGP] libnuma.so: cannot open shared object file: No such file or directory
[LOG_CAT_SBGP] Failed to dlopen libnuma.so. Fallback to GROUP_BY_SOCKET manual.
[LOG_CAT_SBGP] libnuma.so: cannot open shared object file: No such file or directory
[LOG_CAT_SBGP] Failed to dlopen libnuma.so. Fallback to GROUP_BY_SOCKET manual.
[LOG_CAT_SBGP] libnuma.so: cannot open shared object file: No such file or directory
[LOG_CAT_SBGP] Failed to dlopen libnuma.so. Fallback to GROUP_BY_SOCKET manual.
[LOG_CAT_SBGP] libnuma.so: cannot open shared object file: No such file or directory
[LOG_CAT_SBGP] Failed to dlopen libnuma.so. Fallback to GROUP_BY_SOCKET manual.
[LOG_CAT_SBGP] libnuma.so: cannot open shared object file: No such file or directory
[LOG_CAT_SBGP] Failed to dlopen libnuma.so. Fallback to GROUP_BY_SOCKET manual.
[LOG_CAT_SBGP] libnuma.so: cannot open shared object file: No such file or directory
[LOG_CAT_SBGP] Failed to dlopen libnuma.so. Fallback to GROUP_BY_SOCKET manual.
[LOG_CAT_SBGP] libnuma.so: cannot open shared object file: No such file or directory
[LOG_CAT_SBGP] Failed to dlopen libnuma.so. Fallback to GROUP_BY_SOCKET manual.
[LOG_CAT_SBGP] libnuma.so: cannot open shared object file: No such file or directory
[LOG_CAT_SBGP] Failed to dlopen libnuma.so. Fallback to GROUP_BY_SOCKET manual.
[LOG_CAT_SBGP] libnuma.so: cannot open shared object file: No such file or directory
[LOG_CAT_SBGP] Failed to dlopen libnuma.so. Fallback to GROUP_BY_SOCKET manual.
[LOG_CAT_SBGP] libnuma.so: cannot open shared object file: No such file or directory
[LOG_CAT_SBGP] Failed to dlopen libnuma.so. Fallback to GROUP_BY_SOCKET manual.
[LOG_CAT_SBGP] libnuma.so: cannot open shared object file: No such file or directory
[LOG_CAT_SBGP] Failed to dlopen libnuma.so. Fallback to GROUP_BY_SOCKET manual.
[LOG_CAT_SBGP] libnuma.so: cannot open shared object file: No such file or directory
[LOG_CAT_SBGP] Failed to dlopen libnuma.so. Fallback to GROUP_BY_SOCKET manual.
[LOG_CAT_SBGP] libnuma.so: cannot open shared object file: No such file or directory
[LOG_CAT_SBGP] Failed to dlopen libnuma.so. Fallback to GROUP_BY_SOCKET manual.
[LOG_CAT_SBGP] libnuma.so: cannot open shared object file: No such file or directory
[LOG_CAT_SBGP] Failed to dlopen libnuma.so. Fallback to GROUP_BY_SOCKET manual.
[LOG_CAT_SBGP] libnuma.so: cannot open shared object file: No such file or directory
[LOG_CAT_SBGP] Failed to dlopen libnuma.so. Fallback to GROUP_BY_SOCKET manual.
[LOG_CAT_SBGP] libnuma.so: cannot open shared object file: No such file or directory
[LOG_CAT_SBGP] Failed to dlopen libnuma.so. Fallback to GROUP_BY_SOCKET manual.
[LOG_CAT_SBGP] libnuma.so: cannot open shared object file: No such file or directory
[LOG_CAT_SBGP] Failed to dlopen libnuma.so. Fallback to GROUP_BY_SOCKET manual.
[LOG_CAT_SBGP] libnuma.so: cannot open shared object file: No such file or directory
[LOG_CAT_SBGP] Failed to dlopen libnuma.so. Fallback to GROUP_BY_SOCKET manual.
[LOG_CAT_SBGP] libnuma.so: cannot open shared object file: No such file or directory
[LOG_CAT_SBGP] Failed to dlopen libnuma.so. Fallback to GROUP_BY_SOCKET manual.
[LOG_CAT_SBGP] libnuma.so: cannot open shared object file: No such file or directory
[LOG_CAT_SBGP] Failed to dlopen libnuma.so. Fallback to GROUP_BY_SOCKET manual.
[LOG_CAT_SBGP] libnuma.so: cannot open shared object file: No such file or directory
[LOG_CAT_SBGP] Failed to dlopen libnuma.so. Fallback to GROUP_BY_SOCKET manual.
[LOG_CAT_SBGP] libnuma.so: cannot open shared object file: No such file or directory
[LOG_CAT_SBGP] Failed to dlopen libnuma.so. Fallback to GROUP_BY_SOCKET manual.
[LOG_CAT_SBGP] libnuma.so: cannot open shared object file: No such file or directory
[LOG_CAT_SBGP] Failed to dlopen libnuma.so. Fallback to GROUP_BY_SOCKET manual.
[LOG_CAT_SBGP] libnuma.so: cannot open shared object file: No such file or directory
[LOG_CAT_SBGP] Failed to dlopen libnuma.so. Fallback to GROUP_BY_SOCKET manual.
[LOG_CAT_SBGP] libnuma.so: cannot open shared object file: No such file or directory
[LOG_CAT_SBGP] Failed to dlopen libnuma.so. Fallback to GROUP_BY_SOCKET manual.
[LOG_CAT_SBGP] libnuma.so: cannot open shared object file: No such file or directory
[LOG_CAT_SBGP] Failed to dlopen libnuma.so. Fallback to GROUP_BY_SOCKET manual.
[LOG_CAT_SBGP] libnuma.so: cannot open shared object file: No such file or directory
[LOG_CAT_SBGP] Failed to dlopen libnuma.so. Fallback to GROUP_BY_SOCKET manual.
[LOG_CAT_SBGP] libnuma.so: cannot open shared object file: No such file or directory
[LOG_CAT_SBGP] Failed to dlopen libnuma.so. Fallback to GROUP_BY_SOCKET manual.
[LOG_CAT_SBGP] libnuma.so: cannot open shared object file: No such file or directory
[LOG_CAT_SBGP] Failed to dlopen libnuma.so. Fallback to GROUP_BY_SOCKET manual.
[LOG_CAT_SBGP] libnuma.so: cannot open shared object file: No such file or directory
[LOG_CAT_SBGP] Failed to dlopen libnuma.so. Fallback to GROUP_BY_SOCKET manual.
[LOG_CAT_SBGP] libnuma.so: cannot open shared object file: No such file or directory
[LOG_CAT_SBGP] Failed to dlopen libnuma.so. Fallback to GROUP_BY_SOCKET manual.
[LOG_CAT_SBGP] libnuma.so: cannot open shared object file: No such file or directory
[LOG_CAT_SBGP] Failed to dlopen libnuma.so. Fallback to GROUP_BY_SOCKET manual.
[LOG_CAT_SBGP] libnuma.so: cannot open shared object file: No such file or directory
[LOG_CAT_SBGP] Failed to dlopen libnuma.so. Fallback to GROUP_BY_SOCKET manual.
[LOG_CAT_SBGP] libnuma.so: cannot open shared object file: No such file or directory
[LOG_CAT_SBGP] Failed to dlopen libnuma.so. Fallback to GROUP_BY_SOCKET manual.
[LOG_CAT_SBGP] libnuma.so: cannot open shared object file: No such file or directory
[LOG_CAT_SBGP] Failed to dlopen libnuma.so. Fallback to GROUP_BY_SOCKET manual.
[LOG_CAT_SBGP] libnuma.so: cannot open shared object file: No such file or directory
[LOG_CAT_SBGP] Failed to dlopen libnuma.so. Fallback to GROUP_BY_SOCKET manual.
[LOG_CAT_SBGP] libnuma.so: cannot open shared object file: No such file or directory
[LOG_CAT_SBGP] Failed to dlopen libnuma.so. Fallback to GROUP_BY_SOCKET manual.
[LOG_CAT_SBGP] libnuma.so: cannot open shared object file: No such file or directory
[LOG_CAT_SBGP] Failed to dlopen libnuma.so. Fallback to GROUP_BY_SOCKET manual.
[LOG_CAT_SBGP] libnuma.so: cannot open shared object file: No such file or directory
[LOG_CAT_SBGP] Failed to dlopen libnuma.so. Fallback to GROUP_BY_SOCKET manual.
[LOG_CAT_SBGP] libnuma.so: cannot open shared object file: No such file or directory
[LOG_CAT_SBGP] Failed to dlopen libnuma.so. Fallback to GROUP_BY_SOCKET manual.
[LOG_CAT_SBGP] libnuma.so: cannot open shared object file: No such file or directory
[LOG_CAT_SBGP] Failed to dlopen libnuma.so. Fallback to GROUP_BY_SOCKET manual.
[LOG_CAT_SBGP] libnuma.so: cannot open shared object file: No such file or directory
[LOG_CAT_SBGP] Failed to dlopen libnuma.so. Fallback to GROUP_BY_SOCKET manual.
[LOG_CAT_SBGP] libnuma.so: cannot open shared object file: No such file or directory
[LOG_CAT_SBGP] Failed to dlopen libnuma.so. Fallback to GROUP_BY_SOCKET manual.
[LOG_CAT_SBGP] libnuma.so: cannot open shared object file: No such file or directory
[LOG_CAT_SBGP] Failed to dlopen libnuma.so. Fallback to GROUP_BY_SOCKET manual.
[LOG_CAT_SBGP] libnuma.so: cannot open shared object file: No such file or directory
[LOG_CAT_SBGP] Failed to dlopen libnuma.so. Fallback to GROUP_BY_SOCKET manual.
[LOG_CAT_SBGP] libnuma.so: cannot open shared object file: No such file or directory
[LOG_CAT_SBGP] Failed to dlopen libnuma.so. Fallback to GROUP_BY_SOCKET manual.
[LOG_CAT_SBGP] libnuma.so: cannot open shared object file: No such file or directory
[LOG_CAT_SBGP] Failed to dlopen libnuma.so. Fallback to GROUP_BY_SOCKET manual.
[LOG_CAT_SBGP] libnuma.so: cannot open shared object file: No such file or directory
[LOG_CAT_SBGP] Failed to dlopen libnuma.so. Fallback to GROUP_BY_SOCKET manual.
[LOG_CAT_SBGP] libnuma.so: cannot open shared object file: No such file or directory
[LOG_CAT_SBGP] Failed to dlopen libnuma.so. Fallback to GROUP_BY_SOCKET manual.
[LOG_CAT_SBGP] libnuma.so: cannot open shared object file: No such file or directory
[LOG_CAT_SBGP] Failed to dlopen libnuma.so. Fallback to GROUP_BY_SOCKET manual.
[LOG_CAT_SBGP] libnuma.so: cannot open shared object file: No such file or directory
[LOG_CAT_SBGP] Failed to dlopen libnuma.so. Fallback to GROUP_BY_SOCKET manual.
[LOG_CAT_SBGP] libnuma.so: cannot open shared object file: No such file or directory
[LOG_CAT_SBGP] Failed to dlopen libnuma.so. Fallback to GROUP_BY_SOCKET manual.
[LOG_CAT_SBGP] libnuma.so: cannot open shared object file: No such file or directory
[LOG_CAT_SBGP] Failed to dlopen libnuma.so. Fallback to GROUP_BY_SOCKET manual.
[LOG_CAT_SBGP] libnuma.so: cannot open shared object file: No such file or directory
[LOG_CAT_SBGP] Failed to dlopen libnuma.so. Fallback to GROUP_BY_SOCKET manual.
[LOG_CAT_SBGP] libnuma.so: cannot open shared object file: No such file or directory
[LOG_CAT_SBGP] Failed to dlopen libnuma.so. Fallback to GROUP_BY_SOCKET manual.
[LOG_CAT_SBGP] libnuma.so: cannot open shared object file: No such file or directory
[LOG_CAT_SBGP] Failed to dlopen libnuma.so. Fallback to GROUP_BY_SOCKET manual.
[LOG_CAT_SBGP] libnuma.so: cannot open shared object file: No such file or directory
[LOG_CAT_SBGP] Failed to dlopen libnuma.so. Fallback to GROUP_BY_SOCKET manual.
[LOG_CAT_SBGP] libnuma.so: cannot open shared object file: No such file or directory
[LOG_CAT_SBGP] Failed to dlopen libnuma.so. Fallback to GROUP_BY_SOCKET manual.
[LOG_CAT_SBGP] libnuma.so: cannot open shared object file: No such file or directory
[LOG_CAT_SBGP] Failed to dlopen libnuma.so. Fallback to GROUP_BY_SOCKET manual.
[LOG_CAT_SBGP] libnuma.so: cannot open shared object file: No such file or directory
[LOG_CAT_SBGP] Failed to dlopen libnuma.so. Fallback to GROUP_BY_SOCKET manual.
[LOG_CAT_SBGP] libnuma.so: cannot open shared object file: No such file or directory
[LOG_CAT_SBGP] Failed to dlopen libnuma.so. Fallback to GROUP_BY_SOCKET manual.
[LOG_CAT_SBGP] libnuma.so: cannot open shared object file: No such file or directory
[LOG_CAT_SBGP] Failed to dlopen libnuma.so. Fallback to GROUP_BY_SOCKET manual.
[LOG_CAT_SBGP] libnuma.so: cannot open shared object file: No such file or directory
[LOG_CAT_SBGP] Failed to dlopen libnuma.so. Fallback to GROUP_BY_SOCKET manual.
[LOG_CAT_SBGP] libnuma.so: cannot open shared object file: No such file or directory
[LOG_CAT_SBGP] Failed to dlopen libnuma.so. Fallback to GROUP_BY_SOCKET manual.
[LOG_CAT_SBGP] libnuma.so: cannot open shared object file: No such file or directory
[LOG_CAT_SBGP] Failed to dlopen libnuma.so. Fallback to GROUP_BY_SOCKET manual.
[LOG_CAT_SBGP] libnuma.so: cannot open shared object file: No such file or directory
[LOG_CAT_SBGP] Failed to dlopen libnuma.so. Fallback to GROUP_BY_SOCKET manual.
[LOG_CAT_SBGP] libnuma.so: cannot open shared object file: No such file or directory
[LOG_CAT_SBGP] Failed to dlopen libnuma.so. Fallback to GROUP_BY_SOCKET manual.
[LOG_CAT_SBGP] libnuma.so: cannot open shared object file: No such file or directory
[LOG_CAT_SBGP] Failed to dlopen libnuma.so. Fallback to GROUP_BY_SOCKET manual.
[LOG_CAT_SBGP] libnuma.so: cannot open shared object file: No such file or directory
[LOG_CAT_SBGP] Failed to dlopen libnuma.so. Fallback to GROUP_BY_SOCKET manual.
[LOG_CAT_SBGP] libnuma.so: cannot open shared object file: No such file or directory
[LOG_CAT_SBGP] Failed to dlopen libnuma.so. Fallback to GROUP_BY_SOCKET manual.
[LOG_CAT_SBGP] libnuma.so: cannot open shared object file: No such file or directory
[LOG_CAT_SBGP] Failed to dlopen libnuma.so. Fallback to GROUP_BY_SOCKET manual.
[LOG_CAT_SBGP] libnuma.so: cannot open shared object file: No such file or directory
[LOG_CAT_SBGP] Failed to dlopen libnuma.so. Fallback to GROUP_BY_SOCKET manual.
[LOG_CAT_SBGP] libnuma.so: cannot open shared object file: No such file or directory
[LOG_CAT_SBGP] Failed to dlopen libnuma.so. Fallback to GROUP_BY_SOCKET manual.
[LOG_CAT_SBGP] Failed to dlopen libnuma.so. Fallback to GROUP_BY_SOCKET manual.
[LOG_CAT_SBGP] libnuma.so: cannot open shared object file: No such file or directory
[LOG_CAT_SBGP] Failed to dlopen libnuma.so. Fallback to GROUP_BY_SOCKET manual.
[LOG_CAT_SBGP] Failed to dlopen libnuma.so. Fallback to GROUP_BY_SOCKET manual.
[LOG_CAT_SBGP] Failed to dlopen libnuma.so. Fallback to GROUP_BY_SOCKET manual.
SPARTA (27 Aug 2026)
KOKKOS mode is enabled (/hpc/data/cfd-students/nnoventa/sparta/src/KOKKOS/kokkos.cpp:50)
  requested 0 GPU(s) per node
  requested 1 thread(s) per MPI task
Running on 768 MPI task(s)
Created orthogonal box = (-0.002001 -1e-06 -1e-06) to (0.02801 0.003001 0.087501)
WARNING: Per-processor grid cell memory will be large because global gridcut < 0.0 (/hpc/data/cfd-students/nnoventa/sparta/src/grid.cpp:518)
Created 864000 child grid cells
  CPU time = 0.485028 secs
  create/ghost percent = 0.261684 99.7383
Balance grid migrated 862843 cells
  CPU time = 0.391302 secs
  reassign/sort/migrate/ghost percent = 85.7313 0.0137084 3.73206 10.5229
Reading surface file ...
  80998 triangles
  clipped to 80998 tris
  -0.002 0.028 xlo xhi
  0 0.003 ylo yhi
  0 0.0875 zlo zhi
  0.000245331 min triangle edge length
  3.15715e-08 min triangle area
  43848 0 = cells overlapping surfs, overlap cells with unmarked corner pts
  25 tiny edges removed
  269352 550800 43848 = cells outside/inside/overlapping surfs
  43848 = surf cells with 1,2,etc splits
  2.72343750000001e-06 2.7234375e-06 = cell-wise and global flow volume
  CPU time = 0.240391 secs
  read/check/sort/surf2grid/ghost/inout/particle percent = 42.5956 42.6775 0.382387 8.95086 5.39364 3.28222 0.0216776
  surf2grid time = 0.0215171 secs
  map/comm1/comm2/comm3/comm4/split percent = 2.66616 28.5537 4.5123 2.19178 37.1058 21.099
0 = initial surface count in group inlet
382 = final surface count in group inlet
0 = initial surface count in group outlet
690 = final surface count in group outlet
0 = initial surface count in group yminus
41336 = final surface count in group yminus
0 = initial surface count in group yplus
33810 = final surface count in group yplus
0 = initial surface count in group yplus_inlet
382 = final surface count in group yplus_inlet
0 = initial surface count in group yplus_inlet_wall
1314 = final surface count in group yplus_inlet_wall
0 = initial surface count in group yplus_outlet
718 = final surface count in group yplus_outlet
0 = initial surface count in group yplus_outlet_wall
1598 = final surface count in group yplus_outlet_wall
0 = initial surface count in group zminus
393 = final surface count in group zminus
0 = initial surface count in group zplus
375 = final surface count in group zplus
Creating particles ...
WARNING: Created unexpected # of particles: 119999572 versus 120000000 (/hpc/data/cfd-students/nnoventa/sparta/src/create_particles.cpp:445)
Created 119999572 particles
  CPU time = 0.17731 secs
Balance grid migrated 781915 cells
  CPU time = 0.131238 secs
  reassign/sort/migrate/ghost percent = 8.84883 4.11915 79.6164 7.41557
Memory usage per proc in Mbytes:
  particles (ave,min,max) = 21.2078 15.6252 44.5796
  grid      (ave,min,max) = 138.041 138.028 138.06
  surf      (ave,min,max) = 10.309 10.309 10.309
  modify    (ave,min,max) = 0.291824 0.100906 0.870544
  total     (ave,min,max) = 169.85 164.064 193.027
Step CPU T/CPU S/CPU Dt Np Natt Ncoll Nbound Nexit c_temp 
       0            0            0            0        3e-09 119999572        0        0        0        0    299.96134 
     100    1.5033399 1.9955506e-07    66.518275        3e-09 117876060  1749101   930594        0        0    297.68115 
     200    2.7758284 2.3575878e-07    78.586278        3e-09 115515523  1739444   896164        0        0      295.973 
     300     4.005918 2.4388457e-07    81.294823        3e-09 113124410  1703477   862990        0        0    294.62088 
     400    5.4981321 2.0104356e-07    67.014528        3e-09 110739872  1658293   830909        0        0    293.54968 
     500    6.6962388 2.5039502e-07    83.465002        3e-09 108376035  1609515   798403        0        0    292.75449 
     600    8.0808557 2.1666647e-07    72.222181        3e-09 106046970  1559654   767498        0        0    292.23693 
     700    9.2641472 2.5353023e-07     84.51009        3e-09 103757222  1511631   740725        0        0     291.8451 
     800    10.425107 2.5840662e-07    86.135539        3e-09 101532447  1465771   714297        0        0    291.52367 
     900    11.600109 2.5531871e-07    85.106243        3e-09 99386434  1422724   690372        0        0    291.32587 
    1000    12.757097 2.592941e-07    86.431352        3e-09 97334396  1383826   671074        0        0    291.23907 
Loop time of 12.7572 on 768 procs for 1000 steps with 97334396 particles
Performance: 78.387 timesteps/s, 7.630 Gparticle-step/s

MPI task timing breakdown:
Section |  min time  |  avg time  |  max time  |%varavg| %total
---------------------------------------------------------------
Move    | 1.9958     | 3.4205     | 7.0534     |  46.1 | 26.81
Coll    | 0.42365    | 1.1642     | 1.5338     |  27.9 |  9.13
Sort    | 0.51487    | 1.2853     | 1.6794     |  24.0 | 10.08
Comm    | 0.56519    | 0.68326    | 0.933      |   8.7 |  5.36
Modify  | 1.1294     | 1.8671     | 3.4015     |  41.8 | 14.64
Output  | 0.011278   | 0.021347   | 0.037529   |   4.5 |  0.17
MPI Sync| 0.76644    | 4.3151     | 5.6413     |  39.7 | 33.82
Other   |            | 0.0004833  |            |       |  0.00

Particle moves    = 108493555855 (108B)
Cells touched     = 121284046978 (121B)
Particle comms    = 1768576592 (1.77B)
Boundary collides = 0 (0K)
Boundary exits    = 0 (0K)
SurfColl checks   = 81363673784 (81.4B)
SurfColl occurs   = 337291491 (337M)
Surf reactions    = 0 (0K)
Collide attempts  = 1592040069 (1.59B)
Collide occurs    = 804392081 (804M)
Gas reactions     = 0 (0K)
Particles stuck   = 0
Axisymm bad moves = 0

Particle-moves/CPUsec/proc: 1.10735e+07
Particle-moves/step: 1.08494e+08
Cell-touches/particle/step: 1.11789
Particle comm iterations/step: 3.676
Particle fraction communicated: 0.0163012
Particle fraction colliding with boundary: 0
Particle fraction exiting boundary: 0
Surface-checks/particle/step: 0.74994
Surface-collisions/particle/step: 0.00310886
Surface-reactions/particle/step: 0
Collision-attempts/particle/step: 0.0146741
Collisions/particle/step: 0.00741419
Gas-reactions/particle/step: 0

Particles: 126737 ave 157269 max 72108 min
Histogram: 80 97 46 72 17 15 10 25 21 385
Cells:     1125 ave 3356 max 389 min
Histogram: 316 21 32 168 185 9 0 3 17 17
GhostCell: 2869.83 ave 6195 max 378 min
Histogram: 73 92 127 76 72 93 124 75 31 5
EmptyCell: 2188.27 ave 3840 max 318 min
Histogram: 54 62 107 124 18 17 32 230 82 42
Surfs:     80998 ave 80998 max 80998 min
Histogram: 768 0 0 0 0 0 0 0 0 0
GhostSurf: 0 ave 0 max 0 min
Histogram: 768 0 0 0 0 0 0 0 0 0
sparta exit status: 0
