~~~~~~~~~~~~~~~~~~~~~~~~~~~~~~~~~~~~~~~~~
start:  Thu Sep 24 13:58:22 2026
ntests: 4
default descriptor: ab
default norm: L1
default tolerance: 0.05
default relative error: True
~~~~~~~~~~~~~~~~~~~~~~~~~~~~~~~~~~~~~~~~~

subdirs = ['free', 'optmove', 'tally_computes', 'surf', 'circle', 'adapt', 'bfield', 'flowfile', 'surf_react_heatflux', 'relax_const', 'paraview', 'chem_rates', 'spiky', 'fft', 'regions', 'python', 'shock_tube', 'qk', 'collide', 'adjust_temp', 'step', 'vibrate', 'surf_react_adsorb', 'surf_collide', 'vtk', 'jagged', 'ambi', 'chem', 'torque', 'variable_timestep', 'implicit', 'ambi_3body', 'custom', 'ablation', 'relax_variable', 'axi', 'cylinder', 'explicit2implicit', 'emit', 'mfp_mct', 'thermostat', 'sphere']

~~~~~~~~~~~~~~~~~~~~~~~~~~~~~~~~~~~~~~~~~
dir = /hpc/data/cfd-students/nnoventa/regression_runs/cpu_pr623_1217483/examples/ablation
test = ablation.2d
500 
read 6 log entries
500 
read 6 log entries
==== generating gold standard for test ablation.2d ====
==== comparing log.ab.ablation.2d with log.archive.24Sep26.ab.ablation.2d ====
Step     error  0.0 wrt norm     1.0
Np       error  0.0 wrt norm     1.0
Natt              error  0.0
Ncoll             error  0.0
Nscoll   error  0.0 wrt norm     1.0
Nscheck  error  0.0 wrt norm     1.0
f_bal    error  0.0 wrt norm     1.0
f_bal[2]  error  0.0 wrt norm     1.0
f_ablate  error  0.0 wrt norm     1.0

All rows are identical
*** test ablation.2d passed
elapsed time = 1.5144217014312744 s for test ablation.2d
~~~~~~~~~~~~~~~~~~~~~~~~~~~~~~~~~~~~~~~~~

~~~~~~~~~~~~~~~~~~~~~~~~~~~~~~~~~~~~~~~~~
dir = /hpc/data/cfd-students/nnoventa/regression_runs/cpu_pr623_1217483/examples/ablation
test = ablation.3d
100 
read 11 log entries
100 
read 11 log entries
==== generating gold standard for test ablation.3d ====
==== comparing log.ab.ablation.3d with log.archive.24Sep26.ab.ablation.3d ====
Step     error  0.0 wrt norm     1.0
Np       error  0.0 wrt norm     1.0
Natt              error  0.0
Ncoll             error  0.0
Nscoll   error  0.0 wrt norm     1.0
Nscheck  error  0.0 wrt norm     1.0
f_ablate  error  0.0 wrt norm     1.0

All rows are identical
*** test ablation.3d passed
elapsed time = 25.118967056274414 s for test ablation.3d
~~~~~~~~~~~~~~~~~~~~~~~~~~~~~~~~~~~~~~~~~

~~~~~~~~~~~~~~~~~~~~~~~~~~~~~~~~~~~~~~~~~
dir = /hpc/data/cfd-students/nnoventa/regression_runs/cpu_pr623_1217483/examples/ablation
test = ablation.3d.reactions
200 
read 21 log entries
200 
read 21 log entries
==== generating gold standard for test ablation.3d.reactions ====
==== comparing log.ab.ablation.3d.reactions with log.archive.24Sep26.ab.ablation.3d.reactions ====
Step     error  0.0 wrt norm     1.0
Np       error  0.0 wrt norm     1.0
Nscoll   error  0.0 wrt norm     1.0
Nsreact  error  0.0 wrt norm     1.0
f_ablate  error  0.0 wrt norm     1.0

All rows are identical
*** test ablation.3d.reactions passed
elapsed time = 6.74190092086792 s for test ablation.3d.reactions
~~~~~~~~~~~~~~~~~~~~~~~~~~~~~~~~~~~~~~~~~

~~~~~~~~~~~~~~~~~~~~~~~~~~~~~~~~~~~~~~~~~
dir = /hpc/data/cfd-students/nnoventa/regression_runs/cpu_pr623_1217483/examples/ablation
test = ablation.multi.inner.3d
100 
read 101 log entries
100 
read 101 log entries
==== generating gold standard for test ablation.multi.inner.3d ====
==== comparing log.ab.ablation.multi.inner.3d with log.archive.24Sep26.ab.ablation.multi.inner.3d ====
Step     error  0.0 wrt norm     1.0
c_1r     error  0.0 wrt norm     1.0

All rows are identical
*** test ablation.multi.inner.3d passed
elapsed time = 0.8628277778625488 s for test ablation.multi.inner.3d
~~~~~~~~~~~~~~~~~~~~~~~~~~~~~~~~~~~~~~~~~

~~~~~~~~~~~~~~~~~~~~~~~~~~~~~~~~~~~~~~~~~
end: Thu Sep 24 13:58:56 2026
4 tests passed
*** no failures ***
~~~~~~~~~~~~~~~~~~~~~~~~~~~~~~~~~~~~~~~~~
~~~~~~~~~~~~~~~~~~~~~~~~~~~~~~~~~~~~~~~~~
start:  Thu Sep 24 13:58:56 2026
ntests: 3
default descriptor: ab
default norm: L1
default tolerance: 0.05
default relative error: True
~~~~~~~~~~~~~~~~~~~~~~~~~~~~~~~~~~~~~~~~~

subdirs = ['free', 'optmove', 'tally_computes', 'surf', 'circle', 'adapt', 'bfield', 'flowfile', 'surf_react_heatflux', 'relax_const', 'paraview', 'chem_rates', 'spiky', 'fft', 'regions', 'python', 'shock_tube', 'qk', 'collide', 'adjust_temp', 'step', 'vibrate', 'surf_react_adsorb', 'surf_collide', 'vtk', 'jagged', 'ambi', 'chem', 'torque', 'variable_timestep', 'implicit', 'ambi_3body', 'custom', 'ablation', 'relax_variable', 'axi', 'cylinder', 'explicit2implicit', 'emit', 'mfp_mct', 'thermostat', 'sphere']

~~~~~~~~~~~~~~~~~~~~~~~~~~~~~~~~~~~~~~~~~
dir = /hpc/data/cfd-students/nnoventa/regression_runs/cpu_pr623_1217483/examples/adapt
test = adapt.rotate
400 10400 
read 105 log entries
400 10400 
read 105 log entries
==== generating gold standard for test adapt.rotate ====
==== comparing log.ab.adapt.rotate with log.archive.24Sep26.ab.adapt.rotate ====
Step     error  0.0 wrt norm     1.0
Np       error  0.0 wrt norm     1.0
Natt              error  0.0
Ncoll             error  0.0
Nscoll   error  0.0 wrt norm     1.0
Nscheck  error  0.0 wrt norm     1.0

All rows are identical
*** test adapt.rotate passed
elapsed time = 9.163595199584961 s for test adapt.rotate
~~~~~~~~~~~~~~~~~~~~~~~~~~~~~~~~~~~~~~~~~

~~~~~~~~~~~~~~~~~~~~~~~~~~~~~~~~~~~~~~~~~
dir = /hpc/data/cfd-students/nnoventa/regression_runs/cpu_pr623_1217483/examples/adapt
test = adapt.slide
400 10400 12400 
read 125 log entries
400 10400 12400 
read 125 log entries
==== generating gold standard for test adapt.slide ====
==== comparing log.ab.adapt.slide with log.archive.24Sep26.ab.adapt.slide ====
Step     error  0.0 wrt norm     1.0
Np       error  0.0 wrt norm     1.0
Natt              error  0.0
Ncoll             error  0.0
Nscoll   error  0.0 wrt norm     1.0
Nscheck  error  0.0 wrt norm     1.0

All rows are identical
*** test adapt.slide passed
elapsed time = 9.65623164176941 s for test adapt.slide
~~~~~~~~~~~~~~~~~~~~~~~~~~~~~~~~~~~~~~~~~

~~~~~~~~~~~~~~~~~~~~~~~~~~~~~~~~~~~~~~~~~
dir = /hpc/data/cfd-students/nnoventa/regression_runs/cpu_pr623_1217483/examples/adapt
test = adapt.static
500 2500 5500 
read 56 log entries
500 2500 5500 
read 56 log entries
==== generating gold standard for test adapt.static ====
==== comparing log.ab.adapt.static with log.archive.24Sep26.ab.adapt.static ====
Step     error  0.0 wrt norm     1.0
Np       error  0.0 wrt norm     1.0
Natt              error  0.0
Ncoll             error  0.0
Nscoll   error  0.0 wrt norm     1.0
Nscheck  error  0.0 wrt norm     1.0

All rows are identical
*** test adapt.static passed
elapsed time = 4.84628701210022 s for test adapt.static
~~~~~~~~~~~~~~~~~~~~~~~~~~~~~~~~~~~~~~~~~

~~~~~~~~~~~~~~~~~~~~~~~~~~~~~~~~~~~~~~~~~
end: Thu Sep 24 13:59:20 2026
3 tests passed
*** no failures ***
~~~~~~~~~~~~~~~~~~~~~~~~~~~~~~~~~~~~~~~~~
~~~~~~~~~~~~~~~~~~~~~~~~~~~~~~~~~~~~~~~~~
start:  Thu Sep 24 13:59:20 2026
ntests: 4
default descriptor: ab
default norm: L1
default tolerance: 0.05
default relative error: True
~~~~~~~~~~~~~~~~~~~~~~~~~~~~~~~~~~~~~~~~~

subdirs = ['free', 'optmove', 'tally_computes', 'surf', 'circle', 'adapt', 'bfield', 'flowfile', 'surf_react_heatflux', 'relax_const', 'paraview', 'chem_rates', 'spiky', 'fft', 'regions', 'python', 'shock_tube', 'qk', 'collide', 'adjust_temp', 'step', 'vibrate', 'surf_react_adsorb', 'surf_collide', 'vtk', 'jagged', 'ambi', 'chem', 'torque', 'variable_timestep', 'implicit', 'ambi_3body', 'custom', 'ablation', 'relax_variable', 'axi', 'cylinder', 'explicit2implicit', 'emit', 'mfp_mct', 'thermostat', 'sphere']

~~~~~~~~~~~~~~~~~~~~~~~~~~~~~~~~~~~~~~~~~
dir = /hpc/data/cfd-students/nnoventa/regression_runs/cpu_pr623_1217483/examples/adjust_temp
test = circle.adjust
2000 
read 9 log entries
2000 
read 9 log entries
==== generating gold standard for test circle.adjust ====
==== comparing log.ab.circle.adjust with log.archive.24Sep26.ab.circle.adjust ====
Step     error  0.0 wrt norm     1.0
Np       error  0.0 wrt norm     1.0
Natt     error  0.0 wrt norm     1.0
Ncoll    error  0.0 wrt norm     1.0
Nscoll   error  0.0 wrt norm     1.0
Ngrid    error  0.0 wrt norm     1.0
Maxlevel  error  0.0 wrt norm     1.0

All rows are identical
*** test circle.adjust passed
elapsed time = 1.9577224254608154 s for test circle.adjust
~~~~~~~~~~~~~~~~~~~~~~~~~~~~~~~~~~~~~~~~~

~~~~~~~~~~~~~~~~~~~~~~~~~~~~~~~~~~~~~~~~~
dir = /hpc/data/cfd-students/nnoventa/regression_runs/cpu_pr623_1217483/examples/adjust_temp
test = sphere.constant
2000 
read 9 log entries
2000 
read 9 log entries
==== generating gold standard for test sphere.constant ====
==== comparing log.ab.sphere.constant with log.archive.24Sep26.ab.sphere.constant ====
Step     error  0.0 wrt norm     1.0
Np       error  0.0 wrt norm     1.0
Natt     error  0.0 wrt norm     1.0
Ncoll    error  0.0 wrt norm     1.0
Nscoll   error  0.0 wrt norm     1.0
Ngrid    error  0.0 wrt norm     1.0
Maxlevel  error  0.0 wrt norm     1.0

All rows are identical
*** test sphere.constant passed
elapsed time = 7.0435826778411865 s for test sphere.constant
~~~~~~~~~~~~~~~~~~~~~~~~~~~~~~~~~~~~~~~~~

~~~~~~~~~~~~~~~~~~~~~~~~~~~~~~~~~~~~~~~~~
dir = /hpc/data/cfd-students/nnoventa/regression_runs/cpu_pr623_1217483/examples/adjust_temp
test = circle.constant
2000 
read 9 log entries
2000 
read 9 log entries
==== generating gold standard for test circle.constant ====
==== comparing log.ab.circle.constant with log.archive.24Sep26.ab.circle.constant ====
Step     error  0.0 wrt norm     1.0
Np       error  0.0 wrt norm     1.0
Natt     error  0.0 wrt norm     1.0
Ncoll    error  0.0 wrt norm     1.0
Nscoll   error  0.0 wrt norm     1.0
Ngrid    error  0.0 wrt norm     1.0
Maxlevel  error  0.0 wrt norm     1.0

All rows are identical
*** test circle.constant passed
elapsed time = 2.223381996154785 s for test circle.constant
~~~~~~~~~~~~~~~~~~~~~~~~~~~~~~~~~~~~~~~~~

~~~~~~~~~~~~~~~~~~~~~~~~~~~~~~~~~~~~~~~~~
dir = /hpc/data/cfd-students/nnoventa/regression_runs/cpu_pr623_1217483/examples/adjust_temp
test = sphere.adjust
2000 
read 9 log entries
2000 
read 9 log entries
==== generating gold standard for test sphere.adjust ====
==== comparing log.ab.sphere.adjust with log.archive.24Sep26.ab.sphere.adjust ====
Step     error  0.0 wrt norm     1.0
Np       error  0.0 wrt norm     1.0
Natt     error  0.0 wrt norm     1.0
Ncoll    error  0.0 wrt norm     1.0
Nscoll   error  0.0 wrt norm     1.0
Ngrid    error  0.0 wrt norm     1.0
Maxlevel  error  0.0 wrt norm     1.0

All rows are identical
*** test sphere.adjust passed
elapsed time = 7.076726913452148 s for test sphere.adjust
~~~~~~~~~~~~~~~~~~~~~~~~~~~~~~~~~~~~~~~~~

~~~~~~~~~~~~~~~~~~~~~~~~~~~~~~~~~~~~~~~~~
end: Thu Sep 24 13:59:38 2026
4 tests passed
*** no failures ***
~~~~~~~~~~~~~~~~~~~~~~~~~~~~~~~~~~~~~~~~~
~~~~~~~~~~~~~~~~~~~~~~~~~~~~~~~~~~~~~~~~~
start:  Thu Sep 24 13:59:38 2026
ntests: 3
default descriptor: ab
default norm: L1
default tolerance: 0.05
default relative error: True
~~~~~~~~~~~~~~~~~~~~~~~~~~~~~~~~~~~~~~~~~

subdirs = ['free', 'optmove', 'tally_computes', 'surf', 'circle', 'adapt', 'bfield', 'flowfile', 'surf_react_heatflux', 'relax_const', 'paraview', 'chem_rates', 'spiky', 'fft', 'regions', 'python', 'shock_tube', 'qk', 'collide', 'adjust_temp', 'step', 'vibrate', 'surf_react_adsorb', 'surf_collide', 'vtk', 'jagged', 'ambi', 'chem', 'torque', 'variable_timestep', 'implicit', 'ambi_3body', 'custom', 'ablation', 'relax_variable', 'axi', 'cylinder', 'explicit2implicit', 'emit', 'mfp_mct', 'thermostat', 'sphere']

~~~~~~~~~~~~~~~~~~~~~~~~~~~~~~~~~~~~~~~~~
dir = /hpc/data/cfd-students/nnoventa/regression_runs/cpu_pr623_1217483/examples/ambi
test = ambi.group.react
300 
read 13 log entries
300 
read 13 log entries
==== generating gold standard for test ambi.group.react ====
==== comparing log.ab.ambi.group.react with log.archive.24Sep26.ab.ambi.group.react ====
Step     error  0.0 wrt norm     1.0
Np       error  0.0 wrt norm     1.0
Natt     error  0.0 wrt norm     1.0
Ncoll    error  0.0 wrt norm     1.0
Nreact   error  0.0 wrt norm     1.0
c_temp   error  0.0 wrt norm     1.0

All rows are identical
*** test ambi.group.react passed
elapsed time = 0.9225316047668457 s for test ambi.group.react
~~~~~~~~~~~~~~~~~~~~~~~~~~~~~~~~~~~~~~~~~

~~~~~~~~~~~~~~~~~~~~~~~~~~~~~~~~~~~~~~~~~
dir = /hpc/data/cfd-students/nnoventa/regression_runs/cpu_pr623_1217483/examples/ambi
test = ambi
==== generating gold standard for test ambi ====
==== comparing log.ab.ambi with log.archive.24Sep26.ab.ambi ====
ERROR on proc 0: Ran out of space in Kokkos collisions, increase react/extra or use react/retry (/hpc/data/cfd-students/nnoventa/sparta/src/KOKKOS/collide_vss_kokkos.cpp:2625)
!!! test ambi FAILED
elapsed time = 0.8909106254577637 s for test ambi
~~~~~~~~~~~~~~~~~~~~~~~~~~~~~~~~~~~~~~~~~

~~~~~~~~~~~~~~~~~~~~~~~~~~~~~~~~~~~~~~~~~
dir = /hpc/data/cfd-students/nnoventa/regression_runs/cpu_pr623_1217483/examples/ambi
test = ambi.group
300 
read 7 log entries
300 
read 7 log entries
==== generating gold standard for test ambi.group ====
==== comparing log.ab.ambi.group with log.archive.24Sep26.ab.ambi.group ====
Step     error  0.0 wrt norm     1.0
Np       error  0.0 wrt norm     1.0
Natt     error  0.0 wrt norm     1.0
Ncoll    error  0.0 wrt norm     1.0
c_temp   error  0.0 wrt norm     1.0

All rows are identical
*** test ambi.group passed
elapsed time = 0.833568811416626 s for test ambi.group
~~~~~~~~~~~~~~~~~~~~~~~~~~~~~~~~~~~~~~~~~

~~~~~~~~~~~~~~~~~~~~~~~~~~~~~~~~~~~~~~~~~
end: Thu Sep 24 13:59:41 2026
!!! 1 of 3 tests failed
['/hpc/data/cfd-students/nnoventa/regression_runs/cpu_pr623_1217483/examples/ambi', 'ambi']
~~~~~~~~~~~~~~~~~~~~~~~~~~~~~~~~~~~~~~~~~
~~~~~~~~~~~~~~~~~~~~~~~~~~~~~~~~~~~~~~~~~
start:  Thu Sep 24 13:59:41 2026
ntests: 1
default descriptor: ab
default norm: L1
default tolerance: 0.05
default relative error: True
~~~~~~~~~~~~~~~~~~~~~~~~~~~~~~~~~~~~~~~~~

subdirs = ['free', 'optmove', 'tally_computes', 'surf', 'circle', 'adapt', 'bfield', 'flowfile', 'surf_react_heatflux', 'relax_const', 'paraview', 'chem_rates', 'spiky', 'fft', 'regions', 'python', 'shock_tube', 'qk', 'collide', 'adjust_temp', 'step', 'vibrate', 'surf_react_adsorb', 'surf_collide', 'vtk', 'jagged', 'ambi', 'chem', 'torque', 'variable_timestep', 'implicit', 'ambi_3body', 'custom', 'ablation', 'relax_variable', 'axi', 'cylinder', 'explicit2implicit', 'emit', 'mfp_mct', 'thermostat', 'sphere']

~~~~~~~~~~~~~~~~~~~~~~~~~~~~~~~~~~~~~~~~~
dir = /hpc/data/cfd-students/nnoventa/regression_runs/cpu_pr623_1217483/examples/ambi_3body
test = ambi_3body
500 
read 11 log entries
500 
read 11 log entries
==== generating gold standard for test ambi_3body ====
==== comparing log.ab.ambi_3body with log.archive.24Sep26.ab.ambi_3body ====
Step     error  0.0 wrt norm     1.0
Np       error  0.0 wrt norm     1.0
Natt     error  0.0 wrt norm     1.0
Ncoll    error  0.0 wrt norm     1.0
Nreact   error  0.0 wrt norm     1.0
c_c[1]   error  0.0 wrt norm     1.0
c_c[2]   error  0.0 wrt norm     1.0
c_c[3]   error  0.0 wrt norm     1.0
c_c[4]            error  0.0

All rows are identical
*** test ambi_3body passed
elapsed time = 5.62146520614624 s for test ambi_3body
~~~~~~~~~~~~~~~~~~~~~~~~~~~~~~~~~~~~~~~~~

~~~~~~~~~~~~~~~~~~~~~~~~~~~~~~~~~~~~~~~~~
end: Thu Sep 24 13:59:47 2026
1 tests passed
*** no failures ***
~~~~~~~~~~~~~~~~~~~~~~~~~~~~~~~~~~~~~~~~~
~~~~~~~~~~~~~~~~~~~~~~~~~~~~~~~~~~~~~~~~~
start:  Thu Sep 24 13:59:47 2026
ntests: 1
default descriptor: ab
default norm: L1
default tolerance: 0.05
default relative error: True
~~~~~~~~~~~~~~~~~~~~~~~~~~~~~~~~~~~~~~~~~

subdirs = ['free', 'optmove', 'tally_computes', 'surf', 'circle', 'adapt', 'bfield', 'flowfile', 'surf_react_heatflux', 'relax_const', 'paraview', 'chem_rates', 'spiky', 'fft', 'regions', 'python', 'shock_tube', 'qk', 'collide', 'adjust_temp', 'step', 'vibrate', 'surf_react_adsorb', 'surf_collide', 'vtk', 'jagged', 'ambi', 'chem', 'torque', 'variable_timestep', 'implicit', 'ambi_3body', 'custom', 'ablation', 'relax_variable', 'axi', 'cylinder', 'explicit2implicit', 'emit', 'mfp_mct', 'thermostat', 'sphere']

~~~~~~~~~~~~~~~~~~~~~~~~~~~~~~~~~~~~~~~~~
dir = /hpc/data/cfd-students/nnoventa/regression_runs/cpu_pr623_1217483/examples/axi
test = axi
1000 
read 11 log entries
1000 
read 11 log entries
==== generating gold standard for test axi ====
==== comparing log.ab.axi with log.archive.24Sep26.ab.axi ====
Step     error  0.0 wrt norm     1.0
Np       error  0.0 wrt norm     1.0
Natt     error  0.0 wrt norm     1.0
Ncoll    error  0.0 wrt norm     1.0
Nscoll   error  0.0 wrt norm     1.0
Nscheck  error  0.0 wrt norm     1.0

All rows are identical
*** test axi passed
elapsed time = 2.463109254837036 s for test axi
~~~~~~~~~~~~~~~~~~~~~~~~~~~~~~~~~~~~~~~~~

~~~~~~~~~~~~~~~~~~~~~~~~~~~~~~~~~~~~~~~~~
end: Thu Sep 24 13:59:49 2026
1 tests passed
*** no failures ***
~~~~~~~~~~~~~~~~~~~~~~~~~~~~~~~~~~~~~~~~~
~~~~~~~~~~~~~~~~~~~~~~~~~~~~~~~~~~~~~~~~~
start:  Thu Sep 24 13:59:49 2026
ntests: 2
default descriptor: ab
default norm: L1
default tolerance: 0.05
default relative error: True
~~~~~~~~~~~~~~~~~~~~~~~~~~~~~~~~~~~~~~~~~

subdirs = ['free', 'optmove', 'tally_computes', 'surf', 'circle', 'adapt', 'bfield', 'flowfile', 'surf_react_heatflux', 'relax_const', 'paraview', 'chem_rates', 'spiky', 'fft', 'regions', 'python', 'shock_tube', 'qk', 'collide', 'adjust_temp', 'step', 'vibrate', 'surf_react_adsorb', 'surf_collide', 'vtk', 'jagged', 'ambi', 'chem', 'torque', 'variable_timestep', 'implicit', 'ambi_3body', 'custom', 'ablation', 'relax_variable', 'axi', 'cylinder', 'explicit2implicit', 'emit', 'mfp_mct', 'thermostat', 'sphere']

~~~~~~~~~~~~~~~~~~~~~~~~~~~~~~~~~~~~~~~~~
dir = /hpc/data/cfd-students/nnoventa/regression_runs/cpu_pr623_1217483/examples/bfield
test = bfield.grid
1000 
read 11 log entries
1000 
read 11 log entries
==== generating gold standard for test bfield.grid ====
==== comparing log.ab.bfield.grid with log.archive.24Sep26.ab.bfield.grid ====
Step     error  0.0 wrt norm     1.0
Np       error  0.0 wrt norm     1.0
Natt     error  0.0 wrt norm     1.0
Ncoll    error  0.0 wrt norm     1.0
c_temp   error  0.0 wrt norm     1.0

All rows are identical
*** test bfield.grid passed
elapsed time = 1.0359768867492676 s for test bfield.grid
~~~~~~~~~~~~~~~~~~~~~~~~~~~~~~~~~~~~~~~~~

~~~~~~~~~~~~~~~~~~~~~~~~~~~~~~~~~~~~~~~~~
dir = /hpc/data/cfd-students/nnoventa/regression_runs/cpu_pr623_1217483/examples/bfield
test = bfield
1000 
read 11 log entries
1000 
read 11 log entries
==== generating gold standard for test bfield ====
==== comparing log.ab.bfield with log.archive.24Sep26.ab.bfield ====
Step     error  0.0 wrt norm     1.0
Np       error  0.0 wrt norm     1.0
Natt     error  0.0 wrt norm     1.0
Ncoll    error  0.0 wrt norm     1.0
c_temp   error  0.0 wrt norm     1.0

All rows are identical
*** test bfield passed
elapsed time = 2.784780502319336 s for test bfield
~~~~~~~~~~~~~~~~~~~~~~~~~~~~~~~~~~~~~~~~~

~~~~~~~~~~~~~~~~~~~~~~~~~~~~~~~~~~~~~~~~~
end: Thu Sep 24 13:59:53 2026
2 tests passed
*** no failures ***
~~~~~~~~~~~~~~~~~~~~~~~~~~~~~~~~~~~~~~~~~
~~~~~~~~~~~~~~~~~~~~~~~~~~~~~~~~~~~~~~~~~
start:  Thu Sep 24 13:59:53 2026
ntests: 2
default descriptor: ab
default norm: L1
default tolerance: 0.05
default relative error: True
~~~~~~~~~~~~~~~~~~~~~~~~~~~~~~~~~~~~~~~~~

subdirs = ['free', 'optmove', 'tally_computes', 'surf', 'circle', 'adapt', 'bfield', 'flowfile', 'surf_react_heatflux', 'relax_const', 'paraview', 'chem_rates', 'spiky', 'fft', 'regions', 'python', 'shock_tube', 'qk', 'collide', 'adjust_temp', 'step', 'vibrate', 'surf_react_adsorb', 'surf_collide', 'vtk', 'jagged', 'ambi', 'chem', 'torque', 'variable_timestep', 'implicit', 'ambi_3body', 'custom', 'ablation', 'relax_variable', 'axi', 'cylinder', 'explicit2implicit', 'emit', 'mfp_mct', 'thermostat', 'sphere']

~~~~~~~~~~~~~~~~~~~~~~~~~~~~~~~~~~~~~~~~~
dir = /hpc/data/cfd-students/nnoventa/regression_runs/cpu_pr623_1217483/examples/chem
test = chem.gastally
500 
read 6 log entries
500 
read 6 log entries
==== generating gold standard for test chem.gastally ====
==== comparing log.ab.chem.gastally with log.archive.24Sep26.ab.chem.gastally ====
Step     error  0.0 wrt norm     1.0
Np       error  0.0 wrt norm     1.0
Natt     error  0.0 wrt norm     1.0
Ncoll    error  0.0 wrt norm     1.0
Nreact   error  0.0 wrt norm     1.0
c_temp   error  0.0 wrt norm     1.0
c_sumcc  error  0.0 wrt norm     1.0
c_sumcr  error  0.0 wrt norm     1.0

All rows are identical
*** test chem.gastally passed
elapsed time = 1.2159850597381592 s for test chem.gastally
~~~~~~~~~~~~~~~~~~~~~~~~~~~~~~~~~~~~~~~~~

~~~~~~~~~~~~~~~~~~~~~~~~~~~~~~~~~~~~~~~~~
dir = /hpc/data/cfd-students/nnoventa/regression_runs/cpu_pr623_1217483/examples/chem
test = chem
1000 
read 11 log entries
1000 
read 11 log entries
==== generating gold standard for test chem ====
==== comparing log.ab.chem with log.archive.24Sep26.ab.chem ====
Step     error  0.0 wrt norm     1.0
Np       error  0.0 wrt norm     1.0
Natt     error  0.0 wrt norm     1.0
Ncoll    error  0.0 wrt norm     1.0
Nreact   error  0.0 wrt norm     1.0
c_temp   error  0.0 wrt norm     1.0

All rows are identical
*** test chem passed
elapsed time = 1.6408476829528809 s for test chem
~~~~~~~~~~~~~~~~~~~~~~~~~~~~~~~~~~~~~~~~~

~~~~~~~~~~~~~~~~~~~~~~~~~~~~~~~~~~~~~~~~~
end: Thu Sep 24 13:59:56 2026
2 tests passed
*** no failures ***
~~~~~~~~~~~~~~~~~~~~~~~~~~~~~~~~~~~~~~~~~
~~~~~~~~~~~~~~~~~~~~~~~~~~~~~~~~~~~~~~~~~
start:  Thu Sep 24 13:59:56 2026
ntests: 1
default descriptor: ab
default norm: L1
default tolerance: 0.05
default relative error: True
~~~~~~~~~~~~~~~~~~~~~~~~~~~~~~~~~~~~~~~~~

subdirs = ['free', 'optmove', 'tally_computes', 'surf', 'circle', 'adapt', 'bfield', 'flowfile', 'surf_react_heatflux', 'relax_const', 'paraview', 'chem_rates', 'spiky', 'fft', 'regions', 'python', 'shock_tube', 'qk', 'collide', 'adjust_temp', 'step', 'vibrate', 'surf_react_adsorb', 'surf_collide', 'vtk', 'jagged', 'ambi', 'chem', 'torque', 'variable_timestep', 'implicit', 'ambi_3body', 'custom', 'ablation', 'relax_variable', 'axi', 'cylinder', 'explicit2implicit', 'emit', 'mfp_mct', 'thermostat', 'sphere']

~~~~~~~~~~~~~~~~~~~~~~~~~~~~~~~~~~~~~~~~~
dir = /hpc/data/cfd-students/nnoventa/regression_runs/cpu_pr623_1217483/examples/chem_rates
test = chem_rates
1000 
read 11 log entries
1000 
read 11 log entries
==== generating gold standard for test chem_rates ====
==== comparing log.ab.chem_rates with log.archive.24Sep26.ab.chem_rates ====
Step     error  0.0 wrt norm     1.0
Np       error  0.0 wrt norm     1.0
Natt     error  0.0 wrt norm     1.0
Ncoll    error  0.0 wrt norm     1.0
Nreact            error  0.0
c_temp   error  0.0 wrt norm     1.0

All rows are identical
*** test chem_rates passed
elapsed time = 1.6460282802581787 s for test chem_rates
~~~~~~~~~~~~~~~~~~~~~~~~~~~~~~~~~~~~~~~~~

~~~~~~~~~~~~~~~~~~~~~~~~~~~~~~~~~~~~~~~~~
end: Thu Sep 24 13:59:58 2026
1 tests passed
*** no failures ***
~~~~~~~~~~~~~~~~~~~~~~~~~~~~~~~~~~~~~~~~~
~~~~~~~~~~~~~~~~~~~~~~~~~~~~~~~~~~~~~~~~~
start:  Thu Sep 24 13:59:58 2026
ntests: 3
default descriptor: ab
default norm: L1
default tolerance: 0.05
default relative error: True
~~~~~~~~~~~~~~~~~~~~~~~~~~~~~~~~~~~~~~~~~

subdirs = ['free', 'optmove', 'tally_computes', 'surf', 'circle', 'adapt', 'bfield', 'flowfile', 'surf_react_heatflux', 'relax_const', 'paraview', 'chem_rates', 'spiky', 'fft', 'regions', 'python', 'shock_tube', 'qk', 'collide', 'adjust_temp', 'step', 'vibrate', 'surf_react_adsorb', 'surf_collide', 'vtk', 'jagged', 'ambi', 'chem', 'torque', 'variable_timestep', 'implicit', 'ambi_3body', 'custom', 'ablation', 'relax_variable', 'axi', 'cylinder', 'explicit2implicit', 'emit', 'mfp_mct', 'thermostat', 'sphere']

~~~~~~~~~~~~~~~~~~~~~~~~~~~~~~~~~~~~~~~~~
dir = /hpc/data/cfd-students/nnoventa/regression_runs/cpu_pr623_1217483/examples/circle
test = circle.distributed
1000 
read 11 log entries
1000 
read 11 log entries
==== generating gold standard for test circle.distributed ====
==== comparing log.ab.circle.distributed with log.archive.24Sep26.ab.circle.distributed ====
Step     error  0.0 wrt norm     1.0
Np       error  0.0 wrt norm     1.0
Natt              error  0.0
Ncoll             error  0.0
Nscoll   error  0.0 wrt norm     1.0
Nscheck  error  0.0 wrt norm     1.0

All rows are identical
*** test circle.distributed passed
elapsed time = 1.371816635131836 s for test circle.distributed
~~~~~~~~~~~~~~~~~~~~~~~~~~~~~~~~~~~~~~~~~

~~~~~~~~~~~~~~~~~~~~~~~~~~~~~~~~~~~~~~~~~
dir = /hpc/data/cfd-students/nnoventa/regression_runs/cpu_pr623_1217483/examples/circle
test = circle
1000 
read 11 log entries
1000 
read 11 log entries
==== generating gold standard for test circle ====
==== comparing log.ab.circle with log.archive.24Sep26.ab.circle ====
Step     error  0.0 wrt norm     1.0
Np       error  0.0 wrt norm     1.0
Natt              error  0.0
Ncoll             error  0.0
Nscoll   error  0.0 wrt norm     1.0
Nscheck  error  0.0 wrt norm     1.0

All rows are identical
*** test circle passed
elapsed time = 1.3401553630828857 s for test circle
~~~~~~~~~~~~~~~~~~~~~~~~~~~~~~~~~~~~~~~~~

~~~~~~~~~~~~~~~~~~~~~~~~~~~~~~~~~~~~~~~~~
dir = /hpc/data/cfd-students/nnoventa/regression_runs/cpu_pr623_1217483/examples/circle
test = circle.transparent
1000 
read 11 log entries
1000 
read 11 log entries
==== generating gold standard for test circle.transparent ====
==== comparing log.ab.circle.transparent with log.archive.24Sep26.ab.circle.transparent ====
Step     error  0.0 wrt norm     1.0
Np       error  0.0 wrt norm     1.0
Natt              error  0.0
Ncoll             error  0.0
Nscoll   error  0.0 wrt norm     1.0
Nscheck  error  0.0 wrt norm     1.0
c_reduce[1]  error  0.0 wrt norm     1.0
c_reduce[2]           error  0.0
c_reduce[3]  error  0.0 wrt norm     1.0
c_reduce[4]           error  0.0

All rows are identical
*** test circle.transparent passed
elapsed time = 1.7989156246185303 s for test circle.transparent
~~~~~~~~~~~~~~~~~~~~~~~~~~~~~~~~~~~~~~~~~

~~~~~~~~~~~~~~~~~~~~~~~~~~~~~~~~~~~~~~~~~
end: Thu Sep 24 14:00:02 2026
3 tests passed
*** no failures ***
~~~~~~~~~~~~~~~~~~~~~~~~~~~~~~~~~~~~~~~~~
~~~~~~~~~~~~~~~~~~~~~~~~~~~~~~~~~~~~~~~~~
start:  Thu Sep 24 14:00:02 2026
ntests: 9
default descriptor: ab
default norm: L1
default tolerance: 0.05
default relative error: True
~~~~~~~~~~~~~~~~~~~~~~~~~~~~~~~~~~~~~~~~~

subdirs = ['free', 'optmove', 'tally_computes', 'surf', 'circle', 'adapt', 'bfield', 'flowfile', 'surf_react_heatflux', 'relax_const', 'paraview', 'chem_rates', 'spiky', 'fft', 'regions', 'python', 'shock_tube', 'qk', 'collide', 'adjust_temp', 'step', 'vibrate', 'surf_react_adsorb', 'surf_collide', 'vtk', 'jagged', 'ambi', 'chem', 'torque', 'variable_timestep', 'implicit', 'ambi_3body', 'custom', 'ablation', 'relax_variable', 'axi', 'cylinder', 'explicit2implicit', 'emit', 'mfp_mct', 'thermostat', 'sphere']

~~~~~~~~~~~~~~~~~~~~~~~~~~~~~~~~~~~~~~~~~
dir = /hpc/data/cfd-students/nnoventa/regression_runs/cpu_pr623_1217483/examples/collide
test = collide_3D
1000 
read 11 log entries
1000 
read 11 log entries
==== generating gold standard for test collide_3D ====
==== comparing log.ab.collide_3D with log.archive.24Sep26.ab.collide_3D ====
Step     error  0.0 wrt norm     1.0
Np       error  0.0 wrt norm     1.0
Natt     error  0.0 wrt norm     1.0
Ncoll    error  0.0 wrt norm     1.0
c_temp   error  0.0 wrt norm     1.0

All rows are identical
*** test collide_3D passed
elapsed time = 2.884206771850586 s for test collide_3D
~~~~~~~~~~~~~~~~~~~~~~~~~~~~~~~~~~~~~~~~~

~~~~~~~~~~~~~~~~~~~~~~~~~~~~~~~~~~~~~~~~~
dir = /hpc/data/cfd-students/nnoventa/regression_runs/cpu_pr623_1217483/examples/collide
test = collide.group
1000 
read 11 log entries
1000 
read 11 log entries
==== generating gold standard for test collide.group ====
==== comparing log.ab.collide.group with log.archive.24Sep26.ab.collide.group ====
Step     error  0.0 wrt norm     1.0
Np       error  0.0 wrt norm     1.0
Natt     error  0.0 wrt norm     1.0
Ncoll    error  0.0 wrt norm     1.0
c_temp   error  0.0 wrt norm     1.0

All rows are identical
*** test collide.group passed
elapsed time = 1.0931751728057861 s for test collide.group
~~~~~~~~~~~~~~~~~~~~~~~~~~~~~~~~~~~~~~~~~

~~~~~~~~~~~~~~~~~~~~~~~~~~~~~~~~~~~~~~~~~
dir = /hpc/data/cfd-students/nnoventa/regression_runs/cpu_pr623_1217483/examples/collide
test = collide_2D_nn
1000 
read 11 log entries
1000 
read 11 log entries
==== generating gold standard for test collide_2D_nn ====
==== comparing log.ab.collide_2D_nn with log.archive.24Sep26.ab.collide_2D_nn ====
Step     error  0.0 wrt norm     1.0
Np       error  0.0 wrt norm     1.0
Natt     error  0.0 wrt norm     1.0
Ncoll    error  0.0 wrt norm     1.0
c_temp   error  0.0 wrt norm     1.0

All rows are identical
*** test collide_2D_nn passed
elapsed time = 1.1255431175231934 s for test collide_2D_nn
~~~~~~~~~~~~~~~~~~~~~~~~~~~~~~~~~~~~~~~~~

~~~~~~~~~~~~~~~~~~~~~~~~~~~~~~~~~~~~~~~~~
dir = /hpc/data/cfd-students/nnoventa/regression_runs/cpu_pr623_1217483/examples/collide
test = collideInterspecies
1000 
read 11 log entries
1000 
read 11 log entries
==== generating gold standard for test collideInterspecies ====
==== comparing log.ab.collideInterspecies with log.archive.24Sep26.ab.collideInterspecies ====
Step     error  0.0 wrt norm     1.0
Np       error  0.0 wrt norm     1.0
Natt     error  0.0 wrt norm     1.0
Ncoll    error  0.0 wrt norm     1.0
c_temp   error  0.0 wrt norm     1.0

All rows are identical
*** test collideInterspecies passed
elapsed time = 1.0385382175445557 s for test collideInterspecies
~~~~~~~~~~~~~~~~~~~~~~~~~~~~~~~~~~~~~~~~~

~~~~~~~~~~~~~~~~~~~~~~~~~~~~~~~~~~~~~~~~~
dir = /hpc/data/cfd-students/nnoventa/regression_runs/cpu_pr623_1217483/examples/collide
test = collide_3D_sub
1000 
read 11 log entries
1000 
read 11 log entries
==== generating gold standard for test collide_3D_sub ====
==== comparing log.ab.collide_3D_sub with log.archive.24Sep26.ab.collide_3D_sub ====
Step     error  0.0 wrt norm     1.0
Np       error  0.0 wrt norm     1.0
Natt     error  0.0 wrt norm     1.0
Ncoll    error  0.0 wrt norm     1.0
c_temp   error  0.0 wrt norm     1.0

All rows are identical
*** test collide_3D_sub passed
elapsed time = 3.7329065799713135 s for test collide_3D_sub
~~~~~~~~~~~~~~~~~~~~~~~~~~~~~~~~~~~~~~~~~

~~~~~~~~~~~~~~~~~~~~~~~~~~~~~~~~~~~~~~~~~
dir = /hpc/data/cfd-students/nnoventa/regression_runs/cpu_pr623_1217483/examples/collide
test = collide
1000 
read 11 log entries
1000 
read 11 log entries
==== generating gold standard for test collide ====
==== comparing log.ab.collide with log.archive.24Sep26.ab.collide ====
Step     error  0.0 wrt norm     1.0
Np       error  0.0 wrt norm     1.0
Natt     error  0.0 wrt norm     1.0
Ncoll    error  0.0 wrt norm     1.0
c_temp   error  0.0 wrt norm     1.0

All rows are identical
*** test collide passed
elapsed time = 0.9965744018554688 s for test collide
~~~~~~~~~~~~~~~~~~~~~~~~~~~~~~~~~~~~~~~~~

~~~~~~~~~~~~~~~~~~~~~~~~~~~~~~~~~~~~~~~~~
dir = /hpc/data/cfd-students/nnoventa/regression_runs/cpu_pr623_1217483/examples/collide
test = collide_2D_sub
1000 
read 11 log entries
1000 
read 11 log entries
==== generating gold standard for test collide_2D_sub ====
==== comparing log.ab.collide_2D_sub with log.archive.24Sep26.ab.collide_2D_sub ====
Step     error  0.0 wrt norm     1.0
Np       error  0.0 wrt norm     1.0
Natt     error  0.0 wrt norm     1.0
Ncoll    error  0.0 wrt norm     1.0
c_temp   error  0.0 wrt norm     1.0

All rows are identical
*** test collide_2D_sub passed
elapsed time = 1.1286375522613525 s for test collide_2D_sub
~~~~~~~~~~~~~~~~~~~~~~~~~~~~~~~~~~~~~~~~~

~~~~~~~~~~~~~~~~~~~~~~~~~~~~~~~~~~~~~~~~~
dir = /hpc/data/cfd-students/nnoventa/regression_runs/cpu_pr623_1217483/examples/collide
test = collide_2D
1000 
read 11 log entries
1000 
read 11 log entries
==== generating gold standard for test collide_2D ====
==== comparing log.ab.collide_2D with log.archive.24Sep26.ab.collide_2D ====
Step     error  0.0 wrt norm     1.0
Np       error  0.0 wrt norm     1.0
Natt     error  0.0 wrt norm     1.0
Ncoll    error  0.0 wrt norm     1.0
c_temp   error  0.0 wrt norm     1.0

All rows are identical
*** test collide_2D passed
elapsed time = 1.0477852821350098 s for test collide_2D
~~~~~~~~~~~~~~~~~~~~~~~~~~~~~~~~~~~~~~~~~

~~~~~~~~~~~~~~~~~~~~~~~~~~~~~~~~~~~~~~~~~
dir = /hpc/data/cfd-students/nnoventa/regression_runs/cpu_pr623_1217483/examples/collide
test = collide_3D_nn
1000 
read 11 log entries
1000 
read 11 log entries
==== generating gold standard for test collide_3D_nn ====
==== comparing log.ab.collide_3D_nn with log.archive.24Sep26.ab.collide_3D_nn ====
Step     error  0.0 wrt norm     1.0
Np       error  0.0 wrt norm     1.0
Natt     error  0.0 wrt norm     1.0
Ncoll    error  0.0 wrt norm     1.0
c_temp   error  0.0 wrt norm     1.0

All rows are identical
*** test collide_3D_nn passed
elapsed time = 3.657231569290161 s for test collide_3D_nn
~~~~~~~~~~~~~~~~~~~~~~~~~~~~~~~~~~~~~~~~~

~~~~~~~~~~~~~~~~~~~~~~~~~~~~~~~~~~~~~~~~~
end: Thu Sep 24 14:00:19 2026
9 tests passed
*** no failures ***
~~~~~~~~~~~~~~~~~~~~~~~~~~~~~~~~~~~~~~~~~
~~~~~~~~~~~~~~~~~~~~~~~~~~~~~~~~~~~~~~~~~
start:  Thu Sep 24 14:00:19 2026
ntests: 25
default descriptor: ab
default norm: L1
default tolerance: 0.05
default relative error: True
~~~~~~~~~~~~~~~~~~~~~~~~~~~~~~~~~~~~~~~~~

subdirs = ['free', 'optmove', 'tally_computes', 'surf', 'circle', 'adapt', 'bfield', 'flowfile', 'surf_react_heatflux', 'relax_const', 'paraview', 'chem_rates', 'spiky', 'fft', 'regions', 'python', 'shock_tube', 'qk', 'collide', 'adjust_temp', 'step', 'vibrate', 'surf_react_adsorb', 'surf_collide', 'vtk', 'jagged', 'ambi', 'chem', 'torque', 'variable_timestep', 'implicit', 'ambi_3body', 'custom', 'ablation', 'relax_variable', 'axi', 'cylinder', 'explicit2implicit', 'emit', 'mfp_mct', 'thermostat', 'sphere']

~~~~~~~~~~~~~~~~~~~~~~~~~~~~~~~~~~~~~~~~~
dir = /hpc/data/cfd-students/nnoventa/regression_runs/cpu_pr623_1217483/examples/custom
test = custom.circle.file.fix.distributed
2000 
read 21 log entries
2000 
read 21 log entries
==== generating gold standard for test custom.circle.file.fix.distributed ====
==== comparing log.ab.custom.circle.file.fix.distributed with log.archive.24Sep26.ab.custom.circle.file.fix.distributed ====
Step     error  0.0 wrt norm     1.0
Np       error  0.0 wrt norm     1.0
Natt              error  0.0
Ncoll             error  0.0
Nscoll   error  0.0 wrt norm     1.0
Nscheck  error  0.0 wrt norm     1.0

All rows are identical
*** test custom.circle.file.fix.distributed passed
elapsed time = 0.8642232418060303 s for test custom.circle.file.fix.distributed
~~~~~~~~~~~~~~~~~~~~~~~~~~~~~~~~~~~~~~~~~

~~~~~~~~~~~~~~~~~~~~~~~~~~~~~~~~~~~~~~~~~
dir = /hpc/data/cfd-students/nnoventa/regression_runs/cpu_pr623_1217483/examples/custom
test = custom.step.temp.variable
500 
read 11 log entries
500 
read 11 log entries
==== generating gold standard for test custom.step.temp.variable ====
==== comparing log.ab.custom.step.temp.variable with log.archive.24Sep26.ab.custom.step.temp.variable ====
Step     error  0.0 wrt norm     1.0
Np       error  0.0 wrt norm     1.0
Natt              error  0.0
Ncoll             error  0.0
Nscoll   error  0.0 wrt norm     1.0
Nscheck  error  0.0 wrt norm     1.0

All rows are identical
*** test custom.step.temp.variable passed
elapsed time = 0.9174959659576416 s for test custom.step.temp.variable
~~~~~~~~~~~~~~~~~~~~~~~~~~~~~~~~~~~~~~~~~

~~~~~~~~~~~~~~~~~~~~~~~~~~~~~~~~~~~~~~~~~
dir = /hpc/data/cfd-students/nnoventa/regression_runs/cpu_pr623_1217483/examples/custom
test = custom.circle.set.fix.distributed
2000 
read 21 log entries
2000 
read 21 log entries
==== generating gold standard for test custom.circle.set.fix.distributed ====
==== comparing log.ab.custom.circle.set.fix.distributed with log.archive.24Sep26.ab.custom.circle.set.fix.distributed ====
Step     error  0.0 wrt norm     1.0
Np       error  0.0 wrt norm     1.0
Natt              error  0.0
Ncoll             error  0.0
Nscoll   error  0.0 wrt norm     1.0
Nscheck  error  0.0 wrt norm     1.0

All rows are identical
*** test custom.circle.set.fix.distributed passed
elapsed time = 0.9470584392547607 s for test custom.circle.set.fix.distributed
~~~~~~~~~~~~~~~~~~~~~~~~~~~~~~~~~~~~~~~~~

~~~~~~~~~~~~~~~~~~~~~~~~~~~~~~~~~~~~~~~~~
dir = /hpc/data/cfd-students/nnoventa/regression_runs/cpu_pr623_1217483/examples/custom
test = custom.coarse.3d
10 
read 2 log entries
10 
read 2 log entries
==== generating gold standard for test custom.coarse.3d ====
==== comparing log.ab.custom.coarse.3d with log.archive.24Sep26.ab.custom.coarse.3d ====
Step     error  0.0 wrt norm     1.0
Np                error  0.0
Natt              error  0.0
Ncoll             error  0.0
c_temp            error  0.0

All rows are identical
*** test custom.coarse.3d passed
elapsed time = 1.063826084136963 s for test custom.coarse.3d
~~~~~~~~~~~~~~~~~~~~~~~~~~~~~~~~~~~~~~~~~

~~~~~~~~~~~~~~~~~~~~~~~~~~~~~~~~~~~~~~~~~
dir = /hpc/data/cfd-students/nnoventa/regression_runs/cpu_pr623_1217483/examples/custom
test = custom.circle.set.distributed
1000 2000 
read 21 log entries
1000 2000 
read 21 log entries
==== generating gold standard for test custom.circle.set.distributed ====
==== comparing log.ab.custom.circle.set.distributed with log.archive.24Sep26.ab.custom.circle.set.distributed ====
Step     error  0.0 wrt norm     1.0
Np       error  0.0 wrt norm     1.0
Natt              error  0.0
Ncoll             error  0.0
Nscoll   error  0.0 wrt norm     1.0
Nscheck  error  0.0 wrt norm     1.0

All rows are identical
*** test custom.circle.set.distributed passed
elapsed time = 0.9791197776794434 s for test custom.circle.set.distributed
~~~~~~~~~~~~~~~~~~~~~~~~~~~~~~~~~~~~~~~~~

~~~~~~~~~~~~~~~~~~~~~~~~~~~~~~~~~~~~~~~~~
dir = /hpc/data/cfd-students/nnoventa/regression_runs/cpu_pr623_1217483/examples/custom
test = custom.cube.read.restart
==== generating gold standard for test custom.cube.read.restart ====
==== comparing log.ab.custom.cube.read.restart with log.archive.24Sep26.ab.custom.cube.read.restart ====
ERROR on proc 0: Cannot open restart file tmp.cube.read.restart.base (/hpc/data/cfd-students/nnoventa/sparta/src/read_restart.cpp:114)
!!! test custom.cube.read.restart FAILED
elapsed time = 0.8423473834991455 s for test custom.cube.read.restart
~~~~~~~~~~~~~~~~~~~~~~~~~~~~~~~~~~~~~~~~~

~~~~~~~~~~~~~~~~~~~~~~~~~~~~~~~~~~~~~~~~~
dir = /hpc/data/cfd-students/nnoventa/regression_runs/cpu_pr623_1217483/examples/custom
test = custom.step.temp.remove
500 1000 
read 21 log entries
500 1000 
read 21 log entries
==== generating gold standard for test custom.step.temp.remove ====
==== comparing log.ab.custom.step.temp.remove with log.archive.24Sep26.ab.custom.step.temp.remove ====
Step     error  0.0 wrt norm     1.0
Np       error  0.0 wrt norm     1.0
Natt              error  0.0
Ncoll             error  0.0
Nscoll   error  0.0 wrt norm     1.0
Nscheck  error  0.0 wrt norm     1.0

All rows are identical
*** test custom.step.temp.remove passed
elapsed time = 1.0544376373291016 s for test custom.step.temp.remove
~~~~~~~~~~~~~~~~~~~~~~~~~~~~~~~~~~~~~~~~~

~~~~~~~~~~~~~~~~~~~~~~~~~~~~~~~~~~~~~~~~~
dir = /hpc/data/cfd-students/nnoventa/regression_runs/cpu_pr623_1217483/examples/custom
test = custom.step.temp.read
500 
read 11 log entries
500 
read 11 log entries
==== generating gold standard for test custom.step.temp.read ====
==== comparing log.ab.custom.step.temp.read with log.archive.24Sep26.ab.custom.step.temp.read ====
Step     error  0.0 wrt norm     1.0
Np       error  0.0 wrt norm     1.0
Natt              error  0.0
Ncoll             error  0.0
Nscoll   error  0.0 wrt norm     1.0
Nscheck  error  0.0 wrt norm     1.0

All rows are identical
*** test custom.step.temp.read passed
elapsed time = 0.9196138381958008 s for test custom.step.temp.read
~~~~~~~~~~~~~~~~~~~~~~~~~~~~~~~~~~~~~~~~~

~~~~~~~~~~~~~~~~~~~~~~~~~~~~~~~~~~~~~~~~~
dir = /hpc/data/cfd-students/nnoventa/regression_runs/cpu_pr623_1217483/examples/custom
test = custom.step.clip
500 
read 11 log entries
500 
read 11 log entries
==== generating gold standard for test custom.step.clip ====
==== comparing log.ab.custom.step.clip with log.archive.24Sep26.ab.custom.step.clip ====
Step     error  0.0 wrt norm     1.0
Np       error  0.0 wrt norm     1.0
Natt              error  0.0
Ncoll             error  0.0
Nscoll   error  0.0 wrt norm     1.0
Nscheck  error  0.0 wrt norm     1.0
f_1[1]   error  0.0 wrt norm     1.0
f_1[2]   error  0.0 wrt norm     1.0
f_1[3]   error  0.0 wrt norm     1.0

All rows are identical
*** test custom.step.clip passed
elapsed time = 0.9355690479278564 s for test custom.step.clip
~~~~~~~~~~~~~~~~~~~~~~~~~~~~~~~~~~~~~~~~~

~~~~~~~~~~~~~~~~~~~~~~~~~~~~~~~~~~~~~~~~~
dir = /hpc/data/cfd-students/nnoventa/regression_runs/cpu_pr623_1217483/examples/custom
test = custom.circle.set.fix
2000 
read 21 log entries
2000 
read 21 log entries
==== generating gold standard for test custom.circle.set.fix ====
==== comparing log.ab.custom.circle.set.fix with log.archive.24Sep26.ab.custom.circle.set.fix ====
Step     error  0.0 wrt norm     1.0
Np       error  0.0 wrt norm     1.0
Natt              error  0.0
Ncoll             error  0.0
Nscoll   error  0.0 wrt norm     1.0
Nscheck  error  0.0 wrt norm     1.0

All rows are identical
*** test custom.circle.set.fix passed
elapsed time = 0.8234250545501709 s for test custom.circle.set.fix
~~~~~~~~~~~~~~~~~~~~~~~~~~~~~~~~~~~~~~~~~

~~~~~~~~~~~~~~~~~~~~~~~~~~~~~~~~~~~~~~~~~
dir = /hpc/data/cfd-students/nnoventa/regression_runs/cpu_pr623_1217483/examples/custom
test = custom.step.read
500 1000 1500 
read 31 log entries
500 1000 1500 
read 31 log entries
==== generating gold standard for test custom.step.read ====
==== comparing log.ab.custom.step.read with log.archive.24Sep26.ab.custom.step.read ====
Step     error  0.0 wrt norm     1.0
Np       error  0.0 wrt norm     1.0
Natt              error  0.0
Ncoll             error  0.0
Nscoll   error  0.0 wrt norm     1.0
Nscheck  error  0.0 wrt norm     1.0
f_1[1]   error  0.0 wrt norm     1.0
f_1[2]   error  0.0 wrt norm     1.0
f_1[3]   error  0.0 wrt norm     1.0

All rows are identical
*** test custom.step.read passed
elapsed time = 1.2237112522125244 s for test custom.step.read
~~~~~~~~~~~~~~~~~~~~~~~~~~~~~~~~~~~~~~~~~

~~~~~~~~~~~~~~~~~~~~~~~~~~~~~~~~~~~~~~~~~
dir = /hpc/data/cfd-students/nnoventa/regression_runs/cpu_pr623_1217483/examples/custom
test = custom.circle.file
1000 2000 
read 21 log entries
1000 2000 
read 21 log entries
==== generating gold standard for test custom.circle.file ====
==== comparing log.ab.custom.circle.file with log.archive.24Sep26.ab.custom.circle.file ====
Step     error  0.0 wrt norm     1.0
Np       error  0.0 wrt norm     1.0
Natt              error  0.0
Ncoll             error  0.0
Nscoll   error  0.0 wrt norm     1.0
Nscheck  error  0.0 wrt norm     1.0

All rows are identical
*** test custom.circle.file passed
elapsed time = 0.8201305866241455 s for test custom.circle.file
~~~~~~~~~~~~~~~~~~~~~~~~~~~~~~~~~~~~~~~~~

~~~~~~~~~~~~~~~~~~~~~~~~~~~~~~~~~~~~~~~~~
dir = /hpc/data/cfd-students/nnoventa/regression_runs/cpu_pr623_1217483/examples/custom
test = custom.coarse.2d
10 
read 2 log entries
10 
read 2 log entries
==== generating gold standard for test custom.coarse.2d ====
==== comparing log.ab.custom.coarse.2d with log.archive.24Sep26.ab.custom.coarse.2d ====
Step     error  0.0 wrt norm     1.0
Np                error  0.0
Natt              error  0.0
Ncoll             error  0.0
c_temp            error  0.0

All rows are identical
*** test custom.coarse.2d passed
elapsed time = 0.797410249710083 s for test custom.coarse.2d
~~~~~~~~~~~~~~~~~~~~~~~~~~~~~~~~~~~~~~~~~

~~~~~~~~~~~~~~~~~~~~~~~~~~~~~~~~~~~~~~~~~
dir = /hpc/data/cfd-students/nnoventa/regression_runs/cpu_pr623_1217483/examples/custom
test = custom.step.read.restart
1500 2000 
read 21 log entries
Traceback (most recent call last):
  File "/hpc/data/cfd-students/nnoventa/sparta/tools/testing/regression.py", line 613, in <module>
    msg = execute(test)
  File "/hpc/data/cfd-students/nnoventa/sparta/tools/testing/regression.py", line 428, in execute
    msg += run_test(test[1],lmp_args,descriptors[i])
  File "/hpc/data/cfd-students/nnoventa/sparta/tools/testing/regression.py", line 224, in run_test
    [passing,cdict,cdata,emsg] = extract_data(log,stdout);
  File "/hpc/data/cfd-students/nnoventa/sparta/tools/testing/regression.py", line 315, in extract_data
    data.append(lg.get(name))
  File "/hpc/data/cfd-students/nnoventa/sparta/tools/testing/olog.py", line 134, in get
    vecs[i][j] = self.data[j][map[i]]
IndexError: list index out of range
~~~~~~~~~~~~~~~~~~~~~~~~~~~~~~~~~~~~~~~~~
start:  Thu Sep 24 14:00:32 2026
ntests: 10
default descriptor: ab
default norm: L1
default tolerance: 0.05
default relative error: True
~~~~~~~~~~~~~~~~~~~~~~~~~~~~~~~~~~~~~~~~~

subdirs = ['free', 'optmove', 'tally_computes', 'surf', 'circle', 'adapt', 'bfield', 'flowfile', 'surf_react_heatflux', 'relax_const', 'paraview', 'chem_rates', 'spiky', 'fft', 'regions', 'python', 'shock_tube', 'qk', 'collide', 'adjust_temp', 'step', 'vibrate', 'surf_react_adsorb', 'surf_collide', 'vtk', 'jagged', 'ambi', 'chem', 'torque', 'variable_timestep', 'implicit', 'ambi_3body', 'custom', 'ablation', 'relax_variable', 'axi', 'cylinder', 'explicit2implicit', 'emit', 'mfp_mct', 'thermostat', 'sphere']

~~~~~~~~~~~~~~~~~~~~~~~~~~~~~~~~~~~~~~~~~
dir = /hpc/data/cfd-students/nnoventa/regression_runs/cpu_pr623_1217483/examples/emit
test = emit.surf.subsonic
1000 
read 11 log entries
1000 
read 11 log entries
==== generating gold standard for test emit.surf.subsonic ====
==== comparing log.ab.emit.surf.subsonic with log.archive.24Sep26.ab.emit.surf.subsonic ====
Step     error  0.0 wrt norm     1.0
Np       error  0.0 wrt norm     1.0
f_in[1]  error  0.0 wrt norm     1.0
f_in[2]  error  0.0 wrt norm     1.0

All rows are identical
*** test emit.surf.subsonic passed
elapsed time = 1.277092456817627 s for test emit.surf.subsonic
~~~~~~~~~~~~~~~~~~~~~~~~~~~~~~~~~~~~~~~~~

~~~~~~~~~~~~~~~~~~~~~~~~~~~~~~~~~~~~~~~~~
dir = /hpc/data/cfd-students/nnoventa/regression_runs/cpu_pr623_1217483/examples/emit
test = emit.surf.normal.region
300 
read 4 log entries
300 
read 4 log entries
==== generating gold standard for test emit.surf.normal.region ====
==== comparing log.ab.emit.surf.normal.region with log.archive.24Sep26.ab.emit.surf.normal.region ====
Step     error  0.0 wrt norm     1.0
Np       error  0.0 wrt norm     1.0
Natt              error  0.0
Ncoll             error  0.0
Nscoll            error  0.0
Nscheck  error  0.0 wrt norm     1.0

All rows are identical
*** test emit.surf.normal.region passed
elapsed time = 0.7936890125274658 s for test emit.surf.normal.region
~~~~~~~~~~~~~~~~~~~~~~~~~~~~~~~~~~~~~~~~~

~~~~~~~~~~~~~~~~~~~~~~~~~~~~~~~~~~~~~~~~~
dir = /hpc/data/cfd-students/nnoventa/regression_runs/cpu_pr623_1217483/examples/emit
test = emit.surf.normal
300 
read 4 log entries
300 
read 4 log entries
==== generating gold standard for test emit.surf.normal ====
==== comparing log.ab.emit.surf.normal with log.archive.24Sep26.ab.emit.surf.normal ====
Step     error  0.0 wrt norm     1.0
Np       error  0.0 wrt norm     1.0
Natt              error  0.0
Ncoll             error  0.0
Nscoll   error  0.0 wrt norm     1.0
Nscheck  error  0.0 wrt norm     1.0
c_cs[1]  error  0.0 wrt norm     1.0
c_cs[2]           error  0.0

All rows are identical
*** test emit.surf.normal passed
elapsed time = 0.834815263748169 s for test emit.surf.normal
~~~~~~~~~~~~~~~~~~~~~~~~~~~~~~~~~~~~~~~~~

~~~~~~~~~~~~~~~~~~~~~~~~~~~~~~~~~~~~~~~~~
dir = /hpc/data/cfd-students/nnoventa/regression_runs/cpu_pr623_1217483/examples/emit
test = emit.surf.flow.region
300 
read 4 log entries
300 
read 4 log entries
==== generating gold standard for test emit.surf.flow.region ====
==== comparing log.ab.emit.surf.flow.region with log.archive.24Sep26.ab.emit.surf.flow.region ====
Step     error  0.0 wrt norm     1.0
Np       error  0.0 wrt norm     1.0
Natt              error  0.0
Ncoll             error  0.0
Nscoll            error  0.0
Nscheck  error  0.0 wrt norm     1.0

All rows are identical
*** test emit.surf.flow.region passed
elapsed time = 0.8078765869140625 s for test emit.surf.flow.region
~~~~~~~~~~~~~~~~~~~~~~~~~~~~~~~~~~~~~~~~~

~~~~~~~~~~~~~~~~~~~~~~~~~~~~~~~~~~~~~~~~~
dir = /hpc/data/cfd-students/nnoventa/regression_runs/cpu_pr623_1217483/examples/emit
test = emit.surf.mflow
1000 
read 11 log entries
1000 
read 11 log entries
==== generating gold standard for test emit.surf.mflow ====
==== comparing log.ab.emit.surf.mflow with log.archive.24Sep26.ab.emit.surf.mflow ====
Step     error  0.0 wrt norm     1.0
Np       error  0.0 wrt norm     1.0
f_in[1]           error  0.0
f_in[2]  error  0.0 wrt norm     1.0
v_mrate           error  0.0

All rows are identical
*** test emit.surf.mflow passed
elapsed time = 0.8040761947631836 s for test emit.surf.mflow
~~~~~~~~~~~~~~~~~~~~~~~~~~~~~~~~~~~~~~~~~

~~~~~~~~~~~~~~~~~~~~~~~~~~~~~~~~~~~~~~~~~
dir = /hpc/data/cfd-students/nnoventa/regression_runs/cpu_pr623_1217483/examples/emit
test = emit.surf.flow
300 
read 4 log entries
300 
read 4 log entries
==== generating gold standard for test emit.surf.flow ====
==== comparing log.ab.emit.surf.flow with log.archive.24Sep26.ab.emit.surf.flow ====
Step     error  0.0 wrt norm     1.0
Np       error  0.0 wrt norm     1.0
Natt              error  0.0
Ncoll             error  0.0
Nscoll   error  0.0 wrt norm     1.0
Nscheck  error  0.0 wrt norm     1.0

All rows are identical
*** test emit.surf.flow passed
elapsed time = 0.8185172080993652 s for test emit.surf.flow
~~~~~~~~~~~~~~~~~~~~~~~~~~~~~~~~~~~~~~~~~

~~~~~~~~~~~~~~~~~~~~~~~~~~~~~~~~~~~~~~~~~
dir = /hpc/data/cfd-students/nnoventa/regression_runs/cpu_pr623_1217483/examples/emit
test = emit.surf.boundary
300 
read 4 log entries
300 
read 4 log entries
==== generating gold standard for test emit.surf.boundary ====
==== comparing log.ab.emit.surf.boundary with log.archive.24Sep26.ab.emit.surf.boundary ====
Step     error  0.0 wrt norm     1.0
Np       error  0.0 wrt norm     1.0
Natt              error  0.0
Ncoll             error  0.0
Nscoll   error  0.0 wrt norm     1.0
Nscheck  error  0.0 wrt norm     1.0

All rows are identical
*** test emit.surf.boundary passed
elapsed time = 0.8340215682983398 s for test emit.surf.boundary
~~~~~~~~~~~~~~~~~~~~~~~~~~~~~~~~~~~~~~~~~

~~~~~~~~~~~~~~~~~~~~~~~~~~~~~~~~~~~~~~~~~
dir = /hpc/data/cfd-students/nnoventa/regression_runs/cpu_pr623_1217483/examples/emit
test = emit.face.region
300 
read 4 log entries
300 
read 4 log entries
==== generating gold standard for test emit.face.region ====
==== comparing log.ab.emit.face.region with log.archive.24Sep26.ab.emit.face.region ====
Step     error  0.0 wrt norm     1.0
Np       error  0.0 wrt norm     1.0
Natt              error  0.0
Ncoll             error  0.0
Nscoll   error  0.0 wrt norm     1.0
Nscheck  error  0.0 wrt norm     1.0

All rows are identical
*** test emit.face.region passed
elapsed time = 0.8230512142181396 s for test emit.face.region
~~~~~~~~~~~~~~~~~~~~~~~~~~~~~~~~~~~~~~~~~

~~~~~~~~~~~~~~~~~~~~~~~~~~~~~~~~~~~~~~~~~
dir = /hpc/data/cfd-students/nnoventa/regression_runs/cpu_pr623_1217483/examples/emit
test = emit.face
300 
read 4 log entries
300 
read 4 log entries
==== generating gold standard for test emit.face ====
==== comparing log.ab.emit.face with log.archive.24Sep26.ab.emit.face ====
Step     error  0.0 wrt norm     1.0
Np       error  0.0 wrt norm     1.0
Natt              error  0.0
Ncoll             error  0.0
Nscoll   error  0.0 wrt norm     1.0
Nscheck  error  0.0 wrt norm     1.0

All rows are identical
*** test emit.face passed
elapsed time = 0.856957197189331 s for test emit.face
~~~~~~~~~~~~~~~~~~~~~~~~~~~~~~~~~~~~~~~~~

~~~~~~~~~~~~~~~~~~~~~~~~~~~~~~~~~~~~~~~~~
dir = /hpc/data/cfd-students/nnoventa/regression_runs/cpu_pr623_1217483/examples/emit
test = emit.surf.mflow.single
20000 
read 11 log entries
20000 
read 11 log entries
==== generating gold standard for test emit.surf.mflow.single ====
==== comparing log.ab.emit.surf.mflow.single with log.archive.24Sep26.ab.emit.surf.mflow.single ====
Step     error  0.0 wrt norm     1.0
Np       error  0.0 wrt norm     1.0
f_in[1]  error  0.0 wrt norm     1.0
f_in[2]  error  0.0 wrt norm     1.0
v_mrate           error  0.0

All rows are identical
*** test emit.surf.mflow.single passed
elapsed time = 1.3375022411346436 s for test emit.surf.mflow.single
~~~~~~~~~~~~~~~~~~~~~~~~~~~~~~~~~~~~~~~~~

~~~~~~~~~~~~~~~~~~~~~~~~~~~~~~~~~~~~~~~~~
end: Thu Sep 24 14:00:41 2026
10 tests passed
*** no failures ***
~~~~~~~~~~~~~~~~~~~~~~~~~~~~~~~~~~~~~~~~~
~~~~~~~~~~~~~~~~~~~~~~~~~~~~~~~~~~~~~~~~~
start:  Thu Sep 24 14:00:41 2026
ntests: 7
default descriptor: ab
default norm: L1
default tolerance: 0.05
default relative error: True
~~~~~~~~~~~~~~~~~~~~~~~~~~~~~~~~~~~~~~~~~

subdirs = ['free', 'optmove', 'tally_computes', 'surf', 'circle', 'adapt', 'bfield', 'flowfile', 'surf_react_heatflux', 'relax_const', 'paraview', 'chem_rates', 'spiky', 'fft', 'regions', 'python', 'shock_tube', 'qk', 'collide', 'adjust_temp', 'step', 'vibrate', 'surf_react_adsorb', 'surf_collide', 'vtk', 'jagged', 'ambi', 'chem', 'torque', 'variable_timestep', 'implicit', 'ambi_3body', 'custom', 'ablation', 'relax_variable', 'axi', 'cylinder', 'explicit2implicit', 'emit', 'mfp_mct', 'thermostat', 'sphere']

~~~~~~~~~~~~~~~~~~~~~~~~~~~~~~~~~~~~~~~~~
dir = /hpc/data/cfd-students/nnoventa/regression_runs/cpu_pr623_1217483/examples/explicit2implicit
test = exp2imp.sphere.3d
20 
read 21 log entries
20 
read 21 log entries
==== generating gold standard for test exp2imp.sphere.3d ====
==== comparing log.ab.exp2imp.sphere.3d with log.archive.24Sep26.ab.exp2imp.sphere.3d ====
Step     error  0.0 wrt norm     1.0
Np       error  0.0 wrt norm     1.0
Natt              error  0.0
Ncoll             error  0.0
Nscoll   error  0.0 wrt norm     1.0
Nscheck  error  0.0 wrt norm     1.0

All rows are identical
*** test exp2imp.sphere.3d passed
elapsed time = 0.865631103515625 s for test exp2imp.sphere.3d
~~~~~~~~~~~~~~~~~~~~~~~~~~~~~~~~~~~~~~~~~

~~~~~~~~~~~~~~~~~~~~~~~~~~~~~~~~~~~~~~~~~
dir = /hpc/data/cfd-students/nnoventa/regression_runs/cpu_pr623_1217483/examples/explicit2implicit
test = exp2imp.axi.spherecone.readback2
==== generating gold standard for test exp2imp.axi.spherecone.readback2 ====
==== comparing log.ab.exp2imp.axi.spherecone.readback2 with log.archive.24Sep26.ab.exp2imp.axi.spherecone.readback2 ====
ERROR on proc 0: Cannot open read_isurf grid corner point file sc.corners.dat (/hpc/data/cfd-students/nnoventa/sparta/src/read_isurf.cpp:302)
!!! test exp2imp.axi.spherecone.readback2 FAILED
elapsed time = 0.7530243396759033 s for test exp2imp.axi.spherecone.readback2
~~~~~~~~~~~~~~~~~~~~~~~~~~~~~~~~~~~~~~~~~

~~~~~~~~~~~~~~~~~~~~~~~~~~~~~~~~~~~~~~~~~
dir = /hpc/data/cfd-students/nnoventa/regression_runs/cpu_pr623_1217483/examples/explicit2implicit
test = exp2imp.circle.2d
10 
read 3 log entries
10 
read 3 log entries
==== generating gold standard for test exp2imp.circle.2d ====
==== comparing log.ab.exp2imp.circle.2d with log.archive.24Sep26.ab.exp2imp.circle.2d ====
Step     error  0.0 wrt norm     1.0
Np       error  0.0 wrt norm     1.0
Natt              error  0.0
Ncoll             error  0.0
Nscoll   error  0.0 wrt norm     1.0
Nscheck  error  0.0 wrt norm     1.0

All rows are identical
*** test exp2imp.circle.2d passed
elapsed time = 0.7966048717498779 s for test exp2imp.circle.2d
~~~~~~~~~~~~~~~~~~~~~~~~~~~~~~~~~~~~~~~~~

~~~~~~~~~~~~~~~~~~~~~~~~~~~~~~~~~~~~~~~~~
dir = /hpc/data/cfd-students/nnoventa/regression_runs/cpu_pr623_1217483/examples/explicit2implicit
test = exp2imp.axi.circle
0 
read 1 log entries
0 
read 1 log entries
==== generating gold standard for test exp2imp.axi.circle ====
==== comparing log.ab.exp2imp.axi.circle with log.archive.24Sep26.ab.exp2imp.axi.circle ====
Step              error  0.0
Np       error  0.0 wrt norm     1.0
Natt              error  0.0
Ncoll             error  0.0
Nscoll            error  0.0
Nscheck           error  0.0

All rows are identical
*** test exp2imp.axi.circle passed
elapsed time = 0.7973814010620117 s for test exp2imp.axi.circle
~~~~~~~~~~~~~~~~~~~~~~~~~~~~~~~~~~~~~~~~~

~~~~~~~~~~~~~~~~~~~~~~~~~~~~~~~~~~~~~~~~~
dir = /hpc/data/cfd-students/nnoventa/regression_runs/cpu_pr623_1217483/examples/explicit2implicit
test = exp2imp.axi.spherecone.readback
0 
read 1 log entries
0 
read 1 log entries
==== generating gold standard for test exp2imp.axi.spherecone.readback ====
==== comparing log.ab.exp2imp.axi.spherecone.readback with log.archive.24Sep26.ab.exp2imp.axi.spherecone.readback ====
Step              error  0.0
Np                error  0.0

All rows are identical
*** test exp2imp.axi.spherecone.readback passed
elapsed time = 0.797217607498169 s for test exp2imp.axi.spherecone.readback
~~~~~~~~~~~~~~~~~~~~~~~~~~~~~~~~~~~~~~~~~

~~~~~~~~~~~~~~~~~~~~~~~~~~~~~~~~~~~~~~~~~
dir = /hpc/data/cfd-students/nnoventa/regression_runs/cpu_pr623_1217483/examples/explicit2implicit
test = ablate.axi.spherecone
500 
read 11 log entries
500 
read 11 log entries
==== generating gold standard for test ablate.axi.spherecone ====
==== comparing log.ab.ablate.axi.spherecone with log.archive.24Sep26.ab.ablate.axi.spherecone ====
Step     error  0.0 wrt norm     1.0
Np       error  0.0 wrt norm     1.0
Nscoll   error  0.0 wrt norm     1.0
Nscheck  error  0.0 wrt norm     1.0
f_fablate  error  0.0 wrt norm     1.0

All rows are identical
*** test ablate.axi.spherecone passed
elapsed time = 1.1796541213989258 s for test ablate.axi.spherecone
~~~~~~~~~~~~~~~~~~~~~~~~~~~~~~~~~~~~~~~~~

~~~~~~~~~~~~~~~~~~~~~~~~~~~~~~~~~~~~~~~~~
dir = /hpc/data/cfd-students/nnoventa/regression_runs/cpu_pr623_1217483/examples/explicit2implicit
test = exp2imp.axi.spherecone
0 
read 1 log entries
0 
read 1 log entries
==== generating gold standard for test exp2imp.axi.spherecone ====
==== comparing log.ab.exp2imp.axi.spherecone with log.archive.24Sep26.ab.exp2imp.axi.spherecone ====
Step              error  0.0
Np       error  0.0 wrt norm     1.0
Nscoll            error  0.0
Nscheck           error  0.0

All rows are identical
*** test exp2imp.axi.spherecone passed
elapsed time = 0.810239315032959 s for test exp2imp.axi.spherecone
~~~~~~~~~~~~~~~~~~~~~~~~~~~~~~~~~~~~~~~~~

~~~~~~~~~~~~~~~~~~~~~~~~~~~~~~~~~~~~~~~~~
end: Thu Sep 24 14:00:47 2026
!!! 1 of 7 tests failed
['/hpc/data/cfd-students/nnoventa/regression_runs/cpu_pr623_1217483/examples/explicit2implicit', 'exp2imp.axi.spherecone.readback2']
~~~~~~~~~~~~~~~~~~~~~~~~~~~~~~~~~~~~~~~~~
~~~~~~~~~~~~~~~~~~~~~~~~~~~~~~~~~~~~~~~~~
start:  Thu Sep 24 14:00:47 2026
ntests: 2
default descriptor: ab
default norm: L1
default tolerance: 0.05
default relative error: True
~~~~~~~~~~~~~~~~~~~~~~~~~~~~~~~~~~~~~~~~~

subdirs = ['free', 'optmove', 'tally_computes', 'surf', 'circle', 'adapt', 'bfield', 'flowfile', 'surf_react_heatflux', 'relax_const', 'paraview', 'chem_rates', 'spiky', 'fft', 'regions', 'python', 'shock_tube', 'qk', 'collide', 'adjust_temp', 'step', 'vibrate', 'surf_react_adsorb', 'surf_collide', 'vtk', 'jagged', 'ambi', 'chem', 'torque', 'variable_timestep', 'implicit', 'ambi_3body', 'custom', 'ablation', 'relax_variable', 'axi', 'cylinder', 'explicit2implicit', 'emit', 'mfp_mct', 'thermostat', 'sphere']

~~~~~~~~~~~~~~~~~~~~~~~~~~~~~~~~~~~~~~~~~
dir = /hpc/data/cfd-students/nnoventa/regression_runs/cpu_pr623_1217483/examples/fft
test = fft.3d
==== generating gold standard for test fft.3d ====
==== comparing log.ab.fft.3d with log.archive.24Sep26.ab.fft.3d ====
ERROR: Unrecognized compute style (/hpc/data/cfd-students/nnoventa/sparta/src/modify.cpp:469)
ERROR: Unrecognized compute style (/hpc/data/cfd-students/nnoventa/sparta/src/modify.cpp:469)
!!! test fft.3d FAILED
elapsed time = 0.7972664833068848 s for test fft.3d
~~~~~~~~~~~~~~~~~~~~~~~~~~~~~~~~~~~~~~~~~

~~~~~~~~~~~~~~~~~~~~~~~~~~~~~~~~~~~~~~~~~
dir = /hpc/data/cfd-students/nnoventa/regression_runs/cpu_pr623_1217483/examples/fft
test = fft.2d
==== generating gold standard for test fft.2d ====
==== comparing log.ab.fft.2d with log.archive.24Sep26.ab.fft.2d ====
ERROR: Unrecognized compute style (/hpc/data/cfd-students/nnoventa/sparta/src/modify.cpp:469)
ERROR: Unrecognized compute style (/hpc/data/cfd-students/nnoventa/sparta/src/modify.cpp:469)
!!! test fft.2d FAILED
elapsed time = 0.7813856601715088 s for test fft.2d
~~~~~~~~~~~~~~~~~~~~~~~~~~~~~~~~~~~~~~~~~

~~~~~~~~~~~~~~~~~~~~~~~~~~~~~~~~~~~~~~~~~
end: Thu Sep 24 14:00:49 2026
!!! 2 of 2 tests failed
['/hpc/data/cfd-students/nnoventa/regression_runs/cpu_pr623_1217483/examples/fft', 'fft.3d']
['/hpc/data/cfd-students/nnoventa/regression_runs/cpu_pr623_1217483/examples/fft', 'fft.2d']
~~~~~~~~~~~~~~~~~~~~~~~~~~~~~~~~~~~~~~~~~
~~~~~~~~~~~~~~~~~~~~~~~~~~~~~~~~~~~~~~~~~
start:  Thu Sep 24 14:00:49 2026
ntests: 1
default descriptor: ab
default norm: L1
default tolerance: 0.05
default relative error: True
~~~~~~~~~~~~~~~~~~~~~~~~~~~~~~~~~~~~~~~~~

subdirs = ['free', 'optmove', 'tally_computes', 'surf', 'circle', 'adapt', 'bfield', 'flowfile', 'surf_react_heatflux', 'relax_const', 'paraview', 'chem_rates', 'spiky', 'fft', 'regions', 'python', 'shock_tube', 'qk', 'collide', 'adjust_temp', 'step', 'vibrate', 'surf_react_adsorb', 'surf_collide', 'vtk', 'jagged', 'ambi', 'chem', 'torque', 'variable_timestep', 'implicit', 'ambi_3body', 'custom', 'ablation', 'relax_variable', 'axi', 'cylinder', 'explicit2implicit', 'emit', 'mfp_mct', 'thermostat', 'sphere']

~~~~~~~~~~~~~~~~~~~~~~~~~~~~~~~~~~~~~~~~~
dir = /hpc/data/cfd-students/nnoventa/regression_runs/cpu_pr623_1217483/examples/flowfile
test = flowfile
1000 
read 11 log entries
1000 
read 11 log entries
==== generating gold standard for test flowfile ====
==== comparing log.ab.flowfile with log.archive.24Sep26.ab.flowfile ====
Step     error  0.0 wrt norm     1.0
Np       error  0.0 wrt norm     1.0
Natt              error  0.0
Ncoll             error  0.0
Nscoll            error  0.0
Nscheck           error  0.0
f_1      error  0.0 wrt norm     1.0
f_1[1]   error  0.0 wrt norm     1.0
f_1[2]   error  0.0 wrt norm     1.0

All rows are identical
*** test flowfile passed
elapsed time = 0.9597055912017822 s for test flowfile
~~~~~~~~~~~~~~~~~~~~~~~~~~~~~~~~~~~~~~~~~

~~~~~~~~~~~~~~~~~~~~~~~~~~~~~~~~~~~~~~~~~
end: Thu Sep 24 14:00:50 2026
1 tests passed
*** no failures ***
~~~~~~~~~~~~~~~~~~~~~~~~~~~~~~~~~~~~~~~~~
~~~~~~~~~~~~~~~~~~~~~~~~~~~~~~~~~~~~~~~~~
start:  Thu Sep 24 14:00:50 2026
ntests: 2
default descriptor: ab
default norm: L1
default tolerance: 0.05
default relative error: True
~~~~~~~~~~~~~~~~~~~~~~~~~~~~~~~~~~~~~~~~~

subdirs = ['free', 'optmove', 'tally_computes', 'surf', 'circle', 'adapt', 'bfield', 'flowfile', 'surf_react_heatflux', 'relax_const', 'paraview', 'chem_rates', 'spiky', 'fft', 'regions', 'python', 'shock_tube', 'qk', 'collide', 'adjust_temp', 'step', 'vibrate', 'surf_react_adsorb', 'surf_collide', 'vtk', 'jagged', 'ambi', 'chem', 'torque', 'variable_timestep', 'implicit', 'ambi_3body', 'custom', 'ablation', 'relax_variable', 'axi', 'cylinder', 'explicit2implicit', 'emit', 'mfp_mct', 'thermostat', 'sphere']

~~~~~~~~~~~~~~~~~~~~~~~~~~~~~~~~~~~~~~~~~
dir = /hpc/data/cfd-students/nnoventa/regression_runs/cpu_pr623_1217483/examples/free
test = free.restart
20 40 
read 5 log entries
20 40 
read 5 log entries
==== generating gold standard for test free.restart ====
==== comparing log.ab.free.restart with log.archive.24Sep26.ab.free.restart ====
Step     error  0.0 wrt norm     1.0
Np       error  0.0 wrt norm     1.0
c_temp   error  0.0 wrt norm     1.0

All rows are identical
*** test free.restart passed
elapsed time = 0.8086190223693848 s for test free.restart
~~~~~~~~~~~~~~~~~~~~~~~~~~~~~~~~~~~~~~~~~

~~~~~~~~~~~~~~~~~~~~~~~~~~~~~~~~~~~~~~~~~
dir = /hpc/data/cfd-students/nnoventa/regression_runs/cpu_pr623_1217483/examples/free
test = free
1000 
read 11 log entries
1000 
read 11 log entries
==== generating gold standard for test free ====
==== comparing log.ab.free with log.archive.24Sep26.ab.free ====
Step     error  0.0 wrt norm     1.0
Np       error  0.0 wrt norm     1.0
Natt              error  0.0
Ncoll             error  0.0
c_temp   error  0.0 wrt norm     1.0
c_bound[1][1]  error  0.0 wrt norm     1.0
c_bound[1][3]  error  0.0 wrt norm     1.0
c_bound[4][3]  error  0.0 wrt norm     1.0
c_bound[6][3]  error  0.0 wrt norm     1.0

All rows are identical
*** test free passed
elapsed time = 0.9587440490722656 s for test free
~~~~~~~~~~~~~~~~~~~~~~~~~~~~~~~~~~~~~~~~~

~~~~~~~~~~~~~~~~~~~~~~~~~~~~~~~~~~~~~~~~~
end: Thu Sep 24 14:00:52 2026
2 tests passed
*** no failures ***
~~~~~~~~~~~~~~~~~~~~~~~~~~~~~~~~~~~~~~~~~
~~~~~~~~~~~~~~~~~~~~~~~~~~~~~~~~~~~~~~~~~
start:  Thu Sep 24 14:00:52 2026
ntests: 4
default descriptor: ab
default norm: L1
default tolerance: 0.05
default relative error: True
~~~~~~~~~~~~~~~~~~~~~~~~~~~~~~~~~~~~~~~~~

subdirs = ['free', 'optmove', 'tally_computes', 'surf', 'circle', 'adapt', 'bfield', 'flowfile', 'surf_react_heatflux', 'relax_const', 'paraview', 'chem_rates', 'spiky', 'fft', 'regions', 'python', 'shock_tube', 'qk', 'collide', 'adjust_temp', 'step', 'vibrate', 'surf_react_adsorb', 'surf_collide', 'vtk', 'jagged', 'ambi', 'chem', 'torque', 'variable_timestep', 'implicit', 'ambi_3body', 'custom', 'ablation', 'relax_variable', 'axi', 'cylinder', 'explicit2implicit', 'emit', 'mfp_mct', 'thermostat', 'sphere']

~~~~~~~~~~~~~~~~~~~~~~~~~~~~~~~~~~~~~~~~~
dir = /hpc/data/cfd-students/nnoventa/regression_runs/cpu_pr623_1217483/examples/implicit
test = implicit.2d
==== generating gold standard for test implicit.2d ====
==== comparing log.ab.implicit.2d with log.archive.24Sep26.ab.implicit.2d ====
ERROR on proc 0: Cannot open read_isurf grid corner point file binary.101x101 (/hpc/data/cfd-students/nnoventa/sparta/src/read_isurf.cpp:302)
!!! test implicit.2d FAILED
elapsed time = 0.7480342388153076 s for test implicit.2d
~~~~~~~~~~~~~~~~~~~~~~~~~~~~~~~~~~~~~~~~~

~~~~~~~~~~~~~~~~~~~~~~~~~~~~~~~~~~~~~~~~~
dir = /hpc/data/cfd-students/nnoventa/regression_runs/cpu_pr623_1217483/examples/implicit
test = implicit.3d.big
==== generating gold standard for test implicit.3d.big ====
==== comparing log.ab.implicit.3d.big with log.archive.24Sep26.ab.implicit.3d.big ====
ERROR on proc 0: Cannot open read_isurf grid corner point file binary.101x101x101 (/hpc/data/cfd-students/nnoventa/sparta/src/read_isurf.cpp:302)
!!! test implicit.3d.big FAILED
elapsed time = 1.1004838943481445 s for test implicit.3d.big
~~~~~~~~~~~~~~~~~~~~~~~~~~~~~~~~~~~~~~~~~

~~~~~~~~~~~~~~~~~~~~~~~~~~~~~~~~~~~~~~~~~
dir = /hpc/data/cfd-students/nnoventa/regression_runs/cpu_pr623_1217483/examples/implicit
test = implicit.2d.rectangle
==== generating gold standard for test implicit.2d.rectangle ====
==== comparing log.ab.implicit.2d.rectangle with log.archive.24Sep26.ab.implicit.2d.rectangle ====
ERROR on proc 0: Cannot open read_isurf grid corner point file binary.51x101 (/hpc/data/cfd-students/nnoventa/sparta/src/read_isurf.cpp:302)
!!! test implicit.2d.rectangle FAILED
elapsed time = 0.7451505661010742 s for test implicit.2d.rectangle
~~~~~~~~~~~~~~~~~~~~~~~~~~~~~~~~~~~~~~~~~

~~~~~~~~~~~~~~~~~~~~~~~~~~~~~~~~~~~~~~~~~
dir = /hpc/data/cfd-students/nnoventa/regression_runs/cpu_pr623_1217483/examples/implicit
test = implicit.3d.small
==== generating gold standard for test implicit.3d.small ====
==== comparing log.ab.implicit.3d.small with log.archive.24Sep26.ab.implicit.3d.small ====
ERROR on proc 0: Cannot open read_isurf grid corner point file binary.21x21x21 (/hpc/data/cfd-students/nnoventa/sparta/src/read_isurf.cpp:302)
!!! test implicit.3d.small FAILED
elapsed time = 0.7491142749786377 s for test implicit.3d.small
~~~~~~~~~~~~~~~~~~~~~~~~~~~~~~~~~~~~~~~~~

~~~~~~~~~~~~~~~~~~~~~~~~~~~~~~~~~~~~~~~~~
end: Thu Sep 24 14:00:55 2026
!!! 4 of 4 tests failed
['/hpc/data/cfd-students/nnoventa/regression_runs/cpu_pr623_1217483/examples/implicit', 'implicit.2d']
['/hpc/data/cfd-students/nnoventa/regression_runs/cpu_pr623_1217483/examples/implicit', 'implicit.3d.big']
['/hpc/data/cfd-students/nnoventa/regression_runs/cpu_pr623_1217483/examples/implicit', 'implicit.2d.rectangle']
['/hpc/data/cfd-students/nnoventa/regression_runs/cpu_pr623_1217483/examples/implicit', 'implicit.3d.small']
~~~~~~~~~~~~~~~~~~~~~~~~~~~~~~~~~~~~~~~~~
~~~~~~~~~~~~~~~~~~~~~~~~~~~~~~~~~~~~~~~~~
start:  Thu Sep 24 14:00:55 2026
ntests: 4
default descriptor: ab
default norm: L1
default tolerance: 0.05
default relative error: True
~~~~~~~~~~~~~~~~~~~~~~~~~~~~~~~~~~~~~~~~~

subdirs = ['free', 'optmove', 'tally_computes', 'surf', 'circle', 'adapt', 'bfield', 'flowfile', 'surf_react_heatflux', 'relax_const', 'paraview', 'chem_rates', 'spiky', 'fft', 'regions', 'python', 'shock_tube', 'qk', 'collide', 'adjust_temp', 'step', 'vibrate', 'surf_react_adsorb', 'surf_collide', 'vtk', 'jagged', 'ambi', 'chem', 'torque', 'variable_timestep', 'implicit', 'ambi_3body', 'custom', 'ablation', 'relax_variable', 'axi', 'cylinder', 'explicit2implicit', 'emit', 'mfp_mct', 'thermostat', 'sphere']

~~~~~~~~~~~~~~~~~~~~~~~~~~~~~~~~~~~~~~~~~
dir = /hpc/data/cfd-students/nnoventa/regression_runs/cpu_pr623_1217483/examples/jagged
test = jagged.2d.distributed
1000 
read 11 log entries
1000 
read 11 log entries
==== generating gold standard for test jagged.2d.distributed ====
==== comparing log.ab.jagged.2d.distributed with log.archive.24Sep26.ab.jagged.2d.distributed ====
Step     error  0.0 wrt norm     1.0
Np       error  0.0 wrt norm     1.0
Natt              error  0.0
Ncoll             error  0.0
Nscoll   error  0.0 wrt norm     1.0
Nscheck  error  0.0 wrt norm     1.0

All rows are identical
*** test jagged.2d.distributed passed
elapsed time = 8.650428056716919 s for test jagged.2d.distributed
~~~~~~~~~~~~~~~~~~~~~~~~~~~~~~~~~~~~~~~~~

~~~~~~~~~~~~~~~~~~~~~~~~~~~~~~~~~~~~~~~~~
dir = /hpc/data/cfd-students/nnoventa/regression_runs/cpu_pr623_1217483/examples/jagged
test = jagged.2d
1000 
read 11 log entries
1000 
read 11 log entries
==== generating gold standard for test jagged.2d ====
==== comparing log.ab.jagged.2d with log.archive.24Sep26.ab.jagged.2d ====
Step     error  0.0 wrt norm     1.0
Np       error  0.0 wrt norm     1.0
Natt              error  0.0
Ncoll             error  0.0
Nscoll   error  0.0 wrt norm     1.0
Nscheck  error  0.0 wrt norm     1.0

All rows are identical
*** test jagged.2d passed
elapsed time = 6.934955358505249 s for test jagged.2d
~~~~~~~~~~~~~~~~~~~~~~~~~~~~~~~~~~~~~~~~~

~~~~~~~~~~~~~~~~~~~~~~~~~~~~~~~~~~~~~~~~~
dir = /hpc/data/cfd-students/nnoventa/regression_runs/cpu_pr623_1217483/examples/jagged
test = jagged.3d
==== generating gold standard for test jagged.3d ====
==== comparing log.ab.jagged.3d with log.archive.24Sep26.ab.jagged.3d ====
ERROR on proc 0: Cannot open file sdata.20x20x10x10x10 (/hpc/data/cfd-students/nnoventa/sparta/src/read_surf.cpp:2264)
!!! test jagged.3d FAILED
elapsed time = 0.7559630870819092 s for test jagged.3d
~~~~~~~~~~~~~~~~~~~~~~~~~~~~~~~~~~~~~~~~~

~~~~~~~~~~~~~~~~~~~~~~~~~~~~~~~~~~~~~~~~~
dir = /hpc/data/cfd-students/nnoventa/regression_runs/cpu_pr623_1217483/examples/jagged
test = jagged.3d.distributed
==== generating gold standard for test jagged.3d.distributed ====
==== comparing log.ab.jagged.3d.distributed with log.archive.24Sep26.ab.jagged.3d.distributed ====
ERROR on proc 0: Cannot open file sdata.20x20x10x10x10 (/hpc/data/cfd-students/nnoventa/sparta/src/read_surf.cpp:2264)
!!! test jagged.3d.distributed FAILED
elapsed time = 0.7621054649353027 s for test jagged.3d.distributed
~~~~~~~~~~~~~~~~~~~~~~~~~~~~~~~~~~~~~~~~~

~~~~~~~~~~~~~~~~~~~~~~~~~~~~~~~~~~~~~~~~~
end: Thu Sep 24 14:01:12 2026
!!! 2 of 4 tests failed
['/hpc/data/cfd-students/nnoventa/regression_runs/cpu_pr623_1217483/examples/jagged', 'jagged.3d']
['/hpc/data/cfd-students/nnoventa/regression_runs/cpu_pr623_1217483/examples/jagged', 'jagged.3d.distributed']
~~~~~~~~~~~~~~~~~~~~~~~~~~~~~~~~~~~~~~~~~
~~~~~~~~~~~~~~~~~~~~~~~~~~~~~~~~~~~~~~~~~
start:  Thu Sep 24 14:01:12 2026
ntests: 1
default descriptor: ab
default norm: L1
default tolerance: 0.05
default relative error: True
~~~~~~~~~~~~~~~~~~~~~~~~~~~~~~~~~~~~~~~~~

subdirs = ['free', 'optmove', 'tally_computes', 'surf', 'circle', 'adapt', 'bfield', 'flowfile', 'surf_react_heatflux', 'relax_const', 'paraview', 'chem_rates', 'spiky', 'fft', 'regions', 'python', 'shock_tube', 'qk', 'collide', 'adjust_temp', 'step', 'vibrate', 'surf_react_adsorb', 'surf_collide', 'vtk', 'jagged', 'ambi', 'chem', 'torque', 'variable_timestep', 'implicit', 'ambi_3body', 'custom', 'ablation', 'relax_variable', 'axi', 'cylinder', 'explicit2implicit', 'emit', 'mfp_mct', 'thermostat', 'sphere']

~~~~~~~~~~~~~~~~~~~~~~~~~~~~~~~~~~~~~~~~~
dir = /hpc/data/cfd-students/nnoventa/regression_runs/cpu_pr623_1217483/examples/mfp_mct
test = mfp_mct
1000 
read 11 log entries
1000 
read 11 log entries
==== generating gold standard for test mfp_mct ====
==== comparing log.ab.mfp_mct with log.archive.24Sep26.ab.mfp_mct ====
Step     error  0.0 wrt norm     1.0
Np       error  0.0 wrt norm     1.0
Natt     error  0.0 wrt norm     1.0
Ncoll    error  0.0 wrt norm     1.0
c_temp   error  0.0 wrt norm     1.0
c_3c_reduced[1]           error  0.0
c_3c_reduced[2]           error  0.0
c_3c_reduced[3]  error  0.0 wrt norm     1.0
c_3f_reduced[1]  error  0.0 wrt norm     1.0
c_3f_reduced[2]  error  0.0 wrt norm     1.0
c_3f_reduced[3]  error  0.0 wrt norm     1.0

All rows are identical
*** test mfp_mct passed
elapsed time = 1.111185073852539 s for test mfp_mct
~~~~~~~~~~~~~~~~~~~~~~~~~~~~~~~~~~~~~~~~~

~~~~~~~~~~~~~~~~~~~~~~~~~~~~~~~~~~~~~~~~~
end: Thu Sep 24 14:01:13 2026
1 tests passed
*** no failures ***
~~~~~~~~~~~~~~~~~~~~~~~~~~~~~~~~~~~~~~~~~
~~~~~~~~~~~~~~~~~~~~~~~~~~~~~~~~~~~~~~~~~
start:  Thu Sep 24 14:01:14 2026
ntests: 4
default descriptor: ab
default norm: L1
default tolerance: 0.05
default relative error: True
~~~~~~~~~~~~~~~~~~~~~~~~~~~~~~~~~~~~~~~~~

subdirs = ['free', 'optmove', 'tally_computes', 'surf', 'circle', 'adapt', 'bfield', 'flowfile', 'surf_react_heatflux', 'relax_const', 'paraview', 'chem_rates', 'spiky', 'fft', 'regions', 'python', 'shock_tube', 'qk', 'collide', 'adjust_temp', 'step', 'vibrate', 'surf_react_adsorb', 'surf_collide', 'vtk', 'jagged', 'ambi', 'chem', 'torque', 'variable_timestep', 'implicit', 'ambi_3body', 'custom', 'ablation', 'relax_variable', 'axi', 'cylinder', 'explicit2implicit', 'emit', 'mfp_mct', 'thermostat', 'sphere']

~~~~~~~~~~~~~~~~~~~~~~~~~~~~~~~~~~~~~~~~~
dir = /hpc/data/cfd-students/nnoventa/regression_runs/cpu_pr623_1217483/examples/optmove
test = optmove.axi
500 
read 6 log entries
500 
read 6 log entries
==== generating gold standard for test optmove.axi ====
==== comparing log.ab.optmove.axi with log.archive.24Sep26.ab.optmove.axi ====
Step     error  0.0 wrt norm     1.0
Np       error  0.0 wrt norm     1.0
Natt     error  0.0 wrt norm     1.0
Ncoll    error  0.0 wrt norm     1.0
Nbound            error  0.0
Nexit    error  0.0 wrt norm     1.0

All rows are identical
*** test optmove.axi passed
elapsed time = 1.2931199073791504 s for test optmove.axi
~~~~~~~~~~~~~~~~~~~~~~~~~~~~~~~~~~~~~~~~~

~~~~~~~~~~~~~~~~~~~~~~~~~~~~~~~~~~~~~~~~~
dir = /hpc/data/cfd-students/nnoventa/regression_runs/cpu_pr623_1217483/examples/optmove
test = optmove
500 
read 6 log entries
500 
read 6 log entries
==== generating gold standard for test optmove ====
==== comparing log.ab.optmove with log.archive.24Sep26.ab.optmove ====
Step     error  0.0 wrt norm     1.0
Np       error  0.0 wrt norm     1.0
Natt     error  0.0 wrt norm     1.0
Ncoll    error  0.0 wrt norm     1.0
Nbound   error  0.0 wrt norm     1.0

All rows are identical
*** test optmove passed
elapsed time = 1.1086697578430176 s for test optmove
~~~~~~~~~~~~~~~~~~~~~~~~~~~~~~~~~~~~~~~~~

~~~~~~~~~~~~~~~~~~~~~~~~~~~~~~~~~~~~~~~~~
dir = /hpc/data/cfd-students/nnoventa/regression_runs/cpu_pr623_1217483/examples/optmove
test = optmove.surf
500 
read 6 log entries
500 
read 6 log entries
==== generating gold standard for test optmove.surf ====
==== comparing log.ab.optmove.surf with log.archive.24Sep26.ab.optmove.surf ====
Step     error  0.0 wrt norm     1.0
Np       error  0.0 wrt norm     1.0
Nbound   error  0.0 wrt norm     1.0
v_nsingle  error  0.0 wrt norm     1.0
v_ntotal  error  0.0 wrt norm     1.0

All rows are identical
*** test optmove.surf passed
elapsed time = 1.1122112274169922 s for test optmove.surf
~~~~~~~~~~~~~~~~~~~~~~~~~~~~~~~~~~~~~~~~~

~~~~~~~~~~~~~~~~~~~~~~~~~~~~~~~~~~~~~~~~~
dir = /hpc/data/cfd-students/nnoventa/regression_runs/cpu_pr623_1217483/examples/optmove
test = optmove.flow
500 
read 6 log entries
500 
read 6 log entries
==== generating gold standard for test optmove.flow ====
==== comparing log.ab.optmove.flow with log.archive.24Sep26.ab.optmove.flow ====
Step     error  0.0 wrt norm     1.0
Np       error  0.0 wrt norm     1.0
Nbound            error  0.0
Nexit    error  0.0 wrt norm     1.0

All rows are identical
*** test optmove.flow passed
elapsed time = 0.999469518661499 s for test optmove.flow
~~~~~~~~~~~~~~~~~~~~~~~~~~~~~~~~~~~~~~~~~

~~~~~~~~~~~~~~~~~~~~~~~~~~~~~~~~~~~~~~~~~
end: Thu Sep 24 14:01:18 2026
4 tests passed
*** no failures ***
~~~~~~~~~~~~~~~~~~~~~~~~~~~~~~~~~~~~~~~~~
~~~~~~~~~~~~~~~~~~~~~~~~~~~~~~~~~~~~~~~~~
start:  Thu Sep 24 14:01:18 2026
ntests: 3
default descriptor: ab
default norm: L1
default tolerance: 0.05
default relative error: True
~~~~~~~~~~~~~~~~~~~~~~~~~~~~~~~~~~~~~~~~~

subdirs = ['free', 'optmove', 'tally_computes', 'surf', 'circle', 'adapt', 'bfield', 'flowfile', 'surf_react_heatflux', 'relax_const', 'paraview', 'chem_rates', 'spiky', 'fft', 'regions', 'python', 'shock_tube', 'qk', 'collide', 'adjust_temp', 'step', 'vibrate', 'surf_react_adsorb', 'surf_collide', 'vtk', 'jagged', 'ambi', 'chem', 'torque', 'variable_timestep', 'implicit', 'ambi_3body', 'custom', 'ablation', 'relax_variable', 'axi', 'cylinder', 'explicit2implicit', 'emit', 'mfp_mct', 'thermostat', 'sphere']

~~~~~~~~~~~~~~~~~~~~~~~~~~~~~~~~~~~~~~~~~
dir = /hpc/data/cfd-students/nnoventa/regression_runs/cpu_pr623_1217483/examples/paraview
test = sphere.paraview
1000 
read 11 log entries
1000 
read 11 log entries
==== generating gold standard for test sphere.paraview ====
==== comparing log.ab.sphere.paraview with log.archive.24Sep26.ab.sphere.paraview ====
Step     error  0.0 wrt norm     1.0
Np       error  0.0 wrt norm     1.0
Natt              error  0.0
Ncoll             error  0.0
Nscoll   error  0.0 wrt norm     1.0
Nscheck  error  0.0 wrt norm     1.0

All rows are identical
*** test sphere.paraview passed
elapsed time = 3.266371011734009 s for test sphere.paraview
~~~~~~~~~~~~~~~~~~~~~~~~~~~~~~~~~~~~~~~~~

~~~~~~~~~~~~~~~~~~~~~~~~~~~~~~~~~~~~~~~~~
dir = /hpc/data/cfd-students/nnoventa/regression_runs/cpu_pr623_1217483/examples/paraview
test = circle.paraview
1000 
read 11 log entries
1000 
read 11 log entries
==== generating gold standard for test circle.paraview ====
==== comparing log.ab.circle.paraview with log.archive.24Sep26.ab.circle.paraview ====
Step     error  0.0 wrt norm     1.0
Np       error  0.0 wrt norm     1.0
Natt              error  0.0
Ncoll             error  0.0
Nscoll   error  0.0 wrt norm     1.0
Nscheck  error  0.0 wrt norm     1.0

All rows are identical
*** test circle.paraview passed
elapsed time = 1.7788608074188232 s for test circle.paraview
~~~~~~~~~~~~~~~~~~~~~~~~~~~~~~~~~~~~~~~~~

~~~~~~~~~~~~~~~~~~~~~~~~~~~~~~~~~~~~~~~~~
dir = /hpc/data/cfd-students/nnoventa/regression_runs/cpu_pr623_1217483/examples/paraview
test = adapt.static.paraview
500 2500 5500 
read 56 log entries
500 2500 5500 
read 56 log entries
==== generating gold standard for test adapt.static.paraview ====
==== comparing log.ab.adapt.static.paraview with log.archive.24Sep26.ab.adapt.static.paraview ====
Step     error  0.0 wrt norm     1.0
Np       error  0.0 wrt norm     1.0
Natt              error  0.0
Ncoll             error  0.0
Nscoll   error  0.0 wrt norm     1.0
Nscheck  error  0.0 wrt norm     1.0

All rows are identical
*** test adapt.static.paraview passed
elapsed time = 6.836228132247925 s for test adapt.static.paraview
~~~~~~~~~~~~~~~~~~~~~~~~~~~~~~~~~~~~~~~~~

~~~~~~~~~~~~~~~~~~~~~~~~~~~~~~~~~~~~~~~~~
end: Thu Sep 24 14:01:30 2026
3 tests passed
*** no failures ***
~~~~~~~~~~~~~~~~~~~~~~~~~~~~~~~~~~~~~~~~~
~~~~~~~~~~~~~~~~~~~~~~~~~~~~~~~~~~~~~~~~~
start:  Thu Sep 24 14:01:30 2026
ntests: 1
default descriptor: ab
default norm: L1
default tolerance: 0.05
default relative error: True
~~~~~~~~~~~~~~~~~~~~~~~~~~~~~~~~~~~~~~~~~

subdirs = ['free', 'optmove', 'tally_computes', 'surf', 'circle', 'adapt', 'bfield', 'flowfile', 'surf_react_heatflux', 'relax_const', 'paraview', 'chem_rates', 'spiky', 'fft', 'regions', 'python', 'shock_tube', 'qk', 'collide', 'adjust_temp', 'step', 'vibrate', 'surf_react_adsorb', 'surf_collide', 'vtk', 'jagged', 'ambi', 'chem', 'torque', 'variable_timestep', 'implicit', 'ambi_3body', 'custom', 'ablation', 'relax_variable', 'axi', 'cylinder', 'explicit2implicit', 'emit', 'mfp_mct', 'thermostat', 'sphere']

~~~~~~~~~~~~~~~~~~~~~~~~~~~~~~~~~~~~~~~~~
dir = /hpc/data/cfd-students/nnoventa/regression_runs/cpu_pr623_1217483/examples/python
test = circle.pyvar
==== generating gold standard for test circle.pyvar ====
==== comparing log.ab.circle.pyvar with log.archive.24Sep26.ab.circle.pyvar ====
ERROR: SPARTA is not built with Python embedded (/hpc/data/cfd-students/nnoventa/sparta/src/variable.cpp:482)
ERROR: SPARTA is not built with Python embedded (/hpc/data/cfd-students/nnoventa/sparta/src/variable.cpp:482)
!!! test circle.pyvar FAILED
elapsed time = 0.7931778430938721 s for test circle.pyvar
~~~~~~~~~~~~~~~~~~~~~~~~~~~~~~~~~~~~~~~~~

~~~~~~~~~~~~~~~~~~~~~~~~~~~~~~~~~~~~~~~~~
end: Thu Sep 24 14:01:31 2026
!!! 1 of 1 tests failed
['/hpc/data/cfd-students/nnoventa/regression_runs/cpu_pr623_1217483/examples/python', 'circle.pyvar']
~~~~~~~~~~~~~~~~~~~~~~~~~~~~~~~~~~~~~~~~~
~~~~~~~~~~~~~~~~~~~~~~~~~~~~~~~~~~~~~~~~~
start:  Thu Sep 24 14:01:31 2026
ntests: 1
default descriptor: ab
default norm: L1
default tolerance: 0.05
default relative error: True
~~~~~~~~~~~~~~~~~~~~~~~~~~~~~~~~~~~~~~~~~

subdirs = ['free', 'optmove', 'tally_computes', 'surf', 'circle', 'adapt', 'bfield', 'flowfile', 'surf_react_heatflux', 'relax_const', 'paraview', 'chem_rates', 'spiky', 'fft', 'regions', 'python', 'shock_tube', 'qk', 'collide', 'adjust_temp', 'step', 'vibrate', 'surf_react_adsorb', 'surf_collide', 'vtk', 'jagged', 'ambi', 'chem', 'torque', 'variable_timestep', 'implicit', 'ambi_3body', 'custom', 'ablation', 'relax_variable', 'axi', 'cylinder', 'explicit2implicit', 'emit', 'mfp_mct', 'thermostat', 'sphere']

~~~~~~~~~~~~~~~~~~~~~~~~~~~~~~~~~~~~~~~~~
dir = /hpc/data/cfd-students/nnoventa/regression_runs/cpu_pr623_1217483/examples/qk
test = qk
400 
read 5 log entries
400 
read 5 log entries
==== generating gold standard for test qk ====
==== comparing log.ab.qk with log.archive.24Sep26.ab.qk ====
Step     error  0.0 wrt norm     1.0
Np       error  0.0 wrt norm     1.0
Natt     error  0.0 wrt norm     1.0
Ncoll    error  0.0 wrt norm     1.0
Nreact   error  0.0 wrt norm     1.0
c_temp   error  0.0 wrt norm     1.0

All rows are identical
*** test qk passed
elapsed time = 1.126441240310669 s for test qk
~~~~~~~~~~~~~~~~~~~~~~~~~~~~~~~~~~~~~~~~~

~~~~~~~~~~~~~~~~~~~~~~~~~~~~~~~~~~~~~~~~~
end: Thu Sep 24 14:01:32 2026
1 tests passed
*** no failures ***
~~~~~~~~~~~~~~~~~~~~~~~~~~~~~~~~~~~~~~~~~
~~~~~~~~~~~~~~~~~~~~~~~~~~~~~~~~~~~~~~~~~
start:  Thu Sep 24 14:01:32 2026
ntests: 1
default descriptor: ab
default norm: L1
default tolerance: 0.05
default relative error: True
~~~~~~~~~~~~~~~~~~~~~~~~~~~~~~~~~~~~~~~~~

subdirs = ['free', 'optmove', 'tally_computes', 'surf', 'circle', 'adapt', 'bfield', 'flowfile', 'surf_react_heatflux', 'relax_const', 'paraview', 'chem_rates', 'spiky', 'fft', 'regions', 'python', 'shock_tube', 'qk', 'collide', 'adjust_temp', 'step', 'vibrate', 'surf_react_adsorb', 'surf_collide', 'vtk', 'jagged', 'ambi', 'chem', 'torque', 'variable_timestep', 'implicit', 'ambi_3body', 'custom', 'ablation', 'relax_variable', 'axi', 'cylinder', 'explicit2implicit', 'emit', 'mfp_mct', 'thermostat', 'sphere']

~~~~~~~~~~~~~~~~~~~~~~~~~~~~~~~~~~~~~~~~~
dir = /hpc/data/cfd-students/nnoventa/regression_runs/cpu_pr623_1217483/examples/regions
test = regions
200 
read 5 log entries
200 
read 5 log entries
==== generating gold standard for test regions ====
==== comparing log.ab.regions with log.archive.24Sep26.ab.regions ====
Step     error  0.0 wrt norm     1.0
Np       error  0.0 wrt norm     1.0
Natt     error  0.0 wrt norm     1.0
Ncoll    error  0.0 wrt norm     1.0
c_t      error  0.0 wrt norm     1.0
c_n      error  0.0 wrt norm     1.0

All rows are identical
*** test regions passed
elapsed time = 0.8072323799133301 s for test regions
~~~~~~~~~~~~~~~~~~~~~~~~~~~~~~~~~~~~~~~~~

~~~~~~~~~~~~~~~~~~~~~~~~~~~~~~~~~~~~~~~~~
end: Thu Sep 24 14:01:33 2026
1 tests passed
*** no failures ***
~~~~~~~~~~~~~~~~~~~~~~~~~~~~~~~~~~~~~~~~~
~~~~~~~~~~~~~~~~~~~~~~~~~~~~~~~~~~~~~~~~~
start:  Thu Sep 24 14:01:33 2026
ntests: 1
default descriptor: ab
default norm: L1
default tolerance: 0.05
default relative error: True
~~~~~~~~~~~~~~~~~~~~~~~~~~~~~~~~~~~~~~~~~

subdirs = ['free', 'optmove', 'tally_computes', 'surf', 'circle', 'adapt', 'bfield', 'flowfile', 'surf_react_heatflux', 'relax_const', 'paraview', 'chem_rates', 'spiky', 'fft', 'regions', 'python', 'shock_tube', 'qk', 'collide', 'adjust_temp', 'step', 'vibrate', 'surf_react_adsorb', 'surf_collide', 'vtk', 'jagged', 'ambi', 'chem', 'torque', 'variable_timestep', 'implicit', 'ambi_3body', 'custom', 'ablation', 'relax_variable', 'axi', 'cylinder', 'explicit2implicit', 'emit', 'mfp_mct', 'thermostat', 'sphere']

~~~~~~~~~~~~~~~~~~~~~~~~~~~~~~~~~~~~~~~~~
dir = /hpc/data/cfd-students/nnoventa/regression_runs/cpu_pr623_1217483/examples/relax_const
test = relax_const
200 
read 201 log entries
200 
read 201 log entries
==== generating gold standard for test relax_const ====
==== comparing log.ab.relax_const with log.archive.24Sep26.ab.relax_const ====
Step     error  0.0 wrt norm     1.0
Np       error  0.0 wrt norm     1.0
Natt     error  0.0 wrt norm     1.0
Ncoll    error  0.0 wrt norm     1.0
c_Ttrans  error  0.0 wrt norm     1.0
c_Trot   error  0.0 wrt norm     1.0
c_EF[1]  error  0.0 wrt norm     1.0
c_EF[2]  error  0.0 wrt norm     1.0
c_PF[1]  error  0.0 wrt norm     1.0
c_PF[2]  error  0.0 wrt norm     1.0
c_SN[1]  error  0.0 wrt norm     1.0
c_SN[2]  error  0.0 wrt norm     1.0
c_KE              error  0.0

All rows are identical
*** test relax_const passed
elapsed time = 22.435355186462402 s for test relax_const
~~~~~~~~~~~~~~~~~~~~~~~~~~~~~~~~~~~~~~~~~

~~~~~~~~~~~~~~~~~~~~~~~~~~~~~~~~~~~~~~~~~
end: Thu Sep 24 14:01:55 2026
1 tests passed
*** no failures ***
~~~~~~~~~~~~~~~~~~~~~~~~~~~~~~~~~~~~~~~~~
~~~~~~~~~~~~~~~~~~~~~~~~~~~~~~~~~~~~~~~~~
start:  Thu Sep 24 14:01:55 2026
ntests: 1
default descriptor: ab
default norm: L1
default tolerance: 0.05
default relative error: True
~~~~~~~~~~~~~~~~~~~~~~~~~~~~~~~~~~~~~~~~~

subdirs = ['free', 'optmove', 'tally_computes', 'surf', 'circle', 'adapt', 'bfield', 'flowfile', 'surf_react_heatflux', 'relax_const', 'paraview', 'chem_rates', 'spiky', 'fft', 'regions', 'python', 'shock_tube', 'qk', 'collide', 'adjust_temp', 'step', 'vibrate', 'surf_react_adsorb', 'surf_collide', 'vtk', 'jagged', 'ambi', 'chem', 'torque', 'variable_timestep', 'implicit', 'ambi_3body', 'custom', 'ablation', 'relax_variable', 'axi', 'cylinder', 'explicit2implicit', 'emit', 'mfp_mct', 'thermostat', 'sphere']

~~~~~~~~~~~~~~~~~~~~~~~~~~~~~~~~~~~~~~~~~
dir = /hpc/data/cfd-students/nnoventa/regression_runs/cpu_pr623_1217483/examples/relax_variable
test = relax_variable
200 
read 201 log entries
200 
read 201 log entries
==== generating gold standard for test relax_variable ====
==== comparing log.ab.relax_variable with log.archive.24Sep26.ab.relax_variable ====
Step     error  0.0 wrt norm     1.0
Np       error  0.0 wrt norm     1.0
Natt     error  0.0 wrt norm     1.0
Ncoll    error  0.0 wrt norm     1.0
c_Ttrans  error  0.0 wrt norm     1.0
c_Trot   error  0.0 wrt norm     1.0

All rows are identical
*** test relax_variable passed
elapsed time = 21.936216354370117 s for test relax_variable
~~~~~~~~~~~~~~~~~~~~~~~~~~~~~~~~~~~~~~~~~

~~~~~~~~~~~~~~~~~~~~~~~~~~~~~~~~~~~~~~~~~
end: Thu Sep 24 14:02:17 2026
1 tests passed
*** no failures ***
~~~~~~~~~~~~~~~~~~~~~~~~~~~~~~~~~~~~~~~~~
~~~~~~~~~~~~~~~~~~~~~~~~~~~~~~~~~~~~~~~~~
start:  Thu Sep 24 14:02:17 2026
ntests: 1
default descriptor: ab
default norm: L1
default tolerance: 0.05
default relative error: True
~~~~~~~~~~~~~~~~~~~~~~~~~~~~~~~~~~~~~~~~~

subdirs = ['free', 'optmove', 'tally_computes', 'surf', 'circle', 'adapt', 'bfield', 'flowfile', 'surf_react_heatflux', 'relax_const', 'paraview', 'chem_rates', 'spiky', 'fft', 'regions', 'python', 'shock_tube', 'qk', 'collide', 'adjust_temp', 'step', 'vibrate', 'surf_react_adsorb', 'surf_collide', 'vtk', 'jagged', 'ambi', 'chem', 'torque', 'variable_timestep', 'implicit', 'ambi_3body', 'custom', 'ablation', 'relax_variable', 'axi', 'cylinder', 'explicit2implicit', 'emit', 'mfp_mct', 'thermostat', 'sphere']

~~~~~~~~~~~~~~~~~~~~~~~~~~~~~~~~~~~~~~~~~
dir = /hpc/data/cfd-students/nnoventa/regression_runs/cpu_pr623_1217483/examples/shock_tube
test = shocktube
10000 
read 101 log entries
10000 
read 101 log entries
==== generating gold standard for test shocktube ====
==== comparing log.ab.shocktube with log.archive.24Sep26.ab.shocktube ====
Step     error  0.0 wrt norm     1.0
Np       error  0.0 wrt norm     1.0
Natt     error  0.0 wrt norm     1.0
Ncoll    error  0.0 wrt norm     1.0
Nscoll            error  0.0
Nscheck           error  0.0

All rows are identical
*** test shocktube passed
elapsed time = 55.768665075302124 s for test shocktube
~~~~~~~~~~~~~~~~~~~~~~~~~~~~~~~~~~~~~~~~~

~~~~~~~~~~~~~~~~~~~~~~~~~~~~~~~~~~~~~~~~~
end: Thu Sep 24 14:03:13 2026
1 tests passed
*** no failures ***
~~~~~~~~~~~~~~~~~~~~~~~~~~~~~~~~~~~~~~~~~
~~~~~~~~~~~~~~~~~~~~~~~~~~~~~~~~~~~~~~~~~
start:  Thu Sep 24 14:03:13 2026
ntests: 2
default descriptor: ab
default norm: L1
default tolerance: 0.05
default relative error: True
~~~~~~~~~~~~~~~~~~~~~~~~~~~~~~~~~~~~~~~~~

subdirs = ['free', 'optmove', 'tally_computes', 'surf', 'circle', 'adapt', 'bfield', 'flowfile', 'surf_react_heatflux', 'relax_const', 'paraview', 'chem_rates', 'spiky', 'fft', 'regions', 'python', 'shock_tube', 'qk', 'collide', 'adjust_temp', 'step', 'vibrate', 'surf_react_adsorb', 'surf_collide', 'vtk', 'jagged', 'ambi', 'chem', 'torque', 'variable_timestep', 'implicit', 'ambi_3body', 'custom', 'ablation', 'relax_variable', 'axi', 'cylinder', 'explicit2implicit', 'emit', 'mfp_mct', 'thermostat', 'sphere']

~~~~~~~~~~~~~~~~~~~~~~~~~~~~~~~~~~~~~~~~~
dir = /hpc/data/cfd-students/nnoventa/regression_runs/cpu_pr623_1217483/examples/sphere
test = sphere.distributed
1000 
read 11 log entries
1000 
read 11 log entries
==== generating gold standard for test sphere.distributed ====
==== comparing log.ab.sphere.distributed with log.archive.24Sep26.ab.sphere.distributed ====
Step     error  0.0 wrt norm     1.0
Np       error  0.0 wrt norm     1.0
Natt              error  0.0
Ncoll             error  0.0
Nscoll   error  0.0 wrt norm     1.0
Nscheck  error  0.0 wrt norm     1.0

All rows are identical
*** test sphere.distributed passed
elapsed time = 2.5169498920440674 s for test sphere.distributed
~~~~~~~~~~~~~~~~~~~~~~~~~~~~~~~~~~~~~~~~~

~~~~~~~~~~~~~~~~~~~~~~~~~~~~~~~~~~~~~~~~~
dir = /hpc/data/cfd-students/nnoventa/regression_runs/cpu_pr623_1217483/examples/sphere
test = sphere
1000 
read 11 log entries
1000 
read 11 log entries
==== generating gold standard for test sphere ====
==== comparing log.ab.sphere with log.archive.24Sep26.ab.sphere ====
Step     error  0.0 wrt norm     1.0
Np       error  0.0 wrt norm     1.0
Natt              error  0.0
Ncoll             error  0.0
Nscoll   error  0.0 wrt norm     1.0
Nscheck  error  0.0 wrt norm     1.0

All rows are identical
*** test sphere passed
elapsed time = 2.393963575363159 s for test sphere
~~~~~~~~~~~~~~~~~~~~~~~~~~~~~~~~~~~~~~~~~

~~~~~~~~~~~~~~~~~~~~~~~~~~~~~~~~~~~~~~~~~
end: Thu Sep 24 14:03:18 2026
2 tests passed
*** no failures ***
~~~~~~~~~~~~~~~~~~~~~~~~~~~~~~~~~~~~~~~~~
~~~~~~~~~~~~~~~~~~~~~~~~~~~~~~~~~~~~~~~~~
start:  Thu Sep 24 14:03:18 2026
ntests: 1
default descriptor: ab
default norm: L1
default tolerance: 0.05
default relative error: True
~~~~~~~~~~~~~~~~~~~~~~~~~~~~~~~~~~~~~~~~~

subdirs = ['free', 'optmove', 'tally_computes', 'surf', 'circle', 'adapt', 'bfield', 'flowfile', 'surf_react_heatflux', 'relax_const', 'paraview', 'chem_rates', 'spiky', 'fft', 'regions', 'python', 'shock_tube', 'qk', 'collide', 'adjust_temp', 'step', 'vibrate', 'surf_react_adsorb', 'surf_collide', 'vtk', 'jagged', 'ambi', 'chem', 'torque', 'variable_timestep', 'implicit', 'ambi_3body', 'custom', 'ablation', 'relax_variable', 'axi', 'cylinder', 'explicit2implicit', 'emit', 'mfp_mct', 'thermostat', 'sphere']

~~~~~~~~~~~~~~~~~~~~~~~~~~~~~~~~~~~~~~~~~
dir = /hpc/data/cfd-students/nnoventa/regression_runs/cpu_pr623_1217483/examples/spiky
test = spiky
1000 
read 11 log entries
1000 
read 11 log entries
==== generating gold standard for test spiky ====
==== comparing log.ab.spiky with log.archive.24Sep26.ab.spiky ====
Step     error  0.0 wrt norm     1.0
Np       error  0.0 wrt norm     1.0
Natt              error  0.0
Ncoll             error  0.0
Nscoll   error  0.0 wrt norm     1.0
Nscheck  error  0.0 wrt norm     1.0

All rows are identical
*** test spiky passed
elapsed time = 1.7755918502807617 s for test spiky
~~~~~~~~~~~~~~~~~~~~~~~~~~~~~~~~~~~~~~~~~

~~~~~~~~~~~~~~~~~~~~~~~~~~~~~~~~~~~~~~~~~
end: Thu Sep 24 14:03:20 2026
1 tests passed
*** no failures ***
~~~~~~~~~~~~~~~~~~~~~~~~~~~~~~~~~~~~~~~~~
~~~~~~~~~~~~~~~~~~~~~~~~~~~~~~~~~~~~~~~~~
start:  Thu Sep 24 14:03:20 2026
ntests: 1
default descriptor: ab
default norm: L1
default tolerance: 0.05
default relative error: True
~~~~~~~~~~~~~~~~~~~~~~~~~~~~~~~~~~~~~~~~~

subdirs = ['free', 'optmove', 'tally_computes', 'surf', 'circle', 'adapt', 'bfield', 'flowfile', 'surf_react_heatflux', 'relax_const', 'paraview', 'chem_rates', 'spiky', 'fft', 'regions', 'python', 'shock_tube', 'qk', 'collide', 'adjust_temp', 'step', 'vibrate', 'surf_react_adsorb', 'surf_collide', 'vtk', 'jagged', 'ambi', 'chem', 'torque', 'variable_timestep', 'implicit', 'ambi_3body', 'custom', 'ablation', 'relax_variable', 'axi', 'cylinder', 'explicit2implicit', 'emit', 'mfp_mct', 'thermostat', 'sphere']

~~~~~~~~~~~~~~~~~~~~~~~~~~~~~~~~~~~~~~~~~
dir = /hpc/data/cfd-students/nnoventa/regression_runs/cpu_pr623_1217483/examples/step
test = step
1000 
read 11 log entries
1000 
read 11 log entries
==== generating gold standard for test step ====
==== comparing log.ab.step with log.archive.24Sep26.ab.step ====
Step     error  0.0 wrt norm     1.0
Np       error  0.0 wrt norm     1.0
Natt              error  0.0
Ncoll             error  0.0
Nscoll   error  0.0 wrt norm     1.0
Nscheck  error  0.0 wrt norm     1.0

All rows are identical
*** test step passed
elapsed time = 1.4118742942810059 s for test step
~~~~~~~~~~~~~~~~~~~~~~~~~~~~~~~~~~~~~~~~~

~~~~~~~~~~~~~~~~~~~~~~~~~~~~~~~~~~~~~~~~~
end: Thu Sep 24 14:03:21 2026
1 tests passed
*** no failures ***
~~~~~~~~~~~~~~~~~~~~~~~~~~~~~~~~~~~~~~~~~
~~~~~~~~~~~~~~~~~~~~~~~~~~~~~~~~~~~~~~~~~
start:  Thu Sep 24 14:03:21 2026
ntests: 5
default descriptor: ab
default norm: L1
default tolerance: 0.05
default relative error: True
~~~~~~~~~~~~~~~~~~~~~~~~~~~~~~~~~~~~~~~~~

subdirs = ['free', 'optmove', 'tally_computes', 'surf', 'circle', 'adapt', 'bfield', 'flowfile', 'surf_react_heatflux', 'relax_const', 'paraview', 'chem_rates', 'spiky', 'fft', 'regions', 'python', 'shock_tube', 'qk', 'collide', 'adjust_temp', 'step', 'vibrate', 'surf_react_adsorb', 'surf_collide', 'vtk', 'jagged', 'ambi', 'chem', 'torque', 'variable_timestep', 'implicit', 'ambi_3body', 'custom', 'ablation', 'relax_variable', 'axi', 'cylinder', 'explicit2implicit', 'emit', 'mfp_mct', 'thermostat', 'sphere']

~~~~~~~~~~~~~~~~~~~~~~~~~~~~~~~~~~~~~~~~~
dir = /hpc/data/cfd-students/nnoventa/regression_runs/cpu_pr623_1217483/examples/surf
test = surf.slide
500 2500 3500 
read 36 log entries
500 2500 3500 
read 36 log entries
==== generating gold standard for test surf.slide ====
==== comparing log.ab.surf.slide with log.archive.24Sep26.ab.surf.slide ====
Step     error  0.0 wrt norm     1.0
Np       error  0.0 wrt norm     1.0
Natt              error  0.0
Ncoll             error  0.0
Nscoll   error  0.0 wrt norm     1.0
Nscheck  error  0.0 wrt norm     1.0

All rows are identical
*** test surf.slide passed
elapsed time = 3.59897780418396 s for test surf.slide
~~~~~~~~~~~~~~~~~~~~~~~~~~~~~~~~~~~~~~~~~

~~~~~~~~~~~~~~~~~~~~~~~~~~~~~~~~~~~~~~~~~
dir = /hpc/data/cfd-students/nnoventa/regression_runs/cpu_pr623_1217483/examples/surf
test = surf.move
500 1000 1500 2000 2500 
read 26 log entries
500 1000 1500 2000 2500 
read 26 log entries
==== generating gold standard for test surf.move ====
==== comparing log.ab.surf.move with log.archive.24Sep26.ab.surf.move ====
Step     error  0.0 wrt norm     1.0
Np       error  0.0 wrt norm     1.0
Natt              error  0.0
Ncoll             error  0.0
Nscoll   error  0.0 wrt norm     1.0
Nscheck  error  0.0 wrt norm     1.0

All rows are identical
*** test surf.move passed
elapsed time = 2.286022186279297 s for test surf.move
~~~~~~~~~~~~~~~~~~~~~~~~~~~~~~~~~~~~~~~~~

~~~~~~~~~~~~~~~~~~~~~~~~~~~~~~~~~~~~~~~~~
dir = /hpc/data/cfd-students/nnoventa/regression_runs/cpu_pr623_1217483/examples/surf
test = surf.remove
1000 2000 
read 21 log entries
1000 2000 
read 21 log entries
==== generating gold standard for test surf.remove ====
==== comparing log.ab.surf.remove with log.archive.24Sep26.ab.surf.remove ====
Step     error  0.0 wrt norm     1.0
Np       error  0.0 wrt norm     1.0
Natt              error  0.0
Ncoll             error  0.0
Nscoll   error  0.0 wrt norm     1.0
Nscheck  error  0.0 wrt norm     1.0

All rows are identical
*** test surf.remove passed
elapsed time = 2.066277027130127 s for test surf.remove
~~~~~~~~~~~~~~~~~~~~~~~~~~~~~~~~~~~~~~~~~

~~~~~~~~~~~~~~~~~~~~~~~~~~~~~~~~~~~~~~~~~
dir = /hpc/data/cfd-students/nnoventa/regression_runs/cpu_pr623_1217483/examples/surf
test = surf.add
1000 2000 
read 21 log entries
1000 2000 
read 21 log entries
==== generating gold standard for test surf.add ====
==== comparing log.ab.surf.add with log.archive.24Sep26.ab.surf.add ====
Step     error  0.0 wrt norm     1.0
Np       error  0.0 wrt norm     1.0
Natt              error  0.0
Ncoll             error  0.0
Nscoll   error  0.0 wrt norm     1.0
Nscheck  error  0.0 wrt norm     1.0

All rows are identical
*** test surf.add passed
elapsed time = 2.0505435466766357 s for test surf.add
~~~~~~~~~~~~~~~~~~~~~~~~~~~~~~~~~~~~~~~~~

~~~~~~~~~~~~~~~~~~~~~~~~~~~~~~~~~~~~~~~~~
dir = /hpc/data/cfd-students/nnoventa/regression_runs/cpu_pr623_1217483/examples/surf
test = surf.rotate
500 2500 3000 
read 31 log entries
500 2500 3000 
read 31 log entries
==== generating gold standard for test surf.rotate ====
==== comparing log.ab.surf.rotate with log.archive.24Sep26.ab.surf.rotate ====
Step     error  0.0 wrt norm     1.0
Np       error  0.0 wrt norm     1.0
Natt              error  0.0
Ncoll             error  0.0
Nscoll   error  0.0 wrt norm     1.0
Nscheck  error  0.0 wrt norm     1.0

All rows are identical
*** test surf.rotate passed
elapsed time = 3.0449318885803223 s for test surf.rotate
~~~~~~~~~~~~~~~~~~~~~~~~~~~~~~~~~~~~~~~~~

~~~~~~~~~~~~~~~~~~~~~~~~~~~~~~~~~~~~~~~~~
end: Thu Sep 24 14:03:34 2026
5 tests passed
*** no failures ***
~~~~~~~~~~~~~~~~~~~~~~~~~~~~~~~~~~~~~~~~~
~~~~~~~~~~~~~~~~~~~~~~~~~~~~~~~~~~~~~~~~~
start:  Thu Sep 24 14:03:34 2026
ntests: 13
default descriptor: ab
default norm: L1
default tolerance: 0.05
default relative error: True
~~~~~~~~~~~~~~~~~~~~~~~~~~~~~~~~~~~~~~~~~

subdirs = ['free', 'optmove', 'tally_computes', 'surf', 'circle', 'adapt', 'bfield', 'flowfile', 'surf_react_heatflux', 'relax_const', 'paraview', 'chem_rates', 'spiky', 'fft', 'regions', 'python', 'shock_tube', 'qk', 'collide', 'adjust_temp', 'step', 'vibrate', 'surf_react_adsorb', 'surf_collide', 'vtk', 'jagged', 'ambi', 'chem', 'torque', 'variable_timestep', 'implicit', 'ambi_3body', 'custom', 'ablation', 'relax_variable', 'axi', 'cylinder', 'explicit2implicit', 'emit', 'mfp_mct', 'thermostat', 'sphere']

~~~~~~~~~~~~~~~~~~~~~~~~~~~~~~~~~~~~~~~~~
dir = /hpc/data/cfd-students/nnoventa/regression_runs/cpu_pr623_1217483/examples/surf_collide
test = circle.diffuse
1000 
read 11 log entries
1000 
read 11 log entries
==== generating gold standard for test circle.diffuse ====
==== comparing log.ab.circle.diffuse with log.archive.24Sep26.ab.circle.diffuse ====
Step     error  0.0 wrt norm     1.0
Np       error  0.0 wrt norm     1.0
Natt              error  0.0
Ncoll             error  0.0
Nscoll   error  0.0 wrt norm     1.0
Nscheck  error  0.0 wrt norm     1.0

All rows are identical
*** test circle.diffuse passed
elapsed time = 1.424675464630127 s for test circle.diffuse
~~~~~~~~~~~~~~~~~~~~~~~~~~~~~~~~~~~~~~~~~

~~~~~~~~~~~~~~~~~~~~~~~~~~~~~~~~~~~~~~~~~
dir = /hpc/data/cfd-students/nnoventa/regression_runs/cpu_pr623_1217483/examples/surf_collide
test = beam.cll
1000 
read 11 log entries
1000 
read 11 log entries
==== generating gold standard for test beam.cll ====
==== comparing log.ab.beam.cll with log.archive.24Sep26.ab.beam.cll ====
Step     error  0.0 wrt norm     1.0
Np       error  0.0 wrt norm     1.0
Natt              error  0.0
Ncoll             error  0.0
Nscoll            error  0.0
Nscheck           error  0.0

All rows are identical
*** test beam.cll passed
elapsed time = 0.8908143043518066 s for test beam.cll
~~~~~~~~~~~~~~~~~~~~~~~~~~~~~~~~~~~~~~~~~

~~~~~~~~~~~~~~~~~~~~~~~~~~~~~~~~~~~~~~~~~
dir = /hpc/data/cfd-students/nnoventa/regression_runs/cpu_pr623_1217483/examples/surf_collide
test = circle.td
1000 
read 11 log entries
1000 
read 11 log entries
==== generating gold standard for test circle.td ====
==== comparing log.ab.circle.td with log.archive.24Sep26.ab.circle.td ====
Step     error  0.0 wrt norm     1.0
Np       error  0.0 wrt norm     1.0
Natt              error  0.0
Ncoll             error  0.0
Nscoll   error  0.0 wrt norm     1.0
Nscheck  error  0.0 wrt norm     1.0

All rows are identical
*** test circle.td passed
elapsed time = 1.323805809020996 s for test circle.td
~~~~~~~~~~~~~~~~~~~~~~~~~~~~~~~~~~~~~~~~~

~~~~~~~~~~~~~~~~~~~~~~~~~~~~~~~~~~~~~~~~~
dir = /hpc/data/cfd-students/nnoventa/regression_runs/cpu_pr623_1217483/examples/surf_collide
test = beam.specular
1000 
read 11 log entries
1000 
read 11 log entries
==== generating gold standard for test beam.specular ====
==== comparing log.ab.beam.specular with log.archive.24Sep26.ab.beam.specular ====
Step     error  0.0 wrt norm     1.0
Np       error  0.0 wrt norm     1.0
Natt              error  0.0
Ncoll             error  0.0
Nscoll            error  0.0
Nscheck           error  0.0

All rows are identical
*** test beam.specular passed
elapsed time = 0.9000890254974365 s for test beam.specular
~~~~~~~~~~~~~~~~~~~~~~~~~~~~~~~~~~~~~~~~~

~~~~~~~~~~~~~~~~~~~~~~~~~~~~~~~~~~~~~~~~~
dir = /hpc/data/cfd-students/nnoventa/regression_runs/cpu_pr623_1217483/examples/surf_collide
test = circle.cll
1000 
read 11 log entries
1000 
read 11 log entries
==== generating gold standard for test circle.cll ====
==== comparing log.ab.circle.cll with log.archive.24Sep26.ab.circle.cll ====
Step     error  0.0 wrt norm     1.0
Np       error  0.0 wrt norm     1.0
Natt              error  0.0
Ncoll             error  0.0
Nscoll   error  0.0 wrt norm     1.0
Nscheck  error  0.0 wrt norm     1.0

All rows are identical
*** test circle.cll passed
elapsed time = 1.369903326034546 s for test circle.cll
~~~~~~~~~~~~~~~~~~~~~~~~~~~~~~~~~~~~~~~~~

~~~~~~~~~~~~~~~~~~~~~~~~~~~~~~~~~~~~~~~~~
dir = /hpc/data/cfd-students/nnoventa/regression_runs/cpu_pr623_1217483/examples/surf_collide
test = beam.impulsive
1000 
read 11 log entries
1000 
read 11 log entries
==== generating gold standard for test beam.impulsive ====
==== comparing log.ab.beam.impulsive with log.archive.24Sep26.ab.beam.impulsive ====
Step     error  0.0 wrt norm     1.0
Np       error  0.0 wrt norm     1.0
Natt              error  0.0
Ncoll             error  0.0
Nscoll            error  0.0
Nscheck           error  0.0

All rows are identical
*** test beam.impulsive passed
elapsed time = 0.9714629650115967 s for test beam.impulsive
~~~~~~~~~~~~~~~~~~~~~~~~~~~~~~~~~~~~~~~~~

~~~~~~~~~~~~~~~~~~~~~~~~~~~~~~~~~~~~~~~~~
dir = /hpc/data/cfd-students/nnoventa/regression_runs/cpu_pr623_1217483/examples/surf_collide
test = beam.td
1000 
read 11 log entries
1000 
read 11 log entries
==== generating gold standard for test beam.td ====
==== comparing log.ab.beam.td with log.archive.24Sep26.ab.beam.td ====
Step     error  0.0 wrt norm     1.0
Np       error  0.0 wrt norm     1.0
Natt              error  0.0
Ncoll             error  0.0
Nscoll            error  0.0
Nscheck           error  0.0

All rows are identical
*** test beam.td passed
elapsed time = 0.9048812389373779 s for test beam.td
~~~~~~~~~~~~~~~~~~~~~~~~~~~~~~~~~~~~~~~~~

~~~~~~~~~~~~~~~~~~~~~~~~~~~~~~~~~~~~~~~~~
dir = /hpc/data/cfd-students/nnoventa/regression_runs/cpu_pr623_1217483/examples/surf_collide
test = beam.diffuse
1000 
read 11 log entries
1000 
read 11 log entries
==== generating gold standard for test beam.diffuse ====
==== comparing log.ab.beam.diffuse with log.archive.24Sep26.ab.beam.diffuse ====
Step     error  0.0 wrt norm     1.0
Np       error  0.0 wrt norm     1.0
Natt              error  0.0
Ncoll             error  0.0
Nscoll            error  0.0
Nscheck           error  0.0

All rows are identical
*** test beam.diffuse passed
elapsed time = 0.9454421997070312 s for test beam.diffuse
~~~~~~~~~~~~~~~~~~~~~~~~~~~~~~~~~~~~~~~~~

~~~~~~~~~~~~~~~~~~~~~~~~~~~~~~~~~~~~~~~~~
dir = /hpc/data/cfd-students/nnoventa/regression_runs/cpu_pr623_1217483/examples/surf_collide
test = beam.adiabatic
1000 
read 11 log entries
1000 
read 11 log entries
==== generating gold standard for test beam.adiabatic ====
==== comparing log.ab.beam.adiabatic with log.archive.24Sep26.ab.beam.adiabatic ====
Step     error  0.0 wrt norm     1.0
Np       error  0.0 wrt norm     1.0
Natt              error  0.0
Ncoll             error  0.0
Nscoll            error  0.0
Nscheck           error  0.0

All rows are identical
*** test beam.adiabatic passed
elapsed time = 0.9092252254486084 s for test beam.adiabatic
~~~~~~~~~~~~~~~~~~~~~~~~~~~~~~~~~~~~~~~~~

~~~~~~~~~~~~~~~~~~~~~~~~~~~~~~~~~~~~~~~~~
dir = /hpc/data/cfd-students/nnoventa/regression_runs/cpu_pr623_1217483/examples/surf_collide
test = circle.impulsive
1000 
read 11 log entries
1000 
read 11 log entries
==== generating gold standard for test circle.impulsive ====
==== comparing log.ab.circle.impulsive with log.archive.24Sep26.ab.circle.impulsive ====
Step     error  0.0 wrt norm     1.0
Np       error  0.0 wrt norm     1.0
Natt              error  0.0
Ncoll             error  0.0
Nscoll   error  0.0 wrt norm     1.0
Nscheck  error  0.0 wrt norm     1.0

All rows are identical
*** test circle.impulsive passed
elapsed time = 1.6882617473602295 s for test circle.impulsive
~~~~~~~~~~~~~~~~~~~~~~~~~~~~~~~~~~~~~~~~~

~~~~~~~~~~~~~~~~~~~~~~~~~~~~~~~~~~~~~~~~~
dir = /hpc/data/cfd-students/nnoventa/regression_runs/cpu_pr623_1217483/examples/surf_collide
test = piston
300 
read 7 log entries
300 
read 7 log entries
==== generating gold standard for test piston ====
==== comparing log.ab.piston with log.archive.24Sep26.ab.piston ====
Step     error  0.0 wrt norm     1.0
Np       error  0.0 wrt norm     1.0
Natt     error  0.0 wrt norm     1.0
Ncoll    error  0.0 wrt norm     1.0
c_t      error  0.0 wrt norm     1.0

All rows are identical
*** test piston passed
elapsed time = 0.8300139904022217 s for test piston
~~~~~~~~~~~~~~~~~~~~~~~~~~~~~~~~~~~~~~~~~

~~~~~~~~~~~~~~~~~~~~~~~~~~~~~~~~~~~~~~~~~
dir = /hpc/data/cfd-students/nnoventa/regression_runs/cpu_pr623_1217483/examples/surf_collide
test = circle.specular
1000 
read 11 log entries
1000 
read 11 log entries
==== generating gold standard for test circle.specular ====
==== comparing log.ab.circle.specular with log.archive.24Sep26.ab.circle.specular ====
Step     error  0.0 wrt norm     1.0
Np       error  0.0 wrt norm     1.0
Natt              error  0.0
Ncoll             error  0.0
Nscoll   error  0.0 wrt norm     1.0
Nscheck  error  0.0 wrt norm     1.0

All rows are identical
*** test circle.specular passed
elapsed time = 1.3580822944641113 s for test circle.specular
~~~~~~~~~~~~~~~~~~~~~~~~~~~~~~~~~~~~~~~~~

~~~~~~~~~~~~~~~~~~~~~~~~~~~~~~~~~~~~~~~~~
dir = /hpc/data/cfd-students/nnoventa/regression_runs/cpu_pr623_1217483/examples/surf_collide
test = circle.adiabatic
1000 
read 11 log entries
1000 
read 11 log entries
==== generating gold standard for test circle.adiabatic ====
==== comparing log.ab.circle.adiabatic with log.archive.24Sep26.ab.circle.adiabatic ====
Step     error  0.0 wrt norm     1.0
Np       error  0.0 wrt norm     1.0
Natt              error  0.0
Ncoll             error  0.0
Nscoll   error  0.0 wrt norm     1.0
Nscheck  error  0.0 wrt norm     1.0

All rows are identical
*** test circle.adiabatic passed
elapsed time = 1.369471788406372 s for test circle.adiabatic
~~~~~~~~~~~~~~~~~~~~~~~~~~~~~~~~~~~~~~~~~

~~~~~~~~~~~~~~~~~~~~~~~~~~~~~~~~~~~~~~~~~
end: Thu Sep 24 14:03:49 2026
13 tests passed
*** no failures ***
~~~~~~~~~~~~~~~~~~~~~~~~~~~~~~~~~~~~~~~~~
~~~~~~~~~~~~~~~~~~~~~~~~~~~~~~~~~~~~~~~~~
start:  Thu Sep 24 14:03:49 2026
ntests: 9
default descriptor: ab
default norm: L1
default tolerance: 0.05
default relative error: True
~~~~~~~~~~~~~~~~~~~~~~~~~~~~~~~~~~~~~~~~~

subdirs = ['free', 'optmove', 'tally_computes', 'surf', 'circle', 'adapt', 'bfield', 'flowfile', 'surf_react_heatflux', 'relax_const', 'paraview', 'chem_rates', 'spiky', 'fft', 'regions', 'python', 'shock_tube', 'qk', 'collide', 'adjust_temp', 'step', 'vibrate', 'surf_react_adsorb', 'surf_collide', 'vtk', 'jagged', 'ambi', 'chem', 'torque', 'variable_timestep', 'implicit', 'ambi_3body', 'custom', 'ablation', 'relax_variable', 'axi', 'cylinder', 'explicit2implicit', 'emit', 'mfp_mct', 'thermostat', 'sphere']

~~~~~~~~~~~~~~~~~~~~~~~~~~~~~~~~~~~~~~~~~
dir = /hpc/data/cfd-students/nnoventa/regression_runs/cpu_pr623_1217483/examples/surf_react_adsorb
test = beam.face.gs_ps
1000 
read 101 log entries
1000 
read 101 log entries
==== generating gold standard for test beam.face.gs_ps ====
==== comparing log.ab.beam.face.gs_ps with log.archive.24Sep26.ab.beam.face.gs_ps ====
Step     error  0.0 wrt norm     1.0
Np       error  0.0 wrt norm     1.0
Natt              error  0.0
Ncoll             error  0.0
Nscoll            error  0.0
Nscheck           error  0.0

All rows are identical
*** test beam.face.gs_ps passed
elapsed time = 0.8785305023193359 s for test beam.face.gs_ps
~~~~~~~~~~~~~~~~~~~~~~~~~~~~~~~~~~~~~~~~~

~~~~~~~~~~~~~~~~~~~~~~~~~~~~~~~~~~~~~~~~~
dir = /hpc/data/cfd-students/nnoventa/regression_runs/cpu_pr623_1217483/examples/surf_react_adsorb
test = beam.face.gs
1000 
read 101 log entries
1000 
read 101 log entries
==== generating gold standard for test beam.face.gs ====
==== comparing log.ab.beam.face.gs with log.archive.24Sep26.ab.beam.face.gs ====
Step     error  0.0 wrt norm     1.0
Np       error  0.0 wrt norm     1.0
Natt              error  0.0
Ncoll             error  0.0
Nscoll            error  0.0
Nscheck           error  0.0

All rows are identical
*** test beam.face.gs passed
elapsed time = 0.8435637950897217 s for test beam.face.gs
~~~~~~~~~~~~~~~~~~~~~~~~~~~~~~~~~~~~~~~~~

~~~~~~~~~~~~~~~~~~~~~~~~~~~~~~~~~~~~~~~~~
dir = /hpc/data/cfd-students/nnoventa/regression_runs/cpu_pr623_1217483/examples/surf_react_adsorb
test = beam.surf.ps
1000 
read 101 log entries
1000 
read 101 log entries
==== generating gold standard for test beam.surf.ps ====
==== comparing log.ab.beam.surf.ps with log.archive.24Sep26.ab.beam.surf.ps ====
Step     error  0.0 wrt norm     1.0
Np       error  0.0 wrt norm     1.0
Natt              error  0.0
Ncoll             error  0.0
Nscoll   error  0.0 wrt norm     1.0
Nscheck  error  0.0 wrt norm     1.0

All rows are identical
*** test beam.surf.ps passed
elapsed time = 1.0473382472991943 s for test beam.surf.ps
~~~~~~~~~~~~~~~~~~~~~~~~~~~~~~~~~~~~~~~~~

~~~~~~~~~~~~~~~~~~~~~~~~~~~~~~~~~~~~~~~~~
dir = /hpc/data/cfd-students/nnoventa/regression_runs/cpu_pr623_1217483/examples/surf_react_adsorb
test = circle.ps
500 
read 51 log entries
500 
read 51 log entries
==== generating gold standard for test circle.ps ====
==== comparing log.ab.circle.ps with log.archive.24Sep26.ab.circle.ps ====
Step     error  0.0 wrt norm     1.0
Np       error  0.0 wrt norm     1.0
Natt              error  0.0
Ncoll             error  0.0
Nscoll   error  0.0 wrt norm     1.0
Nscheck  error  0.0 wrt norm     1.0

All rows are identical
*** test circle.ps passed
elapsed time = 0.9215240478515625 s for test circle.ps
~~~~~~~~~~~~~~~~~~~~~~~~~~~~~~~~~~~~~~~~~

~~~~~~~~~~~~~~~~~~~~~~~~~~~~~~~~~~~~~~~~~
dir = /hpc/data/cfd-students/nnoventa/regression_runs/cpu_pr623_1217483/examples/surf_react_adsorb
test = beam.face.ps
1000 
read 101 log entries
1000 
read 101 log entries
==== generating gold standard for test beam.face.ps ====
==== comparing log.ab.beam.face.ps with log.archive.24Sep26.ab.beam.face.ps ====
Step     error  0.0 wrt norm     1.0
Np       error  0.0 wrt norm     1.0
Natt              error  0.0
Ncoll             error  0.0
Nscoll            error  0.0
Nscheck           error  0.0

All rows are identical
*** test beam.face.ps passed
elapsed time = 0.8393123149871826 s for test beam.face.ps
~~~~~~~~~~~~~~~~~~~~~~~~~~~~~~~~~~~~~~~~~

~~~~~~~~~~~~~~~~~~~~~~~~~~~~~~~~~~~~~~~~~
dir = /hpc/data/cfd-students/nnoventa/regression_runs/cpu_pr623_1217483/examples/surf_react_adsorb
test = circle.gs
500 
read 51 log entries
500 
read 51 log entries
==== generating gold standard for test circle.gs ====
==== comparing log.ab.circle.gs with log.archive.24Sep26.ab.circle.gs ====
Step     error  0.0 wrt norm     1.0
Np       error  0.0 wrt norm     1.0
Natt              error  0.0
Ncoll             error  0.0
Nscoll   error  0.0 wrt norm     1.0
Nscheck  error  0.0 wrt norm     1.0

All rows are identical
*** test circle.gs passed
elapsed time = 0.8631207942962646 s for test circle.gs
~~~~~~~~~~~~~~~~~~~~~~~~~~~~~~~~~~~~~~~~~

~~~~~~~~~~~~~~~~~~~~~~~~~~~~~~~~~~~~~~~~~
dir = /hpc/data/cfd-students/nnoventa/regression_runs/cpu_pr623_1217483/examples/surf_react_adsorb
test = beam.surf.gs_ps
1000 
read 101 log entries
1000 
read 101 log entries
==== generating gold standard for test beam.surf.gs_ps ====
==== comparing log.ab.beam.surf.gs_ps with log.archive.24Sep26.ab.beam.surf.gs_ps ====
Step     error  0.0 wrt norm     1.0
Np       error  0.0 wrt norm     1.0
Natt              error  0.0
Ncoll             error  0.0
Nscoll   error  0.0 wrt norm     1.0
Nscheck  error  0.0 wrt norm     1.0

All rows are identical
*** test beam.surf.gs_ps passed
elapsed time = 1.0840420722961426 s for test beam.surf.gs_ps
~~~~~~~~~~~~~~~~~~~~~~~~~~~~~~~~~~~~~~~~~

~~~~~~~~~~~~~~~~~~~~~~~~~~~~~~~~~~~~~~~~~
dir = /hpc/data/cfd-students/nnoventa/regression_runs/cpu_pr623_1217483/examples/surf_react_adsorb
test = beam.surf.gs
1000 
read 101 log entries
1000 
read 101 log entries
==== generating gold standard for test beam.surf.gs ====
==== comparing log.ab.beam.surf.gs with log.archive.24Sep26.ab.beam.surf.gs ====
Step     error  0.0 wrt norm     1.0
Np       error  0.0 wrt norm     1.0
Natt              error  0.0
Ncoll             error  0.0
Nscoll   error  0.0 wrt norm     1.0
Nscheck  error  0.0 wrt norm     1.0

All rows are identical
*** test beam.surf.gs passed
elapsed time = 0.938239336013794 s for test beam.surf.gs
~~~~~~~~~~~~~~~~~~~~~~~~~~~~~~~~~~~~~~~~~

~~~~~~~~~~~~~~~~~~~~~~~~~~~~~~~~~~~~~~~~~
dir = /hpc/data/cfd-students/nnoventa/regression_runs/cpu_pr623_1217483/examples/surf_react_adsorb
test = circle.gs_ps
500 
read 51 log entries
500 
read 51 log entries
==== generating gold standard for test circle.gs_ps ====
==== comparing log.ab.circle.gs_ps with log.archive.24Sep26.ab.circle.gs_ps ====
Step     error  0.0 wrt norm     1.0
Np       error  0.0 wrt norm     1.0
Natt              error  0.0
Ncoll             error  0.0
Nscoll   error  0.0 wrt norm     1.0
Nscheck  error  0.0 wrt norm     1.0

All rows are identical
*** test circle.gs_ps passed
elapsed time = 0.9185290336608887 s for test circle.gs_ps
~~~~~~~~~~~~~~~~~~~~~~~~~~~~~~~~~~~~~~~~~

~~~~~~~~~~~~~~~~~~~~~~~~~~~~~~~~~~~~~~~~~
end: Thu Sep 24 14:03:58 2026
9 tests passed
*** no failures ***
~~~~~~~~~~~~~~~~~~~~~~~~~~~~~~~~~~~~~~~~~
~~~~~~~~~~~~~~~~~~~~~~~~~~~~~~~~~~~~~~~~~
start:  Thu Sep 24 14:03:58 2026
ntests: 1
default descriptor: ab
default norm: L1
default tolerance: 0.05
default relative error: True
~~~~~~~~~~~~~~~~~~~~~~~~~~~~~~~~~~~~~~~~~

subdirs = ['free', 'optmove', 'tally_computes', 'surf', 'circle', 'adapt', 'bfield', 'flowfile', 'surf_react_heatflux', 'relax_const', 'paraview', 'chem_rates', 'spiky', 'fft', 'regions', 'python', 'shock_tube', 'qk', 'collide', 'adjust_temp', 'step', 'vibrate', 'surf_react_adsorb', 'surf_collide', 'vtk', 'jagged', 'ambi', 'chem', 'torque', 'variable_timestep', 'implicit', 'ambi_3body', 'custom', 'ablation', 'relax_variable', 'axi', 'cylinder', 'explicit2implicit', 'emit', 'mfp_mct', 'thermostat', 'sphere']

~~~~~~~~~~~~~~~~~~~~~~~~~~~~~~~~~~~~~~~~~
dir = /hpc/data/cfd-students/nnoventa/regression_runs/cpu_pr623_1217483/examples/surf_react_heatflux
test = surf_react_heatflux
3000 
read 4 log entries
3000 
read 4 log entries
==== generating gold standard for test surf_react_heatflux ====
==== comparing log.ab.surf_react_heatflux with log.archive.24Sep26.ab.surf_react_heatflux ====
Step     error  0.0 wrt norm     1.0
Np       error  0.0 wrt norm     1.0
Ncoll    error  0.0 wrt norm     1.0
Nreact            error  0.0
Nscoll   error  0.0 wrt norm     1.0
Nsreact           error  0.0
Ngrid    error  0.0 wrt norm     1.0
c_echem  error  0.0 wrt norm     1.0
Maxlevel  error  0.0 wrt norm     1.0

All rows are identical
*** test surf_react_heatflux passed
elapsed time = 4.422331094741821 s for test surf_react_heatflux
~~~~~~~~~~~~~~~~~~~~~~~~~~~~~~~~~~~~~~~~~

~~~~~~~~~~~~~~~~~~~~~~~~~~~~~~~~~~~~~~~~~
end: Thu Sep 24 14:04:02 2026
1 tests passed
*** no failures ***
~~~~~~~~~~~~~~~~~~~~~~~~~~~~~~~~~~~~~~~~~
~~~~~~~~~~~~~~~~~~~~~~~~~~~~~~~~~~~~~~~~~
start:  Thu Sep 24 14:04:02 2026
ntests: 4
default descriptor: ab
default norm: L1
default tolerance: 0.05
default relative error: True
~~~~~~~~~~~~~~~~~~~~~~~~~~~~~~~~~~~~~~~~~

subdirs = ['free', 'optmove', 'tally_computes', 'surf', 'circle', 'adapt', 'bfield', 'flowfile', 'surf_react_heatflux', 'relax_const', 'paraview', 'chem_rates', 'spiky', 'fft', 'regions', 'python', 'shock_tube', 'qk', 'collide', 'adjust_temp', 'step', 'vibrate', 'surf_react_adsorb', 'surf_collide', 'vtk', 'jagged', 'ambi', 'chem', 'torque', 'variable_timestep', 'implicit', 'ambi_3body', 'custom', 'ablation', 'relax_variable', 'axi', 'cylinder', 'explicit2implicit', 'emit', 'mfp_mct', 'thermostat', 'sphere']

~~~~~~~~~~~~~~~~~~~~~~~~~~~~~~~~~~~~~~~~~
dir = /hpc/data/cfd-students/nnoventa/regression_runs/cpu_pr623_1217483/examples/tally_computes
test = gas.reaction.tally
1000 
read 11 log entries
1000 
read 11 log entries
==== generating gold standard for test gas.reaction.tally ====
==== comparing log.ab.gas.reaction.tally with log.archive.24Sep26.ab.gas.reaction.tally ====
Step     error  0.0 wrt norm     1.0
Np       error  0.0 wrt norm     1.0
Natt     error  0.0 wrt norm     1.0
Ncoll    error  0.0 wrt norm     1.0
Nreact   error  0.0 wrt norm     1.0
c_temp   error  0.0 wrt norm     1.0

All rows are identical
*** test gas.reaction.tally passed
elapsed time = 1.775000810623169 s for test gas.reaction.tally
~~~~~~~~~~~~~~~~~~~~~~~~~~~~~~~~~~~~~~~~~

~~~~~~~~~~~~~~~~~~~~~~~~~~~~~~~~~~~~~~~~~
dir = /hpc/data/cfd-students/nnoventa/regression_runs/cpu_pr623_1217483/examples/tally_computes
test = gas.collision.tally
1000 
read 11 log entries
1000 
read 11 log entries
==== generating gold standard for test gas.collision.tally ====
==== comparing log.ab.gas.collision.tally with log.archive.24Sep26.ab.gas.collision.tally ====
Step     error  0.0 wrt norm     1.0
Np       error  0.0 wrt norm     1.0
Natt     error  0.0 wrt norm     1.0
Ncoll    error  0.0 wrt norm     1.0
c_temp   error  0.0 wrt norm     1.0

All rows are identical
*** test gas.collision.tally passed
elapsed time = 1.0798513889312744 s for test gas.collision.tally
~~~~~~~~~~~~~~~~~~~~~~~~~~~~~~~~~~~~~~~~~

~~~~~~~~~~~~~~~~~~~~~~~~~~~~~~~~~~~~~~~~~
dir = /hpc/data/cfd-students/nnoventa/regression_runs/cpu_pr623_1217483/examples/tally_computes
test = surf.collision.tally
1000 
read 11 log entries
1000 
read 11 log entries
==== generating gold standard for test surf.collision.tally ====
==== comparing log.ab.surf.collision.tally with log.archive.24Sep26.ab.surf.collision.tally ====
Step     error  0.0 wrt norm     1.0
Np       error  0.0 wrt norm     1.0
Natt              error  0.0
Ncoll             error  0.0
Nscoll   error  0.0 wrt norm     1.0
Nscheck  error  0.0 wrt norm     1.0

All rows are identical
*** test surf.collision.tally passed
elapsed time = 1.3741436004638672 s for test surf.collision.tally
~~~~~~~~~~~~~~~~~~~~~~~~~~~~~~~~~~~~~~~~~

~~~~~~~~~~~~~~~~~~~~~~~~~~~~~~~~~~~~~~~~~
dir = /hpc/data/cfd-students/nnoventa/regression_runs/cpu_pr623_1217483/examples/tally_computes
test = surf.reaction.tally
500 
read 51 log entries
500 
read 51 log entries
==== generating gold standard for test surf.reaction.tally ====
==== comparing log.ab.surf.reaction.tally with log.archive.24Sep26.ab.surf.reaction.tally ====
Step     error  0.0 wrt norm     1.0
Np       error  0.0 wrt norm     1.0
Natt              error  0.0
Ncoll             error  0.0
Nscoll   error  0.0 wrt norm     1.0
Nscheck  error  0.0 wrt norm     1.0

All rows are identical
*** test surf.reaction.tally passed
elapsed time = 0.8820521831512451 s for test surf.reaction.tally
~~~~~~~~~~~~~~~~~~~~~~~~~~~~~~~~~~~~~~~~~

~~~~~~~~~~~~~~~~~~~~~~~~~~~~~~~~~~~~~~~~~
end: Thu Sep 24 14:04:07 2026
4 tests passed
*** no failures ***
~~~~~~~~~~~~~~~~~~~~~~~~~~~~~~~~~~~~~~~~~
~~~~~~~~~~~~~~~~~~~~~~~~~~~~~~~~~~~~~~~~~
start:  Thu Sep 24 14:04:07 2026
ntests: 2
default descriptor: ab
default norm: L1
default tolerance: 0.05
default relative error: True
~~~~~~~~~~~~~~~~~~~~~~~~~~~~~~~~~~~~~~~~~

subdirs = ['free', 'optmove', 'tally_computes', 'surf', 'circle', 'adapt', 'bfield', 'flowfile', 'surf_react_heatflux', 'relax_const', 'paraview', 'chem_rates', 'spiky', 'fft', 'regions', 'python', 'shock_tube', 'qk', 'collide', 'adjust_temp', 'step', 'vibrate', 'surf_react_adsorb', 'surf_collide', 'vtk', 'jagged', 'ambi', 'chem', 'torque', 'variable_timestep', 'implicit', 'ambi_3body', 'custom', 'ablation', 'relax_variable', 'axi', 'cylinder', 'explicit2implicit', 'emit', 'mfp_mct', 'thermostat', 'sphere']

~~~~~~~~~~~~~~~~~~~~~~~~~~~~~~~~~~~~~~~~~
dir = /hpc/data/cfd-students/nnoventa/regression_runs/cpu_pr623_1217483/examples/thermostat
test = thermostat_ave
1000 2000 
read 21 log entries
1000 2000 
read 21 log entries
==== generating gold standard for test thermostat_ave ====
==== comparing log.ab.thermostat_ave with log.archive.24Sep26.ab.thermostat_ave ====
Step     error  0.0 wrt norm     1.0
Np       error  0.0 wrt norm     1.0
Natt     error  0.0 wrt norm     1.0
Ncoll    error  0.0 wrt norm     1.0
c_temp   error  0.0 wrt norm     1.0
c_2      error  0.0 wrt norm     1.0

All rows are identical
*** test thermostat_ave passed
elapsed time = 1.3178744316101074 s for test thermostat_ave
~~~~~~~~~~~~~~~~~~~~~~~~~~~~~~~~~~~~~~~~~

~~~~~~~~~~~~~~~~~~~~~~~~~~~~~~~~~~~~~~~~~
dir = /hpc/data/cfd-students/nnoventa/regression_runs/cpu_pr623_1217483/examples/thermostat
test = thermostat
1000 2000 
read 21 log entries
1000 2000 
read 21 log entries
==== generating gold standard for test thermostat ====
==== comparing log.ab.thermostat with log.archive.24Sep26.ab.thermostat ====
Step     error  0.0 wrt norm     1.0
Np       error  0.0 wrt norm     1.0
Natt     error  0.0 wrt norm     1.0
Ncoll    error  0.0 wrt norm     1.0
c_temp   error  0.0 wrt norm     1.0
c_2      error  0.0 wrt norm     1.0

All rows are identical
*** test thermostat passed
elapsed time = 1.277878999710083 s for test thermostat
~~~~~~~~~~~~~~~~~~~~~~~~~~~~~~~~~~~~~~~~~

~~~~~~~~~~~~~~~~~~~~~~~~~~~~~~~~~~~~~~~~~
end: Thu Sep 24 14:04:10 2026
2 tests passed
*** no failures ***
~~~~~~~~~~~~~~~~~~~~~~~~~~~~~~~~~~~~~~~~~
~~~~~~~~~~~~~~~~~~~~~~~~~~~~~~~~~~~~~~~~~
start:  Thu Sep 24 14:04:10 2026
ntests: 1
default descriptor: ab
default norm: L1
default tolerance: 0.05
default relative error: True
~~~~~~~~~~~~~~~~~~~~~~~~~~~~~~~~~~~~~~~~~

subdirs = ['free', 'optmove', 'tally_computes', 'surf', 'circle', 'adapt', 'bfield', 'flowfile', 'surf_react_heatflux', 'relax_const', 'paraview', 'chem_rates', 'spiky', 'fft', 'regions', 'python', 'shock_tube', 'qk', 'collide', 'adjust_temp', 'step', 'vibrate', 'surf_react_adsorb', 'surf_collide', 'vtk', 'jagged', 'ambi', 'chem', 'torque', 'variable_timestep', 'implicit', 'ambi_3body', 'custom', 'ablation', 'relax_variable', 'axi', 'cylinder', 'explicit2implicit', 'emit', 'mfp_mct', 'thermostat', 'sphere']

~~~~~~~~~~~~~~~~~~~~~~~~~~~~~~~~~~~~~~~~~
dir = /hpc/data/cfd-students/nnoventa/regression_runs/cpu_pr623_1217483/examples/torque
test = torque
9000 
read 4 log entries
9000 
read 4 log entries
==== generating gold standard for test torque ====
==== comparing log.ab.torque with log.archive.24Sep26.ab.torque ====
Step     error  0.0 wrt norm     1.0
Time              error  0.0
Np       error  0.0 wrt norm     1.0
v_Cd     error  0.0 wrt norm     1.0
v_Cy              error  0.0
v_Cl              error  0.0
v_Cmx             error  0.0
v_Cmy             error  0.0
v_Cmz             error  0.0
v_Cmx2            error  0.0
v_Cmy2            error  0.0
v_Cmz2            error  0.0

All rows are identical
*** test torque passed
elapsed time = 17.091421365737915 s for test torque
~~~~~~~~~~~~~~~~~~~~~~~~~~~~~~~~~~~~~~~~~

~~~~~~~~~~~~~~~~~~~~~~~~~~~~~~~~~~~~~~~~~
end: Thu Sep 24 14:04:27 2026
1 tests passed
*** no failures ***
~~~~~~~~~~~~~~~~~~~~~~~~~~~~~~~~~~~~~~~~~
~~~~~~~~~~~~~~~~~~~~~~~~~~~~~~~~~~~~~~~~~
start:  Thu Sep 24 14:04:27 2026
ntests: 1
default descriptor: ab
default norm: L1
default tolerance: 0.05
default relative error: True
~~~~~~~~~~~~~~~~~~~~~~~~~~~~~~~~~~~~~~~~~

subdirs = ['free', 'optmove', 'tally_computes', 'surf', 'circle', 'adapt', 'bfield', 'flowfile', 'surf_react_heatflux', 'relax_const', 'paraview', 'chem_rates', 'spiky', 'fft', 'regions', 'python', 'shock_tube', 'qk', 'collide', 'adjust_temp', 'step', 'vibrate', 'surf_react_adsorb', 'surf_collide', 'vtk', 'jagged', 'ambi', 'chem', 'torque', 'variable_timestep', 'implicit', 'ambi_3body', 'custom', 'ablation', 'relax_variable', 'axi', 'cylinder', 'explicit2implicit', 'emit', 'mfp_mct', 'thermostat', 'sphere']

~~~~~~~~~~~~~~~~~~~~~~~~~~~~~~~~~~~~~~~~~
dir = /hpc/data/cfd-students/nnoventa/regression_runs/cpu_pr623_1217483/examples/variable_timestep
test = variable_dt
1000 
read 11 log entries
1000 
read 11 log entries
==== generating gold standard for test variable_dt ====
==== comparing log.ab.variable_dt with log.archive.24Sep26.ab.variable_dt ====
Step     error  0.0 wrt norm     1.0
Np       error  0.0 wrt norm     1.0
Natt     error  0.0 wrt norm     1.0
Ncoll    error  0.0 wrt norm     1.0
Time              error  0.0
Dt                error  0.0

All rows are identical
*** test variable_dt passed
elapsed time = 1.0654141902923584 s for test variable_dt
~~~~~~~~~~~~~~~~~~~~~~~~~~~~~~~~~~~~~~~~~

~~~~~~~~~~~~~~~~~~~~~~~~~~~~~~~~~~~~~~~~~
end: Thu Sep 24 14:04:28 2026
1 tests passed
*** no failures ***
~~~~~~~~~~~~~~~~~~~~~~~~~~~~~~~~~~~~~~~~~
~~~~~~~~~~~~~~~~~~~~~~~~~~~~~~~~~~~~~~~~~
start:  Thu Sep 24 14:04:28 2026
ntests: 1
default descriptor: ab
default norm: L1
default tolerance: 0.05
default relative error: True
~~~~~~~~~~~~~~~~~~~~~~~~~~~~~~~~~~~~~~~~~

subdirs = ['free', 'optmove', 'tally_computes', 'surf', 'circle', 'adapt', 'bfield', 'flowfile', 'surf_react_heatflux', 'relax_const', 'paraview', 'chem_rates', 'spiky', 'fft', 'regions', 'python', 'shock_tube', 'qk', 'collide', 'adjust_temp', 'step', 'vibrate', 'surf_react_adsorb', 'surf_collide', 'vtk', 'jagged', 'ambi', 'chem', 'torque', 'variable_timestep', 'implicit', 'ambi_3body', 'custom', 'ablation', 'relax_variable', 'axi', 'cylinder', 'explicit2implicit', 'emit', 'mfp_mct', 'thermostat', 'sphere']

~~~~~~~~~~~~~~~~~~~~~~~~~~~~~~~~~~~~~~~~~
dir = /hpc/data/cfd-students/nnoventa/regression_runs/cpu_pr623_1217483/examples/vibrate
test = vibrate
100 
read 11 log entries
100 
read 11 log entries
==== generating gold standard for test vibrate ====
==== comparing log.ab.vibrate with log.archive.24Sep26.ab.vibrate ====
Step     error  0.0 wrt norm     1.0
Np       error  0.0 wrt norm     1.0
Natt     error  0.0 wrt norm     1.0
Ncoll    error  0.0 wrt norm     1.0
c_St     error  0.0 wrt norm     1.0
c_Sr     error  0.0 wrt norm     1.0
c_Srv    error  0.0 wrt norm     1.0
c_Sv     error  0.0 wrt norm     1.0

All rows are identical
*** test vibrate passed
elapsed time = 0.8124237060546875 s for test vibrate
~~~~~~~~~~~~~~~~~~~~~~~~~~~~~~~~~~~~~~~~~

~~~~~~~~~~~~~~~~~~~~~~~~~~~~~~~~~~~~~~~~~
end: Thu Sep 24 14:04:29 2026
1 tests passed
*** no failures ***
~~~~~~~~~~~~~~~~~~~~~~~~~~~~~~~~~~~~~~~~~
~~~~~~~~~~~~~~~~~~~~~~~~~~~~~~~~~~~~~~~~~
start:  Thu Sep 24 14:04:29 2026
ntests: 2
default descriptor: ab
default norm: L1
default tolerance: 0.05
default relative error: True
~~~~~~~~~~~~~~~~~~~~~~~~~~~~~~~~~~~~~~~~~

subdirs = ['free', 'optmove', 'tally_computes', 'surf', 'circle', 'adapt', 'bfield', 'flowfile', 'surf_react_heatflux', 'relax_const', 'paraview', 'chem_rates', 'spiky', 'fft', 'regions', 'python', 'shock_tube', 'qk', 'collide', 'adjust_temp', 'step', 'vibrate', 'surf_react_adsorb', 'surf_collide', 'vtk', 'jagged', 'ambi', 'chem', 'torque', 'variable_timestep', 'implicit', 'ambi_3body', 'custom', 'ablation', 'relax_variable', 'axi', 'cylinder', 'explicit2implicit', 'emit', 'mfp_mct', 'thermostat', 'sphere']

~~~~~~~~~~~~~~~~~~~~~~~~~~~~~~~~~~~~~~~~~
dir = /hpc/data/cfd-students/nnoventa/regression_runs/cpu_pr623_1217483/examples/vtk
test = vtk.3d
==== generating gold standard for test vtk.3d ====
==== comparing log.ab.vtk.3d with log.archive.24Sep26.ab.vtk.3d ====
ERROR: Unrecognized dump style (/hpc/data/cfd-students/nnoventa/sparta/src/output.cpp:547)
ERROR: Unrecognized dump style (/hpc/data/cfd-students/nnoventa/sparta/src/output.cpp:547)
!!! test vtk.3d FAILED
elapsed time = 0.7933316230773926 s for test vtk.3d
~~~~~~~~~~~~~~~~~~~~~~~~~~~~~~~~~~~~~~~~~

~~~~~~~~~~~~~~~~~~~~~~~~~~~~~~~~~~~~~~~~~
dir = /hpc/data/cfd-students/nnoventa/regression_runs/cpu_pr623_1217483/examples/vtk
test = vtk
==== generating gold standard for test vtk ====
==== comparing log.ab.vtk with log.archive.24Sep26.ab.vtk ====
ERROR: Unrecognized dump style (/hpc/data/cfd-students/nnoventa/sparta/src/output.cpp:547)
ERROR: Unrecognized dump style (/hpc/data/cfd-students/nnoventa/sparta/src/output.cpp:547)
!!! test vtk FAILED
elapsed time = 0.8142385482788086 s for test vtk
~~~~~~~~~~~~~~~~~~~~~~~~~~~~~~~~~~~~~~~~~

~~~~~~~~~~~~~~~~~~~~~~~~~~~~~~~~~~~~~~~~~
end: Thu Sep 24 14:04:30 2026
!!! 2 of 2 tests failed
['/hpc/data/cfd-students/nnoventa/regression_runs/cpu_pr623_1217483/examples/vtk', 'vtk.3d']
['/hpc/data/cfd-students/nnoventa/regression_runs/cpu_pr623_1217483/examples/vtk', 'vtk']
~~~~~~~~~~~~~~~~~~~~~~~~~~~~~~~~~~~~~~~~~
