HOST=an6006
COMMIT=2f307f4e652473be85f50fbf21726d75a3526412
EXE=/hpc/data/cfd-students/nnoventa/sparta/install_h200/bin/spa_kokkos_cuda
BUILD=arch    h200 commit  45125d690e6b7979ea7b79e6885099c916b25e10 date    2026-09-22T13:58:48+02:00 
INPUT=/hpc/data/cfd-students/nnoventa/sparta/nicola/input/in.sparta.gpu
RUNDIR=/hpc/data/cfd-students/nnoventa/sparta/nicola/results/sparta_h200_1211877
NPART=30000000 NSTEPS=10000 KP=1 (>= 100 MB) PML=ucx
GPU 0: NVIDIA H200 (UUID: GPU-553f76cc-3bf8-d275-c240-7e2c03488b89)
[an6006:2173882] mca: base: components_register: registering framework pml components
[an6006:2173882] mca: base: components_register: found loaded component ucx
[an6006:2173882] mca: base: components_register: component ucx register function successful
[an6006:2173882] mca: base: components_open: opening pml components
[an6006:2173882] mca: base: components_open: found loaded component ucx
[an6006:2173882] mca: base: components_open: component ucx open function successful
[an6006:2173882] select: initializing pml component ucx
[an6006:2173882] select: init returned priority 51
[an6006:2173882] selected ucx best priority 51
[an6006:2173882] select: component ucx selected
SPARTA (27 Aug 2026)
KOKKOS mode is enabled (/hpc/data/cfd-students/nnoventa/sparta/src/KOKKOS/kokkos.cpp:50)
  requested 1 GPU(s) per node
  requested 1 thread(s) per MPI task
WARNING: When using a single thread, the Kokkos Serial backend (i.e. Makefile.kokkos_mpi_only) gives better performance than the OpenMP backend (/hpc/data/cfd-students/nnoventa/sparta/src/KOKKOS/kokkos.cpp:148)
Kokkos::OpenMP::initialize WARNING: OMP_PROC_BIND environment variable not set
  In general, for best performance with OpenMP 4.0 or better set OMP_PROC_BIND=spread and OMP_PLACES=threads
  For best performance with OpenMP 3.1 set OMP_PROC_BIND=true
  For unit testing set OMP_PROC_BIND=false

MPI detected: For OpenMP binding to work as intended, MPI ranks must be bound to exclusive CPU sets.

[kp] logging allocations >= 100 MB, watching device free memory for jumps >= 1.0 GB
[kp] memory watch enabled
[kp]     0.000s  device free 139.2 GB at start of watch
Running on 1 MPI task(s)
Created orthogonal box = (-0.002001 -1e-06 -1e-06) to (0.02801 0.003001 0.087501)
Created 864000 child grid cells
  CPU time = 0.13201 secs
  create/ghost percent = 27.2948 72.7052
Balance grid migrated 0 cells
  CPU time = 0.102145 secs
  reassign/sort/migrate/ghost percent = 13.4671 1.32153 3.99732 81.2141
Reading surface file ...
  80998 triangles
  clipped to 80998 tris
  -0.002 0.028 xlo xhi
  0 0.003 ylo yhi
  0 0.0875 zlo zhi
  0.000245331 min triangle edge length
  3.15715e-08 min triangle area
  43848 0 = cells overlapping surfs, overlap cells with unmarked corner pts
  25 tiny edges removed
  269352 550800 43848 = cells outside/inside/overlapping surfs
  43848 = surf cells with 1,2,etc splits
  2.72343749998582e-06 2.7234375e-06 = cell-wise and global flow volume
  CPU time = 0.728755 secs
  read/check/sort/surf2grid/ghost/inout/particle percent = 2.42351 4.13853 1.79069 52.8009 38.8463 9.40125 0.000588675
  surf2grid time = 0.38479 secs
  map/comm1/comm2/comm3/comm4/split percent = 13.4723 1.65728 6.36058 3.89226 3.77726 66.9195
0 = initial surface count in group inlet
382 = final surface count in group inlet
0 = initial surface count in group outlet
690 = final surface count in group outlet
0 = initial surface count in group yminus
41336 = final surface count in group yminus
0 = initial surface count in group yplus
33810 = final surface count in group yplus
0 = initial surface count in group yplus_inlet
382 = final surface count in group yplus_inlet
0 = initial surface count in group yplus_inlet_wall
1314 = final surface count in group yplus_inlet_wall
0 = initial surface count in group yplus_outlet
718 = final surface count in group yplus_outlet
0 = initial surface count in group yplus_outlet_wall
1598 = final surface count in group yplus_outlet_wall
0 = initial surface count in group zminus
393 = final surface count in group zminus
0 = initial surface count in group zplus
375 = final surface count in group zplus
Creating particles ...
[kp]     1.301s  alloc        100.9 MB  Cuda     live      226.7 MB  "particle:particles"
[kp]     1.301s  alloc        100.9 MB  Host     live      192.7 MB  "particle:particles_mirror"
[kp]     1.324s  alloc        111.0 MB  Cuda     live      246.0 MB  "particle:particles"
[kp]     1.324s  alloc        111.0 MB  Host     live      211.9 MB  "particle:particles_mirror"
[kp]     1.324s  dealloc      100.9 MB  Host     live      111.0 MB  "particle:particles_mirror"
[kp]     1.333s  dealloc      100.9 MB  Cuda     live      145.0 MB  "particle:particles"
[kp]     1.348s  alloc        122.1 MB  Cuda     live      267.2 MB  "particle:particles"
[kp]     1.348s  alloc        122.1 MB  Host     live      233.1 MB  "particle:particles_mirror"
[kp]     1.348s  dealloc      111.0 MB  Host     live      122.1 MB  "particle:particles_mirror"
[kp]     1.358s  dealloc      111.0 MB  Cuda     live      156.1 MB  "particle:particles"
[kp]     1.375s  alloc        134.3 MB  Cuda     live      290.5 MB  "particle:particles"
[kp]     1.375s  alloc        134.3 MB  Host     live      256.4 MB  "particle:particles_mirror"
[kp]     1.375s  dealloc      122.1 MB  Host     live      134.3 MB  "particle:particles_mirror"
[kp]     1.386s  dealloc      122.1 MB  Cuda     live      168.4 MB  "particle:particles"
[kp]     1.408s  alloc        147.7 MB  Cuda     live      316.1 MB  "particle:particles"
[kp]     1.408s  alloc        147.7 MB  Host     live      282.1 MB  "particle:particles_mirror"
[kp]     1.408s  dealloc      134.3 MB  Host     live      147.8 MB  "particle:particles_mirror"
[kp]     1.420s  dealloc      134.3 MB  Cuda     live      181.8 MB  "particle:particles"
[kp]     1.442s  alloc        162.5 MB  Cuda     live      344.3 MB  "particle:particles"
[kp]     1.442s  alloc        162.5 MB  Host     live      310.3 MB  "particle:particles_mirror"
[kp]     1.442s  dealloc      147.7 MB  Host     live      162.5 MB  "particle:particles_mirror"
[kp]     1.455s  dealloc      147.7 MB  Cuda     live      196.6 MB  "particle:particles"
[kp]     1.478s  alloc        178.8 MB  Cuda     live      375.3 MB  "particle:particles"
[kp]     1.478s  alloc        178.8 MB  Host     live      341.3 MB  "particle:particles_mirror"
[kp]     1.478s  dealloc      162.5 MB  Host     live      178.8 MB  "particle:particles_mirror"
[kp]     1.492s  dealloc      162.5 MB  Cuda     live      212.8 MB  "particle:particles"
[kp]     1.520s  alloc        196.6 MB  Cuda     live      409.5 MB  "particle:particles"
[kp]     1.521s  alloc        196.6 MB  Host     live      375.4 MB  "particle:particles_mirror"
[kp]     1.521s  dealloc      178.8 MB  Host     live      196.7 MB  "particle:particles_mirror"
[kp]     1.536s  dealloc      178.8 MB  Cuda     live      230.7 MB  "particle:particles"
[kp]     1.565s  alloc        216.3 MB  Cuda     live      447.0 MB  "particle:particles"
[kp]     1.565s  alloc        216.3 MB  Host     live      413.0 MB  "particle:particles_mirror"
[kp]     1.565s  dealloc      196.6 MB  Host     live      216.3 MB  "particle:particles_mirror"
[kp]     1.582s  dealloc      196.6 MB  Cuda     live      250.4 MB  "particle:particles"
[kp]     1.614s  alloc        237.9 MB  Cuda     live      488.3 MB  "particle:particles"
[kp]     1.614s  alloc        237.9 MB  Host     live      454.3 MB  "particle:particles_mirror"
[kp]     1.614s  dealloc      216.3 MB  Host     live      237.9 MB  "particle:particles_mirror"
[kp]     1.633s  dealloc      216.3 MB  Cuda     live      272.0 MB  "particle:particles"
[kp]     1.669s  alloc        261.7 MB  Cuda     live      533.7 MB  "particle:particles"
[kp]     1.669s  alloc        261.7 MB  Host     live      499.7 MB  "particle:particles_mirror"
[kp]     1.669s  dealloc      237.9 MB  Host     live      261.7 MB  "particle:particles_mirror"
[kp]     1.690s  dealloc      237.9 MB  Cuda     live      295.8 MB  "particle:particles"
[kp]     1.728s  alloc        287.9 MB  Cuda     live      583.7 MB  "particle:particles"
[kp]     1.728s  alloc        287.9 MB  Host     live      549.7 MB  "particle:particles_mirror"
[kp]     1.728s  dealloc      261.7 MB  Host     live      287.9 MB  "particle:particles_mirror"
[kp]     1.751s  dealloc      261.7 MB  Cuda     live      322.0 MB  "particle:particles"
[kp]     1.793s  alloc        316.7 MB  Cuda     live      638.7 MB  "particle:particles"
[kp]     1.793s  alloc        316.7 MB  Host     live      604.6 MB  "particle:particles_mirror"
[kp]     1.793s  dealloc      287.9 MB  Host     live      316.7 MB  "particle:particles_mirror"
[kp]     1.818s  dealloc      287.9 MB  Cuda     live      350.7 MB  "particle:particles"
[kp]     1.865s  alloc        348.4 MB  Cuda     live      699.1 MB  "particle:particles"
[kp]     1.866s  alloc        348.4 MB  Host     live      665.1 MB  "particle:particles_mirror"
[kp]     1.866s  dealloc      316.7 MB  Host     live      348.4 MB  "particle:particles_mirror"
[kp]     1.893s  dealloc      316.7 MB  Cuda     live      382.4 MB  "particle:particles"
[kp]     1.943s  alloc        383.2 MB  Cuda     live      765.6 MB  "particle:particles"
[kp]     1.943s  alloc        383.2 MB  Host     live      731.6 MB  "particle:particles_mirror"
[kp]     1.943s  dealloc      348.4 MB  Host     live      383.2 MB  "particle:particles_mirror"
[kp]     1.973s  dealloc      348.4 MB  Cuda     live      417.3 MB  "particle:particles"
[kp]     2.031s  alloc        421.5 MB  Cuda     live      838.8 MB  "particle:particles"
[kp]     2.031s  alloc        421.5 MB  Host     live      804.7 MB  "particle:particles_mirror"
[kp]     2.031s  dealloc      383.2 MB  Host     live      421.5 MB  "particle:particles_mirror"
[kp]     2.064s  dealloc      383.2 MB  Cuda     live      455.6 MB  "particle:particles"
[kp]     2.127s  alloc        463.7 MB  Cuda     live      919.3 MB  "particle:particles"
[kp] ==== device free 139.2 GB -> 138.2 GB, recent events:
[kp]          2.064s  dealloc 383.2 MB Cuda "particle:particles"
[kp]          2.111s  deep_copy 421.5 MB Cuda "particle:particles" <- Host "particle:particles_mirror"
[kp]          2.111s  begin fence "Kokkos::deep_copy: copy between contiguous views, pre view equality check"
[kp]          2.111s  end   fence "Kokkos::deep_copy: copy between contiguous views, pre view equality check"
[kp]          2.111s  begin fence "Kokkos::deep_copy: copy between contiguous views, pre view equality check"
[kp]          2.111s  end   fence "Kokkos::deep_copy: copy between contiguous views, pre view equality check"
[kp]          2.126s  begin fence "Kokkos::deep_copy: copy between contiguous views, post deep copy fence"
[kp]          2.126s  end   fence "Kokkos::deep_copy: copy between contiguous views, post deep copy fence"
[kp]          2.126s  begin fence "Kokkos::deep_copy: copy between contiguous views, post deep copy fence"
[kp]          2.126s  end   fence "Kokkos::deep_copy: copy between contiguous views, post deep copy fence"
[kp]          2.127s  end   deep_copy
[kp]          2.127s  alloc 463.7 MB Cuda "particle:particles"
[kp]     2.127s  alloc        463.7 MB  Host     live      885.2 MB  "particle:particles_mirror"
[kp]     2.127s  dealloc      421.5 MB  Host     live      463.7 MB  "particle:particles_mirror"
[kp]     2.165s  dealloc      421.5 MB  Cuda     live      497.7 MB  "particle:particles"
[kp]     2.233s  alloc        510.0 MB  Cuda     live     1007.8 MB  "particle:particles"
[kp]     2.234s  alloc        510.0 MB  Host     live      973.7 MB  "particle:particles_mirror"
[kp]     2.234s  dealloc      463.7 MB  Host     live      510.1 MB  "particle:particles_mirror"
[kp]     2.274s  dealloc      463.7 MB  Cuda     live      544.1 MB  "particle:particles"
[kp]     2.349s  alloc        561.1 MB  Cuda     live     1105.1 MB  "particle:particles"
[kp]     2.349s  alloc        561.1 MB  Host     live     1071.1 MB  "particle:particles_mirror"
[kp]     2.349s  dealloc      510.0 MB  Host     live      561.1 MB  "particle:particles_mirror"
[kp]     2.393s  dealloc      510.0 MB  Cuda     live      595.1 MB  "particle:particles"
[kp]     2.475s  alloc        617.2 MB  Cuda     live     1212.3 MB  "particle:particles"
[kp]     2.475s  alloc        617.2 MB  Host     live     1178.2 MB  "particle:particles_mirror"
[kp]     2.475s  dealloc      561.1 MB  Host     live      617.2 MB  "particle:particles_mirror"
[kp]     2.524s  dealloc      561.1 MB  Cuda     live      651.2 MB  "particle:particles"
[kp]     2.612s  alloc        678.9 MB  Cuda     live     1330.1 MB  "particle:particles"
[kp]     2.613s  alloc        678.9 MB  Host     live     1296.0 MB  "particle:particles_mirror"
[kp]     2.613s  dealloc      617.2 MB  Host     live      678.9 MB  "particle:particles_mirror"
[kp]     2.666s  dealloc      617.2 MB  Cuda     live      712.9 MB  "particle:particles"
[kp]     2.766s  alloc        746.8 MB  Cuda     live     1459.7 MB  "particle:particles"
[kp]     2.767s  alloc        746.8 MB  Host     live     1425.6 MB  "particle:particles_mirror"
[kp]     2.767s  dealloc      678.9 MB  Host     live      746.8 MB  "particle:particles_mirror"
[kp]     2.827s  dealloc      678.9 MB  Cuda     live      780.8 MB  "particle:particles"
[kp]     2.935s  alloc        821.4 MB  Cuda     live     1602.2 MB  "particle:particles"
[kp]     2.936s  alloc        821.4 MB  Host     live     1568.2 MB  "particle:particles_mirror"
[kp]     2.936s  dealloc      746.8 MB  Host     live      821.4 MB  "particle:particles_mirror"
[kp]     3.001s  dealloc      746.8 MB  Cuda     live      855.5 MB  "particle:particles"
[kp]     3.121s  alloc        903.6 MB  Cuda     live     1759.1 MB  "particle:particles"
[kp]     3.122s  alloc        903.6 MB  Host     live     1725.0 MB  "particle:particles_mirror"
[kp]     3.122s  dealloc      821.4 MB  Host     live      903.6 MB  "particle:particles_mirror"
[kp]     3.193s  dealloc      821.4 MB  Cuda     live      937.6 MB  "particle:particles"
[kp]     3.324s  alloc        993.9 MB  Cuda     live     1931.6 MB  "particle:particles"
[kp]     3.325s  alloc        993.9 MB  Host     live     1897.5 MB  "particle:particles_mirror"
[kp]     3.325s  dealloc      903.6 MB  Host     live      993.9 MB  "particle:particles_mirror"
[kp]     3.403s  dealloc      903.6 MB  Cuda     live     1028.0 MB  "particle:particles"
[kp]     3.548s  alloc       1093.3 MB  Cuda     live     2121.3 MB  "particle:particles"
[kp] ==== device free 138.2 GB -> 137.0 GB, recent events:
[kp]          3.403s  dealloc 903.6 MB Cuda "particle:particles"
[kp]          3.512s  deep_copy 993.9 MB Cuda "particle:particles" <- Host "particle:particles_mirror"
[kp]          3.512s  begin fence "Kokkos::deep_copy: copy between contiguous views, pre view equality check"
[kp]          3.512s  end   fence "Kokkos::deep_copy: copy between contiguous views, pre view equality check"
[kp]          3.512s  begin fence "Kokkos::deep_copy: copy between contiguous views, pre view equality check"
[kp]          3.512s  end   fence "Kokkos::deep_copy: copy between contiguous views, pre view equality check"
[kp]          3.548s  begin fence "Kokkos::deep_copy: copy between contiguous views, post deep copy fence"
[kp]          3.548s  end   fence "Kokkos::deep_copy: copy between contiguous views, post deep copy fence"
[kp]          3.548s  begin fence "Kokkos::deep_copy: copy between contiguous views, post deep copy fence"
[kp]          3.548s  end   fence "Kokkos::deep_copy: copy between contiguous views, post deep copy fence"
[kp]          3.548s  end   deep_copy
[kp]          3.548s  alloc 1093.3 MB Cuda "particle:particles"
[kp]     3.549s  alloc       1093.3 MB  Host     live     2087.3 MB  "particle:particles_mirror"
[kp]     3.549s  dealloc      993.9 MB  Host     live     1093.3 MB  "particle:particles_mirror"
[kp]     3.635s  dealloc      993.9 MB  Cuda     live     1127.4 MB  "particle:particles"
[kp]     3.795s  alloc       1202.7 MB  Cuda     live     2330.1 MB  "particle:particles"
[kp]     3.796s  alloc       1202.7 MB  Host     live     2296.0 MB  "particle:particles_mirror"
[kp]     3.797s  dealloc     1093.3 MB  Host     live     1202.7 MB  "particle:particles_mirror"
[kp]     3.890s  dealloc     1093.3 MB  Cuda     live     1236.7 MB  "particle:particles"
[kp]     4.067s  alloc       1322.9 MB  Cuda     live     2559.7 MB  "particle:particles"
[kp]     4.068s  alloc       1322.9 MB  Host     live     2525.6 MB  "particle:particles_mirror"
[kp]     4.068s  dealloc     1202.7 MB  Host     live     1322.9 MB  "particle:particles_mirror"
[kp]     4.173s  dealloc     1202.7 MB  Cuda     live     1357.0 MB  "particle:particles"
[kp]     4.366s  alloc       1455.2 MB  Cuda     live     2812.2 MB  "particle:particles"
[kp]     4.367s  alloc       1455.2 MB  Host     live     2778.2 MB  "particle:particles_mirror"
[kp]     4.367s  dealloc     1322.9 MB  Host     live     1455.2 MB  "particle:particles_mirror"
[kp]     4.481s  dealloc     1322.9 MB  Cuda     live     1489.3 MB  "particle:particles"
[kp]     4.694s  alloc       1600.8 MB  Cuda     live     3090.0 MB  "particle:particles"
[kp]     4.695s  alloc       1600.8 MB  Host     live     3056.0 MB  "particle:particles_mirror"
[kp]     4.695s  dealloc     1455.2 MB  Host     live     1600.8 MB  "particle:particles_mirror"
[kp]     4.822s  dealloc     1455.2 MB  Cuda     live     1634.8 MB  "particle:particles"
[kp]     5.056s  alloc       1760.8 MB  Cuda     live     3395.6 MB  "particle:particles"
[kp] ==== device free 137.0 GB -> 135.8 GB, recent events:
[kp]          4.822s  dealloc 1455.2 MB Cuda "particle:particles"
[kp]          4.997s  deep_copy 1600.8 MB Cuda "particle:particles" <- Host "particle:particles_mirror"
[kp]          4.997s  begin fence "Kokkos::deep_copy: copy between contiguous views, pre view equality check"
[kp]          4.997s  end   fence "Kokkos::deep_copy: copy between contiguous views, pre view equality check"
[kp]          4.997s  begin fence "Kokkos::deep_copy: copy between contiguous views, pre view equality check"
[kp]          4.997s  end   fence "Kokkos::deep_copy: copy between contiguous views, pre view equality check"
[kp]          5.055s  begin fence "Kokkos::deep_copy: copy between contiguous views, post deep copy fence"
[kp]          5.055s  end   fence "Kokkos::deep_copy: copy between contiguous views, post deep copy fence"
[kp]          5.055s  begin fence "Kokkos::deep_copy: copy between contiguous views, post deep copy fence"
[kp]          5.055s  end   fence "Kokkos::deep_copy: copy between contiguous views, post deep copy fence"
[kp]          5.055s  end   deep_copy
[kp]          5.056s  alloc 1760.8 MB Cuda "particle:particles"
[kp]     5.057s  alloc       1760.8 MB  Host     live     3361.6 MB  "particle:particles_mirror"
[kp]     5.057s  dealloc     1600.8 MB  Host     live     1760.8 MB  "particle:particles_mirror"
[kp]     5.195s  dealloc     1600.8 MB  Cuda     live     1794.9 MB  "particle:particles"
[kp] ==== device free 135.8 GB -> 137.3 GB, recent events:
[kp]          5.059s  deep_copy 1760.8 MB Host "particle:particles_mirror" <- Cuda "particle:particles"
[kp]          5.059s  begin fence "Kokkos::deep_copy: copy between contiguous views, pre view equality check"
[kp]          5.059s  end   fence "Kokkos::deep_copy: copy between contiguous views, pre view equality check"
[kp]          5.059s  begin fence "Kokkos::deep_copy: copy between contiguous views, pre view equality check"
[kp]          5.059s  end   fence "Kokkos::deep_copy: copy between contiguous views, pre view equality check"
[kp]          5.195s  begin fence "Kokkos::deep_copy: copy between contiguous views, post deep copy fence"
[kp]          5.195s  end   fence "Kokkos::deep_copy: copy between contiguous views, post deep copy fence"
[kp]          5.195s  begin fence "Kokkos::deep_copy: copy between contiguous views, post deep copy fence"
[kp]          5.195s  end   fence "Kokkos::deep_copy: copy between contiguous views, post deep copy fence"
[kp]          5.195s  end   deep_copy
[kp]          5.195s  dealloc 1600.8 MB Cuda "particle:particles"
[kp]          5.387s  deep_copy 1760.8 MB Cuda "particle:particles" <- Host "particle:particles_mirror"
[kp]     5.452s  alloc       1936.9 MB  Cuda     live     3731.8 MB  "particle:particles"
[kp] ==== device free 137.3 GB -> 135.4 GB, recent events:
[kp]          5.195s  dealloc 1600.8 MB Cuda "particle:particles"
[kp]          5.387s  deep_copy 1760.8 MB Cuda "particle:particles" <- Host "particle:particles_mirror"
[kp]          5.387s  begin fence "Kokkos::deep_copy: copy between contiguous views, pre view equality check"
[kp]          5.387s  end   fence "Kokkos::deep_copy: copy between contiguous views, pre view equality check"
[kp]          5.387s  begin fence "Kokkos::deep_copy: copy between contiguous views, pre view equality check"
[kp]          5.387s  end   fence "Kokkos::deep_copy: copy between contiguous views, pre view equality check"
[kp]          5.451s  begin fence "Kokkos::deep_copy: copy between contiguous views, post deep copy fence"
[kp]          5.451s  end   fence "Kokkos::deep_copy: copy between contiguous views, post deep copy fence"
[kp]          5.451s  begin fence "Kokkos::deep_copy: copy between contiguous views, post deep copy fence"
[kp]          5.451s  end   fence "Kokkos::deep_copy: copy between contiguous views, post deep copy fence"
[kp]          5.451s  end   deep_copy
[kp]          5.452s  alloc 1936.9 MB Cuda "particle:particles"
[kp]     5.453s  alloc       1936.9 MB  Host     live     3697.7 MB  "particle:particles_mirror"
[kp]     5.453s  dealloc     1760.8 MB  Host     live     1936.9 MB  "particle:particles_mirror"
[kp]     5.605s  dealloc     1760.8 MB  Cuda     live     1971.0 MB  "particle:particles"
[kp] ==== device free 135.4 GB -> 137.2 GB, recent events:
[kp]          5.455s  deep_copy 1936.9 MB Host "particle:particles_mirror" <- Cuda "particle:particles"
[kp]          5.455s  begin fence "Kokkos::deep_copy: copy between contiguous views, pre view equality check"
[kp]          5.455s  end   fence "Kokkos::deep_copy: copy between contiguous views, pre view equality check"
[kp]          5.455s  begin fence "Kokkos::deep_copy: copy between contiguous views, pre view equality check"
[kp]          5.455s  end   fence "Kokkos::deep_copy: copy between contiguous views, pre view equality check"
[kp]          5.605s  begin fence "Kokkos::deep_copy: copy between contiguous views, post deep copy fence"
[kp]          5.605s  end   fence "Kokkos::deep_copy: copy between contiguous views, post deep copy fence"
[kp]          5.605s  begin fence "Kokkos::deep_copy: copy between contiguous views, post deep copy fence"
[kp]          5.605s  end   fence "Kokkos::deep_copy: copy between contiguous views, post deep copy fence"
[kp]          5.605s  end   deep_copy
[kp]          5.605s  dealloc 1760.8 MB Cuda "particle:particles"
[kp]          5.818s  deep_copy 1936.9 MB Cuda "particle:particles" <- Host "particle:particles_mirror"
[kp]     5.888s  alloc       2130.6 MB  Cuda     live     4101.6 MB  "particle:particles"
[kp] ==== device free 137.2 GB -> 135.1 GB, recent events:
[kp]          5.605s  dealloc 1760.8 MB Cuda "particle:particles"
[kp]          5.818s  deep_copy 1936.9 MB Cuda "particle:particles" <- Host "particle:particles_mirror"
[kp]          5.818s  begin fence "Kokkos::deep_copy: copy between contiguous views, pre view equality check"
[kp]          5.818s  end   fence "Kokkos::deep_copy: copy between contiguous views, pre view equality check"
[kp]          5.818s  begin fence "Kokkos::deep_copy: copy between contiguous views, pre view equality check"
[kp]          5.818s  end   fence "Kokkos::deep_copy: copy between contiguous views, pre view equality check"
[kp]          5.888s  begin fence "Kokkos::deep_copy: copy between contiguous views, post deep copy fence"
[kp]          5.888s  end   fence "Kokkos::deep_copy: copy between contiguous views, post deep copy fence"
[kp]          5.888s  begin fence "Kokkos::deep_copy: copy between contiguous views, post deep copy fence"
[kp]          5.888s  end   fence "Kokkos::deep_copy: copy between contiguous views, post deep copy fence"
[kp]          5.888s  end   deep_copy
[kp]          5.888s  alloc 2130.6 MB Cuda "particle:particles"
[kp]     5.890s  alloc       2130.6 MB  Host     live     4067.5 MB  "particle:particles_mirror"
[kp]     5.890s  dealloc     1936.9 MB  Host     live     2130.6 MB  "particle:particles_mirror"
[kp]     6.058s  dealloc     1936.9 MB  Cuda     live     2164.6 MB  "particle:particles"
[kp] ==== device free 135.1 GB -> 137.0 GB, recent events:
[kp]          5.892s  deep_copy 2130.6 MB Host "particle:particles_mirror" <- Cuda "particle:particles"
[kp]          5.892s  begin fence "Kokkos::deep_copy: copy between contiguous views, pre view equality check"
[kp]          5.892s  end   fence "Kokkos::deep_copy: copy between contiguous views, pre view equality check"
[kp]          5.892s  begin fence "Kokkos::deep_copy: copy between contiguous views, pre view equality check"
[kp]          5.892s  end   fence "Kokkos::deep_copy: copy between contiguous views, pre view equality check"
[kp]          6.058s  begin fence "Kokkos::deep_copy: copy between contiguous views, post deep copy fence"
[kp]          6.058s  end   fence "Kokkos::deep_copy: copy between contiguous views, post deep copy fence"
[kp]          6.058s  begin fence "Kokkos::deep_copy: copy between contiguous views, post deep copy fence"
[kp]          6.058s  end   fence "Kokkos::deep_copy: copy between contiguous views, post deep copy fence"
[kp]          6.058s  end   deep_copy
[kp]          6.058s  dealloc 1936.9 MB Cuda "particle:particles"
[kp]          6.291s  deep_copy 2130.6 MB Cuda "particle:particles" <- Host "particle:particles_mirror"
[kp]     6.368s  alloc       2343.7 MB  Cuda     live     4508.3 MB  "particle:particles"
[kp] ==== device free 137.0 GB -> 134.7 GB, recent events:
[kp]          6.058s  dealloc 1936.9 MB Cuda "particle:particles"
[kp]          6.291s  deep_copy 2130.6 MB Cuda "particle:particles" <- Host "particle:particles_mirror"
[kp]          6.291s  begin fence "Kokkos::deep_copy: copy between contiguous views, pre view equality check"
[kp]          6.291s  end   fence "Kokkos::deep_copy: copy between contiguous views, pre view equality check"
[kp]          6.291s  begin fence "Kokkos::deep_copy: copy between contiguous views, pre view equality check"
[kp]          6.291s  end   fence "Kokkos::deep_copy: copy between contiguous views, pre view equality check"
[kp]          6.367s  begin fence "Kokkos::deep_copy: copy between contiguous views, post deep copy fence"
[kp]          6.367s  end   fence "Kokkos::deep_copy: copy between contiguous views, post deep copy fence"
[kp]          6.367s  begin fence "Kokkos::deep_copy: copy between contiguous views, post deep copy fence"
[kp]          6.367s  end   fence "Kokkos::deep_copy: copy between contiguous views, post deep copy fence"
[kp]          6.367s  end   deep_copy
[kp]          6.368s  alloc 2343.7 MB Cuda "particle:particles"
[kp]     6.370s  alloc       2343.7 MB  Host     live     4474.3 MB  "particle:particles_mirror"
[kp]     6.370s  dealloc     2130.6 MB  Host     live     2343.7 MB  "particle:particles_mirror"
[kp]     6.554s  dealloc     2130.6 MB  Cuda     live     2377.7 MB  "particle:particles"
[kp] ==== device free 134.7 GB -> 136.8 GB, recent events:
[kp]          6.372s  deep_copy 2343.7 MB Host "particle:particles_mirror" <- Cuda "particle:particles"
[kp]          6.372s  begin fence "Kokkos::deep_copy: copy between contiguous views, pre view equality check"
[kp]          6.372s  end   fence "Kokkos::deep_copy: copy between contiguous views, pre view equality check"
[kp]          6.372s  begin fence "Kokkos::deep_copy: copy between contiguous views, pre view equality check"
[kp]          6.372s  end   fence "Kokkos::deep_copy: copy between contiguous views, pre view equality check"
[kp]          6.554s  begin fence "Kokkos::deep_copy: copy between contiguous views, post deep copy fence"
[kp]          6.554s  end   fence "Kokkos::deep_copy: copy between contiguous views, post deep copy fence"
[kp]          6.554s  begin fence "Kokkos::deep_copy: copy between contiguous views, post deep copy fence"
[kp]          6.554s  end   fence "Kokkos::deep_copy: copy between contiguous views, post deep copy fence"
[kp]          6.554s  end   deep_copy
[kp]          6.554s  dealloc 2130.6 MB Cuda "particle:particles"
[kp]          6.811s  deep_copy 2343.7 MB Cuda "particle:particles" <- Host "particle:particles_mirror"
[kp]     6.896s  alloc       2578.0 MB  Cuda     live     4955.7 MB  "particle:particles"
[kp] ==== device free 136.8 GB -> 134.2 GB, recent events:
[kp]          6.554s  dealloc 2130.6 MB Cuda "particle:particles"
[kp]          6.811s  deep_copy 2343.7 MB Cuda "particle:particles" <- Host "particle:particles_mirror"
[kp]          6.811s  begin fence "Kokkos::deep_copy: copy between contiguous views, pre view equality check"
[kp]          6.812s  end   fence "Kokkos::deep_copy: copy between contiguous views, pre view equality check"
[kp]          6.812s  begin fence "Kokkos::deep_copy: copy between contiguous views, pre view equality check"
[kp]          6.812s  end   fence "Kokkos::deep_copy: copy between contiguous views, pre view equality check"
[kp]          6.895s  begin fence "Kokkos::deep_copy: copy between contiguous views, post deep copy fence"
[kp]          6.896s  end   fence "Kokkos::deep_copy: copy between contiguous views, post deep copy fence"
[kp]          6.896s  begin fence "Kokkos::deep_copy: copy between contiguous views, post deep copy fence"
[kp]          6.896s  end   fence "Kokkos::deep_copy: copy between contiguous views, post deep copy fence"
[kp]          6.896s  end   deep_copy
[kp]          6.896s  alloc 2578.0 MB Cuda "particle:particles"
[kp]     6.898s  alloc       2578.0 MB  Host     live     4921.7 MB  "particle:particles_mirror"
[kp]     6.898s  dealloc     2343.7 MB  Host     live     2578.0 MB  "particle:particles_mirror"
[kp]     7.100s  dealloc     2343.7 MB  Cuda     live     2612.1 MB  "particle:particles"
[kp] ==== device free 134.2 GB -> 136.5 GB, recent events:
[kp]          6.900s  deep_copy 2578.0 MB Host "particle:particles_mirror" <- Cuda "particle:particles"
[kp]          6.900s  begin fence "Kokkos::deep_copy: copy between contiguous views, pre view equality check"
[kp]          6.900s  end   fence "Kokkos::deep_copy: copy between contiguous views, pre view equality check"
[kp]          6.900s  begin fence "Kokkos::deep_copy: copy between contiguous views, pre view equality check"
[kp]          6.900s  end   fence "Kokkos::deep_copy: copy between contiguous views, pre view equality check"
[kp]          7.100s  begin fence "Kokkos::deep_copy: copy between contiguous views, post deep copy fence"
[kp]          7.100s  end   fence "Kokkos::deep_copy: copy between contiguous views, post deep copy fence"
[kp]          7.100s  begin fence "Kokkos::deep_copy: copy between contiguous views, post deep copy fence"
[kp]          7.100s  end   fence "Kokkos::deep_copy: copy between contiguous views, post deep copy fence"
[kp]          7.100s  end   deep_copy
[kp]          7.100s  dealloc 2343.7 MB Cuda "particle:particles"
[kp]          7.382s  deep_copy 2578.0 MB Cuda "particle:particles" <- Host "particle:particles_mirror"
[kp]     7.474s  alloc       2835.8 MB  Cuda     live     5447.9 MB  "particle:particles"
[kp] ==== device free 136.5 GB -> 133.8 GB, recent events:
[kp]          7.100s  dealloc 2343.7 MB Cuda "particle:particles"
[kp]          7.382s  deep_copy 2578.0 MB Cuda "particle:particles" <- Host "particle:particles_mirror"
[kp]          7.382s  begin fence "Kokkos::deep_copy: copy between contiguous views, pre view equality check"
[kp]          7.382s  end   fence "Kokkos::deep_copy: copy between contiguous views, pre view equality check"
[kp]          7.382s  begin fence "Kokkos::deep_copy: copy between contiguous views, pre view equality check"
[kp]          7.382s  end   fence "Kokkos::deep_copy: copy between contiguous views, pre view equality check"
[kp]          7.474s  begin fence "Kokkos::deep_copy: copy between contiguous views, post deep copy fence"
[kp]          7.474s  end   fence "Kokkos::deep_copy: copy between contiguous views, post deep copy fence"
[kp]          7.474s  begin fence "Kokkos::deep_copy: copy between contiguous views, post deep copy fence"
[kp]          7.474s  end   fence "Kokkos::deep_copy: copy between contiguous views, post deep copy fence"
[kp]          7.474s  end   deep_copy
[kp]          7.475s  alloc 2835.8 MB Cuda "particle:particles"
[kp]     7.477s  alloc       2835.8 MB  Host     live     5413.9 MB  "particle:particles_mirror"
[kp]     7.477s  dealloc     2578.0 MB  Host     live     2835.8 MB  "particle:particles_mirror"
[kp]     7.699s  dealloc     2578.0 MB  Cuda     live     2869.9 MB  "particle:particles"
WARNING: Created unexpected # of particles: 29999752 versus 30000000 (/hpc/data/cfd-students/nnoventa/sparta/src/create_particles.cpp:445)
Created 29999752 particles
  CPU time = 6.85044 secs
[kp] ==== device free 133.8 GB -> 136.3 GB, recent events:
[kp]          7.479s  deep_copy 2835.8 MB Host "particle:particles_mirror" <- Cuda "particle:particles"
[kp]          7.479s  begin fence "Kokkos::deep_copy: copy between contiguous views, pre view equality check"
[kp]          7.479s  end   fence "Kokkos::deep_copy: copy between contiguous views, pre view equality check"
[kp]          7.479s  begin fence "Kokkos::deep_copy: copy between contiguous views, pre view equality check"
[kp]          7.479s  end   fence "Kokkos::deep_copy: copy between contiguous views, pre view equality check"
[kp]          7.699s  begin fence "Kokkos::deep_copy: copy between contiguous views, post deep copy fence"
[kp]          7.699s  end   fence "Kokkos::deep_copy: copy between contiguous views, post deep copy fence"
[kp]          7.699s  begin fence "Kokkos::deep_copy: copy between contiguous views, post deep copy fence"
[kp]          7.699s  end   fence "Kokkos::deep_copy: copy between contiguous views, post deep copy fence"
[kp]          7.699s  end   deep_copy
[kp]          7.699s  dealloc 2578.0 MB Cuda "particle:particles"
[kp]          7.914s  alloc 1.0 MB Cuda "Kokkos::UniqueToken<Cuda>::m_locks"
[kp]     8.269s  alloc        106.0 MB  Cuda     live     3232.6 MB  "grid:cells"
[kp]     8.269s  alloc        106.0 MB  Host     live     3197.5 MB  "grid:cells_mirror"
Memory usage per proc in Mbytes:
  particles (ave,min,max) = 5789.82 5789.82 5789.82
  grid      (ave,min,max) = 360.833 360.833 360.833
  surf      (ave,min,max) = 20.309 20.309 20.309
  modify    (ave,min,max) = 224.121 224.121 224.121
  total     (ave,min,max) = 6395.08 6395.08 6395.08
Step CPU T/CPU S/CPU Dt Np Natt Ncoll Nbound Nexit c_temp 
       0            0            0            0        3e-09 29999752        0        0        0        0    300.07997 
[kp]     8.877s  alloc        296.6 MB  Cuda     live     3631.2 MB  "particle:plist"
[kp]     8.879s  dealloc      296.6 MB  Cuda     live     3334.6 MB  "particle:plist"
[kp]     8.880s  alloc        431.8 MB  Cuda     live     3766.3 MB  "particle:plist"
[kp]     8.888s  alloc        118.2 MB  Cuda     live     3885.4 MB  "particle:mlist"
[kp] ==== device free 136.3 GB -> 135.3 GB, recent events:
[kp]          8.888s  alloc 0.0 MB Host "DualView::modified_flags"
[kp]          8.888s  begin fence "Kokkos::Tools::invoke_kokkosp_callback: Kokkos Profile Tool Fence"
[kp]          8.888s  end   fence "Kokkos::Tools::invoke_kokkosp_callback: Kokkos Profile Tool Fence"
[kp]          8.888s  begin fence "Kokkos::Tools::invoke_kokkosp_callback: Kokkos Profile Tool Fence"
[kp]          8.888s  end   fence "Kokkos::Tools::invoke_kokkosp_callback: Kokkos Profile Tool Fence"
[kp]          8.888s  begin for "Kokkos::View::initialization [DualView::modified_flags] via memset"
[kp]          8.888s  begin fence "Kokkos::Tools::invoke_kokkosp_callback: Kokkos Profile Tool Fence"
[kp]          8.888s  end   fence "Kokkos::Tools::invoke_kokkosp_callback: Kokkos Profile Tool Fence"
[kp]          8.888s  begin fence "Kokkos::Tools::invoke_kokkosp_callback: Kokkos Profile Tool Fence"
[kp]          8.888s  end   fence "Kokkos::Tools::invoke_kokkosp_callback: Kokkos Profile Tool Fence"
[kp]          8.888s  end   for "Kokkos::View::initialization [DualView::modified_flags] via memset"
[kp]          8.888s  alloc 118.2 MB Cuda "particle:mlist"
[kp]     8.888s  alloc        118.2 MB  Host     live     3378.7 MB  "particle:mlist_mirror"
[kp]     8.956s  alloc        431.8 MB  Cuda     live     4317.8 MB  "collide:nn_last_partner"
[kp]     8.957s  dealloc      431.8 MB  Cuda     live     3886.1 MB  "collide:nn_last_partner"
[kp]     9.013s  alloc        431.8 MB  Cuda     live     4317.9 MB  "collide:nn_last_partner"
[kp]     9.014s  dealloc      431.8 MB  Cuda     live     3886.1 MB  "collide:nn_last_partner"
[kp]     9.069s  dealloc      431.8 MB  Cuda     live     3454.3 MB  "particle:plist"
[kp]     9.071s  alloc        566.9 MB  Cuda     live     4021.2 MB  "particle:plist"
[kp]     9.073s  alloc        566.9 MB  Cuda     live     4588.1 MB  "collide:nn_last_partner"
[kp]     9.073s  dealloc      566.9 MB  Cuda     live     4021.2 MB  "collide:nn_last_partner"
[kp]     9.128s  alloc        566.9 MB  Cuda     live     4588.1 MB  "collide:nn_last_partner"
[kp]     9.129s  dealloc      566.9 MB  Cuda     live     4021.2 MB  "collide:nn_last_partner"
[kp]     9.185s  alloc        566.9 MB  Cuda     live     4588.1 MB  "collide:nn_last_partner"
[kp]     9.186s  dealloc      566.9 MB  Cuda     live     4021.2 MB  "collide:nn_last_partner"
[kp]     9.241s  alloc        566.9 MB  Cuda     live     4588.1 MB  "collide:nn_last_partner"
[kp]     9.242s  dealloc      566.9 MB  Cuda     live     4021.2 MB  "collide:nn_last_partner"
[kp]     9.298s  alloc        566.9 MB  Cuda     live     4588.1 MB  "collide:nn_last_partner"
[kp]     9.298s  dealloc      566.9 MB  Cuda     live     4021.2 MB  "collide:nn_last_partner"
[kp]     9.354s  alloc        566.9 MB  Cuda     live     4588.1 MB  "collide:nn_last_partner"
[kp]     9.354s  dealloc      566.9 MB  Cuda     live     4021.2 MB  "collide:nn_last_partner"
[kp]     9.410s  alloc        566.9 MB  Cuda     live     4588.1 MB  "collide:nn_last_partner"
[kp]     9.411s  dealloc      566.9 MB  Cuda     live     4021.2 MB  "collide:nn_last_partner"
[kp]     9.466s  alloc        566.9 MB  Cuda     live     4588.1 MB  "collide:nn_last_partner"
[kp]     9.467s  dealloc      566.9 MB  Cuda     live     4021.2 MB  "collide:nn_last_partner"
[kp]     9.522s  alloc        566.9 MB  Cuda     live     4588.1 MB  "collide:nn_last_partner"
[kp]     9.523s  dealloc      566.9 MB  Cuda     live     4021.2 MB  "collide:nn_last_partner"
[kp]     9.579s  alloc        566.9 MB  Cuda     live     4588.1 MB  "collide:nn_last_partner"
[kp]     9.579s  dealloc      566.9 MB  Cuda     live     4021.2 MB  "collide:nn_last_partner"
[kp]     9.635s  alloc        566.9 MB  Cuda     live     4588.1 MB  "collide:nn_last_partner"
[kp]     9.636s  dealloc      566.9 MB  Cuda     live     4021.3 MB  "collide:nn_last_partner"
[kp]     9.691s  alloc        566.9 MB  Cuda     live     4588.1 MB  "collide:nn_last_partner"
[kp]     9.692s  dealloc      566.9 MB  Cuda     live     4021.3 MB  "collide:nn_last_partner"
[kp]     9.747s  alloc        566.9 MB  Cuda     live     4588.2 MB  "collide:nn_last_partner"
[kp]     9.748s  dealloc      566.9 MB  Cuda     live     4021.3 MB  "collide:nn_last_partner"
[kp]     9.803s  alloc        566.9 MB  Cuda     live     4588.2 MB  "collide:nn_last_partner"
[kp]     9.804s  dealloc      566.9 MB  Cuda     live     4021.3 MB  "collide:nn_last_partner"
[kp]     9.859s  alloc        566.9 MB  Cuda     live     4588.2 MB  "collide:nn_last_partner"
[kp]     9.860s  dealloc      566.9 MB  Cuda     live     4021.3 MB  "collide:nn_last_partner"
[kp]     9.915s  alloc        566.9 MB  Cuda     live     4588.2 MB  "collide:nn_last_partner"
[kp]     9.916s  dealloc      566.9 MB  Cuda     live     4021.3 MB  "collide:nn_last_partner"
[kp]     9.972s  alloc        566.9 MB  Cuda     live     4588.2 MB  "collide:nn_last_partner"
[kp]     9.973s  dealloc      566.9 MB  Cuda     live     4021.3 MB  "collide:nn_last_partner"
[kp]    10.028s  alloc        566.9 MB  Cuda     live     4588.2 MB  "collide:nn_last_partner"
[kp]    10.029s  dealloc      566.9 MB  Cuda     live     4021.3 MB  "collide:nn_last_partner"
[kp]    10.084s  alloc        566.9 MB  Cuda     live     4588.2 MB  "collide:nn_last_partner"
[kp]    10.085s  dealloc      566.9 MB  Cuda     live     4021.3 MB  "collide:nn_last_partner"
[kp]    10.140s  alloc        566.9 MB  Cuda     live     4588.2 MB  "collide:nn_last_partner"
[kp]    10.141s  dealloc      566.9 MB  Cuda     live     4021.3 MB  "collide:nn_last_partner"
[kp]    10.196s  alloc        566.9 MB  Cuda     live     4588.2 MB  "collide:nn_last_partner"
[kp]    10.197s  dealloc      566.9 MB  Cuda     live     4021.3 MB  "collide:nn_last_partner"
[kp]    10.252s  alloc        566.9 MB  Cuda     live     4588.2 MB  "collide:nn_last_partner"
[kp]    10.253s  dealloc      566.9 MB  Cuda     live     4021.3 MB  "collide:nn_last_partner"
[kp]    10.309s  alloc        566.9 MB  Cuda     live     4588.2 MB  "collide:nn_last_partner"
[kp]    10.309s  dealloc      566.9 MB  Cuda     live     4021.3 MB  "collide:nn_last_partner"
[kp]    10.365s  alloc        566.9 MB  Cuda     live     4588.2 MB  "collide:nn_last_partner"
[kp]    10.365s  dealloc      566.9 MB  Cuda     live     4021.3 MB  "collide:nn_last_partner"
[kp]    10.421s  alloc        566.9 MB  Cuda     live     4588.2 MB  "collide:nn_last_partner"
[kp]    10.421s  dealloc      566.9 MB  Cuda     live     4021.3 MB  "collide:nn_last_partner"
[kp]    10.477s  alloc        566.9 MB  Cuda     live     4588.2 MB  "collide:nn_last_partner"
[kp]    10.477s  dealloc      566.9 MB  Cuda     live     4021.3 MB  "collide:nn_last_partner"
[kp]    10.532s  alloc        566.9 MB  Cuda     live     4588.2 MB  "collide:nn_last_partner"
[kp]    10.533s  dealloc      566.9 MB  Cuda     live     4021.3 MB  "collide:nn_last_partner"
[kp]    10.588s  alloc        566.9 MB  Cuda     live     4588.2 MB  "collide:nn_last_partner"
[kp]    10.589s  dealloc      566.9 MB  Cuda     live     4021.3 MB  "collide:nn_last_partner"
[kp]    10.645s  alloc        566.9 MB  Cuda     live     4588.2 MB  "collide:nn_last_partner"
[kp]    10.646s  dealloc      566.9 MB  Cuda     live     4021.3 MB  "collide:nn_last_partner"
[kp]    10.702s  alloc        566.9 MB  Cuda     live     4588.2 MB  "collide:nn_last_partner"
[kp]    10.702s  dealloc      566.9 MB  Cuda     live     4021.3 MB  "collide:nn_last_partner"
[kp]    10.757s  alloc        566.9 MB  Cuda     live     4588.2 MB  "collide:nn_last_partner"
[kp]    10.758s  dealloc      566.9 MB  Cuda     live     4021.3 MB  "collide:nn_last_partner"
[kp]    10.813s  alloc        566.9 MB  Cuda     live     4588.2 MB  "collide:nn_last_partner"
[kp]    10.814s  dealloc      566.9 MB  Cuda     live     4021.3 MB  "collide:nn_last_partner"
[kp]    10.869s  alloc        566.9 MB  Cuda     live     4588.2 MB  "collide:nn_last_partner"
[kp]    10.870s  dealloc      566.9 MB  Cuda     live     4021.3 MB  "collide:nn_last_partner"
[kp]    10.925s  alloc        566.9 MB  Cuda     live     4588.2 MB  "collide:nn_last_partner"
[kp]    10.926s  dealloc      566.9 MB  Cuda     live     4021.3 MB  "collide:nn_last_partner"
[kp]    10.981s  alloc        566.9 MB  Cuda     live     4588.2 MB  "collide:nn_last_partner"
[kp]    10.982s  dealloc      566.9 MB  Cuda     live     4021.3 MB  "collide:nn_last_partner"
[kp]    11.037s  alloc        566.9 MB  Cuda     live     4588.2 MB  "collide:nn_last_partner"
[kp]    11.038s  dealloc      566.9 MB  Cuda     live     4021.3 MB  "collide:nn_last_partner"
[kp]    11.094s  alloc        566.9 MB  Cuda     live     4588.2 MB  "collide:nn_last_partner"
[kp]    11.094s  dealloc      566.9 MB  Cuda     live     4021.3 MB  "collide:nn_last_partner"
[kp]    11.150s  alloc        566.9 MB  Cuda     live     4588.2 MB  "collide:nn_last_partner"
[kp]    11.151s  dealloc      566.9 MB  Cuda     live     4021.3 MB  "collide:nn_last_partner"
[kp]    11.206s  alloc        566.9 MB  Cuda     live     4588.2 MB  "collide:nn_last_partner"
[kp]    11.207s  dealloc      566.9 MB  Cuda     live     4021.3 MB  "collide:nn_last_partner"
[kp]    11.262s  alloc        566.9 MB  Cuda     live     4588.2 MB  "collide:nn_last_partner"
[kp]    11.263s  dealloc      566.9 MB  Cuda     live     4021.3 MB  "collide:nn_last_partner"
[kp]    11.318s  alloc        566.9 MB  Cuda     live     4588.2 MB  "collide:nn_last_partner"
[kp]    11.319s  dealloc      566.9 MB  Cuda     live     4021.3 MB  "collide:nn_last_partner"
[kp]    11.374s  alloc        566.9 MB  Cuda     live     4588.2 MB  "collide:nn_last_partner"
[kp]    11.375s  dealloc      566.9 MB  Cuda     live     4021.3 MB  "collide:nn_last_partner"
[kp]    11.430s  alloc        566.9 MB  Cuda     live     4588.2 MB  "collide:nn_last_partner"
[kp]    11.431s  dealloc      566.9 MB  Cuda     live     4021.3 MB  "collide:nn_last_partner"
[kp]    11.486s  alloc        566.9 MB  Cuda     live     4588.2 MB  "collide:nn_last_partner"
[kp]    11.486s  dealloc      566.9 MB  Cuda     live     4021.3 MB  "collide:nn_last_partner"
[kp]    11.541s  alloc        566.9 MB  Cuda     live     4588.2 MB  "collide:nn_last_partner"
[kp]    11.542s  dealloc      566.9 MB  Cuda     live     4021.3 MB  "collide:nn_last_partner"
[kp]    11.598s  alloc        566.9 MB  Cuda     live     4588.2 MB  "collide:nn_last_partner"
[kp]    11.599s  dealloc      566.9 MB  Cuda     live     4021.3 MB  "collide:nn_last_partner"
[kp]    11.654s  alloc        566.9 MB  Cuda     live     4588.2 MB  "collide:nn_last_partner"
[kp]    11.655s  dealloc      566.9 MB  Cuda     live     4021.3 MB  "collide:nn_last_partner"
[kp]    11.710s  alloc        566.9 MB  Cuda     live     4588.2 MB  "collide:nn_last_partner"
[kp]    11.710s  dealloc      566.9 MB  Cuda     live     4021.3 MB  "collide:nn_last_partner"
[kp]    11.766s  alloc        566.9 MB  Cuda     live     4588.2 MB  "collide:nn_last_partner"
[kp]    11.767s  dealloc      566.9 MB  Cuda     live     4021.3 MB  "collide:nn_last_partner"
[kp]    11.822s  alloc        566.9 MB  Cuda     live     4588.2 MB  "collide:nn_last_partner"
[kp]    11.823s  dealloc      566.9 MB  Cuda     live     4021.3 MB  "collide:nn_last_partner"
[kp]    11.878s  alloc        566.9 MB  Cuda     live     4588.2 MB  "collide:nn_last_partner"
[kp]    11.879s  dealloc      566.9 MB  Cuda     live     4021.3 MB  "collide:nn_last_partner"
[kp]    11.934s  alloc        566.9 MB  Cuda     live     4588.2 MB  "collide:nn_last_partner"
[kp]    11.935s  dealloc      566.9 MB  Cuda     live     4021.3 MB  "collide:nn_last_partner"
[kp]    11.990s  alloc        566.9 MB  Cuda     live     4588.2 MB  "collide:nn_last_partner"
[kp]    11.991s  dealloc      566.9 MB  Cuda     live     4021.3 MB  "collide:nn_last_partner"
[kp]    12.047s  alloc        566.9 MB  Cuda     live     4588.2 MB  "collide:nn_last_partner"
[kp]    12.048s  dealloc      566.9 MB  Cuda     live     4021.3 MB  "collide:nn_last_partner"
[kp]    12.103s  alloc        566.9 MB  Cuda     live     4588.2 MB  "collide:nn_last_partner"
[kp]    12.104s  dealloc      566.9 MB  Cuda     live     4021.3 MB  "collide:nn_last_partner"
[kp]    12.159s  alloc        566.9 MB  Cuda     live     4588.2 MB  "collide:nn_last_partner"
[kp]    12.159s  dealloc      566.9 MB  Cuda     live     4021.3 MB  "collide:nn_last_partner"
[kp]    12.215s  alloc        566.9 MB  Cuda     live     4588.2 MB  "collide:nn_last_partner"
[kp]    12.215s  dealloc      566.9 MB  Cuda     live     4021.3 MB  "collide:nn_last_partner"
[kp]    12.270s  alloc        566.9 MB  Cuda     live     4588.2 MB  "collide:nn_last_partner"
[kp]    12.271s  dealloc      566.9 MB  Cuda     live     4021.3 MB  "collide:nn_last_partner"
[kp]    12.326s  alloc        566.9 MB  Cuda     live     4588.2 MB  "collide:nn_last_partner"
[kp]    12.327s  dealloc      566.9 MB  Cuda     live     4021.3 MB  "collide:nn_last_partner"
[kp]    12.382s  alloc        566.9 MB  Cuda     live     4588.2 MB  "collide:nn_last_partner"
[kp]    12.383s  dealloc      566.9 MB  Cuda     live     4021.3 MB  "collide:nn_last_partner"
[kp]    12.438s  alloc        566.9 MB  Cuda     live     4588.2 MB  "collide:nn_last_partner"
[kp]    12.439s  dealloc      566.9 MB  Cuda     live     4021.3 MB  "collide:nn_last_partner"
[kp]    12.494s  alloc        566.9 MB  Cuda     live     4588.2 MB  "collide:nn_last_partner"
[kp]    12.495s  dealloc      566.9 MB  Cuda     live     4021.3 MB  "collide:nn_last_partner"
[kp]    12.550s  alloc        566.9 MB  Cuda     live     4588.2 MB  "collide:nn_last_partner"
[kp]    12.551s  dealloc      566.9 MB  Cuda     live     4021.3 MB  "collide:nn_last_partner"
[kp]    12.606s  alloc        566.9 MB  Cuda     live     4588.2 MB  "collide:nn_last_partner"
[kp]    12.606s  dealloc      566.9 MB  Cuda     live     4021.3 MB  "collide:nn_last_partner"
[kp]    12.661s  alloc        566.9 MB  Cuda     live     4588.2 MB  "collide:nn_last_partner"
[kp]    12.662s  dealloc      566.9 MB  Cuda     live     4021.3 MB  "collide:nn_last_partner"
[kp]    12.717s  alloc        566.9 MB  Cuda     live     4588.2 MB  "collide:nn_last_partner"
[kp]    12.718s  dealloc      566.9 MB  Cuda     live     4021.3 MB  "collide:nn_last_partner"
[kp]    12.773s  alloc        566.9 MB  Cuda     live     4588.2 MB  "collide:nn_last_partner"
[kp]    12.774s  dealloc      566.9 MB  Cuda     live     4021.3 MB  "collide:nn_last_partner"
[kp]    12.829s  alloc        566.9 MB  Cuda     live     4588.2 MB  "collide:nn_last_partner"
[kp]    12.830s  dealloc      566.9 MB  Cuda     live     4021.3 MB  "collide:nn_last_partner"
[kp]    12.885s  alloc        566.9 MB  Cuda     live     4588.2 MB  "collide:nn_last_partner"
[kp]    12.886s  dealloc      566.9 MB  Cuda     live     4021.3 MB  "collide:nn_last_partner"
[kp]    12.941s  alloc        566.9 MB  Cuda     live     4588.2 MB  "collide:nn_last_partner"
[kp]    12.942s  dealloc      566.9 MB  Cuda     live     4021.3 MB  "collide:nn_last_partner"
[kp]    12.997s  alloc        566.9 MB  Cuda     live     4588.2 MB  "collide:nn_last_partner"
[kp]    12.998s  dealloc      566.9 MB  Cuda     live     4021.3 MB  "collide:nn_last_partner"
[kp]    13.053s  alloc        566.9 MB  Cuda     live     4588.2 MB  "collide:nn_last_partner"
[kp]    13.054s  dealloc      566.9 MB  Cuda     live     4021.3 MB  "collide:nn_last_partner"
[kp]    13.109s  alloc        566.9 MB  Cuda     live     4588.2 MB  "collide:nn_last_partner"
[kp]    13.109s  dealloc      566.9 MB  Cuda     live     4021.3 MB  "collide:nn_last_partner"
[kp]    13.164s  alloc        566.9 MB  Cuda     live     4588.2 MB  "collide:nn_last_partner"
[kp]    13.165s  dealloc      566.9 MB  Cuda     live     4021.3 MB  "collide:nn_last_partner"
[kp]    13.220s  alloc        566.9 MB  Cuda     live     4588.2 MB  "collide:nn_last_partner"
[kp]    13.221s  dealloc      566.9 MB  Cuda     live     4021.3 MB  "collide:nn_last_partner"
[kp]    13.276s  alloc        566.9 MB  Cuda     live     4588.2 MB  "collide:nn_last_partner"
[kp]    13.277s  dealloc      566.9 MB  Cuda     live     4021.3 MB  "collide:nn_last_partner"
[kp]    13.332s  alloc        566.9 MB  Cuda     live     4588.2 MB  "collide:nn_last_partner"
[kp]    13.333s  dealloc      566.9 MB  Cuda     live     4021.3 MB  "collide:nn_last_partner"
[kp]    13.388s  alloc        566.9 MB  Cuda     live     4588.2 MB  "collide:nn_last_partner"
[kp]    13.389s  dealloc      566.9 MB  Cuda     live     4021.3 MB  "collide:nn_last_partner"
[kp]    13.444s  alloc        566.9 MB  Cuda     live     4588.2 MB  "collide:nn_last_partner"
[kp]    13.445s  dealloc      566.9 MB  Cuda     live     4021.3 MB  "collide:nn_last_partner"
[kp]    13.500s  alloc        566.9 MB  Cuda     live     4588.2 MB  "collide:nn_last_partner"
[kp]    13.501s  dealloc      566.9 MB  Cuda     live     4021.3 MB  "collide:nn_last_partner"
[kp]    13.556s  alloc        566.9 MB  Cuda     live     4588.2 MB  "collide:nn_last_partner"
[kp]    13.557s  dealloc      566.9 MB  Cuda     live     4021.3 MB  "collide:nn_last_partner"
[kp]    13.612s  alloc        566.9 MB  Cuda     live     4588.2 MB  "collide:nn_last_partner"
[kp]    13.612s  dealloc      566.9 MB  Cuda     live     4021.3 MB  "collide:nn_last_partner"
[kp]    13.667s  alloc        566.9 MB  Cuda     live     4588.2 MB  "collide:nn_last_partner"
[kp]    13.668s  dealloc      566.9 MB  Cuda     live     4021.3 MB  "collide:nn_last_partner"
[kp]    13.723s  alloc        566.9 MB  Cuda     live     4588.2 MB  "collide:nn_last_partner"
[kp]    13.724s  dealloc      566.9 MB  Cuda     live     4021.3 MB  "collide:nn_last_partner"
[kp]    13.779s  alloc        566.9 MB  Cuda     live     4588.2 MB  "collide:nn_last_partner"
[kp]    13.780s  dealloc      566.9 MB  Cuda     live     4021.3 MB  "collide:nn_last_partner"
[kp]    13.835s  alloc        566.9 MB  Cuda     live     4588.2 MB  "collide:nn_last_partner"
[kp]    13.836s  dealloc      566.9 MB  Cuda     live     4021.3 MB  "collide:nn_last_partner"
[kp]    13.891s  alloc        566.9 MB  Cuda     live     4588.2 MB  "collide:nn_last_partner"
[kp]    13.892s  dealloc      566.9 MB  Cuda     live     4021.3 MB  "collide:nn_last_partner"
[kp]    13.947s  alloc        566.9 MB  Cuda     live     4588.2 MB  "collide:nn_last_partner"
[kp]    13.947s  dealloc      566.9 MB  Cuda     live     4021.3 MB  "collide:nn_last_partner"
[kp]    14.003s  alloc        566.9 MB  Cuda     live     4588.2 MB  "collide:nn_last_partner"
[kp]    14.004s  dealloc      566.9 MB  Cuda     live     4021.3 MB  "collide:nn_last_partner"
[kp]    14.059s  alloc        566.9 MB  Cuda     live     4588.2 MB  "collide:nn_last_partner"
[kp]    14.060s  dealloc      566.9 MB  Cuda     live     4021.3 MB  "collide:nn_last_partner"
[kp]    14.115s  alloc        566.9 MB  Cuda     live     4588.2 MB  "collide:nn_last_partner"
[kp]    14.115s  dealloc      566.9 MB  Cuda     live     4021.3 MB  "collide:nn_last_partner"
[kp]    14.170s  alloc        566.9 MB  Cuda     live     4588.2 MB  "collide:nn_last_partner"
[kp]    14.171s  dealloc      566.9 MB  Cuda     live     4021.3 MB  "collide:nn_last_partner"
[kp]    14.226s  alloc        566.9 MB  Cuda     live     4588.2 MB  "collide:nn_last_partner"
[kp]    14.227s  dealloc      566.9 MB  Cuda     live     4021.3 MB  "collide:nn_last_partner"
[kp]    14.282s  alloc        566.9 MB  Cuda     live     4588.2 MB  "collide:nn_last_partner"
[kp]    14.283s  dealloc      566.9 MB  Cuda     live     4021.3 MB  "collide:nn_last_partner"
[kp]    14.338s  alloc        566.9 MB  Cuda     live     4588.2 MB  "collide:nn_last_partner"
[kp]    14.339s  dealloc      566.9 MB  Cuda     live     4021.3 MB  "collide:nn_last_partner"
[kp]    14.394s  alloc        566.9 MB  Cuda     live     4588.2 MB  "collide:nn_last_partner"
[kp]    14.394s  dealloc      566.9 MB  Cuda     live     4021.3 MB  "collide:nn_last_partner"
[kp]    14.449s  alloc        566.9 MB  Cuda     live     4588.2 MB  "collide:nn_last_partner"
[kp]    14.450s  dealloc      566.9 MB  Cuda     live     4021.3 MB  "collide:nn_last_partner"
[kp]    14.505s  alloc        566.9 MB  Cuda     live     4588.2 MB  "collide:nn_last_partner"
[kp]    14.506s  dealloc      566.9 MB  Cuda     live     4021.3 MB  "collide:nn_last_partner"
     100    5.7423067 5.2243805e-08    17.414598        3e-09 29935109    94580    59773        0        0    298.98161 
[kp]    14.673s  alloc        566.9 MB  Cuda     live     4588.2 MB  "collide:nn_last_partner"
[kp]    14.674s  dealloc      566.9 MB  Cuda     live     4021.3 MB  "collide:nn_last_partner"
[kp]    14.729s  alloc        566.9 MB  Cuda     live     4588.2 MB  "collide:nn_last_partner"
[kp]    14.730s  dealloc      566.9 MB  Cuda     live     4021.3 MB  "collide:nn_last_partner"
[kp]    14.785s  alloc        566.9 MB  Cuda     live     4588.2 MB  "collide:nn_last_partner"
[kp]    14.786s  dealloc      566.9 MB  Cuda     live     4021.3 MB  "collide:nn_last_partner"
[kp]    14.841s  alloc        566.9 MB  Cuda     live     4588.2 MB  "collide:nn_last_partner"
[kp]    14.842s  dealloc      566.9 MB  Cuda     live     4021.3 MB  "collide:nn_last_partner"
[kp]    14.897s  alloc        566.9 MB  Cuda     live     4588.2 MB  "collide:nn_last_partner"
[kp]    14.897s  dealloc      566.9 MB  Cuda     live     4021.3 MB  "collide:nn_last_partner"
[kp]    14.952s  alloc        566.9 MB  Cuda     live     4588.2 MB  "collide:nn_last_partner"
[kp]    14.953s  dealloc      566.9 MB  Cuda     live     4021.3 MB  "collide:nn_last_partner"
[kp]    15.008s  alloc        566.9 MB  Cuda     live     4588.2 MB  "collide:nn_last_partner"
[kp]    15.009s  dealloc      566.9 MB  Cuda     live     4021.3 MB  "collide:nn_last_partner"
[kp]    15.065s  alloc        566.9 MB  Cuda     live     4588.2 MB  "collide:nn_last_partner"
[kp]    15.065s  dealloc      566.9 MB  Cuda     live     4021.3 MB  "collide:nn_last_partner"
[kp]    15.120s  alloc        566.9 MB  Cuda     live     4588.2 MB  "collide:nn_last_partner"
[kp]    15.121s  dealloc      566.9 MB  Cuda     live     4021.3 MB  "collide:nn_last_partner"
[kp]    15.177s  alloc        566.9 MB  Cuda     live     4588.2 MB  "collide:nn_last_partner"
[kp]    15.177s  dealloc      566.9 MB  Cuda     live     4021.3 MB  "collide:nn_last_partner"
[kp]    15.232s  alloc        566.9 MB  Cuda     live     4588.2 MB  "collide:nn_last_partner"
[kp]    15.233s  dealloc      566.9 MB  Cuda     live     4021.3 MB  "collide:nn_last_partner"
[kp]    15.288s  alloc        566.9 MB  Cuda     live     4588.2 MB  "collide:nn_last_partner"
[kp]    15.289s  dealloc      566.9 MB  Cuda     live     4021.3 MB  "collide:nn_last_partner"
[kp]    15.344s  alloc        566.9 MB  Cuda     live     4588.2 MB  "collide:nn_last_partner"
[kp]    15.345s  dealloc      566.9 MB  Cuda     live     4021.3 MB  "collide:nn_last_partner"
[kp]    15.400s  alloc        566.9 MB  Cuda     live     4588.2 MB  "collide:nn_last_partner"
[kp]    15.401s  dealloc      566.9 MB  Cuda     live     4021.3 MB  "collide:nn_last_partner"
[kp]    15.456s  alloc        566.9 MB  Cuda     live     4588.2 MB  "collide:nn_last_partner"
[kp]    15.456s  dealloc      566.9 MB  Cuda     live     4021.3 MB  "collide:nn_last_partner"
[kp]    15.511s  alloc        566.9 MB  Cuda     live     4588.2 MB  "collide:nn_last_partner"
[kp]    15.512s  dealloc      566.9 MB  Cuda     live     4021.3 MB  "collide:nn_last_partner"
[kp]    15.567s  alloc        566.9 MB  Cuda     live     4588.2 MB  "collide:nn_last_partner"
[kp]    15.568s  dealloc      566.9 MB  Cuda     live     4021.3 MB  "collide:nn_last_partner"
[kp]    15.623s  alloc        566.9 MB  Cuda     live     4588.2 MB  "collide:nn_last_partner"
[kp]    15.624s  dealloc      566.9 MB  Cuda     live     4021.3 MB  "collide:nn_last_partner"
[kp]    15.679s  alloc        566.9 MB  Cuda     live     4588.2 MB  "collide:nn_last_partner"
[kp]    15.680s  dealloc      566.9 MB  Cuda     live     4021.3 MB  "collide:nn_last_partner"
[kp]    15.735s  alloc        566.9 MB  Cuda     live     4588.2 MB  "collide:nn_last_partner"
[kp]    15.735s  dealloc      566.9 MB  Cuda     live     4021.3 MB  "collide:nn_last_partner"
[kp]    15.790s  alloc        566.9 MB  Cuda     live     4588.2 MB  "collide:nn_last_partner"
[kp]    15.791s  dealloc      566.9 MB  Cuda     live     4021.3 MB  "collide:nn_last_partner"
[kp]    15.846s  alloc        566.9 MB  Cuda     live     4588.2 MB  "collide:nn_last_partner"
[kp]    15.847s  dealloc      566.9 MB  Cuda     live     4021.3 MB  "collide:nn_last_partner"
[kp]    15.902s  alloc        566.9 MB  Cuda     live     4588.2 MB  "collide:nn_last_partner"
[kp]    15.903s  dealloc      566.9 MB  Cuda     live     4021.3 MB  "collide:nn_last_partner"
[kp]    15.958s  alloc        566.9 MB  Cuda     live     4588.2 MB  "collide:nn_last_partner"
[kp]    15.958s  dealloc      566.9 MB  Cuda     live     4021.3 MB  "collide:nn_last_partner"
[kp]    16.013s  alloc        566.9 MB  Cuda     live     4588.2 MB  "collide:nn_last_partner"
[kp]    16.014s  dealloc      566.9 MB  Cuda     live     4021.3 MB  "collide:nn_last_partner"
[kp]    16.069s  alloc        566.9 MB  Cuda     live     4588.2 MB  "collide:nn_last_partner"
[kp]    16.070s  dealloc      566.9 MB  Cuda     live     4021.3 MB  "collide:nn_last_partner"
[kp]    16.125s  alloc        566.9 MB  Cuda     live     4588.2 MB  "collide:nn_last_partner"
[kp]    16.126s  dealloc      566.9 MB  Cuda     live     4021.3 MB  "collide:nn_last_partner"
[kp]    16.181s  alloc        566.9 MB  Cuda     live     4588.2 MB  "collide:nn_last_partner"
[kp]    16.182s  dealloc      566.9 MB  Cuda     live     4021.3 MB  "collide:nn_last_partner"
[kp]    16.237s  alloc        566.9 MB  Cuda     live     4588.2 MB  "collide:nn_last_partner"
[kp]    16.237s  dealloc      566.9 MB  Cuda     live     4021.3 MB  "collide:nn_last_partner"
[kp]    16.292s  alloc        566.9 MB  Cuda     live     4588.2 MB  "collide:nn_last_partner"
[kp]    16.293s  dealloc      566.9 MB  Cuda     live     4021.3 MB  "collide:nn_last_partner"
[kp]    16.348s  alloc        566.9 MB  Cuda     live     4588.2 MB  "collide:nn_last_partner"
[kp]    16.349s  dealloc      566.9 MB  Cuda     live     4021.3 MB  "collide:nn_last_partner"
[kp]    16.404s  alloc        566.9 MB  Cuda     live     4588.2 MB  "collide:nn_last_partner"
[kp]    16.405s  dealloc      566.9 MB  Cuda     live     4021.3 MB  "collide:nn_last_partner"
[kp]    16.460s  alloc        566.9 MB  Cuda     live     4588.2 MB  "collide:nn_last_partner"
[kp]    16.461s  dealloc      566.9 MB  Cuda     live     4021.3 MB  "collide:nn_last_partner"
[kp]    16.515s  alloc        566.9 MB  Cuda     live     4588.2 MB  "collide:nn_last_partner"
[kp]    16.516s  dealloc      566.9 MB  Cuda     live     4021.3 MB  "collide:nn_last_partner"
[kp]    16.571s  alloc        566.9 MB  Cuda     live     4588.2 MB  "collide:nn_last_partner"
[kp]    16.572s  dealloc      566.9 MB  Cuda     live     4021.3 MB  "collide:nn_last_partner"
[kp]    16.627s  alloc        566.9 MB  Cuda     live     4588.2 MB  "collide:nn_last_partner"
[kp]    16.628s  dealloc      566.9 MB  Cuda     live     4021.3 MB  "collide:nn_last_partner"
[kp]    16.683s  alloc        566.9 MB  Cuda     live     4588.2 MB  "collide:nn_last_partner"
[kp]    16.684s  dealloc      566.9 MB  Cuda     live     4021.3 MB  "collide:nn_last_partner"
[kp]    16.738s  alloc        566.9 MB  Cuda     live     4588.2 MB  "collide:nn_last_partner"
[kp]    16.739s  dealloc      566.9 MB  Cuda     live     4021.3 MB  "collide:nn_last_partner"
[kp]    16.794s  alloc        566.9 MB  Cuda     live     4588.2 MB  "collide:nn_last_partner"
[kp]    16.795s  dealloc      566.9 MB  Cuda     live     4021.3 MB  "collide:nn_last_partner"
[kp]    16.850s  alloc        566.9 MB  Cuda     live     4588.2 MB  "collide:nn_last_partner"
[kp]    16.851s  dealloc      566.9 MB  Cuda     live     4021.3 MB  "collide:nn_last_partner"
[kp]    16.906s  alloc        566.9 MB  Cuda     live     4588.2 MB  "collide:nn_last_partner"
[kp]    16.907s  dealloc      566.9 MB  Cuda     live     4021.3 MB  "collide:nn_last_partner"
[kp]    16.962s  alloc        566.9 MB  Cuda     live     4588.2 MB  "collide:nn_last_partner"
[kp]    16.962s  dealloc      566.9 MB  Cuda     live     4021.3 MB  "collide:nn_last_partner"
[kp]    17.017s  alloc        566.9 MB  Cuda     live     4588.2 MB  "collide:nn_last_partner"
[kp]    17.018s  dealloc      566.9 MB  Cuda     live     4021.3 MB  "collide:nn_last_partner"
[kp]    17.073s  alloc        566.9 MB  Cuda     live     4588.2 MB  "collide:nn_last_partner"
[kp]    17.074s  dealloc      566.9 MB  Cuda     live     4021.3 MB  "collide:nn_last_partner"
[kp]    17.129s  alloc        566.9 MB  Cuda     live     4588.2 MB  "collide:nn_last_partner"
[kp]    17.130s  dealloc      566.9 MB  Cuda     live     4021.3 MB  "collide:nn_last_partner"
[kp]    17.184s  alloc        566.9 MB  Cuda     live     4588.2 MB  "collide:nn_last_partner"
[kp]    17.185s  dealloc      566.9 MB  Cuda     live     4021.3 MB  "collide:nn_last_partner"
[kp]    17.240s  alloc        566.9 MB  Cuda     live     4588.2 MB  "collide:nn_last_partner"
[kp]    17.241s  dealloc      566.9 MB  Cuda     live     4021.3 MB  "collide:nn_last_partner"
[kp]    17.296s  alloc        566.9 MB  Cuda     live     4588.2 MB  "collide:nn_last_partner"
[kp]    17.297s  dealloc      566.9 MB  Cuda     live     4021.3 MB  "collide:nn_last_partner"
[kp]    17.352s  alloc        566.9 MB  Cuda     live     4588.2 MB  "collide:nn_last_partner"
[kp]    17.352s  dealloc      566.9 MB  Cuda     live     4021.3 MB  "collide:nn_last_partner"
[kp]    17.407s  alloc        566.9 MB  Cuda     live     4588.2 MB  "collide:nn_last_partner"
[kp]    17.408s  dealloc      566.9 MB  Cuda     live     4021.3 MB  "collide:nn_last_partner"
[kp]    17.463s  alloc        566.9 MB  Cuda     live     4588.2 MB  "collide:nn_last_partner"
[kp]    17.464s  dealloc      566.9 MB  Cuda     live     4021.3 MB  "collide:nn_last_partner"
[kp]    17.519s  alloc        566.9 MB  Cuda     live     4588.2 MB  "collide:nn_last_partner"
[kp]    17.520s  dealloc      566.9 MB  Cuda     live     4021.3 MB  "collide:nn_last_partner"
[kp]    17.575s  alloc        566.9 MB  Cuda     live     4588.2 MB  "collide:nn_last_partner"
[kp]    17.575s  dealloc      566.9 MB  Cuda     live     4021.3 MB  "collide:nn_last_partner"
[kp]    17.631s  alloc        566.9 MB  Cuda     live     4588.2 MB  "collide:nn_last_partner"
[kp]    17.632s  dealloc      566.9 MB  Cuda     live     4021.3 MB  "collide:nn_last_partner"
[kp]    17.687s  alloc        566.9 MB  Cuda     live     4588.2 MB  "collide:nn_last_partner"
[kp]    17.688s  dealloc      566.9 MB  Cuda     live     4021.3 MB  "collide:nn_last_partner"
[kp]    17.742s  alloc        566.9 MB  Cuda     live     4588.2 MB  "collide:nn_last_partner"
[kp]    17.743s  dealloc      566.9 MB  Cuda     live     4021.3 MB  "collide:nn_last_partner"
[kp]    17.798s  alloc        566.9 MB  Cuda     live     4588.2 MB  "collide:nn_last_partner"
[kp]    17.799s  dealloc      566.9 MB  Cuda     live     4021.3 MB  "collide:nn_last_partner"
[kp]    17.854s  alloc        566.9 MB  Cuda     live     4588.2 MB  "collide:nn_last_partner"
[kp]    17.855s  dealloc      566.9 MB  Cuda     live     4021.3 MB  "collide:nn_last_partner"
[kp]    17.910s  alloc        566.9 MB  Cuda     live     4588.2 MB  "collide:nn_last_partner"
[kp]    17.910s  dealloc      566.9 MB  Cuda     live     4021.3 MB  "collide:nn_last_partner"
[kp]    17.965s  alloc        566.9 MB  Cuda     live     4588.2 MB  "collide:nn_last_partner"
[kp]    17.966s  dealloc      566.9 MB  Cuda     live     4021.3 MB  "collide:nn_last_partner"
[kp]    18.021s  alloc        566.9 MB  Cuda     live     4588.2 MB  "collide:nn_last_partner"
[kp]    18.022s  dealloc      566.9 MB  Cuda     live     4021.3 MB  "collide:nn_last_partner"
[kp]    18.077s  alloc        566.9 MB  Cuda     live     4588.2 MB  "collide:nn_last_partner"
[kp]    18.077s  dealloc      566.9 MB  Cuda     live     4021.3 MB  "collide:nn_last_partner"
[kp]    18.132s  alloc        566.9 MB  Cuda     live     4588.2 MB  "collide:nn_last_partner"
[kp]    18.133s  dealloc      566.9 MB  Cuda     live     4021.3 MB  "collide:nn_last_partner"
[kp]    18.188s  alloc        566.9 MB  Cuda     live     4588.2 MB  "collide:nn_last_partner"
[kp]    18.189s  dealloc      566.9 MB  Cuda     live     4021.3 MB  "collide:nn_last_partner"
[kp]    18.244s  alloc        566.9 MB  Cuda     live     4588.2 MB  "collide:nn_last_partner"
[kp]    18.245s  dealloc      566.9 MB  Cuda     live     4021.3 MB  "collide:nn_last_partner"
[kp]    18.301s  alloc        566.9 MB  Cuda     live     4588.2 MB  "collide:nn_last_partner"
[kp]    18.302s  dealloc      566.9 MB  Cuda     live     4021.3 MB  "collide:nn_last_partner"
[kp]    18.357s  alloc        566.9 MB  Cuda     live     4588.2 MB  "collide:nn_last_partner"
[kp]    18.357s  dealloc      566.9 MB  Cuda     live     4021.3 MB  "collide:nn_last_partner"
[kp]    18.412s  alloc        566.9 MB  Cuda     live     4588.2 MB  "collide:nn_last_partner"
[kp]    18.413s  dealloc      566.9 MB  Cuda     live     4021.3 MB  "collide:nn_last_partner"
[kp]    18.468s  alloc        566.9 MB  Cuda     live     4588.2 MB  "collide:nn_last_partner"
[kp]    18.469s  dealloc      566.9 MB  Cuda     live     4021.3 MB  "collide:nn_last_partner"
[kp]    18.524s  alloc        566.9 MB  Cuda     live     4588.2 MB  "collide:nn_last_partner"
[kp]    18.525s  dealloc      566.9 MB  Cuda     live     4021.3 MB  "collide:nn_last_partner"
[kp]    18.580s  alloc        566.9 MB  Cuda     live     4588.2 MB  "collide:nn_last_partner"
[kp]    18.580s  dealloc      566.9 MB  Cuda     live     4021.3 MB  "collide:nn_last_partner"
[kp]    18.635s  alloc        566.9 MB  Cuda     live     4588.2 MB  "collide:nn_last_partner"
[kp]    18.636s  dealloc      566.9 MB  Cuda     live     4021.3 MB  "collide:nn_last_partner"
[kp]    18.691s  alloc        566.9 MB  Cuda     live     4588.2 MB  "collide:nn_last_partner"
[kp]    18.692s  dealloc      566.9 MB  Cuda     live     4021.3 MB  "collide:nn_last_partner"
[kp]    18.747s  alloc        566.9 MB  Cuda     live     4588.2 MB  "collide:nn_last_partner"
[kp]    18.747s  dealloc      566.9 MB  Cuda     live     4021.3 MB  "collide:nn_last_partner"
[kp]    18.802s  alloc        566.9 MB  Cuda     live     4588.2 MB  "collide:nn_last_partner"
[kp]    18.803s  dealloc      566.9 MB  Cuda     live     4021.3 MB  "collide:nn_last_partner"
[kp]    18.858s  alloc        566.9 MB  Cuda     live     4588.2 MB  "collide:nn_last_partner"
[kp]    18.859s  dealloc      566.9 MB  Cuda     live     4021.3 MB  "collide:nn_last_partner"
[kp]    18.914s  alloc        566.9 MB  Cuda     live     4588.2 MB  "collide:nn_last_partner"
[kp]    18.915s  dealloc      566.9 MB  Cuda     live     4021.3 MB  "collide:nn_last_partner"
[kp]    18.969s  alloc        566.9 MB  Cuda     live     4588.2 MB  "collide:nn_last_partner"
[kp]    18.970s  dealloc      566.9 MB  Cuda     live     4021.3 MB  "collide:nn_last_partner"
[kp]    19.025s  alloc        566.9 MB  Cuda     live     4588.2 MB  "collide:nn_last_partner"
[kp]    19.026s  dealloc      566.9 MB  Cuda     live     4021.3 MB  "collide:nn_last_partner"
[kp]    19.081s  alloc        566.9 MB  Cuda     live     4588.2 MB  "collide:nn_last_partner"
[kp]    19.082s  dealloc      566.9 MB  Cuda     live     4021.3 MB  "collide:nn_last_partner"
[kp]    19.137s  alloc        566.9 MB  Cuda     live     4588.2 MB  "collide:nn_last_partner"
[kp]    19.137s  dealloc      566.9 MB  Cuda     live     4021.3 MB  "collide:nn_last_partner"
[kp]    19.192s  alloc        566.9 MB  Cuda     live     4588.2 MB  "collide:nn_last_partner"
[kp]    19.193s  dealloc      566.9 MB  Cuda     live     4021.3 MB  "collide:nn_last_partner"
[kp]    19.248s  alloc        566.9 MB  Cuda     live     4588.2 MB  "collide:nn_last_partner"
[kp]    19.249s  dealloc      566.9 MB  Cuda     live     4021.3 MB  "collide:nn_last_partner"
[kp]    19.304s  alloc        566.9 MB  Cuda     live     4588.2 MB  "collide:nn_last_partner"
[kp]    19.304s  dealloc      566.9 MB  Cuda     live     4021.3 MB  "collide:nn_last_partner"
[kp]    19.359s  alloc        566.9 MB  Cuda     live     4588.2 MB  "collide:nn_last_partner"
[kp]    19.360s  dealloc      566.9 MB  Cuda     live     4021.3 MB  "collide:nn_last_partner"
[kp]    19.415s  alloc        566.9 MB  Cuda     live     4588.2 MB  "collide:nn_last_partner"
[kp]    19.416s  dealloc      566.9 MB  Cuda     live     4021.3 MB  "collide:nn_last_partner"
[kp]    19.471s  alloc        566.9 MB  Cuda     live     4588.2 MB  "collide:nn_last_partner"
[kp]    19.472s  dealloc      566.9 MB  Cuda     live     4021.3 MB  "collide:nn_last_partner"
[kp]    19.527s  alloc        566.9 MB  Cuda     live     4588.2 MB  "collide:nn_last_partner"
[kp]    19.527s  dealloc      566.9 MB  Cuda     live     4021.3 MB  "collide:nn_last_partner"
[kp]    19.582s  alloc        566.9 MB  Cuda     live     4588.2 MB  "collide:nn_last_partner"
[kp]    19.583s  dealloc      566.9 MB  Cuda     live     4021.3 MB  "collide:nn_last_partner"
[kp]    19.638s  alloc        566.9 MB  Cuda     live     4588.2 MB  "collide:nn_last_partner"
[kp]    19.639s  dealloc      566.9 MB  Cuda     live     4021.3 MB  "collide:nn_last_partner"
[kp]    19.694s  alloc        566.9 MB  Cuda     live     4588.2 MB  "collide:nn_last_partner"
[kp]    19.694s  dealloc      566.9 MB  Cuda     live     4021.3 MB  "collide:nn_last_partner"
[kp]    19.749s  alloc        566.9 MB  Cuda     live     4588.2 MB  "collide:nn_last_partner"
[kp]    19.750s  dealloc      566.9 MB  Cuda     live     4021.3 MB  "collide:nn_last_partner"
[kp]    19.805s  alloc        566.9 MB  Cuda     live     4588.2 MB  "collide:nn_last_partner"
[kp]    19.806s  dealloc      566.9 MB  Cuda     live     4021.3 MB  "collide:nn_last_partner"
[kp]    19.861s  alloc        566.9 MB  Cuda     live     4588.2 MB  "collide:nn_last_partner"
[kp]    19.861s  dealloc      566.9 MB  Cuda     live     4021.3 MB  "collide:nn_last_partner"
[kp]    19.916s  alloc        566.9 MB  Cuda     live     4588.2 MB  "collide:nn_last_partner"
[kp]    19.917s  dealloc      566.9 MB  Cuda     live     4021.3 MB  "collide:nn_last_partner"
[kp]    19.972s  alloc        566.9 MB  Cuda     live     4588.2 MB  "collide:nn_last_partner"
[kp]    19.973s  dealloc      566.9 MB  Cuda     live     4021.3 MB  "collide:nn_last_partner"
[kp]    20.028s  alloc        566.9 MB  Cuda     live     4588.2 MB  "collide:nn_last_partner"
[kp]    20.028s  dealloc      566.9 MB  Cuda     live     4021.3 MB  "collide:nn_last_partner"
[kp]    20.083s  alloc        566.9 MB  Cuda     live     4588.2 MB  "collide:nn_last_partner"
[kp]    20.084s  dealloc      566.9 MB  Cuda     live     4021.3 MB  "collide:nn_last_partner"
[kp]    20.139s  alloc        566.9 MB  Cuda     live     4588.2 MB  "collide:nn_last_partner"
[kp]    20.140s  dealloc      566.9 MB  Cuda     live     4021.3 MB  "collide:nn_last_partner"
[kp]    20.195s  alloc        566.9 MB  Cuda     live     4588.2 MB  "collide:nn_last_partner"
[kp]    20.196s  dealloc      566.9 MB  Cuda     live     4021.3 MB  "collide:nn_last_partner"
     200    11.432249 5.272461e-08    17.574872        3e-09 29856373    99890    59564        0        0      298.123 
[kp]    20.363s  alloc        566.9 MB  Cuda     live     4588.2 MB  "collide:nn_last_partner"
[kp]    20.364s  dealloc      566.9 MB  Cuda     live     4021.3 MB  "collide:nn_last_partner"
[kp]    20.419s  alloc        566.9 MB  Cuda     live     4588.2 MB  "collide:nn_last_partner"
[kp]    20.420s  dealloc      566.9 MB  Cuda     live     4021.3 MB  "collide:nn_last_partner"
[kp]    20.475s  alloc        566.9 MB  Cuda     live     4588.2 MB  "collide:nn_last_partner"
[kp]    20.475s  dealloc      566.9 MB  Cuda     live     4021.3 MB  "collide:nn_last_partner"
[kp]    20.531s  alloc        566.9 MB  Cuda     live     4588.2 MB  "collide:nn_last_partner"
[kp]    20.532s  dealloc      566.9 MB  Cuda     live     4021.3 MB  "collide:nn_last_partner"
[kp]    20.587s  alloc        566.9 MB  Cuda     live     4588.2 MB  "collide:nn_last_partner"
[kp]    20.587s  dealloc      566.9 MB  Cuda     live     4021.3 MB  "collide:nn_last_partner"
[kp]    20.642s  alloc        566.9 MB  Cuda     live     4588.2 MB  "collide:nn_last_partner"
[kp]    20.643s  dealloc      566.9 MB  Cuda     live     4021.3 MB  "collide:nn_last_partner"
[kp]    20.698s  alloc        566.9 MB  Cuda     live     4588.2 MB  "collide:nn_last_partner"
[kp]    20.699s  dealloc      566.9 MB  Cuda     live     4021.3 MB  "collide:nn_last_partner"
[kp]    20.754s  alloc        566.9 MB  Cuda     live     4588.2 MB  "collide:nn_last_partner"
[kp]    20.755s  dealloc      566.9 MB  Cuda     live     4021.3 MB  "collide:nn_last_partner"
[kp]    20.809s  alloc        566.9 MB  Cuda     live     4588.2 MB  "collide:nn_last_partner"
[kp]    20.810s  dealloc      566.9 MB  Cuda     live     4021.3 MB  "collide:nn_last_partner"
[kp]    20.865s  alloc        566.9 MB  Cuda     live     4588.2 MB  "collide:nn_last_partner"
[kp]    20.866s  dealloc      566.9 MB  Cuda     live     4021.3 MB  "collide:nn_last_partner"
[kp]    20.921s  alloc        566.9 MB  Cuda     live     4588.2 MB  "collide:nn_last_partner"
[kp]    20.922s  dealloc      566.9 MB  Cuda     live     4021.3 MB  "collide:nn_last_partner"
[kp]    20.976s  alloc        566.9 MB  Cuda     live     4588.2 MB  "collide:nn_last_partner"
[kp]    20.977s  dealloc      566.9 MB  Cuda     live     4021.3 MB  "collide:nn_last_partner"
[kp]    21.032s  alloc        566.9 MB  Cuda     live     4588.2 MB  "collide:nn_last_partner"
[kp]    21.033s  dealloc      566.9 MB  Cuda     live     4021.3 MB  "collide:nn_last_partner"
[kp]    21.088s  alloc        566.9 MB  Cuda     live     4588.2 MB  "collide:nn_last_partner"
[kp]    21.089s  dealloc      566.9 MB  Cuda     live     4021.3 MB  "collide:nn_last_partner"
[kp]    21.143s  alloc        566.9 MB  Cuda     live     4588.2 MB  "collide:nn_last_partner"
[kp]    21.144s  dealloc      566.9 MB  Cuda     live     4021.3 MB  "collide:nn_last_partner"
[kp]    21.199s  alloc        566.9 MB  Cuda     live     4588.2 MB  "collide:nn_last_partner"
[kp]    21.200s  dealloc      566.9 MB  Cuda     live     4021.3 MB  "collide:nn_last_partner"
[kp]    21.255s  alloc        566.9 MB  Cuda     live     4588.2 MB  "collide:nn_last_partner"
[kp]    21.256s  dealloc      566.9 MB  Cuda     live     4021.3 MB  "collide:nn_last_partner"
[kp]    21.310s  alloc        566.9 MB  Cuda     live     4588.2 MB  "collide:nn_last_partner"
[kp]    21.311s  dealloc      566.9 MB  Cuda     live     4021.3 MB  "collide:nn_last_partner"
[kp]    21.366s  alloc        566.9 MB  Cuda     live     4588.2 MB  "collide:nn_last_partner"
[kp]    21.367s  dealloc      566.9 MB  Cuda     live     4021.3 MB  "collide:nn_last_partner"
[kp]    21.422s  alloc        566.9 MB  Cuda     live     4588.2 MB  "collide:nn_last_partner"
[kp]    21.423s  dealloc      566.9 MB  Cuda     live     4021.3 MB  "collide:nn_last_partner"
[kp]    21.477s  alloc        566.9 MB  Cuda     live     4588.2 MB  "collide:nn_last_partner"
[kp]    21.478s  dealloc      566.9 MB  Cuda     live     4021.3 MB  "collide:nn_last_partner"
[kp]    21.533s  alloc        566.9 MB  Cuda     live     4588.2 MB  "collide:nn_last_partner"
[kp]    21.534s  dealloc      566.9 MB  Cuda     live     4021.3 MB  "collide:nn_last_partner"
[kp]    21.589s  alloc        566.9 MB  Cuda     live     4588.2 MB  "collide:nn_last_partner"
[kp]    21.590s  dealloc      566.9 MB  Cuda     live     4021.3 MB  "collide:nn_last_partner"
[kp]    21.644s  alloc        566.9 MB  Cuda     live     4588.2 MB  "collide:nn_last_partner"
[kp]    21.645s  dealloc      566.9 MB  Cuda     live     4021.3 MB  "collide:nn_last_partner"
[kp]    21.700s  alloc        566.9 MB  Cuda     live     4588.2 MB  "collide:nn_last_partner"
[kp]    21.701s  dealloc      566.9 MB  Cuda     live     4021.3 MB  "collide:nn_last_partner"
[kp]    21.756s  alloc        566.9 MB  Cuda     live     4588.2 MB  "collide:nn_last_partner"
[kp]    21.757s  dealloc      566.9 MB  Cuda     live     4021.3 MB  "collide:nn_last_partner"
[kp]    21.811s  alloc        566.9 MB  Cuda     live     4588.2 MB  "collide:nn_last_partner"
[kp]    21.812s  dealloc      566.9 MB  Cuda     live     4021.3 MB  "collide:nn_last_partner"
[kp]    21.867s  alloc        566.9 MB  Cuda     live     4588.2 MB  "collide:nn_last_partner"
[kp]    21.868s  dealloc      566.9 MB  Cuda     live     4021.3 MB  "collide:nn_last_partner"
[kp]    21.923s  alloc        566.9 MB  Cuda     live     4588.2 MB  "collide:nn_last_partner"
[kp]    21.924s  dealloc      566.9 MB  Cuda     live     4021.3 MB  "collide:nn_last_partner"
[kp]    21.978s  alloc        566.9 MB  Cuda     live     4588.2 MB  "collide:nn_last_partner"
[kp]    21.979s  dealloc      566.9 MB  Cuda     live     4021.3 MB  "collide:nn_last_partner"
[kp]    22.034s  alloc        566.9 MB  Cuda     live     4588.2 MB  "collide:nn_last_partner"
[kp]    22.035s  dealloc      566.9 MB  Cuda     live     4021.3 MB  "collide:nn_last_partner"
[kp]    22.090s  alloc        566.9 MB  Cuda     live     4588.2 MB  "collide:nn_last_partner"
[kp]    22.091s  dealloc      566.9 MB  Cuda     live     4021.3 MB  "collide:nn_last_partner"
[kp]    22.145s  alloc        566.9 MB  Cuda     live     4588.2 MB  "collide:nn_last_partner"
[kp]    22.146s  dealloc      566.9 MB  Cuda     live     4021.3 MB  "collide:nn_last_partner"
[kp]    22.201s  alloc        566.9 MB  Cuda     live     4588.2 MB  "collide:nn_last_partner"
[kp]    22.202s  dealloc      566.9 MB  Cuda     live     4021.3 MB  "collide:nn_last_partner"
[kp]    22.257s  alloc        566.9 MB  Cuda     live     4588.2 MB  "collide:nn_last_partner"
[kp]    22.258s  dealloc      566.9 MB  Cuda     live     4021.3 MB  "collide:nn_last_partner"
[kp]    22.313s  alloc        566.9 MB  Cuda     live     4588.2 MB  "collide:nn_last_partner"
[kp]    22.314s  dealloc      566.9 MB  Cuda     live     4021.3 MB  "collide:nn_last_partner"
[kp]    22.370s  alloc        566.9 MB  Cuda     live     4588.2 MB  "collide:nn_last_partner"
[kp]    22.370s  dealloc      566.9 MB  Cuda     live     4021.3 MB  "collide:nn_last_partner"
[kp]    22.425s  alloc        566.9 MB  Cuda     live     4588.2 MB  "collide:nn_last_partner"
[kp]    22.426s  dealloc      566.9 MB  Cuda     live     4021.3 MB  "collide:nn_last_partner"
[kp]    22.481s  alloc        566.9 MB  Cuda     live     4588.2 MB  "collide:nn_last_partner"
[kp]    22.482s  dealloc      566.9 MB  Cuda     live     4021.3 MB  "collide:nn_last_partner"
[kp]    22.536s  alloc        566.9 MB  Cuda     live     4588.2 MB  "collide:nn_last_partner"
[kp]    22.537s  dealloc      566.9 MB  Cuda     live     4021.3 MB  "collide:nn_last_partner"
[kp]    22.592s  alloc        566.9 MB  Cuda     live     4588.2 MB  "collide:nn_last_partner"
[kp]    22.593s  dealloc      566.9 MB  Cuda     live     4021.3 MB  "collide:nn_last_partner"
[kp]    22.648s  alloc        566.9 MB  Cuda     live     4588.2 MB  "collide:nn_last_partner"
[kp]    22.649s  dealloc      566.9 MB  Cuda     live     4021.3 MB  "collide:nn_last_partner"
[kp]    22.703s  alloc        566.9 MB  Cuda     live     4588.2 MB  "collide:nn_last_partner"
[kp]    22.704s  dealloc      566.9 MB  Cuda     live     4021.3 MB  "collide:nn_last_partner"
[kp]    22.759s  alloc        566.9 MB  Cuda     live     4588.2 MB  "collide:nn_last_partner"
[kp]    22.760s  dealloc      566.9 MB  Cuda     live     4021.3 MB  "collide:nn_last_partner"
[kp]    22.815s  alloc        566.9 MB  Cuda     live     4588.2 MB  "collide:nn_last_partner"
[kp]    22.815s  dealloc      566.9 MB  Cuda     live     4021.3 MB  "collide:nn_last_partner"
[kp]    22.870s  alloc        566.9 MB  Cuda     live     4588.2 MB  "collide:nn_last_partner"
[kp]    22.871s  dealloc      566.9 MB  Cuda     live     4021.3 MB  "collide:nn_last_partner"
[kp]    22.926s  alloc        566.9 MB  Cuda     live     4588.2 MB  "collide:nn_last_partner"
[kp]    22.927s  dealloc      566.9 MB  Cuda     live     4021.3 MB  "collide:nn_last_partner"
[kp]    22.981s  alloc        566.9 MB  Cuda     live     4588.2 MB  "collide:nn_last_partner"
[kp]    22.982s  dealloc      566.9 MB  Cuda     live     4021.3 MB  "collide:nn_last_partner"
[kp]    23.037s  alloc        566.9 MB  Cuda     live     4588.2 MB  "collide:nn_last_partner"
[kp]    23.038s  dealloc      566.9 MB  Cuda     live     4021.3 MB  "collide:nn_last_partner"
[kp]    23.093s  alloc        566.9 MB  Cuda     live     4588.2 MB  "collide:nn_last_partner"
[kp]    23.093s  dealloc      566.9 MB  Cuda     live     4021.3 MB  "collide:nn_last_partner"
[kp]    23.148s  alloc        566.9 MB  Cuda     live     4588.2 MB  "collide:nn_last_partner"
[kp]    23.149s  dealloc      566.9 MB  Cuda     live     4021.3 MB  "collide:nn_last_partner"
[kp]    23.204s  alloc        566.9 MB  Cuda     live     4588.2 MB  "collide:nn_last_partner"
[kp]    23.205s  dealloc      566.9 MB  Cuda     live     4021.3 MB  "collide:nn_last_partner"
[kp]    23.260s  alloc        566.9 MB  Cuda     live     4588.2 MB  "collide:nn_last_partner"
[kp]    23.260s  dealloc      566.9 MB  Cuda     live     4021.3 MB  "collide:nn_last_partner"
[kp]    23.315s  alloc        566.9 MB  Cuda     live     4588.2 MB  "collide:nn_last_partner"
[kp]    23.316s  dealloc      566.9 MB  Cuda     live     4021.3 MB  "collide:nn_last_partner"
[kp]    23.371s  alloc        566.9 MB  Cuda     live     4588.2 MB  "collide:nn_last_partner"
[kp]    23.372s  dealloc      566.9 MB  Cuda     live     4021.3 MB  "collide:nn_last_partner"
[kp]    23.426s  alloc        566.9 MB  Cuda     live     4588.2 MB  "collide:nn_last_partner"
[kp]    23.427s  dealloc      566.9 MB  Cuda     live     4021.3 MB  "collide:nn_last_partner"
[kp]    23.482s  alloc        566.9 MB  Cuda     live     4588.2 MB  "collide:nn_last_partner"
[kp]    23.483s  dealloc      566.9 MB  Cuda     live     4021.3 MB  "collide:nn_last_partner"
[kp]    23.538s  alloc        566.9 MB  Cuda     live     4588.2 MB  "collide:nn_last_partner"
[kp]    23.538s  dealloc      566.9 MB  Cuda     live     4021.3 MB  "collide:nn_last_partner"
[kp]    23.593s  alloc        566.9 MB  Cuda     live     4588.2 MB  "collide:nn_last_partner"
[kp]    23.594s  dealloc      566.9 MB  Cuda     live     4021.3 MB  "collide:nn_last_partner"
[kp]    23.649s  alloc        566.9 MB  Cuda     live     4588.2 MB  "collide:nn_last_partner"
[kp]    23.650s  dealloc      566.9 MB  Cuda     live     4021.3 MB  "collide:nn_last_partner"
[kp]    23.705s  alloc        566.9 MB  Cuda     live     4588.2 MB  "collide:nn_last_partner"
[kp]    23.705s  dealloc      566.9 MB  Cuda     live     4021.3 MB  "collide:nn_last_partner"
[kp]    23.760s  alloc        566.9 MB  Cuda     live     4588.2 MB  "collide:nn_last_partner"
[kp]    23.761s  dealloc      566.9 MB  Cuda     live     4021.3 MB  "collide:nn_last_partner"
[kp]    23.816s  alloc        566.9 MB  Cuda     live     4588.2 MB  "collide:nn_last_partner"
[kp]    23.817s  dealloc      566.9 MB  Cuda     live     4021.3 MB  "collide:nn_last_partner"
[kp]    23.871s  alloc        566.9 MB  Cuda     live     4588.2 MB  "collide:nn_last_partner"
[kp]    23.872s  dealloc      566.9 MB  Cuda     live     4021.3 MB  "collide:nn_last_partner"
[kp]    23.927s  alloc        566.9 MB  Cuda     live     4588.2 MB  "collide:nn_last_partner"
[kp]    23.928s  dealloc      566.9 MB  Cuda     live     4021.3 MB  "collide:nn_last_partner"
[kp]    23.983s  alloc        566.9 MB  Cuda     live     4588.2 MB  "collide:nn_last_partner"
[kp]    23.984s  dealloc      566.9 MB  Cuda     live     4021.3 MB  "collide:nn_last_partner"
[kp]    24.038s  alloc        566.9 MB  Cuda     live     4588.2 MB  "collide:nn_last_partner"
[kp]    24.039s  dealloc      566.9 MB  Cuda     live     4021.3 MB  "collide:nn_last_partner"
[kp]    24.094s  alloc        566.9 MB  Cuda     live     4588.2 MB  "collide:nn_last_partner"
[kp]    24.095s  dealloc      566.9 MB  Cuda     live     4021.3 MB  "collide:nn_last_partner"
[kp]    24.149s  alloc        566.9 MB  Cuda     live     4588.2 MB  "collide:nn_last_partner"
[kp]    24.150s  dealloc      566.9 MB  Cuda     live     4021.3 MB  "collide:nn_last_partner"
[kp]    24.205s  alloc        566.9 MB  Cuda     live     4588.2 MB  "collide:nn_last_partner"
[kp]    24.206s  dealloc      566.9 MB  Cuda     live     4021.3 MB  "collide:nn_last_partner"
[kp]    24.261s  alloc        566.9 MB  Cuda     live     4588.2 MB  "collide:nn_last_partner"
[kp]    24.261s  dealloc      566.9 MB  Cuda     live     4021.3 MB  "collide:nn_last_partner"
[kp]    24.316s  alloc        566.9 MB  Cuda     live     4588.2 MB  "collide:nn_last_partner"
[kp]    24.317s  dealloc      566.9 MB  Cuda     live     4021.3 MB  "collide:nn_last_partner"
[kp]    24.372s  alloc        566.9 MB  Cuda     live     4588.2 MB  "collide:nn_last_partner"
[kp]    24.373s  dealloc      566.9 MB  Cuda     live     4021.3 MB  "collide:nn_last_partner"
[kp]    24.427s  alloc        566.9 MB  Cuda     live     4588.2 MB  "collide:nn_last_partner"
[kp]    24.428s  dealloc      566.9 MB  Cuda     live     4021.3 MB  "collide:nn_last_partner"
[kp]    24.483s  alloc        566.9 MB  Cuda     live     4588.2 MB  "collide:nn_last_partner"
[kp]    24.484s  dealloc      566.9 MB  Cuda     live     4021.3 MB  "collide:nn_last_partner"
[kp]    24.539s  alloc        566.9 MB  Cuda     live     4588.2 MB  "collide:nn_last_partner"
[kp]    24.539s  dealloc      566.9 MB  Cuda     live     4021.3 MB  "collide:nn_last_partner"
[kp]    24.594s  alloc        566.9 MB  Cuda     live     4588.2 MB  "collide:nn_last_partner"
[kp]    24.595s  dealloc      566.9 MB  Cuda     live     4021.3 MB  "collide:nn_last_partner"
[kp]    24.650s  alloc        566.9 MB  Cuda     live     4588.2 MB  "collide:nn_last_partner"
[kp]    24.651s  dealloc      566.9 MB  Cuda     live     4021.3 MB  "collide:nn_last_partner"
[kp]    24.705s  alloc        566.9 MB  Cuda     live     4588.2 MB  "collide:nn_last_partner"
[kp]    24.706s  dealloc      566.9 MB  Cuda     live     4021.3 MB  "collide:nn_last_partner"
[kp]    24.761s  alloc        566.9 MB  Cuda     live     4588.2 MB  "collide:nn_last_partner"
[kp]    24.762s  dealloc      566.9 MB  Cuda     live     4021.3 MB  "collide:nn_last_partner"
[kp]    24.816s  alloc        566.9 MB  Cuda     live     4588.2 MB  "collide:nn_last_partner"
[kp]    24.817s  dealloc      566.9 MB  Cuda     live     4021.3 MB  "collide:nn_last_partner"
[kp]    24.872s  alloc        566.9 MB  Cuda     live     4588.2 MB  "collide:nn_last_partner"
[kp]    24.873s  dealloc      566.9 MB  Cuda     live     4021.3 MB  "collide:nn_last_partner"
[kp]    24.928s  alloc        566.9 MB  Cuda     live     4588.2 MB  "collide:nn_last_partner"
[kp]    24.928s  dealloc      566.9 MB  Cuda     live     4021.3 MB  "collide:nn_last_partner"
[kp]    24.983s  alloc        566.9 MB  Cuda     live     4588.2 MB  "collide:nn_last_partner"
[kp]    24.984s  dealloc      566.9 MB  Cuda     live     4021.3 MB  "collide:nn_last_partner"
[kp]    25.039s  alloc        566.9 MB  Cuda     live     4588.2 MB  "collide:nn_last_partner"
[kp]    25.040s  dealloc      566.9 MB  Cuda     live     4021.3 MB  "collide:nn_last_partner"
[kp]    25.094s  alloc        566.9 MB  Cuda     live     4588.2 MB  "collide:nn_last_partner"
[kp]    25.095s  dealloc      566.9 MB  Cuda     live     4021.3 MB  "collide:nn_last_partner"
[kp]    25.150s  alloc        566.9 MB  Cuda     live     4588.2 MB  "collide:nn_last_partner"
[kp]    25.151s  dealloc      566.9 MB  Cuda     live     4021.3 MB  "collide:nn_last_partner"
[kp]    25.205s  alloc        566.9 MB  Cuda     live     4588.2 MB  "collide:nn_last_partner"
[kp]    25.206s  dealloc      566.9 MB  Cuda     live     4021.3 MB  "collide:nn_last_partner"
[kp]    25.261s  alloc        566.9 MB  Cuda     live     4588.2 MB  "collide:nn_last_partner"
[kp]    25.262s  dealloc      566.9 MB  Cuda     live     4021.3 MB  "collide:nn_last_partner"
[kp]    25.317s  alloc        566.9 MB  Cuda     live     4588.2 MB  "collide:nn_last_partner"
[kp]    25.318s  dealloc      566.9 MB  Cuda     live     4021.3 MB  "collide:nn_last_partner"
[kp]    25.372s  alloc        566.9 MB  Cuda     live     4588.2 MB  "collide:nn_last_partner"
[kp]    25.373s  dealloc      566.9 MB  Cuda     live     4021.3 MB  "collide:nn_last_partner"
[kp]    25.428s  alloc        566.9 MB  Cuda     live     4588.2 MB  "collide:nn_last_partner"
[kp]    25.429s  dealloc      566.9 MB  Cuda     live     4021.3 MB  "collide:nn_last_partner"
[kp]    25.484s  alloc        566.9 MB  Cuda     live     4588.2 MB  "collide:nn_last_partner"
[kp]    25.484s  dealloc      566.9 MB  Cuda     live     4021.3 MB  "collide:nn_last_partner"
[kp]    25.539s  alloc        566.9 MB  Cuda     live     4588.2 MB  "collide:nn_last_partner"
[kp]    25.540s  dealloc      566.9 MB  Cuda     live     4021.3 MB  "collide:nn_last_partner"
[kp]    25.595s  alloc        566.9 MB  Cuda     live     4588.2 MB  "collide:nn_last_partner"
[kp]    25.595s  dealloc      566.9 MB  Cuda     live     4021.3 MB  "collide:nn_last_partner"
[kp]    25.650s  alloc        566.9 MB  Cuda     live     4588.2 MB  "collide:nn_last_partner"
[kp]    25.651s  dealloc      566.9 MB  Cuda     live     4021.3 MB  "collide:nn_last_partner"
[kp]    25.706s  alloc        566.9 MB  Cuda     live     4588.2 MB  "collide:nn_last_partner"
[kp]    25.707s  dealloc      566.9 MB  Cuda     live     4021.3 MB  "collide:nn_last_partner"
[kp]    25.761s  alloc        566.9 MB  Cuda     live     4588.2 MB  "collide:nn_last_partner"
[kp]    25.762s  dealloc      566.9 MB  Cuda     live     4021.3 MB  "collide:nn_last_partner"
[kp]    25.817s  alloc        566.9 MB  Cuda     live     4588.2 MB  "collide:nn_last_partner"
[kp]    25.818s  dealloc      566.9 MB  Cuda     live     4021.3 MB  "collide:nn_last_partner"
[kp]    25.872s  alloc        566.9 MB  Cuda     live     4588.2 MB  "collide:nn_last_partner"
[kp]    25.873s  dealloc      566.9 MB  Cuda     live     4021.3 MB  "collide:nn_last_partner"
     300    17.109372 5.2843672e-08    17.614556        3e-09 29765468   102289    59462        0        0    297.32053 
[kp]    26.040s  alloc        566.9 MB  Cuda     live     4588.2 MB  "collide:nn_last_partner"
[kp]    26.041s  dealloc      566.9 MB  Cuda     live     4021.3 MB  "collide:nn_last_partner"
[kp]    26.096s  alloc        566.9 MB  Cuda     live     4588.2 MB  "collide:nn_last_partner"
[kp]    26.097s  dealloc      566.9 MB  Cuda     live     4021.3 MB  "collide:nn_last_partner"
[kp]    26.151s  alloc        566.9 MB  Cuda     live     4588.2 MB  "collide:nn_last_partner"
[kp]    26.152s  dealloc      566.9 MB  Cuda     live     4021.3 MB  "collide:nn_last_partner"
[kp]    26.207s  alloc        566.9 MB  Cuda     live     4588.2 MB  "collide:nn_last_partner"
[kp]    26.208s  dealloc      566.9 MB  Cuda     live     4021.3 MB  "collide:nn_last_partner"
[kp]    26.263s  alloc        566.9 MB  Cuda     live     4588.2 MB  "collide:nn_last_partner"
[kp]    26.263s  dealloc      566.9 MB  Cuda     live     4021.3 MB  "collide:nn_last_partner"
[kp]    26.318s  alloc        566.9 MB  Cuda     live     4588.2 MB  "collide:nn_last_partner"
[kp]    26.319s  dealloc      566.9 MB  Cuda     live     4021.3 MB  "collide:nn_last_partner"
[kp]    26.374s  alloc        566.9 MB  Cuda     live     4588.2 MB  "collide:nn_last_partner"
[kp]    26.374s  dealloc      566.9 MB  Cuda     live     4021.3 MB  "collide:nn_last_partner"
[kp]    26.429s  alloc        566.9 MB  Cuda     live     4588.2 MB  "collide:nn_last_partner"
[kp]    26.430s  dealloc      566.9 MB  Cuda     live     4021.3 MB  "collide:nn_last_partner"
[kp]    26.485s  alloc        566.9 MB  Cuda     live     4588.2 MB  "collide:nn_last_partner"
[kp]    26.486s  dealloc      566.9 MB  Cuda     live     4021.3 MB  "collide:nn_last_partner"
[kp]    26.540s  dealloc      566.9 MB  Cuda     live     3454.4 MB  "particle:plist"
[kp]    26.541s  alloc        698.7 MB  Cuda     live     4153.1 MB  "particle:plist"
[kp]    26.543s  alloc        698.7 MB  Cuda     live     4851.9 MB  "collide:nn_last_partner"
[kp]    26.544s  dealloc      698.7 MB  Cuda     live     4153.1 MB  "collide:nn_last_partner"
[kp]    26.599s  alloc        698.7 MB  Cuda     live     4851.9 MB  "collide:nn_last_partner"
[kp]    26.600s  dealloc      698.7 MB  Cuda     live     4153.1 MB  "collide:nn_last_partner"
[kp]    26.654s  alloc        698.7 MB  Cuda     live     4851.9 MB  "collide:nn_last_partner"
[kp]    26.655s  dealloc      698.7 MB  Cuda     live     4153.1 MB  "collide:nn_last_partner"
[kp]    26.710s  alloc        698.7 MB  Cuda     live     4851.9 MB  "collide:nn_last_partner"
[kp]    26.711s  dealloc      698.7 MB  Cuda     live     4153.1 MB  "collide:nn_last_partner"
[kp]    26.765s  alloc        698.7 MB  Cuda     live     4851.9 MB  "collide:nn_last_partner"
[kp]    26.766s  dealloc      698.7 MB  Cuda     live     4153.1 MB  "collide:nn_last_partner"
[kp]    26.821s  alloc        698.7 MB  Cuda     live     4851.9 MB  "collide:nn_last_partner"
[kp]    26.822s  dealloc      698.7 MB  Cuda     live     4153.1 MB  "collide:nn_last_partner"
[kp]    26.877s  alloc        698.7 MB  Cuda     live     4851.9 MB  "collide:nn_last_partner"
[kp]    26.877s  dealloc      698.7 MB  Cuda     live     4153.1 MB  "collide:nn_last_partner"
[kp]    26.932s  alloc        698.7 MB  Cuda     live     4851.9 MB  "collide:nn_last_partner"
[kp]    26.933s  dealloc      698.7 MB  Cuda     live     4153.1 MB  "collide:nn_last_partner"
[kp]    26.988s  alloc        698.7 MB  Cuda     live     4851.9 MB  "collide:nn_last_partner"
[kp]    26.988s  dealloc      698.7 MB  Cuda     live     4153.1 MB  "collide:nn_last_partner"
[kp]    27.043s  alloc        698.7 MB  Cuda     live     4851.9 MB  "collide:nn_last_partner"
[kp]    27.044s  dealloc      698.7 MB  Cuda     live     4153.1 MB  "collide:nn_last_partner"
[kp]    27.099s  alloc        698.7 MB  Cuda     live     4851.9 MB  "collide:nn_last_partner"
[kp]    27.100s  dealloc      698.7 MB  Cuda     live     4153.1 MB  "collide:nn_last_partner"
[kp]    27.154s  alloc        698.7 MB  Cuda     live     4851.9 MB  "collide:nn_last_partner"
[kp]    27.155s  dealloc      698.7 MB  Cuda     live     4153.1 MB  "collide:nn_last_partner"
[kp]    27.210s  alloc        698.7 MB  Cuda     live     4851.9 MB  "collide:nn_last_partner"
[kp]    27.211s  dealloc      698.7 MB  Cuda     live     4153.1 MB  "collide:nn_last_partner"
[kp]    27.265s  alloc        698.7 MB  Cuda     live     4851.9 MB  "collide:nn_last_partner"
[kp]    27.266s  dealloc      698.7 MB  Cuda     live     4153.1 MB  "collide:nn_last_partner"
[kp]    27.321s  alloc        698.7 MB  Cuda     live     4851.9 MB  "collide:nn_last_partner"
[kp]    27.322s  dealloc      698.7 MB  Cuda     live     4153.1 MB  "collide:nn_last_partner"
[kp]    27.376s  alloc        698.7 MB  Cuda     live     4851.9 MB  "collide:nn_last_partner"
[kp]    27.377s  dealloc      698.7 MB  Cuda     live     4153.1 MB  "collide:nn_last_partner"
[kp]    27.432s  alloc        698.7 MB  Cuda     live     4851.9 MB  "collide:nn_last_partner"
[kp]    27.433s  dealloc      698.7 MB  Cuda     live     4153.1 MB  "collide:nn_last_partner"
[kp]    27.488s  alloc        698.7 MB  Cuda     live     4851.9 MB  "collide:nn_last_partner"
[kp]    27.488s  dealloc      698.7 MB  Cuda     live     4153.1 MB  "collide:nn_last_partner"
[kp]    27.543s  alloc        698.7 MB  Cuda     live     4851.9 MB  "collide:nn_last_partner"
[kp]    27.544s  dealloc      698.7 MB  Cuda     live     4153.1 MB  "collide:nn_last_partner"
[kp]    27.599s  alloc        698.7 MB  Cuda     live     4851.9 MB  "collide:nn_last_partner"
[kp]    27.599s  dealloc      698.7 MB  Cuda     live     4153.1 MB  "collide:nn_last_partner"
[kp]    27.654s  alloc        698.7 MB  Cuda     live     4851.9 MB  "collide:nn_last_partner"
[kp]    27.655s  dealloc      698.7 MB  Cuda     live     4153.1 MB  "collide:nn_last_partner"
[kp]    27.710s  alloc        698.7 MB  Cuda     live     4851.9 MB  "collide:nn_last_partner"
[kp]    27.710s  dealloc      698.7 MB  Cuda     live     4153.1 MB  "collide:nn_last_partner"
[kp]    27.765s  alloc        698.7 MB  Cuda     live     4851.9 MB  "collide:nn_last_partner"
[kp]    27.766s  dealloc      698.7 MB  Cuda     live     4153.1 MB  "collide:nn_last_partner"
[kp]    27.821s  alloc        698.7 MB  Cuda     live     4851.9 MB  "collide:nn_last_partner"
[kp]    27.822s  dealloc      698.7 MB  Cuda     live     4153.1 MB  "collide:nn_last_partner"
[kp]    27.876s  alloc        698.7 MB  Cuda     live     4851.9 MB  "collide:nn_last_partner"
[kp]    27.877s  dealloc      698.7 MB  Cuda     live     4153.1 MB  "collide:nn_last_partner"
[kp]    27.932s  alloc        698.7 MB  Cuda     live     4851.9 MB  "collide:nn_last_partner"
[kp]    27.933s  dealloc      698.7 MB  Cuda     live     4153.1 MB  "collide:nn_last_partner"
[kp]    27.987s  alloc        698.7 MB  Cuda     live     4851.9 MB  "collide:nn_last_partner"
[kp]    27.988s  dealloc      698.7 MB  Cuda     live     4153.1 MB  "collide:nn_last_partner"
[kp]    28.043s  alloc        698.7 MB  Cuda     live     4851.9 MB  "collide:nn_last_partner"
[kp]    28.044s  dealloc      698.7 MB  Cuda     live     4153.1 MB  "collide:nn_last_partner"
[kp]    28.098s  alloc        698.7 MB  Cuda     live     4851.9 MB  "collide:nn_last_partner"
[kp]    28.099s  dealloc      698.7 MB  Cuda     live     4153.1 MB  "collide:nn_last_partner"
[kp]    28.154s  alloc        698.7 MB  Cuda     live     4851.9 MB  "collide:nn_last_partner"
[kp]    28.155s  dealloc      698.7 MB  Cuda     live     4153.1 MB  "collide:nn_last_partner"
[kp]    28.210s  alloc        698.7 MB  Cuda     live     4851.9 MB  "collide:nn_last_partner"
[kp]    28.210s  dealloc      698.7 MB  Cuda     live     4153.1 MB  "collide:nn_last_partner"
[kp]    28.265s  alloc        698.7 MB  Cuda     live     4851.9 MB  "collide:nn_last_partner"
[kp]    28.266s  dealloc      698.7 MB  Cuda     live     4153.1 MB  "collide:nn_last_partner"
[kp]    28.321s  alloc        698.7 MB  Cuda     live     4851.9 MB  "collide:nn_last_partner"
[kp]    28.321s  dealloc      698.7 MB  Cuda     live     4153.1 MB  "collide:nn_last_partner"
[kp]    28.377s  alloc        698.7 MB  Cuda     live     4851.9 MB  "collide:nn_last_partner"
[kp]    28.378s  dealloc      698.7 MB  Cuda     live     4153.1 MB  "collide:nn_last_partner"
[kp]    28.433s  alloc        698.7 MB  Cuda     live     4851.9 MB  "collide:nn_last_partner"
[kp]    28.434s  dealloc      698.7 MB  Cuda     live     4153.1 MB  "collide:nn_last_partner"
[kp]    28.488s  alloc        698.7 MB  Cuda     live     4851.9 MB  "collide:nn_last_partner"
[kp]    28.489s  dealloc      698.7 MB  Cuda     live     4153.1 MB  "collide:nn_last_partner"
[kp]    28.544s  alloc        698.7 MB  Cuda     live     4851.9 MB  "collide:nn_last_partner"
[kp]    28.545s  dealloc      698.7 MB  Cuda     live     4153.1 MB  "collide:nn_last_partner"
[kp]    28.599s  alloc        698.7 MB  Cuda     live     4851.9 MB  "collide:nn_last_partner"
[kp]    28.600s  dealloc      698.7 MB  Cuda     live     4153.1 MB  "collide:nn_last_partner"
[kp]    28.655s  alloc        698.7 MB  Cuda     live     4851.9 MB  "collide:nn_last_partner"
[kp]    28.656s  dealloc      698.7 MB  Cuda     live     4153.1 MB  "collide:nn_last_partner"
[kp]    28.710s  alloc        698.7 MB  Cuda     live     4851.9 MB  "collide:nn_last_partner"
[kp]    28.711s  dealloc      698.7 MB  Cuda     live     4153.1 MB  "collide:nn_last_partner"
[kp]    28.766s  alloc        698.7 MB  Cuda     live     4851.9 MB  "collide:nn_last_partner"
[kp]    28.767s  dealloc      698.7 MB  Cuda     live     4153.1 MB  "collide:nn_last_partner"
[kp]    28.821s  alloc        698.7 MB  Cuda     live     4851.9 MB  "collide:nn_last_partner"
[kp]    28.822s  dealloc      698.7 MB  Cuda     live     4153.1 MB  "collide:nn_last_partner"
[kp]    28.877s  alloc        698.7 MB  Cuda     live     4851.9 MB  "collide:nn_last_partner"
[kp]    28.878s  dealloc      698.7 MB  Cuda     live     4153.1 MB  "collide:nn_last_partner"
[kp]    28.933s  alloc        698.7 MB  Cuda     live     4851.9 MB  "collide:nn_last_partner"
[kp]    28.933s  dealloc      698.7 MB  Cuda     live     4153.1 MB  "collide:nn_last_partner"
[kp]    28.988s  alloc        698.7 MB  Cuda     live     4851.9 MB  "collide:nn_last_partner"
[kp]    28.989s  dealloc      698.7 MB  Cuda     live     4153.1 MB  "collide:nn_last_partner"
[kp]    29.044s  alloc        698.7 MB  Cuda     live     4851.9 MB  "collide:nn_last_partner"
[kp]    29.044s  dealloc      698.7 MB  Cuda     live     4153.1 MB  "collide:nn_last_partner"
[kp]    29.099s  alloc        698.7 MB  Cuda     live     4851.9 MB  "collide:nn_last_partner"
[kp]    29.100s  dealloc      698.7 MB  Cuda     live     4153.1 MB  "collide:nn_last_partner"
[kp]    29.155s  alloc        698.7 MB  Cuda     live     4851.9 MB  "collide:nn_last_partner"
[kp]    29.155s  dealloc      698.7 MB  Cuda     live     4153.1 MB  "collide:nn_last_partner"
[kp]    29.210s  alloc        698.7 MB  Cuda     live     4851.9 MB  "collide:nn_last_partner"
[kp]    29.211s  dealloc      698.7 MB  Cuda     live     4153.1 MB  "collide:nn_last_partner"
[kp]    29.266s  alloc        698.7 MB  Cuda     live     4851.9 MB  "collide:nn_last_partner"
[kp]    29.266s  dealloc      698.7 MB  Cuda     live     4153.1 MB  "collide:nn_last_partner"
[kp]    29.321s  alloc        698.7 MB  Cuda     live     4851.9 MB  "collide:nn_last_partner"
[kp]    29.322s  dealloc      698.7 MB  Cuda     live     4153.1 MB  "collide:nn_last_partner"
[kp]    29.377s  alloc        698.7 MB  Cuda     live     4851.9 MB  "collide:nn_last_partner"
[kp]    29.377s  dealloc      698.7 MB  Cuda     live     4153.1 MB  "collide:nn_last_partner"
[kp]    29.432s  alloc        698.7 MB  Cuda     live     4851.9 MB  "collide:nn_last_partner"
[kp]    29.433s  dealloc      698.7 MB  Cuda     live     4153.1 MB  "collide:nn_last_partner"
[kp]    29.488s  alloc        698.7 MB  Cuda     live     4851.9 MB  "collide:nn_last_partner"
[kp]    29.489s  dealloc      698.7 MB  Cuda     live     4153.1 MB  "collide:nn_last_partner"
[kp]    29.543s  alloc        698.7 MB  Cuda     live     4851.9 MB  "collide:nn_last_partner"
[kp]    29.544s  dealloc      698.7 MB  Cuda     live     4153.1 MB  "collide:nn_last_partner"
[kp]    29.599s  alloc        698.7 MB  Cuda     live     4851.9 MB  "collide:nn_last_partner"
[kp]    29.600s  dealloc      698.7 MB  Cuda     live     4153.1 MB  "collide:nn_last_partner"
[kp]    29.654s  alloc        698.7 MB  Cuda     live     4851.9 MB  "collide:nn_last_partner"
[kp]    29.655s  dealloc      698.7 MB  Cuda     live     4153.1 MB  "collide:nn_last_partner"
[kp]    29.710s  alloc        698.7 MB  Cuda     live     4851.9 MB  "collide:nn_last_partner"
[kp]    29.711s  dealloc      698.7 MB  Cuda     live     4153.1 MB  "collide:nn_last_partner"
[kp]    29.765s  alloc        698.7 MB  Cuda     live     4851.9 MB  "collide:nn_last_partner"
[kp]    29.766s  dealloc      698.7 MB  Cuda     live     4153.1 MB  "collide:nn_last_partner"
[kp]    29.821s  alloc        698.7 MB  Cuda     live     4851.9 MB  "collide:nn_last_partner"
[kp]    29.822s  dealloc      698.7 MB  Cuda     live     4153.1 MB  "collide:nn_last_partner"
[kp]    29.876s  alloc        698.7 MB  Cuda     live     4851.9 MB  "collide:nn_last_partner"
[kp]    29.877s  dealloc      698.7 MB  Cuda     live     4153.1 MB  "collide:nn_last_partner"
[kp]    29.932s  alloc        698.7 MB  Cuda     live     4851.9 MB  "collide:nn_last_partner"
[kp]    29.933s  dealloc      698.7 MB  Cuda     live     4153.1 MB  "collide:nn_last_partner"
[kp]    29.987s  alloc        698.7 MB  Cuda     live     4851.9 MB  "collide:nn_last_partner"
[kp]    29.988s  dealloc      698.7 MB  Cuda     live     4153.1 MB  "collide:nn_last_partner"
[kp]    30.043s  alloc        698.7 MB  Cuda     live     4851.9 MB  "collide:nn_last_partner"
[kp]    30.044s  dealloc      698.7 MB  Cuda     live     4153.1 MB  "collide:nn_last_partner"
[kp]    30.098s  alloc        698.7 MB  Cuda     live     4851.9 MB  "collide:nn_last_partner"
[kp]    30.099s  dealloc      698.7 MB  Cuda     live     4153.1 MB  "collide:nn_last_partner"
[kp]    30.154s  alloc        698.7 MB  Cuda     live     4851.9 MB  "collide:nn_last_partner"
[kp]    30.155s  dealloc      698.7 MB  Cuda     live     4153.1 MB  "collide:nn_last_partner"
[kp]    30.209s  alloc        698.7 MB  Cuda     live     4851.9 MB  "collide:nn_last_partner"
[kp]    30.210s  dealloc      698.7 MB  Cuda     live     4153.1 MB  "collide:nn_last_partner"
[kp]    30.265s  alloc        698.7 MB  Cuda     live     4851.9 MB  "collide:nn_last_partner"
[kp]    30.266s  dealloc      698.7 MB  Cuda     live     4153.1 MB  "collide:nn_last_partner"
[kp]    30.320s  alloc        698.7 MB  Cuda     live     4851.9 MB  "collide:nn_last_partner"
[kp]    30.321s  dealloc      698.7 MB  Cuda     live     4153.1 MB  "collide:nn_last_partner"
[kp]    30.376s  alloc        698.7 MB  Cuda     live     4851.9 MB  "collide:nn_last_partner"
[kp]    30.377s  dealloc      698.7 MB  Cuda     live     4153.1 MB  "collide:nn_last_partner"
[kp]    30.431s  alloc        698.7 MB  Cuda     live     4851.9 MB  "collide:nn_last_partner"
[kp]    30.432s  dealloc      698.7 MB  Cuda     live     4153.1 MB  "collide:nn_last_partner"
[kp]    30.487s  alloc        698.7 MB  Cuda     live     4851.9 MB  "collide:nn_last_partner"
[kp]    30.488s  dealloc      698.7 MB  Cuda     live     4153.1 MB  "collide:nn_last_partner"
[kp]    30.542s  alloc        698.7 MB  Cuda     live     4851.9 MB  "collide:nn_last_partner"
[kp]    30.543s  dealloc      698.7 MB  Cuda     live     4153.1 MB  "collide:nn_last_partner"
[kp]    30.598s  alloc        698.7 MB  Cuda     live     4851.9 MB  "collide:nn_last_partner"
[kp]    30.599s  dealloc      698.7 MB  Cuda     live     4153.1 MB  "collide:nn_last_partner"
[kp]    30.653s  alloc        698.7 MB  Cuda     live     4851.9 MB  "collide:nn_last_partner"
[kp]    30.654s  dealloc      698.7 MB  Cuda     live     4153.1 MB  "collide:nn_last_partner"
[kp]    30.709s  alloc        698.7 MB  Cuda     live     4851.9 MB  "collide:nn_last_partner"
[kp]    30.709s  dealloc      698.7 MB  Cuda     live     4153.1 MB  "collide:nn_last_partner"
[kp]    30.764s  alloc        698.7 MB  Cuda     live     4851.9 MB  "collide:nn_last_partner"
[kp]    30.765s  dealloc      698.7 MB  Cuda     live     4153.1 MB  "collide:nn_last_partner"
[kp]    30.820s  alloc        698.7 MB  Cuda     live     4851.9 MB  "collide:nn_last_partner"
[kp]    30.821s  dealloc      698.7 MB  Cuda     live     4153.1 MB  "collide:nn_last_partner"
[kp]    30.876s  alloc        698.7 MB  Cuda     live     4851.9 MB  "collide:nn_last_partner"
[kp]    30.876s  dealloc      698.7 MB  Cuda     live     4153.1 MB  "collide:nn_last_partner"
[kp]    30.931s  alloc        698.7 MB  Cuda     live     4851.9 MB  "collide:nn_last_partner"
[kp]    30.932s  dealloc      698.7 MB  Cuda     live     4153.1 MB  "collide:nn_last_partner"
[kp]    30.986s  alloc        698.7 MB  Cuda     live     4851.9 MB  "collide:nn_last_partner"
[kp]    30.987s  dealloc      698.7 MB  Cuda     live     4153.1 MB  "collide:nn_last_partner"
[kp]    31.042s  alloc        698.7 MB  Cuda     live     4851.9 MB  "collide:nn_last_partner"
[kp]    31.043s  dealloc      698.7 MB  Cuda     live     4153.1 MB  "collide:nn_last_partner"
[kp]    31.097s  alloc        698.7 MB  Cuda     live     4851.9 MB  "collide:nn_last_partner"
[kp]    31.098s  dealloc      698.7 MB  Cuda     live     4153.1 MB  "collide:nn_last_partner"
[kp]    31.153s  alloc        698.7 MB  Cuda     live     4851.9 MB  "collide:nn_last_partner"
[kp]    31.154s  dealloc      698.7 MB  Cuda     live     4153.1 MB  "collide:nn_last_partner"
[kp]    31.209s  alloc        698.7 MB  Cuda     live     4851.9 MB  "collide:nn_last_partner"
[kp]    31.210s  dealloc      698.7 MB  Cuda     live     4153.1 MB  "collide:nn_last_partner"
[kp]    31.264s  alloc        698.7 MB  Cuda     live     4851.9 MB  "collide:nn_last_partner"
[kp]    31.265s  dealloc      698.7 MB  Cuda     live     4153.1 MB  "collide:nn_last_partner"
[kp]    31.320s  alloc        698.7 MB  Cuda     live     4851.9 MB  "collide:nn_last_partner"
[kp]    31.321s  dealloc      698.7 MB  Cuda     live     4153.1 MB  "collide:nn_last_partner"
[kp]    31.375s  alloc        698.7 MB  Cuda     live     4851.9 MB  "collide:nn_last_partner"
[kp]    31.376s  dealloc      698.7 MB  Cuda     live     4153.1 MB  "collide:nn_last_partner"
[kp]    31.431s  alloc        698.7 MB  Cuda     live     4851.9 MB  "collide:nn_last_partner"
[kp]    31.432s  dealloc      698.7 MB  Cuda     live     4153.1 MB  "collide:nn_last_partner"
[kp]    31.486s  alloc        698.7 MB  Cuda     live     4851.9 MB  "collide:nn_last_partner"
[kp]    31.487s  dealloc      698.7 MB  Cuda     live     4153.1 MB  "collide:nn_last_partner"
[kp]    31.542s  alloc        698.7 MB  Cuda     live     4851.9 MB  "collide:nn_last_partner"
[kp]    31.543s  dealloc      698.7 MB  Cuda     live     4153.1 MB  "collide:nn_last_partner"
     400    22.778788 5.2915498e-08    17.638499        3e-09 29670698   102943    58886        0        0    296.70661 
[kp]    31.709s  alloc        698.7 MB  Cuda     live     4851.9 MB  "collide:nn_last_partner"
[kp]    31.710s  dealloc      698.7 MB  Cuda     live     4153.1 MB  "collide:nn_last_partner"
[kp]    31.765s  alloc        698.7 MB  Cuda     live     4851.9 MB  "collide:nn_last_partner"
[kp]    31.766s  dealloc      698.7 MB  Cuda     live     4153.1 MB  "collide:nn_last_partner"
[kp]    31.820s  alloc        698.7 MB  Cuda     live     4851.9 MB  "collide:nn_last_partner"
[kp]    31.821s  dealloc      698.7 MB  Cuda     live     4153.1 MB  "collide:nn_last_partner"
[kp]    31.876s  alloc        698.7 MB  Cuda     live     4851.9 MB  "collide:nn_last_partner"
[kp]    31.877s  dealloc      698.7 MB  Cuda     live     4153.1 MB  "collide:nn_last_partner"
[kp]    31.931s  alloc        698.7 MB  Cuda     live     4851.9 MB  "collide:nn_last_partner"
[kp]    31.932s  dealloc      698.7 MB  Cuda     live     4153.1 MB  "collide:nn_last_partner"
[kp]    31.987s  alloc        698.7 MB  Cuda     live     4851.9 MB  "collide:nn_last_partner"
[kp]    31.988s  dealloc      698.7 MB  Cuda     live     4153.1 MB  "collide:nn_last_partner"
[kp]    32.042s  alloc        698.7 MB  Cuda     live     4851.9 MB  "collide:nn_last_partner"
[kp]    32.043s  dealloc      698.7 MB  Cuda     live     4153.1 MB  "collide:nn_last_partner"
[kp]    32.098s  alloc        698.7 MB  Cuda     live     4851.9 MB  "collide:nn_last_partner"
[kp]    32.099s  dealloc      698.7 MB  Cuda     live     4153.1 MB  "collide:nn_last_partner"
[kp]    32.153s  alloc        698.7 MB  Cuda     live     4851.9 MB  "collide:nn_last_partner"
[kp]    32.154s  dealloc      698.7 MB  Cuda     live     4153.1 MB  "collide:nn_last_partner"
[kp]    32.209s  alloc        698.7 MB  Cuda     live     4851.9 MB  "collide:nn_last_partner"
[kp]    32.209s  dealloc      698.7 MB  Cuda     live     4153.1 MB  "collide:nn_last_partner"
[kp]    32.264s  alloc        698.7 MB  Cuda     live     4851.9 MB  "collide:nn_last_partner"
[kp]    32.265s  dealloc      698.7 MB  Cuda     live     4153.1 MB  "collide:nn_last_partner"
[kp]    32.319s  alloc        698.7 MB  Cuda     live     4851.9 MB  "collide:nn_last_partner"
[kp]    32.320s  dealloc      698.7 MB  Cuda     live     4153.1 MB  "collide:nn_last_partner"
[kp]    32.375s  alloc        698.7 MB  Cuda     live     4851.9 MB  "collide:nn_last_partner"
[kp]    32.376s  dealloc      698.7 MB  Cuda     live     4153.1 MB  "collide:nn_last_partner"
[kp]    32.430s  alloc        698.7 MB  Cuda     live     4851.9 MB  "collide:nn_last_partner"
[kp]    32.431s  dealloc      698.7 MB  Cuda     live     4153.1 MB  "collide:nn_last_partner"
[kp]    32.486s  alloc        698.7 MB  Cuda     live     4851.9 MB  "collide:nn_last_partner"
[kp]    32.486s  dealloc      698.7 MB  Cuda     live     4153.1 MB  "collide:nn_last_partner"
[kp]    32.541s  alloc        698.7 MB  Cuda     live     4851.9 MB  "collide:nn_last_partner"
[kp]    32.542s  dealloc      698.7 MB  Cuda     live     4153.1 MB  "collide:nn_last_partner"
[kp]    32.596s  alloc        698.7 MB  Cuda     live     4851.9 MB  "collide:nn_last_partner"
[kp]    32.597s  dealloc      698.7 MB  Cuda     live     4153.1 MB  "collide:nn_last_partner"
[kp]    32.652s  alloc        698.7 MB  Cuda     live     4851.9 MB  "collide:nn_last_partner"
[kp]    32.653s  dealloc      698.7 MB  Cuda     live     4153.1 MB  "collide:nn_last_partner"
[kp]    32.707s  alloc        698.7 MB  Cuda     live     4851.9 MB  "collide:nn_last_partner"
[kp]    32.708s  dealloc      698.7 MB  Cuda     live     4153.1 MB  "collide:nn_last_partner"
[kp]    32.763s  alloc        698.7 MB  Cuda     live     4851.9 MB  "collide:nn_last_partner"
[kp]    32.764s  dealloc      698.7 MB  Cuda     live     4153.1 MB  "collide:nn_last_partner"
[kp]    32.818s  alloc        698.7 MB  Cuda     live     4851.9 MB  "collide:nn_last_partner"
[kp]    32.819s  dealloc      698.7 MB  Cuda     live     4153.1 MB  "collide:nn_last_partner"
[kp]    32.874s  alloc        698.7 MB  Cuda     live     4851.9 MB  "collide:nn_last_partner"
[kp]    32.874s  dealloc      698.7 MB  Cuda     live     4153.1 MB  "collide:nn_last_partner"
[kp]    32.929s  alloc        698.7 MB  Cuda     live     4851.9 MB  "collide:nn_last_partner"
[kp]    32.930s  dealloc      698.7 MB  Cuda     live     4153.1 MB  "collide:nn_last_partner"
[kp]    32.984s  alloc        698.7 MB  Cuda     live     4851.9 MB  "collide:nn_last_partner"
[kp]    32.985s  dealloc      698.7 MB  Cuda     live     4153.1 MB  "collide:nn_last_partner"
[kp]    33.040s  alloc        698.7 MB  Cuda     live     4851.9 MB  "collide:nn_last_partner"
[kp]    33.041s  dealloc      698.7 MB  Cuda     live     4153.1 MB  "collide:nn_last_partner"
[kp]    33.095s  alloc        698.7 MB  Cuda     live     4851.9 MB  "collide:nn_last_partner"
[kp]    33.096s  dealloc      698.7 MB  Cuda     live     4153.1 MB  "collide:nn_last_partner"
[kp]    33.151s  alloc        698.7 MB  Cuda     live     4851.9 MB  "collide:nn_last_partner"
[kp]    33.151s  dealloc      698.7 MB  Cuda     live     4153.1 MB  "collide:nn_last_partner"
[kp]    33.206s  alloc        698.7 MB  Cuda     live     4851.9 MB  "collide:nn_last_partner"
[kp]    33.207s  dealloc      698.7 MB  Cuda     live     4153.1 MB  "collide:nn_last_partner"
[kp]    33.261s  alloc        698.7 MB  Cuda     live     4851.9 MB  "collide:nn_last_partner"
[kp]    33.262s  dealloc      698.7 MB  Cuda     live     4153.1 MB  "collide:nn_last_partner"
[kp]    33.317s  alloc        698.7 MB  Cuda     live     4851.9 MB  "collide:nn_last_partner"
[kp]    33.318s  dealloc      698.7 MB  Cuda     live     4153.1 MB  "collide:nn_last_partner"
[kp]    33.374s  alloc        698.7 MB  Cuda     live     4851.9 MB  "collide:nn_last_partner"
[kp]    33.374s  dealloc      698.7 MB  Cuda     live     4153.1 MB  "collide:nn_last_partner"
[kp]    33.429s  alloc        698.7 MB  Cuda     live     4851.9 MB  "collide:nn_last_partner"
[kp]    33.430s  dealloc      698.7 MB  Cuda     live     4153.1 MB  "collide:nn_last_partner"
[kp]    33.484s  alloc        698.7 MB  Cuda     live     4851.9 MB  "collide:nn_last_partner"
[kp]    33.485s  dealloc      698.7 MB  Cuda     live     4153.1 MB  "collide:nn_last_partner"
[kp]    33.540s  alloc        698.7 MB  Cuda     live     4851.9 MB  "collide:nn_last_partner"
[kp]    33.541s  dealloc      698.7 MB  Cuda     live     4153.1 MB  "collide:nn_last_partner"
[kp]    33.595s  alloc        698.7 MB  Cuda     live     4851.9 MB  "collide:nn_last_partner"
[kp]    33.596s  dealloc      698.7 MB  Cuda     live     4153.1 MB  "collide:nn_last_partner"
[kp]    33.651s  alloc        698.7 MB  Cuda     live     4851.9 MB  "collide:nn_last_partner"
[kp]    33.651s  dealloc      698.7 MB  Cuda     live     4153.1 MB  "collide:nn_last_partner"
[kp]    33.706s  alloc        698.7 MB  Cuda     live     4851.9 MB  "collide:nn_last_partner"
[kp]    33.707s  dealloc      698.7 MB  Cuda     live     4153.1 MB  "collide:nn_last_partner"
[kp]    33.761s  alloc        698.7 MB  Cuda     live     4851.9 MB  "collide:nn_last_partner"
[kp]    33.762s  dealloc      698.7 MB  Cuda     live     4153.1 MB  "collide:nn_last_partner"
[kp]    33.817s  alloc        698.7 MB  Cuda     live     4851.9 MB  "collide:nn_last_partner"
[kp]    33.817s  dealloc      698.7 MB  Cuda     live     4153.1 MB  "collide:nn_last_partner"
[kp]    33.872s  alloc        698.7 MB  Cuda     live     4851.9 MB  "collide:nn_last_partner"
[kp]    33.873s  dealloc      698.7 MB  Cuda     live     4153.1 MB  "collide:nn_last_partner"
[kp]    33.927s  alloc        698.7 MB  Cuda     live     4851.9 MB  "collide:nn_last_partner"
[kp]    33.928s  dealloc      698.7 MB  Cuda     live     4153.1 MB  "collide:nn_last_partner"
[kp]    33.983s  alloc        698.7 MB  Cuda     live     4851.9 MB  "collide:nn_last_partner"
[kp]    33.984s  dealloc      698.7 MB  Cuda     live     4153.1 MB  "collide:nn_last_partner"
[kp]    34.038s  alloc        698.7 MB  Cuda     live     4851.9 MB  "collide:nn_last_partner"
[kp]    34.039s  dealloc      698.7 MB  Cuda     live     4153.1 MB  "collide:nn_last_partner"
[kp]    34.094s  alloc        698.7 MB  Cuda     live     4851.9 MB  "collide:nn_last_partner"
[kp]    34.094s  dealloc      698.7 MB  Cuda     live     4153.1 MB  "collide:nn_last_partner"
[kp]    34.149s  alloc        698.7 MB  Cuda     live     4851.9 MB  "collide:nn_last_partner"
[kp]    34.150s  dealloc      698.7 MB  Cuda     live     4153.1 MB  "collide:nn_last_partner"
[kp]    34.204s  alloc        698.7 MB  Cuda     live     4851.9 MB  "collide:nn_last_partner"
[kp]    34.205s  dealloc      698.7 MB  Cuda     live     4153.1 MB  "collide:nn_last_partner"
[kp]    34.260s  alloc        698.7 MB  Cuda     live     4851.9 MB  "collide:nn_last_partner"
[kp]    34.260s  dealloc      698.7 MB  Cuda     live     4153.1 MB  "collide:nn_last_partner"
[kp]    34.315s  alloc        698.7 MB  Cuda     live     4851.9 MB  "collide:nn_last_partner"
[kp]    34.316s  dealloc      698.7 MB  Cuda     live     4153.1 MB  "collide:nn_last_partner"
[kp]    34.370s  alloc        698.7 MB  Cuda     live     4851.9 MB  "collide:nn_last_partner"
[kp]    34.371s  dealloc      698.7 MB  Cuda     live     4153.1 MB  "collide:nn_last_partner"
[kp]    34.426s  alloc        698.7 MB  Cuda     live     4851.9 MB  "collide:nn_last_partner"
[kp]    34.426s  dealloc      698.7 MB  Cuda     live     4153.1 MB  "collide:nn_last_partner"
[kp]    34.481s  alloc        698.7 MB  Cuda     live     4851.9 MB  "collide:nn_last_partner"
[kp]    34.482s  dealloc      698.7 MB  Cuda     live     4153.1 MB  "collide:nn_last_partner"
[kp]    34.536s  alloc        698.7 MB  Cuda     live     4851.9 MB  "collide:nn_last_partner"
[kp]    34.537s  dealloc      698.7 MB  Cuda     live     4153.1 MB  "collide:nn_last_partner"
[kp]    34.592s  alloc        698.7 MB  Cuda     live     4851.9 MB  "collide:nn_last_partner"
[kp]    34.593s  dealloc      698.7 MB  Cuda     live     4153.1 MB  "collide:nn_last_partner"
[kp]    34.647s  alloc        698.7 MB  Cuda     live     4851.9 MB  "collide:nn_last_partner"
[kp]    34.648s  dealloc      698.7 MB  Cuda     live     4153.1 MB  "collide:nn_last_partner"
[kp]    34.702s  alloc        698.7 MB  Cuda     live     4851.9 MB  "collide:nn_last_partner"
[kp]    34.703s  dealloc      698.7 MB  Cuda     live     4153.1 MB  "collide:nn_last_partner"
[kp]    34.758s  alloc        698.7 MB  Cuda     live     4851.9 MB  "collide:nn_last_partner"
[kp]    34.759s  dealloc      698.7 MB  Cuda     live     4153.2 MB  "collide:nn_last_partner"
[kp]    34.813s  alloc        698.7 MB  Cuda     live     4851.9 MB  "collide:nn_last_partner"
[kp]    34.814s  dealloc      698.7 MB  Cuda     live     4153.2 MB  "collide:nn_last_partner"
[kp]    34.869s  alloc        698.7 MB  Cuda     live     4851.9 MB  "collide:nn_last_partner"
[kp]    34.870s  dealloc      698.7 MB  Cuda     live     4153.2 MB  "collide:nn_last_partner"
[kp]    34.924s  alloc        698.7 MB  Cuda     live     4851.9 MB  "collide:nn_last_partner"
[kp]    34.925s  dealloc      698.7 MB  Cuda     live     4153.2 MB  "collide:nn_last_partner"
[kp]    34.979s  alloc        698.7 MB  Cuda     live     4851.9 MB  "collide:nn_last_partner"
[kp]    34.980s  dealloc      698.7 MB  Cuda     live     4153.2 MB  "collide:nn_last_partner"
[kp]    35.035s  alloc        698.7 MB  Cuda     live     4851.9 MB  "collide:nn_last_partner"
[kp]    35.036s  dealloc      698.7 MB  Cuda     live     4153.2 MB  "collide:nn_last_partner"
[kp]    35.090s  alloc        698.7 MB  Cuda     live     4851.9 MB  "collide:nn_last_partner"
[kp]    35.091s  dealloc      698.7 MB  Cuda     live     4153.2 MB  "collide:nn_last_partner"
[kp]    35.145s  alloc        698.7 MB  Cuda     live     4851.9 MB  "collide:nn_last_partner"
[kp]    35.146s  dealloc      698.7 MB  Cuda     live     4153.2 MB  "collide:nn_last_partner"
[kp]    35.201s  alloc        698.7 MB  Cuda     live     4851.9 MB  "collide:nn_last_partner"
[kp]    35.202s  dealloc      698.7 MB  Cuda     live     4153.2 MB  "collide:nn_last_partner"
[kp]    35.256s  alloc        698.7 MB  Cuda     live     4851.9 MB  "collide:nn_last_partner"
[kp]    35.257s  dealloc      698.7 MB  Cuda     live     4153.2 MB  "collide:nn_last_partner"
[kp]    35.312s  alloc        698.7 MB  Cuda     live     4851.9 MB  "collide:nn_last_partner"
[kp]    35.312s  dealloc      698.7 MB  Cuda     live     4153.2 MB  "collide:nn_last_partner"
[kp]    35.367s  alloc        698.7 MB  Cuda     live     4851.9 MB  "collide:nn_last_partner"
[kp]    35.368s  dealloc      698.7 MB  Cuda     live     4153.2 MB  "collide:nn_last_partner"
[kp]    35.422s  alloc        698.7 MB  Cuda     live     4851.9 MB  "collide:nn_last_partner"
[kp]    35.423s  dealloc      698.7 MB  Cuda     live     4153.2 MB  "collide:nn_last_partner"
[kp]    35.478s  alloc        698.7 MB  Cuda     live     4851.9 MB  "collide:nn_last_partner"
[kp]    35.478s  dealloc      698.7 MB  Cuda     live     4153.2 MB  "collide:nn_last_partner"
[kp]    35.533s  alloc        698.7 MB  Cuda     live     4851.9 MB  "collide:nn_last_partner"
[kp]    35.534s  dealloc      698.7 MB  Cuda     live     4153.2 MB  "collide:nn_last_partner"
[kp]    35.588s  alloc        698.7 MB  Cuda     live     4851.9 MB  "collide:nn_last_partner"
[kp]    35.589s  dealloc      698.7 MB  Cuda     live     4153.2 MB  "collide:nn_last_partner"
[kp]    35.643s  alloc        698.7 MB  Cuda     live     4851.9 MB  "collide:nn_last_partner"
[kp]    35.644s  dealloc      698.7 MB  Cuda     live     4153.2 MB  "collide:nn_last_partner"
[kp]    35.699s  alloc        698.7 MB  Cuda     live     4851.9 MB  "collide:nn_last_partner"
[kp]    35.700s  dealloc      698.7 MB  Cuda     live     4153.2 MB  "collide:nn_last_partner"
[kp]    35.754s  alloc        698.7 MB  Cuda     live     4851.9 MB  "collide:nn_last_partner"
[kp]    35.755s  dealloc      698.7 MB  Cuda     live     4153.2 MB  "collide:nn_last_partner"
[kp]    35.809s  alloc        698.7 MB  Cuda     live     4851.9 MB  "collide:nn_last_partner"
[kp]    35.810s  dealloc      698.7 MB  Cuda     live     4153.2 MB  "collide:nn_last_partner"
[kp]    35.865s  alloc        698.7 MB  Cuda     live     4851.9 MB  "collide:nn_last_partner"
[kp]    35.866s  dealloc      698.7 MB  Cuda     live     4153.2 MB  "collide:nn_last_partner"
[kp]    35.920s  alloc        698.7 MB  Cuda     live     4851.9 MB  "collide:nn_last_partner"
[kp]    35.921s  dealloc      698.7 MB  Cuda     live     4153.2 MB  "collide:nn_last_partner"
[kp]    35.975s  alloc        698.7 MB  Cuda     live     4851.9 MB  "collide:nn_last_partner"
[kp]    35.976s  dealloc      698.7 MB  Cuda     live     4153.2 MB  "collide:nn_last_partner"
[kp]    36.031s  alloc        698.7 MB  Cuda     live     4851.9 MB  "collide:nn_last_partner"
[kp]    36.031s  dealloc      698.7 MB  Cuda     live     4153.2 MB  "collide:nn_last_partner"
[kp]    36.086s  alloc        698.7 MB  Cuda     live     4851.9 MB  "collide:nn_last_partner"
[kp]    36.087s  dealloc      698.7 MB  Cuda     live     4153.2 MB  "collide:nn_last_partner"
[kp]    36.141s  alloc        698.7 MB  Cuda     live     4851.9 MB  "collide:nn_last_partner"
[kp]    36.142s  dealloc      698.7 MB  Cuda     live     4153.2 MB  "collide:nn_last_partner"
[kp]    36.197s  alloc        698.7 MB  Cuda     live     4851.9 MB  "collide:nn_last_partner"
[kp]    36.197s  dealloc      698.7 MB  Cuda     live     4153.2 MB  "collide:nn_last_partner"
[kp]    36.252s  alloc        698.7 MB  Cuda     live     4851.9 MB  "collide:nn_last_partner"
[kp]    36.253s  dealloc      698.7 MB  Cuda     live     4153.2 MB  "collide:nn_last_partner"
[kp]    36.307s  alloc        698.7 MB  Cuda     live     4851.9 MB  "collide:nn_last_partner"
[kp]    36.308s  dealloc      698.7 MB  Cuda     live     4153.2 MB  "collide:nn_last_partner"
[kp]    36.362s  alloc        698.7 MB  Cuda     live     4851.9 MB  "collide:nn_last_partner"
[kp]    36.363s  dealloc      698.7 MB  Cuda     live     4153.2 MB  "collide:nn_last_partner"
[kp]    36.418s  alloc        698.7 MB  Cuda     live     4851.9 MB  "collide:nn_last_partner"
[kp]    36.419s  dealloc      698.7 MB  Cuda     live     4153.2 MB  "collide:nn_last_partner"
[kp]    36.473s  alloc        698.7 MB  Cuda     live     4851.9 MB  "collide:nn_last_partner"
[kp]    36.474s  dealloc      698.7 MB  Cuda     live     4153.2 MB  "collide:nn_last_partner"
[kp]    36.528s  alloc        698.7 MB  Cuda     live     4851.9 MB  "collide:nn_last_partner"
[kp]    36.529s  dealloc      698.7 MB  Cuda     live     4153.2 MB  "collide:nn_last_partner"
[kp]    36.584s  alloc        698.7 MB  Cuda     live     4851.9 MB  "collide:nn_last_partner"
[kp]    36.585s  dealloc      698.7 MB  Cuda     live     4153.2 MB  "collide:nn_last_partner"
[kp]    36.639s  alloc        698.7 MB  Cuda     live     4851.9 MB  "collide:nn_last_partner"
[kp]    36.640s  dealloc      698.7 MB  Cuda     live     4153.2 MB  "collide:nn_last_partner"
[kp]    36.695s  alloc        698.7 MB  Cuda     live     4851.9 MB  "collide:nn_last_partner"
[kp]    36.695s  dealloc      698.7 MB  Cuda     live     4153.2 MB  "collide:nn_last_partner"
[kp]    36.750s  alloc        698.7 MB  Cuda     live     4851.9 MB  "collide:nn_last_partner"
[kp]    36.751s  dealloc      698.7 MB  Cuda     live     4153.2 MB  "collide:nn_last_partner"
[kp]    36.805s  alloc        698.7 MB  Cuda     live     4851.9 MB  "collide:nn_last_partner"
[kp]    36.806s  dealloc      698.7 MB  Cuda     live     4153.2 MB  "collide:nn_last_partner"
[kp]    36.860s  alloc        698.7 MB  Cuda     live     4851.9 MB  "collide:nn_last_partner"
[kp]    36.861s  dealloc      698.7 MB  Cuda     live     4153.2 MB  "collide:nn_last_partner"
[kp]    36.916s  alloc        698.7 MB  Cuda     live     4851.9 MB  "collide:nn_last_partner"
[kp]    36.917s  dealloc      698.7 MB  Cuda     live     4153.2 MB  "collide:nn_last_partner"
[kp]    36.971s  alloc        698.7 MB  Cuda     live     4851.9 MB  "collide:nn_last_partner"
[kp]    36.972s  dealloc      698.7 MB  Cuda     live     4153.2 MB  "collide:nn_last_partner"
[kp]    37.026s  alloc        698.7 MB  Cuda     live     4851.9 MB  "collide:nn_last_partner"
[kp]    37.027s  dealloc      698.7 MB  Cuda     live     4153.2 MB  "collide:nn_last_partner"
[kp]    37.082s  alloc        698.7 MB  Cuda     live     4851.9 MB  "collide:nn_last_partner"
[kp]    37.082s  dealloc      698.7 MB  Cuda     live     4153.2 MB  "collide:nn_last_partner"
[kp]    37.137s  alloc        698.7 MB  Cuda     live     4851.9 MB  "collide:nn_last_partner"
[kp]    37.138s  dealloc      698.7 MB  Cuda     live     4153.2 MB  "collide:nn_last_partner"
[kp]    37.192s  alloc        698.7 MB  Cuda     live     4851.9 MB  "collide:nn_last_partner"
[kp]    37.193s  dealloc      698.7 MB  Cuda     live     4153.2 MB  "collide:nn_last_partner"
     500    28.429407 5.3091534e-08    17.697179        3e-09 29569632   103858    58543        0        0    296.30403 
[kp]    37.360s  alloc        698.7 MB  Cuda     live     4851.9 MB  "collide:nn_last_partner"
[kp]    37.361s  dealloc      698.7 MB  Cuda     live     4153.2 MB  "collide:nn_last_partner"
[kp]    37.415s  alloc        698.7 MB  Cuda     live     4851.9 MB  "collide:nn_last_partner"
[kp]    37.416s  dealloc      698.7 MB  Cuda     live     4153.2 MB  "collide:nn_last_partner"
[kp]    37.471s  alloc        698.7 MB  Cuda     live     4851.9 MB  "collide:nn_last_partner"
[kp]    37.471s  dealloc      698.7 MB  Cuda     live     4153.2 MB  "collide:nn_last_partner"
[kp]    37.526s  alloc        698.7 MB  Cuda     live     4851.9 MB  "collide:nn_last_partner"
[kp]    37.527s  dealloc      698.7 MB  Cuda     live     4153.2 MB  "collide:nn_last_partner"
[kp]    37.581s  alloc        698.7 MB  Cuda     live     4851.9 MB  "collide:nn_last_partner"
[kp]    37.582s  dealloc      698.7 MB  Cuda     live     4153.2 MB  "collide:nn_last_partner"
[kp]    37.636s  alloc        698.7 MB  Cuda     live     4851.9 MB  "collide:nn_last_partner"
[kp]    37.637s  dealloc      698.7 MB  Cuda     live     4153.2 MB  "collide:nn_last_partner"
[kp]    37.692s  alloc        698.7 MB  Cuda     live     4851.9 MB  "collide:nn_last_partner"
[kp]    37.692s  dealloc      698.7 MB  Cuda     live     4153.2 MB  "collide:nn_last_partner"
[kp]    37.747s  alloc        698.7 MB  Cuda     live     4851.9 MB  "collide:nn_last_partner"
[kp]    37.748s  dealloc      698.7 MB  Cuda     live     4153.2 MB  "collide:nn_last_partner"
[kp]    37.802s  alloc        698.7 MB  Cuda     live     4851.9 MB  "collide:nn_last_partner"
[kp]    37.803s  dealloc      698.7 MB  Cuda     live     4153.2 MB  "collide:nn_last_partner"
[kp]    37.857s  alloc        698.7 MB  Cuda     live     4851.9 MB  "collide:nn_last_partner"
[kp]    37.858s  dealloc      698.7 MB  Cuda     live     4153.2 MB  "collide:nn_last_partner"
[kp]    37.913s  alloc        698.7 MB  Cuda     live     4851.9 MB  "collide:nn_last_partner"
[kp]    37.914s  dealloc      698.7 MB  Cuda     live     4153.2 MB  "collide:nn_last_partner"
[kp]    37.968s  alloc        698.7 MB  Cuda     live     4851.9 MB  "collide:nn_last_partner"
[kp]    37.969s  dealloc      698.7 MB  Cuda     live     4153.2 MB  "collide:nn_last_partner"
[kp]    38.023s  alloc        698.7 MB  Cuda     live     4851.9 MB  "collide:nn_last_partner"
[kp]    38.024s  dealloc      698.7 MB  Cuda     live     4153.2 MB  "collide:nn_last_partner"
[kp]    38.078s  alloc        698.7 MB  Cuda     live     4851.9 MB  "collide:nn_last_partner"
[kp]    38.079s  dealloc      698.7 MB  Cuda     live     4153.2 MB  "collide:nn_last_partner"
[kp]    38.134s  alloc        698.7 MB  Cuda     live     4851.9 MB  "collide:nn_last_partner"
[kp]    38.135s  dealloc      698.7 MB  Cuda     live     4153.2 MB  "collide:nn_last_partner"
[kp]    38.189s  alloc        698.7 MB  Cuda     live     4851.9 MB  "collide:nn_last_partner"
[kp]    38.190s  dealloc      698.7 MB  Cuda     live     4153.2 MB  "collide:nn_last_partner"
[kp]    38.244s  alloc        698.7 MB  Cuda     live     4851.9 MB  "collide:nn_last_partner"
[kp]    38.245s  dealloc      698.7 MB  Cuda     live     4153.2 MB  "collide:nn_last_partner"
[kp]    38.299s  alloc        698.7 MB  Cuda     live     4851.9 MB  "collide:nn_last_partner"
[kp]    38.300s  dealloc      698.7 MB  Cuda     live     4153.2 MB  "collide:nn_last_partner"
[kp]    38.355s  alloc        698.7 MB  Cuda     live     4851.9 MB  "collide:nn_last_partner"
[kp]    38.356s  dealloc      698.7 MB  Cuda     live     4153.2 MB  "collide:nn_last_partner"
[kp]    38.411s  alloc        698.7 MB  Cuda     live     4851.9 MB  "collide:nn_last_partner"
[kp]    38.412s  dealloc      698.7 MB  Cuda     live     4153.2 MB  "collide:nn_last_partner"
[kp]    38.467s  alloc        698.7 MB  Cuda     live     4851.9 MB  "collide:nn_last_partner"
[kp]    38.468s  dealloc      698.7 MB  Cuda     live     4153.2 MB  "collide:nn_last_partner"
[kp]    38.522s  alloc        698.7 MB  Cuda     live     4851.9 MB  "collide:nn_last_partner"
[kp]    38.523s  dealloc      698.7 MB  Cuda     live     4153.2 MB  "collide:nn_last_partner"
[kp]    38.577s  alloc        698.7 MB  Cuda     live     4851.9 MB  "collide:nn_last_partner"
[kp]    38.578s  dealloc      698.7 MB  Cuda     live     4153.2 MB  "collide:nn_last_partner"
[kp]    38.633s  alloc        698.7 MB  Cuda     live     4851.9 MB  "collide:nn_last_partner"
[kp]    38.633s  dealloc      698.7 MB  Cuda     live     4153.2 MB  "collide:nn_last_partner"
[kp]    38.688s  alloc        698.7 MB  Cuda     live     4851.9 MB  "collide:nn_last_partner"
[kp]    38.689s  dealloc      698.7 MB  Cuda     live     4153.2 MB  "collide:nn_last_partner"
[kp]    38.743s  alloc        698.7 MB  Cuda     live     4851.9 MB  "collide:nn_last_partner"
[kp]    38.744s  dealloc      698.7 MB  Cuda     live     4153.2 MB  "collide:nn_last_partner"
[kp]    38.798s  alloc        698.7 MB  Cuda     live     4851.9 MB  "collide:nn_last_partner"
[kp]    38.799s  dealloc      698.7 MB  Cuda     live     4153.2 MB  "collide:nn_last_partner"
[kp]    38.854s  alloc        698.7 MB  Cuda     live     4851.9 MB  "collide:nn_last_partner"
[kp]    38.854s  dealloc      698.7 MB  Cuda     live     4153.2 MB  "collide:nn_last_partner"
[kp]    38.909s  alloc        698.7 MB  Cuda     live     4851.9 MB  "collide:nn_last_partner"
[kp]    38.910s  dealloc      698.7 MB  Cuda     live     4153.2 MB  "collide:nn_last_partner"
[kp]    38.964s  alloc        698.7 MB  Cuda     live     4851.9 MB  "collide:nn_last_partner"
[kp]    38.965s  dealloc      698.7 MB  Cuda     live     4153.2 MB  "collide:nn_last_partner"
[kp]    39.019s  alloc        698.7 MB  Cuda     live     4851.9 MB  "collide:nn_last_partner"
[kp]    39.020s  dealloc      698.7 MB  Cuda     live     4153.2 MB  "collide:nn_last_partner"
[kp]    39.074s  alloc        698.7 MB  Cuda     live     4851.9 MB  "collide:nn_last_partner"
[kp]    39.075s  dealloc      698.7 MB  Cuda     live     4153.2 MB  "collide:nn_last_partner"
[kp]    39.130s  alloc        698.7 MB  Cuda     live     4851.9 MB  "collide:nn_last_partner"
[kp]    39.131s  dealloc      698.7 MB  Cuda     live     4153.2 MB  "collide:nn_last_partner"
[kp]    39.185s  alloc        698.7 MB  Cuda     live     4851.9 MB  "collide:nn_last_partner"
[kp]    39.186s  dealloc      698.7 MB  Cuda     live     4153.2 MB  "collide:nn_last_partner"
[kp]    39.240s  alloc        698.7 MB  Cuda     live     4851.9 MB  "collide:nn_last_partner"
[kp]    39.241s  dealloc      698.7 MB  Cuda     live     4153.2 MB  "collide:nn_last_partner"
[kp]    39.295s  alloc        698.7 MB  Cuda     live     4851.9 MB  "collide:nn_last_partner"
[kp]    39.296s  dealloc      698.7 MB  Cuda     live     4153.2 MB  "collide:nn_last_partner"
[kp]    39.351s  alloc        698.7 MB  Cuda     live     4851.9 MB  "collide:nn_last_partner"
[kp]    39.351s  dealloc      698.7 MB  Cuda     live     4153.2 MB  "collide:nn_last_partner"
[kp]    39.406s  alloc        698.7 MB  Cuda     live     4851.9 MB  "collide:nn_last_partner"
[kp]    39.407s  dealloc      698.7 MB  Cuda     live     4153.2 MB  "collide:nn_last_partner"
[kp]    39.461s  alloc        698.7 MB  Cuda     live     4851.9 MB  "collide:nn_last_partner"
[kp]    39.462s  dealloc      698.7 MB  Cuda     live     4153.2 MB  "collide:nn_last_partner"
[kp]    39.516s  alloc        698.7 MB  Cuda     live     4851.9 MB  "collide:nn_last_partner"
[kp]    39.517s  dealloc      698.7 MB  Cuda     live     4153.2 MB  "collide:nn_last_partner"
[kp]    39.571s  alloc        698.7 MB  Cuda     live     4851.9 MB  "collide:nn_last_partner"
[kp]    39.572s  dealloc      698.7 MB  Cuda     live     4153.2 MB  "collide:nn_last_partner"
[kp]    39.627s  alloc        698.7 MB  Cuda     live     4851.9 MB  "collide:nn_last_partner"
[kp]    39.627s  dealloc      698.7 MB  Cuda     live     4153.2 MB  "collide:nn_last_partner"
[kp]    39.682s  alloc        698.7 MB  Cuda     live     4851.9 MB  "collide:nn_last_partner"
[kp]    39.683s  dealloc      698.7 MB  Cuda     live     4153.2 MB  "collide:nn_last_partner"
[kp]    39.737s  alloc        698.7 MB  Cuda     live     4851.9 MB  "collide:nn_last_partner"
[kp]    39.738s  dealloc      698.7 MB  Cuda     live     4153.2 MB  "collide:nn_last_partner"
[kp]    39.792s  alloc        698.7 MB  Cuda     live     4851.9 MB  "collide:nn_last_partner"
[kp]    39.793s  dealloc      698.7 MB  Cuda     live     4153.2 MB  "collide:nn_last_partner"
[kp]    39.847s  alloc        698.7 MB  Cuda     live     4851.9 MB  "collide:nn_last_partner"
[kp]    39.848s  dealloc      698.7 MB  Cuda     live     4153.2 MB  "collide:nn_last_partner"
[kp]    39.903s  alloc        698.7 MB  Cuda     live     4851.9 MB  "collide:nn_last_partner"
[kp]    39.903s  dealloc      698.7 MB  Cuda     live     4153.2 MB  "collide:nn_last_partner"
[kp]    39.958s  alloc        698.7 MB  Cuda     live     4851.9 MB  "collide:nn_last_partner"
[kp]    39.958s  dealloc      698.7 MB  Cuda     live     4153.2 MB  "collide:nn_last_partner"
[kp]    40.013s  alloc        698.7 MB  Cuda     live     4851.9 MB  "collide:nn_last_partner"
[kp]    40.014s  dealloc      698.7 MB  Cuda     live     4153.2 MB  "collide:nn_last_partner"
[kp]    40.068s  alloc        698.7 MB  Cuda     live     4851.9 MB  "collide:nn_last_partner"
[kp]    40.069s  dealloc      698.7 MB  Cuda     live     4153.2 MB  "collide:nn_last_partner"
[kp]    40.123s  alloc        698.7 MB  Cuda     live     4851.9 MB  "collide:nn_last_partner"
[kp]    40.124s  dealloc      698.7 MB  Cuda     live     4153.2 MB  "collide:nn_last_partner"
[kp]    40.179s  alloc        698.7 MB  Cuda     live     4851.9 MB  "collide:nn_last_partner"
[kp]    40.179s  dealloc      698.7 MB  Cuda     live     4153.2 MB  "collide:nn_last_partner"
[kp]    40.234s  alloc        698.7 MB  Cuda     live     4851.9 MB  "collide:nn_last_partner"
[kp]    40.235s  dealloc      698.7 MB  Cuda     live     4153.2 MB  "collide:nn_last_partner"
[kp]    40.289s  alloc        698.7 MB  Cuda     live     4851.9 MB  "collide:nn_last_partner"
[kp]    40.290s  dealloc      698.7 MB  Cuda     live     4153.2 MB  "collide:nn_last_partner"
[kp]    40.344s  alloc        698.7 MB  Cuda     live     4851.9 MB  "collide:nn_last_partner"
[kp]    40.345s  dealloc      698.7 MB  Cuda     live     4153.2 MB  "collide:nn_last_partner"
[kp]    40.399s  alloc        698.7 MB  Cuda     live     4851.9 MB  "collide:nn_last_partner"
[kp]    40.400s  dealloc      698.7 MB  Cuda     live     4153.2 MB  "collide:nn_last_partner"
[kp]    40.454s  alloc        698.7 MB  Cuda     live     4851.9 MB  "collide:nn_last_partner"
[kp]    40.455s  dealloc      698.7 MB  Cuda     live     4153.2 MB  "collide:nn_last_partner"
[kp]    40.510s  alloc        698.7 MB  Cuda     live     4851.9 MB  "collide:nn_last_partner"
[kp]    40.510s  dealloc      698.7 MB  Cuda     live     4153.2 MB  "collide:nn_last_partner"
[kp]    40.565s  alloc        698.7 MB  Cuda     live     4851.9 MB  "collide:nn_last_partner"
[kp]    40.566s  dealloc      698.7 MB  Cuda     live     4153.2 MB  "collide:nn_last_partner"
[kp]    40.620s  alloc        698.7 MB  Cuda     live     4851.9 MB  "collide:nn_last_partner"
[kp]    40.621s  dealloc      698.7 MB  Cuda     live     4153.2 MB  "collide:nn_last_partner"
[kp]    40.675s  alloc        698.7 MB  Cuda     live     4851.9 MB  "collide:nn_last_partner"
[kp]    40.676s  dealloc      698.7 MB  Cuda     live     4153.2 MB  "collide:nn_last_partner"
[kp]    40.730s  alloc        698.7 MB  Cuda     live     4851.9 MB  "collide:nn_last_partner"
[kp]    40.731s  dealloc      698.7 MB  Cuda     live     4153.2 MB  "collide:nn_last_partner"
[kp]    40.785s  alloc        698.7 MB  Cuda     live     4851.9 MB  "collide:nn_last_partner"
[kp]    40.786s  dealloc      698.7 MB  Cuda     live     4153.2 MB  "collide:nn_last_partner"
[kp]    40.841s  alloc        698.7 MB  Cuda     live     4851.9 MB  "collide:nn_last_partner"
[kp]    40.842s  dealloc      698.7 MB  Cuda     live     4153.2 MB  "collide:nn_last_partner"
[kp]    40.896s  alloc        698.7 MB  Cuda     live     4851.9 MB  "collide:nn_last_partner"
[kp]    40.897s  dealloc      698.7 MB  Cuda     live     4153.2 MB  "collide:nn_last_partner"
[kp]    40.951s  alloc        698.7 MB  Cuda     live     4851.9 MB  "collide:nn_last_partner"
[kp]    40.952s  dealloc      698.7 MB  Cuda     live     4153.2 MB  "collide:nn_last_partner"
[kp]    41.006s  alloc        698.7 MB  Cuda     live     4851.9 MB  "collide:nn_last_partner"
[kp]    41.007s  dealloc      698.7 MB  Cuda     live     4153.2 MB  "collide:nn_last_partner"
[kp]    41.061s  alloc        698.7 MB  Cuda     live     4851.9 MB  "collide:nn_last_partner"
[kp]    41.062s  dealloc      698.7 MB  Cuda     live     4153.2 MB  "collide:nn_last_partner"
[kp]    41.116s  alloc        698.7 MB  Cuda     live     4851.9 MB  "collide:nn_last_partner"
[kp]    41.117s  dealloc      698.7 MB  Cuda     live     4153.2 MB  "collide:nn_last_partner"
[kp]    41.171s  alloc        698.7 MB  Cuda     live     4851.9 MB  "collide:nn_last_partner"
[kp]    41.172s  dealloc      698.7 MB  Cuda     live     4153.2 MB  "collide:nn_last_partner"
[kp]    41.227s  alloc        698.7 MB  Cuda     live     4851.9 MB  "collide:nn_last_partner"
[kp]    41.227s  dealloc      698.7 MB  Cuda     live     4153.2 MB  "collide:nn_last_partner"
[kp]    41.282s  alloc        698.7 MB  Cuda     live     4851.9 MB  "collide:nn_last_partner"
[kp]    41.283s  dealloc      698.7 MB  Cuda     live     4153.2 MB  "collide:nn_last_partner"
[kp]    41.337s  alloc        698.7 MB  Cuda     live     4851.9 MB  "collide:nn_last_partner"
[kp]    41.338s  dealloc      698.7 MB  Cuda     live     4153.2 MB  "collide:nn_last_partner"
[kp]    41.392s  alloc        698.7 MB  Cuda     live     4851.9 MB  "collide:nn_last_partner"
[kp]    41.393s  dealloc      698.7 MB  Cuda     live     4153.2 MB  "collide:nn_last_partner"
[kp]    41.447s  alloc        698.7 MB  Cuda     live     4851.9 MB  "collide:nn_last_partner"
[kp]    41.448s  dealloc      698.7 MB  Cuda     live     4153.2 MB  "collide:nn_last_partner"
[kp]    41.502s  alloc        698.7 MB  Cuda     live     4851.9 MB  "collide:nn_last_partner"
[kp]    41.503s  dealloc      698.7 MB  Cuda     live     4153.2 MB  "collide:nn_last_partner"
[kp]    41.557s  alloc        698.7 MB  Cuda     live     4851.9 MB  "collide:nn_last_partner"
[kp]    41.558s  dealloc      698.7 MB  Cuda     live     4153.2 MB  "collide:nn_last_partner"
[kp]    41.612s  alloc        698.7 MB  Cuda     live     4851.9 MB  "collide:nn_last_partner"
[kp]    41.613s  dealloc      698.7 MB  Cuda     live     4153.2 MB  "collide:nn_last_partner"
[kp]    41.668s  alloc        698.7 MB  Cuda     live     4851.9 MB  "collide:nn_last_partner"
[kp]    41.668s  dealloc      698.7 MB  Cuda     live     4153.2 MB  "collide:nn_last_partner"
[kp]    41.723s  alloc        698.7 MB  Cuda     live     4851.9 MB  "collide:nn_last_partner"
[kp]    41.723s  dealloc      698.7 MB  Cuda     live     4153.2 MB  "collide:nn_last_partner"
[kp]    41.778s  alloc        698.7 MB  Cuda     live     4851.9 MB  "collide:nn_last_partner"
[kp]    41.779s  dealloc      698.7 MB  Cuda     live     4153.2 MB  "collide:nn_last_partner"
[kp]    41.833s  alloc        698.7 MB  Cuda     live     4851.9 MB  "collide:nn_last_partner"
[kp]    41.834s  dealloc      698.7 MB  Cuda     live     4153.2 MB  "collide:nn_last_partner"
[kp]    41.888s  alloc        698.7 MB  Cuda     live     4851.9 MB  "collide:nn_last_partner"
[kp]    41.889s  dealloc      698.7 MB  Cuda     live     4153.2 MB  "collide:nn_last_partner"
[kp]    41.943s  alloc        698.7 MB  Cuda     live     4851.9 MB  "collide:nn_last_partner"
[kp]    41.944s  dealloc      698.7 MB  Cuda     live     4153.2 MB  "collide:nn_last_partner"
[kp]    41.998s  alloc        698.7 MB  Cuda     live     4851.9 MB  "collide:nn_last_partner"
[kp]    41.999s  dealloc      698.7 MB  Cuda     live     4153.2 MB  "collide:nn_last_partner"
[kp]    42.053s  alloc        698.7 MB  Cuda     live     4851.9 MB  "collide:nn_last_partner"
[kp]    42.054s  dealloc      698.7 MB  Cuda     live     4153.2 MB  "collide:nn_last_partner"
[kp]    42.108s  alloc        698.7 MB  Cuda     live     4851.9 MB  "collide:nn_last_partner"
[kp]    42.109s  dealloc      698.7 MB  Cuda     live     4153.2 MB  "collide:nn_last_partner"
[kp]    42.163s  alloc        698.7 MB  Cuda     live     4851.9 MB  "collide:nn_last_partner"
[kp]    42.164s  dealloc      698.7 MB  Cuda     live     4153.2 MB  "collide:nn_last_partner"
[kp]    42.219s  alloc        698.7 MB  Cuda     live     4851.9 MB  "collide:nn_last_partner"
[kp]    42.219s  dealloc      698.7 MB  Cuda     live     4153.2 MB  "collide:nn_last_partner"
[kp]    42.274s  alloc        698.7 MB  Cuda     live     4851.9 MB  "collide:nn_last_partner"
[kp]    42.274s  dealloc      698.7 MB  Cuda     live     4153.2 MB  "collide:nn_last_partner"
[kp]    42.329s  alloc        698.7 MB  Cuda     live     4851.9 MB  "collide:nn_last_partner"
[kp]    42.330s  dealloc      698.7 MB  Cuda     live     4153.2 MB  "collide:nn_last_partner"
[kp]    42.384s  alloc        698.7 MB  Cuda     live     4851.9 MB  "collide:nn_last_partner"
[kp]    42.385s  dealloc      698.7 MB  Cuda     live     4153.2 MB  "collide:nn_last_partner"
[kp]    42.439s  alloc        698.7 MB  Cuda     live     4851.9 MB  "collide:nn_last_partner"
[kp]    42.440s  dealloc      698.7 MB  Cuda     live     4153.2 MB  "collide:nn_last_partner"
[kp]    42.494s  alloc        698.7 MB  Cuda     live     4851.9 MB  "collide:nn_last_partner"
[kp]    42.495s  dealloc      698.7 MB  Cuda     live     4153.2 MB  "collide:nn_last_partner"
[kp]    42.549s  alloc        698.7 MB  Cuda     live     4851.9 MB  "collide:nn_last_partner"
[kp]    42.550s  dealloc      698.7 MB  Cuda     live     4153.2 MB  "collide:nn_last_partner"
[kp]    42.604s  alloc        698.7 MB  Cuda     live     4851.9 MB  "collide:nn_last_partner"
[kp]    42.605s  dealloc      698.7 MB  Cuda     live     4153.2 MB  "collide:nn_last_partner"
[kp]    42.659s  alloc        698.7 MB  Cuda     live     4851.9 MB  "collide:nn_last_partner"
[kp]    42.660s  dealloc      698.7 MB  Cuda     live     4153.2 MB  "collide:nn_last_partner"
[kp]    42.714s  alloc        698.7 MB  Cuda     live     4851.9 MB  "collide:nn_last_partner"
[kp]    42.715s  dealloc      698.7 MB  Cuda     live     4153.2 MB  "collide:nn_last_partner"
[kp]    42.770s  alloc        698.7 MB  Cuda     live     4851.9 MB  "collide:nn_last_partner"
[kp]    42.770s  dealloc      698.7 MB  Cuda     live     4153.2 MB  "collide:nn_last_partner"
[kp]    42.825s  alloc        698.7 MB  Cuda     live     4851.9 MB  "collide:nn_last_partner"
[kp]    42.825s  dealloc      698.7 MB  Cuda     live     4153.2 MB  "collide:nn_last_partner"
     600    34.061823 5.3263108e-08     17.75437        3e-09 29462240   104554    58396        0        0    296.00342 
[kp]    42.992s  alloc        698.7 MB  Cuda     live     4851.9 MB  "collide:nn_last_partner"
[kp]    42.993s  dealloc      698.7 MB  Cuda     live     4153.2 MB  "collide:nn_last_partner"
[kp]    43.047s  alloc        698.7 MB  Cuda     live     4851.9 MB  "collide:nn_last_partner"
[kp]    43.048s  dealloc      698.7 MB  Cuda     live     4153.2 MB  "collide:nn_last_partner"
[kp]    43.102s  alloc        698.7 MB  Cuda     live     4851.9 MB  "collide:nn_last_partner"
[kp]    43.103s  dealloc      698.7 MB  Cuda     live     4153.2 MB  "collide:nn_last_partner"
[kp]    43.157s  alloc        698.7 MB  Cuda     live     4851.9 MB  "collide:nn_last_partner"
[kp]    43.158s  dealloc      698.7 MB  Cuda     live     4153.2 MB  "collide:nn_last_partner"
[kp]    43.212s  alloc        698.7 MB  Cuda     live     4851.9 MB  "collide:nn_last_partner"
[kp]    43.213s  dealloc      698.7 MB  Cuda     live     4153.2 MB  "collide:nn_last_partner"
[kp]    43.268s  alloc        698.7 MB  Cuda     live     4851.9 MB  "collide:nn_last_partner"
[kp]    43.268s  dealloc      698.7 MB  Cuda     live     4153.2 MB  "collide:nn_last_partner"
[kp]    43.323s  alloc        698.7 MB  Cuda     live     4851.9 MB  "collide:nn_last_partner"
[kp]    43.323s  dealloc      698.7 MB  Cuda     live     4153.2 MB  "collide:nn_last_partner"
[kp]    43.378s  alloc        698.7 MB  Cuda     live     4851.9 MB  "collide:nn_last_partner"
[kp]    43.378s  dealloc      698.7 MB  Cuda     live     4153.2 MB  "collide:nn_last_partner"
[kp]    43.433s  alloc        698.7 MB  Cuda     live     4851.9 MB  "collide:nn_last_partner"
[kp]    43.434s  dealloc      698.7 MB  Cuda     live     4153.2 MB  "collide:nn_last_partner"
[kp]    43.488s  alloc        698.7 MB  Cuda     live     4851.9 MB  "collide:nn_last_partner"
[kp]    43.489s  dealloc      698.7 MB  Cuda     live     4153.2 MB  "collide:nn_last_partner"
[kp]    43.543s  alloc        698.7 MB  Cuda     live     4851.9 MB  "collide:nn_last_partner"
[kp]    43.544s  dealloc      698.7 MB  Cuda     live     4153.2 MB  "collide:nn_last_partner"
[kp]    43.598s  alloc        698.7 MB  Cuda     live     4851.9 MB  "collide:nn_last_partner"
[kp]    43.599s  dealloc      698.7 MB  Cuda     live     4153.2 MB  "collide:nn_last_partner"
[kp]    43.653s  alloc        698.7 MB  Cuda     live     4851.9 MB  "collide:nn_last_partner"
[kp]    43.654s  dealloc      698.7 MB  Cuda     live     4153.2 MB  "collide:nn_last_partner"
[kp]    43.708s  alloc        698.7 MB  Cuda     live     4851.9 MB  "collide:nn_last_partner"
[kp]    43.709s  dealloc      698.7 MB  Cuda     live     4153.2 MB  "collide:nn_last_partner"
[kp]    43.763s  alloc        698.7 MB  Cuda     live     4851.9 MB  "collide:nn_last_partner"
[kp]    43.764s  dealloc      698.7 MB  Cuda     live     4153.2 MB  "collide:nn_last_partner"
[kp]    43.818s  alloc        698.7 MB  Cuda     live     4851.9 MB  "collide:nn_last_partner"
[kp]    43.819s  dealloc      698.7 MB  Cuda     live     4153.2 MB  "collide:nn_last_partner"
[kp]    43.874s  alloc        698.7 MB  Cuda     live     4851.9 MB  "collide:nn_last_partner"
[kp]    43.874s  dealloc      698.7 MB  Cuda     live     4153.2 MB  "collide:nn_last_partner"
[kp]    43.929s  alloc        698.7 MB  Cuda     live     4851.9 MB  "collide:nn_last_partner"
[kp]    43.929s  dealloc      698.7 MB  Cuda     live     4153.2 MB  "collide:nn_last_partner"
[kp]    43.984s  alloc        698.7 MB  Cuda     live     4851.9 MB  "collide:nn_last_partner"
[kp]    43.984s  dealloc      698.7 MB  Cuda     live     4153.2 MB  "collide:nn_last_partner"
[kp]    44.039s  alloc        698.7 MB  Cuda     live     4851.9 MB  "collide:nn_last_partner"
[kp]    44.040s  dealloc      698.7 MB  Cuda     live     4153.2 MB  "collide:nn_last_partner"
[kp]    44.094s  alloc        698.7 MB  Cuda     live     4851.9 MB  "collide:nn_last_partner"
[kp]    44.095s  dealloc      698.7 MB  Cuda     live     4153.2 MB  "collide:nn_last_partner"
[kp]    44.149s  alloc        698.7 MB  Cuda     live     4851.9 MB  "collide:nn_last_partner"
[kp]    44.150s  dealloc      698.7 MB  Cuda     live     4153.2 MB  "collide:nn_last_partner"
[kp]    44.204s  alloc        698.7 MB  Cuda     live     4851.9 MB  "collide:nn_last_partner"
[kp]    44.205s  dealloc      698.7 MB  Cuda     live     4153.2 MB  "collide:nn_last_partner"
[kp]    44.259s  alloc        698.7 MB  Cuda     live     4851.9 MB  "collide:nn_last_partner"
[kp]    44.260s  dealloc      698.7 MB  Cuda     live     4153.2 MB  "collide:nn_last_partner"
[kp]    44.314s  alloc        698.7 MB  Cuda     live     4851.9 MB  "collide:nn_last_partner"
[kp]    44.315s  dealloc      698.7 MB  Cuda     live     4153.2 MB  "collide:nn_last_partner"
[kp]    44.369s  alloc        698.7 MB  Cuda     live     4851.9 MB  "collide:nn_last_partner"
[kp]    44.370s  dealloc      698.7 MB  Cuda     live     4153.2 MB  "collide:nn_last_partner"
[kp]    44.424s  alloc        698.7 MB  Cuda     live     4851.9 MB  "collide:nn_last_partner"
[kp]    44.425s  dealloc      698.7 MB  Cuda     live     4153.2 MB  "collide:nn_last_partner"
[kp]    44.479s  alloc        698.7 MB  Cuda     live     4851.9 MB  "collide:nn_last_partner"
[kp]    44.480s  dealloc      698.7 MB  Cuda     live     4153.2 MB  "collide:nn_last_partner"
[kp]    44.534s  alloc        698.7 MB  Cuda     live     4851.9 MB  "collide:nn_last_partner"
[kp]    44.535s  dealloc      698.7 MB  Cuda     live     4153.2 MB  "collide:nn_last_partner"
[kp]    44.589s  alloc        698.7 MB  Cuda     live     4851.9 MB  "collide:nn_last_partner"
[kp]    44.590s  dealloc      698.7 MB  Cuda     live     4153.2 MB  "collide:nn_last_partner"
[kp]    44.644s  alloc        698.7 MB  Cuda     live     4851.9 MB  "collide:nn_last_partner"
[kp]    44.645s  dealloc      698.7 MB  Cuda     live     4153.2 MB  "collide:nn_last_partner"
[kp]    44.699s  alloc        698.7 MB  Cuda     live     4851.9 MB  "collide:nn_last_partner"
[kp]    44.700s  dealloc      698.7 MB  Cuda     live     4153.2 MB  "collide:nn_last_partner"
[kp]    44.754s  alloc        698.7 MB  Cuda     live     4851.9 MB  "collide:nn_last_partner"
[kp]    44.755s  dealloc      698.7 MB  Cuda     live     4153.2 MB  "collide:nn_last_partner"
[kp]    44.809s  alloc        698.7 MB  Cuda     live     4851.9 MB  "collide:nn_last_partner"
[kp]    44.810s  dealloc      698.7 MB  Cuda     live     4153.2 MB  "collide:nn_last_partner"
[kp]    44.864s  alloc        698.7 MB  Cuda     live     4851.9 MB  "collide:nn_last_partner"
[kp]    44.865s  dealloc      698.7 MB  Cuda     live     4153.2 MB  "collide:nn_last_partner"
[kp]    44.919s  alloc        698.7 MB  Cuda     live     4851.9 MB  "collide:nn_last_partner"
[kp]    44.920s  dealloc      698.7 MB  Cuda     live     4153.2 MB  "collide:nn_last_partner"
[kp]    44.974s  alloc        698.7 MB  Cuda     live     4851.9 MB  "collide:nn_last_partner"
[kp]    44.975s  dealloc      698.7 MB  Cuda     live     4153.2 MB  "collide:nn_last_partner"
[kp]    45.029s  alloc        698.7 MB  Cuda     live     4851.9 MB  "collide:nn_last_partner"
[kp]    45.030s  dealloc      698.7 MB  Cuda     live     4153.2 MB  "collide:nn_last_partner"
[kp]    45.084s  alloc        698.7 MB  Cuda     live     4851.9 MB  "collide:nn_last_partner"
[kp]    45.085s  dealloc      698.7 MB  Cuda     live     4153.2 MB  "collide:nn_last_partner"
[kp]    45.139s  alloc        698.7 MB  Cuda     live     4851.9 MB  "collide:nn_last_partner"
[kp]    45.140s  dealloc      698.7 MB  Cuda     live     4153.2 MB  "collide:nn_last_partner"
[kp]    45.194s  alloc        698.7 MB  Cuda     live     4851.9 MB  "collide:nn_last_partner"
[kp]    45.195s  dealloc      698.7 MB  Cuda     live     4153.2 MB  "collide:nn_last_partner"
[kp]    45.249s  alloc        698.7 MB  Cuda     live     4851.9 MB  "collide:nn_last_partner"
[kp]    45.250s  dealloc      698.7 MB  Cuda     live     4153.2 MB  "collide:nn_last_partner"
[kp]    45.305s  alloc        698.7 MB  Cuda     live     4851.9 MB  "collide:nn_last_partner"
[kp]    45.305s  dealloc      698.7 MB  Cuda     live     4153.2 MB  "collide:nn_last_partner"
[kp]    45.360s  alloc        698.7 MB  Cuda     live     4851.9 MB  "collide:nn_last_partner"
[kp]    45.360s  dealloc      698.7 MB  Cuda     live     4153.2 MB  "collide:nn_last_partner"
[kp]    45.415s  alloc        698.7 MB  Cuda     live     4851.9 MB  "collide:nn_last_partner"
[kp]    45.415s  dealloc      698.7 MB  Cuda     live     4153.2 MB  "collide:nn_last_partner"
[kp]    45.470s  alloc        698.7 MB  Cuda     live     4851.9 MB  "collide:nn_last_partner"
[kp]    45.470s  dealloc      698.7 MB  Cuda     live     4153.2 MB  "collide:nn_last_partner"
[kp]    45.525s  alloc        698.7 MB  Cuda     live     4851.9 MB  "collide:nn_last_partner"
[kp]    45.525s  dealloc      698.7 MB  Cuda     live     4153.2 MB  "collide:nn_last_partner"
[kp]    45.580s  alloc        698.7 MB  Cuda     live     4851.9 MB  "collide:nn_last_partner"
[kp]    45.580s  dealloc      698.7 MB  Cuda     live     4153.2 MB  "collide:nn_last_partner"
[kp]    45.635s  alloc        698.7 MB  Cuda     live     4851.9 MB  "collide:nn_last_partner"
[kp]    45.635s  dealloc      698.7 MB  Cuda     live     4153.2 MB  "collide:nn_last_partner"
[kp]    45.690s  alloc        698.7 MB  Cuda     live     4851.9 MB  "collide:nn_last_partner"
[kp]    45.690s  dealloc      698.7 MB  Cuda     live     4153.2 MB  "collide:nn_last_partner"
[kp]    45.745s  alloc        698.7 MB  Cuda     live     4851.9 MB  "collide:nn_last_partner"
[kp]    45.745s  dealloc      698.7 MB  Cuda     live     4153.2 MB  "collide:nn_last_partner"
[kp]    45.800s  alloc        698.7 MB  Cuda     live     4851.9 MB  "collide:nn_last_partner"
[kp]    45.800s  dealloc      698.7 MB  Cuda     live     4153.2 MB  "collide:nn_last_partner"
[kp]    45.855s  alloc        698.7 MB  Cuda     live     4851.9 MB  "collide:nn_last_partner"
[kp]    45.855s  dealloc      698.7 MB  Cuda     live     4153.2 MB  "collide:nn_last_partner"
[kp]    45.910s  alloc        698.7 MB  Cuda     live     4851.9 MB  "collide:nn_last_partner"
[kp]    45.910s  dealloc      698.7 MB  Cuda     live     4153.2 MB  "collide:nn_last_partner"
[kp]    45.965s  alloc        698.7 MB  Cuda     live     4851.9 MB  "collide:nn_last_partner"
[kp]    45.965s  dealloc      698.7 MB  Cuda     live     4153.2 MB  "collide:nn_last_partner"
[kp]    46.019s  alloc        698.7 MB  Cuda     live     4851.9 MB  "collide:nn_last_partner"
[kp]    46.020s  dealloc      698.7 MB  Cuda     live     4153.2 MB  "collide:nn_last_partner"
[kp]    46.074s  alloc        698.7 MB  Cuda     live     4851.9 MB  "collide:nn_last_partner"
[kp]    46.075s  dealloc      698.7 MB  Cuda     live     4153.2 MB  "collide:nn_last_partner"
[kp]    46.129s  alloc        698.7 MB  Cuda     live     4851.9 MB  "collide:nn_last_partner"
[kp]    46.130s  dealloc      698.7 MB  Cuda     live     4153.2 MB  "collide:nn_last_partner"
[kp]    46.184s  alloc        698.7 MB  Cuda     live     4851.9 MB  "collide:nn_last_partner"
[kp]    46.185s  dealloc      698.7 MB  Cuda     live     4153.2 MB  "collide:nn_last_partner"
[kp]    46.239s  alloc        698.7 MB  Cuda     live     4851.9 MB  "collide:nn_last_partner"
[kp]    46.240s  dealloc      698.7 MB  Cuda     live     4153.2 MB  "collide:nn_last_partner"
[kp]    46.294s  alloc        698.7 MB  Cuda     live     4851.9 MB  "collide:nn_last_partner"
[kp]    46.295s  dealloc      698.7 MB  Cuda     live     4153.2 MB  "collide:nn_last_partner"
[kp]    46.349s  alloc        698.7 MB  Cuda     live     4851.9 MB  "collide:nn_last_partner"
[kp]    46.350s  dealloc      698.7 MB  Cuda     live     4153.2 MB  "collide:nn_last_partner"
[kp]    46.404s  alloc        698.7 MB  Cuda     live     4851.9 MB  "collide:nn_last_partner"
[kp]    46.405s  dealloc      698.7 MB  Cuda     live     4153.2 MB  "collide:nn_last_partner"
[kp]    46.459s  alloc        698.7 MB  Cuda     live     4851.9 MB  "collide:nn_last_partner"
[kp]    46.460s  dealloc      698.7 MB  Cuda     live     4153.2 MB  "collide:nn_last_partner"
[kp]    46.514s  alloc        698.7 MB  Cuda     live     4851.9 MB  "collide:nn_last_partner"
[kp]    46.515s  dealloc      698.7 MB  Cuda     live     4153.2 MB  "collide:nn_last_partner"
[kp]    46.569s  alloc        698.7 MB  Cuda     live     4851.9 MB  "collide:nn_last_partner"
[kp]    46.570s  dealloc      698.7 MB  Cuda     live     4153.2 MB  "collide:nn_last_partner"
[kp]    46.624s  alloc        698.7 MB  Cuda     live     4851.9 MB  "collide:nn_last_partner"
[kp]    46.625s  dealloc      698.7 MB  Cuda     live     4153.2 MB  "collide:nn_last_partner"
[kp]    46.679s  alloc        698.7 MB  Cuda     live     4851.9 MB  "collide:nn_last_partner"
[kp]    46.680s  dealloc      698.7 MB  Cuda     live     4153.2 MB  "collide:nn_last_partner"
[kp]    46.734s  alloc        698.7 MB  Cuda     live     4851.9 MB  "collide:nn_last_partner"
[kp]    46.735s  dealloc      698.7 MB  Cuda     live     4153.2 MB  "collide:nn_last_partner"
[kp]    46.789s  alloc        698.7 MB  Cuda     live     4851.9 MB  "collide:nn_last_partner"
[kp]    46.790s  dealloc      698.7 MB  Cuda     live     4153.2 MB  "collide:nn_last_partner"
[kp]    46.844s  alloc        698.7 MB  Cuda     live     4851.9 MB  "collide:nn_last_partner"
[kp]    46.845s  dealloc      698.7 MB  Cuda     live     4153.2 MB  "collide:nn_last_partner"
[kp]    46.899s  alloc        698.7 MB  Cuda     live     4851.9 MB  "collide:nn_last_partner"
[kp]    46.900s  dealloc      698.7 MB  Cuda     live     4153.2 MB  "collide:nn_last_partner"
[kp]    46.954s  alloc        698.7 MB  Cuda     live     4851.9 MB  "collide:nn_last_partner"
[kp]    46.955s  dealloc      698.7 MB  Cuda     live     4153.2 MB  "collide:nn_last_partner"
[kp]    47.009s  alloc        698.7 MB  Cuda     live     4851.9 MB  "collide:nn_last_partner"
[kp]    47.010s  dealloc      698.7 MB  Cuda     live     4153.2 MB  "collide:nn_last_partner"
[kp]    47.064s  alloc        698.7 MB  Cuda     live     4851.9 MB  "collide:nn_last_partner"
[kp]    47.065s  dealloc      698.7 MB  Cuda     live     4153.2 MB  "collide:nn_last_partner"
[kp]    47.119s  alloc        698.7 MB  Cuda     live     4851.9 MB  "collide:nn_last_partner"
[kp]    47.120s  dealloc      698.7 MB  Cuda     live     4153.2 MB  "collide:nn_last_partner"
[kp]    47.174s  alloc        698.7 MB  Cuda     live     4851.9 MB  "collide:nn_last_partner"
[kp]    47.175s  dealloc      698.7 MB  Cuda     live     4153.2 MB  "collide:nn_last_partner"
[kp]    47.229s  alloc        698.7 MB  Cuda     live     4851.9 MB  "collide:nn_last_partner"
[kp]    47.230s  dealloc      698.7 MB  Cuda     live     4153.2 MB  "collide:nn_last_partner"
[kp]    47.284s  alloc        698.7 MB  Cuda     live     4851.9 MB  "collide:nn_last_partner"
[kp]    47.284s  dealloc      698.7 MB  Cuda     live     4153.2 MB  "collide:nn_last_partner"
[kp]    47.339s  alloc        698.7 MB  Cuda     live     4851.9 MB  "collide:nn_last_partner"
[kp]    47.339s  dealloc      698.7 MB  Cuda     live     4153.2 MB  "collide:nn_last_partner"
[kp]    47.394s  alloc        698.7 MB  Cuda     live     4851.9 MB  "collide:nn_last_partner"
[kp]    47.394s  dealloc      698.7 MB  Cuda     live     4153.2 MB  "collide:nn_last_partner"
[kp]    47.448s  alloc        698.7 MB  Cuda     live     4851.9 MB  "collide:nn_last_partner"
[kp]    47.449s  dealloc      698.7 MB  Cuda     live     4153.2 MB  "collide:nn_last_partner"
[kp]    47.503s  alloc        698.7 MB  Cuda     live     4851.9 MB  "collide:nn_last_partner"
[kp]    47.504s  dealloc      698.7 MB  Cuda     live     4153.2 MB  "collide:nn_last_partner"
[kp]    47.558s  alloc        698.7 MB  Cuda     live     4851.9 MB  "collide:nn_last_partner"
[kp]    47.559s  dealloc      698.7 MB  Cuda     live     4153.2 MB  "collide:nn_last_partner"
[kp]    47.613s  alloc        698.7 MB  Cuda     live     4851.9 MB  "collide:nn_last_partner"
[kp]    47.614s  dealloc      698.7 MB  Cuda     live     4153.2 MB  "collide:nn_last_partner"
[kp]    47.668s  alloc        698.7 MB  Cuda     live     4851.9 MB  "collide:nn_last_partner"
[kp]    47.669s  dealloc      698.7 MB  Cuda     live     4153.2 MB  "collide:nn_last_partner"
[kp]    47.723s  alloc        698.7 MB  Cuda     live     4851.9 MB  "collide:nn_last_partner"
[kp]    47.724s  dealloc      698.7 MB  Cuda     live     4153.2 MB  "collide:nn_last_partner"
[kp]    47.778s  alloc        698.7 MB  Cuda     live     4851.9 MB  "collide:nn_last_partner"
[kp]    47.779s  dealloc      698.7 MB  Cuda     live     4153.2 MB  "collide:nn_last_partner"
[kp]    47.833s  alloc        698.7 MB  Cuda     live     4851.9 MB  "collide:nn_last_partner"
[kp]    47.834s  dealloc      698.7 MB  Cuda     live     4153.2 MB  "collide:nn_last_partner"
[kp]    47.888s  alloc        698.7 MB  Cuda     live     4851.9 MB  "collide:nn_last_partner"
[kp]    47.889s  dealloc      698.7 MB  Cuda     live     4153.2 MB  "collide:nn_last_partner"
[kp]    47.943s  alloc        698.7 MB  Cuda     live     4851.9 MB  "collide:nn_last_partner"
[kp]    47.944s  dealloc      698.7 MB  Cuda     live     4153.2 MB  "collide:nn_last_partner"
[kp]    47.998s  alloc        698.7 MB  Cuda     live     4851.9 MB  "collide:nn_last_partner"
[kp]    47.999s  dealloc      698.7 MB  Cuda     live     4153.2 MB  "collide:nn_last_partner"
[kp]    48.053s  alloc        698.7 MB  Cuda     live     4851.9 MB  "collide:nn_last_partner"
[kp]    48.053s  dealloc      698.7 MB  Cuda     live     4153.2 MB  "collide:nn_last_partner"
[kp]    48.108s  alloc        698.7 MB  Cuda     live     4851.9 MB  "collide:nn_last_partner"
[kp]    48.108s  dealloc      698.7 MB  Cuda     live     4153.2 MB  "collide:nn_last_partner"
[kp]    48.162s  alloc        698.7 MB  Cuda     live     4851.9 MB  "collide:nn_last_partner"
[kp]    48.163s  dealloc      698.7 MB  Cuda     live     4153.2 MB  "collide:nn_last_partner"
[kp]    48.217s  alloc        698.7 MB  Cuda     live     4851.9 MB  "collide:nn_last_partner"
[kp]    48.218s  dealloc      698.7 MB  Cuda     live     4153.2 MB  "collide:nn_last_partner"
[kp]    48.272s  alloc        698.7 MB  Cuda     live     4851.9 MB  "collide:nn_last_partner"
[kp]    48.273s  dealloc      698.7 MB  Cuda     live     4153.2 MB  "collide:nn_last_partner"
[kp]    48.327s  alloc        698.7 MB  Cuda     live     4851.9 MB  "collide:nn_last_partner"
[kp]    48.328s  dealloc      698.7 MB  Cuda     live     4153.2 MB  "collide:nn_last_partner"
[kp]    48.382s  alloc        698.7 MB  Cuda     live     4851.9 MB  "collide:nn_last_partner"
[kp]    48.383s  dealloc      698.7 MB  Cuda     live     4153.2 MB  "collide:nn_last_partner"
[kp]    48.437s  alloc        698.7 MB  Cuda     live     4851.9 MB  "collide:nn_last_partner"
[kp]    48.438s  dealloc      698.7 MB  Cuda     live     4153.2 MB  "collide:nn_last_partner"
     700    39.674106 5.345418e-08    17.818059        3e-09 29348391   104994    58108        0        0    295.65935 
[kp]    48.604s  alloc        698.7 MB  Cuda     live     4851.9 MB  "collide:nn_last_partner"
[kp]    48.605s  dealloc      698.7 MB  Cuda     live     4153.2 MB  "collide:nn_last_partner"
[kp]    48.659s  alloc        698.7 MB  Cuda     live     4851.9 MB  "collide:nn_last_partner"
[kp]    48.660s  dealloc      698.7 MB  Cuda     live     4153.2 MB  "collide:nn_last_partner"
[kp]    48.714s  alloc        698.7 MB  Cuda     live     4851.9 MB  "collide:nn_last_partner"
[kp]    48.715s  dealloc      698.7 MB  Cuda     live     4153.2 MB  "collide:nn_last_partner"
[kp]    48.769s  alloc        698.7 MB  Cuda     live     4851.9 MB  "collide:nn_last_partner"
[kp]    48.770s  dealloc      698.7 MB  Cuda     live     4153.2 MB  "collide:nn_last_partner"
[kp]    48.824s  alloc        698.7 MB  Cuda     live     4851.9 MB  "collide:nn_last_partner"
[kp]    48.825s  dealloc      698.7 MB  Cuda     live     4153.2 MB  "collide:nn_last_partner"
[kp]    48.879s  alloc        698.7 MB  Cuda     live     4851.9 MB  "collide:nn_last_partner"
[kp]    48.880s  dealloc      698.7 MB  Cuda     live     4153.2 MB  "collide:nn_last_partner"
[kp]    48.934s  alloc        698.7 MB  Cuda     live     4851.9 MB  "collide:nn_last_partner"
[kp]    48.935s  dealloc      698.7 MB  Cuda     live     4153.2 MB  "collide:nn_last_partner"
[kp]    48.989s  alloc        698.7 MB  Cuda     live     4851.9 MB  "collide:nn_last_partner"
[kp]    48.990s  dealloc      698.7 MB  Cuda     live     4153.2 MB  "collide:nn_last_partner"
[kp]    49.044s  alloc        698.7 MB  Cuda     live     4851.9 MB  "collide:nn_last_partner"
[kp]    49.044s  dealloc      698.7 MB  Cuda     live     4153.2 MB  "collide:nn_last_partner"
[kp]    49.098s  alloc        698.7 MB  Cuda     live     4851.9 MB  "collide:nn_last_partner"
[kp]    49.099s  dealloc      698.7 MB  Cuda     live     4153.2 MB  "collide:nn_last_partner"
[kp]    49.153s  alloc        698.7 MB  Cuda     live     4851.9 MB  "collide:nn_last_partner"
[kp]    49.154s  dealloc      698.7 MB  Cuda     live     4153.2 MB  "collide:nn_last_partner"
[kp]    49.208s  alloc        698.7 MB  Cuda     live     4851.9 MB  "collide:nn_last_partner"
[kp]    49.209s  dealloc      698.7 MB  Cuda     live     4153.2 MB  "collide:nn_last_partner"
[kp]    49.263s  alloc        698.7 MB  Cuda     live     4851.9 MB  "collide:nn_last_partner"
[kp]    49.264s  dealloc      698.7 MB  Cuda     live     4153.2 MB  "collide:nn_last_partner"
[kp]    49.318s  alloc        698.7 MB  Cuda     live     4851.9 MB  "collide:nn_last_partner"
[kp]    49.319s  dealloc      698.7 MB  Cuda     live     4153.2 MB  "collide:nn_last_partner"
[kp]    49.373s  alloc        698.7 MB  Cuda     live     4851.9 MB  "collide:nn_last_partner"
[kp]    49.374s  dealloc      698.7 MB  Cuda     live     4153.2 MB  "collide:nn_last_partner"
[kp]    49.428s  alloc        698.7 MB  Cuda     live     4851.9 MB  "collide:nn_last_partner"
[kp]    49.428s  dealloc      698.7 MB  Cuda     live     4153.2 MB  "collide:nn_last_partner"
[kp]    49.483s  alloc        698.7 MB  Cuda     live     4851.9 MB  "collide:nn_last_partner"
[kp]    49.483s  dealloc      698.7 MB  Cuda     live     4153.2 MB  "collide:nn_last_partner"
[kp]    49.537s  alloc        698.7 MB  Cuda     live     4851.9 MB  "collide:nn_last_partner"
[kp]    49.538s  dealloc      698.7 MB  Cuda     live     4153.2 MB  "collide:nn_last_partner"
[kp]    49.592s  alloc        698.7 MB  Cuda     live     4851.9 MB  "collide:nn_last_partner"
[kp]    49.593s  dealloc      698.7 MB  Cuda     live     4153.2 MB  "collide:nn_last_partner"
[kp]    49.647s  alloc        698.7 MB  Cuda     live     4851.9 MB  "collide:nn_last_partner"
[kp]    49.648s  dealloc      698.7 MB  Cuda     live     4153.2 MB  "collide:nn_last_partner"
[kp]    49.702s  alloc        698.7 MB  Cuda     live     4851.9 MB  "collide:nn_last_partner"
[kp]    49.703s  dealloc      698.7 MB  Cuda     live     4153.2 MB  "collide:nn_last_partner"
[kp]    49.757s  alloc        698.7 MB  Cuda     live     4851.9 MB  "collide:nn_last_partner"
[kp]    49.758s  dealloc      698.7 MB  Cuda     live     4153.2 MB  "collide:nn_last_partner"
[kp]    49.812s  alloc        698.7 MB  Cuda     live     4851.9 MB  "collide:nn_last_partner"
[kp]    49.813s  dealloc      698.7 MB  Cuda     live     4153.2 MB  "collide:nn_last_partner"
[kp]    49.867s  alloc        698.7 MB  Cuda     live     4851.9 MB  "collide:nn_last_partner"
[kp]    49.867s  dealloc      698.7 MB  Cuda     live     4153.2 MB  "collide:nn_last_partner"
[kp]    49.921s  alloc        698.7 MB  Cuda     live     4851.9 MB  "collide:nn_last_partner"
[kp]    49.922s  dealloc      698.7 MB  Cuda     live     4153.2 MB  "collide:nn_last_partner"
[kp]    49.976s  alloc        698.7 MB  Cuda     live     4851.9 MB  "collide:nn_last_partner"
[kp]    49.977s  dealloc      698.7 MB  Cuda     live     4153.2 MB  "collide:nn_last_partner"
[kp]    50.031s  alloc        698.7 MB  Cuda     live     4851.9 MB  "collide:nn_last_partner"
[kp]    50.032s  dealloc      698.7 MB  Cuda     live     4153.2 MB  "collide:nn_last_partner"
[kp]    50.086s  alloc        698.7 MB  Cuda     live     4851.9 MB  "collide:nn_last_partner"
[kp]    50.087s  dealloc      698.7 MB  Cuda     live     4153.2 MB  "collide:nn_last_partner"
[kp]    50.141s  alloc        698.7 MB  Cuda     live     4851.9 MB  "collide:nn_last_partner"
[kp]    50.142s  dealloc      698.7 MB  Cuda     live     4153.2 MB  "collide:nn_last_partner"
[kp]    50.196s  alloc        698.7 MB  Cuda     live     4851.9 MB  "collide:nn_last_partner"
[kp]    50.196s  dealloc      698.7 MB  Cuda     live     4153.2 MB  "collide:nn_last_partner"
[kp]    50.251s  alloc        698.7 MB  Cuda     live     4851.9 MB  "collide:nn_last_partner"
[kp]    50.251s  dealloc      698.7 MB  Cuda     live     4153.2 MB  "collide:nn_last_partner"
[kp]    50.305s  alloc        698.7 MB  Cuda     live     4851.9 MB  "collide:nn_last_partner"
[kp]    50.306s  dealloc      698.7 MB  Cuda     live     4153.2 MB  "collide:nn_last_partner"
[kp]    50.360s  alloc        698.7 MB  Cuda     live     4851.9 MB  "collide:nn_last_partner"
[kp]    50.361s  dealloc      698.7 MB  Cuda     live     4153.2 MB  "collide:nn_last_partner"
[kp]    50.415s  alloc        698.7 MB  Cuda     live     4851.9 MB  "collide:nn_last_partner"
[kp]    50.416s  dealloc      698.7 MB  Cuda     live     4153.2 MB  "collide:nn_last_partner"
[kp]    50.470s  alloc        698.7 MB  Cuda     live     4851.9 MB  "collide:nn_last_partner"
[kp]    50.471s  dealloc      698.7 MB  Cuda     live     4153.2 MB  "collide:nn_last_partner"
[kp]    50.525s  alloc        698.7 MB  Cuda     live     4851.9 MB  "collide:nn_last_partner"
[kp]    50.526s  dealloc      698.7 MB  Cuda     live     4153.2 MB  "collide:nn_last_partner"
[kp]    50.580s  alloc        698.7 MB  Cuda     live     4851.9 MB  "collide:nn_last_partner"
[kp]    50.580s  dealloc      698.7 MB  Cuda     live     4153.2 MB  "collide:nn_last_partner"
[kp]    50.634s  alloc        698.7 MB  Cuda     live     4851.9 MB  "collide:nn_last_partner"
[kp]    50.635s  dealloc      698.7 MB  Cuda     live     4153.2 MB  "collide:nn_last_partner"
[kp]    50.689s  alloc        698.7 MB  Cuda     live     4851.9 MB  "collide:nn_last_partner"
[kp]    50.690s  dealloc      698.7 MB  Cuda     live     4153.2 MB  "collide:nn_last_partner"
[kp]    50.744s  alloc        698.7 MB  Cuda     live     4851.9 MB  "collide:nn_last_partner"
[kp]    50.745s  dealloc      698.7 MB  Cuda     live     4153.2 MB  "collide:nn_last_partner"
[kp]    50.799s  alloc        698.7 MB  Cuda     live     4851.9 MB  "collide:nn_last_partner"
[kp]    50.800s  dealloc      698.7 MB  Cuda     live     4153.2 MB  "collide:nn_last_partner"
[kp]    50.853s  alloc        698.7 MB  Cuda     live     4851.9 MB  "collide:nn_last_partner"
[kp]    50.854s  dealloc      698.7 MB  Cuda     live     4153.2 MB  "collide:nn_last_partner"
[kp]    50.908s  alloc        698.7 MB  Cuda     live     4851.9 MB  "collide:nn_last_partner"
[kp]    50.909s  dealloc      698.7 MB  Cuda     live     4153.2 MB  "collide:nn_last_partner"
[kp]    50.963s  alloc        698.7 MB  Cuda     live     4851.9 MB  "collide:nn_last_partner"
[kp]    50.964s  dealloc      698.7 MB  Cuda     live     4153.2 MB  "collide:nn_last_partner"
[kp]    51.018s  alloc        698.7 MB  Cuda     live     4851.9 MB  "collide:nn_last_partner"
[kp]    51.019s  dealloc      698.7 MB  Cuda     live     4153.2 MB  "collide:nn_last_partner"
[kp]    51.073s  alloc        698.7 MB  Cuda     live     4851.9 MB  "collide:nn_last_partner"
[kp]    51.074s  dealloc      698.7 MB  Cuda     live     4153.2 MB  "collide:nn_last_partner"
[kp]    51.128s  alloc        698.7 MB  Cuda     live     4851.9 MB  "collide:nn_last_partner"
[kp]    51.129s  dealloc      698.7 MB  Cuda     live     4153.2 MB  "collide:nn_last_partner"
[kp]    51.183s  alloc        698.7 MB  Cuda     live     4851.9 MB  "collide:nn_last_partner"
[kp]    51.183s  dealloc      698.7 MB  Cuda     live     4153.2 MB  "collide:nn_last_partner"
[kp]    51.237s  alloc        698.7 MB  Cuda     live     4851.9 MB  "collide:nn_last_partner"
[kp]    51.238s  dealloc      698.7 MB  Cuda     live     4153.2 MB  "collide:nn_last_partner"
[kp]    51.292s  alloc        698.7 MB  Cuda     live     4851.9 MB  "collide:nn_last_partner"
[kp]    51.293s  dealloc      698.7 MB  Cuda     live     4153.2 MB  "collide:nn_last_partner"
[kp]    51.347s  alloc        698.7 MB  Cuda     live     4851.9 MB  "collide:nn_last_partner"
[kp]    51.348s  dealloc      698.7 MB  Cuda     live     4153.2 MB  "collide:nn_last_partner"
[kp]    51.402s  alloc        698.7 MB  Cuda     live     4851.9 MB  "collide:nn_last_partner"
[kp]    51.402s  dealloc      698.7 MB  Cuda     live     4153.2 MB  "collide:nn_last_partner"
[kp]    51.456s  alloc        698.7 MB  Cuda     live     4851.9 MB  "collide:nn_last_partner"
[kp]    51.457s  dealloc      698.7 MB  Cuda     live     4153.2 MB  "collide:nn_last_partner"
[kp]    51.511s  alloc        698.7 MB  Cuda     live     4851.9 MB  "collide:nn_last_partner"
[kp]    51.512s  dealloc      698.7 MB  Cuda     live     4153.2 MB  "collide:nn_last_partner"
[kp]    51.566s  alloc        698.7 MB  Cuda     live     4851.9 MB  "collide:nn_last_partner"
[kp]    51.567s  dealloc      698.7 MB  Cuda     live     4153.2 MB  "collide:nn_last_partner"
[kp]    51.621s  alloc        698.7 MB  Cuda     live     4851.9 MB  "collide:nn_last_partner"
[kp]    51.622s  dealloc      698.7 MB  Cuda     live     4153.2 MB  "collide:nn_last_partner"
[kp]    51.676s  alloc        698.7 MB  Cuda     live     4851.9 MB  "collide:nn_last_partner"
[kp]    51.676s  dealloc      698.7 MB  Cuda     live     4153.2 MB  "collide:nn_last_partner"
[kp]    51.730s  alloc        698.7 MB  Cuda     live     4851.9 MB  "collide:nn_last_partner"
[kp]    51.731s  dealloc      698.7 MB  Cuda     live     4153.2 MB  "collide:nn_last_partner"
[kp]    51.785s  alloc        698.7 MB  Cuda     live     4851.9 MB  "collide:nn_last_partner"
[kp]    51.786s  dealloc      698.7 MB  Cuda     live     4153.2 MB  "collide:nn_last_partner"
[kp]    51.840s  alloc        698.7 MB  Cuda     live     4851.9 MB  "collide:nn_last_partner"
[kp]    51.841s  dealloc      698.7 MB  Cuda     live     4153.2 MB  "collide:nn_last_partner"
[kp]    51.895s  alloc        698.7 MB  Cuda     live     4851.9 MB  "collide:nn_last_partner"
[kp]    51.896s  dealloc      698.7 MB  Cuda     live     4153.2 MB  "collide:nn_last_partner"
[kp]    51.949s  alloc        698.7 MB  Cuda     live     4851.9 MB  "collide:nn_last_partner"
[kp]    51.950s  dealloc      698.7 MB  Cuda     live     4153.2 MB  "collide:nn_last_partner"
[kp]    52.004s  alloc        698.7 MB  Cuda     live     4851.9 MB  "collide:nn_last_partner"
[kp]    52.005s  dealloc      698.7 MB  Cuda     live     4153.2 MB  "collide:nn_last_partner"
[kp]    52.059s  alloc        698.7 MB  Cuda     live     4851.9 MB  "collide:nn_last_partner"
[kp]    52.060s  dealloc      698.7 MB  Cuda     live     4153.2 MB  "collide:nn_last_partner"
[kp]    52.114s  alloc        698.7 MB  Cuda     live     4851.9 MB  "collide:nn_last_partner"
[kp]    52.115s  dealloc      698.7 MB  Cuda     live     4153.2 MB  "collide:nn_last_partner"
[kp]    52.169s  alloc        698.7 MB  Cuda     live     4851.9 MB  "collide:nn_last_partner"
[kp]    52.169s  dealloc      698.7 MB  Cuda     live     4153.2 MB  "collide:nn_last_partner"
[kp]    52.223s  alloc        698.7 MB  Cuda     live     4851.9 MB  "collide:nn_last_partner"
[kp]    52.224s  dealloc      698.7 MB  Cuda     live     4153.2 MB  "collide:nn_last_partner"
[kp]    52.278s  alloc        698.7 MB  Cuda     live     4851.9 MB  "collide:nn_last_partner"
[kp]    52.279s  dealloc      698.7 MB  Cuda     live     4153.2 MB  "collide:nn_last_partner"
[kp]    52.333s  alloc        698.7 MB  Cuda     live     4851.9 MB  "collide:nn_last_partner"
[kp]    52.334s  dealloc      698.7 MB  Cuda     live     4153.2 MB  "collide:nn_last_partner"
[kp]    52.388s  alloc        698.7 MB  Cuda     live     4851.9 MB  "collide:nn_last_partner"
[kp]    52.388s  dealloc      698.7 MB  Cuda     live     4153.2 MB  "collide:nn_last_partner"
[kp]    52.442s  alloc        698.7 MB  Cuda     live     4851.9 MB  "collide:nn_last_partner"
[kp]    52.443s  dealloc      698.7 MB  Cuda     live     4153.2 MB  "collide:nn_last_partner"
[kp]    52.497s  alloc        698.7 MB  Cuda     live     4851.9 MB  "collide:nn_last_partner"
[kp]    52.498s  dealloc      698.7 MB  Cuda     live     4153.2 MB  "collide:nn_last_partner"
[kp]    52.552s  alloc        698.7 MB  Cuda     live     4851.9 MB  "collide:nn_last_partner"
[kp]    52.553s  dealloc      698.7 MB  Cuda     live     4153.2 MB  "collide:nn_last_partner"
[kp]    52.607s  alloc        698.7 MB  Cuda     live     4851.9 MB  "collide:nn_last_partner"
[kp]    52.607s  dealloc      698.7 MB  Cuda     live     4153.2 MB  "collide:nn_last_partner"
[kp]    52.661s  alloc        698.7 MB  Cuda     live     4851.9 MB  "collide:nn_last_partner"
[kp]    52.662s  dealloc      698.7 MB  Cuda     live     4153.2 MB  "collide:nn_last_partner"
[kp]    52.716s  alloc        698.7 MB  Cuda     live     4851.9 MB  "collide:nn_last_partner"
[kp]    52.717s  dealloc      698.7 MB  Cuda     live     4153.2 MB  "collide:nn_last_partner"
[kp]    52.771s  alloc        698.7 MB  Cuda     live     4851.9 MB  "collide:nn_last_partner"
[kp]    52.772s  dealloc      698.7 MB  Cuda     live     4153.2 MB  "collide:nn_last_partner"
[kp]    52.825s  alloc        698.7 MB  Cuda     live     4851.9 MB  "collide:nn_last_partner"
[kp]    52.826s  dealloc      698.7 MB  Cuda     live     4153.2 MB  "collide:nn_last_partner"
[kp]    52.880s  alloc        698.7 MB  Cuda     live     4851.9 MB  "collide:nn_last_partner"
[kp]    52.881s  dealloc      698.7 MB  Cuda     live     4153.2 MB  "collide:nn_last_partner"
[kp]    52.935s  alloc        698.7 MB  Cuda     live     4851.9 MB  "collide:nn_last_partner"
[kp]    52.936s  dealloc      698.7 MB  Cuda     live     4153.2 MB  "collide:nn_last_partner"
[kp]    52.990s  alloc        698.7 MB  Cuda     live     4851.9 MB  "collide:nn_last_partner"
[kp]    52.990s  dealloc      698.7 MB  Cuda     live     4153.2 MB  "collide:nn_last_partner"
[kp]    53.044s  alloc        698.7 MB  Cuda     live     4851.9 MB  "collide:nn_last_partner"
[kp]    53.045s  dealloc      698.7 MB  Cuda     live     4153.2 MB  "collide:nn_last_partner"
[kp]    53.099s  alloc        698.7 MB  Cuda     live     4851.9 MB  "collide:nn_last_partner"
[kp]    53.100s  dealloc      698.7 MB  Cuda     live     4153.2 MB  "collide:nn_last_partner"
[kp]    53.154s  alloc        698.7 MB  Cuda     live     4851.9 MB  "collide:nn_last_partner"
[kp]    53.155s  dealloc      698.7 MB  Cuda     live     4153.2 MB  "collide:nn_last_partner"
[kp]    53.209s  alloc        698.7 MB  Cuda     live     4851.9 MB  "collide:nn_last_partner"
[kp]    53.209s  dealloc      698.7 MB  Cuda     live     4153.2 MB  "collide:nn_last_partner"
[kp]    53.263s  alloc        698.7 MB  Cuda     live     4851.9 MB  "collide:nn_last_partner"
[kp]    53.264s  dealloc      698.7 MB  Cuda     live     4153.2 MB  "collide:nn_last_partner"
[kp]    53.318s  alloc        698.7 MB  Cuda     live     4851.9 MB  "collide:nn_last_partner"
[kp]    53.319s  dealloc      698.7 MB  Cuda     live     4153.2 MB  "collide:nn_last_partner"
[kp]    53.373s  alloc        698.7 MB  Cuda     live     4851.9 MB  "collide:nn_last_partner"
[kp]    53.374s  dealloc      698.7 MB  Cuda     live     4153.2 MB  "collide:nn_last_partner"
[kp]    53.427s  alloc        698.7 MB  Cuda     live     4851.9 MB  "collide:nn_last_partner"
[kp]    53.428s  dealloc      698.7 MB  Cuda     live     4153.2 MB  "collide:nn_last_partner"
[kp]    53.482s  alloc        698.7 MB  Cuda     live     4851.9 MB  "collide:nn_last_partner"
[kp]    53.483s  dealloc      698.7 MB  Cuda     live     4153.2 MB  "collide:nn_last_partner"
[kp]    53.537s  alloc        698.7 MB  Cuda     live     4851.9 MB  "collide:nn_last_partner"
[kp]    53.538s  dealloc      698.7 MB  Cuda     live     4153.2 MB  "collide:nn_last_partner"
[kp]    53.592s  alloc        698.7 MB  Cuda     live     4851.9 MB  "collide:nn_last_partner"
[kp]    53.592s  dealloc      698.7 MB  Cuda     live     4153.2 MB  "collide:nn_last_partner"
[kp]    53.646s  alloc        698.7 MB  Cuda     live     4851.9 MB  "collide:nn_last_partner"
[kp]    53.647s  dealloc      698.7 MB  Cuda     live     4153.2 MB  "collide:nn_last_partner"
[kp]    53.701s  alloc        698.7 MB  Cuda     live     4851.9 MB  "collide:nn_last_partner"
[kp]    53.702s  dealloc      698.7 MB  Cuda     live     4153.2 MB  "collide:nn_last_partner"
[kp]    53.756s  alloc        698.7 MB  Cuda     live     4851.9 MB  "collide:nn_last_partner"
[kp]    53.757s  dealloc      698.7 MB  Cuda     live     4153.2 MB  "collide:nn_last_partner"
[kp]    53.810s  alloc        698.7 MB  Cuda     live     4851.9 MB  "collide:nn_last_partner"
[kp]    53.811s  dealloc      698.7 MB  Cuda     live     4153.2 MB  "collide:nn_last_partner"
[kp]    53.865s  alloc        698.7 MB  Cuda     live     4851.9 MB  "collide:nn_last_partner"
[kp]    53.866s  dealloc      698.7 MB  Cuda     live     4153.2 MB  "collide:nn_last_partner"
[kp]    53.920s  alloc        698.7 MB  Cuda     live     4851.9 MB  "collide:nn_last_partner"
[kp]    53.921s  dealloc      698.7 MB  Cuda     live     4153.2 MB  "collide:nn_last_partner"
[kp]    53.975s  alloc        698.7 MB  Cuda     live     4851.9 MB  "collide:nn_last_partner"
[kp]    53.975s  dealloc      698.7 MB  Cuda     live     4153.2 MB  "collide:nn_last_partner"
[kp]    54.029s  alloc        698.7 MB  Cuda     live     4851.9 MB  "collide:nn_last_partner"
[kp]    54.030s  dealloc      698.7 MB  Cuda     live     4153.2 MB  "collide:nn_last_partner"
     800     45.26787 5.363115e-08     17.87705        3e-09 29223150   104731    57685        0        0    295.43328 
[kp]    54.198s  alloc        698.7 MB  Cuda     live     4851.9 MB  "collide:nn_last_partner"
[kp]    54.199s  dealloc      698.7 MB  Cuda     live     4153.2 MB  "collide:nn_last_partner"
[kp]    54.253s  alloc        698.7 MB  Cuda     live     4851.9 MB  "collide:nn_last_partner"
[kp]    54.253s  dealloc      698.7 MB  Cuda     live     4153.2 MB  "collide:nn_last_partner"
[kp]    54.307s  alloc        698.7 MB  Cuda     live     4851.9 MB  "collide:nn_last_partner"
[kp]    54.308s  dealloc      698.7 MB  Cuda     live     4153.2 MB  "collide:nn_last_partner"
[kp]    54.362s  alloc        698.7 MB  Cuda     live     4851.9 MB  "collide:nn_last_partner"
[kp]    54.363s  dealloc      698.7 MB  Cuda     live     4153.2 MB  "collide:nn_last_partner"
[kp]    54.417s  alloc        698.7 MB  Cuda     live     4851.9 MB  "collide:nn_last_partner"
[kp]    54.418s  dealloc      698.7 MB  Cuda     live     4153.2 MB  "collide:nn_last_partner"
[kp]    54.471s  alloc        698.7 MB  Cuda     live     4851.9 MB  "collide:nn_last_partner"
[kp]    54.472s  dealloc      698.7 MB  Cuda     live     4153.2 MB  "collide:nn_last_partner"
[kp]    54.526s  alloc        698.7 MB  Cuda     live     4851.9 MB  "collide:nn_last_partner"
[kp]    54.527s  dealloc      698.7 MB  Cuda     live     4153.2 MB  "collide:nn_last_partner"
[kp]    54.581s  alloc        698.7 MB  Cuda     live     4851.9 MB  "collide:nn_last_partner"
[kp]    54.582s  dealloc      698.7 MB  Cuda     live     4153.2 MB  "collide:nn_last_partner"
[kp]    54.635s  alloc        698.7 MB  Cuda     live     4851.9 MB  "collide:nn_last_partner"
[kp]    54.636s  dealloc      698.7 MB  Cuda     live     4153.2 MB  "collide:nn_last_partner"
[kp]    54.690s  alloc        698.7 MB  Cuda     live     4851.9 MB  "collide:nn_last_partner"
[kp]    54.691s  dealloc      698.7 MB  Cuda     live     4153.2 MB  "collide:nn_last_partner"
[kp]    54.745s  alloc        698.7 MB  Cuda     live     4851.9 MB  "collide:nn_last_partner"
[kp]    54.746s  dealloc      698.7 MB  Cuda     live     4153.2 MB  "collide:nn_last_partner"
[kp]    54.800s  alloc        698.7 MB  Cuda     live     4851.9 MB  "collide:nn_last_partner"
[kp]    54.800s  dealloc      698.7 MB  Cuda     live     4153.2 MB  "collide:nn_last_partner"
[kp]    54.854s  alloc        698.7 MB  Cuda     live     4851.9 MB  "collide:nn_last_partner"
[kp]    54.855s  dealloc      698.7 MB  Cuda     live     4153.2 MB  "collide:nn_last_partner"
[kp]    54.909s  alloc        698.7 MB  Cuda     live     4851.9 MB  "collide:nn_last_partner"
[kp]    54.910s  dealloc      698.7 MB  Cuda     live     4153.2 MB  "collide:nn_last_partner"
[kp]    54.963s  alloc        698.7 MB  Cuda     live     4851.9 MB  "collide:nn_last_partner"
[kp]    54.964s  dealloc      698.7 MB  Cuda     live     4153.2 MB  "collide:nn_last_partner"
[kp]    55.018s  alloc        698.7 MB  Cuda     live     4851.9 MB  "collide:nn_last_partner"
[kp]    55.019s  dealloc      698.7 MB  Cuda     live     4153.2 MB  "collide:nn_last_partner"
[kp]    55.073s  alloc        698.7 MB  Cuda     live     4851.9 MB  "collide:nn_last_partner"
[kp]    55.074s  dealloc      698.7 MB  Cuda     live     4153.2 MB  "collide:nn_last_partner"
[kp]    55.127s  alloc        698.7 MB  Cuda     live     4851.9 MB  "collide:nn_last_partner"
[kp]    55.128s  dealloc      698.7 MB  Cuda     live     4153.2 MB  "collide:nn_last_partner"
[kp]    55.182s  alloc        698.7 MB  Cuda     live     4851.9 MB  "collide:nn_last_partner"
[kp]    55.183s  dealloc      698.7 MB  Cuda     live     4153.2 MB  "collide:nn_last_partner"
[kp]    55.237s  alloc        698.7 MB  Cuda     live     4851.9 MB  "collide:nn_last_partner"
[kp]    55.238s  dealloc      698.7 MB  Cuda     live     4153.2 MB  "collide:nn_last_partner"
[kp]    55.292s  alloc        698.7 MB  Cuda     live     4851.9 MB  "collide:nn_last_partner"
[kp]    55.292s  dealloc      698.7 MB  Cuda     live     4153.2 MB  "collide:nn_last_partner"
[kp]    55.346s  alloc        698.7 MB  Cuda     live     4851.9 MB  "collide:nn_last_partner"
[kp]    55.347s  dealloc      698.7 MB  Cuda     live     4153.2 MB  "collide:nn_last_partner"
[kp]    55.401s  alloc        698.7 MB  Cuda     live     4851.9 MB  "collide:nn_last_partner"
[kp]    55.402s  dealloc      698.7 MB  Cuda     live     4153.2 MB  "collide:nn_last_partner"
[kp]    55.456s  alloc        698.7 MB  Cuda     live     4851.9 MB  "collide:nn_last_partner"
[kp]    55.456s  dealloc      698.7 MB  Cuda     live     4153.2 MB  "collide:nn_last_partner"
[kp]    55.510s  alloc        698.7 MB  Cuda     live     4851.9 MB  "collide:nn_last_partner"
[kp]    55.511s  dealloc      698.7 MB  Cuda     live     4153.2 MB  "collide:nn_last_partner"
[kp]    55.565s  alloc        698.7 MB  Cuda     live     4851.9 MB  "collide:nn_last_partner"
[kp]    55.566s  dealloc      698.7 MB  Cuda     live     4153.2 MB  "collide:nn_last_partner"
[kp]    55.619s  alloc        698.7 MB  Cuda     live     4851.9 MB  "collide:nn_last_partner"
[kp]    55.620s  dealloc      698.7 MB  Cuda     live     4153.2 MB  "collide:nn_last_partner"
[kp]    55.674s  alloc        698.7 MB  Cuda     live     4851.9 MB  "collide:nn_last_partner"
[kp]    55.675s  dealloc      698.7 MB  Cuda     live     4153.2 MB  "collide:nn_last_partner"
[kp]    55.729s  alloc        698.7 MB  Cuda     live     4851.9 MB  "collide:nn_last_partner"
[kp]    55.730s  dealloc      698.7 MB  Cuda     live     4153.2 MB  "collide:nn_last_partner"
[kp]    55.783s  alloc        698.7 MB  Cuda     live     4851.9 MB  "collide:nn_last_partner"
[kp]    55.784s  dealloc      698.7 MB  Cuda     live     4153.2 MB  "collide:nn_last_partner"
[kp]    55.838s  alloc        698.7 MB  Cuda     live     4851.9 MB  "collide:nn_last_partner"
[kp]    55.839s  dealloc      698.7 MB  Cuda     live     4153.2 MB  "collide:nn_last_partner"
[kp]    55.893s  alloc        698.7 MB  Cuda     live     4851.9 MB  "collide:nn_last_partner"
[kp]    55.893s  dealloc      698.7 MB  Cuda     live     4153.2 MB  "collide:nn_last_partner"
[kp]    55.947s  alloc        698.7 MB  Cuda     live     4851.9 MB  "collide:nn_last_partner"
[kp]    55.948s  dealloc      698.7 MB  Cuda     live     4153.2 MB  "collide:nn_last_partner"
[kp]    56.002s  alloc        698.7 MB  Cuda     live     4851.9 MB  "collide:nn_last_partner"
[kp]    56.003s  dealloc      698.7 MB  Cuda     live     4153.2 MB  "collide:nn_last_partner"
[kp]    56.056s  alloc        698.7 MB  Cuda     live     4851.9 MB  "collide:nn_last_partner"
[kp]    56.057s  dealloc      698.7 MB  Cuda     live     4153.2 MB  "collide:nn_last_partner"
[kp]    56.111s  alloc        698.7 MB  Cuda     live     4851.9 MB  "collide:nn_last_partner"
[kp]    56.112s  dealloc      698.7 MB  Cuda     live     4153.2 MB  "collide:nn_last_partner"
[kp]    56.166s  alloc        698.7 MB  Cuda     live     4851.9 MB  "collide:nn_last_partner"
[kp]    56.167s  dealloc      698.7 MB  Cuda     live     4153.2 MB  "collide:nn_last_partner"
[kp]    56.220s  alloc        698.7 MB  Cuda     live     4851.9 MB  "collide:nn_last_partner"
[kp]    56.221s  dealloc      698.7 MB  Cuda     live     4153.2 MB  "collide:nn_last_partner"
[kp]    56.275s  alloc        698.7 MB  Cuda     live     4851.9 MB  "collide:nn_last_partner"
[kp]    56.276s  dealloc      698.7 MB  Cuda     live     4153.2 MB  "collide:nn_last_partner"
[kp]    56.329s  alloc        698.7 MB  Cuda     live     4851.9 MB  "collide:nn_last_partner"
[kp]    56.330s  dealloc      698.7 MB  Cuda     live     4153.2 MB  "collide:nn_last_partner"
[kp]    56.384s  alloc        698.7 MB  Cuda     live     4851.9 MB  "collide:nn_last_partner"
[kp]    56.385s  dealloc      698.7 MB  Cuda     live     4153.2 MB  "collide:nn_last_partner"
[kp]    56.439s  alloc        698.7 MB  Cuda     live     4851.9 MB  "collide:nn_last_partner"
[kp]    56.440s  dealloc      698.7 MB  Cuda     live     4153.2 MB  "collide:nn_last_partner"
[kp]    56.493s  alloc        698.7 MB  Cuda     live     4851.9 MB  "collide:nn_last_partner"
[kp]    56.494s  dealloc      698.7 MB  Cuda     live     4153.2 MB  "collide:nn_last_partner"
[kp]    56.548s  alloc        698.7 MB  Cuda     live     4851.9 MB  "collide:nn_last_partner"
[kp]    56.549s  dealloc      698.7 MB  Cuda     live     4153.2 MB  "collide:nn_last_partner"
[kp]    56.603s  alloc        698.7 MB  Cuda     live     4851.9 MB  "collide:nn_last_partner"
[kp]    56.603s  dealloc      698.7 MB  Cuda     live     4153.2 MB  "collide:nn_last_partner"
[kp]    56.657s  alloc        698.7 MB  Cuda     live     4851.9 MB  "collide:nn_last_partner"
[kp]    56.658s  dealloc      698.7 MB  Cuda     live     4153.2 MB  "collide:nn_last_partner"
[kp]    56.712s  alloc        698.7 MB  Cuda     live     4851.9 MB  "collide:nn_last_partner"
[kp]    56.713s  dealloc      698.7 MB  Cuda     live     4153.2 MB  "collide:nn_last_partner"
[kp]    56.766s  alloc        698.7 MB  Cuda     live     4851.9 MB  "collide:nn_last_partner"
[kp]    56.767s  dealloc      698.7 MB  Cuda     live     4153.2 MB  "collide:nn_last_partner"
[kp]    56.821s  alloc        698.7 MB  Cuda     live     4851.9 MB  "collide:nn_last_partner"
[kp]    56.822s  dealloc      698.7 MB  Cuda     live     4153.2 MB  "collide:nn_last_partner"
[kp]    56.888s  alloc        698.7 MB  Cuda     live     4851.9 MB  "collide:nn_last_partner"
[kp]    56.891s  dealloc      698.7 MB  Cuda     live     4153.2 MB  "collide:nn_last_partner"
[kp]    57.099s  alloc        698.7 MB  Cuda     live     4851.9 MB  "collide:nn_last_partner"
[kp]    57.100s  dealloc      698.7 MB  Cuda     live     4153.2 MB  "collide:nn_last_partner"
[kp]    57.474s  alloc        698.7 MB  Cuda     live     4851.9 MB  "collide:nn_last_partner"
[kp]    57.479s  dealloc      698.7 MB  Cuda     live     4153.2 MB  "collide:nn_last_partner"
[kp]    58.452s  alloc        698.7 MB  Cuda     live     4851.9 MB  "collide:nn_last_partner"
[kp]    58.453s  dealloc      698.7 MB  Cuda     live     4153.2 MB  "collide:nn_last_partner"
[kp]    58.538s  alloc        698.7 MB  Cuda     live     4851.9 MB  "collide:nn_last_partner"
[kp]    58.539s  dealloc      698.7 MB  Cuda     live     4153.2 MB  "collide:nn_last_partner"
[kp]    58.656s  alloc        698.7 MB  Cuda     live     4851.9 MB  "collide:nn_last_partner"
[kp]    58.656s  dealloc      698.7 MB  Cuda     live     4153.2 MB  "collide:nn_last_partner"
[kp]    58.713s  alloc        698.7 MB  Cuda     live     4851.9 MB  "collide:nn_last_partner"
[kp]    58.714s  dealloc      698.7 MB  Cuda     live     4153.2 MB  "collide:nn_last_partner"
[kp]    58.768s  alloc        698.7 MB  Cuda     live     4851.9 MB  "collide:nn_last_partner"
[kp]    58.769s  dealloc      698.7 MB  Cuda     live     4153.2 MB  "collide:nn_last_partner"
[kp]    58.823s  alloc        698.7 MB  Cuda     live     4851.9 MB  "collide:nn_last_partner"
[kp]    58.824s  dealloc      698.7 MB  Cuda     live     4153.2 MB  "collide:nn_last_partner"
[kp]    58.877s  alloc        698.7 MB  Cuda     live     4851.9 MB  "collide:nn_last_partner"
[kp]    58.878s  dealloc      698.7 MB  Cuda     live     4153.2 MB  "collide:nn_last_partner"
[kp]    58.932s  alloc        698.7 MB  Cuda     live     4851.9 MB  "collide:nn_last_partner"
[kp]    58.933s  dealloc      698.7 MB  Cuda     live     4153.2 MB  "collide:nn_last_partner"
[kp]    58.986s  alloc        698.7 MB  Cuda     live     4851.9 MB  "collide:nn_last_partner"
[kp]    58.987s  dealloc      698.7 MB  Cuda     live     4153.2 MB  "collide:nn_last_partner"
[kp]    59.041s  alloc        698.7 MB  Cuda     live     4851.9 MB  "collide:nn_last_partner"
[kp]    59.042s  dealloc      698.7 MB  Cuda     live     4153.2 MB  "collide:nn_last_partner"
[kp]    59.095s  alloc        698.7 MB  Cuda     live     4851.9 MB  "collide:nn_last_partner"
[kp]    59.096s  dealloc      698.7 MB  Cuda     live     4153.2 MB  "collide:nn_last_partner"
[kp]    59.150s  alloc        698.7 MB  Cuda     live     4851.9 MB  "collide:nn_last_partner"
[kp]    59.151s  dealloc      698.7 MB  Cuda     live     4153.2 MB  "collide:nn_last_partner"
[kp]    59.204s  alloc        698.7 MB  Cuda     live     4851.9 MB  "collide:nn_last_partner"
[kp]    59.205s  dealloc      698.7 MB  Cuda     live     4153.2 MB  "collide:nn_last_partner"
[kp]    59.259s  alloc        698.7 MB  Cuda     live     4851.9 MB  "collide:nn_last_partner"
[kp]    59.260s  dealloc      698.7 MB  Cuda     live     4153.2 MB  "collide:nn_last_partner"
[kp]    59.313s  alloc        698.7 MB  Cuda     live     4851.9 MB  "collide:nn_last_partner"
[kp]    59.314s  dealloc      698.7 MB  Cuda     live     4153.2 MB  "collide:nn_last_partner"
[kp]    59.368s  alloc        698.7 MB  Cuda     live     4851.9 MB  "collide:nn_last_partner"
[kp]    59.369s  dealloc      698.7 MB  Cuda     live     4153.2 MB  "collide:nn_last_partner"
[kp]    59.423s  alloc        698.7 MB  Cuda     live     4851.9 MB  "collide:nn_last_partner"
[kp]    59.423s  dealloc      698.7 MB  Cuda     live     4153.2 MB  "collide:nn_last_partner"
[kp]    59.477s  alloc        698.7 MB  Cuda     live     4851.9 MB  "collide:nn_last_partner"
[kp]    59.478s  dealloc      698.7 MB  Cuda     live     4153.2 MB  "collide:nn_last_partner"
[kp]    59.532s  alloc        698.7 MB  Cuda     live     4851.9 MB  "collide:nn_last_partner"
[kp]    59.532s  dealloc      698.7 MB  Cuda     live     4153.2 MB  "collide:nn_last_partner"
[kp]    59.609s  alloc        698.7 MB  Cuda     live     4851.9 MB  "collide:nn_last_partner"
[kp]    59.610s  dealloc      698.7 MB  Cuda     live     4153.2 MB  "collide:nn_last_partner"
[kp]    59.892s  alloc        698.7 MB  Cuda     live     4851.9 MB  "collide:nn_last_partner"
[kp]    59.893s  dealloc      698.7 MB  Cuda     live     4153.2 MB  "collide:nn_last_partner"
[kp]    59.947s  alloc        698.7 MB  Cuda     live     4851.9 MB  "collide:nn_last_partner"
[kp]    59.948s  dealloc      698.7 MB  Cuda     live     4153.2 MB  "collide:nn_last_partner"
[kp]    60.002s  alloc        698.7 MB  Cuda     live     4851.9 MB  "collide:nn_last_partner"
[kp]    60.002s  dealloc      698.7 MB  Cuda     live     4153.2 MB  "collide:nn_last_partner"
[kp]    60.066s  alloc        698.7 MB  Cuda     live     4851.9 MB  "collide:nn_last_partner"
[kp]    60.068s  dealloc      698.7 MB  Cuda     live     4153.2 MB  "collide:nn_last_partner"
[kp]    60.285s  alloc        698.7 MB  Cuda     live     4851.9 MB  "collide:nn_last_partner"
[kp]    60.294s  dealloc      698.7 MB  Cuda     live     4153.2 MB  "collide:nn_last_partner"
[kp]    60.950s  alloc        698.7 MB  Cuda     live     4851.9 MB  "collide:nn_last_partner"
[kp]    60.951s  dealloc      698.7 MB  Cuda     live     4153.2 MB  "collide:nn_last_partner"
[kp]    61.570s  alloc        698.7 MB  Cuda     live     4851.9 MB  "collide:nn_last_partner"
[kp]    61.574s  dealloc      698.7 MB  Cuda     live     4153.2 MB  "collide:nn_last_partner"
[kp]    61.656s  alloc        698.7 MB  Cuda     live     4851.9 MB  "collide:nn_last_partner"
[kp]    61.658s  dealloc      698.7 MB  Cuda     live     4153.2 MB  "collide:nn_last_partner"
[kp]    61.778s  alloc        698.7 MB  Cuda     live     4851.9 MB  "collide:nn_last_partner"
[kp]    61.795s  dealloc      698.7 MB  Cuda     live     4153.2 MB  "collide:nn_last_partner"
[kp]    61.860s  alloc        698.7 MB  Cuda     live     4851.9 MB  "collide:nn_last_partner"
[kp]    61.861s  dealloc      698.7 MB  Cuda     live     4153.2 MB  "collide:nn_last_partner"
[kp]    61.915s  alloc        698.7 MB  Cuda     live     4851.9 MB  "collide:nn_last_partner"
[kp]    61.916s  dealloc      698.7 MB  Cuda     live     4153.2 MB  "collide:nn_last_partner"
[kp]    61.969s  alloc        698.7 MB  Cuda     live     4851.9 MB  "collide:nn_last_partner"
[kp]    61.970s  dealloc      698.7 MB  Cuda     live     4153.2 MB  "collide:nn_last_partner"
[kp]    62.024s  alloc        698.7 MB  Cuda     live     4851.9 MB  "collide:nn_last_partner"
[kp]    62.025s  dealloc      698.7 MB  Cuda     live     4153.2 MB  "collide:nn_last_partner"
[kp]    62.078s  alloc        698.7 MB  Cuda     live     4851.9 MB  "collide:nn_last_partner"
[kp]    62.079s  dealloc      698.7 MB  Cuda     live     4153.2 MB  "collide:nn_last_partner"
[kp]    62.133s  alloc        698.7 MB  Cuda     live     4851.9 MB  "collide:nn_last_partner"
[kp]    62.134s  dealloc      698.7 MB  Cuda     live     4153.2 MB  "collide:nn_last_partner"
[kp]    62.187s  alloc        698.7 MB  Cuda     live     4851.9 MB  "collide:nn_last_partner"
[kp]    62.188s  dealloc      698.7 MB  Cuda     live     4153.2 MB  "collide:nn_last_partner"
[kp]    62.242s  alloc        698.7 MB  Cuda     live     4851.9 MB  "collide:nn_last_partner"
[kp]    62.243s  dealloc      698.7 MB  Cuda     live     4153.2 MB  "collide:nn_last_partner"
[kp]    62.296s  alloc        698.7 MB  Cuda     live     4851.9 MB  "collide:nn_last_partner"
[kp]    62.297s  dealloc      698.7 MB  Cuda     live     4153.2 MB  "collide:nn_last_partner"
[kp]    62.351s  alloc        698.7 MB  Cuda     live     4851.9 MB  "collide:nn_last_partner"
[kp]    62.352s  dealloc      698.7 MB  Cuda     live     4153.2 MB  "collide:nn_last_partner"
[kp]    62.405s  alloc        698.7 MB  Cuda     live     4851.9 MB  "collide:nn_last_partner"
[kp]    62.406s  dealloc      698.7 MB  Cuda     live     4153.2 MB  "collide:nn_last_partner"
[kp]    62.460s  alloc        698.7 MB  Cuda     live     4851.9 MB  "collide:nn_last_partner"
[kp]    62.461s  dealloc      698.7 MB  Cuda     live     4153.2 MB  "collide:nn_last_partner"
[kp]    62.514s  alloc        698.7 MB  Cuda     live     4851.9 MB  "collide:nn_last_partner"
[kp]    62.515s  dealloc      698.7 MB  Cuda     live     4153.2 MB  "collide:nn_last_partner"
[kp]    62.569s  alloc        698.7 MB  Cuda     live     4851.9 MB  "collide:nn_last_partner"
[kp]    62.570s  dealloc      698.7 MB  Cuda     live     4153.2 MB  "collide:nn_last_partner"
[kp]    62.623s  alloc        698.7 MB  Cuda     live     4851.9 MB  "collide:nn_last_partner"
[kp]    62.624s  dealloc      698.7 MB  Cuda     live     4153.2 MB  "collide:nn_last_partner"
[kp]    62.693s  alloc        698.7 MB  Cuda     live     4851.9 MB  "collide:nn_last_partner"
[kp]    62.694s  dealloc      698.7 MB  Cuda     live     4153.2 MB  "collide:nn_last_partner"
[kp]    62.983s  alloc        698.7 MB  Cuda     live     4851.9 MB  "collide:nn_last_partner"
[kp]    62.990s  dealloc      698.7 MB  Cuda     live     4153.2 MB  "collide:nn_last_partner"
[kp]    63.161s  alloc        698.7 MB  Cuda     live     4851.9 MB  "collide:nn_last_partner"
[kp]    63.162s  dealloc      698.7 MB  Cuda     live     4153.2 MB  "collide:nn_last_partner"
[kp]    63.441s  alloc        698.7 MB  Cuda     live     4851.9 MB  "collide:nn_last_partner"
[kp]    63.446s  dealloc      698.7 MB  Cuda     live     4153.2 MB  "collide:nn_last_partner"
     900    55.324523   2.9831e-08    9.9436663        3e-09 29093148   105265    57430        0        0    295.14846 
[kp]    64.463s  alloc        698.7 MB  Cuda     live     4851.9 MB  "collide:nn_last_partner"
[kp]    64.464s  dealloc      698.7 MB  Cuda     live     4153.2 MB  "collide:nn_last_partner"
[kp]    64.564s  alloc        698.7 MB  Cuda     live     4851.9 MB  "collide:nn_last_partner"
[kp]    64.565s  dealloc      698.7 MB  Cuda     live     4153.2 MB  "collide:nn_last_partner"
[kp]    64.680s  alloc        698.7 MB  Cuda     live     4851.9 MB  "collide:nn_last_partner"
[kp]    64.683s  dealloc      698.7 MB  Cuda     live     4153.2 MB  "collide:nn_last_partner"
[kp]    64.743s  alloc        698.7 MB  Cuda     live     4851.9 MB  "collide:nn_last_partner"
[kp]    64.744s  dealloc      698.7 MB  Cuda     live     4153.2 MB  "collide:nn_last_partner"
[kp] ==== device free 135.3 GB -> 0.0 GB, recent events:
[kp]         64.750s  begin fence "Kokkos::deep_copy: copy between contiguous views, post deep copy fence"
[kp]         64.750s  end   fence "Kokkos::deep_copy: copy between contiguous views, post deep copy fence"
[kp]         64.750s  end   deep_copy
[kp]         64.750s  begin fence "Kokkos::Tools::invoke_kokkosp_callback: Kokkos Profile Tool Fence"
[kp]         64.750s  end   fence "Kokkos::Tools::invoke_kokkosp_callback: Kokkos Profile Tool Fence"
[kp]         64.750s  begin fence "Kokkos::Tools::invoke_kokkosp_callback: Kokkos Profile Tool Fence"
[kp]         64.750s  end   fence "Kokkos::Tools::invoke_kokkosp_callback: Kokkos Profile Tool Fence"
[kp]         64.750s  begin for "SPARTA_NS::UpdateKokkos/SPARTA_NS::TagUpdateMove<3, 1, 0, 0, 1>"
[kp]         64.750s  begin fence "Kokkos::Tools::invoke_kokkosp_callback: Kokkos Profile Tool Fence"
[kp]         64.750s  end   fence "Kokkos::Tools::invoke_kokkosp_callback: Kokkos Profile Tool Fence"
[kp]         64.751s  begin fence "Kokkos::Tools::invoke_kokkosp_callback: Kokkos Profile Tool Fence"
[kp]         64.803s  end   fence "Kokkos::Tools::invoke_kokkosp_callback: Kokkos Profile Tool Fence"
terminate called after throwing an instance of 'Kokkos::Experimental::BadAlloc'
  what():  Kokkos ERROR: Cuda memory space failed to allocate 698.7 MiB (label="collide:nn_last_partner").
[an6006:2173882] *** Process received signal ***
[an6006:2173882] Signal: Aborted (6)
[an6006:2173882] Signal code:  (-6)
[an6006:2173882] [ 0] /lib64/libpthread.so.0(+0x12990)[0x15555235b990]
[an6006:2173882] [ 1] /lib64/libc.so.6(gsignal+0x10f)[0x1555515b95af]
[an6006:2173882] [ 2] /lib64/libc.so.6(abort+0x127)[0x15555158cee5]
[an6006:2173882] [ 3] /cm/local/apps/gcc/13.1.0/lib64/libstdc++.so.6(+0xac93b)[0x155551f9393b]
[an6006:2173882] [ 4] /cm/local/apps/gcc/13.1.0/lib64/libstdc++.so.6(+0xbc0ea)[0x155551fa30ea]
[an6006:2173882] [ 5] /cm/local/apps/gcc/13.1.0/lib64/libstdc++.so.6(+0xbc155)[0x155551fa3155]
[an6006:2173882] [ 6] /cm/local/apps/gcc/13.1.0/lib64/libstdc++.so.6(+0xbc3a8)[0x155551fa33a8]
[an6006:2173882] [ 7] /hpc/data/cfd-students/nnoventa/sparta/install_h200/bin/spa_kokkos_cuda[0x44ea77]
[an6006:2173882] [ 8] /hpc/data/cfd-students/nnoventa/sparta/install_h200/bin/spa_kokkos_cuda[0xc5a7b5]
[an6006:2173882] [ 9] /hpc/data/cfd-students/nnoventa/sparta/install_h200/bin/spa_kokkos_cuda[0xc5d608]
[an6006:2173882] [10] /hpc/data/cfd-students/nnoventa/sparta/install_h200/bin/spa_kokkos_cuda[0x668c10]
[an6006:2173882] [11] /hpc/data/cfd-students/nnoventa/sparta/install_h200/bin/spa_kokkos_cuda[0x66900c]
[an6006:2173882] [12] /hpc/data/cfd-students/nnoventa/sparta/install_h200/bin/spa_kokkos_cuda[0x6e10d9]
[an6006:2173882] [13] /hpc/data/cfd-students/nnoventa/sparta/install_h200/bin/spa_kokkos_cuda[0x659b29]
[an6006:2173882] [14] /hpc/data/cfd-students/nnoventa/sparta/install_h200/bin/spa_kokkos_cuda[0xbc35ed]
[an6006:2173882] [15] /hpc/data/cfd-students/nnoventa/sparta/install_h200/bin/spa_kokkos_cuda[0x4b88d4]
[an6006:2173882] [16] /hpc/data/cfd-students/nnoventa/sparta/install_h200/bin/spa_kokkos_cuda[0x47f21c]
[an6006:2173882] [17] /hpc/data/cfd-students/nnoventa/sparta/install_h200/bin/spa_kokkos_cuda[0x47f8f0]
[an6006:2173882] [18] /hpc/data/cfd-students/nnoventa/sparta/install_h200/bin/spa_kokkos_cuda[0x44fae8]
[an6006:2173882] [19] /lib64/libc.so.6(__libc_start_main+0xe5)[0x1555515a5865]
[an6006:2173882] [20] /hpc/data/cfd-students/nnoventa/sparta/install_h200/bin/spa_kokkos_cuda[0x479e4e]
[an6006:2173882] *** End of error message ***
--------------------------------------------------------------------------
Primary job  terminated normally, but 1 process returned
a non-zero exit code. Per user-direction, the job has been aborted.
--------------------------------------------------------------------------
--------------------------------------------------------------------------
mpirun noticed that process rank 0 with PID 0 on node an6006 exited on signal 6 (Aborted).
--------------------------------------------------------------------------
