Loading hpcx/2.17.1-gcc-8.5.0
  Loading requirement: zlib-ng/2.1.4-gcc-8.5.0 zstd/1.5.5-gcc-8.5.0
    binutils/2.41-gcc-8.5.0
job        1215014.pbs60
date       2026-09-23T11:16:18+02:00
host       an5017
gpus       4, one rank each
nsteps     100000
npart      0 (from nrho and fnum)
balance    rcb part, then rcb time every 1000 steps
input      /hpc/data/cfd-students/nnoventa/sparta/nicola/input/in.sparta.gpu (patched copy: /hpc/data/cfd-students/nnoventa/sparta/nicola/results/long/long_1215014/in.deck)
outdir     /hpc/data/cfd-students/nnoventa/long_runs/long_1215014
commit     f42f93ac1f87fc03116a5893e0f287165bb6e95f
build      arch    v100_reduce reduce  1 commit  a3a47b79f3fd8ea3ad1d15c9154c3d338b498a9f date    2026-09-23T10:11:00+02:00 
exe        /hpc/data/cfd-students/nnoventa/sparta/install_v100_reduce/bin/spa_kokkos_cuda
GPU 0: Tesla V100-SXM2-32GB (UUID: GPU-6e7f8578-2656-16cf-fb95-95be1039bf3f)
GPU 1: Tesla V100-SXM2-32GB (UUID: GPU-ec99e342-5760-7086-cc31-27b44bbc6862)
GPU 2: Tesla V100-SXM2-32GB (UUID: GPU-9e332e99-41c2-3c82-1e74-740d7a1e4774)
GPU 3: Tesla V100-SXM2-32GB (UUID: GPU-55dc5711-cd8c-6a73-a478-60fcc72e0de4)
SPARTA (27 Aug 2026)
Kokkos::OpenMP::initialize WARNING: OMP_PROC_BIND environment variable not set
  In general, for best performance with OpenMP 4.0 or better set OMP_PROC_BIND=spread and OMP_PLACES=threads
  For best performance with OpenMP 3.1 set OMP_PROC_BIND=true
  For unit testing set OMP_PROC_BIND=false

KOKKOS mode is enabled (/hpc/data/cfd-students/nnoventa/sparta/src/KOKKOS/kokkos.cpp:50)
  requested 4 GPU(s) per node
  requested 1 thread(s) per MPI task
WARNING: When using a single thread, the Kokkos Serial backend (i.e. Makefile.kokkos_mpi_only) gives better performance than the OpenMP backend (/hpc/data/cfd-students/nnoventa/sparta/src/KOKKOS/kokkos.cpp:148)
MPI detected: For OpenMP binding to work as intended, MPI ranks must be bound to exclusive CPU sets.

Kokkos::OpenMP::initialize WARNING: OMP_PROC_BIND environment variable not set
  In general, for best performance with OpenMP 4.0 or better set OMP_PROC_BIND=spread and OMP_PLACES=threads
  For best performance with OpenMP 3.1 set OMP_PROC_BIND=true
  For unit testing set OMP_PROC_BIND=false
Kokkos::OpenMP::initialize WARNING: OMP_PROC_BIND environment variable not set
  In general, for best performance with OpenMP 4.0 or better set OMP_PROC_BIND=spread and OMP_PLACES=threads
  For best performance with OpenMP 3.1 set OMP_PROC_BIND=true
  For unit testing set OMP_PROC_BIND=false

MPI detected: For OpenMP binding to work as intended, MPI ranks must be bound to exclusive CPU sets.

Kokkos::OpenMP::initialize WARNING: OMP_PROC_BIND environment variable not set
  In general, for best performance with OpenMP 4.0 or better set OMP_PROC_BIND=spread and OMP_PLACES=threads
  For best performance with OpenMP 3.1 set OMP_PROC_BIND=true
  For unit testing set OMP_PROC_BIND=false


MPI detected: For OpenMP binding to work as intended, MPI ranks must be bound to exclusive CPU sets.

MPI detected: For OpenMP binding to work as intended, MPI ranks must be bound to exclusive CPU sets.

Running on 4 MPI task(s)
Created orthogonal box = (-0.002001 -1e-06 -1e-06) to (0.02801 0.003001 0.087501)
WARNING: Per-processor grid cell memory will be large because global gridcut < 0.0 (/hpc/data/cfd-students/nnoventa/sparta/src/grid.cpp:518)
Created 864000 child grid cells
  CPU time = 0.395931 secs
  create/ghost percent = 8.72168 91.2783
Balance grid migrated 648000 cells
  CPU time = 0.183695 secs
  reassign/sort/migrate/ghost percent = 18.0074 1.22528 30.1234 50.6439
Reading surface file ...
  80998 triangles
  clipped to 80998 tris
  -0.002 0.028 xlo xhi
  0 0.003 ylo yhi
  0 0.0875 zlo zhi
  0.000245331 min triangle edge length
  3.15715e-08 min triangle area
  43848 0 = cells overlapping surfs, overlap cells with unmarked corner pts
  25 tiny edges removed
  269352 550800 43848 = cells outside/inside/overlapping surfs
  43848 = surf cells with 1,2,etc splits
  2.72343750000268e-06 2.7234375e-06 = cell-wise and global flow volume
  CPU time = 0.624147 secs
  read/check/sort/surf2grid/ghost/inout/particle percent = 6.4237 16.818 3.12364 42.7089 30.9258 8.53598 0.000257311
  surf2grid time = 0.266566 secs
  map/comm1/comm2/comm3/comm4/split percent = 19.9452 2.14218 7.43858 2.92983 5.7226 57.5699
0 = initial surface count in group inlet
382 = final surface count in group inlet
0 = initial surface count in group outlet
690 = final surface count in group outlet
0 = initial surface count in group yminus
41336 = final surface count in group yminus
0 = initial surface count in group yplus
33810 = final surface count in group yplus
0 = initial surface count in group yplus_inlet
382 = final surface count in group yplus_inlet
0 = initial surface count in group yplus_inlet_wall
1314 = final surface count in group yplus_inlet_wall
0 = initial surface count in group yplus_outlet
718 = final surface count in group yplus_outlet
0 = initial surface count in group yplus_outlet_wall
1598 = final surface count in group yplus_outlet_wall
0 = initial surface count in group zminus
393 = final surface count in group zminus
0 = initial surface count in group zplus
375 = final surface count in group zplus
Creating particles ...
WARNING: Created unexpected # of particles: 35855728 versus 35855994 (/hpc/data/cfd-students/nnoventa/sparta/src/create_particles.cpp:445)
Created 35855728 particles
  CPU time = 7.23949 secs
Balance grid migrated 4 cells
  CPU time = 0.580063 secs
  reassign/sort/migrate/ghost percent = 22.1981 15.6122 49.5783 12.6114
Memory usage per proc in Mbytes:
  particles (ave,min,max) = 1677.1 1677.1 1677.1
  grid      (ave,min,max) = 278.441 278.408 278.476
  surf      (ave,min,max) = 20.309 20.309 20.309
  modify    (ave,min,max) = 56.0303 56.0298 56.0308
  total     (ave,min,max) = 2031.88 2031.85 2031.92
Step CPU T/CPU S/CPU Dt Np Natt Ncoll Nbound Nexit c_temp f_X_in[1] f_X_out[1] 
       0            0            0            0        3e-09 35855728        0        0        0        0    300.03096            0            0 
     100    2.0360014 1.4734747e-07    49.115789        3e-09 35640525   137831    84600        0        0    298.35414         3068         2063 
     200    4.3683819 1.2862399e-07    42.874674        3e-09 35373915   142650    82785        0        0    297.00014         3057         1804 
     300    6.7684159 1.249982e-07    41.666061        3e-09 35093806   144271    82048        0        0    295.81491         3047         1738 
     400    9.1965245 1.2355296e-07    41.184323        3e-09 34807234   144435    80874        0        0    294.96093         3148         1687 
     500    11.628857 1.2333842e-07    41.112807        3e-09 34518290   144039    79457        0        0    294.24649         3083         1636 
     600     14.07181 1.2280218e-07    40.934058        3e-09 34228016   142727    78025        0        0    293.80612         3176         1581 
     700    16.519387 1.2257019e-07     40.85673        3e-09 33937680   141747    76881        0        0    293.42118         3182         1495 
     800    19.047664 1.1865791e-07    39.552638        3e-09 33649523   140734    76150        0        0    293.17483         3179         1570 
     900    21.498918 1.2238624e-07    40.795416        3e-09 33369280   139616    74928        0        0    292.98114         3018         1540 
    1000    24.174666 1.121182e-07    37.372729        3e-09 33093682   138270    74146        0        0    292.89426         3191         1650 
    1100    26.660259 1.2069562e-07    40.231877        3e-09 32834661   136990    72940        0        0    292.89718         3080         1692 
    1200    29.108136 1.2255516e-07    40.851718        3e-09 32593218   136307    72340        0        0    292.93089         3077         1707 
    1300    31.560441 1.2233387e-07    40.777956        3e-09 32367529   134654    71133        0        0    292.99152         3201         1727 
    1400    34.010824 1.2242985e-07    40.809952        3e-09 32161187   134455    70878        0        0      293.149         3049         1724 
    1500    36.462881 1.2234621e-07    40.782067        3e-09 31970839   133450    70070        0        0    293.37712         3024         1839 
    1600    38.914797 1.2235337e-07    40.784457        3e-09 31797285   132266    69424        0        0    293.54363         3108         1856 
    1700    41.376406 1.2187148e-07    40.623826        3e-09 31640728   132131    68982        0        0    293.76889         3114         1961 
    1800     43.83671 1.2193615e-07    40.645385        3e-09 31500814   131217    68648        0        0    294.09597         3075         1938 
    1900    46.291556 1.2220725e-07    40.735751        3e-09 31371730   130669    68205        0        0    294.27841         3086         2133 
    2000     49.04109 1.0910936e-07    36.369781        3e-09 31257549   130064    67465        0        0    294.51279         3026         2094 
    2100    51.532868 1.2039605e-07    40.132023        3e-09 31154773   129901    67556        0        0    294.74522         3045         2185 
    2200    53.981361 1.2252427e-07    40.841421        3e-09 31060705   129992    67117        0        0    295.01255         3071         2123 
    2300      56.4304 1.2249706e-07    40.832353        3e-09 30976893   128961    66853        0        0    295.28009         3054         2141 
    2400    58.882195 1.2235935e-07    40.786452        3e-09 30901608   129552    66783        0        0    295.55703         3189         2132 
    2500    61.336294 1.2224446e-07    40.748153        3e-09 30835605   128741    66311        0        0    295.75853         3110         2223 
    2600    63.790875 1.2222045e-07    40.740146        3e-09 30775680   129234    66570        0        0     295.9982         3063         2255 
    2700    66.229676 1.2301124e-07    41.003747        3e-09 30717612   128118    65964        0        0    296.17104         3033         2255 
    2800    68.660143 1.2343304e-07    41.144347        3e-09 30668631   128446    65993        0        0    296.41884         3062         2184 
    2900    71.094626 1.2322952e-07    41.076505        3e-09 30619489   128085    65638        0        0    296.67536         3082         2247 
    3000    73.751367 1.1292026e-07    37.640088        3e-09 30574914   128342    65824        0        0    296.89949         3033         2239 
    3100    76.214635 1.2178941e-07    40.596471        3e-09 30534340   128041    65841        0        0    297.05417         3079         2171 
    3200    78.708393 1.2030042e-07    40.100139        3e-09 30491360   127766    65172        0        0    297.23266         3098         2190 
    3300    81.127477 1.2401388e-07    41.337959        3e-09 30449664   127603    65018        0        0    297.38265         3040         2206 
    3400    83.549433 1.2386685e-07    41.288947        3e-09 30405890   127686    65130        0        0    297.49186         3068         2266 
    3500    85.966658 1.2410924e-07     41.36975        3e-09 30366161   128000    65106        0        0    297.68117         3090         2288 
    3600    88.384203 1.2409285e-07    41.364284        3e-09 30327300   127417    64947        0        0    297.82703         3024         2243 
    3700    90.806179 1.2386578e-07    41.288591        3e-09 30290105   127224    64587        0        0    297.91087         3060         2362 
    3800    93.229308 1.2380686e-07    41.268953        3e-09 30252802   127224    64758        0        0    297.98006         3179         2251 
    3900     95.64343 1.2426878e-07    41.422925        3e-09 30217529   126701    64537        0        0    298.08696         3116         2203 
    4000    98.283132 1.1364917e-07    37.883052        3e-09 30179837   126797    64033        0        0    298.16988         3100         2187 
    4100    100.73028 1.2259197e-07    40.863995        3e-09 30143630   126721    64179        0        0    298.29868         3037         2248 
    4200    103.13918 1.2453773e-07    41.512578        3e-09 30108673   126381    64072        0        0    298.33848         3107         2249 
    4300    105.54259 1.2482269e-07    41.607561        3e-09 30072804   126470    64234        0        0    298.31693         3088         2354 
    4400    107.94267 1.2499625e-07    41.665414        3e-09 30038046   126389    64016        0        0    298.34397         3098         2249 
    4500    110.42998 1.2061179e-07    40.203935        3e-09 30003373   126191    63644        0        0    298.47145         3106         2244 
    4600     112.8244 1.2529125e-07    41.763751        3e-09 29968919   125768    63508        0        0    298.53308         3110         2254 
    4700    115.21774 1.2534803e-07    41.782674        3e-09 29935856   125830    63910        0        0    298.60525         2991         2243 
    4800    117.60804 1.2550723e-07    41.835743        3e-09 29902012   125374    63155        0        0    298.62371         2966         2267 
    4900    119.99516 1.2567465e-07    41.891548        3e-09 29868811   125662    63347        0        0    298.67618         3105         2278 
    5000    122.60764 1.1483312e-07    38.277707        3e-09 29836621   125023    63039        0        0    298.66719         3061         2240 
    5100    125.03446 1.2361867e-07    41.206225        3e-09 29808122   125175    63109        0        0    298.78919         3146         2187 
    5200    127.41869 1.258269e-07    41.942299        3e-09 29777195   125596    63253        0        0     298.8367         3097         2222 
    5300    129.80095 1.2593091e-07    41.976964        3e-09 29748947   125139    62858        0        0    298.83617         3095         2172 
    5400    132.18463 1.2585601e-07    41.952009        3e-09 29721734   124849    62519        0        0     298.9036         3050         2192 
    5500    134.57178 1.2567255e-07    41.890848        3e-09 29694862   125161    62880        0        0    299.00308         3083         2199 
    5600    136.95358 1.2595529e-07    41.985097        3e-09 29669370   124827    62553        0        0    299.00734         3066         2254 
    5700    139.42986 1.2114954e-07    40.383176        3e-09 29643585   124751    62712        0        0    299.00241         3052         2257 
    5800    141.80853 1.261207e-07    42.040235        3e-09 29616454   124442    62492        0        0    299.10149         3142         2220 
    5900    144.18726 1.2611767e-07    42.039224        3e-09 29592342   124417    62448        0        0    299.14909         3111         2242 
    6000    146.79523 1.1503201e-07    38.344002        3e-09 29569416   124775    62278        0        0    299.13766         3133         2260 
    6100    149.20222 1.2463729e-07    41.545763        3e-09 29547490   124202    62114        0        0    299.23164         3118         2300 
    6200    151.57157 1.266168e-07    42.205602        3e-09 29524495   124275    62207        0        0    299.23901         3031         2233 
    6300    153.93947 1.2669449e-07    42.231493        3e-09 29502835   124447    61929        0        0    299.24572         3071         2300 
    6400    156.30603 1.2676638e-07    42.255456        3e-09 29481422   124047    61930        0        0    299.30652         3000         2267 
    6500    158.66869 1.2697525e-07     42.32509        3e-09 29461143   123444    61403        0        0    299.34209         3132         2250 
    6600    161.03168 1.2695803e-07    42.319344        3e-09 29438470   124102    61803        0        0    299.29237         3090         2220 
    6700     163.3944 1.2697219e-07    42.324063        3e-09 29419114   124016    61814        0        0    299.34858         3011         2215 
    6800    165.75574 1.2704658e-07     42.34886        3e-09 29399744   123184    61252        0        0    299.38674         3155         2217 
    6900    168.11727 1.2703647e-07    42.345488        3e-09 29378000   123736    61536        0        0    299.34544         3036         2273 
    7000    170.79196 1.1216226e-07    37.387419        3e-09 29357755   123029    61225        0        0    299.44246         3089         2221 
    7100    173.18665 1.2527735e-07    41.759122        3e-09 29338556   123225    61406        0        0    299.43782         3150         2239 
    7200    175.54572 1.271686e-07     42.38953        3e-09 29318239   123208    61211        0        0    299.39133         3036         2279 
    7300    177.90066 1.2739216e-07    42.464055        3e-09 29297497   122991    61066        0        0    299.43484         3081         2258 
    7400    180.25366 1.2749662e-07    42.498875        3e-09 29279567   122962    61109        0        0    299.49475         3077         2247 
    7500    182.60658 1.2750142e-07    42.500473        3e-09 29262836   122636    60829        0        0     299.5423         3115         2231 
    7600    184.96012 1.2746744e-07    42.489147        3e-09 29243928   122706    60786        0        0    299.58959         3027         2303 
    7700    187.31066 1.2763009e-07    42.543359        3e-09 29224038   122618    60854        0        0     299.5206         3158         2327 
    7800    189.66144 1.2761742e-07    42.539144        3e-09 29208225   122476    60583        0        0     299.6161         3057         2275 
    7900     192.0114 1.2766138e-07    42.553792        3e-09 29189379   122851    60817        0        0    299.57621         3042         2271 
    8000    194.59238 1.1623485e-07    38.744947        3e-09 29167791   122180    60585        0        0    299.50226         3127         2211 
    8100       196.98 1.2564826e-07     41.88276        3e-09 29150799   122916    60766        0        0    299.56395         3105         2282 
    8200    199.42046 1.2292774e-07     40.97591        3e-09 29132152   122104    60452        0        0     299.5694         3100         2294 
    8300    201.77316  1.27513e-07    42.504334        3e-09 29116695   122338    60327        0        0    299.58455         3116         2224 
    8400    204.12453 1.2758529e-07    42.528429        3e-09 29102298   121987    60172        0        0    299.59766         3018         2280 
    8500    206.47428 1.2767339e-07    42.557801        3e-09 29083269   122225    60096        0        0    299.52189         3136         2206 
    8600     208.8308 1.273059e-07    42.435294        3e-09 29063169   121725    60075        0        0     299.5259         3077         2232 
    8700    211.18748 1.2729788e-07    42.432631        3e-09 29044630   121818    59912        0        0    299.58671         3129         2254 
    8800    213.54038 1.2750215e-07    42.500714        3e-09 29027136   122504    60499        0        0    299.60737         3102         2317 
    8900    215.88946 1.2771001e-07    42.570004        3e-09 29012502   121831    59959        0        0    299.62647         2998         2232 
    9000    218.45999 1.1670719e-07    38.902397        3e-09 28992189   121806    60256        0        0    299.66283         3095         2228 
    9100    221.89113 8.7434565e-08    29.144854        3e-09 28973943   120995    59778        0        0    299.67532         3066         2284 
    9200    225.27656 8.8615024e-08    29.538343        3e-09 28957672   121161    59560        0        0     299.6797         3071         2244 
    9300    228.67201 8.8353454e-08    29.451152        3e-09 28942279   120757    59616        0        0     299.7344         3080         2327 
    9400    232.06259 8.8480368e-08    29.493456        3e-09 28923844   121546    59760        0        0    299.74293         3120         2211 
    9500    235.44522 8.8688404e-08    29.562801        3e-09 28907533   121323    60053        0        0    299.73881         3099         2282 
    9600    238.82541 8.8752421e-08     29.58414        3e-09 28890186   121053    59688        0        0    299.82677         3003         2205 
    9700    242.20172 8.8854476e-08    29.618158        3e-09 28870427   120819    59357        0        0    299.78452         2981         2283 
    9800    245.58274 8.8730568e-08    29.576856        3e-09 28856040   120849    59318        0        0    299.81706         3088         2207 
    9900    248.96632 8.8663498e-08      29.5545        3e-09 28843022   121463    59887        0        0     299.7858         3149         2184 
   10000    253.02519 7.3912152e-08    24.637384        3e-09 28828747   120605    59395        0        0    299.88722         3081         2265 
   10100    255.39602 1.2653832e-07    42.179441        3e-09 28813027   120682    59466        0        0    299.91212         3033         2244 
   10200    257.72495 1.288144e-07    42.938134        3e-09 28797005   120698    59644        0        0    299.82974         3183         2286 
   10300    260.12027 1.2524435e-07    41.748114        3e-09 28782721   120240    59017        0        0    299.80226         3051         2308 
   10400    262.44879 1.288369e-07    42.945633        3e-09 28767165   120263    58790        0        0    299.82922         3043         2294 
   10500    264.77618 1.2889994e-07    42.966649        3e-09 28754123   120348    59234        0        0    299.85689         3045         2232 
   10600    267.09548 1.2934911e-07    43.116371        3e-09 28737653   120026    58975        0        0     299.8519         3072         2207 
   10700    269.41069 1.2957824e-07    43.192737        3e-09 28722865   120181    58973        0        0     299.8897         3039         2309 
   10800    271.71903 1.299636e-07    43.321208        3e-09 28708775   119843    58846        0        0    299.89628         3014         2267 
   10900     274.0253 1.3008017e-07    43.360056        3e-09 28694104   119522    58571        0        0    299.95012         3139         2212 
   11000    276.55788 1.1845611e-07    39.485367        3e-09 28680601   119820    58693        0        0    299.90853         3143         2341 
   11100    278.89865 1.2816304e-07    42.721019        3e-09 28667790   119558    58526        0        0    299.91645         3125         2274 
   11200    281.20568 1.300372e-07    43.345733        3e-09 28654343   120106    58765        0        0    299.91992         3017         2281 
   11300    283.50974 1.3020509e-07    43.401697        3e-09 28639664   119802    58813        0        0    299.91743         3025         2304 
   11400    285.81647 1.3005429e-07    43.351429        3e-09 28628902   119334    58050        0        0    299.83871         3094         2290 
   11500    288.12352 1.300361e-07    43.345362        3e-09 28618004   119563    58806        0        0    299.84353         3153         2269 
   11600    290.49985 1.2624498e-07     42.08166        3e-09 28606485   119406    58401        0        0    299.91111         3037         2194 
   11700    292.79942 1.3045911e-07     43.48637        3e-09 28593171   119478    58280        0        0     299.8717         3055         2237 
   11800    295.10036 1.3038175e-07    43.460583        3e-09 28580594   119206    58130        0        0    299.89724         3096         2213 
   11900    297.40287 1.3029259e-07    43.430863        3e-09 28568342   118962    58339        0        0    299.94988         3049         2255 
   12000    299.92997 1.1871316e-07    39.571051        3e-09 28555136   119105    57931        0        0    299.90081         3161         2232 
   12100    302.26492 1.2848209e-07    42.827366        3e-09 28545287   119146    58211        0        0    299.93235         3100         2311 
   12200    304.56883 1.302136e-07    43.404528        3e-09 28533776   119198    58367        0        0    299.91008         3071         2328 
   12300    306.86786 1.3048958e-07    43.496528        3e-09 28521452   119214    58323        0        0    299.91797         3110         2287 
   12400    309.16695 1.3048682e-07    43.495608        3e-09 28509471   118848    58167        0        0    299.85103         3007         2299 
   12500     311.4678 1.3038617e-07    43.462057        3e-09 28495485   118308    57775        0        0    299.81838         3088         2217 
   12600    313.77304 1.3013881e-07    43.379601        3e-09 28481556   119368    58185        0        0     299.8599         3047         2177 
   12700    316.07753 1.3018027e-07    43.393424        3e-09 28469180   119026    58007        0        0    299.86479         3110         2248 
   12800    318.37676 1.3047844e-07    43.492813        3e-09 28459148   119367    58277        0        0    299.88171         3051         2259 
   12900    320.72101 1.2797293e-07    42.657643        3e-09 28447620   118804    58023        0        0    299.88673         3043         2226 
   13000    323.24902 1.186702e-07    39.556733        3e-09 28439283   119006    57781        0        0    299.92114         3122         2267 
   13100    325.58855 1.2823101e-07    42.743671        3e-09 28428581   118203    57277        0        0    299.91333         3123         2252 
   13200    327.88898 1.3041053e-07    43.470176        3e-09 28418635   118225    57873        0        0    299.93513         3120         2297 
   13300    330.18962 1.3039823e-07    43.466075        3e-09 28406427   118795    58008        0        0    299.91314         3137         2308 
   13400    332.49647 1.3004735e-07    43.349121        3e-09 28394879   117893    57187        0        0    299.94419         3062         2237 
   13500    334.79847 1.3032148e-07    43.440489        3e-09 28382153   118295    57396        0        0    299.92978         3078         2269 
   13600    337.10118 1.3028142e-07     43.42714        3e-09 28371893   117668    57471        0        0    299.92245         3115         2274 
   13700    339.40189 1.3039466e-07    43.464888        3e-09 28361196   117689    57294        0        0    299.89468         3104         2295 
   13800    341.70352 1.3034265e-07     43.44755        3e-09 28350565   118100    57397        0        0    299.79518         3120         2350 
   13900     344.0022 1.3050969e-07    43.503231        3e-09 28339399   117861    57253        0        0    299.81504         3095         2302 
   14000    346.52486 1.1892181e-07    39.640601        3e-09 28328047   118153    57551        0        0    299.87561         2948         2259 
   14100    348.91969 1.2526995e-07     41.75665        3e-09 28314913   117844    57404        0        0    299.86009         3024         2291 
   14200    351.21709 1.3058258e-07    43.527526        3e-09 28302198   118093    57853        0        0    299.86457         3072         2263 
   14300    353.51493 1.3055745e-07    43.519151        3e-09 28291307   117668    56942        0        0    299.91167         3109         2251 
   14400    355.81112 1.3065089e-07    43.550296        3e-09 28280782   117772    57308        0        0     299.8411         3119         2312 
   14500      358.106 1.3072612e-07    43.575371        3e-09 28270434   117675    57056        0        0     299.8729         3093         2303 
   14600    360.40289 1.3061134e-07    43.537114        3e-09 28261400   117595    57025        0        0    299.85975         3122         2253 
   14700    362.69771 1.3072875e-07    43.576252        3e-09 28250348   116917    56857        0        0    299.85549         3103         2372 
   14800      364.993 1.3070267e-07    43.567553        3e-09 28240174   117191    56780        0        0    299.85129         3095         2381 
   14900     367.2874 1.3075317e-07    43.584392        3e-09 28230141   117117    56989        0        0    299.84792         3096         2309 
   15000    369.80835 1.1900268e-07    39.667561        3e-09 28219402   117429    56950        0        0    299.92215         2938         2362 
   15100    372.13413 1.2898901e-07    42.996337        3e-09 28208463   117298    56988        0        0    299.90527         3088         2236 
   15200    374.42566 1.3091677e-07    43.638921        3e-09 28200061   117414    56382        0        0    299.93748         3064         2331 
   15300    376.71848 1.3084326e-07    43.614422        3e-09 28191765   117418    57343        0        0    299.95282         3095         2283 
   15400    379.10767 1.2556583e-07    41.855274        3e-09 28180325   117248    57012        0        0    300.01196         3207         2384 
   15500    381.40042 1.3084723e-07    43.615742        3e-09 28170054   116720    56895        0        0      299.935         3103         2316 
   15600    383.68534 1.3129535e-07    43.765118        3e-09 28160957   116527    56574        0        0    299.91978         3044         2331 
   15700    385.97329 1.3112217e-07    43.707388        3e-09 28146989   116824    56855        0        0     299.8587         3173         2286 
   15800    388.25749 1.3133669e-07    43.778897        3e-09 28138381   116384    56249        0        0    299.84654         2992         2329 
   15900    390.54405 1.3120176e-07    43.733921        3e-09 28127213   116584    56643        0        0    299.79008         3049         2234 
   16000    393.05054 1.1968922e-07     39.89641        3e-09 28116005   116524    56335        0        0    299.77806         3105         2377 
   16100    395.36691 1.295127e-07    43.170899        3e-09 28106771   116336    56753        0        0    299.77996         3078         2244 
   16200    397.64636 1.3161073e-07    43.870239        3e-09 28097495   116240    56476        0        0    299.74791         3024         2228 
   16300    399.92072 1.3190516e-07    43.968387        3e-09 28088147   116121    56343        0        0    299.84159         3017         2283 
   16400    402.19081 1.321535e-07    44.051168        3e-09 28075886   116148    56019        0        0    299.83415         3157         2182 
   16500    404.46239 1.320667e-07    44.022233        3e-09 28062695   116546    56481        0        0    299.87036         3116         2294 
   16600    406.73124 1.3222545e-07    44.075152        3e-09 28049703   115939    56245        0        0    299.83865         3102         2293 
   16700    409.08604 1.2739964e-07    42.466542        3e-09 28038408   116495    56449        0        0    299.87169         3045         2327 
   16800    411.35877 1.3199961e-07    43.999871        3e-09 28029145   115910    56240        0        0    299.89291         3039         2350 
   16900    413.62678 1.3227465e-07    44.091551        3e-09 28018995   115675    55977        0        0    299.93507         3068         2394 
   17000    416.11882  1.20383e-07    40.127668        3e-09 28007816   116122    56274        0        0     299.9093         3040         2272 
   17100     418.4236 1.3016441e-07    43.388133        3e-09 27997024   116107    56201        0        0    299.87269         3077         2265 
   17200    420.69137 1.3228899e-07    44.096329        3e-09 27988451   115779    55791        0        0    299.85507         3051         2266 
   17300    422.95777 1.3236851e-07    44.122839        3e-09 27980007   115731    56063        0        0    299.94866         3138         2186 
   17400     425.2259 1.3226707e-07    44.089025        3e-09 27969070   115703    55902        0        0    299.92549         3020         2220 
   17500    427.49305 1.3232474e-07    44.108248        3e-09 27955996   115487    55717        0        0    299.87731         3081         2304 
   17600    429.75847 1.3242607e-07    44.142022        3e-09 27944926   115028    55920        0        0    299.90725         3051         2253 
   17700    432.02786 1.3219407e-07    44.064691        3e-09 27933946   114901    55279        0        0    299.91276         3121         2321 
   17800    434.29654 1.3223568e-07     44.07856        3e-09 27922766   115458    56094        0        0    299.93847         3127         2275 
   17900    436.56479 1.3226043e-07    44.086814        3e-09 27913626   115234    55722        0        0    299.91558         3108         2318 
   18000    439.12251 1.1729165e-07    39.097215        3e-09 27904877   115256    55415        0        0    299.93846         3062         2292 
   18100      441.425 1.3029406e-07    43.431354        3e-09 27892730   115054    55538        0        0    299.95599         3101         2278 
   18200    443.69101 1.3239118e-07    44.130392        3e-09 27882093   115141    55574        0        0    299.92805         3131         2318 
   18300    445.95834 1.3231451e-07    44.104834        3e-09 27870996   114912    55584        0        0    299.93046         3116         2167 
   18400    448.22675 1.3225122e-07    44.083743        3e-09 27861801   115222    55554        0        0    299.96188         3053         2291 
   18500    450.49156 1.3246118e-07    44.153728        3e-09 27852249   114807    55549        0        0    299.90509         3135         2306 
   18600    452.75665 1.3244505e-07    44.148353        3e-09 27842861   114941    55710        0        0    299.93896         3134         2289 
   18700     455.0222 1.3241836e-07     44.13945        3e-09 27836415   115049    55774        0        0    300.02462         3144         2356 
   18800    457.28728 1.3244522e-07    44.148402        3e-09 27827904   114658    55159        0        0    300.00694         3045         2307 
   18900    459.54854 1.3266979e-07    44.223268        3e-09 27820140   114705    55464        0        0    299.99038         3085         2341 
   19000    462.04017 1.2040278e-07     40.13426        3e-09 27810294   114881    55465        0        0    300.03359         3070         2280 
   19100    465.32608 9.129906e-08    30.433022        3e-09 27803215   114867    55197        0        0    300.03316         3061         2258 
   19200     468.6377 9.0590101e-08    30.196697        3e-09 27795934   114822    55137        0        0    300.00112         3088         2332 
   19300     471.8882 9.2293615e-08    30.764542        3e-09 27786963   114643    55345        0        0    300.03452         3028         2346 
   19400    475.13399 9.2427198e-08    30.809064        3e-09 27780474   114509    55132        0        0    300.02118         3069         2285 
   19500    478.38183 9.2369166e-08    30.789724        3e-09 27769948   114474    54985        0        0    300.05821         3077         2269 
   19600    481.62244 9.2575134e-08    30.858378        3e-09 27760177   114248    55172        0        0    299.98708         3104         2330 
   19700    484.86803 9.2433226e-08    30.811074        3e-09 27751821   114297    54954        0        0    299.94453         3147         2307 
   19800    488.11017 9.2531476e-08    30.843823        3e-09 27744906   114271    55469        0        0    299.93641         3072         2279 
   19900    491.35401 9.2483007e-08    30.827673        3e-09 27740620   113871    54892        0        0     299.9484         3138         2375 
   20000    495.27751 7.6462248e-08    25.487415        3e-09 27734861   114329    54935        0        0    300.03093         3014         2314 
   20100    497.56869 1.3093694e-07    43.645647        3e-09 27727527   113732    55106        0        0    300.00542         3070         2303 
   20200    499.91122 1.2806683e-07    42.688943        3e-09 27714163   114296    54915        0        0    299.96257         3017         2233 
   20300    502.16519 1.330983e-07      44.3661        3e-09 27704987   113801    54503        0        0    299.99174         3083         2231 
   20400    504.41863 1.3313003e-07    44.376675        3e-09 27695044   113935    54714        0        0    300.00211         3055         2367 
   20500    506.67398 1.3301696e-07    44.338988        3e-09 27686310   113765    54598        0        0     300.0232         3053         2271 
   20600    508.92572 1.3323033e-07    44.410113        3e-09 27676976   113951    54601        0        0    299.99803         3166         2315 
   20700    511.18499 1.3278614e-07    44.262046        3e-09 27668130   113724    54565        0        0    299.89799         3079         2363 
   20800    513.43964 1.3305833e-07    44.352776        3e-09 27664466   114173    54721        0        0    299.94023         3121         2256 
   20900    515.69132 1.3323407e-07     44.41136        3e-09 27659879   113446    54554        0        0    299.94462         3067         2281 
   21000     518.1698 1.2104166e-07     40.34722        3e-09 27653323   113433    54599        0        0     300.0031         3077         2364 
   21100    520.46025 1.3097842e-07    43.659476        3e-09 27646834   113766    54659        0        0    299.98506         3074         2277 
   21200    522.70982 1.3335891e-07    44.452967        3e-09 27638264   113667    54534        0        0    299.92037         3171         2226 
   21300    524.96087 1.3327149e-07    44.423833        3e-09 27630054   113389    54280        0        0    300.00497         3154         2252 
   21400    527.21001 1.3338398e-07    44.461329        3e-09 27622984   113151    54253        0        0    300.00491         3078         2310 
   21500     529.5605 1.2763299e-07    42.544329        3e-09 27612473   113043    54144        0        0     299.9529         3086         2255 
   21600     531.8098 1.3337475e-07    44.458251        3e-09 27605871   113235    54196        0        0    299.94494         3052         2316 
   21700    534.06382 1.3309561e-07    44.365204        3e-09 27598342   113816    54619        0        0    299.95682         3097         2268 
   21800    536.31183 1.3345168e-07    44.483892        3e-09 27588955   112990    54075        0        0    299.91369         3075         2246 
   21900    538.55907 1.3349688e-07    44.498958        3e-09 27582459   113183    54474        0        0    299.95326         3007         2249 
   22000    541.02897 1.2146236e-07    40.487454        3e-09 27574597   112752    54307        0        0    299.88812         3071         2303 
   22100    543.30889 1.3158356e-07    43.861187        3e-09 27564038   112894    54188        0        0    299.89032         3095         2322 
   22200     545.5555 1.3353487e-07    44.511626        3e-09 27556795   113234    54332        0        0    299.89665         3104         2289 
   22300     547.7994 1.3369537e-07    44.565125        3e-09 27549355   112890    53741        0        0    299.92244         3235         2228 
   22400    550.04343 1.3368824e-07    44.562744        3e-09 27542809   113265    54479        0        0     299.9149         3095         2303 
   22500    552.28677 1.337293e-07    44.576434        3e-09 27534496   112709    53898        0        0    299.94931         3035         2245 
   22600     554.5263 1.3395652e-07    44.652169        3e-09 27524313   112950    54176        0        0    299.93999         3103         2289 
   22700    556.76185 1.3419542e-07    44.731799        3e-09 27513778   112666    53999        0        0    299.90411         3078         2355 
   22800    559.07659 1.2960397e-07    43.201332        3e-09 27507263   112486    53938        0        0    299.92113         3069         2333 
   22900     561.3147  1.34042e-07    44.680663        3e-09 27499185   112564    54015        0        0    299.96689         3120         2259 
   23000    563.77629 1.2187203e-07    40.624012        3e-09 27491646   112505    53847        0        0    299.95231         3150         2234 
   23100    566.04325 1.3233568e-07    44.111894        3e-09 27483600   112422    53770        0        0    299.95214         3044         2314 
   23200    568.27783 1.3425372e-07    44.751237        3e-09 27480046   112134    54005        0        0     299.9484         3153         2252 
   23300    570.50953 1.3442651e-07    44.808839        3e-09 27471137   112846    54153        0        0     299.9269         3121         2308 
   23400    572.74089 1.344473e-07    44.815766        3e-09 27462251   112166    53827        0        0    299.94411         3147         2352 
   23500    574.96985 1.3459191e-07    44.863972        3e-09 27456760   112662    54264        0        0    299.97002         3086         2412 
   23600    577.20371 1.3429659e-07    44.765528        3e-09 27450313   112217    53761        0        0    299.93484         3110         2297 
   23700    579.43083 1.3470334e-07    44.901111        3e-09 27442511   111924    53760        0        0    299.93937         3199         2222 
   23800    581.64226 1.3565873e-07     45.21958        3e-09 27435363   112281    53994        0        0    300.00385         3120         2226 
   23900    583.85988 1.3528018e-07     45.09339        3e-09 27429639   112242    53738        0        0    299.97072         3118         2218 
   24000    586.30289 1.2279919e-07    40.933064        3e-09 27421790   111950    53394        0        0    299.96308         3074         2269 
   24100    588.59741 1.3074655e-07    43.582178        3e-09 27414781   112464    53830        0        0    299.90958         3164         2278 
   24200     590.8163 1.3520251e-07    45.067505        3e-09 27406217   112279    53993        0        0       299.95         3189         2248 
   24300    593.02976 1.3553468e-07    45.178226        3e-09 27400597   111863    53748        0        0    299.92611         3131         2308 
   24400    595.24263 1.3557042e-07    45.190139        3e-09 27392548   112225    53994        0        0    299.96643         3009         2308 
   24500    597.45546 1.3557315e-07    45.191045        3e-09 27387450   111885    53405        0        0      299.967         3089         2304 
   24600    599.66808 1.3558563e-07    45.195217        3e-09 27380738   112012    53414        0        0    299.96453         3069         2349 
   24700    601.87741 1.3578817e-07    45.262721        3e-09 27370150   111694    53423        0        0    299.88702         2990         2328 
   24800    604.09415 1.3533381e-07    45.111269        3e-09 27359531   111730    53512        0        0     299.8274         3044         2317 
   24900     606.3062 1.3562037e-07    45.206789        3e-09 27351782   111646    53592        0        0    299.89407         3121         2244 
   25000    608.74358 1.2308328e-07    41.027759        3e-09 27343034   111655    53143        0        0    299.90515         3111         2312 
   25100    610.99121 1.3347363e-07    44.491215        3e-09 27334079   112014    53576        0        0    299.95263         3007         2229 
   25200    613.20626 1.3543717e-07     45.14572        3e-09 27326265   111939    53352        0        0    299.91454         3060         2244 
   25300    615.41875 1.355941e-07    45.198036        3e-09 27319175   111613    53383        0        0    299.97089         3034         2317 
   25400    617.63306 1.3548207e-07    45.160691        3e-09 27313019   111136    52687        0        0     299.9322         3064         2307 
   25500    619.92156 1.3109051e-07    43.696834        3e-09 27305329   111237    52873        0        0    299.98523         3045         2265 
   25600    622.13528 1.3551825e-07    45.172753        3e-09 27299158   111251    52833        0        0    299.97673         3043         2304 
   25700    624.34786 1.3558845e-07    45.196149        3e-09 27289259   110937    53214        0        0    299.94668         3077         2237 
   25800    626.56002 1.3561421e-07    45.204735        3e-09 27281680   111425    53424        0        0    299.94457         3130         2287 
   25900    628.76608 1.3598872e-07    45.329575        3e-09 27275453   111237    52910        0        0    299.92572         3093         2363 
   26000    631.20633 1.2293816e-07    40.979382        3e-09 27266981   110973    52869        0        0    299.91804         3058         2383 
   26100     633.4562 1.3334123e-07     44.44708        3e-09 27259765   111350    53125        0        0    299.90475         3014         2328 
   26200      635.662 1.3600504e-07     45.33501        3e-09 27252186   111053    53191        0        0    299.90878         3046         2322 
   26300     637.8697 1.3588826e-07     45.29609        3e-09 27248361   111161    53237        0        0    299.94457         3076         2291 
   26400    640.07612 1.359668e-07    45.322265        3e-09 27242364   111473    53082        0        0    299.91444         3101         2294 
   26500    642.28129 1.3604398e-07    45.347996        3e-09 27238537   111442    53268        0        0    299.95648         3120         2325 
   26600    644.48597 1.3607377e-07    45.357923        3e-09 27231891   111279    53009        0        0    299.93546         3086         2304 
   26700    646.68855 1.3620398e-07    45.401325        3e-09 27226516   111093    52845        0        0    299.96068         3053         2397 
   26800    648.97476 1.312217e-07    43.740566        3e-09 27220975   111183    52828        0        0    300.02941         3129         2317 
   26900    651.17814 1.3615437e-07    45.384791        3e-09 27214091   110716    52878        0        0    299.99629         3163         2268 
   27000    653.60709 1.2350997e-07    41.169989        3e-09 27207824   111073    52604        0        0    299.99273         3077         2218 
   27100    655.84303 1.3417229e-07    44.724097        3e-09 27200919   110513    52854        0        0    299.90833         2996         2202 
   27200    658.04322 1.3635166e-07     45.45055        3e-09 27198671   110700    52743        0        0    299.94074         3035         2398 
   27300    660.24631 1.361725e-07    45.390841        3e-09 27190058   110601    52734        0        0    299.90853         3053         2253 
   27400    662.44894 1.3620062e-07    45.400204        3e-09 27183188   110804    52680        0        0    299.93387         3097         2302 
   27500    664.65085 1.3624536e-07     45.41512        3e-09 27177454   110054    52140        0        0    299.94251         3038         2319 
   27600    666.86103 1.3573574e-07    45.245246        3e-09 27167958   110632    52595        0        0    299.92346         3015         2312 
   27700    669.06037 1.3640428e-07    45.468092        3e-09 27161192   111050    53008        0        0    299.92359         3093         2219 
   27800    671.26089 1.3633151e-07    45.443837        3e-09 27155150   110496    52627        0        0    299.95974         3108         2336 
   27900    673.46411 1.3616457e-07    45.388187        3e-09 27150367   110633    52700        0        0     299.9154         3069         2287 
   28000    675.89217 1.2355516e-07     41.18506        3e-09 27144992   110138    52400        0        0    299.95505         3097         2313 
   28100    678.12821 1.3416608e-07    44.722024        3e-09 27138259   110740    53005        0        0    299.94168         3071         2298 
   28200    680.40533 1.317453e-07      43.9151        3e-09 27129202   110075    52423        0        0    299.95241         3099         2256 
   28300    682.60163 1.3659292e-07    45.530971        3e-09 27122921   110463    52429        0        0    299.89686         3180         2270 
   28400    684.80339 1.3625465e-07     45.41822        3e-09 27119091   110233    52718        0        0    299.91499         3035         2268 
   28500     687.0019 1.3645629e-07    45.485428        3e-09 27112225   109935    52476        0        0    299.95888         3020         2242 
   28600    689.20044 1.3645414e-07    45.484713        3e-09 27103847   110175    52495        0        0    300.05039         3033         2307 
   28700    691.40022 1.3637709e-07    45.459024        3e-09 27096601   110014    52407        0        0    300.07227         3082         2272 
   28800    693.59938 1.3641594e-07    45.471987        3e-09 27088968   110091    52665        0        0    300.07647         3017         2321 
   28900    695.79393 1.3670209e-07    45.567363        3e-09 27079123   109903    52360        0        0    300.02135         3076         2260 
   29000     698.2147 1.2392782e-07    41.309271        3e-09 27071987   110154    52647        0        0    300.00851         3175         2263 
   29100    701.38934 9.4498932e-08    31.499645        3e-09 27065955   110128    52261        0        0    300.05087         3095         2269 
   29200    704.53267 9.5440224e-08    31.813407        3e-09 27063327   109460    51940        0        0    300.01246         3071         2329 
   29300    707.67634 9.542985e-08    31.809951        3e-09 27055149   109990    52498        0        0    299.95707         3019         2237 
   29400    710.88855 9.3393419e-08    31.131139        3e-09 27047970   109866    52236        0        0    299.89247         3218         2317 
   29500    714.03048 9.5482939e-08    31.827647        3e-09 27041989   109624    52025        0        0    299.98424         2991         2287 
   29600    717.17083 9.5530628e-08    31.843541        3e-09 27035999   109537    51878        0        0     299.9784         3141         2253 
   29700    720.31055 9.5550039e-08    31.850014        3e-09 27030711   109772    52382        0        0    299.96232         3100         2288 
   29800    723.44999 9.5558388e-08    31.852795        3e-09 27026227   109371    52082        0        0    300.07581         3146         2366 
   29900    726.59255 9.5463559e-08    31.821187        3e-09 27021725   109056    51721        0        0    300.06774         3167         2226 
   30000    730.41353 7.8513799e-08    26.171265        3e-09 27017567   109833    52349        0        0    300.04142         3129         2316 
   30100    732.63707 1.3492019e-07    44.973397        3e-09 27012766   109763    52173        0        0    300.05532         3098         2285 
   30200    734.82812 1.369207e-07    45.640235        3e-09 27006527   109534    52006        0        0    300.04751         3050         2303 
   30300    737.01215 1.3736058e-07    45.786862        3e-09 26999113   109262    51934        0        0    300.07609         3102         2239 
   30400    739.29028 1.3168729e-07    43.895758        3e-09 26995566   109147    52064        0        0     300.0949         3079         2324 
   30500    741.47721 1.3717832e-07    45.726111        3e-09 26994096   109160    51639        0        0    300.13266         3113         2305 
   30600    743.66437 1.3716404e-07    45.721349        3e-09 26986214   109163    51973        0        0    300.12279         3039         2241 
   30700    745.85141 1.371719e-07    45.723962        3e-09 26979329   109066    51968        0        0    300.02944         3138         2258 
   30800    748.03665 1.3728467e-07    45.761558        3e-09 26970183   109521    52030        0        0    299.99657         3014         2256 
   30900    750.22063 1.3736416e-07    45.788053        3e-09 26961338   109253    52024        0        0    300.04208         3135         2297 
   31000    752.62837 1.2459793e-07    41.532646        3e-09 26951870   109483    51903        0        0    299.96381         3122         2288 
   31100    754.85147 1.349465e-07    44.982166        3e-09 26945566   108946    51900        0        0    299.98914         3007         2361 
   31200    757.03596 1.3733191e-07    45.777303        3e-09 26938734   109070    51936        0        0    300.00234         3098         2352 
   31300     759.2198 1.3737309e-07     45.79103        3e-09 26931395   108841    51741        0        0    299.98633         3129         2283 
   31400    761.39984 1.3761203e-07     45.87067        3e-09 26924515   108671    51550        0        0    300.01405         3155         2352 
   31500    763.58188 1.3748611e-07    45.828707        3e-09 26920339   108996    51810        0        0    300.05448         3054         2324 
   31600    765.75724 1.3790792e-07    45.969304        3e-09 26914308   109102    52263        0        0    300.08942         3207         2275 
   31700    767.93516 1.3774619e-07    45.915395        3e-09 26911918   108769    51605        0        0    300.11368         3105         2343 
   31800    770.20255 1.3231053e-07    44.103512        3e-09 26910237   109072    51496        0        0    300.08475         3149         2407 
   31900    772.37757 1.3793013e-07    45.976713        3e-09 26908385   108785    51653        0        0    300.14779         3077         2295 
   32000    774.77799 1.2497802e-07    41.659338        3e-09 26905901   108953    51447        0        0    300.14374         2985         2323 
   32100    776.98858 1.3571051e-07    45.236839        3e-09 26903022   108541    51469        0        0    300.15243         3174         2309 
   32200    779.16379 1.3791775e-07    45.972587        3e-09 26901245   109076    52028        0        0    300.10925         3157         2246 
   32300    781.33447 1.3820547e-07    46.068485        3e-09 26894115   108640    51578        0        0    300.14219         3133         2218 
   32400    783.50335 1.3832012e-07    46.106712        3e-09 26888738   108233    51269        0        0    300.13434         3048         2379 
   32500    785.67395 1.3821094e-07    46.070314        3e-09 26881708   108803    51664        0        0    300.10006         3047         2345 
   32600    787.83917 1.385537e-07    46.184565        3e-09 26876030   108728    51444        0        0    300.06275         3192         2340 
   32700    790.00437 1.3855553e-07    46.185178        3e-09 26869736   108795    51688        0        0    300.08646         3092         2311 
   32800    792.16643 1.3875633e-07    46.252108        3e-09 26865766   108554    51231        0        0     300.0765         3099         2240 
   32900    794.32994 1.3866353e-07    46.221181        3e-09 26861385   108295    51360        0        0    300.06404         3210         2311 
   33000    796.71586 1.2573739e-07    41.912466        3e-09 26855562   108562    51359        0        0     300.0597         3140         2293 
   33100    799.01039 1.3074638e-07    43.582121        3e-09 26849383   108761    51615        0        0    300.06131         3192         2213 
   33200    801.17365 1.3867947e-07    46.226491        3e-09 26843766   108386    51329        0        0    300.06102         3045         2261 
   33300    803.33892 1.385505e-07    46.183501        3e-09 26835891   108192    51611        0        0    300.03916         3146         2237 
   33400     805.5048 1.3851202e-07    46.170674        3e-09 26829823   108035    51081        0        0    300.02084         3216         2286 
   33500    807.67046 1.3852595e-07    46.175318        3e-09 26825914   108336    51183        0        0    300.03214         3116         2253 
   33600    809.83136 1.3883086e-07    46.276954        3e-09 26820371   108204    51229        0        0    300.00623         3012         2289 
   33700     811.9982 1.3845026e-07    46.150087        3e-09 26815018   108281    51368        0        0    300.00733         3146         2353 
   33800    814.16976 1.3814951e-07    46.049841        3e-09 26809280   108513    51399        0        0    300.03576         3083         2261 
   33900    816.33419 1.3860479e-07    46.201594        3e-09 26805098   108039    51171        0        0    300.05466         3075         2323 
   34000     818.7234 1.2556433e-07    41.854775        3e-09 26800875   108310    51393        0        0    300.06177         3062         2303 
   34100    820.92421 1.3631355e-07    45.437851        3e-09 26797781   107886    51406        0        0    300.06084         3191         2274 
   34200    823.08904 1.3857926e-07    46.193084        3e-09 26795919   108650    51622        0        0     300.1012         3152         2279 
   34300    825.24924 1.3887579e-07    46.291932        3e-09 26793149   108070    50967        0        0    300.10848         3188         2344 
   34400    827.41071 1.3879483e-07    46.264942        3e-09 26790769   108209    51512        0        0    300.17499         3084         2370 
   34500    829.66454 1.3310659e-07    44.368864        3e-09 26786783   108026    51357        0        0    300.13238         3024         2339 
   34600    831.82725 1.3871475e-07    46.238252        3e-09 26781504   108402    51331        0        0    300.09317         3038         2302 
   34700    833.98694 1.3890913e-07    46.303043        3e-09 26778136   108093    51350        0        0    300.07854         3132         2388 
   34800     836.1502 1.3867917e-07    46.226389        3e-09 26774332   107893    51411        0        0    300.06416         3039         2336 
   34900    838.31155 1.3880253e-07    46.267509        3e-09 26769833   108192    51174        0        0    300.06435         3096         2305 
   35000    840.70375 1.2540718e-07    41.802393        3e-09 26765635   108001    51474        0        0    300.05679         3079         2303 
   35100    842.90305 1.3640758e-07    45.469194        3e-09 26761128   107472    51000        0        0    300.13878         3148         2326 
   35200    845.06714 1.3862597e-07    46.208648        3e-09 26756010   107609    50833        0        0    300.13374         3078         2290 
   35300    847.22946 1.3873984e-07    46.246617        3e-09 26752410   108249    51204        0        0     300.0557         3103         2251 
   35400    849.38799 1.3898354e-07    46.327848        3e-09 26748447   107635    50952        0        0    300.11374         3110         2232 
   35500    851.54898 1.3882519e-07    46.275064        3e-09 26740585   108030    51176        0        0    300.09316         3162         2325 
   35600    853.70982 1.3883484e-07    46.278279        3e-09 26734754   107947    51146        0        0    300.07344         3025         2348 
   35700    855.86733 1.3904974e-07    46.349911        3e-09 26729833   107681    50879        0        0    300.07788         3087         2252 
   35800    858.02802 1.3884399e-07    46.281335        3e-09 26723922   107293    50838        0        0    300.04054         3163         2352 
   35900    860.26939 1.3384727e-07    44.615751        3e-09 26719127   107584    51049        0        0    300.10737         3026         2342 
   36000    862.65105 1.259621e-07    41.987367        3e-09 26715440   107691    50603        0        0    300.09883         3122         2388 
   36100    864.84668 1.3663551e-07    45.545173        3e-09 26711530   107856    51105        0        0    300.05567         3151         2264 
   36200    867.00295 1.3912871e-07    46.376232        3e-09 26702913   107688    51049        0        0    300.05941         3100         2316 
   36300    869.15688 1.3928074e-07    46.426915        3e-09 26698884   107354    50722        0        0     300.0655         3022         2296 
   36400    871.31208 1.3919781e-07    46.399275        3e-09 26695930   107279    50849        0        0    300.10428         3071         2301 
   36500    873.47516 1.3869104e-07    46.230345        3e-09 26691106   107506    50930        0        0    300.00815         3134         2301 
   36600    875.62997 1.3922367e-07    46.407888        3e-09 26684280   107202    50604        0        0      300.033         3150         2247 
   36700    877.78771 1.3903415e-07    46.344716        3e-09 26678450   107111    50761        0        0    300.06071         3199         2389 
   36800    879.93891 1.394574e-07    46.485796        3e-09 26676358   107089    50431        0        0    300.08952         3246         2242 
   36900    882.09251 1.3930177e-07    46.433929        3e-09 26669928   107425    50947        0        0    300.09208         3082         2369 
   37000    884.47867 1.2572468e-07    41.908221        3e-09 26667301   107096    50863        0        0    300.09036         3070         2304 
   37100    886.67348 1.3668595e-07    45.561989        3e-09 26662859   107302    50700        0        0     300.1123         3105         2300 
   37200    888.90903 1.3419533e-07    44.731775        3e-09 26660823   107597    50660        0        0    300.08276         3065         2274 
   37300    891.06213 1.3933432e-07    46.444775        3e-09 26656819   107244    50887        0        0    300.09642         3101         2306 
   37400    893.21863 1.3911428e-07    46.371427        3e-09 26649406   107140    50591        0        0    300.08062         3101         2274 
   37500    895.37347 1.3922149e-07    46.407163        3e-09 26643328   107562    50704        0        0    300.09907         3062         2322 
   37600    897.52706 1.3930239e-07    46.434132        3e-09 26638366   107459    50542        0        0    300.10281         3052         2287 
   37700    899.68016 1.3933344e-07    46.444478        3e-09 26631905   107056    50539        0        0    300.11082         3111         2345 
   37800    901.83203 1.394139e-07      46.4713        3e-09 26629920   106617    50304        0        0    300.05966         3228         2216 
   37900    903.98697 1.3921484e-07    46.404948        3e-09 26625714   106834    50154        0        0     300.0475         3083         2255 
   38000     906.3618 1.2632494e-07    42.108312        3e-09 26621334   106869    50452        0        0    300.06425         3089         2265 
   38100    908.54653 1.3731651e-07    45.772168        3e-09 26619253   107082    50410        0        0    300.04917         3128         2303 
   38200    910.69767 1.3946091e-07    46.486972        3e-09 26617450   107302    51054        0        0    300.11305         3104         2386 
   38300    912.84282 1.3985052e-07    46.616835        3e-09 26615035   106808    49944        0        0    300.09546         3027         2360 
   38400    914.98973 1.3973596e-07    46.578657        3e-09 26612991   107158    50754        0        0    300.10001         3073         2297 
   38500    917.13461 1.3986805e-07    46.622682        3e-09 26606398   107218    50421        0        0      300.081         3048         2308 
   38600    919.36001 1.3480729e-07    44.935761        3e-09 26599466   107007    50624        0        0    300.06293         3105         2280 
   38700    921.51019 1.3952268e-07     46.50756        3e-09 26594814   107098    50438        0        0    300.16769         3078         2399 
   38800    923.66061 1.3950772e-07    46.502576        3e-09 26591476   106912    50597        0        0    300.12506         3097         2345 
   38900    925.80977 1.3958976e-07     46.52992        3e-09 26588814   106641    50315        0        0    300.14997         3106         2330 
   39000     928.1821 1.2645782e-07    42.152607        3e-09 26582840   106586    50180        0        0    300.16269         3068         2282 
   39100    931.29393 9.640631e-08    32.135439        3e-09 26579090   106987    50533        0        0    300.19381         3178         2336 
   39200    934.36819 9.7584405e-08    32.528135        3e-09 26576261   106571    50320        0        0    300.14347         3174         2267 
   39300    937.43997 9.7663284e-08    32.554427        3e-09 26574031   106569    50512        0        0    300.15989         3039         2325 
   39400    940.51458 9.7573242e-08    32.524415        3e-09 26572083   106952    50394        0        0    300.13047         3102         2333 
   39500    943.58244 9.7788154e-08    32.596051        3e-09 26569809   107030    50616        0        0    300.11634         3029         2259 
   39600    946.65247 9.7718973e-08    32.572992        3e-09 26567786   106396    50146        0        0    300.10792         3111         2285 
   39700    949.82954 9.4426412e-08     31.47547        3e-09 26562473   106418    50132        0        0    300.17177         3061         2273 
   39800    952.89735 9.7789761e-08    32.596587        3e-09 26558924   106708    50413        0        0    300.11446         3069         2269 
   39900    955.96616 9.7757783e-08    32.585927        3e-09 26556616   106879    50463        0        0    300.14065         3146         2256 
   40000     959.7158 8.0007735e-08    26.669245        3e-09 26552059   106460    50032        0        0     300.1392         3062         2344 
   40100    961.89804 1.374734e-07    45.824465        3e-09 26546891   106628    50055        0        0    300.13351         3133         2329 
   40200    964.04726 1.3958542e-07    46.528474        3e-09 26545742   106950    50434        0        0    300.24103         3099         2275 
   40300    966.18923 1.4005819e-07    46.686066        3e-09 26541666   107143    50347        0        0    300.19338         3151         2367 
   40400    968.33128 1.4005268e-07    46.684227        3e-09 26540165   106675    50244        0        0    300.16371         3118         2321 
   40500    970.47273 1.4009185e-07    46.697283        3e-09 26534805   106795    50369        0        0    300.09655         3119         2304 
   40600    972.61269 1.4018939e-07    46.729792        3e-09 26530574   106234    49954        0        0    300.11651         3120         2259 
   40700    974.75275 1.4018296e-07    46.727654        3e-09 26527875   106357    50103        0        0    300.14633         3146         2281 
   40800    976.89971 1.3973232e-07    46.577442        3e-09 26525641   106248    49730        0        0    300.11572         3090         2273 
   40900    979.12552 1.347824e-07     44.92746        3e-09 26522654   106631    50157        0        0    300.10734         3139         2301 
   41000    981.49433 1.2664603e-07    42.215348        3e-09 26518793   106100    50081        0        0    300.03792         3082         2281 
   41100     983.6749 1.3757865e-07     45.85955        3e-09 26513518   106150    50341        0        0    300.00998         3079         2339 
   41200    985.81577 1.401301e-07    46.710029        3e-09 26509552   106133    50096        0        0    300.06348         3035         2330 
   41300    987.95414 1.4029358e-07     46.76453        3e-09 26507091   106633    50173        0        0    300.09519         3139         2267 
   41400    990.09367 1.4021796e-07    46.739321        3e-09 26506688   106200    49900        0        0     300.1389         3147         2332 
   41500    992.23649 1.4000236e-07    46.667453        3e-09 26502624   106294    50218        0        0    300.02985         3067         2400 
   41600    994.37867 1.4004449e-07    46.681497        3e-09 26499989   106242    50394        0        0    300.09862         3118         2338 
   41700     996.5156 1.4038783e-07    46.795945        3e-09 26496964   106598    50313        0        0    300.09569         3095         2263 
   41800    998.65504 1.4022404e-07    46.741348        3e-09 26493626   105851    49726        0        0     300.0241         3075         2248 
   41900    1000.7919 1.4039546e-07    46.798482        3e-09 26490186   106107    49969        0        0    300.07523         3082         2343 
   42000    1003.1555 1.2692192e-07    42.307306        3e-09 26487197   106504    50233        0        0    300.10463         3036         2272 
   42100    1005.3265 1.381873e-07    46.062431        3e-09 26483164   105512    49286        0        0    300.11933         3152         2299 
   42200    1007.4614 1.4051755e-07     46.83918        3e-09 26480569   106326    50359        0        0    300.16302         3204         2347 
   42300    1009.6921 1.344875e-07    44.829167        3e-09 26478124   106217    50143        0        0    300.08569         3078         2384 
   42400    1011.8303 1.4030474e-07    46.768251        3e-09 26475862   106112    49765        0        0    300.04731         3005         2348 
   42500    1013.9641 1.4059949e-07    46.866495        3e-09 26470742   106097    50048        0        0    300.06945         3179         2266 
   42600    1016.0967 1.406703e-07    46.890101        3e-09 26467999   106084    50250        0        0    300.10812         3119         2269 
   42700    1018.2299 1.4063123e-07    46.877076        3e-09 26464972   106233    50096        0        0    300.05728         3117         2373 
   42800    1020.3632 1.4063006e-07    46.876684        3e-09 26464932   106111    49930        0        0    300.07944         3033         2218 
   42900    1022.4974 1.4056546e-07     46.85516        3e-09 26462666   105909    50075        0        0    300.08426         3098         2262 
   43000    1024.8578 1.271005e-07    42.366833        3e-09 26456489   106515    50381        0        0    300.09866         3116         2303 
   43100    1027.0287 1.3818875e-07    46.062919        3e-09 26452956   105723    49573        0        0    300.06679         3069         2291 
   43200     1029.166 1.4036377e-07    46.787925        3e-09 26450426   106176    50008        0        0    300.10797         3070         2313 
   43300    1031.3048 1.4026727e-07    46.755756        3e-09 26448792   106114    50165        0        0    300.10419         3153         2312 
   43400    1033.4442 1.4022778e-07    46.742588        3e-09 26446729   105863    49513        0        0    300.13446         3085         2293 
   43500    1035.5815 1.4036297e-07    46.787661        3e-09 26443208   106027    50084        0        0    300.10446         3068         2251 
   43600    1037.7153 1.4059136e-07    46.863792        3e-09 26440031   105536    49744        0        0    300.09386         3047         2375 
   43700    1039.9421 1.3472306e-07    44.907686        3e-09 26436544   105658    49750        0        0    300.14753         3253         2419 
   43800     1042.078 1.404605e-07    46.820169        3e-09 26433734   105533    49467        0        0     300.1334         3038         2270 
   43900     1044.215 1.4038368e-07    46.794559        3e-09 26434002   106095    49819        0        0    300.15359         3107         2389 
   44000    1046.5808 1.2680319e-07    42.267732        3e-09 26432533   105738    49600        0        0    300.13317         3083         2327 
   44100    1048.7526 1.3813336e-07    46.044454        3e-09 26429485   105445    49385        0        0    300.11173         3117         2265 
   44200    1050.8863 1.4060367e-07    46.867891        3e-09 26425715   106087    49882        0        0    300.11099         3057         2370 
   44300    1053.0167 1.4082004e-07    46.940011        3e-09 26424985   105917    49938        0        0    300.11539         3125         2305 
   44400    1055.1476 1.4078556e-07    46.928518        3e-09 26420675   106045    49906        0        0    300.09927         2978         2285 
   44500    1057.2834 1.4045916e-07    46.819718        3e-09 26416878   105799    49727        0        0    300.08727         3206         2246 
   44600    1059.4145 1.4077447e-07    46.924827        3e-09 26415842   105631    49621        0        0    300.05156         3086         2397 
   44700    1061.5463 1.4072401e-07    46.907999        3e-09 26412497   105295    49375        0        0    300.04816         3044         2291 
   44800     1063.683 1.4040723e-07    46.802412        3e-09 26408856   105858    49776        0        0    300.03191         3055         2339 
   44900    1065.8155 1.4067721e-07    46.892405        3e-09 26404113   105633    49985        0        0    299.99536         3146         2286 
   45000    1068.1757 1.271088e-07    42.369603        3e-09 26401866   106180    49730        0        0    299.98988         3142         2275 
   45100    1070.4284 1.331709e-07    44.390299        3e-09 26398321   105592    49738        0        0    300.00193         3183         2317 
   45200    1072.5619 1.4061624e-07    46.872079        3e-09 26393293   105776    49663        0        0    299.96139         3105         2284 
   45300     1074.696 1.4057533e-07    46.858435        3e-09 26390727   105678    49782        0        0     299.9933         3035         2263 
   45400    1076.8334 1.4035684e-07    46.785621        3e-09 26390857   106003    49756        0        0    299.97634         3132         2275 
   45500    1078.9647 1.4075825e-07    46.919417        3e-09 26387236   105968    49607        0        0    300.07046         3096         2281 
   45600     1081.097 1.4069694e-07     46.89898        3e-09 26385490   105578    49924        0        0    300.10045         3140         2255 
   45700    1083.2318 1.4052801e-07    46.842664        3e-09 26383531   105538    49731        0        0    300.08444         3131         2408 
   45800    1085.3588 1.4103863e-07    47.012883        3e-09 26378411   106213    49861        0        0    300.04237         3044         2309 
   45900    1087.4861 1.4102919e-07     47.00973        3e-09 26377020   105517    49898        0        0    300.14435         3181         2298 
   46000    1089.8471 1.2706434e-07    42.354781        3e-09 26375950   105414    49405        0        0    300.15051         3005         2360 
   46100    1092.0108 1.3864968e-07    46.216559        3e-09 26371878   106190    49900        0        0    300.13603         2990         2310 
   46200    1094.1402 1.408854e-07    46.961803        3e-09 26365384   105957    49465        0        0     300.0796         3083         2256 
   46300    1096.2682 1.4097935e-07    46.993115        3e-09 26361008   105246    49482        0        0    300.10777         3002         2287 
   46400    1098.3965 1.4095265e-07    46.984216        3e-09 26354853   105457    49417        0        0    300.07637         3055         2260 
   46500    1100.5809 1.3734086e-07    45.780286        3e-09 26351540   105179    49503        0        0    300.03113         3180         2281 
   46600     1102.707 1.4110119e-07    47.033732        3e-09 26351007   106002    49722        0        0     300.0865         3075         2382 
   46700    1104.8385 1.4074893e-07    46.916308        3e-09 26348780   105395    49629        0        0    300.07783         3137         2355 
   46800    1106.9651 1.410673e-07    47.022436        3e-09 26345070   105255    49568        0        0    300.02379         3113         2210 
   46900    1109.0916 1.4107924e-07    47.026412        3e-09 26341329   105148    49541        0        0    300.01858         3088         2316 
   47000    1111.4463 1.2740612e-07    42.468707        3e-09 26339256   105354    49503        0        0    299.98173         3069         2256 
   47100     1113.608 1.3877437e-07     46.25812        3e-09 26337503   105368    49648        0        0    299.92488         3042         2274 
   47200    1115.7346 1.4107231e-07    47.024105        3e-09 26335492   105478    49678        0        0    300.00427         3070         2238 
   47300    1117.8596 1.4117751e-07    47.059169        3e-09 26332584   105270    49294        0        0    300.08724         3094         2339 
   47400    1119.9846 1.4117263e-07    47.057541        3e-09 26328658   105336    49577        0        0    300.06939         3137         2248 
   47500    1122.1106 1.4111002e-07    47.036675        3e-09 26327136   105132    49238        0        0    300.09297         3091         2290 
   47600    1124.2364 1.4112407e-07    47.041357        3e-09 26324237   105248    49155        0        0    300.11422         3175         2280 
   47700    1126.3646 1.4096937e-07     46.98979        3e-09 26322104   105249    49481        0        0    300.12665         3040         2342 
   47800    1128.4897 1.4116766e-07    47.055886        3e-09 26320520   105419    49498        0        0    300.17395         3027         2263 
   47900    1130.6555 1.3851643e-07    46.172145        3e-09 26318561   105122    48948        0        0    300.05882         3074         2451 
   48000    1133.0091 1.2746255e-07    42.487516        3e-09 26317358   105140    49313        0        0     300.0656         3114         2314 
   48100    1135.1685 1.3893134e-07    46.310451        3e-09 26315285   104996    49201        0        0    300.08734         3129         2378 
   48200    1137.2962 1.4099279e-07    46.997596        3e-09 26314303   104895    49320        0        0    300.10542         3113         2378 
   48300    1139.4225 1.4109095e-07     47.03032        3e-09 26313662   105168    49597        0        0    300.09005         3097         2337 
   48400    1141.5537 1.407669e-07    46.922298        3e-09 26313548   105268    49558        0        0     300.0545         3157         2337 
   48500    1143.6837 1.408457e-07    46.948573        3e-09 26309432   105249    49311        0        0    300.07044         3072         2259 
   48600    1145.8065 1.4132409e-07    47.108027        3e-09 26305214   104985    49003        0        0    299.97579         3116         2275 
   48700    1147.9305 1.4124006e-07    47.080024        3e-09 26300805   105634    49436        0        0    300.03924         3093         2309 
   48800    1150.0551 1.4120285e-07    47.067614        3e-09 26296563   104965    49314        0        0    300.05991         3126         2307 
   48900    1152.1781 1.4131106e-07    47.103686        3e-09 26293904   104498    48845        0        0    300.04501         3093         2326 
   49000    1154.5318 1.2745681e-07    42.485603        3e-09 26290445   104921    49172        0        0    300.11538         3127         2280 
   49100    1157.6041 9.7648713e-08    32.549573        3e-09 26288052   105514    49139        0        0    300.09779         3074         2334 
   49200    1160.7061 9.6711871e-08     32.23729        3e-09 26284810   104956    49448        0        0    300.03398         3050         2234 
   49300    1163.7387 9.8923049e-08     32.97435        3e-09 26285164   105558    49505        0        0    300.02578         3150         2284 
   49400    1166.7733 9.8860487e-08    32.953496        3e-09 26285149   105164    49239        0        0    300.08193         3157         2314 
   49500    1169.8013 9.9076682e-08     33.02556        3e-09 26279050   105043    49564        0        0     300.0538         3031         2349 
   49600    1172.8408 9.870024e-08    32.900082        3e-09 26278182   104822    49271        0        0    300.10869         3101         2375 
   49700     1175.878 9.8774271e-08    32.924756        3e-09 26277318   104909    49330        0        0    300.11728         3142         2377 
   49800     1178.914 9.8815853e-08    32.938617        3e-09 26275360   105039    49256        0        0    300.07567         3106         2293 
   49900    1181.9511 9.8778398e-08    32.926133        3e-09 26271301   104514    49193        0        0    300.06021         3121         2322 
   50000     1185.669 8.0689721e-08    26.896575        3e-09 26271268   105036    49308        0        0    300.01831         3116         2352 
   50100    1187.8268 1.3902852e-07     46.34284        3e-09 26268876   104832    49178        0        0     300.0126         3045         2225 
   50200    1190.0338 1.3593098e-07    45.310323        3e-09 26267154   104812    48870        0        0    300.08079         3151         2303 
   50300    1192.1548 1.4144508e-07    47.148363        3e-09 26266106   105269    49236        0        0    300.04114         3059         2300 
   50400    1194.2762 1.4141584e-07    47.138615        3e-09 26266160   105359    49342        0        0    299.99967         3050         2343 
   50500    1196.3959 1.4152878e-07    47.176258        3e-09 26264889   104455    48805        0        0    300.04621         3151         2299 
   50600    1198.5138 1.416536e-07    47.217865        3e-09 26264833   105210    49314        0        0    300.11296         3150         2323 
   50700    1200.6283 1.4187489e-07    47.291628        3e-09 26262377   105359    49463        0        0    300.10878         3092         2280 
   50800    1202.7477 1.4155068e-07    47.183564        3e-09 26259817   105096    49411        0        0    300.09865         3108         2224 
   50900     1204.865 1.416877e-07    47.229229        3e-09 26255206   104777    49278        0        0    300.12755         3171         2295 
   51000    1207.2075 1.2806914e-07    42.689714        3e-09 26250471   104849    49024        0        0    300.11641         3104         2315 
   51100    1209.3642 1.3909888e-07    46.366297        3e-09 26245904   104878    49152        0        0    300.05215         3157         2304 
   51200    1211.4835 1.415554e-07    47.185128        3e-09 26244882   104837    49057        0        0    300.03235         3135         2297 
   51300    1213.6021 1.4160602e-07    47.202011        3e-09 26242682   104553    48887        0        0    300.07735         3054         2331 
   51400     1215.719 1.4171368e-07    47.237893        3e-09 26238479   104833    49234        0        0    300.04071         3122         2305 
   51500    1217.8365 1.4167633e-07    47.225446        3e-09 26235389   104649    48760        0        0     300.0048         3173         2322 
   51600    1220.0554 1.3520418e-07    45.068054        3e-09 26233626   104670    48929        0        0     300.0745         3037         2309 
   51700    1222.1719 1.4174655e-07    47.248853        3e-09 26229008   104469    48935        0        0    300.05722         3171         2393 
   51800    1224.2912 1.4155626e-07    47.185419        3e-09 26227088   104447    48985        0        0    300.03004         3120         2308 
   51900    1226.4098 1.4159868e-07    47.199566        3e-09 26223640   105013    49037        0        0    300.06173         3075         2284 
   52000    1228.7538 1.2798901e-07    42.663004        3e-09 26221301   104327    48985        0        0    300.05944         3141         2380 
   52100    1230.9094 1.3916903e-07    46.389676        3e-09 26219506   104768    48836        0        0    300.03763         3064         2260 
   52200    1233.0318 1.413519e-07    47.117301        3e-09 26213476   104715    49164        0        0    299.99072         3083         2325 
   52300    1235.1523 1.4147414e-07    47.158046        3e-09 26210786   104775    48657        0        0    300.04056         3088         2327 
   52400    1237.2713 1.4157904e-07    47.193014        3e-09 26206434   104345    48743        0        0    299.98793         3167         2314 
   52500    1239.3868 1.4181089e-07    47.270295        3e-09 26202019   104578    48994        0        0    300.04099         3085         2232 
   52600    1241.5087 1.4138349e-07    47.127827        3e-09 26199246   104543    48917        0        0    300.10226         3034         2334 
   52700    1243.6292 1.414722e-07    47.157407        3e-09 26200662   104531    48985        0        0     300.1315         3134         2267 
   52800    1245.7496 1.4148683e-07    47.162272        3e-09 26197773   104614    49073        0        0    300.19832         3155         2334 
   52900    1247.8668 1.4169108e-07    47.230361        3e-09 26195867   104603    48804        0        0     300.1487         3156         2302 
   53000     1250.315 1.2254132e-07    40.847108        3e-09 26193581   104567    48720        0        0    300.12535         3066         2298 
   53100    1252.4692 1.392643e-07    46.421435        3e-09 26191221   104549    48857        0        0    300.10269         3029         2326 
   53200     1254.591 1.413887e-07    47.129564        3e-09 26188897   104830    48956        0        0    300.11655         3036         2273 
   53300    1256.7081 1.4169952e-07    47.233174        3e-09 26187163   104723    48884        0        0    300.12223         3058         2312 
   53400    1258.8282 1.4150642e-07    47.168807        3e-09 26183632   104956    49239        0        0    300.13828         3010         2250 
   53500    1260.9477 1.4154136e-07    47.180452        3e-09 26179244   104788    49052        0        0    300.12871         3081         2254 
   53600    1263.0653 1.4167218e-07    47.224062        3e-09 26177014   104223    48664        0        0     300.1727         3220         2307 
   53700    1265.1785 1.4196007e-07    47.320025        3e-09 26172730   104294    48483        0        0    300.15161         3096         2306 
   53800    1267.2944 1.4178613e-07     47.26204        3e-09 26170676   104107    48841        0        0    300.15861         3205         2368 
   53900    1269.4116 1.4169768e-07     47.23256        3e-09 26169207   104177    48793        0        0    300.18587         3126         2350 
   54000    1271.7529 1.2813333e-07    42.711108        3e-09 26164599   104448    48923        0        0    300.21383         3119         2325 
   54100    1273.9088 1.391521e-07    46.384034        3e-09 26161259   103867    48703        0        0    300.11317         3126         2241 
   54200    1276.0258 1.4171129e-07    47.237095        3e-09 26160018   103890    48509        0        0    300.15615         3063         2300 
   54300    1278.1438 1.4164545e-07    47.215149        3e-09 26155553   104214    48765        0        0    300.12002         3151         2257 
   54400    1280.3558 1.3562424e-07    45.208078        3e-09 26151810   104580    49078        0        0    300.10001         3104         2257 
   54500    1282.4697 1.4191584e-07    47.305281        3e-09 26149563   104666    48767        0        0    300.08465         3160         2385 
   54600    1284.5862 1.4174014e-07    47.246714        3e-09 26150526   104348    48875        0        0    300.16038         3155         2314 
   54700    1286.7017 1.4181547e-07    47.271824        3e-09 26148788   104427    48594        0        0    300.12516         3046         2371 
   54800    1288.8148 1.4196663e-07    47.322209        3e-09 26148286   104044    49092        0        0     300.1487         3106         2308 
   54900    1290.9313 1.417486e-07    47.249534        3e-09 26143702   104095    48898        0        0    300.16879         3104         2311 
   55000     1293.273 1.2811012e-07    42.703377        3e-09 26140624   104297    48763        0        0    300.14058         3050         2286 
   55100    1295.4248 1.3941659e-07    46.472193        3e-09 26137490   104602    48974        0        0    300.07186         3095         2364 
   55200    1297.5432 1.4161616e-07    47.205392        3e-09 26135724   104244    48796        0        0    300.07496         3137         2268 
   55300    1299.6612 1.4164478e-07    47.214926        3e-09 26134333   104054    48701        0        0    300.04521         3177         2313 
   55400    1301.7791 1.4165149e-07    47.217159        3e-09 26134403   104107    48801        0        0    300.13652         3115         2329 
   55500    1303.8966 1.4167576e-07    47.225252        3e-09 26132547   104029    48635        0        0    300.15744         3059         2297 
   55600    1306.0161 1.4153775e-07    47.179252        3e-09 26128819   104157    48945        0        0    300.18058         3093         2213 
   55700    1308.1319 1.4179138e-07    47.263791        3e-09 26124247   104101    48570        0        0    300.19452         3244         2225 
   55800    1310.3388 1.3593882e-07    45.312939        3e-09 26120382   103885    48572        0        0    300.21044         3034         2227 
   55900    1312.4574 1.4160638e-07    47.202132        3e-09 26118403   103950    48666        0        0    300.25226         3118         2279 
   56000    1314.7987 1.2812882e-07    42.709605        3e-09 26116157   104550    48690        0        0    300.21581         3157         2345 
   56100    1316.9492 1.3950559e-07    46.501867        3e-09 26114424   103971    48740        0        0    300.16665         3105         2277 
   56200    1319.0609 1.4206861e-07    47.356206        3e-09 26111090   103906    48266        0        0    300.12261         3084         2331 
   56300    1321.1787 1.416515e-07    47.217164        3e-09 26108122   104392    49041        0        0     300.1352         3125         2318 
   56400    1323.2937 1.4184356e-07    47.281189        3e-09 26107473   104141    48763        0        0    300.09877         3077         2331 
   56500    1325.4055 1.4205858e-07     47.35285        3e-09 26106854   104407    48825        0        0    300.17687         3144         2300 
   56600    1327.5167 1.4210479e-07    47.368271        3e-09 26106358   104224    48712        0        0    300.20705         3049         2295 
   56700    1329.6279  1.42096e-07    47.365332        3e-09 26107363   104477    48856        0        0    300.15906         3001         2351 
   56800    1331.7403 1.4202179e-07      47.3406        3e-09 26105511   103905    48385        0        0    300.22368         3052         2355 
   56900    1333.8547 1.4188144e-07    47.293814        3e-09 26103892   104558    49036        0        0    300.26288         3252         2297 
   57000    1336.1913 1.2839046e-07    42.796821        3e-09 26102649   104255    48579        0        0    300.27361         3091         2265 
   57100    1338.3416 1.3951954e-07    46.506511        3e-09 26101281   103937    48692        0        0    300.25862         3086         2337 
   57200    1340.5257 1.3735393e-07    45.784643        3e-09 26100503   103955    48487        0        0    300.17981         3029         2254 
   57300    1342.6369 1.420971e-07    47.365698        3e-09 26097820   104384    48781        0        0    300.19869         3140         2276 
   57400    1344.7463 1.4222198e-07    47.407329        3e-09 26092862   104239    48600        0        0    300.25729         3186         2331 
   57500    1346.8554 1.4224276e-07    47.414254        3e-09 26091672   104270    48633        0        0    300.25999         3145         2345 
   57600    1348.9624 1.4238297e-07    47.460991        3e-09 26088717   104244    48629        0        0    300.24291         3148         2330 
   57700     1351.073 1.4213612e-07    47.378704        3e-09 26084801   104008    48557        0        0    300.22893         3137         2361 
   57800    1353.1876 1.4187444e-07    47.291482        3e-09 26083460   103986    48434        0        0    300.24866         3080         2333 
   57900    1355.3013 1.4192741e-07    47.309133        3e-09 26083281   104026    48631        0        0     300.2147         3108         2335 
   58000    1357.6402 1.2826972e-07    42.756576        3e-09 26082423   103780    48480        0        0    300.16938         3148         2310 
   58100    1359.7877 1.3969316e-07     46.56439        3e-09 26082190   103912    48599        0        0    300.16194         3034         2282 
   58200    1361.9022 1.4187948e-07    47.293159        3e-09 26083197   103900    48623        0        0    300.20469         3145         2289 
   58300    1364.0148 1.4200622e-07    47.335403        3e-09 26083076   103791    48668        0        0    300.17808         3173         2341 
   58400    1366.1259 1.4210335e-07    47.367779        3e-09 26084051   103668    48449        0        0    300.13247         3125         2309 
   58500    1368.2404 1.4188033e-07    47.293448        3e-09 26084706   103804    48335        0        0    300.14169         3004         2343 
   58600    1370.4506 1.3573308e-07     45.24436        3e-09 26082714   103932    48157        0        0    300.12284         3077         2345 
   58700    1372.5603 1.4220241e-07    47.400801        3e-09 26080952   104105    48310        0        0    300.09307         3057         2398 
   58800    1374.6743 1.4191071e-07    47.303575        3e-09 26078470   103834    48414        0        0    300.09342         3060         2330 
   58900    1376.7865 1.4203086e-07    47.343615        3e-09 26080259   104227    48577        0        0     300.1299         3090         2226 
   59000    1379.1217 1.2846757e-07    42.822523        3e-09 26079995   103912    48399        0        0    300.09908         3097         2228 
   59100    1382.1735 9.8301125e-08    32.767043        3e-09 26077097   104036    48372        0        0    300.12155         3083         2208 
   59200     1385.185 9.9620462e-08    33.206822        3e-09 26074071   104005    48655        0        0    300.05002         3178         2352 
   59300    1388.1986 9.9546846e-08    33.182281        3e-09 26074358   103654    48079        0        0    300.07373         3099         2363 
   59400    1391.2148 9.9464293e-08    33.154764        3e-09 26074792   103768    48328        0        0    300.10018         3055         2270 
   59500    1394.2324 9.941585e-08    33.138616        3e-09 26073081   103766    48229        0        0    300.13341         3045         2235 
   59600    1397.2416 9.9693609e-08    33.231203        3e-09 26072127   103915    48265        0        0     300.1536         3065         2356 
   59700    1400.2953 9.8241501e-08    32.747166        3e-09 26068609   103718    48337        0        0    300.17291         3082         2306 
   59800     1403.305 9.9679325e-08    33.226442        3e-09 26065893   103646    48389        0        0    300.11661         3147         2335 
   59900    1406.3175 9.9586018e-08     33.19534        3e-09 26061685   103982    48297        0        0    300.10542         3164         2324 
   60000    1410.0172 8.1087618e-08    27.029206        3e-09 26059915   104129    48434        0        0    300.10924         3033         2323 
   60100    1412.1624 1.3984452e-07     46.61484        3e-09 26057153   103697    48438        0        0    300.09776         3100         2288 
   60200    1414.2735 1.4210928e-07    47.369759        3e-09 26054607   103799    48546        0        0    300.08462         3112         2220 
   60300     1416.377 1.4261722e-07     47.53907        3e-09 26054132   103822    48508        0        0    300.05683         3075         2295 
   60400    1418.4815 1.4254787e-07    47.515961        3e-09 26051770   104003    48637        0        0    300.04539         2975         2274 
   60500    1420.5919 1.4215503e-07    47.385008        3e-09 26049313   104029    48687        0        0    300.09325         3080         2251 
   60600    1422.6999 1.4231905e-07    47.439686        3e-09 26048611   103588    48218        0        0    300.18954         3145         2335 
   60700    1424.8028 1.4265523e-07    47.551738        3e-09 26046672   103522    48253        0        0    300.20546         3066         2276 
   60800    1426.9141 1.4209648e-07    47.365494        3e-09 26042651   103937    48421        0        0     300.1159         3148         2282 
   60900    1429.1186 1.3608245e-07    45.360819        3e-09 26040030   103828    48358        0        0    300.11221         3127         2324 
   61000    1431.4546 1.2842314e-07    42.807716        3e-09 26037114   104054    48448        0        0    300.08991         3203         2313 
   61100    1433.5974 1.4000499e-07     46.66833        3e-09 26036054   103855    48332        0        0    300.08222         3175         2300 
   61200    1435.7071 1.4220462e-07    47.401539        3e-09 26034204   103684    48153        0        0    300.11151         3196         2314 
   61300    1437.8128 1.4246892e-07    47.489638        3e-09 26030292   103590    48538        0        0     300.1291         3094         2239 
   61400    1439.9217 1.4225263e-07    47.417541        3e-09 26031179   104010    48413        0        0    300.11513         3102         2243 
   61500    1442.0242 1.4268691e-07    47.562304        3e-09 26031476   103941    48631        0        0    300.12601         3067         2252 
   61600    1444.1256 1.4276572e-07    47.588565        3e-09 26031665   103378    48095        0        0    300.14289         3100         2413 
   61700    1446.2342 1.4227269e-07    47.424236        3e-09 26029053   103753    48456        0        0    300.12373         3163         2369 
   61800    1448.3432 1.4224844e-07    47.416146        3e-09 26026754   103957    48484        0        0    300.09241         3210         2243 
   61900    1450.4463 1.426442e-07    47.548069        3e-09 26023307   103455    48161        0        0    300.09861         3097         2253 
   62000    1452.7799 1.2855426e-07    42.851418        3e-09 26018643   103361    48176        0        0    300.09934         3089         2265 
   62100    1454.9324 1.3937747e-07    46.459153        3e-09 26017224   104024    48446        0        0    300.10784         3138         2290 
   62200    1457.0367 1.4256683e-07    47.522284        3e-09 26014190   103615    48393        0        0    300.08246         3101         2350 
   62300    1459.2333 1.3656889e-07    45.522962        3e-09 26012433   103487    48416        0        0    300.13862         3102         2337 
   62400    1461.3387 1.4249224e-07    47.497413        3e-09 26013373   103314    48433        0        0    300.20618         3097         2277 
   62500     1463.442 1.4263548e-07     47.54516        3e-09 26013252   103808    48250        0        0     300.2011         3095         2260 
   62600     1465.551 1.4224523e-07    47.415076        3e-09 26011164   104027    48520        0        0    300.22196         3135         2355 
   62700    1467.6539 1.4266084e-07    47.553615        3e-09 26009258   103351    47797        0        0    300.22376         3117         2324 
   62800    1469.7562 1.4270388e-07    47.567959        3e-09 26005716   103143    48148        0        0    300.12253         3083         2298 
   62900    1471.8682 1.4204543e-07    47.348476        3e-09 26005305   103171    48055        0        0    300.12347         3151         2244 
   63000    1474.2006 1.2861884e-07    42.872947        3e-09 26004343   103377    48204        0        0    300.23679         3026         2330 
   63100    1476.3436 1.3999027e-07    46.663425        3e-09 26001093   103286    48059        0        0    300.22066         3118         2351 
   63200    1478.4484 1.425352e-07    47.511733        3e-09 25997221   103196    48440        0        0    300.16805         3098         2365 
   63300    1480.5569 1.4228007e-07    47.426688        3e-09 26001216   103229    48406        0        0    300.16322         3156         2320 
   63400     1482.663  1.42447e-07    47.482332        3e-09 26001107   103353    48103        0        0    300.18772         3130         2281 
   63500    1484.7637 1.4280476e-07    47.601584        3e-09 26001328   103388    48155        0        0    300.17282         3078         2360 
   63600    1486.8694 1.4247451e-07    47.491504        3e-09 26000964   103385    48240        0        0    300.21081         3066         2324 
   63700    1489.0699 1.3632861e-07    45.442866        3e-09 26000110   103381    48230        0        0    300.24926         3053         2275 
   63800    1491.1762 1.4242984e-07    47.476617        3e-09 25996454   103600    48235        0        0     300.2296         3086         2363 
   63900     1493.284 1.4232951e-07    47.443166        3e-09 25994795   103216    47951        0        0    300.21863         3130         2208 
   64000    1495.6148 1.2871037e-07    42.903458        3e-09 25995405   103598    48253        0        0    300.24178         3117         2214 
   64100    1497.7536 1.4027037e-07    46.756793        3e-09 25991748   103636    48365        0        0    300.18536         3063         2243 
   64200    1499.8565 1.4265542e-07    47.551803        3e-09 25988952   103394    48166        0        0    300.18985         3055         2299 
   64300    1501.9615 1.4252088e-07    47.506965        3e-09 25985676   103767    48349        0        0    300.14811         3188         2288 
   64400     1504.063 1.4275415e-07    47.584715        3e-09 25983555   103780    48253        0        0    300.12795         3073         2265 
   64500    1506.1636 1.4281461e-07     47.60487        3e-09 25982582   103710    48287        0        0    300.15121         3046         2302 
   64600    1508.2649 1.4277102e-07     47.59034        3e-09 25980247   103634    48166        0        0    300.09428         3101         2335 
   64700    1510.3687 1.4260124e-07    47.533747        3e-09 25980549   103693    48298        0        0     300.0799         3137         2355 
   64800    1512.4678 1.4291822e-07    47.639409        3e-09 25981275   103481    48412        0        0    300.10446         3133         2351 
   64900    1514.5716 1.4259466e-07    47.531552        3e-09 25980379   103074    48046        0        0    300.14751         3110         2278 
   65000    1516.9035 1.2865429e-07    42.884763        3e-09 25979351   103163    47765        0        0    300.12228         3105         2321 
   65100    1519.1384 1.342305e-07    44.743498        3e-09 25980208   103959    48501        0        0    300.15895         3117         2323 
   65200    1521.2478 1.4221866e-07    47.406222        3e-09 25979491   103345    47909        0        0    300.14497         3126         2305 
   65300    1523.3562 1.4228944e-07     47.42982        3e-09 25976846   102799    47540        0        0    300.10926         3126         2238 
   65400    1525.4632 1.4238457e-07     47.46152        3e-09 25972592   103281    48367        0        0    300.09879         3025         2254 
   65500    1527.5684 1.4250464e-07    47.501549        3e-09 25970138   103490    48022        0        0    300.12805         3132         2297 
   65600    1529.6676 1.4291342e-07    47.637807        3e-09 25970399   103139    47948        0        0    300.18005         3172         2244 
   65700    1531.7708 1.4263652e-07    47.545511        3e-09 25968623   103495    48397        0        0     300.1807         3080         2295 
   65800    1533.8731 1.427035e-07    47.567828        3e-09 25966142   103175    47954        0        0    300.17982         3109         2277 
   65900    1535.9686 1.4315869e-07    47.719566        3e-09 25965261   103450    48125        0        0    300.23205         3000         2265 
   66000    1538.2907 1.2919819e-07    43.066063        3e-09 25961401   103517    47885        0        0    300.19328         3094         2294 
   66100    1540.4236 1.4064799e-07    46.882659        3e-09 25955495   103915    48317        0        0    300.12875         3175         2336 
   66200    1542.5208 1.4304873e-07    47.682908        3e-09 25955018   103232    48182        0        0    300.14809         3147         2269 
   66300    1544.6171 1.431115e-07    47.703841        3e-09 25951734   103146    47813        0        0    300.22299         3007         2400 
   66400    1546.7179 1.4280034e-07    47.600114        3e-09 25949828   103117    47822        0        0     300.2319         3133         2305 
   66500    1548.9065 1.370786e-07    45.692863        3e-09 25950482   102980    47655        0        0    300.23243         3191         2311 
   66600    1551.0022 1.4314754e-07    47.715848        3e-09 25951906   103198    47977        0        0    300.20198         3102         2339 
   66700     1553.093 1.4348515e-07    47.828381        3e-09 25948132   102912    47945        0        0    300.22096         3070         2337 
   66800    1555.1889 1.4313411e-07    47.711372        3e-09 25949352   103586    48605        0        0    300.20016         3139         2299 
   66900    1557.2872 1.4297832e-07    47.659437        3e-09 25949369   103552    48105        0        0    300.18351         3059         2367 
   67000    1559.6086 1.2922771e-07    43.075903        3e-09 25948953   103143    47712        0        0    300.25212         3093         2261 
   67100    1561.7434 1.4053125e-07    46.843754        3e-09 25948064   103626    48258        0        0    300.30892         3064         2242 
   67200     1563.845 1.427461e-07     47.58203        3e-09 25946890   103480    48329        0        0    300.24582         3012         2294 
   67300    1565.9423 1.4304266e-07    47.680889        3e-09 25945051   102887    48030        0        0    300.24482         3064         2284 
   67400    1568.0403 1.4299679e-07    47.665591        3e-09 25942674   103592    48378        0        0    300.28372         3112         2268 
   67500    1570.1399 1.4288237e-07     47.62746        3e-09 25939966   103086    48070        0        0    300.21052         3092         2269 
   67600    1572.2439 1.4258751e-07    47.529169        3e-09 25935488   103181    47853        0        0    300.18034         3059         2249 
   67700    1574.3428 1.4292894e-07    47.642978        3e-09 25933773   103168    47932        0        0    300.17453         3070         2316 
   67800    1576.4425 1.4287732e-07    47.625778        3e-09 25932575   103081    47893        0        0     300.1997         3154         2283 
   67900    1578.5977 1.3920055e-07    46.400182        3e-09 25931213   103259    47961        0        0     300.1943         3164         2255 
   68000    1580.9253 1.2888399e-07    42.961331        3e-09 25929119   103368    48079        0        0    300.18551         3045         2332 
   68100    1583.0561 1.4079313e-07    46.931045        3e-09 25927879   102988    47782        0        0    300.19445         3130         2325 
   68200    1585.1484 1.4338832e-07    47.796106        3e-09 25928046   103354    48158        0        0    300.22374         3141         2276 
   68300    1587.2458 1.4303458e-07    47.678191        3e-09 25928033   103397    48013        0        0     300.1756         3053         2229 
   68400    1589.3354 1.4356637e-07    47.855457        3e-09 25927259   103146    47942        0        0     300.2072         3025         2302 
   68500    1591.4284 1.4333172e-07    47.777239        3e-09 25929170   102404    47696        0        0    300.29865         3114         2284 
   68600    1593.5242 1.4314838e-07    47.716124        3e-09 25930449   103285    48042        0        0    300.30097         3178         2316 
   68700    1595.6266 1.4268758e-07    47.562525        3e-09 25930756   103125    47989        0        0     300.3429         3086         2340 
   68800    1597.7241 1.4303221e-07    47.677405        3e-09 25929717   103289    47802        0        0    300.31754         3094         2361 
   68900    1599.8151 1.4346972e-07     47.82324        3e-09 25927673   103355    48268        0        0    300.21952         3078         2316 
   69000    1602.1299 1.2960253e-07    43.200843        3e-09 25926384   103176    48058        0        0    300.21716         3108         2294 
   69100    1605.1563 9.9126066e-08    33.042024        3e-09 25926781   103346    48021        0        0    300.15253         3089         2320 
   69200    1608.1488 1.0025059e-07     33.41686        3e-09 25925864   103356    48150        0        0    300.13231         3090         2274 
   69300    1611.1762 9.9097038e-08    33.032349        3e-09 25924826   103217    48187        0        0    300.13625         3071         2295 
   69400    1614.1673 1.0029608e-07    33.432023        3e-09 25925795   103487    47872        0        0    300.09884         3099         2373 
   69500    1617.1623 1.0016571e-07    33.388571        3e-09 25923330   102668    47759        0        0     300.1889         3138         2270 
   69600    1620.1577 1.0015423e-07    33.384745        3e-09 25923722   103198    47873        0        0    300.20138         3154         2360 
   69700    1623.1474 1.0034437e-07    33.448125        3e-09 25926855   103183    47926        0        0    300.21534         3097         2329 
   69800    1626.1425 1.0016543e-07    33.388476        3e-09 25922541   103168    48013        0        0    300.22372         3020         2370 
   69900    1629.1265 1.0053528e-07     33.51176        3e-09 25919733   103325    48015        0        0    300.19952         3185         2296 
   70000     1632.793 8.182199e-08    27.273998        3e-09 25919216   103819    48197        0        0    300.21692         3144         2327 
   70100    1634.9247 1.4073159e-07     46.91053        3e-09 25917664   103050    47900        0        0    300.13975         3101         2324 
   70200    1637.0229 1.4298134e-07    47.660442        3e-09 25915642   103236    47747        0        0    300.18056         3041         2362 
   70300    1639.2151 1.3685138e-07    45.617127        3e-09 25913604   103172    48106        0        0    300.11947         3087         2201 
   70400    1641.3104 1.4317585e-07    47.725285        3e-09 25914492   102794    47477        0        0    300.08876         3213         2318 
   70500    1643.4016 1.4345337e-07    47.817788        3e-09 25914536   103127    47838        0        0    300.12633         3092         2312 
   70600    1645.4909 1.4359454e-07     47.86485        3e-09 25915888   103188    47790        0        0    300.13083         3156         2254 
   70700    1647.5818 1.4347418e-07    47.824728        3e-09 25916003   102856    47598        0        0    300.10053         3140         2327 
   70800    1649.6731 1.4345312e-07    47.817707        3e-09 25918442   103009    47709        0        0    300.14902         3069         2325 
   70900    1651.7666 1.4330466e-07    47.768219        3e-09 25918092   103386    48003        0        0    300.18613         3102         2218 
   71000    1654.0891 1.2916606e-07    43.055352        3e-09 25917208   103356    48041        0        0    300.15849         3109         2373 
   71100    1656.2236 1.4054982e-07    46.849941        3e-09 25918956   103034    47852        0        0    300.11894         3068         2243 
   71200    1658.3144 1.4348777e-07    47.829253        3e-09 25921929   103267    47814        0        0    300.15699         3201         2377 
   71300    1660.4096 1.4318556e-07    47.728522        3e-09 25921553   103301    48053        0        0    300.17199         3066         2321 
   71400    1662.5033 1.4328804e-07    47.762684        3e-09 25919905   103344    48202        0        0     300.1123         3094         2311 
   71500    1664.5945 1.434523e-07    47.817431        3e-09 25921533   103452    48086        0        0    300.11094         3117         2354 
   71600    1666.6901 1.4315668e-07    47.718893        3e-09 25922263   102900    47707        0        0    300.11589         3122         2296 
   71700    1668.8685 1.3772185e-07    45.907281        3e-09 25924370   103361    47927        0        0    300.18887         3083         2313 
   71800    1670.9588 1.4351468e-07     47.83823        3e-09 25926068   103136    47901        0        0    300.25383         3070         2386 
   71900    1673.0511 1.4338291e-07    47.794301        3e-09 25927651   103326    47926        0        0    300.18784         3064         2199 
   72000    1675.3761 1.2903194e-07    43.010651        3e-09 25926385   103551    48425        0        0      300.167         3109         2421 
   72100    1677.5088 1.4067013e-07    46.890045        3e-09 25928274   103394    47866        0        0    300.10167         3155         2372 
   72200    1679.6008 1.4340094e-07    47.800314        3e-09 25929301   103244    48045        0        0    300.14654         2993         2392 
   72300     1681.693 1.4338793e-07    47.795977        3e-09 25931834   103584    48180        0        0    300.12179         3164         2363 
   72400    1683.7783 1.4386747e-07    47.955824        3e-09 25933140   102997    47995        0        0    300.08017         3019         2382 
   72500    1685.8705 1.4338965e-07    47.796547        3e-09 25933445   103391    48123        0        0    300.11511         3081         2349 
   72600     1687.961 1.4350396e-07    47.834655        3e-09 25932365   103074    47809        0        0    300.06647         3105         2283 
   72700    1690.0499 1.4361896e-07     47.87299        3e-09 25930518   103391    47955        0        0    300.08107         3126         2348 
   72800    1692.1419 1.4340577e-07    47.801917        3e-09 25926388   103115    47634        0        0    300.11643         3115         2359 
   72900    1694.2295 1.4370204e-07    47.900684        3e-09 25922161   103117    47986        0        0    300.10706         3032         2300 
   73000    1696.5515 1.2920147e-07     43.06716        3e-09 25918440   103098    47826        0        0     300.0664         3172         2333 
   73100     1698.748 1.3657805e-07    45.526011        3e-09 25914733   103300    47942        0        0     300.0069         3116         2233 
   73200      1700.84 1.4340514e-07    47.801713        3e-09 25913297   103092    48200        0        0    300.11054         3168         2344 
   73300    1702.9336 1.4329559e-07    47.765199        3e-09 25907413   103425    47858        0        0    300.09488         3060         2256 
   73400    1705.0303 1.4308084e-07    47.693612        3e-09 25905061   103387    47761        0        0     300.0161         3051         2300 
   73500    1707.1213 1.4346985e-07    47.823285        3e-09 25901982   103451    47967        0        0    300.03828         3098         2306 
   73600    1709.2113 1.4354305e-07    47.847678        3e-09 25902216   102992    47886        0        0    300.05261         2998         2323 
   73700    1711.3005 1.4359558e-07    47.865196        3e-09 25902086   102928    47616        0        0    300.05781         3191         2268 
   73800    1713.3969 1.431003e-07    47.700096        3e-09 25900488   103096    48217        0        0    300.11188         3208         2284 
   73900    1715.4901 1.4332157e-07    47.773861        3e-09 25901670   103224    47718        0        0    300.04801         3067         2317 
   74000    1717.8103 1.2930229e-07    43.100766        3e-09 25900267   103062    47866        0        0    300.08491         3116         2409 
   74100    1719.9371 1.4105312e-07    47.017702        3e-09 25899669   103201    47874        0        0    300.06743         3088         2409 
   74200    1722.0306 1.4330485e-07    47.768282        3e-09 25896548   102894    47988        0        0    300.04743         3101         2339 
   74300    1724.1264 1.4313943e-07    47.713142        3e-09 25897572   103134    47608        0        0     300.0907         3135         2389 
   74400    1726.2219 1.4316225e-07    47.720753        3e-09 25895572   102421    47312        0        0    300.05345         3089         2325 
   74500    1728.3157 1.4328372e-07     47.76124        3e-09 25894648   103240    47957        0        0    299.97666         3169         2368 
   74600      1730.49 1.3797637e-07    45.992118        3e-09 25893129   102876    47369        0        0    299.98324         3130         2359 
   74700    1732.5768 1.4375839e-07    47.919465        3e-09 25893692   103060    47570        0        0    299.97903         3133         2345 
   74800    1734.6707 1.4327507e-07    47.758356        3e-09 25894216   102997    47954        0        0    300.05159         3124         2301 
   74900    1736.7642 1.4329777e-07    47.765926        3e-09 25893686   102991    48097        0        0    300.09664         3042         2264 
   75000    1739.0791 1.2959787e-07    43.199286        3e-09 25892691   102879    47499        0        0     300.1146         3080         2246 
   75100    1741.2062 1.4103381e-07    47.011276        3e-09 25894800   103628    47801        0        0    300.08909         3103         2368 
   75200    1743.2974 1.434565e-07    47.818833        3e-09 25893969   102950    48000        0        0    300.09012         3156         2332 
   75300    1745.3858 1.4365627e-07    47.885422        3e-09 25892927   102973    47476        0        0    300.11959         3110         2323 
   75400     1747.473 1.4372903e-07    47.909676        3e-09 25893644   103313    47610        0        0    300.06989         3040         2435 
   75500    1749.5594 1.4379247e-07    47.930824        3e-09 25893649   103553    48143        0        0    300.00315         3130         2324 
   75600    1751.6473 1.436839e-07    47.894634        3e-09 25890941   103204    47976        0        0     300.0326         3110         2252 
   75700    1753.7385 1.4345858e-07    47.819527        3e-09 25890006   102711    47717        0        0    300.05488         3160         2302 
   75800    1755.8267 1.4366221e-07    47.887404        3e-09 25891369   103169    48070        0        0    300.06049         3108         2329 
   75900    1757.9179 1.4345679e-07    47.818928        3e-09 25892233   103124    47724        0        0    300.06874         3097         2351 
   76000    1760.3375 1.2398981e-07    41.329937        3e-09 25889011   103133    47907        0        0    300.12475         3155         2329 
   76100    1762.4731 1.4047685e-07    46.825614        3e-09 25885342   103318    48058        0        0    300.15164         3134         2338 
   76200    1764.5691 1.4312482e-07    47.708274        3e-09 25883141   103352    47719        0        0    300.14172         3134         2334 
   76300    1766.6649 1.4314559e-07    47.715196        3e-09 25882162   102693    47602        0        0    300.13647         3050         2251 
   76400    1768.7598 1.4320452e-07     47.73484        3e-09 25882283   103418    47669        0        0    300.13481         3060         2357 
   76500    1770.8586 1.4293694e-07    47.645643        3e-09 25880435   102806    47390        0        0    300.08365         3043         2318 
   76600     1772.957 1.4296589e-07      47.6553        3e-09 25879774   103267    47875        0        0    300.10596         3116         2305 
   76700    1775.0608 1.4260216e-07    47.534053        3e-09 25879244   102735    47508        0        0    300.09172         3074         2368 
   76800    1777.1575 1.4308524e-07    47.695078        3e-09 25876070   102892    47663        0        0    300.09874         3019         2320 
   76900    1779.2554 1.4299437e-07    47.664791        3e-09 25875709   103205    47786        0        0    300.15736         3185         2302 
   77000    1781.5734 1.2942259e-07    43.140866        3e-09 25876545   103091    47866        0        0     300.2196         3034         2297 
   77100    1783.7022 1.4092897e-07    46.976323        3e-09 25872570   103065    47802        0        0    300.24769         3155         2330 
   77200    1785.8026 1.4282407e-07    47.608022        3e-09 25869394   102838    47768        0        0    300.24629         3151         2339 
   77300     1787.901 1.4296678e-07     47.65559        3e-09 25868368   103373    47788        0        0     300.2314         3105         2286 
   77400    1790.0932 1.3685263e-07    45.617546        3e-09 25866568   103388    47844        0        0    300.14846         3171         2287 
   77500    1792.1872 1.4326716e-07    47.755721        3e-09 25862937   102866    47765        0        0    300.10829         3049         2352 
   77600    1794.2836 1.4309995e-07    47.699981        3e-09 25863317   103226    47705        0        0    300.13316         3076         2321 
   77700     1796.381 1.4303757e-07    47.679191        3e-09 25860112   103287    47700        0        0    300.16698         3012         2371 
   77800    1798.4758 1.4320542e-07    47.735141        3e-09 25857020   102713    47631        0        0     300.1143         3117         2406 
   77900    1800.5735 1.4301413e-07    47.671378        3e-09 25852074   102761    47657        0        0    300.07377         3142         2190 
   78000     1802.892 1.2939801e-07     43.13267        3e-09 25851062   102949    47603        0        0     300.1205         3110         2273 
   78100    1805.0231 1.4077097e-07    46.923658        3e-09 25849605   102800    47601        0        0    300.07997         3045         2302 
   78200    1807.1122 1.4360017e-07    47.866723        3e-09 25847992   102753    47636        0        0    300.11571         3073         2345 
   78300    1809.2079 1.4315382e-07    47.717944        3e-09 25848381   103035    47845        0        0    300.16473         3157         2366 
   78400    1811.3012 1.4331196e-07    47.770654        3e-09 25846297   102618    47709        0        0    300.08291         3016         2259 
   78500    1813.3987 1.4302746e-07    47.675821        3e-09 25844534   102165    47282        0        0    300.07982         3107         2322 
   78600    1815.4876 1.4361833e-07    47.872779        3e-09 25844365   102278    47675        0        0    300.16604         3083         2248 
   78700    1817.5793 1.4341991e-07     47.80663        3e-09 25843531   102891    47603        0        0    300.17082         3169         2324 
   78800    1819.7657 1.3721267e-07    45.737559        3e-09 25844851   103218    47884        0        0    300.14996         3078         2286 
   78900    1821.8578 1.4339673e-07     47.79891        3e-09 25847085   102458    47617        0        0    300.20469         3089         2315 
   79000    1824.1799 1.291943e-07    43.064767        3e-09 25847521   103147    47782        0        0    300.21865         3114         2209 
   79100    1827.2031 9.9233717e-08    33.077905        3e-09 25846806   103123    47986        0        0    300.14736         3073         2301 
   79200    1830.1847 1.0061556e-07    33.538522        3e-09 25848074   102754    47451        0        0    300.19157         3112         2288 
   79300    1833.1711 1.0045585e-07    33.485282        3e-09 25846626   102958    47579        0        0    300.18378         3105         2215 
   79400    1836.1518 1.0064613e-07    33.548711        3e-09 25845866   102623    47399        0        0    300.22303         3102         2338 
   79500     1839.128 1.0080124e-07    33.600413        3e-09 25846084   102921    47702        0        0    300.23126         3117         2310 
   79600    1842.1065 1.0072314e-07    33.574379        3e-09 25847250   103189    47598        0        0    300.28807         3044         2234 
   79700    1845.0813 1.0084559e-07      33.6152        3e-09 25848484   102880    47779        0        0    300.28312         3095         2366 
   79800    1848.0598 1.0072336e-07    33.574454        3e-09 25846824   103034    47659        0        0    300.21682         3117         2339 
   79900    1851.1071 9.844514e-08    32.815048        3e-09 25843912   102996    47921        0        0    300.21553         3172         2269 
   80000    1854.7708 8.188501e-08    27.295002        3e-09 25843442   102961    47887        0        0    300.19192         3136         2322 
   80100    1856.8913 1.4147407e-07    47.158024        3e-09 25841716   102835    47730        0        0     300.2315         3138         2197 
   80200    1858.9782 1.4375514e-07    47.918381        3e-09 25839305   102955    47909        0        0    300.19915         3164         2220 
   80300    1861.0639 1.4384102e-07    47.947004        3e-09 25835415   102917    47962        0        0    300.18838         3078         2316 
   80400    1863.1558 1.4340526e-07    47.801754        3e-09 25832325   102723    47875        0        0    300.20358         3063         2267 
   80500    1865.2533 1.4303122e-07    47.677076        3e-09 25830815   102710    47419        0        0    300.21276         3092         2208 
   80600    1867.3457 1.4337282e-07    47.790932        3e-09 25829263   102852    47663        0        0    300.21086         3096         2323 
   80700    1869.4361 1.4351791e-07    47.839308        3e-09 25823264   102996    47778        0        0    300.18993         3131         2335 
   80800    1871.5262 1.4353244e-07     47.84415        3e-09 25820861   103298    47610        0        0     300.1865         3133         2250 
   80900     1873.616 1.4355515e-07    47.851715        3e-09 25817409   102701    47602        0        0    300.20129         3106         2293 
   81000    1875.9345 1.2939066e-07    43.130219        3e-09 25814837   102895    47791        0        0    300.19434         3037         2260 
   81100    1878.0638 1.4089234e-07    46.964114        3e-09 25810126   103140    47819        0        0    300.15252         3078         2268 
   81200    1880.2557 1.3686999e-07    45.623327        3e-09 25809089   103131    47828        0        0    300.17642         3169         2301 
   81300    1882.3419 1.4379879e-07    47.932928        3e-09 25808952   102755    47417        0        0    300.26075         3044         2296 
   81400    1884.4341 1.4339195e-07    47.797315        3e-09 25810757   103044    47561        0        0    300.30414         3014         2322 
   81500    1886.5244 1.4351602e-07    47.838673        3e-09 25813209   102829    47555        0        0     300.2975         3077         2280 
   81600    1888.6166 1.4339603e-07    47.798679        3e-09 25813463   103107    47727        0        0    300.24572         3106         2304 
   81700     1890.705 1.4364939e-07    47.883131        3e-09 25814402   102791    47523        0        0    300.29329         3123         2391 
   81800    1892.7942 1.4359062e-07    47.863537        3e-09 25812994   102567    47404        0        0    300.27709         3097         2383 
   81900    1894.8802 1.4381606e-07    47.938693        3e-09 25812427   102813    47407        0        0    300.33954         3125         2307 
   82000    1897.1908 1.2984069e-07     43.28023        3e-09 25812298   102867    47828        0        0    300.30407         3156         2330 
   82100    1899.3139 1.4129872e-07    47.099572        3e-09 25811608   102819    47473        0        0    300.37497         3033         2323 
   82200    1901.3971 1.4401144e-07    48.003817        3e-09 25812299   102686    47563        0        0    300.37393         3031         2331 
   82300    1903.4777 1.4418968e-07    48.063226        3e-09 25811268   102776    47771        0        0    300.39166         3031         2288 
   82400    1905.5577 1.4423215e-07     48.07738        3e-09 25814287   102436    47228        0        0    300.37802         3185         2396 
   82500     1907.642 1.4393123e-07    47.977076        3e-09 25813321   102800    47592        0        0    300.39155         3050         2319 
   82600    1909.8183 1.3785006e-07    45.950021        3e-09 25812231   103141    47570        0        0    300.34556         3090         2328 
   82700    1911.9071 1.4362097e-07    47.873657        3e-09 25812074   102721    47511        0        0    300.27201         3129         2298 
   82800    1914.0005 1.4330827e-07    47.769426        3e-09 25812469   102805    47747        0        0    300.21206         3090         2378 
   82900    1916.0917 1.4345679e-07    47.818929        3e-09 25812477   102641    47602        0        0    300.23896         3188         2301 
   83000    1918.4108 1.293637e-07    43.121228        3e-09 25813143   103014    47535        0        0    300.24092         3108         2379 
   83100    1920.5377 1.4105082e-07    47.016945        3e-09 25812397   102461    47049        0        0     300.2298         3113         2370 
   83200    1922.6314 1.4328703e-07     47.76234        3e-09 25810674   102638    47419        0        0    300.23761         3113         2426 
   83300     1924.725 1.432891e-07    47.763036        3e-09 25811296   102465    47362        0        0    300.26203         3160         2343 
   83400    1926.8153 1.4351891e-07    47.839636        3e-09 25810819   102938    47670        0        0    300.23878         3135         2294 
   83500    1928.9061 1.4348803e-07    47.829341        3e-09 25811157   102994    47554        0        0    300.16361         3120         2308 
   83600    1930.9951 1.4361086e-07    47.870286        3e-09 25812162   102800    47407        0        0    300.19958         3076         2349 
   83700    1933.0845 1.4357791e-07    47.859304        3e-09 25814878   103019    47487        0        0     300.2029         3131         2373 
   83800    1935.1751 1.4350411e-07    47.834703        3e-09 25815715   102658    47591        0        0    300.21782         3080         2322 
   83900    1937.2601 1.4388532e-07    47.961774        3e-09 25817777   102707    47417        0        0    300.20721         3115         2357 
   84000    1939.6724 1.2436108e-07    41.453691        3e-09 25820286   103039    47962        0        0    300.13939         3089         2268 
   84100    1941.7979 1.4114131e-07    47.047103        3e-09 25820747   102727    47217        0        0    300.15382         3073         2327 
   84200    1943.8883 1.435162e-07    47.838726        3e-09 25820553   102630    47689        0        0    300.18525         3107         2273 
   84300    1945.9746 1.4379557e-07    47.931865        3e-09 25822907   102925    47664        0        0    300.24847         3089         2311 
   84400    1948.0629 1.4365955e-07    47.886508        3e-09 25824097   103128    47632        0        0    300.19175         3176         2352 
   84500     1950.152 1.4360092e-07    47.866982        3e-09 25823098   102846    47269        0        0     300.1315         3086         2331 
   84600    1952.2451 1.4332462e-07    47.774873        3e-09 25823475   102868    47356        0        0     300.1123         3120         2312 
   84700    1954.3401 1.4320012e-07    47.733366        3e-09 25824501   103268    47971        0        0    300.14993         3050         2356 
   84800    1956.4307 1.4350247e-07    47.834165        3e-09 25824389   103076    47756        0        0    300.16596         3095         2382 
   84900    1958.5198 1.4359602e-07     47.86534        3e-09 25825554   102694    47304        0        0    300.16367         3112         2290 
   85000    1960.8357 1.2954262e-07    43.180874        3e-09 25826278   102866    47698        0        0    300.16546         3075         2308 
   85100    1962.9604 1.411938e-07    47.064599        3e-09 25827442   102592    47269        0        0    300.15542         3167         2277 
   85200    1965.0501 1.4355998e-07    47.853327        3e-09 25825183   102905    47648        0        0    300.18134         3171         2361 
   85300    1967.1369 1.4376673e-07    47.922245        3e-09 25824430   102953    47332        0        0    300.08918         3108         2350 
   85400    1969.3246 1.3712803e-07    45.709341        3e-09 25826592   103140    47575        0        0    300.10232         3092         2272 
   85500    1971.4135 1.4361376e-07    47.871258        3e-09 25824721   102802    47557        0        0    300.13604         3141         2332 
   85600    1973.5034 1.4355329e-07    47.851095        3e-09 25824123   102822    47302        0        0    300.10469         3070         2242 
   85700     1975.589 1.4383715e-07    47.945715        3e-09 25823383   103159    47649        0        0    300.09248         3167         2329 
   85800    1977.6778 1.4362345e-07    47.874486        3e-09 25822044   102166    47112        0        0    300.07177         3156         2382 
   85900    1979.7613 1.4398965e-07    47.996551        3e-09 25819339   102959    47660        0        0    300.13789         3148         2272 
   86000    1982.0765 1.2958178e-07     43.19393        3e-09 25819548   102821    47495        0        0    300.14702         3031         2393 
   86100    1984.1948 1.416209e-07    47.206962        3e-09 25816911   103006    47401        0        0    300.12778         3152         2250 
   86200    1986.2765 1.4411294e-07     48.03765        3e-09 25815048   103121    47966        0        0    300.14425         3122         2295 
   86300    1988.3635 1.4374346e-07    47.914487        3e-09 25811103   102553    47345        0        0    300.05753         3118         2348 
   86400    1990.4537 1.4352984e-07    47.843278        3e-09 25813301   102648    47791        0        0    300.05508         3071         2279 
   86500    1992.5383 1.4391328e-07    47.971097        3e-09 25813622   102892    47091        0        0     300.0318         3125         2294 
   86600    1994.6289 1.4349654e-07    47.832177        3e-09 25813894   102779    47416        0        0    300.06036         3100         2406 
   86700    1996.7169 1.4368347e-07    47.894489        3e-09 25815016   102895    47739        0        0    300.04026         3177         2363 
   86800    1998.9091 1.3684636e-07    45.615452        3e-09 25816105   102823    47168        0        0     300.0557         3028         2377 
   86900    2000.9965 1.4371775e-07    47.905919        3e-09 25816739   103092    47516        0        0    300.03067         3075         2335 
   87000    2003.3066 1.2986632e-07    43.288769        3e-09 25816337   102703    47532        0        0     300.0489         3128         2323 
   87100    2005.4333 1.4106467e-07    47.021564        3e-09 25820603   102674    47407        0        0    300.05597         3117         2385 
   87200     2007.527 1.4328465e-07    47.761544        3e-09 25821737   102816    47374        0        0    300.04431         3155         2331 
   87300    2009.6252 1.4298169e-07    47.660568        3e-09 25821360   103317    47829        0        0    300.09417         3119         2398 
   87400    2011.7235 1.4296863e-07    47.656206        3e-09 25820089   102876    47508        0        0    300.10955         3143         2278 
   87500    2013.8218 1.4297789e-07    47.659297        3e-09 25817886   103090    47433        0        0     300.0763         3118         2279 
   87600    2015.9104 1.4363427e-07    47.878094        3e-09 25816362   102707    47491        0        0    300.05903         3208         2264 
   87700    2018.0007 1.4352374e-07    47.841244        3e-09 25812273   102702    47424        0        0    300.03673         3186         2282 
   87800    2020.0871 1.4378451e-07    47.928166        3e-09 25811517   102843    47545        0        0    300.07799         3155         2282 
   87900    2022.1802 1.4332529e-07      47.7751        3e-09 25812566   102636    47484        0        0    300.07234         3129         2286 
   88000    2024.5013 1.2925313e-07    43.084375        3e-09 25811800   103223    47542        0        0     300.0943         3012         2253 
   88100    2026.6229 1.4139964e-07    47.133213        3e-09 25809864   102684    47394        0        0    300.05197         3122         2256 
   88200     2028.772 1.3959788e-07    46.532625        3e-09 25807274   102998    47143        0        0    300.07257         3060         2358 
   88300    2030.8598 1.4368983e-07    47.896616        3e-09 25806336   103122    47674        0        0    300.10136         3122         2347 
   88400    2032.9418 1.4408931e-07    48.029766        3e-09 25805981   103145    47648        0        0     300.0707         3051         2314 
   88500    2035.0267 1.4389095e-07     47.96365        3e-09 25806365   103086    47714        0        0    300.13916         3155         2282 
   88600     2037.112 1.438643e-07    47.954768        3e-09 25805050   103482    47776        0        0    300.10568         3086         2275 
   88700    2039.1938 1.4410754e-07    48.035847        3e-09 25803853   102681    47268        0        0    300.03724         3113         2351 
   88800    2041.2776 1.4397187e-07    47.990625        3e-09 25803307   102972    47106        0        0     300.1393         3063         2327 
   88900    2043.3596 1.4408703e-07    48.029006        3e-09 25806152   103354    47664        0        0    300.10484         3144         2315 
   89000    2045.6699 1.2985262e-07     43.28421        3e-09 25805548   102945    47451        0        0    300.14514         3150         2284 
   89100    2048.6791 9.969632e-08    33.232107        3e-09 25804021   102836    47800        0        0    300.10233         3173         2184 
   89200    2051.6545 1.0082484e-07     33.60828        3e-09 25803771   102594    47415        0        0    300.09018         3113         2308 
   89300    2054.6286 1.008732e-07    33.624397        3e-09 25804151   103085    47579        0        0    300.13471         3037         2347 
   89400    2057.6058 1.007648e-07    33.588267        3e-09 25801952   102800    47283        0        0    300.21787         3099         2386 
   89500    2060.6589 9.825982e-08    32.753273        3e-09 25800573   102706    47525        0        0    300.14847         3069         2463 
   89600    2063.6307 1.009493e-07    33.649767        3e-09 25799748   103412    47801        0        0     300.1035         3094         2268 
   89700    2066.6016 1.0098135e-07    33.660449        3e-09 25801385   103204    47646        0        0    300.12982         3108         2339 
   89800    2069.5698 1.0107161e-07     33.69054        3e-09 25801475   102916    47523        0        0    300.11448         3074         2291 
   89900      2072.54 1.0100192e-07    33.667303        3e-09 25800080   103102    47709        0        0    300.09729         3138         2308 
   90000    2076.1997 8.1974465e-08    27.324821        3e-09 25802006   102569    47110        0        0     300.1068         3085         2341 
   90100    2078.3249 1.4116155e-07    47.053853        3e-09 25800703   103605    47717        0        0    300.06409         3195         2310 
   90200    2080.4146 1.4355783e-07     47.85261        3e-09 25797891   103190    47736        0        0    300.07416         3119         2269 
   90300    2082.4975 1.4403564e-07    48.011882        3e-09 25797649   102989    47319        0        0    300.03789         3138         2282 
   90400    2084.5823 1.4389914e-07    47.966372        3e-09 25797415   102896    47661        0        0    300.09076         3062         2295 
   90500    2086.6645 1.4407747e-07    48.025833        3e-09 25796747   103018    47625        0        0    300.13264         3175         2363 
   90600    2088.8512 1.3718836e-07    45.729454        3e-09 25794761   102784    47234        0        0    300.07628         3065         2259 
   90700    2090.9341 1.4403623e-07    48.012075        3e-09 25793186   102935    47330        0        0    300.16784         3117         2285 
   90800    2093.0195 1.4385082e-07    47.950275        3e-09 25790702   103105    47165        0        0    300.15807         3115         2358 
   90900    2095.1137 1.4325615e-07    47.752048        3e-09 25790297   102763    47689        0        0    300.17257         3129         2194 
   91000     2097.431 1.2946321e-07    43.154403        3e-09 25789481   102963    47504        0        0    300.13208         3147         2321 
   91100    2099.5558 1.4118694e-07    47.062316        3e-09 25791136   102917    47835        0        0    300.08901         3011         2310 
   91200    2101.6457 1.4355032e-07    47.850106        3e-09 25792690   102702    47128        0        0    300.11774         3057         2355 
   91300    2103.7371 1.4343841e-07    47.812805        3e-09 25791135   102840    47548        0        0     300.0596         3027         2267 
   91400    2105.8248 1.4370348e-07     47.90116        3e-09 25792537   103062    47418        0        0    300.09184         3035         2310 
   91500    2107.9136 1.4362288e-07    47.874295        3e-09 25790575   102574    47345        0        0    300.10997         3188         2385 
   91600    2110.0009 1.4372373e-07    47.907907        3e-09 25789430   103037    47824        0        0    300.16223         3068         2375 
   91700    2112.0912 1.4352184e-07    47.840616        3e-09 25790465   102974    47333        0        0    300.18906         3148         2333 
   91800    2114.1797 1.4364311e-07    47.881036        3e-09 25788374   102584    47012        0        0    300.14301         3046         2353 
   91900    2116.2707 1.4347449e-07    47.824828        3e-09 25787082   102438    47388        0        0     300.1178         3136         2364 
   92000    2118.5878 1.2947244e-07    43.157479        3e-09 25786494   102764    47383        0        0    300.10102         3091         2386 
   92100    2120.7401 1.393808e-07    46.460269        3e-09 25787090   102829    47273        0        0    300.09846         3144         2268 
   92200    2122.8288 1.4363353e-07    47.877843        3e-09 25786138   102693    47487        0        0    300.17197         3129         2289 
   92300    2124.9189 1.4353471e-07    47.844902        3e-09 25786672   103220    47662        0        0     300.1952         3094         2296 
   92400    2127.0053 1.4378549e-07    47.928499        3e-09 25785239   102512    47195        0        0    300.11363         3058         2354 
   92500     2129.094 1.4362821e-07     47.87607        3e-09 25783216   103142    47490        0        0    300.18969         3098         2301 
   92600    2131.1845 1.4350785e-07    47.835948        3e-09 25782172   102856    47550        0        0    300.22944         3116         2348 
   92700    2133.2747 1.435282e-07    47.842735        3e-09 25779792   102945    47602        0        0    300.20506         3140         2346 
   92800     2135.366 1.4345504e-07    47.818348        3e-09 25783270   102368    47036        0        0    300.18479         3017         2364 
   92900    2137.4554 1.4357614e-07    47.858714        3e-09 25784012   102335    47166        0        0    300.21686         3138         2356 
   93000    2139.7712 1.2954596e-07    43.181988        3e-09 25786304   103045    47588        0        0    300.25749         3132         2356 
   93100       2141.9 1.4092245e-07     46.97415        3e-09 25785271   103038    47302        0        0    300.23605         3063         2330 
   93200    2143.9924 1.4337801e-07    47.792668        3e-09 25784401   103095    47658        0        0    300.18794         3136         2317 
   93300    2146.0805 1.4367411e-07    47.891372        3e-09 25781858   103489    47725        0        0    300.16475         3111         2290 
   93400    2148.1661 1.4384237e-07    47.947455        3e-09 25778219   103056    47377        0        0    300.14236         3027         2284 
   93500     2150.357 1.3693152e-07    45.643837        3e-09 25776575   102861    47177        0        0    300.15127         3084         2379 
   93600    2152.4498 1.4334349e-07    47.781165        3e-09 25776054   102808    47135        0        0    300.08958         3101         2308 
   93700    2154.5394 1.4356917e-07    47.856393        3e-09 25773096   102805    47423        0        0    300.09052         3107         2352 
   93800    2156.6261 1.437685e-07     47.92283        3e-09 25772517   102781    47630        0        0    300.13227         3106         2348 
   93900    2158.7116 1.4385403e-07    47.951346        3e-09 25773949   102846    47295        0        0    300.12519         3140         2345 
   94000    2161.0215 1.2987585e-07    43.291947        3e-09 25772079   102973    47608        0        0    300.09883         3110         2281 
   94100     2163.139 1.4167375e-07    47.224586        3e-09 25771868   102623    47090        0        0    300.15818         3127         2280 
   94200    2165.2266 1.4370886e-07    47.902951        3e-09 25773962   102629    47195        0        0    300.15067         3143         2317 
   94300    2167.3084 1.4410092e-07    48.033639        3e-09 25772787   102530    47549        0        0    300.11692         3066         2333 
   94400    2169.3902 1.4410763e-07    48.035877        3e-09 25773082   102956    47318        0        0    300.15315         3074         2308 
   94500     2171.476 1.4382751e-07    47.942503        3e-09 25772962   102674    47175        0        0    300.18166         3158         2229 
   94600    2173.5574 1.4413723e-07    48.045747        3e-09 25774118   102506    47226        0        0    300.17296         3172         2323 
   94700    2175.6422 1.4390042e-07    47.966808        3e-09 25775763   102959    47404        0        0     300.1862         3042         2355 
   94800    2177.7263 1.4394291e-07    47.980972        3e-09 25775045   103197    47493        0        0    300.19045         3033         2356 
   94900    2179.9133 1.3717633e-07    45.725442        3e-09 25774466   103043    47362        0        0    300.16704         3055         2291 
   95000    2182.2191 1.3010514e-07    43.368381        3e-09 25772847   102436    47176        0        0    300.09106         3161         2287 
   95100    2184.3391 1.4150937e-07    47.169787        3e-09 25773878   103127    47310        0        0    300.10212         3113         2280 
   95200    2186.4189 1.4424745e-07    48.082485        3e-09 25772549   102869    47496        0        0    300.12817         3088         2312 
   95300    2188.5031 1.4393581e-07    47.978604        3e-09 25774108   102457    47097        0        0    300.15061         3076         2361 
   95400    2190.5826 1.4426567e-07    48.088555        3e-09 25774129   103054    47385        0        0    300.13732         3020         2329 
   95500    2192.6713 1.4363074e-07    47.876915        3e-09 25773805   102402    47027        0        0    300.14974         3120         2375 
   95600    2194.7629 1.4343542e-07    47.811803        3e-09 25772145   103040    47678        0        0    300.13498         3021         2374 
   95700    2196.8519 1.4360642e-07    47.868805        3e-09 25774645   102846    47511        0        0    300.09829         3110         2345 
   95800    2198.9398 1.4368869e-07     47.89623        3e-09 25772084   102528    47463        0        0    300.15611         3085         2372 
   95900    2201.0304 1.4349601e-07    47.832003        3e-09 25771145   102562    47192        0        0    300.19022         3119         2329 
   96000    2203.3486 1.2941325e-07     43.13775        3e-09 25771634   102935    47335        0        0    300.16752         3068         2331 
   96100    2205.4786 1.4084183e-07    46.947277        3e-09 25770153   102379    47204        0        0    300.13472         3014         2294 
   96200    2207.5708 1.4339101e-07    47.797005        3e-09 25768850   102815    47507        0        0    300.15109         3201         2309 
   96300    2209.7693 1.3645537e-07    45.485122        3e-09 25769978   103003    47298        0        0    300.16187         3104         2347 
   96400    2211.8653 1.4312836e-07    47.709458        3e-09 25768938   103437    47604        0        0    300.09056         3086         2298 
   96500    2213.9608 1.4316778e-07    47.722591        3e-09 25767955   103189    47531        0        0    300.09572         3061         2299 
   96600    2216.0521 1.4345172e-07     47.81724        3e-09 25766262   102435    47172        0        0    300.08692         3128         2304 
   96700    2218.1427 1.4349991e-07    47.833304        3e-09 25767425   102977    47446        0        0    300.13797         3086         2302 
   96800    2220.2307 1.436754e-07    47.891799        3e-09 25768938   102839    47318        0        0    300.12732         3100         2336 
   96900    2222.3229 1.4339057e-07    47.796859        3e-09 25768658   102154    46653        0        0    300.16127         3069         2340 
   97000    2224.6427 1.2931851e-07    43.106169        3e-09 25769709   102955    47370        0        0     300.2519         3072         2280 
   97100    2226.7713 1.4094329e-07      46.9811        3e-09 25767676   102538    47263        0        0    300.17457         3009         2302 
   97200    2228.8594 1.4367005e-07    47.890012        3e-09 25764784   103126    47499        0        0    300.09464         3189         2366 
   97300    2230.9488 1.4358174e-07    47.860583        3e-09 25762319   102613    47066        0        0    300.10638         3047         2293 
   97400    2233.0333 1.4391813e-07     47.97271        3e-09 25760071   102876    47368        0        0    300.13551         3131         2265 
   97500    2235.1207 1.4371847e-07    47.906157        3e-09 25759195   102977    47425        0        0    300.10193         3093         2243 
   97600      2237.21 1.4359086e-07    47.863622        3e-09 25759540   103008    47702        0        0    300.10961         3052         2370 
   97700    2239.4022 1.3684825e-07    45.616081        3e-09 25755421   102979    47068        0        0    300.13984         3007         2267 
   97800    2241.4859 1.4397501e-07    47.991669        3e-09 25755520   102369    47187        0        0    300.14922         2992         2247 
   97900    2243.5756 1.4356119e-07    47.853732        3e-09 25757096   102822    47052        0        0    300.15999         3031         2337 
   98000    2245.8885 1.2970707e-07    43.235691        3e-09 25756196   102502    47206        0        0    300.14824         2985         2385 
   98100    2248.0093 1.4145327e-07    47.151091        3e-09 25755086   102641    47031        0        0    300.11121         3082         2282 
   98200    2250.0943 1.4388915e-07    47.963048        3e-09 25753773   102869    47169        0        0    300.15543         3090         2319 
   98300    2252.1805 1.4379681e-07    47.932269        3e-09 25752539   102776    47283        0        0    300.16324         3073         2361 
   98400    2254.2684 1.4368679e-07    47.895596        3e-09 25753666   102840    47319        0        0    300.14293         3042         2307 
   98500    2256.3512 1.4403834e-07    48.012783        3e-09 25754526   102909    47416        0        0    300.17994         3113         2323 
   98600    2258.4336 1.4406454e-07     48.02151        3e-09 25753181   102428    47050        0        0    300.16347         3089         2286 
   98700    2260.5155 1.4410048e-07    48.033494        3e-09 25752854   102865    47234        0        0    300.18203         3082         2325 
   98800     2262.597 1.441254e-07      48.0418        3e-09 25752344   102864    47234        0        0    300.15529         3070         2375 
   98900    2264.6792 1.4407765e-07    48.025884        3e-09 25756611   102437    46944        0        0    300.12079         3088         2354 
   99000    2266.9874 1.2997488e-07    43.324959        3e-09 25759844   103242    47417        0        0    300.14585         3076         2367 
   99100    2270.0468 9.8058054e-08    32.686015        3e-09 25763616   102725    47656        0        0    300.16913         3141         2397 
   99200    2273.0196 1.0091241e-07    33.637472        3e-09 25767848   102860    47571        0        0    300.23462         3112         2319 
   99300    2275.9966 1.0077343e-07    33.591142        3e-09 25769018   102564    47257        0        0    300.19808         3176         2286 
   99400    2278.9666 1.0101066e-07    33.670219        3e-09 25771762   102600    47071        0        0    300.23023         3215         2331 
   99500    2281.9364 1.0101559e-07    33.671864        3e-09 25774699   102819    47272        0        0    300.18643         3136         2298 
   99600    2284.9173 1.0064232e-07    33.547442        3e-09 25771268   102858    47586        0        0    300.14689         3008         2370 
   99700    2287.8957 1.0072582e-07    33.575273        3e-09 25771936   102714    47460        0        0    300.15422         3092         2273 
   99800    2290.8701 1.0085932e-07    33.619774        3e-09 25769357   102233    47041        0        0    300.12151         3059         2322 
   99900    2293.8428 1.0091889e-07    33.639631        3e-09 25767527   102867    47252        0        0    300.09225         3101         2274 
  100000    2297.5006  8.20163e-08    27.338766        3e-09 25765485   103071    47305        0        0    300.08985         3082         2300 
Loop time of 2297.5 on 4 procs for 100000 steps with 25765485 particles
Performance: 43.526 timesteps/s, 1.121 Gparticle-step/s

MPI task timing breakdown:
Section |  min time  |  avg time  |  max time  |%varavg| %total
---------------------------------------------------------------
Move    | 1276.3     | 1331.3     | 1388.9     | 112.9 | 57.95
Coll    | 162.59     | 168.96     | 174.61     |  32.8 |  7.35
Sort    | 286.42     | 293.47     | 301.12     |  30.5 | 12.77
Comm    | 25.158     | 30.261     | 32.576     |  54.5 |  1.32
Modify  | 208.98     | 216.88     | 229.98     |  56.3 |  9.44
Output  | 194.81     | 194.87     | 194.93     |   0.4 |  8.48
MPI Sync| 1.8907     | 61.746     | 116.14     | 525.4 |  2.69
Other   |            | 0.01297    |            |       |  0.00

Particle moves    = 2687872465466 (2.69T)
Cells touched     = 3007140265626 (3.01T)
Particle comms    = 251476681 (251M)
Boundary collides = 0 (0K)
Boundary exits    = 0 (0K)
SurfColl checks   = 2179340101270 (2.18T)
SurfColl occurs   = 8310066803 (8.31B)
Surf reactions    = 0 (0K)
Collide attempts  = 10863397353 (10.9B)
Collide occurs    = 5158806353 (5.16B)
Gas reactions     = 0 (0K)
Particles stuck   = 0
Axisymm bad moves = 0

Particle-moves/CPUsec/proc: 2.92478e+08
Particle-moves/step: 2.68787e+07
Cell-touches/particle/step: 1.11878
Particle comm iterations/step: 2.17096
Particle fraction communicated: 9.35598e-05
Particle fraction colliding with boundary: 0
Particle fraction exiting boundary: 0
Surface-checks/particle/step: 0.810805
Surface-collisions/particle/step: 0.00309169
Surface-reactions/particle/step: 0
Collision-attempts/particle/step: 0.00404163
Collisions/particle/step: 0.00191929
Gas-reactions/particle/step: 0

Particles: 6.44137e+06 ave 6.44416e+06 max 6.43905e+06 min
Histogram: 1 0 1 0 0 1 0 0 0 1
Cells:     216000 ave 216002 max 215998 min
Histogram: 2 0 0 0 0 0 0 0 0 2
GhostCell: 28800 ave 28802 max 28798 min
Histogram: 2 0 0 0 0 0 0 0 0 2
EmptyCell: 21600 ave 28800 max 14400 min
Histogram: 2 0 0 0 0 0 0 0 0 2
Surfs:     80998 ave 80998 max 80998 min
Histogram: 4 0 0 0 0 0 0 0 0 0
GhostSurf: 0 ave 0 max 0 min
Histogram: 4 0 0 0 0 0 0 0 0 0
System init for write_restart ...
sparta exit status: 0
total 2450321
drwxr-sr-x 2 nnoventa hpc-cfd-students       4096 Sep 23 11:54 .
drwxr-sr-x 3 nnoventa hpc-cfd-students       4096 Sep 23 11:16 ..
-rw-r--r-- 1 nnoventa hpc-cfd-students   17169105 Sep 23 11:16 out.0.grid
-rw-r--r-- 1 nnoventa hpc-cfd-students   29674528 Sep 23 11:54 out.100000.grid
-rw-r--r-- 1 nnoventa hpc-cfd-students   29771716 Sep 23 11:20 out.10000.grid
-rw-r--r-- 1 nnoventa hpc-cfd-students   29736162 Sep 23 11:24 out.20000.grid
-rw-r--r-- 1 nnoventa hpc-cfd-students   29713251 Sep 23 11:28 out.30000.grid
-rw-r--r-- 1 nnoventa hpc-cfd-students   29697980 Sep 23 11:32 out.40000.grid
-rw-r--r-- 1 nnoventa hpc-cfd-students   29690102 Sep 23 11:36 out.50000.grid
-rw-r--r-- 1 nnoventa hpc-cfd-students   29686227 Sep 23 11:39 out.60000.grid
-rw-r--r-- 1 nnoventa hpc-cfd-students   29679495 Sep 23 11:43 out.70000.grid
-rw-r--r-- 1 nnoventa hpc-cfd-students   29681367 Sep 23 11:47 out.80000.grid
-rw-r--r-- 1 nnoventa hpc-cfd-students   29678692 Sep 23 11:51 out.90000.grid
-rw-r--r-- 1 nnoventa hpc-cfd-students   10257059 Sep 23 11:16 pres.0.grid
-rw-r--r-- 1 nnoventa hpc-cfd-students   13945020 Sep 23 11:54 pres.100000.grid
-rw-r--r-- 1 nnoventa hpc-cfd-students   13945724 Sep 23 11:20 pres.10000.grid
-rw-r--r-- 1 nnoventa hpc-cfd-students   13945548 Sep 23 11:24 pres.20000.grid
-rw-r--r-- 1 nnoventa hpc-cfd-students   13945668 Sep 23 11:28 pres.30000.grid
-rw-r--r-- 1 nnoventa hpc-cfd-students   13945206 Sep 23 11:32 pres.40000.grid
-rw-r--r-- 1 nnoventa hpc-cfd-students   13945367 Sep 23 11:36 pres.50000.grid
-rw-r--r-- 1 nnoventa hpc-cfd-students   13945391 Sep 23 11:39 pres.60000.grid
-rw-r--r-- 1 nnoventa hpc-cfd-students   13945535 Sep 23 11:43 pres.70000.grid
-rw-r--r-- 1 nnoventa hpc-cfd-students   13945732 Sep 23 11:47 pres.80000.grid
-rw-r--r-- 1 nnoventa hpc-cfd-students   13945860 Sep 23 11:51 pres.90000.grid
-rw-r--r-- 1 nnoventa hpc-cfd-students 2082839961 Sep 23 11:54 steady.restart
