HOST=an6006
COMMIT=78c72d734d8d0de85d1fd1ada8d9c84ccffad0c4
EXE=/hpc/data/cfd-students/nnoventa/sparta/install_h200/bin/spa_kokkos_cuda
BUILD=arch    h200 commit  13f59fe7a7d2a2bc3c1eeee7d4fc2228538af078 date    2026-09-22T13:09:48+02:00 
INPUT=/hpc/data/cfd-students/nnoventa/sparta/nicola/input/in.sparta.gpu
RUNDIR=/hpc/data/cfd-students/nnoventa/sparta/nicola/results/sparta_h200_1211801
NPART=30000000 NSTEPS=10000 KP=1 (>= 100 MB)
GPU 0: NVIDIA H200 (UUID: GPU-553f76cc-3bf8-d275-c240-7e2c03488b89)
SPARTA (27 Aug 2026)
KOKKOS mode is enabled (/hpc/data/cfd-students/nnoventa/sparta/src/KOKKOS/kokkos.cpp:50)
  requested 1 GPU(s) per node
  requested 1 thread(s) per MPI task
WARNING: When using a single thread, the Kokkos Serial backend (i.e. Makefile.kokkos_mpi_only) gives better performance than the OpenMP backend (/hpc/data/cfd-students/nnoventa/sparta/src/KOKKOS/kokkos.cpp:148)
Kokkos::OpenMP::initialize WARNING: OMP_PROC_BIND environment variable not set
  In general, for best performance with OpenMP 4.0 or better set OMP_PROC_BIND=spread and OMP_PLACES=threads
  For best performance with OpenMP 3.1 set OMP_PROC_BIND=true
  For unit testing set OMP_PROC_BIND=false

MPI detected: For OpenMP binding to work as intended, MPI ranks must be bound to exclusive CPU sets.

[kp] logging allocations >= 100 MB
Running on 1 MPI task(s)
Created orthogonal box = (-0.002001 -1e-06 -1e-06) to (0.02801 0.003001 0.087501)
Created 864000 child grid cells
  CPU time = 0.132396 secs
  create/ghost percent = 27.7632 72.2368
Balance grid migrated 0 cells
  CPU time = 0.103304 secs
  reassign/sort/migrate/ghost percent = 13.6921 1.28811 3.95403 81.0658
Reading surface file ...
  80998 triangles
  clipped to 80998 tris
  -0.002 0.028 xlo xhi
  0 0.003 ylo yhi
  0 0.0875 zlo zhi
  0.000245331 min triangle edge length
  3.15715e-08 min triangle area
  43848 0 = cells overlapping surfs, overlap cells with unmarked corner pts
  25 tiny edges removed
  269352 550800 43848 = cells outside/inside/overlapping surfs
  43848 = surf cells with 1,2,etc splits
  2.72343749998582e-06 2.7234375e-06 = cell-wise and global flow volume
  CPU time = 0.731908 secs
  read/check/sort/surf2grid/ghost/inout/particle percent = 2.44306 4.07574 1.82376 53.0014 38.656 9.39536 0.000177618
  surf2grid time = 0.387921 secs
  map/comm1/comm2/comm3/comm4/split percent = 13.2086 1.58149 11.3354 2.1076 3.38427 65.5117
0 = initial surface count in group inlet
382 = final surface count in group inlet
0 = initial surface count in group outlet
690 = final surface count in group outlet
0 = initial surface count in group yminus
41336 = final surface count in group yminus
0 = initial surface count in group yplus
33810 = final surface count in group yplus
0 = initial surface count in group yplus_inlet
382 = final surface count in group yplus_inlet
0 = initial surface count in group yplus_inlet_wall
1314 = final surface count in group yplus_inlet_wall
0 = initial surface count in group yplus_outlet
718 = final surface count in group yplus_outlet
0 = initial surface count in group yplus_outlet_wall
1598 = final surface count in group yplus_outlet_wall
0 = initial surface count in group zminus
393 = final surface count in group zminus
0 = initial surface count in group zplus
375 = final surface count in group zplus
Creating particles ...
[kp]      1.74s  alloc        100.9 MB  Cuda     live      226.7 MB  "particle:particles"
[kp]      1.74s  alloc        100.9 MB  Host     live      192.7 MB  "particle:particles_mirror"
[kp]      1.78s  alloc        111.0 MB  Cuda     live      246.0 MB  "particle:particles"
[kp]      1.78s  alloc        111.0 MB  Host     live      211.9 MB  "particle:particles_mirror"
[kp]      1.78s  dealloc      100.9 MB  Host     live      111.0 MB  "particle:particles_mirror"
[kp]      1.79s  dealloc      100.9 MB  Cuda     live      145.0 MB  "particle:particles"
[kp]      2.12s  alloc        122.1 MB  Cuda     live      267.2 MB  "particle:particles"
[kp]      2.12s  alloc        122.1 MB  Host     live      233.1 MB  "particle:particles_mirror"
[kp]      2.12s  dealloc      111.0 MB  Host     live      122.1 MB  "particle:particles_mirror"
[kp]      2.13s  dealloc      111.0 MB  Cuda     live      156.1 MB  "particle:particles"
[kp]      2.77s  alloc        134.3 MB  Cuda     live      290.5 MB  "particle:particles"
[kp]      2.77s  alloc        134.3 MB  Host     live      256.4 MB  "particle:particles_mirror"
[kp]      2.77s  dealloc      122.1 MB  Host     live      134.3 MB  "particle:particles_mirror"
[kp]      2.79s  dealloc      122.1 MB  Cuda     live      168.4 MB  "particle:particles"
[kp]      3.09s  alloc        147.7 MB  Cuda     live      316.1 MB  "particle:particles"
[kp]      3.09s  alloc        147.7 MB  Host     live      282.1 MB  "particle:particles_mirror"
[kp]      3.09s  dealloc      134.3 MB  Host     live      147.8 MB  "particle:particles_mirror"
[kp]      3.10s  dealloc      134.3 MB  Cuda     live      181.8 MB  "particle:particles"
[kp]      3.17s  alloc        162.5 MB  Cuda     live      344.3 MB  "particle:particles"
[kp]      3.17s  alloc        162.5 MB  Host     live      310.3 MB  "particle:particles_mirror"
[kp]      3.17s  dealloc      147.7 MB  Host     live      162.5 MB  "particle:particles_mirror"
[kp]      3.18s  dealloc      147.7 MB  Cuda     live      196.6 MB  "particle:particles"
[kp]      3.21s  alloc        178.8 MB  Cuda     live      375.3 MB  "particle:particles"
[kp]      3.21s  alloc        178.8 MB  Host     live      341.3 MB  "particle:particles_mirror"
[kp]      3.21s  dealloc      162.5 MB  Host     live      178.8 MB  "particle:particles_mirror"
[kp]      3.22s  dealloc      162.5 MB  Cuda     live      212.8 MB  "particle:particles"
[kp]      3.26s  alloc        196.6 MB  Cuda     live      409.5 MB  "particle:particles"
[kp]      3.26s  alloc        196.6 MB  Host     live      375.4 MB  "particle:particles_mirror"
[kp]      3.26s  dealloc      178.8 MB  Host     live      196.7 MB  "particle:particles_mirror"
[kp]      3.27s  dealloc      178.8 MB  Cuda     live      230.7 MB  "particle:particles"
[kp]      3.31s  alloc        216.3 MB  Cuda     live      447.0 MB  "particle:particles"
[kp]      3.31s  alloc        216.3 MB  Host     live      413.0 MB  "particle:particles_mirror"
[kp]      3.31s  dealloc      196.6 MB  Host     live      216.3 MB  "particle:particles_mirror"
[kp]      3.32s  dealloc      196.6 MB  Cuda     live      250.4 MB  "particle:particles"
[kp]      3.36s  alloc        237.9 MB  Cuda     live      488.3 MB  "particle:particles"
[kp]      3.36s  alloc        237.9 MB  Host     live      454.3 MB  "particle:particles_mirror"
[kp]      3.36s  dealloc      216.3 MB  Host     live      237.9 MB  "particle:particles_mirror"
[kp]      3.38s  dealloc      216.3 MB  Cuda     live      272.0 MB  "particle:particles"
[kp]      3.41s  alloc        261.7 MB  Cuda     live      533.7 MB  "particle:particles"
[kp]      3.41s  alloc        261.7 MB  Host     live      499.7 MB  "particle:particles_mirror"
[kp]      3.41s  dealloc      237.9 MB  Host     live      261.7 MB  "particle:particles_mirror"
[kp]      3.43s  dealloc      237.9 MB  Cuda     live      295.8 MB  "particle:particles"
[kp]      3.47s  alloc        287.9 MB  Cuda     live      583.7 MB  "particle:particles"
[kp]      3.47s  alloc        287.9 MB  Host     live      549.7 MB  "particle:particles_mirror"
[kp]      3.47s  dealloc      261.7 MB  Host     live      287.9 MB  "particle:particles_mirror"
[kp]      3.49s  dealloc      261.7 MB  Cuda     live      322.0 MB  "particle:particles"
[kp]      3.54s  alloc        316.7 MB  Cuda     live      638.7 MB  "particle:particles"
[kp]      3.54s  alloc        316.7 MB  Host     live      604.6 MB  "particle:particles_mirror"
[kp]      3.54s  dealloc      287.9 MB  Host     live      316.7 MB  "particle:particles_mirror"
[kp]      3.56s  dealloc      287.9 MB  Cuda     live      350.7 MB  "particle:particles"
[kp]      3.61s  alloc        348.4 MB  Cuda     live      699.1 MB  "particle:particles"
[kp]      3.61s  alloc        348.4 MB  Host     live      665.1 MB  "particle:particles_mirror"
[kp]      3.61s  dealloc      316.7 MB  Host     live      348.4 MB  "particle:particles_mirror"
[kp]      3.64s  dealloc      316.7 MB  Cuda     live      382.4 MB  "particle:particles"
[kp]      3.69s  alloc        383.2 MB  Cuda     live      765.6 MB  "particle:particles"
[kp]      3.69s  alloc        383.2 MB  Host     live      731.6 MB  "particle:particles_mirror"
[kp]      3.69s  dealloc      348.4 MB  Host     live      383.2 MB  "particle:particles_mirror"
[kp]      3.72s  dealloc      348.4 MB  Cuda     live      417.3 MB  "particle:particles"
[kp]      3.77s  alloc        421.5 MB  Cuda     live      838.8 MB  "particle:particles"
[kp]      3.77s  alloc        421.5 MB  Host     live      804.7 MB  "particle:particles_mirror"
[kp]      3.77s  dealloc      383.2 MB  Host     live      421.5 MB  "particle:particles_mirror"
[kp]      3.81s  dealloc      383.2 MB  Cuda     live      455.6 MB  "particle:particles"
[kp]      3.87s  alloc        463.7 MB  Cuda     live      919.3 MB  "particle:particles"
[kp]      3.87s  alloc        463.7 MB  Host     live      885.2 MB  "particle:particles_mirror"
[kp]      3.87s  dealloc      421.5 MB  Host     live      463.7 MB  "particle:particles_mirror"
[kp]      3.91s  dealloc      421.5 MB  Cuda     live      497.7 MB  "particle:particles"
[kp]      3.97s  alloc        510.0 MB  Cuda     live     1007.8 MB  "particle:particles"
[kp]      3.98s  alloc        510.0 MB  Host     live      973.7 MB  "particle:particles_mirror"
[kp]      3.98s  dealloc      463.7 MB  Host     live      510.1 MB  "particle:particles_mirror"
[kp]      4.02s  dealloc      463.7 MB  Cuda     live      544.1 MB  "particle:particles"
[kp]      4.09s  alloc        561.1 MB  Cuda     live     1105.1 MB  "particle:particles"
[kp]      4.09s  alloc        561.1 MB  Host     live     1071.1 MB  "particle:particles_mirror"
[kp]      4.09s  dealloc      510.0 MB  Host     live      561.1 MB  "particle:particles_mirror"
[kp]      4.13s  dealloc      510.0 MB  Cuda     live      595.1 MB  "particle:particles"
[kp]      4.22s  alloc        617.2 MB  Cuda     live     1212.3 MB  "particle:particles"
[kp]      4.22s  alloc        617.2 MB  Host     live     1178.2 MB  "particle:particles_mirror"
[kp]      4.22s  dealloc      561.1 MB  Host     live      617.2 MB  "particle:particles_mirror"
[kp]      4.27s  dealloc      561.1 MB  Cuda     live      651.2 MB  "particle:particles"
[kp]      4.42s  alloc        678.9 MB  Cuda     live     1330.1 MB  "particle:particles"
[kp]      4.42s  alloc        678.9 MB  Host     live     1296.0 MB  "particle:particles_mirror"
[kp]      4.42s  dealloc      617.2 MB  Host     live      678.9 MB  "particle:particles_mirror"
[kp]      4.48s  dealloc      617.2 MB  Cuda     live      712.9 MB  "particle:particles"
[kp]      4.66s  alloc        746.8 MB  Cuda     live     1459.7 MB  "particle:particles"
[kp]      4.66s  alloc        746.8 MB  Host     live     1425.6 MB  "particle:particles_mirror"
[kp]      4.66s  dealloc      678.9 MB  Host     live      746.8 MB  "particle:particles_mirror"
[kp]      4.72s  dealloc      678.9 MB  Cuda     live      780.8 MB  "particle:particles"
[kp]      5.06s  alloc        821.4 MB  Cuda     live     1602.2 MB  "particle:particles"
[kp]      5.06s  alloc        821.4 MB  Host     live     1568.2 MB  "particle:particles_mirror"
[kp]      5.06s  dealloc      746.8 MB  Host     live      821.4 MB  "particle:particles_mirror"
[kp]      5.12s  dealloc      746.8 MB  Cuda     live      855.5 MB  "particle:particles"
[kp]      5.71s  alloc        903.6 MB  Cuda     live     1759.1 MB  "particle:particles"
[kp]      5.71s  alloc        903.6 MB  Host     live     1725.0 MB  "particle:particles_mirror"
[kp]      5.71s  dealloc      821.4 MB  Host     live      903.6 MB  "particle:particles_mirror"
[kp]      5.78s  dealloc      821.4 MB  Cuda     live      937.6 MB  "particle:particles"
[kp]      6.09s  alloc        993.9 MB  Cuda     live     1931.6 MB  "particle:particles"
[kp]      6.09s  alloc        993.9 MB  Host     live     1897.5 MB  "particle:particles_mirror"
[kp]      6.09s  dealloc      903.6 MB  Host     live      993.9 MB  "particle:particles_mirror"
[kp]      6.17s  dealloc      903.6 MB  Cuda     live     1028.0 MB  "particle:particles"
[kp]      6.32s  alloc       1093.3 MB  Cuda     live     2121.3 MB  "particle:particles"
[kp]      6.32s  alloc       1093.3 MB  Host     live     2087.3 MB  "particle:particles_mirror"
[kp]      6.32s  dealloc      993.9 MB  Host     live     1093.3 MB  "particle:particles_mirror"
[kp]      6.40s  dealloc      993.9 MB  Cuda     live     1127.4 MB  "particle:particles"
[kp]      6.56s  alloc       1202.7 MB  Cuda     live     2330.1 MB  "particle:particles"
[kp]      6.56s  alloc       1202.7 MB  Host     live     2296.0 MB  "particle:particles_mirror"
[kp]      6.56s  dealloc     1093.3 MB  Host     live     1202.7 MB  "particle:particles_mirror"
[kp]      6.66s  dealloc     1093.3 MB  Cuda     live     1236.7 MB  "particle:particles"
[kp]      6.83s  alloc       1322.9 MB  Cuda     live     2559.7 MB  "particle:particles"
[kp]      6.84s  alloc       1322.9 MB  Host     live     2525.6 MB  "particle:particles_mirror"
[kp]      6.84s  dealloc     1202.7 MB  Host     live     1322.9 MB  "particle:particles_mirror"
[kp]      6.94s  dealloc     1202.7 MB  Cuda     live     1357.0 MB  "particle:particles"
[kp]      7.13s  alloc       1455.2 MB  Cuda     live     2812.2 MB  "particle:particles"
[kp]      7.13s  alloc       1455.2 MB  Host     live     2778.2 MB  "particle:particles_mirror"
[kp]      7.13s  dealloc     1322.9 MB  Host     live     1455.2 MB  "particle:particles_mirror"
[kp]      7.25s  dealloc     1322.9 MB  Cuda     live     1489.3 MB  "particle:particles"
[kp]      7.51s  alloc       1600.8 MB  Cuda     live     3090.0 MB  "particle:particles"
[kp]      7.51s  alloc       1600.8 MB  Host     live     3056.0 MB  "particle:particles_mirror"
[kp]      7.51s  dealloc     1455.2 MB  Host     live     1600.8 MB  "particle:particles_mirror"
[kp]      7.63s  dealloc     1455.2 MB  Cuda     live     1634.8 MB  "particle:particles"
[kp]      7.99s  alloc       1760.8 MB  Cuda     live     3395.6 MB  "particle:particles"
[kp]      7.99s  alloc       1760.8 MB  Host     live     3361.6 MB  "particle:particles_mirror"
[kp]      7.99s  dealloc     1600.8 MB  Host     live     1760.8 MB  "particle:particles_mirror"
[kp]      8.13s  dealloc     1600.8 MB  Cuda     live     1794.9 MB  "particle:particles"
[kp]      8.85s  alloc       1936.9 MB  Cuda     live     3731.8 MB  "particle:particles"
[kp]      8.85s  alloc       1936.9 MB  Host     live     3697.7 MB  "particle:particles_mirror"
[kp]      8.85s  dealloc     1760.8 MB  Host     live     1936.9 MB  "particle:particles_mirror"
[kp]      9.00s  dealloc     1760.8 MB  Cuda     live     1971.0 MB  "particle:particles"
[kp]      9.30s  alloc       2130.6 MB  Cuda     live     4101.6 MB  "particle:particles"
[kp]      9.30s  alloc       2130.6 MB  Host     live     4067.5 MB  "particle:particles_mirror"
[kp]      9.30s  dealloc     1936.9 MB  Host     live     2130.6 MB  "particle:particles_mirror"
[kp]      9.47s  dealloc     1936.9 MB  Cuda     live     2164.6 MB  "particle:particles"
[kp]      9.78s  alloc       2343.7 MB  Cuda     live     4508.3 MB  "particle:particles"
[kp]      9.78s  alloc       2343.7 MB  Host     live     4474.3 MB  "particle:particles_mirror"
[kp]      9.78s  dealloc     2130.6 MB  Host     live     2343.7 MB  "particle:particles_mirror"
[kp]      9.97s  dealloc     2130.6 MB  Cuda     live     2377.7 MB  "particle:particles"
[kp]     10.31s  alloc       2578.0 MB  Cuda     live     4955.7 MB  "particle:particles"
[kp]     10.32s  alloc       2578.0 MB  Host     live     4921.7 MB  "particle:particles_mirror"
[kp]     10.32s  dealloc     2343.7 MB  Host     live     2578.0 MB  "particle:particles_mirror"
[kp]     10.51s  dealloc     2343.7 MB  Cuda     live     2612.1 MB  "particle:particles"
[kp]     10.93s  alloc       2835.8 MB  Cuda     live     5447.9 MB  "particle:particles"
[kp]     10.94s  alloc       2835.8 MB  Host     live     5413.9 MB  "particle:particles_mirror"
[kp]     10.94s  dealloc     2578.0 MB  Host     live     2835.8 MB  "particle:particles_mirror"
[kp]     11.16s  dealloc     2578.0 MB  Cuda     live     2869.9 MB  "particle:particles"
WARNING: Created unexpected # of particles: 29999752 versus 30000000 (/hpc/data/cfd-students/nnoventa/sparta/src/create_particles.cpp:445)
Created 29999752 particles
  CPU time = 10.4529 secs
[kp]     12.12s  alloc        106.0 MB  Cuda     live     3232.6 MB  "grid:cells"
[kp]     12.12s  alloc        106.0 MB  Host     live     3197.5 MB  "grid:cells_mirror"
Memory usage per proc in Mbytes:
  particles (ave,min,max) = 5789.82 5789.82 5789.82
  grid      (ave,min,max) = 360.833 360.833 360.833
  surf      (ave,min,max) = 20.309 20.309 20.309
  modify    (ave,min,max) = 224.121 224.121 224.121
  total     (ave,min,max) = 6395.08 6395.08 6395.08
Step CPU T/CPU S/CPU Dt Np Natt Ncoll Nbound Nexit c_temp 
       0            0            0            0        3e-09 29999752        0        0        0        0    300.07997 
[kp]     12.74s  alloc        296.6 MB  Cuda     live     3631.2 MB  "particle:plist"
[kp]     12.74s  dealloc      296.6 MB  Cuda     live     3334.6 MB  "particle:plist"
[kp]     12.74s  alloc        431.8 MB  Cuda     live     3766.3 MB  "particle:plist"
[kp]     12.75s  alloc        118.2 MB  Cuda     live     3885.4 MB  "particle:mlist"
[kp]     12.75s  alloc        118.2 MB  Host     live     3378.7 MB  "particle:mlist_mirror"
[kp]     12.82s  alloc        431.8 MB  Cuda     live     4317.8 MB  "collide:nn_last_partner"
[kp]     12.82s  dealloc      431.8 MB  Cuda     live     3886.1 MB  "collide:nn_last_partner"
[kp]     13.02s  alloc        431.8 MB  Cuda     live     4317.9 MB  "collide:nn_last_partner"
[kp]     13.02s  dealloc      431.8 MB  Cuda     live     3886.1 MB  "collide:nn_last_partner"
[kp]     13.07s  dealloc      431.8 MB  Cuda     live     3454.3 MB  "particle:plist"
[kp]     13.11s  alloc        566.9 MB  Cuda     live     4021.2 MB  "particle:plist"
[kp]     13.11s  alloc        566.9 MB  Cuda     live     4588.1 MB  "collide:nn_last_partner"
[kp]     13.11s  dealloc      566.9 MB  Cuda     live     4021.2 MB  "collide:nn_last_partner"
[kp]     13.17s  alloc        566.9 MB  Cuda     live     4588.1 MB  "collide:nn_last_partner"
[kp]     13.17s  dealloc      566.9 MB  Cuda     live     4021.2 MB  "collide:nn_last_partner"
[kp]     13.22s  alloc        566.9 MB  Cuda     live     4588.1 MB  "collide:nn_last_partner"
[kp]     13.22s  dealloc      566.9 MB  Cuda     live     4021.2 MB  "collide:nn_last_partner"
[kp]     13.28s  alloc        566.9 MB  Cuda     live     4588.1 MB  "collide:nn_last_partner"
[kp]     13.28s  dealloc      566.9 MB  Cuda     live     4021.2 MB  "collide:nn_last_partner"
[kp]     13.43s  alloc        566.9 MB  Cuda     live     4588.1 MB  "collide:nn_last_partner"
[kp]     13.43s  dealloc      566.9 MB  Cuda     live     4021.2 MB  "collide:nn_last_partner"
[kp]     13.54s  alloc        566.9 MB  Cuda     live     4588.1 MB  "collide:nn_last_partner"
[kp]     13.54s  dealloc      566.9 MB  Cuda     live     4021.2 MB  "collide:nn_last_partner"
[kp]     13.81s  alloc        566.9 MB  Cuda     live     4588.1 MB  "collide:nn_last_partner"
[kp]     13.81s  dealloc      566.9 MB  Cuda     live     4021.2 MB  "collide:nn_last_partner"
[kp]     14.35s  alloc        566.9 MB  Cuda     live     4588.1 MB  "collide:nn_last_partner"
[kp]     14.35s  dealloc      566.9 MB  Cuda     live     4021.2 MB  "collide:nn_last_partner"
[kp]     14.71s  alloc        566.9 MB  Cuda     live     4588.1 MB  "collide:nn_last_partner"
[kp]     14.71s  dealloc      566.9 MB  Cuda     live     4021.2 MB  "collide:nn_last_partner"
[kp]     14.77s  alloc        566.9 MB  Cuda     live     4588.1 MB  "collide:nn_last_partner"
[kp]     14.77s  dealloc      566.9 MB  Cuda     live     4021.2 MB  "collide:nn_last_partner"
[kp]     14.82s  alloc        566.9 MB  Cuda     live     4588.1 MB  "collide:nn_last_partner"
[kp]     14.83s  dealloc      566.9 MB  Cuda     live     4021.3 MB  "collide:nn_last_partner"
[kp]     14.88s  alloc        566.9 MB  Cuda     live     4588.1 MB  "collide:nn_last_partner"
[kp]     14.88s  dealloc      566.9 MB  Cuda     live     4021.3 MB  "collide:nn_last_partner"
[kp]     14.93s  alloc        566.9 MB  Cuda     live     4588.2 MB  "collide:nn_last_partner"
[kp]     14.93s  dealloc      566.9 MB  Cuda     live     4021.3 MB  "collide:nn_last_partner"
[kp]     14.99s  alloc        566.9 MB  Cuda     live     4588.2 MB  "collide:nn_last_partner"
[kp]     14.99s  dealloc      566.9 MB  Cuda     live     4021.3 MB  "collide:nn_last_partner"
[kp]     15.04s  alloc        566.9 MB  Cuda     live     4588.2 MB  "collide:nn_last_partner"
[kp]     15.04s  dealloc      566.9 MB  Cuda     live     4021.3 MB  "collide:nn_last_partner"
[kp]     15.10s  alloc        566.9 MB  Cuda     live     4588.2 MB  "collide:nn_last_partner"
[kp]     15.10s  dealloc      566.9 MB  Cuda     live     4021.3 MB  "collide:nn_last_partner"
[kp]     15.15s  alloc        566.9 MB  Cuda     live     4588.2 MB  "collide:nn_last_partner"
[kp]     15.15s  dealloc      566.9 MB  Cuda     live     4021.3 MB  "collide:nn_last_partner"
[kp]     15.21s  alloc        566.9 MB  Cuda     live     4588.2 MB  "collide:nn_last_partner"
[kp]     15.21s  dealloc      566.9 MB  Cuda     live     4021.3 MB  "collide:nn_last_partner"
[kp]     15.26s  alloc        566.9 MB  Cuda     live     4588.2 MB  "collide:nn_last_partner"
[kp]     15.26s  dealloc      566.9 MB  Cuda     live     4021.3 MB  "collide:nn_last_partner"
[kp]     15.31s  alloc        566.9 MB  Cuda     live     4588.2 MB  "collide:nn_last_partner"
[kp]     15.31s  dealloc      566.9 MB  Cuda     live     4021.3 MB  "collide:nn_last_partner"
[kp]     15.37s  alloc        566.9 MB  Cuda     live     4588.2 MB  "collide:nn_last_partner"
[kp]     15.37s  dealloc      566.9 MB  Cuda     live     4021.3 MB  "collide:nn_last_partner"
[kp]     15.42s  alloc        566.9 MB  Cuda     live     4588.2 MB  "collide:nn_last_partner"
[kp]     15.42s  dealloc      566.9 MB  Cuda     live     4021.3 MB  "collide:nn_last_partner"
[kp]     15.48s  alloc        566.9 MB  Cuda     live     4588.2 MB  "collide:nn_last_partner"
[kp]     15.48s  dealloc      566.9 MB  Cuda     live     4021.3 MB  "collide:nn_last_partner"
[kp]     15.53s  alloc        566.9 MB  Cuda     live     4588.2 MB  "collide:nn_last_partner"
[kp]     15.53s  dealloc      566.9 MB  Cuda     live     4021.3 MB  "collide:nn_last_partner"
[kp]     15.58s  alloc        566.9 MB  Cuda     live     4588.2 MB  "collide:nn_last_partner"
[kp]     15.59s  dealloc      566.9 MB  Cuda     live     4021.3 MB  "collide:nn_last_partner"
[kp]     15.64s  alloc        566.9 MB  Cuda     live     4588.2 MB  "collide:nn_last_partner"
[kp]     15.64s  dealloc      566.9 MB  Cuda     live     4021.3 MB  "collide:nn_last_partner"
[kp]     15.69s  alloc        566.9 MB  Cuda     live     4588.2 MB  "collide:nn_last_partner"
[kp]     15.69s  dealloc      566.9 MB  Cuda     live     4021.3 MB  "collide:nn_last_partner"
[kp]     15.75s  alloc        566.9 MB  Cuda     live     4588.2 MB  "collide:nn_last_partner"
[kp]     15.75s  dealloc      566.9 MB  Cuda     live     4021.3 MB  "collide:nn_last_partner"
[kp]     15.96s  alloc        566.9 MB  Cuda     live     4588.2 MB  "collide:nn_last_partner"
[kp]     15.96s  dealloc      566.9 MB  Cuda     live     4021.3 MB  "collide:nn_last_partner"
[kp]     16.01s  alloc        566.9 MB  Cuda     live     4588.2 MB  "collide:nn_last_partner"
[kp]     16.01s  dealloc      566.9 MB  Cuda     live     4021.3 MB  "collide:nn_last_partner"
[kp]     16.08s  alloc        566.9 MB  Cuda     live     4588.2 MB  "collide:nn_last_partner"
[kp]     16.08s  dealloc      566.9 MB  Cuda     live     4021.3 MB  "collide:nn_last_partner"
[kp]     16.20s  alloc        566.9 MB  Cuda     live     4588.2 MB  "collide:nn_last_partner"
[kp]     16.20s  dealloc      566.9 MB  Cuda     live     4021.3 MB  "collide:nn_last_partner"
[kp]     16.32s  alloc        566.9 MB  Cuda     live     4588.2 MB  "collide:nn_last_partner"
[kp]     16.32s  dealloc      566.9 MB  Cuda     live     4021.3 MB  "collide:nn_last_partner"
[kp]     16.58s  alloc        566.9 MB  Cuda     live     4588.2 MB  "collide:nn_last_partner"
[kp]     16.58s  dealloc      566.9 MB  Cuda     live     4021.3 MB  "collide:nn_last_partner"
[kp]     17.12s  alloc        566.9 MB  Cuda     live     4588.2 MB  "collide:nn_last_partner"
[kp]     17.12s  dealloc      566.9 MB  Cuda     live     4021.3 MB  "collide:nn_last_partner"
[kp]     17.48s  alloc        566.9 MB  Cuda     live     4588.2 MB  "collide:nn_last_partner"
[kp]     17.48s  dealloc      566.9 MB  Cuda     live     4021.3 MB  "collide:nn_last_partner"
[kp]     17.55s  alloc        566.9 MB  Cuda     live     4588.2 MB  "collide:nn_last_partner"
[kp]     17.55s  dealloc      566.9 MB  Cuda     live     4021.3 MB  "collide:nn_last_partner"
[kp]     17.62s  alloc        566.9 MB  Cuda     live     4588.2 MB  "collide:nn_last_partner"
[kp]     17.62s  dealloc      566.9 MB  Cuda     live     4021.3 MB  "collide:nn_last_partner"
[kp]     17.67s  alloc        566.9 MB  Cuda     live     4588.2 MB  "collide:nn_last_partner"
[kp]     17.67s  dealloc      566.9 MB  Cuda     live     4021.3 MB  "collide:nn_last_partner"
[kp]     17.73s  alloc        566.9 MB  Cuda     live     4588.2 MB  "collide:nn_last_partner"
[kp]     17.73s  dealloc      566.9 MB  Cuda     live     4021.3 MB  "collide:nn_last_partner"
[kp]     17.78s  alloc        566.9 MB  Cuda     live     4588.2 MB  "collide:nn_last_partner"
[kp]     17.78s  dealloc      566.9 MB  Cuda     live     4021.3 MB  "collide:nn_last_partner"
[kp]     17.83s  alloc        566.9 MB  Cuda     live     4588.2 MB  "collide:nn_last_partner"
[kp]     17.84s  dealloc      566.9 MB  Cuda     live     4021.3 MB  "collide:nn_last_partner"
[kp]     17.89s  alloc        566.9 MB  Cuda     live     4588.2 MB  "collide:nn_last_partner"
[kp]     17.89s  dealloc      566.9 MB  Cuda     live     4021.3 MB  "collide:nn_last_partner"
[kp]     17.94s  alloc        566.9 MB  Cuda     live     4588.2 MB  "collide:nn_last_partner"
[kp]     17.94s  dealloc      566.9 MB  Cuda     live     4021.3 MB  "collide:nn_last_partner"
[kp]     18.00s  alloc        566.9 MB  Cuda     live     4588.2 MB  "collide:nn_last_partner"
[kp]     18.00s  dealloc      566.9 MB  Cuda     live     4021.3 MB  "collide:nn_last_partner"
[kp]     18.05s  alloc        566.9 MB  Cuda     live     4588.2 MB  "collide:nn_last_partner"
[kp]     18.05s  dealloc      566.9 MB  Cuda     live     4021.3 MB  "collide:nn_last_partner"
[kp]     18.11s  alloc        566.9 MB  Cuda     live     4588.2 MB  "collide:nn_last_partner"
[kp]     18.11s  dealloc      566.9 MB  Cuda     live     4021.3 MB  "collide:nn_last_partner"
[kp]     18.16s  alloc        566.9 MB  Cuda     live     4588.2 MB  "collide:nn_last_partner"
[kp]     18.16s  dealloc      566.9 MB  Cuda     live     4021.3 MB  "collide:nn_last_partner"
[kp]     18.21s  alloc        566.9 MB  Cuda     live     4588.2 MB  "collide:nn_last_partner"
[kp]     18.21s  dealloc      566.9 MB  Cuda     live     4021.3 MB  "collide:nn_last_partner"
[kp]     18.27s  alloc        566.9 MB  Cuda     live     4588.2 MB  "collide:nn_last_partner"
[kp]     18.27s  dealloc      566.9 MB  Cuda     live     4021.3 MB  "collide:nn_last_partner"
[kp]     18.32s  alloc        566.9 MB  Cuda     live     4588.2 MB  "collide:nn_last_partner"
[kp]     18.32s  dealloc      566.9 MB  Cuda     live     4021.3 MB  "collide:nn_last_partner"
[kp]     18.38s  alloc        566.9 MB  Cuda     live     4588.2 MB  "collide:nn_last_partner"
[kp]     18.38s  dealloc      566.9 MB  Cuda     live     4021.3 MB  "collide:nn_last_partner"
[kp]     18.43s  alloc        566.9 MB  Cuda     live     4588.2 MB  "collide:nn_last_partner"
[kp]     18.43s  dealloc      566.9 MB  Cuda     live     4021.3 MB  "collide:nn_last_partner"
[kp]     18.49s  alloc        566.9 MB  Cuda     live     4588.2 MB  "collide:nn_last_partner"
[kp]     18.49s  dealloc      566.9 MB  Cuda     live     4021.3 MB  "collide:nn_last_partner"
[kp]     18.54s  alloc        566.9 MB  Cuda     live     4588.2 MB  "collide:nn_last_partner"
[kp]     18.54s  dealloc      566.9 MB  Cuda     live     4021.3 MB  "collide:nn_last_partner"
[kp]     18.76s  alloc        566.9 MB  Cuda     live     4588.2 MB  "collide:nn_last_partner"
[kp]     18.76s  dealloc      566.9 MB  Cuda     live     4021.3 MB  "collide:nn_last_partner"
[kp]     18.82s  alloc        566.9 MB  Cuda     live     4588.2 MB  "collide:nn_last_partner"
[kp]     18.82s  dealloc      566.9 MB  Cuda     live     4021.3 MB  "collide:nn_last_partner"
[kp]     18.88s  alloc        566.9 MB  Cuda     live     4588.2 MB  "collide:nn_last_partner"
[kp]     18.88s  dealloc      566.9 MB  Cuda     live     4021.3 MB  "collide:nn_last_partner"
[kp]     18.93s  alloc        566.9 MB  Cuda     live     4588.2 MB  "collide:nn_last_partner"
[kp]     18.93s  dealloc      566.9 MB  Cuda     live     4021.3 MB  "collide:nn_last_partner"
[kp]     18.98s  alloc        566.9 MB  Cuda     live     4588.2 MB  "collide:nn_last_partner"
[kp]     18.99s  dealloc      566.9 MB  Cuda     live     4021.3 MB  "collide:nn_last_partner"
[kp]     19.16s  alloc        566.9 MB  Cuda     live     4588.2 MB  "collide:nn_last_partner"
[kp]     19.17s  dealloc      566.9 MB  Cuda     live     4021.3 MB  "collide:nn_last_partner"
[kp]     19.27s  alloc        566.9 MB  Cuda     live     4588.2 MB  "collide:nn_last_partner"
[kp]     19.27s  dealloc      566.9 MB  Cuda     live     4021.3 MB  "collide:nn_last_partner"
[kp]     19.54s  alloc        566.9 MB  Cuda     live     4588.2 MB  "collide:nn_last_partner"
[kp]     19.54s  dealloc      566.9 MB  Cuda     live     4021.3 MB  "collide:nn_last_partner"
[kp]     20.17s  alloc        566.9 MB  Cuda     live     4588.2 MB  "collide:nn_last_partner"
[kp]     20.17s  dealloc      566.9 MB  Cuda     live     4021.3 MB  "collide:nn_last_partner"
[kp]     20.43s  alloc        566.9 MB  Cuda     live     4588.2 MB  "collide:nn_last_partner"
[kp]     20.44s  dealloc      566.9 MB  Cuda     live     4021.3 MB  "collide:nn_last_partner"
[kp]     20.50s  alloc        566.9 MB  Cuda     live     4588.2 MB  "collide:nn_last_partner"
[kp]     20.50s  dealloc      566.9 MB  Cuda     live     4021.3 MB  "collide:nn_last_partner"
[kp]     20.56s  alloc        566.9 MB  Cuda     live     4588.2 MB  "collide:nn_last_partner"
[kp]     20.56s  dealloc      566.9 MB  Cuda     live     4021.3 MB  "collide:nn_last_partner"
[kp]     20.62s  alloc        566.9 MB  Cuda     live     4588.2 MB  "collide:nn_last_partner"
[kp]     20.62s  dealloc      566.9 MB  Cuda     live     4021.3 MB  "collide:nn_last_partner"
[kp]     20.67s  alloc        566.9 MB  Cuda     live     4588.2 MB  "collide:nn_last_partner"
[kp]     20.67s  dealloc      566.9 MB  Cuda     live     4021.3 MB  "collide:nn_last_partner"
[kp]     20.73s  alloc        566.9 MB  Cuda     live     4588.2 MB  "collide:nn_last_partner"
[kp]     20.73s  dealloc      566.9 MB  Cuda     live     4021.3 MB  "collide:nn_last_partner"
[kp]     20.78s  alloc        566.9 MB  Cuda     live     4588.2 MB  "collide:nn_last_partner"
[kp]     20.78s  dealloc      566.9 MB  Cuda     live     4021.3 MB  "collide:nn_last_partner"
[kp]     20.84s  alloc        566.9 MB  Cuda     live     4588.2 MB  "collide:nn_last_partner"
[kp]     20.84s  dealloc      566.9 MB  Cuda     live     4021.3 MB  "collide:nn_last_partner"
[kp]     20.89s  alloc        566.9 MB  Cuda     live     4588.2 MB  "collide:nn_last_partner"
[kp]     20.89s  dealloc      566.9 MB  Cuda     live     4021.3 MB  "collide:nn_last_partner"
[kp]     20.94s  alloc        566.9 MB  Cuda     live     4588.2 MB  "collide:nn_last_partner"
[kp]     20.95s  dealloc      566.9 MB  Cuda     live     4021.3 MB  "collide:nn_last_partner"
[kp]     21.00s  alloc        566.9 MB  Cuda     live     4588.2 MB  "collide:nn_last_partner"
[kp]     21.00s  dealloc      566.9 MB  Cuda     live     4021.3 MB  "collide:nn_last_partner"
[kp]     21.05s  alloc        566.9 MB  Cuda     live     4588.2 MB  "collide:nn_last_partner"
[kp]     21.05s  dealloc      566.9 MB  Cuda     live     4021.3 MB  "collide:nn_last_partner"
[kp]     21.11s  alloc        566.9 MB  Cuda     live     4588.2 MB  "collide:nn_last_partner"
[kp]     21.11s  dealloc      566.9 MB  Cuda     live     4021.3 MB  "collide:nn_last_partner"
[kp]     21.16s  alloc        566.9 MB  Cuda     live     4588.2 MB  "collide:nn_last_partner"
[kp]     21.16s  dealloc      566.9 MB  Cuda     live     4021.3 MB  "collide:nn_last_partner"
[kp]     21.22s  alloc        566.9 MB  Cuda     live     4588.2 MB  "collide:nn_last_partner"
[kp]     21.22s  dealloc      566.9 MB  Cuda     live     4021.3 MB  "collide:nn_last_partner"
[kp]     21.27s  alloc        566.9 MB  Cuda     live     4588.2 MB  "collide:nn_last_partner"
[kp]     21.27s  dealloc      566.9 MB  Cuda     live     4021.3 MB  "collide:nn_last_partner"
[kp]     21.32s  alloc        566.9 MB  Cuda     live     4588.2 MB  "collide:nn_last_partner"
[kp]     21.32s  dealloc      566.9 MB  Cuda     live     4021.3 MB  "collide:nn_last_partner"
[kp]     21.38s  alloc        566.9 MB  Cuda     live     4588.2 MB  "collide:nn_last_partner"
[kp]     21.38s  dealloc      566.9 MB  Cuda     live     4021.3 MB  "collide:nn_last_partner"
[kp]     21.43s  alloc        566.9 MB  Cuda     live     4588.2 MB  "collide:nn_last_partner"
[kp]     21.43s  dealloc      566.9 MB  Cuda     live     4021.3 MB  "collide:nn_last_partner"
[kp]     21.49s  alloc        566.9 MB  Cuda     live     4588.2 MB  "collide:nn_last_partner"
[kp]     21.49s  dealloc      566.9 MB  Cuda     live     4021.3 MB  "collide:nn_last_partner"
[kp]     21.69s  alloc        566.9 MB  Cuda     live     4588.2 MB  "collide:nn_last_partner"
[kp]     21.69s  dealloc      566.9 MB  Cuda     live     4021.3 MB  "collide:nn_last_partner"
[kp]     21.74s  alloc        566.9 MB  Cuda     live     4588.2 MB  "collide:nn_last_partner"
[kp]     21.74s  dealloc      566.9 MB  Cuda     live     4021.3 MB  "collide:nn_last_partner"
[kp]     21.80s  alloc        566.9 MB  Cuda     live     4588.2 MB  "collide:nn_last_partner"
[kp]     21.80s  dealloc      566.9 MB  Cuda     live     4021.3 MB  "collide:nn_last_partner"
[kp]     21.94s  alloc        566.9 MB  Cuda     live     4588.2 MB  "collide:nn_last_partner"
[kp]     21.94s  dealloc      566.9 MB  Cuda     live     4021.3 MB  "collide:nn_last_partner"
[kp]     22.04s  alloc        566.9 MB  Cuda     live     4588.2 MB  "collide:nn_last_partner"
[kp]     22.04s  dealloc      566.9 MB  Cuda     live     4021.3 MB  "collide:nn_last_partner"
[kp]     22.30s  alloc        566.9 MB  Cuda     live     4588.2 MB  "collide:nn_last_partner"
[kp]     22.31s  dealloc      566.9 MB  Cuda     live     4021.3 MB  "collide:nn_last_partner"
[kp]     22.91s  alloc        566.9 MB  Cuda     live     4588.2 MB  "collide:nn_last_partner"
[kp]     22.91s  dealloc      566.9 MB  Cuda     live     4021.3 MB  "collide:nn_last_partner"
[kp]     23.20s  alloc        566.9 MB  Cuda     live     4588.2 MB  "collide:nn_last_partner"
[kp]     23.20s  dealloc      566.9 MB  Cuda     live     4021.3 MB  "collide:nn_last_partner"
[kp]     23.27s  alloc        566.9 MB  Cuda     live     4588.2 MB  "collide:nn_last_partner"
[kp]     23.27s  dealloc      566.9 MB  Cuda     live     4021.3 MB  "collide:nn_last_partner"
[kp]     23.33s  alloc        566.9 MB  Cuda     live     4588.2 MB  "collide:nn_last_partner"
[kp]     23.33s  dealloc      566.9 MB  Cuda     live     4021.3 MB  "collide:nn_last_partner"
[kp]     23.39s  alloc        566.9 MB  Cuda     live     4588.2 MB  "collide:nn_last_partner"
[kp]     23.39s  dealloc      566.9 MB  Cuda     live     4021.3 MB  "collide:nn_last_partner"
[kp]     23.45s  alloc        566.9 MB  Cuda     live     4588.2 MB  "collide:nn_last_partner"
[kp]     23.45s  dealloc      566.9 MB  Cuda     live     4021.3 MB  "collide:nn_last_partner"
[kp]     23.50s  alloc        566.9 MB  Cuda     live     4588.2 MB  "collide:nn_last_partner"
[kp]     23.50s  dealloc      566.9 MB  Cuda     live     4021.3 MB  "collide:nn_last_partner"
[kp]     23.56s  alloc        566.9 MB  Cuda     live     4588.2 MB  "collide:nn_last_partner"
[kp]     23.56s  dealloc      566.9 MB  Cuda     live     4021.3 MB  "collide:nn_last_partner"
     100     10.92987 2.7447711e-08    9.1492364        3e-09 29934377    94755    60059        0        0    298.98891 
[kp]     23.72s  alloc        566.9 MB  Cuda     live     4588.2 MB  "collide:nn_last_partner"
[kp]     23.72s  dealloc      566.9 MB  Cuda     live     4021.3 MB  "collide:nn_last_partner"
[kp]     23.78s  alloc        566.9 MB  Cuda     live     4588.2 MB  "collide:nn_last_partner"
[kp]     23.78s  dealloc      566.9 MB  Cuda     live     4021.3 MB  "collide:nn_last_partner"
[kp]     23.83s  alloc        566.9 MB  Cuda     live     4588.2 MB  "collide:nn_last_partner"
[kp]     23.83s  dealloc      566.9 MB  Cuda     live     4021.3 MB  "collide:nn_last_partner"
[kp]     23.88s  alloc        566.9 MB  Cuda     live     4588.2 MB  "collide:nn_last_partner"
[kp]     23.88s  dealloc      566.9 MB  Cuda     live     4021.3 MB  "collide:nn_last_partner"
[kp]     23.94s  alloc        566.9 MB  Cuda     live     4588.2 MB  "collide:nn_last_partner"
[kp]     23.94s  dealloc      566.9 MB  Cuda     live     4021.3 MB  "collide:nn_last_partner"
[kp]     23.99s  alloc        566.9 MB  Cuda     live     4588.2 MB  "collide:nn_last_partner"
[kp]     23.99s  dealloc      566.9 MB  Cuda     live     4021.3 MB  "collide:nn_last_partner"
[kp]     24.05s  alloc        566.9 MB  Cuda     live     4588.2 MB  "collide:nn_last_partner"
[kp]     24.05s  dealloc      566.9 MB  Cuda     live     4021.3 MB  "collide:nn_last_partner"
[kp]     24.10s  alloc        566.9 MB  Cuda     live     4588.2 MB  "collide:nn_last_partner"
[kp]     24.10s  dealloc      566.9 MB  Cuda     live     4021.3 MB  "collide:nn_last_partner"
[kp]     24.15s  alloc        566.9 MB  Cuda     live     4588.2 MB  "collide:nn_last_partner"
[kp]     24.16s  dealloc      566.9 MB  Cuda     live     4021.3 MB  "collide:nn_last_partner"
[kp]     24.21s  alloc        566.9 MB  Cuda     live     4588.2 MB  "collide:nn_last_partner"
[kp]     24.21s  dealloc      566.9 MB  Cuda     live     4021.3 MB  "collide:nn_last_partner"
[kp]     24.26s  alloc        566.9 MB  Cuda     live     4588.2 MB  "collide:nn_last_partner"
[kp]     24.26s  dealloc      566.9 MB  Cuda     live     4021.3 MB  "collide:nn_last_partner"
[kp]     24.48s  alloc        566.9 MB  Cuda     live     4588.2 MB  "collide:nn_last_partner"
[kp]     24.48s  dealloc      566.9 MB  Cuda     live     4021.3 MB  "collide:nn_last_partner"
[kp]     24.55s  alloc        566.9 MB  Cuda     live     4588.2 MB  "collide:nn_last_partner"
[kp]     24.55s  dealloc      566.9 MB  Cuda     live     4021.3 MB  "collide:nn_last_partner"
[kp]     24.60s  alloc        566.9 MB  Cuda     live     4588.2 MB  "collide:nn_last_partner"
[kp]     24.60s  dealloc      566.9 MB  Cuda     live     4021.3 MB  "collide:nn_last_partner"
[kp]     24.66s  alloc        566.9 MB  Cuda     live     4588.2 MB  "collide:nn_last_partner"
[kp]     24.66s  dealloc      566.9 MB  Cuda     live     4021.3 MB  "collide:nn_last_partner"
[kp]     24.71s  alloc        566.9 MB  Cuda     live     4588.2 MB  "collide:nn_last_partner"
[kp]     24.71s  dealloc      566.9 MB  Cuda     live     4021.3 MB  "collide:nn_last_partner"
[kp]     24.77s  alloc        566.9 MB  Cuda     live     4588.2 MB  "collide:nn_last_partner"
[kp]     24.77s  dealloc      566.9 MB  Cuda     live     4021.3 MB  "collide:nn_last_partner"
[kp]     24.89s  alloc        566.9 MB  Cuda     live     4588.2 MB  "collide:nn_last_partner"
[kp]     24.89s  dealloc      566.9 MB  Cuda     live     4021.3 MB  "collide:nn_last_partner"
[kp]     25.00s  alloc        566.9 MB  Cuda     live     4588.2 MB  "collide:nn_last_partner"
[kp]     25.00s  dealloc      566.9 MB  Cuda     live     4021.3 MB  "collide:nn_last_partner"
[kp]     25.90s  alloc        566.9 MB  Cuda     live     4588.2 MB  "collide:nn_last_partner"
[kp]     25.90s  dealloc      566.9 MB  Cuda     live     4021.3 MB  "collide:nn_last_partner"
[kp]     26.27s  alloc        566.9 MB  Cuda     live     4588.2 MB  "collide:nn_last_partner"
[kp]     26.27s  dealloc      566.9 MB  Cuda     live     4021.3 MB  "collide:nn_last_partner"
[kp]     26.35s  alloc        566.9 MB  Cuda     live     4588.2 MB  "collide:nn_last_partner"
[kp]     26.35s  dealloc      566.9 MB  Cuda     live     4021.3 MB  "collide:nn_last_partner"
[kp]     26.40s  alloc        566.9 MB  Cuda     live     4588.2 MB  "collide:nn_last_partner"
[kp]     26.40s  dealloc      566.9 MB  Cuda     live     4021.3 MB  "collide:nn_last_partner"
[kp]     26.46s  alloc        566.9 MB  Cuda     live     4588.2 MB  "collide:nn_last_partner"
[kp]     26.46s  dealloc      566.9 MB  Cuda     live     4021.3 MB  "collide:nn_last_partner"
[kp]     26.52s  alloc        566.9 MB  Cuda     live     4588.2 MB  "collide:nn_last_partner"
[kp]     26.52s  dealloc      566.9 MB  Cuda     live     4021.3 MB  "collide:nn_last_partner"
[kp]     26.57s  alloc        566.9 MB  Cuda     live     4588.2 MB  "collide:nn_last_partner"
[kp]     26.57s  dealloc      566.9 MB  Cuda     live     4021.3 MB  "collide:nn_last_partner"
[kp]     26.62s  alloc        566.9 MB  Cuda     live     4588.2 MB  "collide:nn_last_partner"
[kp]     26.63s  dealloc      566.9 MB  Cuda     live     4021.3 MB  "collide:nn_last_partner"
[kp]     26.68s  alloc        566.9 MB  Cuda     live     4588.2 MB  "collide:nn_last_partner"
[kp]     26.68s  dealloc      566.9 MB  Cuda     live     4021.3 MB  "collide:nn_last_partner"
[kp]     26.73s  alloc        566.9 MB  Cuda     live     4588.2 MB  "collide:nn_last_partner"
[kp]     26.73s  dealloc      566.9 MB  Cuda     live     4021.3 MB  "collide:nn_last_partner"
[kp]     26.79s  alloc        566.9 MB  Cuda     live     4588.2 MB  "collide:nn_last_partner"
[kp]     26.79s  dealloc      566.9 MB  Cuda     live     4021.3 MB  "collide:nn_last_partner"
[kp]     26.84s  alloc        566.9 MB  Cuda     live     4588.2 MB  "collide:nn_last_partner"
[kp]     26.84s  dealloc      566.9 MB  Cuda     live     4021.3 MB  "collide:nn_last_partner"
[kp]     26.90s  alloc        566.9 MB  Cuda     live     4588.2 MB  "collide:nn_last_partner"
[kp]     26.90s  dealloc      566.9 MB  Cuda     live     4021.3 MB  "collide:nn_last_partner"
[kp]     26.95s  alloc        566.9 MB  Cuda     live     4588.2 MB  "collide:nn_last_partner"
[kp]     26.95s  dealloc      566.9 MB  Cuda     live     4021.3 MB  "collide:nn_last_partner"
[kp]     27.00s  alloc        566.9 MB  Cuda     live     4588.2 MB  "collide:nn_last_partner"
[kp]     27.00s  dealloc      566.9 MB  Cuda     live     4021.3 MB  "collide:nn_last_partner"
[kp]     27.06s  alloc        566.9 MB  Cuda     live     4588.2 MB  "collide:nn_last_partner"
[kp]     27.06s  dealloc      566.9 MB  Cuda     live     4021.3 MB  "collide:nn_last_partner"
[kp]     27.11s  alloc        566.9 MB  Cuda     live     4588.2 MB  "collide:nn_last_partner"
[kp]     27.11s  dealloc      566.9 MB  Cuda     live     4021.3 MB  "collide:nn_last_partner"
[kp]     27.17s  alloc        566.9 MB  Cuda     live     4588.2 MB  "collide:nn_last_partner"
[kp]     27.17s  dealloc      566.9 MB  Cuda     live     4021.3 MB  "collide:nn_last_partner"
[kp]     27.22s  alloc        566.9 MB  Cuda     live     4588.2 MB  "collide:nn_last_partner"
[kp]     27.22s  dealloc      566.9 MB  Cuda     live     4021.3 MB  "collide:nn_last_partner"
[kp]     27.27s  alloc        566.9 MB  Cuda     live     4588.2 MB  "collide:nn_last_partner"
[kp]     27.27s  dealloc      566.9 MB  Cuda     live     4021.3 MB  "collide:nn_last_partner"
[kp]     27.33s  alloc        566.9 MB  Cuda     live     4588.2 MB  "collide:nn_last_partner"
[kp]     27.33s  dealloc      566.9 MB  Cuda     live     4021.3 MB  "collide:nn_last_partner"
[kp]     27.54s  alloc        566.9 MB  Cuda     live     4588.2 MB  "collide:nn_last_partner"
[kp]     27.54s  dealloc      566.9 MB  Cuda     live     4021.3 MB  "collide:nn_last_partner"
[kp]     27.59s  alloc        566.9 MB  Cuda     live     4588.2 MB  "collide:nn_last_partner"
[kp]     27.59s  dealloc      566.9 MB  Cuda     live     4021.3 MB  "collide:nn_last_partner"
[kp]     27.64s  alloc        566.9 MB  Cuda     live     4588.2 MB  "collide:nn_last_partner"
[kp]     27.65s  dealloc      566.9 MB  Cuda     live     4021.3 MB  "collide:nn_last_partner"
[kp]     27.70s  alloc        566.9 MB  Cuda     live     4588.2 MB  "collide:nn_last_partner"
[kp]     27.70s  dealloc      566.9 MB  Cuda     live     4021.3 MB  "collide:nn_last_partner"
[kp]     27.75s  alloc        566.9 MB  Cuda     live     4588.2 MB  "collide:nn_last_partner"
[kp]     27.75s  dealloc      566.9 MB  Cuda     live     4021.3 MB  "collide:nn_last_partner"
[kp]     27.81s  alloc        566.9 MB  Cuda     live     4588.2 MB  "collide:nn_last_partner"
[kp]     27.81s  dealloc      566.9 MB  Cuda     live     4021.3 MB  "collide:nn_last_partner"
[kp]     27.86s  alloc        566.9 MB  Cuda     live     4588.2 MB  "collide:nn_last_partner"
[kp]     27.86s  dealloc      566.9 MB  Cuda     live     4021.3 MB  "collide:nn_last_partner"
[kp]     27.91s  alloc        566.9 MB  Cuda     live     4588.2 MB  "collide:nn_last_partner"
[kp]     27.92s  dealloc      566.9 MB  Cuda     live     4021.3 MB  "collide:nn_last_partner"
[kp]     27.97s  alloc        566.9 MB  Cuda     live     4588.2 MB  "collide:nn_last_partner"
[kp]     27.97s  dealloc      566.9 MB  Cuda     live     4021.3 MB  "collide:nn_last_partner"
[kp]     28.02s  alloc        566.9 MB  Cuda     live     4588.2 MB  "collide:nn_last_partner"
[kp]     28.02s  dealloc      566.9 MB  Cuda     live     4021.3 MB  "collide:nn_last_partner"
[kp]     28.08s  alloc        566.9 MB  Cuda     live     4588.2 MB  "collide:nn_last_partner"
[kp]     28.08s  dealloc      566.9 MB  Cuda     live     4021.3 MB  "collide:nn_last_partner"
[kp]     28.13s  alloc        566.9 MB  Cuda     live     4588.2 MB  "collide:nn_last_partner"
[kp]     28.13s  dealloc      566.9 MB  Cuda     live     4021.3 MB  "collide:nn_last_partner"
[kp]     28.18s  alloc        566.9 MB  Cuda     live     4588.2 MB  "collide:nn_last_partner"
[kp]     28.18s  dealloc      566.9 MB  Cuda     live     4021.3 MB  "collide:nn_last_partner"
[kp]     28.24s  alloc        566.9 MB  Cuda     live     4588.2 MB  "collide:nn_last_partner"
[kp]     28.24s  dealloc      566.9 MB  Cuda     live     4021.3 MB  "collide:nn_last_partner"
[kp]     28.29s  alloc        566.9 MB  Cuda     live     4588.2 MB  "collide:nn_last_partner"
[kp]     28.29s  dealloc      566.9 MB  Cuda     live     4021.3 MB  "collide:nn_last_partner"
[kp]     28.35s  alloc        566.9 MB  Cuda     live     4588.2 MB  "collide:nn_last_partner"
[kp]     28.35s  dealloc      566.9 MB  Cuda     live     4021.3 MB  "collide:nn_last_partner"
[kp]     28.40s  alloc        566.9 MB  Cuda     live     4588.2 MB  "collide:nn_last_partner"
[kp]     28.40s  dealloc      566.9 MB  Cuda     live     4021.3 MB  "collide:nn_last_partner"
[kp]     28.45s  alloc        566.9 MB  Cuda     live     4588.2 MB  "collide:nn_last_partner"
[kp]     28.45s  dealloc      566.9 MB  Cuda     live     4021.3 MB  "collide:nn_last_partner"
[kp]     28.51s  alloc        566.9 MB  Cuda     live     4588.2 MB  "collide:nn_last_partner"
[kp]     28.51s  dealloc      566.9 MB  Cuda     live     4021.3 MB  "collide:nn_last_partner"
[kp]     28.56s  alloc        566.9 MB  Cuda     live     4588.2 MB  "collide:nn_last_partner"
[kp]     28.56s  dealloc      566.9 MB  Cuda     live     4021.3 MB  "collide:nn_last_partner"
[kp]     28.62s  alloc        566.9 MB  Cuda     live     4588.2 MB  "collide:nn_last_partner"
[kp]     28.62s  dealloc      566.9 MB  Cuda     live     4021.3 MB  "collide:nn_last_partner"
[kp]     28.67s  alloc        566.9 MB  Cuda     live     4588.2 MB  "collide:nn_last_partner"
[kp]     28.67s  dealloc      566.9 MB  Cuda     live     4021.3 MB  "collide:nn_last_partner"
[kp]     28.72s  alloc        566.9 MB  Cuda     live     4588.2 MB  "collide:nn_last_partner"
[kp]     28.72s  dealloc      566.9 MB  Cuda     live     4021.3 MB  "collide:nn_last_partner"
[kp]     28.78s  alloc        566.9 MB  Cuda     live     4588.2 MB  "collide:nn_last_partner"
[kp]     28.78s  dealloc      566.9 MB  Cuda     live     4021.3 MB  "collide:nn_last_partner"
[kp]     28.83s  alloc        566.9 MB  Cuda     live     4588.2 MB  "collide:nn_last_partner"
[kp]     28.83s  dealloc      566.9 MB  Cuda     live     4021.3 MB  "collide:nn_last_partner"
[kp]     28.89s  alloc        566.9 MB  Cuda     live     4588.2 MB  "collide:nn_last_partner"
[kp]     28.89s  dealloc      566.9 MB  Cuda     live     4021.3 MB  "collide:nn_last_partner"
[kp]     28.94s  alloc        566.9 MB  Cuda     live     4588.2 MB  "collide:nn_last_partner"
[kp]     28.94s  dealloc      566.9 MB  Cuda     live     4021.3 MB  "collide:nn_last_partner"
[kp]     28.99s  alloc        566.9 MB  Cuda     live     4588.2 MB  "collide:nn_last_partner"
[kp]     28.99s  dealloc      566.9 MB  Cuda     live     4021.3 MB  "collide:nn_last_partner"
[kp]     29.05s  alloc        566.9 MB  Cuda     live     4588.2 MB  "collide:nn_last_partner"
[kp]     29.05s  dealloc      566.9 MB  Cuda     live     4021.3 MB  "collide:nn_last_partner"
[kp]     29.10s  alloc        566.9 MB  Cuda     live     4588.2 MB  "collide:nn_last_partner"
[kp]     29.10s  dealloc      566.9 MB  Cuda     live     4021.3 MB  "collide:nn_last_partner"
[kp]     29.16s  alloc        566.9 MB  Cuda     live     4588.2 MB  "collide:nn_last_partner"
[kp]     29.16s  dealloc      566.9 MB  Cuda     live     4021.3 MB  "collide:nn_last_partner"
[kp]     29.21s  alloc        566.9 MB  Cuda     live     4588.2 MB  "collide:nn_last_partner"
[kp]     29.21s  dealloc      566.9 MB  Cuda     live     4021.3 MB  "collide:nn_last_partner"
[kp]     29.26s  alloc        566.9 MB  Cuda     live     4588.2 MB  "collide:nn_last_partner"
[kp]     29.26s  dealloc      566.9 MB  Cuda     live     4021.3 MB  "collide:nn_last_partner"
[kp]     29.32s  alloc        566.9 MB  Cuda     live     4588.2 MB  "collide:nn_last_partner"
[kp]     29.32s  dealloc      566.9 MB  Cuda     live     4021.3 MB  "collide:nn_last_partner"
[kp]     29.37s  alloc        566.9 MB  Cuda     live     4588.2 MB  "collide:nn_last_partner"
[kp]     29.37s  dealloc      566.9 MB  Cuda     live     4021.3 MB  "collide:nn_last_partner"
[kp]     29.43s  alloc        566.9 MB  Cuda     live     4588.2 MB  "collide:nn_last_partner"
[kp]     29.43s  dealloc      566.9 MB  Cuda     live     4021.3 MB  "collide:nn_last_partner"
[kp]     29.48s  alloc        566.9 MB  Cuda     live     4588.2 MB  "collide:nn_last_partner"
[kp]     29.48s  dealloc      566.9 MB  Cuda     live     4021.3 MB  "collide:nn_last_partner"
[kp]     29.53s  alloc        566.9 MB  Cuda     live     4588.2 MB  "collide:nn_last_partner"
[kp]     29.53s  dealloc      566.9 MB  Cuda     live     4021.3 MB  "collide:nn_last_partner"
[kp]     29.59s  alloc        566.9 MB  Cuda     live     4588.2 MB  "collide:nn_last_partner"
[kp]     29.59s  dealloc      566.9 MB  Cuda     live     4021.3 MB  "collide:nn_last_partner"
[kp]     29.64s  alloc        566.9 MB  Cuda     live     4588.2 MB  "collide:nn_last_partner"
[kp]     29.64s  dealloc      566.9 MB  Cuda     live     4021.3 MB  "collide:nn_last_partner"
[kp]     29.69s  alloc        566.9 MB  Cuda     live     4588.2 MB  "collide:nn_last_partner"
[kp]     29.70s  dealloc      566.9 MB  Cuda     live     4021.3 MB  "collide:nn_last_partner"
[kp]     29.75s  alloc        566.9 MB  Cuda     live     4588.2 MB  "collide:nn_last_partner"
[kp]     29.75s  dealloc      566.9 MB  Cuda     live     4021.3 MB  "collide:nn_last_partner"
[kp]     29.80s  alloc        566.9 MB  Cuda     live     4588.2 MB  "collide:nn_last_partner"
[kp]     29.80s  dealloc      566.9 MB  Cuda     live     4021.3 MB  "collide:nn_last_partner"
[kp]     29.86s  alloc        566.9 MB  Cuda     live     4588.2 MB  "collide:nn_last_partner"
[kp]     29.86s  dealloc      566.9 MB  Cuda     live     4021.3 MB  "collide:nn_last_partner"
[kp]     29.91s  alloc        566.9 MB  Cuda     live     4588.2 MB  "collide:nn_last_partner"
[kp]     29.91s  dealloc      566.9 MB  Cuda     live     4021.3 MB  "collide:nn_last_partner"
[kp]     29.96s  alloc        566.9 MB  Cuda     live     4588.2 MB  "collide:nn_last_partner"
[kp]     29.97s  dealloc      566.9 MB  Cuda     live     4021.3 MB  "collide:nn_last_partner"
[kp]     30.02s  alloc        566.9 MB  Cuda     live     4588.2 MB  "collide:nn_last_partner"
[kp]     30.02s  dealloc      566.9 MB  Cuda     live     4021.3 MB  "collide:nn_last_partner"
[kp]     30.07s  alloc        566.9 MB  Cuda     live     4588.2 MB  "collide:nn_last_partner"
[kp]     30.07s  dealloc      566.9 MB  Cuda     live     4021.3 MB  "collide:nn_last_partner"
[kp]     30.13s  alloc        566.9 MB  Cuda     live     4588.2 MB  "collide:nn_last_partner"
[kp]     30.13s  dealloc      566.9 MB  Cuda     live     4021.3 MB  "collide:nn_last_partner"
[kp]     30.18s  alloc        566.9 MB  Cuda     live     4588.2 MB  "collide:nn_last_partner"
[kp]     30.18s  dealloc      566.9 MB  Cuda     live     4021.3 MB  "collide:nn_last_partner"
[kp]     30.23s  alloc        566.9 MB  Cuda     live     4588.2 MB  "collide:nn_last_partner"
[kp]     30.23s  dealloc      566.9 MB  Cuda     live     4021.3 MB  "collide:nn_last_partner"
[kp]     30.29s  alloc        566.9 MB  Cuda     live     4588.2 MB  "collide:nn_last_partner"
[kp]     30.29s  dealloc      566.9 MB  Cuda     live     4021.3 MB  "collide:nn_last_partner"
[kp]     30.34s  alloc        566.9 MB  Cuda     live     4588.2 MB  "collide:nn_last_partner"
[kp]     30.34s  dealloc      566.9 MB  Cuda     live     4021.3 MB  "collide:nn_last_partner"
[kp]     30.40s  alloc        566.9 MB  Cuda     live     4588.2 MB  "collide:nn_last_partner"
[kp]     30.40s  dealloc      566.9 MB  Cuda     live     4021.3 MB  "collide:nn_last_partner"
[kp]     30.45s  alloc        566.9 MB  Cuda     live     4588.2 MB  "collide:nn_last_partner"
[kp]     30.45s  dealloc      566.9 MB  Cuda     live     4021.3 MB  "collide:nn_last_partner"
[kp]     30.50s  alloc        566.9 MB  Cuda     live     4588.2 MB  "collide:nn_last_partner"
[kp]     30.50s  dealloc      566.9 MB  Cuda     live     4021.3 MB  "collide:nn_last_partner"
[kp]     30.56s  alloc        566.9 MB  Cuda     live     4588.2 MB  "collide:nn_last_partner"
[kp]     30.56s  dealloc      566.9 MB  Cuda     live     4021.3 MB  "collide:nn_last_partner"
[kp]     30.61s  alloc        566.9 MB  Cuda     live     4588.2 MB  "collide:nn_last_partner"
[kp]     30.61s  dealloc      566.9 MB  Cuda     live     4021.3 MB  "collide:nn_last_partner"
[kp]     30.67s  alloc        566.9 MB  Cuda     live     4588.2 MB  "collide:nn_last_partner"
[kp]     30.67s  dealloc      566.9 MB  Cuda     live     4021.3 MB  "collide:nn_last_partner"
[kp]     30.72s  alloc        566.9 MB  Cuda     live     4588.2 MB  "collide:nn_last_partner"
[kp]     30.72s  dealloc      566.9 MB  Cuda     live     4021.3 MB  "collide:nn_last_partner"
     200    18.092031  4.18868e-08    13.962266        3e-09 29854800   100000    59997        0        0    298.10783 
[kp]     30.88s  alloc        566.9 MB  Cuda     live     4588.2 MB  "collide:nn_last_partner"
[kp]     30.88s  dealloc      566.9 MB  Cuda     live     4021.3 MB  "collide:nn_last_partner"
[kp]     30.94s  alloc        566.9 MB  Cuda     live     4588.2 MB  "collide:nn_last_partner"
[kp]     30.94s  dealloc      566.9 MB  Cuda     live     4021.3 MB  "collide:nn_last_partner"
[kp]     30.99s  alloc        566.9 MB  Cuda     live     4588.2 MB  "collide:nn_last_partner"
[kp]     30.99s  dealloc      566.9 MB  Cuda     live     4021.3 MB  "collide:nn_last_partner"
[kp]     31.05s  alloc        566.9 MB  Cuda     live     4588.2 MB  "collide:nn_last_partner"
[kp]     31.05s  dealloc      566.9 MB  Cuda     live     4021.3 MB  "collide:nn_last_partner"
[kp]     31.10s  alloc        566.9 MB  Cuda     live     4588.2 MB  "collide:nn_last_partner"
[kp]     31.10s  dealloc      566.9 MB  Cuda     live     4021.3 MB  "collide:nn_last_partner"
[kp]     31.15s  alloc        566.9 MB  Cuda     live     4588.2 MB  "collide:nn_last_partner"
[kp]     31.15s  dealloc      566.9 MB  Cuda     live     4021.3 MB  "collide:nn_last_partner"
[kp]     31.21s  alloc        566.9 MB  Cuda     live     4588.2 MB  "collide:nn_last_partner"
[kp]     31.21s  dealloc      566.9 MB  Cuda     live     4021.3 MB  "collide:nn_last_partner"
[kp]     31.26s  alloc        566.9 MB  Cuda     live     4588.2 MB  "collide:nn_last_partner"
[kp]     31.26s  dealloc      566.9 MB  Cuda     live     4021.3 MB  "collide:nn_last_partner"
[kp]     31.32s  alloc        566.9 MB  Cuda     live     4588.2 MB  "collide:nn_last_partner"
[kp]     31.32s  dealloc      566.9 MB  Cuda     live     4021.3 MB  "collide:nn_last_partner"
[kp]     31.37s  alloc        566.9 MB  Cuda     live     4588.2 MB  "collide:nn_last_partner"
[kp]     31.37s  dealloc      566.9 MB  Cuda     live     4021.3 MB  "collide:nn_last_partner"
[kp]     31.42s  alloc        566.9 MB  Cuda     live     4588.2 MB  "collide:nn_last_partner"
[kp]     31.42s  dealloc      566.9 MB  Cuda     live     4021.3 MB  "collide:nn_last_partner"
[kp]     31.48s  alloc        566.9 MB  Cuda     live     4588.2 MB  "collide:nn_last_partner"
[kp]     31.48s  dealloc      566.9 MB  Cuda     live     4021.3 MB  "collide:nn_last_partner"
[kp]     31.53s  alloc        566.9 MB  Cuda     live     4588.2 MB  "collide:nn_last_partner"
[kp]     31.53s  dealloc      566.9 MB  Cuda     live     4021.3 MB  "collide:nn_last_partner"
[kp]     31.59s  alloc        566.9 MB  Cuda     live     4588.2 MB  "collide:nn_last_partner"
[kp]     31.59s  dealloc      566.9 MB  Cuda     live     4021.3 MB  "collide:nn_last_partner"
[kp]     31.64s  alloc        566.9 MB  Cuda     live     4588.2 MB  "collide:nn_last_partner"
[kp]     31.64s  dealloc      566.9 MB  Cuda     live     4021.3 MB  "collide:nn_last_partner"
[kp]     31.69s  alloc        566.9 MB  Cuda     live     4588.2 MB  "collide:nn_last_partner"
[kp]     31.69s  dealloc      566.9 MB  Cuda     live     4021.3 MB  "collide:nn_last_partner"
[kp]     31.75s  alloc        566.9 MB  Cuda     live     4588.2 MB  "collide:nn_last_partner"
[kp]     31.75s  dealloc      566.9 MB  Cuda     live     4021.3 MB  "collide:nn_last_partner"
[kp]     31.80s  alloc        566.9 MB  Cuda     live     4588.2 MB  "collide:nn_last_partner"
[kp]     31.80s  dealloc      566.9 MB  Cuda     live     4021.3 MB  "collide:nn_last_partner"
[kp]     31.85s  alloc        566.9 MB  Cuda     live     4588.2 MB  "collide:nn_last_partner"
[kp]     31.86s  dealloc      566.9 MB  Cuda     live     4021.3 MB  "collide:nn_last_partner"
[kp]     31.91s  alloc        566.9 MB  Cuda     live     4588.2 MB  "collide:nn_last_partner"
[kp]     31.91s  dealloc      566.9 MB  Cuda     live     4021.3 MB  "collide:nn_last_partner"
[kp]     31.96s  alloc        566.9 MB  Cuda     live     4588.2 MB  "collide:nn_last_partner"
[kp]     31.96s  dealloc      566.9 MB  Cuda     live     4021.3 MB  "collide:nn_last_partner"
[kp]     32.02s  alloc        566.9 MB  Cuda     live     4588.2 MB  "collide:nn_last_partner"
[kp]     32.02s  dealloc      566.9 MB  Cuda     live     4021.3 MB  "collide:nn_last_partner"
[kp]     32.07s  alloc        566.9 MB  Cuda     live     4588.2 MB  "collide:nn_last_partner"
[kp]     32.07s  dealloc      566.9 MB  Cuda     live     4021.3 MB  "collide:nn_last_partner"
[kp]     32.12s  alloc        566.9 MB  Cuda     live     4588.2 MB  "collide:nn_last_partner"
[kp]     32.12s  dealloc      566.9 MB  Cuda     live     4021.3 MB  "collide:nn_last_partner"
[kp]     32.18s  alloc        566.9 MB  Cuda     live     4588.2 MB  "collide:nn_last_partner"
[kp]     32.18s  dealloc      566.9 MB  Cuda     live     4021.3 MB  "collide:nn_last_partner"
[kp]     32.23s  alloc        566.9 MB  Cuda     live     4588.2 MB  "collide:nn_last_partner"
[kp]     32.23s  dealloc      566.9 MB  Cuda     live     4021.3 MB  "collide:nn_last_partner"
[kp]     32.29s  alloc        566.9 MB  Cuda     live     4588.2 MB  "collide:nn_last_partner"
[kp]     32.29s  dealloc      566.9 MB  Cuda     live     4021.3 MB  "collide:nn_last_partner"
[kp]     32.34s  alloc        566.9 MB  Cuda     live     4588.2 MB  "collide:nn_last_partner"
[kp]     32.34s  dealloc      566.9 MB  Cuda     live     4021.3 MB  "collide:nn_last_partner"
[kp]     32.39s  alloc        566.9 MB  Cuda     live     4588.2 MB  "collide:nn_last_partner"
[kp]     32.39s  dealloc      566.9 MB  Cuda     live     4021.3 MB  "collide:nn_last_partner"
[kp]     32.45s  alloc        566.9 MB  Cuda     live     4588.2 MB  "collide:nn_last_partner"
[kp]     32.45s  dealloc      566.9 MB  Cuda     live     4021.3 MB  "collide:nn_last_partner"
[kp]     32.50s  alloc        566.9 MB  Cuda     live     4588.2 MB  "collide:nn_last_partner"
[kp]     32.50s  dealloc      566.9 MB  Cuda     live     4021.3 MB  "collide:nn_last_partner"
[kp]     32.56s  alloc        566.9 MB  Cuda     live     4588.2 MB  "collide:nn_last_partner"
[kp]     32.56s  dealloc      566.9 MB  Cuda     live     4021.3 MB  "collide:nn_last_partner"
[kp]     32.61s  alloc        566.9 MB  Cuda     live     4588.2 MB  "collide:nn_last_partner"
[kp]     32.61s  dealloc      566.9 MB  Cuda     live     4021.3 MB  "collide:nn_last_partner"
[kp]     32.66s  alloc        566.9 MB  Cuda     live     4588.2 MB  "collide:nn_last_partner"
[kp]     32.66s  dealloc      566.9 MB  Cuda     live     4021.3 MB  "collide:nn_last_partner"
[kp]     32.72s  alloc        566.9 MB  Cuda     live     4588.2 MB  "collide:nn_last_partner"
[kp]     32.72s  dealloc      566.9 MB  Cuda     live     4021.3 MB  "collide:nn_last_partner"
[kp]     32.77s  alloc        566.9 MB  Cuda     live     4588.2 MB  "collide:nn_last_partner"
[kp]     32.77s  dealloc      566.9 MB  Cuda     live     4021.3 MB  "collide:nn_last_partner"
[kp]     32.82s  alloc        566.9 MB  Cuda     live     4588.2 MB  "collide:nn_last_partner"
[kp]     32.83s  dealloc      566.9 MB  Cuda     live     4021.3 MB  "collide:nn_last_partner"
[kp]     32.88s  alloc        566.9 MB  Cuda     live     4588.2 MB  "collide:nn_last_partner"
[kp]     32.88s  dealloc      566.9 MB  Cuda     live     4021.3 MB  "collide:nn_last_partner"
[kp]     32.93s  alloc        566.9 MB  Cuda     live     4588.2 MB  "collide:nn_last_partner"
[kp]     32.93s  dealloc      566.9 MB  Cuda     live     4021.3 MB  "collide:nn_last_partner"
[kp]     32.99s  alloc        566.9 MB  Cuda     live     4588.2 MB  "collide:nn_last_partner"
[kp]     32.99s  dealloc      566.9 MB  Cuda     live     4021.3 MB  "collide:nn_last_partner"
[kp]     33.04s  alloc        566.9 MB  Cuda     live     4588.2 MB  "collide:nn_last_partner"
[kp]     33.04s  dealloc      566.9 MB  Cuda     live     4021.3 MB  "collide:nn_last_partner"
[kp]     33.09s  alloc        566.9 MB  Cuda     live     4588.2 MB  "collide:nn_last_partner"
[kp]     33.09s  dealloc      566.9 MB  Cuda     live     4021.3 MB  "collide:nn_last_partner"
[kp]     33.15s  alloc        566.9 MB  Cuda     live     4588.2 MB  "collide:nn_last_partner"
[kp]     33.15s  dealloc      566.9 MB  Cuda     live     4021.3 MB  "collide:nn_last_partner"
[kp]     33.20s  alloc        566.9 MB  Cuda     live     4588.2 MB  "collide:nn_last_partner"
[kp]     33.20s  dealloc      566.9 MB  Cuda     live     4021.3 MB  "collide:nn_last_partner"
[kp]     33.26s  alloc        566.9 MB  Cuda     live     4588.2 MB  "collide:nn_last_partner"
[kp]     33.26s  dealloc      566.9 MB  Cuda     live     4021.3 MB  "collide:nn_last_partner"
[kp]     33.31s  alloc        566.9 MB  Cuda     live     4588.2 MB  "collide:nn_last_partner"
[kp]     33.31s  dealloc      566.9 MB  Cuda     live     4021.3 MB  "collide:nn_last_partner"
[kp]     33.36s  alloc        566.9 MB  Cuda     live     4588.2 MB  "collide:nn_last_partner"
[kp]     33.36s  dealloc      566.9 MB  Cuda     live     4021.3 MB  "collide:nn_last_partner"
[kp]     33.42s  alloc        566.9 MB  Cuda     live     4588.2 MB  "collide:nn_last_partner"
[kp]     33.42s  dealloc      566.9 MB  Cuda     live     4021.3 MB  "collide:nn_last_partner"
[kp]     33.47s  alloc        566.9 MB  Cuda     live     4588.2 MB  "collide:nn_last_partner"
[kp]     33.47s  dealloc      566.9 MB  Cuda     live     4021.3 MB  "collide:nn_last_partner"
[kp]     33.52s  alloc        566.9 MB  Cuda     live     4588.2 MB  "collide:nn_last_partner"
[kp]     33.53s  dealloc      566.9 MB  Cuda     live     4021.3 MB  "collide:nn_last_partner"
[kp]     33.58s  alloc        566.9 MB  Cuda     live     4588.2 MB  "collide:nn_last_partner"
[kp]     33.58s  dealloc      566.9 MB  Cuda     live     4021.3 MB  "collide:nn_last_partner"
[kp]     33.63s  alloc        566.9 MB  Cuda     live     4588.2 MB  "collide:nn_last_partner"
[kp]     33.63s  dealloc      566.9 MB  Cuda     live     4021.3 MB  "collide:nn_last_partner"
[kp]     33.69s  alloc        566.9 MB  Cuda     live     4588.2 MB  "collide:nn_last_partner"
[kp]     33.69s  dealloc      566.9 MB  Cuda     live     4021.3 MB  "collide:nn_last_partner"
[kp]     33.74s  alloc        566.9 MB  Cuda     live     4588.2 MB  "collide:nn_last_partner"
[kp]     33.74s  dealloc      566.9 MB  Cuda     live     4021.3 MB  "collide:nn_last_partner"
[kp]     33.79s  alloc        566.9 MB  Cuda     live     4588.2 MB  "collide:nn_last_partner"
[kp]     33.79s  dealloc      566.9 MB  Cuda     live     4021.3 MB  "collide:nn_last_partner"
[kp]     33.85s  alloc        566.9 MB  Cuda     live     4588.2 MB  "collide:nn_last_partner"
[kp]     33.85s  dealloc      566.9 MB  Cuda     live     4021.3 MB  "collide:nn_last_partner"
[kp]     33.90s  alloc        566.9 MB  Cuda     live     4588.2 MB  "collide:nn_last_partner"
[kp]     33.90s  dealloc      566.9 MB  Cuda     live     4021.3 MB  "collide:nn_last_partner"
[kp]     33.96s  alloc        566.9 MB  Cuda     live     4588.2 MB  "collide:nn_last_partner"
[kp]     33.96s  dealloc      566.9 MB  Cuda     live     4021.3 MB  "collide:nn_last_partner"
[kp]     34.01s  alloc        566.9 MB  Cuda     live     4588.2 MB  "collide:nn_last_partner"
[kp]     34.01s  dealloc      566.9 MB  Cuda     live     4021.3 MB  "collide:nn_last_partner"
[kp]     34.06s  alloc        566.9 MB  Cuda     live     4588.2 MB  "collide:nn_last_partner"
[kp]     34.06s  dealloc      566.9 MB  Cuda     live     4021.3 MB  "collide:nn_last_partner"
[kp]     34.12s  alloc        566.9 MB  Cuda     live     4588.2 MB  "collide:nn_last_partner"
[kp]     34.12s  dealloc      566.9 MB  Cuda     live     4021.3 MB  "collide:nn_last_partner"
[kp]     34.17s  alloc        566.9 MB  Cuda     live     4588.2 MB  "collide:nn_last_partner"
[kp]     34.17s  dealloc      566.9 MB  Cuda     live     4021.3 MB  "collide:nn_last_partner"
[kp]     34.22s  alloc        566.9 MB  Cuda     live     4588.2 MB  "collide:nn_last_partner"
[kp]     34.23s  dealloc      566.9 MB  Cuda     live     4021.3 MB  "collide:nn_last_partner"
[kp]     34.28s  alloc        566.9 MB  Cuda     live     4588.2 MB  "collide:nn_last_partner"
[kp]     34.28s  dealloc      566.9 MB  Cuda     live     4021.3 MB  "collide:nn_last_partner"
[kp]     34.33s  alloc        566.9 MB  Cuda     live     4588.2 MB  "collide:nn_last_partner"
[kp]     34.33s  dealloc      566.9 MB  Cuda     live     4021.3 MB  "collide:nn_last_partner"
[kp]     34.39s  alloc        566.9 MB  Cuda     live     4588.2 MB  "collide:nn_last_partner"
[kp]     34.39s  dealloc      566.9 MB  Cuda     live     4021.3 MB  "collide:nn_last_partner"
[kp]     34.44s  alloc        566.9 MB  Cuda     live     4588.2 MB  "collide:nn_last_partner"
[kp]     34.44s  dealloc      566.9 MB  Cuda     live     4021.3 MB  "collide:nn_last_partner"
[kp]     34.49s  alloc        566.9 MB  Cuda     live     4588.2 MB  "collide:nn_last_partner"
[kp]     34.49s  dealloc      566.9 MB  Cuda     live     4021.3 MB  "collide:nn_last_partner"
[kp]     34.55s  alloc        566.9 MB  Cuda     live     4588.2 MB  "collide:nn_last_partner"
[kp]     34.55s  dealloc      566.9 MB  Cuda     live     4021.3 MB  "collide:nn_last_partner"
[kp]     34.60s  alloc        566.9 MB  Cuda     live     4588.2 MB  "collide:nn_last_partner"
[kp]     34.60s  dealloc      566.9 MB  Cuda     live     4021.3 MB  "collide:nn_last_partner"
[kp]     34.66s  alloc        566.9 MB  Cuda     live     4588.2 MB  "collide:nn_last_partner"
[kp]     34.66s  dealloc      566.9 MB  Cuda     live     4021.3 MB  "collide:nn_last_partner"
[kp]     34.71s  alloc        566.9 MB  Cuda     live     4588.2 MB  "collide:nn_last_partner"
[kp]     34.71s  dealloc      566.9 MB  Cuda     live     4021.3 MB  "collide:nn_last_partner"
[kp]     34.76s  alloc        566.9 MB  Cuda     live     4588.2 MB  "collide:nn_last_partner"
[kp]     34.76s  dealloc      566.9 MB  Cuda     live     4021.3 MB  "collide:nn_last_partner"
[kp]     34.82s  alloc        566.9 MB  Cuda     live     4588.2 MB  "collide:nn_last_partner"
[kp]     34.82s  dealloc      566.9 MB  Cuda     live     4021.3 MB  "collide:nn_last_partner"
[kp]     34.87s  alloc        566.9 MB  Cuda     live     4588.2 MB  "collide:nn_last_partner"
[kp]     34.87s  dealloc      566.9 MB  Cuda     live     4021.3 MB  "collide:nn_last_partner"
[kp]     34.92s  alloc        566.9 MB  Cuda     live     4588.2 MB  "collide:nn_last_partner"
[kp]     34.93s  dealloc      566.9 MB  Cuda     live     4021.3 MB  "collide:nn_last_partner"
[kp]     34.98s  alloc        566.9 MB  Cuda     live     4588.2 MB  "collide:nn_last_partner"
[kp]     34.98s  dealloc      566.9 MB  Cuda     live     4021.3 MB  "collide:nn_last_partner"
[kp]     35.03s  alloc        566.9 MB  Cuda     live     4588.2 MB  "collide:nn_last_partner"
[kp]     35.03s  dealloc      566.9 MB  Cuda     live     4021.3 MB  "collide:nn_last_partner"
[kp]     35.09s  alloc        566.9 MB  Cuda     live     4588.2 MB  "collide:nn_last_partner"
[kp]     35.09s  dealloc      566.9 MB  Cuda     live     4021.3 MB  "collide:nn_last_partner"
[kp]     35.14s  alloc        566.9 MB  Cuda     live     4588.2 MB  "collide:nn_last_partner"
[kp]     35.14s  dealloc      566.9 MB  Cuda     live     4021.3 MB  "collide:nn_last_partner"
[kp]     35.19s  alloc        566.9 MB  Cuda     live     4588.2 MB  "collide:nn_last_partner"
[kp]     35.19s  dealloc      566.9 MB  Cuda     live     4021.3 MB  "collide:nn_last_partner"
[kp]     35.25s  alloc        566.9 MB  Cuda     live     4588.2 MB  "collide:nn_last_partner"
[kp]     35.25s  dealloc      566.9 MB  Cuda     live     4021.3 MB  "collide:nn_last_partner"
[kp]     35.30s  alloc        566.9 MB  Cuda     live     4588.2 MB  "collide:nn_last_partner"
[kp]     35.30s  dealloc      566.9 MB  Cuda     live     4021.3 MB  "collide:nn_last_partner"
[kp]     35.36s  alloc        566.9 MB  Cuda     live     4588.2 MB  "collide:nn_last_partner"
[kp]     35.36s  dealloc      566.9 MB  Cuda     live     4021.3 MB  "collide:nn_last_partner"
[kp]     35.41s  alloc        566.9 MB  Cuda     live     4588.2 MB  "collide:nn_last_partner"
[kp]     35.41s  dealloc      566.9 MB  Cuda     live     4021.3 MB  "collide:nn_last_partner"
[kp]     35.46s  alloc        566.9 MB  Cuda     live     4588.2 MB  "collide:nn_last_partner"
[kp]     35.46s  dealloc      566.9 MB  Cuda     live     4021.3 MB  "collide:nn_last_partner"
[kp]     35.52s  alloc        566.9 MB  Cuda     live     4588.2 MB  "collide:nn_last_partner"
[kp]     35.52s  dealloc      566.9 MB  Cuda     live     4021.3 MB  "collide:nn_last_partner"
[kp]     35.57s  alloc        566.9 MB  Cuda     live     4588.2 MB  "collide:nn_last_partner"
[kp]     35.57s  dealloc      566.9 MB  Cuda     live     4021.3 MB  "collide:nn_last_partner"
[kp]     35.62s  alloc        566.9 MB  Cuda     live     4588.2 MB  "collide:nn_last_partner"
[kp]     35.63s  dealloc      566.9 MB  Cuda     live     4021.3 MB  "collide:nn_last_partner"
[kp]     35.68s  alloc        566.9 MB  Cuda     live     4588.2 MB  "collide:nn_last_partner"
[kp]     35.68s  dealloc      566.9 MB  Cuda     live     4021.3 MB  "collide:nn_last_partner"
[kp]     35.73s  alloc        566.9 MB  Cuda     live     4588.2 MB  "collide:nn_last_partner"
[kp]     35.73s  dealloc      566.9 MB  Cuda     live     4021.3 MB  "collide:nn_last_partner"
[kp]     35.79s  alloc        566.9 MB  Cuda     live     4588.2 MB  "collide:nn_last_partner"
[kp]     35.79s  dealloc      566.9 MB  Cuda     live     4021.3 MB  "collide:nn_last_partner"
[kp]     35.84s  alloc        566.9 MB  Cuda     live     4588.2 MB  "collide:nn_last_partner"
[kp]     35.84s  dealloc      566.9 MB  Cuda     live     4021.3 MB  "collide:nn_last_partner"
[kp]     35.89s  alloc        566.9 MB  Cuda     live     4588.2 MB  "collide:nn_last_partner"
[kp]     35.89s  dealloc      566.9 MB  Cuda     live     4021.3 MB  "collide:nn_last_partner"
[kp]     35.95s  alloc        566.9 MB  Cuda     live     4588.2 MB  "collide:nn_last_partner"
[kp]     35.95s  dealloc      566.9 MB  Cuda     live     4021.3 MB  "collide:nn_last_partner"
[kp]     36.00s  alloc        566.9 MB  Cuda     live     4588.2 MB  "collide:nn_last_partner"
[kp]     36.00s  dealloc      566.9 MB  Cuda     live     4021.3 MB  "collide:nn_last_partner"
[kp]     36.05s  alloc        566.9 MB  Cuda     live     4588.2 MB  "collide:nn_last_partner"
[kp]     36.06s  dealloc      566.9 MB  Cuda     live     4021.3 MB  "collide:nn_last_partner"
[kp]     36.11s  alloc        566.9 MB  Cuda     live     4588.2 MB  "collide:nn_last_partner"
[kp]     36.11s  dealloc      566.9 MB  Cuda     live     4021.3 MB  "collide:nn_last_partner"
[kp]     36.16s  alloc        566.9 MB  Cuda     live     4588.2 MB  "collide:nn_last_partner"
[kp]     36.16s  dealloc      566.9 MB  Cuda     live     4021.3 MB  "collide:nn_last_partner"
[kp]     36.22s  alloc        566.9 MB  Cuda     live     4588.2 MB  "collide:nn_last_partner"
[kp]     36.22s  dealloc      566.9 MB  Cuda     live     4021.3 MB  "collide:nn_last_partner"
     300    23.588715 5.4578359e-08    18.192786        3e-09 29766143   102142    59897        0        0    297.34061 
[kp]     36.38s  alloc        566.9 MB  Cuda     live     4588.2 MB  "collide:nn_last_partner"
[kp]     36.38s  dealloc      566.9 MB  Cuda     live     4021.3 MB  "collide:nn_last_partner"
[kp]     36.43s  alloc        566.9 MB  Cuda     live     4588.2 MB  "collide:nn_last_partner"
[kp]     36.43s  dealloc      566.9 MB  Cuda     live     4021.3 MB  "collide:nn_last_partner"
[kp]     36.49s  alloc        566.9 MB  Cuda     live     4588.2 MB  "collide:nn_last_partner"
[kp]     36.49s  dealloc      566.9 MB  Cuda     live     4021.3 MB  "collide:nn_last_partner"
[kp]     36.54s  alloc        566.9 MB  Cuda     live     4588.2 MB  "collide:nn_last_partner"
[kp]     36.54s  dealloc      566.9 MB  Cuda     live     4021.3 MB  "collide:nn_last_partner"
[kp]     36.60s  alloc        566.9 MB  Cuda     live     4588.2 MB  "collide:nn_last_partner"
[kp]     36.60s  dealloc      566.9 MB  Cuda     live     4021.3 MB  "collide:nn_last_partner"
[kp]     36.65s  alloc        566.9 MB  Cuda     live     4588.2 MB  "collide:nn_last_partner"
[kp]     36.65s  dealloc      566.9 MB  Cuda     live     4021.3 MB  "collide:nn_last_partner"
[kp]     36.70s  alloc        566.9 MB  Cuda     live     4588.2 MB  "collide:nn_last_partner"
[kp]     36.70s  dealloc      566.9 MB  Cuda     live     4021.3 MB  "collide:nn_last_partner"
[kp]     36.76s  alloc        566.9 MB  Cuda     live     4588.2 MB  "collide:nn_last_partner"
[kp]     36.76s  dealloc      566.9 MB  Cuda     live     4021.3 MB  "collide:nn_last_partner"
[kp]     36.81s  alloc        566.9 MB  Cuda     live     4588.2 MB  "collide:nn_last_partner"
[kp]     36.81s  dealloc      566.9 MB  Cuda     live     4021.3 MB  "collide:nn_last_partner"
[kp]     36.86s  alloc        566.9 MB  Cuda     live     4588.2 MB  "collide:nn_last_partner"
[kp]     36.87s  dealloc      566.9 MB  Cuda     live     4021.3 MB  "collide:nn_last_partner"
[kp]     36.92s  alloc        566.9 MB  Cuda     live     4588.2 MB  "collide:nn_last_partner"
[kp]     36.92s  dealloc      566.9 MB  Cuda     live     4021.3 MB  "collide:nn_last_partner"
[kp]     36.97s  alloc        566.9 MB  Cuda     live     4588.2 MB  "collide:nn_last_partner"
[kp]     36.97s  dealloc      566.9 MB  Cuda     live     4021.3 MB  "collide:nn_last_partner"
[kp]     37.03s  alloc        566.9 MB  Cuda     live     4588.2 MB  "collide:nn_last_partner"
[kp]     37.03s  dealloc      566.9 MB  Cuda     live     4021.3 MB  "collide:nn_last_partner"
[kp]     37.08s  alloc        566.9 MB  Cuda     live     4588.2 MB  "collide:nn_last_partner"
[kp]     37.08s  dealloc      566.9 MB  Cuda     live     4021.3 MB  "collide:nn_last_partner"
[kp]     37.13s  alloc        566.9 MB  Cuda     live     4588.2 MB  "collide:nn_last_partner"
[kp]     37.13s  dealloc      566.9 MB  Cuda     live     4021.3 MB  "collide:nn_last_partner"
[kp]     37.19s  alloc        566.9 MB  Cuda     live     4588.2 MB  "collide:nn_last_partner"
[kp]     37.19s  dealloc      566.9 MB  Cuda     live     4021.3 MB  "collide:nn_last_partner"
[kp]     37.24s  alloc        566.9 MB  Cuda     live     4588.2 MB  "collide:nn_last_partner"
[kp]     37.24s  dealloc      566.9 MB  Cuda     live     4021.3 MB  "collide:nn_last_partner"
[kp]     37.30s  alloc        566.9 MB  Cuda     live     4588.2 MB  "collide:nn_last_partner"
[kp]     37.30s  dealloc      566.9 MB  Cuda     live     4021.3 MB  "collide:nn_last_partner"
[kp]     37.35s  alloc        566.9 MB  Cuda     live     4588.2 MB  "collide:nn_last_partner"
[kp]     37.35s  dealloc      566.9 MB  Cuda     live     4021.3 MB  "collide:nn_last_partner"
[kp]     37.40s  alloc        566.9 MB  Cuda     live     4588.2 MB  "collide:nn_last_partner"
[kp]     37.40s  dealloc      566.9 MB  Cuda     live     4021.3 MB  "collide:nn_last_partner"
[kp]     37.46s  alloc        566.9 MB  Cuda     live     4588.2 MB  "collide:nn_last_partner"
[kp]     37.46s  dealloc      566.9 MB  Cuda     live     4021.3 MB  "collide:nn_last_partner"
[kp]     37.51s  alloc        566.9 MB  Cuda     live     4588.2 MB  "collide:nn_last_partner"
[kp]     37.51s  dealloc      566.9 MB  Cuda     live     4021.3 MB  "collide:nn_last_partner"
[kp]     37.56s  alloc        566.9 MB  Cuda     live     4588.2 MB  "collide:nn_last_partner"
[kp]     37.56s  dealloc      566.9 MB  Cuda     live     4021.3 MB  "collide:nn_last_partner"
[kp]     37.62s  alloc        566.9 MB  Cuda     live     4588.2 MB  "collide:nn_last_partner"
[kp]     37.62s  dealloc      566.9 MB  Cuda     live     4021.3 MB  "collide:nn_last_partner"
[kp]     37.67s  alloc        566.9 MB  Cuda     live     4588.2 MB  "collide:nn_last_partner"
[kp]     37.67s  dealloc      566.9 MB  Cuda     live     4021.3 MB  "collide:nn_last_partner"
[kp]     37.73s  alloc        566.9 MB  Cuda     live     4588.2 MB  "collide:nn_last_partner"
[kp]     37.73s  dealloc      566.9 MB  Cuda     live     4021.3 MB  "collide:nn_last_partner"
[kp]     37.78s  alloc        566.9 MB  Cuda     live     4588.2 MB  "collide:nn_last_partner"
[kp]     37.78s  dealloc      566.9 MB  Cuda     live     4021.3 MB  "collide:nn_last_partner"
[kp]     37.83s  alloc        566.9 MB  Cuda     live     4588.2 MB  "collide:nn_last_partner"
[kp]     37.83s  dealloc      566.9 MB  Cuda     live     4021.3 MB  "collide:nn_last_partner"
[kp]     37.89s  alloc        566.9 MB  Cuda     live     4588.2 MB  "collide:nn_last_partner"
[kp]     37.89s  dealloc      566.9 MB  Cuda     live     4021.3 MB  "collide:nn_last_partner"
[kp]     37.94s  alloc        566.9 MB  Cuda     live     4588.2 MB  "collide:nn_last_partner"
[kp]     37.94s  dealloc      566.9 MB  Cuda     live     4021.3 MB  "collide:nn_last_partner"
[kp]     37.99s  alloc        566.9 MB  Cuda     live     4588.2 MB  "collide:nn_last_partner"
[kp]     37.99s  dealloc      566.9 MB  Cuda     live     4021.3 MB  "collide:nn_last_partner"
[kp]     38.05s  alloc        566.9 MB  Cuda     live     4588.2 MB  "collide:nn_last_partner"
[kp]     38.05s  dealloc      566.9 MB  Cuda     live     4021.3 MB  "collide:nn_last_partner"
[kp]     38.10s  alloc        566.9 MB  Cuda     live     4588.2 MB  "collide:nn_last_partner"
[kp]     38.10s  dealloc      566.9 MB  Cuda     live     4021.3 MB  "collide:nn_last_partner"
[kp]     38.16s  alloc        566.9 MB  Cuda     live     4588.2 MB  "collide:nn_last_partner"
[kp]     38.16s  dealloc      566.9 MB  Cuda     live     4021.3 MB  "collide:nn_last_partner"
[kp]     38.21s  alloc        566.9 MB  Cuda     live     4588.2 MB  "collide:nn_last_partner"
[kp]     38.21s  dealloc      566.9 MB  Cuda     live     4021.3 MB  "collide:nn_last_partner"
[kp]     38.26s  alloc        566.9 MB  Cuda     live     4588.2 MB  "collide:nn_last_partner"
[kp]     38.26s  dealloc      566.9 MB  Cuda     live     4021.3 MB  "collide:nn_last_partner"
[kp]     38.32s  alloc        566.9 MB  Cuda     live     4588.2 MB  "collide:nn_last_partner"
[kp]     38.32s  dealloc      566.9 MB  Cuda     live     4021.3 MB  "collide:nn_last_partner"
[kp]     38.37s  alloc        566.9 MB  Cuda     live     4588.2 MB  "collide:nn_last_partner"
[kp]     38.37s  dealloc      566.9 MB  Cuda     live     4021.3 MB  "collide:nn_last_partner"
[kp]     38.42s  alloc        566.9 MB  Cuda     live     4588.2 MB  "collide:nn_last_partner"
[kp]     38.43s  dealloc      566.9 MB  Cuda     live     4021.3 MB  "collide:nn_last_partner"
[kp]     38.48s  alloc        566.9 MB  Cuda     live     4588.2 MB  "collide:nn_last_partner"
[kp]     38.48s  dealloc      566.9 MB  Cuda     live     4021.3 MB  "collide:nn_last_partner"
[kp]     38.53s  alloc        566.9 MB  Cuda     live     4588.2 MB  "collide:nn_last_partner"
[kp]     38.53s  dealloc      566.9 MB  Cuda     live     4021.3 MB  "collide:nn_last_partner"
[kp]     38.59s  alloc        566.9 MB  Cuda     live     4588.2 MB  "collide:nn_last_partner"
[kp]     38.59s  dealloc      566.9 MB  Cuda     live     4021.3 MB  "collide:nn_last_partner"
[kp]     38.64s  alloc        566.9 MB  Cuda     live     4588.2 MB  "collide:nn_last_partner"
[kp]     38.64s  dealloc      566.9 MB  Cuda     live     4021.3 MB  "collide:nn_last_partner"
[kp]     38.69s  alloc        566.9 MB  Cuda     live     4588.2 MB  "collide:nn_last_partner"
[kp]     38.69s  dealloc      566.9 MB  Cuda     live     4021.3 MB  "collide:nn_last_partner"
[kp]     38.75s  alloc        566.9 MB  Cuda     live     4588.2 MB  "collide:nn_last_partner"
[kp]     38.75s  dealloc      566.9 MB  Cuda     live     4021.3 MB  "collide:nn_last_partner"
[kp]     38.80s  alloc        566.9 MB  Cuda     live     4588.2 MB  "collide:nn_last_partner"
[kp]     38.80s  dealloc      566.9 MB  Cuda     live     4021.3 MB  "collide:nn_last_partner"
[kp]     38.85s  alloc        566.9 MB  Cuda     live     4588.2 MB  "collide:nn_last_partner"
[kp]     38.86s  dealloc      566.9 MB  Cuda     live     4021.3 MB  "collide:nn_last_partner"
[kp]     38.91s  alloc        566.9 MB  Cuda     live     4588.2 MB  "collide:nn_last_partner"
[kp]     38.91s  dealloc      566.9 MB  Cuda     live     4021.3 MB  "collide:nn_last_partner"
[kp]     38.96s  alloc        566.9 MB  Cuda     live     4588.2 MB  "collide:nn_last_partner"
[kp]     38.96s  dealloc      566.9 MB  Cuda     live     4021.3 MB  "collide:nn_last_partner"
[kp]     39.02s  alloc        566.9 MB  Cuda     live     4588.2 MB  "collide:nn_last_partner"
[kp]     39.02s  dealloc      566.9 MB  Cuda     live     4021.3 MB  "collide:nn_last_partner"
[kp]     39.07s  alloc        566.9 MB  Cuda     live     4588.2 MB  "collide:nn_last_partner"
[kp]     39.07s  dealloc      566.9 MB  Cuda     live     4021.3 MB  "collide:nn_last_partner"
[kp]     39.12s  alloc        566.9 MB  Cuda     live     4588.2 MB  "collide:nn_last_partner"
[kp]     39.12s  dealloc      566.9 MB  Cuda     live     4021.3 MB  "collide:nn_last_partner"
[kp]     39.18s  alloc        566.9 MB  Cuda     live     4588.2 MB  "collide:nn_last_partner"
[kp]     39.18s  dealloc      566.9 MB  Cuda     live     4021.3 MB  "collide:nn_last_partner"
[kp]     39.23s  alloc        566.9 MB  Cuda     live     4588.2 MB  "collide:nn_last_partner"
[kp]     39.23s  dealloc      566.9 MB  Cuda     live     4021.3 MB  "collide:nn_last_partner"
[kp]     39.28s  alloc        566.9 MB  Cuda     live     4588.2 MB  "collide:nn_last_partner"
[kp]     39.29s  dealloc      566.9 MB  Cuda     live     4021.3 MB  "collide:nn_last_partner"
[kp]     39.34s  alloc        566.9 MB  Cuda     live     4588.2 MB  "collide:nn_last_partner"
[kp]     39.34s  dealloc      566.9 MB  Cuda     live     4021.3 MB  "collide:nn_last_partner"
[kp]     39.39s  alloc        566.9 MB  Cuda     live     4588.2 MB  "collide:nn_last_partner"
[kp]     39.39s  dealloc      566.9 MB  Cuda     live     4021.3 MB  "collide:nn_last_partner"
[kp]     39.45s  alloc        566.9 MB  Cuda     live     4588.2 MB  "collide:nn_last_partner"
[kp]     39.45s  dealloc      566.9 MB  Cuda     live     4021.3 MB  "collide:nn_last_partner"
[kp]     39.50s  alloc        566.9 MB  Cuda     live     4588.2 MB  "collide:nn_last_partner"
[kp]     39.50s  dealloc      566.9 MB  Cuda     live     4021.3 MB  "collide:nn_last_partner"
[kp]     39.55s  alloc        566.9 MB  Cuda     live     4588.2 MB  "collide:nn_last_partner"
[kp]     39.55s  dealloc      566.9 MB  Cuda     live     4021.3 MB  "collide:nn_last_partner"
[kp]     39.61s  alloc        566.9 MB  Cuda     live     4588.2 MB  "collide:nn_last_partner"
[kp]     39.61s  dealloc      566.9 MB  Cuda     live     4021.3 MB  "collide:nn_last_partner"
[kp]     39.66s  alloc        566.9 MB  Cuda     live     4588.2 MB  "collide:nn_last_partner"
[kp]     39.66s  dealloc      566.9 MB  Cuda     live     4021.3 MB  "collide:nn_last_partner"
[kp]     39.71s  alloc        566.9 MB  Cuda     live     4588.2 MB  "collide:nn_last_partner"
[kp]     39.71s  dealloc      566.9 MB  Cuda     live     4021.3 MB  "collide:nn_last_partner"
[kp]     39.77s  alloc        566.9 MB  Cuda     live     4588.2 MB  "collide:nn_last_partner"
[kp]     39.77s  dealloc      566.9 MB  Cuda     live     4021.3 MB  "collide:nn_last_partner"
[kp]     39.82s  alloc        566.9 MB  Cuda     live     4588.2 MB  "collide:nn_last_partner"
[kp]     39.82s  dealloc      566.9 MB  Cuda     live     4021.3 MB  "collide:nn_last_partner"
[kp]     39.88s  alloc        566.9 MB  Cuda     live     4588.2 MB  "collide:nn_last_partner"
[kp]     39.88s  dealloc      566.9 MB  Cuda     live     4021.3 MB  "collide:nn_last_partner"
[kp]     39.93s  alloc        566.9 MB  Cuda     live     4588.2 MB  "collide:nn_last_partner"
[kp]     39.93s  dealloc      566.9 MB  Cuda     live     4021.3 MB  "collide:nn_last_partner"
[kp]     39.98s  alloc        566.9 MB  Cuda     live     4588.2 MB  "collide:nn_last_partner"
[kp]     39.98s  dealloc      566.9 MB  Cuda     live     4021.3 MB  "collide:nn_last_partner"
[kp]     40.04s  alloc        566.9 MB  Cuda     live     4588.2 MB  "collide:nn_last_partner"
[kp]     40.04s  dealloc      566.9 MB  Cuda     live     4021.3 MB  "collide:nn_last_partner"
[kp]     40.09s  alloc        566.9 MB  Cuda     live     4588.2 MB  "collide:nn_last_partner"
[kp]     40.09s  dealloc      566.9 MB  Cuda     live     4021.3 MB  "collide:nn_last_partner"
[kp]     40.14s  alloc        566.9 MB  Cuda     live     4588.2 MB  "collide:nn_last_partner"
[kp]     40.14s  dealloc      566.9 MB  Cuda     live     4021.3 MB  "collide:nn_last_partner"
[kp]     40.20s  alloc        566.9 MB  Cuda     live     4588.2 MB  "collide:nn_last_partner"
[kp]     40.20s  dealloc      566.9 MB  Cuda     live     4021.3 MB  "collide:nn_last_partner"
[kp]     40.25s  alloc        566.9 MB  Cuda     live     4588.2 MB  "collide:nn_last_partner"
[kp]     40.25s  dealloc      566.9 MB  Cuda     live     4021.3 MB  "collide:nn_last_partner"
[kp]     40.30s  alloc        566.9 MB  Cuda     live     4588.2 MB  "collide:nn_last_partner"
[kp]     40.31s  dealloc      566.9 MB  Cuda     live     4021.3 MB  "collide:nn_last_partner"
[kp]     40.36s  alloc        566.9 MB  Cuda     live     4588.2 MB  "collide:nn_last_partner"
[kp]     40.36s  dealloc      566.9 MB  Cuda     live     4021.3 MB  "collide:nn_last_partner"
[kp]     40.41s  alloc        566.9 MB  Cuda     live     4588.2 MB  "collide:nn_last_partner"
[kp]     40.41s  dealloc      566.9 MB  Cuda     live     4021.3 MB  "collide:nn_last_partner"
[kp]     40.47s  alloc        566.9 MB  Cuda     live     4588.2 MB  "collide:nn_last_partner"
[kp]     40.47s  dealloc      566.9 MB  Cuda     live     4021.3 MB  "collide:nn_last_partner"
[kp]     40.52s  alloc        566.9 MB  Cuda     live     4588.2 MB  "collide:nn_last_partner"
[kp]     40.52s  dealloc      566.9 MB  Cuda     live     4021.3 MB  "collide:nn_last_partner"
[kp]     40.57s  alloc        566.9 MB  Cuda     live     4588.2 MB  "collide:nn_last_partner"
[kp]     40.57s  dealloc      566.9 MB  Cuda     live     4021.3 MB  "collide:nn_last_partner"
[kp]     40.63s  alloc        566.9 MB  Cuda     live     4588.2 MB  "collide:nn_last_partner"
[kp]     40.63s  dealloc      566.9 MB  Cuda     live     4021.3 MB  "collide:nn_last_partner"
[kp]     40.68s  alloc        566.9 MB  Cuda     live     4588.2 MB  "collide:nn_last_partner"
[kp]     40.68s  dealloc      566.9 MB  Cuda     live     4021.3 MB  "collide:nn_last_partner"
[kp]     40.73s  alloc        566.9 MB  Cuda     live     4588.2 MB  "collide:nn_last_partner"
[kp]     40.74s  dealloc      566.9 MB  Cuda     live     4021.3 MB  "collide:nn_last_partner"
[kp]     40.79s  alloc        566.9 MB  Cuda     live     4588.2 MB  "collide:nn_last_partner"
[kp]     40.79s  dealloc      566.9 MB  Cuda     live     4021.3 MB  "collide:nn_last_partner"
[kp]     40.84s  alloc        566.9 MB  Cuda     live     4588.2 MB  "collide:nn_last_partner"
[kp]     40.84s  dealloc      566.9 MB  Cuda     live     4021.3 MB  "collide:nn_last_partner"
[kp]     40.90s  alloc        566.9 MB  Cuda     live     4588.2 MB  "collide:nn_last_partner"
[kp]     40.90s  dealloc      566.9 MB  Cuda     live     4021.3 MB  "collide:nn_last_partner"
[kp]     40.95s  alloc        566.9 MB  Cuda     live     4588.2 MB  "collide:nn_last_partner"
[kp]     40.95s  dealloc      566.9 MB  Cuda     live     4021.3 MB  "collide:nn_last_partner"
[kp]     41.00s  alloc        566.9 MB  Cuda     live     4588.2 MB  "collide:nn_last_partner"
[kp]     41.00s  dealloc      566.9 MB  Cuda     live     4021.3 MB  "collide:nn_last_partner"
[kp]     41.06s  alloc        566.9 MB  Cuda     live     4588.2 MB  "collide:nn_last_partner"
[kp]     41.06s  dealloc      566.9 MB  Cuda     live     4021.3 MB  "collide:nn_last_partner"
[kp]     41.11s  alloc        566.9 MB  Cuda     live     4588.2 MB  "collide:nn_last_partner"
[kp]     41.11s  dealloc      566.9 MB  Cuda     live     4021.3 MB  "collide:nn_last_partner"
[kp]     41.16s  alloc        566.9 MB  Cuda     live     4588.2 MB  "collide:nn_last_partner"
[kp]     41.16s  dealloc      566.9 MB  Cuda     live     4021.3 MB  "collide:nn_last_partner"
[kp]     41.22s  alloc        566.9 MB  Cuda     live     4588.2 MB  "collide:nn_last_partner"
[kp]     41.22s  dealloc      566.9 MB  Cuda     live     4021.3 MB  "collide:nn_last_partner"
[kp]     41.27s  alloc        566.9 MB  Cuda     live     4588.2 MB  "collide:nn_last_partner"
[kp]     41.27s  dealloc      566.9 MB  Cuda     live     4021.3 MB  "collide:nn_last_partner"
[kp]     41.32s  alloc        566.9 MB  Cuda     live     4588.2 MB  "collide:nn_last_partner"
[kp]     41.33s  dealloc      566.9 MB  Cuda     live     4021.3 MB  "collide:nn_last_partner"
[kp]     41.38s  alloc        566.9 MB  Cuda     live     4588.2 MB  "collide:nn_last_partner"
[kp]     41.38s  dealloc      566.9 MB  Cuda     live     4021.3 MB  "collide:nn_last_partner"
[kp]     41.43s  alloc        566.9 MB  Cuda     live     4588.2 MB  "collide:nn_last_partner"
[kp]     41.43s  dealloc      566.9 MB  Cuda     live     4021.3 MB  "collide:nn_last_partner"
[kp]     41.49s  alloc        566.9 MB  Cuda     live     4588.2 MB  "collide:nn_last_partner"
[kp]     41.49s  dealloc      566.9 MB  Cuda     live     4021.3 MB  "collide:nn_last_partner"
[kp]     41.54s  alloc        566.9 MB  Cuda     live     4588.2 MB  "collide:nn_last_partner"
[kp]     41.54s  dealloc      566.9 MB  Cuda     live     4021.3 MB  "collide:nn_last_partner"
[kp]     41.59s  alloc        566.9 MB  Cuda     live     4588.2 MB  "collide:nn_last_partner"
[kp]     41.59s  dealloc      566.9 MB  Cuda     live     4021.3 MB  "collide:nn_last_partner"
[kp]     41.65s  alloc        566.9 MB  Cuda     live     4588.2 MB  "collide:nn_last_partner"
[kp]     41.65s  dealloc      566.9 MB  Cuda     live     4021.3 MB  "collide:nn_last_partner"
[kp]     41.70s  alloc        566.9 MB  Cuda     live     4588.2 MB  "collide:nn_last_partner"
[kp]     41.70s  dealloc      566.9 MB  Cuda     live     4021.3 MB  "collide:nn_last_partner"
     400     29.07269 5.4704851e-08     18.23495        3e-09 29672866   102855    58943        0        0    296.73446 
[kp]     41.86s  alloc        566.9 MB  Cuda     live     4588.2 MB  "collide:nn_last_partner"
[kp]     41.86s  dealloc      566.9 MB  Cuda     live     4021.3 MB  "collide:nn_last_partner"
[kp]     41.92s  alloc        566.9 MB  Cuda     live     4588.2 MB  "collide:nn_last_partner"
[kp]     41.92s  dealloc      566.9 MB  Cuda     live     4021.3 MB  "collide:nn_last_partner"
[kp]     41.97s  alloc        566.9 MB  Cuda     live     4588.2 MB  "collide:nn_last_partner"
[kp]     41.97s  dealloc      566.9 MB  Cuda     live     4021.3 MB  "collide:nn_last_partner"
[kp]     42.03s  alloc        566.9 MB  Cuda     live     4588.2 MB  "collide:nn_last_partner"
[kp]     42.03s  dealloc      566.9 MB  Cuda     live     4021.3 MB  "collide:nn_last_partner"
[kp]     42.08s  alloc        566.9 MB  Cuda     live     4588.2 MB  "collide:nn_last_partner"
[kp]     42.08s  dealloc      566.9 MB  Cuda     live     4021.3 MB  "collide:nn_last_partner"
[kp]     42.13s  alloc        566.9 MB  Cuda     live     4588.2 MB  "collide:nn_last_partner"
[kp]     42.13s  dealloc      566.9 MB  Cuda     live     4021.3 MB  "collide:nn_last_partner"
[kp]     42.19s  alloc        566.9 MB  Cuda     live     4588.2 MB  "collide:nn_last_partner"
[kp]     42.19s  dealloc      566.9 MB  Cuda     live     4021.3 MB  "collide:nn_last_partner"
[kp]     42.24s  alloc        566.9 MB  Cuda     live     4588.2 MB  "collide:nn_last_partner"
[kp]     42.24s  dealloc      566.9 MB  Cuda     live     4021.3 MB  "collide:nn_last_partner"
[kp]     42.29s  alloc        566.9 MB  Cuda     live     4588.2 MB  "collide:nn_last_partner"
[kp]     42.29s  dealloc      566.9 MB  Cuda     live     4021.3 MB  "collide:nn_last_partner"
[kp]     42.35s  alloc        566.9 MB  Cuda     live     4588.2 MB  "collide:nn_last_partner"
[kp]     42.35s  dealloc      566.9 MB  Cuda     live     4021.3 MB  "collide:nn_last_partner"
[kp]     42.40s  alloc        566.9 MB  Cuda     live     4588.2 MB  "collide:nn_last_partner"
[kp]     42.40s  dealloc      566.9 MB  Cuda     live     4021.3 MB  "collide:nn_last_partner"
[kp]     42.45s  alloc        566.9 MB  Cuda     live     4588.2 MB  "collide:nn_last_partner"
[kp]     42.46s  dealloc      566.9 MB  Cuda     live     4021.3 MB  "collide:nn_last_partner"
[kp]     42.51s  alloc        566.9 MB  Cuda     live     4588.2 MB  "collide:nn_last_partner"
[kp]     42.51s  dealloc      566.9 MB  Cuda     live     4021.3 MB  "collide:nn_last_partner"
[kp]     42.56s  alloc        566.9 MB  Cuda     live     4588.2 MB  "collide:nn_last_partner"
[kp]     42.56s  dealloc      566.9 MB  Cuda     live     4021.3 MB  "collide:nn_last_partner"
[kp]     42.62s  alloc        566.9 MB  Cuda     live     4588.2 MB  "collide:nn_last_partner"
[kp]     42.62s  dealloc      566.9 MB  Cuda     live     4021.3 MB  "collide:nn_last_partner"
[kp]     42.67s  alloc        566.9 MB  Cuda     live     4588.2 MB  "collide:nn_last_partner"
[kp]     42.67s  dealloc      566.9 MB  Cuda     live     4021.3 MB  "collide:nn_last_partner"
[kp]     42.72s  alloc        566.9 MB  Cuda     live     4588.2 MB  "collide:nn_last_partner"
[kp]     42.72s  dealloc      566.9 MB  Cuda     live     4021.3 MB  "collide:nn_last_partner"
[kp]     42.78s  alloc        566.9 MB  Cuda     live     4588.2 MB  "collide:nn_last_partner"
[kp]     42.78s  dealloc      566.9 MB  Cuda     live     4021.3 MB  "collide:nn_last_partner"
[kp]     42.83s  alloc        566.9 MB  Cuda     live     4588.2 MB  "collide:nn_last_partner"
[kp]     42.83s  dealloc      566.9 MB  Cuda     live     4021.3 MB  "collide:nn_last_partner"
[kp]     42.88s  alloc        566.9 MB  Cuda     live     4588.2 MB  "collide:nn_last_partner"
[kp]     42.88s  dealloc      566.9 MB  Cuda     live     4021.3 MB  "collide:nn_last_partner"
[kp]     42.94s  alloc        566.9 MB  Cuda     live     4588.2 MB  "collide:nn_last_partner"
[kp]     42.94s  dealloc      566.9 MB  Cuda     live     4021.3 MB  "collide:nn_last_partner"
[kp]     42.99s  alloc        566.9 MB  Cuda     live     4588.2 MB  "collide:nn_last_partner"
[kp]     42.99s  dealloc      566.9 MB  Cuda     live     4021.3 MB  "collide:nn_last_partner"
[kp]     43.04s  alloc        566.9 MB  Cuda     live     4588.2 MB  "collide:nn_last_partner"
[kp]     43.05s  dealloc      566.9 MB  Cuda     live     4021.3 MB  "collide:nn_last_partner"
[kp]     43.10s  alloc        566.9 MB  Cuda     live     4588.2 MB  "collide:nn_last_partner"
[kp]     43.10s  dealloc      566.9 MB  Cuda     live     4021.3 MB  "collide:nn_last_partner"
[kp]     43.15s  alloc        566.9 MB  Cuda     live     4588.2 MB  "collide:nn_last_partner"
[kp]     43.15s  dealloc      566.9 MB  Cuda     live     4021.3 MB  "collide:nn_last_partner"
[kp]     43.21s  alloc        566.9 MB  Cuda     live     4588.2 MB  "collide:nn_last_partner"
[kp]     43.21s  dealloc      566.9 MB  Cuda     live     4021.3 MB  "collide:nn_last_partner"
[kp]     43.26s  alloc        566.9 MB  Cuda     live     4588.2 MB  "collide:nn_last_partner"
[kp]     43.26s  dealloc      566.9 MB  Cuda     live     4021.3 MB  "collide:nn_last_partner"
[kp]     43.31s  alloc        566.9 MB  Cuda     live     4588.2 MB  "collide:nn_last_partner"
[kp]     43.31s  dealloc      566.9 MB  Cuda     live     4021.3 MB  "collide:nn_last_partner"
[kp]     43.37s  alloc        566.9 MB  Cuda     live     4588.2 MB  "collide:nn_last_partner"
[kp]     43.37s  dealloc      566.9 MB  Cuda     live     4021.3 MB  "collide:nn_last_partner"
[kp]     43.42s  alloc        566.9 MB  Cuda     live     4588.2 MB  "collide:nn_last_partner"
[kp]     43.42s  dealloc      566.9 MB  Cuda     live     4021.3 MB  "collide:nn_last_partner"
[kp]     43.47s  alloc        566.9 MB  Cuda     live     4588.2 MB  "collide:nn_last_partner"
[kp]     43.47s  dealloc      566.9 MB  Cuda     live     4021.3 MB  "collide:nn_last_partner"
[kp]     43.53s  alloc        566.9 MB  Cuda     live     4588.2 MB  "collide:nn_last_partner"
[kp]     43.53s  dealloc      566.9 MB  Cuda     live     4021.3 MB  "collide:nn_last_partner"
[kp]     43.58s  alloc        566.9 MB  Cuda     live     4588.2 MB  "collide:nn_last_partner"
[kp]     43.58s  dealloc      566.9 MB  Cuda     live     4021.3 MB  "collide:nn_last_partner"
[kp]     43.63s  alloc        566.9 MB  Cuda     live     4588.2 MB  "collide:nn_last_partner"
[kp]     43.63s  dealloc      566.9 MB  Cuda     live     4021.3 MB  "collide:nn_last_partner"
[kp]     43.69s  alloc        566.9 MB  Cuda     live     4588.2 MB  "collide:nn_last_partner"
[kp]     43.69s  dealloc      566.9 MB  Cuda     live     4021.3 MB  "collide:nn_last_partner"
[kp]     43.74s  alloc        566.9 MB  Cuda     live     4588.2 MB  "collide:nn_last_partner"
[kp]     43.74s  dealloc      566.9 MB  Cuda     live     4021.3 MB  "collide:nn_last_partner"
[kp]     43.79s  alloc        566.9 MB  Cuda     live     4588.2 MB  "collide:nn_last_partner"
[kp]     43.80s  dealloc      566.9 MB  Cuda     live     4021.3 MB  "collide:nn_last_partner"
[kp]     43.85s  alloc        566.9 MB  Cuda     live     4588.2 MB  "collide:nn_last_partner"
[kp]     43.85s  dealloc      566.9 MB  Cuda     live     4021.3 MB  "collide:nn_last_partner"
[kp]     43.90s  alloc        566.9 MB  Cuda     live     4588.2 MB  "collide:nn_last_partner"
[kp]     43.90s  dealloc      566.9 MB  Cuda     live     4021.3 MB  "collide:nn_last_partner"
[kp]     43.96s  alloc        566.9 MB  Cuda     live     4588.2 MB  "collide:nn_last_partner"
[kp]     43.96s  dealloc      566.9 MB  Cuda     live     4021.3 MB  "collide:nn_last_partner"
[kp]     44.01s  alloc        566.9 MB  Cuda     live     4588.2 MB  "collide:nn_last_partner"
[kp]     44.01s  dealloc      566.9 MB  Cuda     live     4021.3 MB  "collide:nn_last_partner"
[kp]     44.06s  alloc        566.9 MB  Cuda     live     4588.2 MB  "collide:nn_last_partner"
[kp]     44.06s  dealloc      566.9 MB  Cuda     live     4021.3 MB  "collide:nn_last_partner"
[kp]     44.12s  alloc        566.9 MB  Cuda     live     4588.2 MB  "collide:nn_last_partner"
[kp]     44.12s  dealloc      566.9 MB  Cuda     live     4021.3 MB  "collide:nn_last_partner"
[kp]     44.17s  alloc        566.9 MB  Cuda     live     4588.2 MB  "collide:nn_last_partner"
[kp]     44.17s  dealloc      566.9 MB  Cuda     live     4021.3 MB  "collide:nn_last_partner"
[kp]     44.22s  alloc        566.9 MB  Cuda     live     4588.2 MB  "collide:nn_last_partner"
[kp]     44.22s  dealloc      566.9 MB  Cuda     live     4021.3 MB  "collide:nn_last_partner"
[kp]     44.28s  alloc        566.9 MB  Cuda     live     4588.2 MB  "collide:nn_last_partner"
[kp]     44.28s  dealloc      566.9 MB  Cuda     live     4021.3 MB  "collide:nn_last_partner"
[kp]     44.33s  alloc        566.9 MB  Cuda     live     4588.2 MB  "collide:nn_last_partner"
[kp]     44.33s  dealloc      566.9 MB  Cuda     live     4021.3 MB  "collide:nn_last_partner"
[kp]     44.38s  alloc        566.9 MB  Cuda     live     4588.2 MB  "collide:nn_last_partner"
[kp]     44.38s  dealloc      566.9 MB  Cuda     live     4021.3 MB  "collide:nn_last_partner"
[kp]     44.44s  alloc        566.9 MB  Cuda     live     4588.2 MB  "collide:nn_last_partner"
[kp]     44.44s  dealloc      566.9 MB  Cuda     live     4021.3 MB  "collide:nn_last_partner"
[kp]     44.49s  alloc        566.9 MB  Cuda     live     4588.2 MB  "collide:nn_last_partner"
[kp]     44.49s  dealloc      566.9 MB  Cuda     live     4021.3 MB  "collide:nn_last_partner"
[kp]     44.54s  alloc        566.9 MB  Cuda     live     4588.2 MB  "collide:nn_last_partner"
[kp]     44.55s  dealloc      566.9 MB  Cuda     live     4021.3 MB  "collide:nn_last_partner"
[kp]     44.60s  alloc        566.9 MB  Cuda     live     4588.2 MB  "collide:nn_last_partner"
[kp]     44.60s  dealloc      566.9 MB  Cuda     live     4021.3 MB  "collide:nn_last_partner"
[kp]     44.65s  alloc        566.9 MB  Cuda     live     4588.2 MB  "collide:nn_last_partner"
[kp]     44.65s  dealloc      566.9 MB  Cuda     live     4021.3 MB  "collide:nn_last_partner"
[kp]     44.71s  alloc        566.9 MB  Cuda     live     4588.2 MB  "collide:nn_last_partner"
[kp]     44.71s  dealloc      566.9 MB  Cuda     live     4021.3 MB  "collide:nn_last_partner"
[kp]     44.76s  alloc        566.9 MB  Cuda     live     4588.2 MB  "collide:nn_last_partner"
[kp]     44.76s  dealloc      566.9 MB  Cuda     live     4021.3 MB  "collide:nn_last_partner"
[kp]     44.81s  alloc        566.9 MB  Cuda     live     4588.2 MB  "collide:nn_last_partner"
[kp]     44.81s  dealloc      566.9 MB  Cuda     live     4021.3 MB  "collide:nn_last_partner"
[kp]     44.87s  alloc        566.9 MB  Cuda     live     4588.2 MB  "collide:nn_last_partner"
[kp]     44.87s  dealloc      566.9 MB  Cuda     live     4021.3 MB  "collide:nn_last_partner"
[kp]     44.92s  alloc        566.9 MB  Cuda     live     4588.2 MB  "collide:nn_last_partner"
[kp]     44.92s  dealloc      566.9 MB  Cuda     live     4021.3 MB  "collide:nn_last_partner"
[kp]     44.97s  alloc        566.9 MB  Cuda     live     4588.2 MB  "collide:nn_last_partner"
[kp]     44.97s  dealloc      566.9 MB  Cuda     live     4021.3 MB  "collide:nn_last_partner"
[kp]     45.03s  alloc        566.9 MB  Cuda     live     4588.2 MB  "collide:nn_last_partner"
[kp]     45.03s  dealloc      566.9 MB  Cuda     live     4021.3 MB  "collide:nn_last_partner"
[kp]     45.08s  alloc        566.9 MB  Cuda     live     4588.2 MB  "collide:nn_last_partner"
[kp]     45.08s  dealloc      566.9 MB  Cuda     live     4021.3 MB  "collide:nn_last_partner"
[kp]     45.13s  alloc        566.9 MB  Cuda     live     4588.2 MB  "collide:nn_last_partner"
[kp]     45.13s  dealloc      566.9 MB  Cuda     live     4021.3 MB  "collide:nn_last_partner"
[kp]     45.19s  alloc        566.9 MB  Cuda     live     4588.2 MB  "collide:nn_last_partner"
[kp]     45.19s  dealloc      566.9 MB  Cuda     live     4021.3 MB  "collide:nn_last_partner"
[kp]     45.24s  alloc        566.9 MB  Cuda     live     4588.2 MB  "collide:nn_last_partner"
[kp]     45.24s  dealloc      566.9 MB  Cuda     live     4021.3 MB  "collide:nn_last_partner"
[kp]     45.29s  alloc        566.9 MB  Cuda     live     4588.2 MB  "collide:nn_last_partner"
[kp]     45.30s  dealloc      566.9 MB  Cuda     live     4021.3 MB  "collide:nn_last_partner"
[kp]     45.35s  alloc        566.9 MB  Cuda     live     4588.2 MB  "collide:nn_last_partner"
[kp]     45.35s  dealloc      566.9 MB  Cuda     live     4021.3 MB  "collide:nn_last_partner"
[kp]     45.40s  alloc        566.9 MB  Cuda     live     4588.2 MB  "collide:nn_last_partner"
[kp]     45.40s  dealloc      566.9 MB  Cuda     live     4021.3 MB  "collide:nn_last_partner"
[kp]     45.46s  alloc        566.9 MB  Cuda     live     4588.2 MB  "collide:nn_last_partner"
[kp]     45.46s  dealloc      566.9 MB  Cuda     live     4021.3 MB  "collide:nn_last_partner"
[kp]     45.51s  alloc        566.9 MB  Cuda     live     4588.2 MB  "collide:nn_last_partner"
[kp]     45.51s  dealloc      566.9 MB  Cuda     live     4021.3 MB  "collide:nn_last_partner"
[kp]     45.56s  alloc        566.9 MB  Cuda     live     4588.2 MB  "collide:nn_last_partner"
[kp]     45.56s  dealloc      566.9 MB  Cuda     live     4021.3 MB  "collide:nn_last_partner"
[kp]     45.62s  alloc        566.9 MB  Cuda     live     4588.2 MB  "collide:nn_last_partner"
[kp]     45.62s  dealloc      566.9 MB  Cuda     live     4021.3 MB  "collide:nn_last_partner"
[kp]     45.67s  alloc        566.9 MB  Cuda     live     4588.2 MB  "collide:nn_last_partner"
[kp]     45.67s  dealloc      566.9 MB  Cuda     live     4021.3 MB  "collide:nn_last_partner"
[kp]     45.72s  alloc        566.9 MB  Cuda     live     4588.2 MB  "collide:nn_last_partner"
[kp]     45.72s  dealloc      566.9 MB  Cuda     live     4021.3 MB  "collide:nn_last_partner"
[kp]     45.78s  alloc        566.9 MB  Cuda     live     4588.2 MB  "collide:nn_last_partner"
[kp]     45.78s  dealloc      566.9 MB  Cuda     live     4021.3 MB  "collide:nn_last_partner"
[kp]     45.83s  alloc        566.9 MB  Cuda     live     4588.2 MB  "collide:nn_last_partner"
[kp]     45.83s  dealloc      566.9 MB  Cuda     live     4021.3 MB  "collide:nn_last_partner"
[kp]     45.88s  alloc        566.9 MB  Cuda     live     4588.2 MB  "collide:nn_last_partner"
[kp]     45.88s  dealloc      566.9 MB  Cuda     live     4021.3 MB  "collide:nn_last_partner"
[kp]     45.94s  alloc        566.9 MB  Cuda     live     4588.2 MB  "collide:nn_last_partner"
[kp]     45.94s  dealloc      566.9 MB  Cuda     live     4021.3 MB  "collide:nn_last_partner"
[kp]     45.99s  alloc        566.9 MB  Cuda     live     4588.2 MB  "collide:nn_last_partner"
[kp]     45.99s  dealloc      566.9 MB  Cuda     live     4021.3 MB  "collide:nn_last_partner"
[kp]     46.04s  alloc        566.9 MB  Cuda     live     4588.2 MB  "collide:nn_last_partner"
[kp]     46.05s  dealloc      566.9 MB  Cuda     live     4021.3 MB  "collide:nn_last_partner"
[kp]     46.10s  alloc        566.9 MB  Cuda     live     4588.2 MB  "collide:nn_last_partner"
[kp]     46.10s  dealloc      566.9 MB  Cuda     live     4021.3 MB  "collide:nn_last_partner"
[kp]     46.15s  alloc        566.9 MB  Cuda     live     4588.2 MB  "collide:nn_last_partner"
[kp]     46.15s  dealloc      566.9 MB  Cuda     live     4021.3 MB  "collide:nn_last_partner"
[kp]     46.21s  alloc        566.9 MB  Cuda     live     4588.2 MB  "collide:nn_last_partner"
[kp]     46.21s  dealloc      566.9 MB  Cuda     live     4021.3 MB  "collide:nn_last_partner"
[kp]     46.26s  alloc        566.9 MB  Cuda     live     4588.2 MB  "collide:nn_last_partner"
[kp]     46.26s  dealloc      566.9 MB  Cuda     live     4021.3 MB  "collide:nn_last_partner"
[kp]     46.31s  alloc        566.9 MB  Cuda     live     4588.2 MB  "collide:nn_last_partner"
[kp]     46.31s  dealloc      566.9 MB  Cuda     live     4021.3 MB  "collide:nn_last_partner"
[kp]     46.37s  alloc        566.9 MB  Cuda     live     4588.2 MB  "collide:nn_last_partner"
[kp]     46.37s  dealloc      566.9 MB  Cuda     live     4021.3 MB  "collide:nn_last_partner"
[kp]     46.42s  alloc        566.9 MB  Cuda     live     4588.2 MB  "collide:nn_last_partner"
[kp]     46.42s  dealloc      566.9 MB  Cuda     live     4021.3 MB  "collide:nn_last_partner"
[kp]     46.47s  alloc        566.9 MB  Cuda     live     4588.2 MB  "collide:nn_last_partner"
[kp]     46.47s  dealloc      566.9 MB  Cuda     live     4021.3 MB  "collide:nn_last_partner"
[kp]     46.53s  alloc        566.9 MB  Cuda     live     4588.2 MB  "collide:nn_last_partner"
[kp]     46.53s  dealloc      566.9 MB  Cuda     live     4021.3 MB  "collide:nn_last_partner"
[kp]     46.58s  alloc        566.9 MB  Cuda     live     4588.2 MB  "collide:nn_last_partner"
[kp]     46.58s  dealloc      566.9 MB  Cuda     live     4021.3 MB  "collide:nn_last_partner"
[kp]     46.63s  alloc        566.9 MB  Cuda     live     4588.2 MB  "collide:nn_last_partner"
[kp]     46.63s  dealloc      566.9 MB  Cuda     live     4021.3 MB  "collide:nn_last_partner"
[kp]     46.69s  alloc        566.9 MB  Cuda     live     4588.2 MB  "collide:nn_last_partner"
[kp]     46.69s  dealloc      566.9 MB  Cuda     live     4021.3 MB  "collide:nn_last_partner"
[kp]     46.74s  alloc        566.9 MB  Cuda     live     4588.2 MB  "collide:nn_last_partner"
[kp]     46.74s  dealloc      566.9 MB  Cuda     live     4021.3 MB  "collide:nn_last_partner"
[kp]     46.79s  alloc        566.9 MB  Cuda     live     4588.2 MB  "collide:nn_last_partner"
[kp]     46.79s  dealloc      566.9 MB  Cuda     live     4021.3 MB  "collide:nn_last_partner"
[kp]     46.85s  alloc        566.9 MB  Cuda     live     4588.2 MB  "collide:nn_last_partner"
[kp]     46.85s  dealloc      566.9 MB  Cuda     live     4021.3 MB  "collide:nn_last_partner"
[kp]     46.90s  alloc        566.9 MB  Cuda     live     4588.2 MB  "collide:nn_last_partner"
[kp]     46.90s  dealloc      566.9 MB  Cuda     live     4021.3 MB  "collide:nn_last_partner"
[kp]     46.95s  alloc        566.9 MB  Cuda     live     4588.2 MB  "collide:nn_last_partner"
[kp]     46.95s  dealloc      566.9 MB  Cuda     live     4021.3 MB  "collide:nn_last_partner"
[kp]     47.01s  alloc        566.9 MB  Cuda     live     4588.2 MB  "collide:nn_last_partner"
[kp]     47.01s  dealloc      566.9 MB  Cuda     live     4021.3 MB  "collide:nn_last_partner"
[kp]     47.06s  alloc        566.9 MB  Cuda     live     4588.2 MB  "collide:nn_last_partner"
[kp]     47.06s  dealloc      566.9 MB  Cuda     live     4021.3 MB  "collide:nn_last_partner"
[kp]     47.11s  alloc        566.9 MB  Cuda     live     4588.2 MB  "collide:nn_last_partner"
[kp]     47.11s  dealloc      566.9 MB  Cuda     live     4021.3 MB  "collide:nn_last_partner"
[kp]     47.17s  alloc        566.9 MB  Cuda     live     4588.2 MB  "collide:nn_last_partner"
[kp]     47.17s  dealloc      566.9 MB  Cuda     live     4021.3 MB  "collide:nn_last_partner"
     500    34.539933 5.487227e-08    18.290756        3e-09 29570630   103940    58707        0        0    296.28564 
[kp]     47.33s  alloc        566.9 MB  Cuda     live     4588.2 MB  "collide:nn_last_partner"
[kp]     47.33s  dealloc      566.9 MB  Cuda     live     4021.3 MB  "collide:nn_last_partner"
[kp]     47.38s  alloc        566.9 MB  Cuda     live     4588.2 MB  "collide:nn_last_partner"
[kp]     47.39s  dealloc      566.9 MB  Cuda     live     4021.3 MB  "collide:nn_last_partner"
[kp]     47.44s  alloc        566.9 MB  Cuda     live     4588.2 MB  "collide:nn_last_partner"
[kp]     47.44s  dealloc      566.9 MB  Cuda     live     4021.3 MB  "collide:nn_last_partner"
[kp]     47.49s  alloc        566.9 MB  Cuda     live     4588.2 MB  "collide:nn_last_partner"
[kp]     47.49s  dealloc      566.9 MB  Cuda     live     4021.3 MB  "collide:nn_last_partner"
[kp]     47.55s  alloc        566.9 MB  Cuda     live     4588.2 MB  "collide:nn_last_partner"
[kp]     47.55s  dealloc      566.9 MB  Cuda     live     4021.3 MB  "collide:nn_last_partner"
[kp]     47.60s  alloc        566.9 MB  Cuda     live     4588.2 MB  "collide:nn_last_partner"
[kp]     47.60s  dealloc      566.9 MB  Cuda     live     4021.3 MB  "collide:nn_last_partner"
[kp]     47.65s  alloc        566.9 MB  Cuda     live     4588.2 MB  "collide:nn_last_partner"
[kp]     47.65s  dealloc      566.9 MB  Cuda     live     4021.3 MB  "collide:nn_last_partner"
[kp]     47.71s  alloc        566.9 MB  Cuda     live     4588.2 MB  "collide:nn_last_partner"
[kp]     47.71s  dealloc      566.9 MB  Cuda     live     4021.3 MB  "collide:nn_last_partner"
[kp]     47.76s  alloc        566.9 MB  Cuda     live     4588.2 MB  "collide:nn_last_partner"
[kp]     47.76s  dealloc      566.9 MB  Cuda     live     4021.3 MB  "collide:nn_last_partner"
[kp]     47.81s  alloc        566.9 MB  Cuda     live     4588.2 MB  "collide:nn_last_partner"
[kp]     47.81s  dealloc      566.9 MB  Cuda     live     4021.3 MB  "collide:nn_last_partner"
[kp]     47.87s  alloc        566.9 MB  Cuda     live     4588.2 MB  "collide:nn_last_partner"
[kp]     47.87s  dealloc      566.9 MB  Cuda     live     4021.3 MB  "collide:nn_last_partner"
[kp]     47.92s  alloc        566.9 MB  Cuda     live     4588.2 MB  "collide:nn_last_partner"
[kp]     47.92s  dealloc      566.9 MB  Cuda     live     4021.3 MB  "collide:nn_last_partner"
[kp]     47.97s  alloc        566.9 MB  Cuda     live     4588.2 MB  "collide:nn_last_partner"
[kp]     47.97s  dealloc      566.9 MB  Cuda     live     4021.3 MB  "collide:nn_last_partner"
[kp]     48.03s  alloc        566.9 MB  Cuda     live     4588.2 MB  "collide:nn_last_partner"
[kp]     48.03s  dealloc      566.9 MB  Cuda     live     4021.3 MB  "collide:nn_last_partner"
[kp]     48.08s  alloc        566.9 MB  Cuda     live     4588.2 MB  "collide:nn_last_partner"
[kp]     48.08s  dealloc      566.9 MB  Cuda     live     4021.3 MB  "collide:nn_last_partner"
[kp]     48.13s  alloc        566.9 MB  Cuda     live     4588.2 MB  "collide:nn_last_partner"
[kp]     48.13s  dealloc      566.9 MB  Cuda     live     4021.3 MB  "collide:nn_last_partner"
[kp]     48.19s  alloc        566.9 MB  Cuda     live     4588.2 MB  "collide:nn_last_partner"
[kp]     48.19s  dealloc      566.9 MB  Cuda     live     4021.3 MB  "collide:nn_last_partner"
[kp]     48.24s  dealloc      566.9 MB  Cuda     live     3454.4 MB  "particle:plist"
[kp]     48.24s  alloc        711.9 MB  Cuda     live     4166.3 MB  "particle:plist"
[kp]     48.24s  alloc        711.9 MB  Cuda     live     4878.2 MB  "collide:nn_last_partner"
[kp]     48.24s  dealloc      711.9 MB  Cuda     live     4166.3 MB  "collide:nn_last_partner"
[kp]     48.30s  alloc        711.9 MB  Cuda     live     4878.2 MB  "collide:nn_last_partner"
[kp]     48.30s  dealloc      711.9 MB  Cuda     live     4166.3 MB  "collide:nn_last_partner"
[kp]     48.35s  alloc        711.9 MB  Cuda     live     4878.2 MB  "collide:nn_last_partner"
[kp]     48.35s  dealloc      711.9 MB  Cuda     live     4166.3 MB  "collide:nn_last_partner"
[kp]     48.40s  alloc        711.9 MB  Cuda     live     4878.2 MB  "collide:nn_last_partner"
[kp]     48.40s  dealloc      711.9 MB  Cuda     live     4166.3 MB  "collide:nn_last_partner"
[kp]     48.46s  alloc        711.9 MB  Cuda     live     4878.2 MB  "collide:nn_last_partner"
[kp]     48.46s  dealloc      711.9 MB  Cuda     live     4166.3 MB  "collide:nn_last_partner"
[kp]     48.51s  alloc        711.9 MB  Cuda     live     4878.2 MB  "collide:nn_last_partner"
[kp]     48.51s  dealloc      711.9 MB  Cuda     live     4166.3 MB  "collide:nn_last_partner"
[kp]     48.56s  alloc        711.9 MB  Cuda     live     4878.2 MB  "collide:nn_last_partner"
[kp]     48.56s  dealloc      711.9 MB  Cuda     live     4166.3 MB  "collide:nn_last_partner"
[kp]     48.62s  alloc        711.9 MB  Cuda     live     4878.2 MB  "collide:nn_last_partner"
[kp]     48.62s  dealloc      711.9 MB  Cuda     live     4166.3 MB  "collide:nn_last_partner"
[kp]     48.67s  alloc        711.9 MB  Cuda     live     4878.2 MB  "collide:nn_last_partner"
[kp]     48.67s  dealloc      711.9 MB  Cuda     live     4166.3 MB  "collide:nn_last_partner"
[kp]     48.72s  alloc        711.9 MB  Cuda     live     4878.2 MB  "collide:nn_last_partner"
[kp]     48.73s  dealloc      711.9 MB  Cuda     live     4166.3 MB  "collide:nn_last_partner"
[kp]     48.78s  alloc        711.9 MB  Cuda     live     4878.2 MB  "collide:nn_last_partner"
[kp]     48.78s  dealloc      711.9 MB  Cuda     live     4166.3 MB  "collide:nn_last_partner"
[kp]     48.83s  alloc        711.9 MB  Cuda     live     4878.2 MB  "collide:nn_last_partner"
[kp]     48.83s  dealloc      711.9 MB  Cuda     live     4166.3 MB  "collide:nn_last_partner"
[kp]     48.89s  alloc        711.9 MB  Cuda     live     4878.2 MB  "collide:nn_last_partner"
[kp]     48.89s  dealloc      711.9 MB  Cuda     live     4166.3 MB  "collide:nn_last_partner"
[kp]     48.94s  alloc        711.9 MB  Cuda     live     4878.2 MB  "collide:nn_last_partner"
[kp]     48.94s  dealloc      711.9 MB  Cuda     live     4166.3 MB  "collide:nn_last_partner"
[kp]     48.99s  alloc        711.9 MB  Cuda     live     4878.2 MB  "collide:nn_last_partner"
[kp]     48.99s  dealloc      711.9 MB  Cuda     live     4166.3 MB  "collide:nn_last_partner"
[kp]     49.05s  alloc        711.9 MB  Cuda     live     4878.2 MB  "collide:nn_last_partner"
[kp]     49.05s  dealloc      711.9 MB  Cuda     live     4166.3 MB  "collide:nn_last_partner"
[kp]     49.10s  alloc        711.9 MB  Cuda     live     4878.2 MB  "collide:nn_last_partner"
[kp]     49.10s  dealloc      711.9 MB  Cuda     live     4166.3 MB  "collide:nn_last_partner"
[kp]     49.15s  alloc        711.9 MB  Cuda     live     4878.2 MB  "collide:nn_last_partner"
[kp]     49.15s  dealloc      711.9 MB  Cuda     live     4166.3 MB  "collide:nn_last_partner"
[kp]     49.21s  alloc        711.9 MB  Cuda     live     4878.2 MB  "collide:nn_last_partner"
[kp]     49.21s  dealloc      711.9 MB  Cuda     live     4166.3 MB  "collide:nn_last_partner"
[kp]     49.26s  alloc        711.9 MB  Cuda     live     4878.2 MB  "collide:nn_last_partner"
[kp]     49.26s  dealloc      711.9 MB  Cuda     live     4166.3 MB  "collide:nn_last_partner"
[kp]     49.31s  alloc        711.9 MB  Cuda     live     4878.2 MB  "collide:nn_last_partner"
[kp]     49.31s  dealloc      711.9 MB  Cuda     live     4166.3 MB  "collide:nn_last_partner"
[kp]     49.37s  alloc        711.9 MB  Cuda     live     4878.2 MB  "collide:nn_last_partner"
[kp]     49.37s  dealloc      711.9 MB  Cuda     live     4166.3 MB  "collide:nn_last_partner"
[kp]     49.42s  alloc        711.9 MB  Cuda     live     4878.2 MB  "collide:nn_last_partner"
[kp]     49.42s  dealloc      711.9 MB  Cuda     live     4166.3 MB  "collide:nn_last_partner"
[kp]     49.47s  alloc        711.9 MB  Cuda     live     4878.2 MB  "collide:nn_last_partner"
[kp]     49.47s  dealloc      711.9 MB  Cuda     live     4166.3 MB  "collide:nn_last_partner"
[kp]     49.53s  alloc        711.9 MB  Cuda     live     4878.2 MB  "collide:nn_last_partner"
[kp]     49.53s  dealloc      711.9 MB  Cuda     live     4166.3 MB  "collide:nn_last_partner"
[kp]     49.58s  alloc        711.9 MB  Cuda     live     4878.2 MB  "collide:nn_last_partner"
[kp]     49.58s  dealloc      711.9 MB  Cuda     live     4166.3 MB  "collide:nn_last_partner"
[kp]     49.63s  alloc        711.9 MB  Cuda     live     4878.2 MB  "collide:nn_last_partner"
[kp]     49.63s  dealloc      711.9 MB  Cuda     live     4166.3 MB  "collide:nn_last_partner"
[kp]     49.69s  alloc        711.9 MB  Cuda     live     4878.2 MB  "collide:nn_last_partner"
[kp]     49.69s  dealloc      711.9 MB  Cuda     live     4166.3 MB  "collide:nn_last_partner"
[kp]     49.74s  alloc        711.9 MB  Cuda     live     4878.2 MB  "collide:nn_last_partner"
[kp]     49.74s  dealloc      711.9 MB  Cuda     live     4166.3 MB  "collide:nn_last_partner"
[kp]     49.79s  alloc        711.9 MB  Cuda     live     4878.2 MB  "collide:nn_last_partner"
[kp]     49.79s  dealloc      711.9 MB  Cuda     live     4166.3 MB  "collide:nn_last_partner"
[kp]     49.85s  alloc        711.9 MB  Cuda     live     4878.2 MB  "collide:nn_last_partner"
[kp]     49.85s  dealloc      711.9 MB  Cuda     live     4166.3 MB  "collide:nn_last_partner"
[kp]     49.90s  alloc        711.9 MB  Cuda     live     4878.2 MB  "collide:nn_last_partner"
[kp]     49.90s  dealloc      711.9 MB  Cuda     live     4166.3 MB  "collide:nn_last_partner"
[kp]     49.95s  alloc        711.9 MB  Cuda     live     4878.2 MB  "collide:nn_last_partner"
[kp]     49.96s  dealloc      711.9 MB  Cuda     live     4166.3 MB  "collide:nn_last_partner"
[kp]     50.01s  alloc        711.9 MB  Cuda     live     4878.2 MB  "collide:nn_last_partner"
[kp]     50.01s  dealloc      711.9 MB  Cuda     live     4166.3 MB  "collide:nn_last_partner"
[kp]     50.06s  alloc        711.9 MB  Cuda     live     4878.2 MB  "collide:nn_last_partner"
[kp]     50.06s  dealloc      711.9 MB  Cuda     live     4166.3 MB  "collide:nn_last_partner"
[kp]     50.11s  alloc        711.9 MB  Cuda     live     4878.2 MB  "collide:nn_last_partner"
[kp]     50.12s  dealloc      711.9 MB  Cuda     live     4166.3 MB  "collide:nn_last_partner"
[kp]     50.17s  alloc        711.9 MB  Cuda     live     4878.2 MB  "collide:nn_last_partner"
[kp]     50.17s  dealloc      711.9 MB  Cuda     live     4166.3 MB  "collide:nn_last_partner"
[kp]     50.22s  alloc        711.9 MB  Cuda     live     4878.2 MB  "collide:nn_last_partner"
[kp]     50.22s  dealloc      711.9 MB  Cuda     live     4166.3 MB  "collide:nn_last_partner"
[kp]     50.28s  alloc        711.9 MB  Cuda     live     4878.2 MB  "collide:nn_last_partner"
[kp]     50.28s  dealloc      711.9 MB  Cuda     live     4166.3 MB  "collide:nn_last_partner"
[kp]     50.33s  alloc        711.9 MB  Cuda     live     4878.2 MB  "collide:nn_last_partner"
[kp]     50.33s  dealloc      711.9 MB  Cuda     live     4166.3 MB  "collide:nn_last_partner"
[kp]     50.38s  alloc        711.9 MB  Cuda     live     4878.2 MB  "collide:nn_last_partner"
[kp]     50.38s  dealloc      711.9 MB  Cuda     live     4166.3 MB  "collide:nn_last_partner"
[kp]     50.44s  alloc        711.9 MB  Cuda     live     4878.2 MB  "collide:nn_last_partner"
[kp]     50.44s  dealloc      711.9 MB  Cuda     live     4166.3 MB  "collide:nn_last_partner"
[kp]     50.49s  alloc        711.9 MB  Cuda     live     4878.2 MB  "collide:nn_last_partner"
[kp]     50.49s  dealloc      711.9 MB  Cuda     live     4166.3 MB  "collide:nn_last_partner"
[kp]     50.54s  alloc        711.9 MB  Cuda     live     4878.2 MB  "collide:nn_last_partner"
[kp]     50.54s  dealloc      711.9 MB  Cuda     live     4166.3 MB  "collide:nn_last_partner"
[kp]     50.60s  alloc        711.9 MB  Cuda     live     4878.2 MB  "collide:nn_last_partner"
[kp]     50.60s  dealloc      711.9 MB  Cuda     live     4166.3 MB  "collide:nn_last_partner"
[kp]     50.65s  alloc        711.9 MB  Cuda     live     4878.2 MB  "collide:nn_last_partner"
[kp]     50.65s  dealloc      711.9 MB  Cuda     live     4166.3 MB  "collide:nn_last_partner"
[kp]     50.70s  alloc        711.9 MB  Cuda     live     4878.2 MB  "collide:nn_last_partner"
[kp]     50.70s  dealloc      711.9 MB  Cuda     live     4166.3 MB  "collide:nn_last_partner"
[kp]     50.76s  alloc        711.9 MB  Cuda     live     4878.2 MB  "collide:nn_last_partner"
[kp]     50.76s  dealloc      711.9 MB  Cuda     live     4166.3 MB  "collide:nn_last_partner"
[kp]     50.81s  alloc        711.9 MB  Cuda     live     4878.2 MB  "collide:nn_last_partner"
[kp]     50.81s  dealloc      711.9 MB  Cuda     live     4166.3 MB  "collide:nn_last_partner"
[kp]     50.86s  alloc        711.9 MB  Cuda     live     4878.2 MB  "collide:nn_last_partner"
[kp]     50.86s  dealloc      711.9 MB  Cuda     live     4166.3 MB  "collide:nn_last_partner"
[kp]     50.92s  alloc        711.9 MB  Cuda     live     4878.2 MB  "collide:nn_last_partner"
[kp]     50.92s  dealloc      711.9 MB  Cuda     live     4166.3 MB  "collide:nn_last_partner"
[kp]     50.97s  alloc        711.9 MB  Cuda     live     4878.2 MB  "collide:nn_last_partner"
[kp]     50.97s  dealloc      711.9 MB  Cuda     live     4166.3 MB  "collide:nn_last_partner"
[kp]     51.02s  alloc        711.9 MB  Cuda     live     4878.2 MB  "collide:nn_last_partner"
[kp]     51.02s  dealloc      711.9 MB  Cuda     live     4166.3 MB  "collide:nn_last_partner"
[kp]     51.08s  alloc        711.9 MB  Cuda     live     4878.2 MB  "collide:nn_last_partner"
[kp]     51.08s  dealloc      711.9 MB  Cuda     live     4166.3 MB  "collide:nn_last_partner"
[kp]     51.13s  alloc        711.9 MB  Cuda     live     4878.2 MB  "collide:nn_last_partner"
[kp]     51.13s  dealloc      711.9 MB  Cuda     live     4166.3 MB  "collide:nn_last_partner"
[kp]     51.18s  alloc        711.9 MB  Cuda     live     4878.2 MB  "collide:nn_last_partner"
[kp]     51.18s  dealloc      711.9 MB  Cuda     live     4166.3 MB  "collide:nn_last_partner"
[kp]     51.24s  alloc        711.9 MB  Cuda     live     4878.2 MB  "collide:nn_last_partner"
[kp]     51.24s  dealloc      711.9 MB  Cuda     live     4166.3 MB  "collide:nn_last_partner"
[kp]     51.29s  alloc        711.9 MB  Cuda     live     4878.2 MB  "collide:nn_last_partner"
[kp]     51.29s  dealloc      711.9 MB  Cuda     live     4166.3 MB  "collide:nn_last_partner"
[kp]     51.34s  alloc        711.9 MB  Cuda     live     4878.2 MB  "collide:nn_last_partner"
[kp]     51.34s  dealloc      711.9 MB  Cuda     live     4166.3 MB  "collide:nn_last_partner"
[kp]     51.40s  alloc        711.9 MB  Cuda     live     4878.2 MB  "collide:nn_last_partner"
[kp]     51.40s  dealloc      711.9 MB  Cuda     live     4166.3 MB  "collide:nn_last_partner"
[kp]     51.45s  alloc        711.9 MB  Cuda     live     4878.2 MB  "collide:nn_last_partner"
[kp]     51.45s  dealloc      711.9 MB  Cuda     live     4166.3 MB  "collide:nn_last_partner"
[kp]     51.50s  alloc        711.9 MB  Cuda     live     4878.2 MB  "collide:nn_last_partner"
[kp]     51.50s  dealloc      711.9 MB  Cuda     live     4166.3 MB  "collide:nn_last_partner"
[kp]     51.56s  alloc        711.9 MB  Cuda     live     4878.2 MB  "collide:nn_last_partner"
[kp]     51.56s  dealloc      711.9 MB  Cuda     live     4166.3 MB  "collide:nn_last_partner"
[kp]     51.61s  alloc        711.9 MB  Cuda     live     4878.2 MB  "collide:nn_last_partner"
[kp]     51.61s  dealloc      711.9 MB  Cuda     live     4166.3 MB  "collide:nn_last_partner"
[kp]     51.66s  alloc        711.9 MB  Cuda     live     4878.2 MB  "collide:nn_last_partner"
[kp]     51.66s  dealloc      711.9 MB  Cuda     live     4166.3 MB  "collide:nn_last_partner"
[kp]     51.72s  alloc        711.9 MB  Cuda     live     4878.2 MB  "collide:nn_last_partner"
[kp]     51.72s  dealloc      711.9 MB  Cuda     live     4166.3 MB  "collide:nn_last_partner"
[kp]     51.77s  alloc        711.9 MB  Cuda     live     4878.2 MB  "collide:nn_last_partner"
[kp]     51.77s  dealloc      711.9 MB  Cuda     live     4166.3 MB  "collide:nn_last_partner"
[kp]     51.82s  alloc        711.9 MB  Cuda     live     4878.2 MB  "collide:nn_last_partner"
[kp]     51.82s  dealloc      711.9 MB  Cuda     live     4166.3 MB  "collide:nn_last_partner"
[kp]     51.88s  alloc        711.9 MB  Cuda     live     4878.2 MB  "collide:nn_last_partner"
[kp]     51.88s  dealloc      711.9 MB  Cuda     live     4166.3 MB  "collide:nn_last_partner"
[kp]     51.93s  alloc        711.9 MB  Cuda     live     4878.2 MB  "collide:nn_last_partner"
[kp]     51.93s  dealloc      711.9 MB  Cuda     live     4166.3 MB  "collide:nn_last_partner"
[kp]     51.98s  alloc        711.9 MB  Cuda     live     4878.2 MB  "collide:nn_last_partner"
[kp]     51.98s  dealloc      711.9 MB  Cuda     live     4166.3 MB  "collide:nn_last_partner"
[kp]     52.04s  alloc        711.9 MB  Cuda     live     4878.2 MB  "collide:nn_last_partner"
[kp]     52.04s  dealloc      711.9 MB  Cuda     live     4166.3 MB  "collide:nn_last_partner"
[kp]     52.09s  alloc        711.9 MB  Cuda     live     4878.2 MB  "collide:nn_last_partner"
[kp]     52.09s  dealloc      711.9 MB  Cuda     live     4166.3 MB  "collide:nn_last_partner"
[kp]     52.14s  alloc        711.9 MB  Cuda     live     4878.2 MB  "collide:nn_last_partner"
[kp]     52.14s  dealloc      711.9 MB  Cuda     live     4166.3 MB  "collide:nn_last_partner"
[kp]     52.20s  alloc        711.9 MB  Cuda     live     4878.2 MB  "collide:nn_last_partner"
[kp]     52.20s  dealloc      711.9 MB  Cuda     live     4166.3 MB  "collide:nn_last_partner"
[kp]     52.25s  alloc        711.9 MB  Cuda     live     4878.2 MB  "collide:nn_last_partner"
[kp]     52.25s  dealloc      711.9 MB  Cuda     live     4166.3 MB  "collide:nn_last_partner"
[kp]     52.30s  alloc        711.9 MB  Cuda     live     4878.2 MB  "collide:nn_last_partner"
[kp]     52.30s  dealloc      711.9 MB  Cuda     live     4166.3 MB  "collide:nn_last_partner"
[kp]     52.36s  alloc        711.9 MB  Cuda     live     4878.2 MB  "collide:nn_last_partner"
[kp]     52.36s  dealloc      711.9 MB  Cuda     live     4166.3 MB  "collide:nn_last_partner"
[kp]     52.41s  alloc        711.9 MB  Cuda     live     4878.2 MB  "collide:nn_last_partner"
[kp]     52.41s  dealloc      711.9 MB  Cuda     live     4166.3 MB  "collide:nn_last_partner"
[kp]     52.46s  alloc        711.9 MB  Cuda     live     4878.2 MB  "collide:nn_last_partner"
[kp]     52.46s  dealloc      711.9 MB  Cuda     live     4166.3 MB  "collide:nn_last_partner"
[kp]     52.52s  alloc        711.9 MB  Cuda     live     4878.2 MB  "collide:nn_last_partner"
[kp]     52.52s  dealloc      711.9 MB  Cuda     live     4166.3 MB  "collide:nn_last_partner"
[kp]     52.57s  alloc        711.9 MB  Cuda     live     4878.2 MB  "collide:nn_last_partner"
[kp]     52.57s  dealloc      711.9 MB  Cuda     live     4166.3 MB  "collide:nn_last_partner"
[kp]     52.62s  alloc        711.9 MB  Cuda     live     4878.2 MB  "collide:nn_last_partner"
[kp]     52.62s  dealloc      711.9 MB  Cuda     live     4166.3 MB  "collide:nn_last_partner"
     600    39.996744 5.4977155e-08    18.325719        3e-09 29463072   104282    58238        0        0    296.00393 
[kp]     52.79s  alloc        711.9 MB  Cuda     live     4878.2 MB  "collide:nn_last_partner"
[kp]     52.79s  dealloc      711.9 MB  Cuda     live     4166.3 MB  "collide:nn_last_partner"
[kp]     52.84s  alloc        711.9 MB  Cuda     live     4878.2 MB  "collide:nn_last_partner"
[kp]     52.84s  dealloc      711.9 MB  Cuda     live     4166.3 MB  "collide:nn_last_partner"
[kp]     52.89s  alloc        711.9 MB  Cuda     live     4878.2 MB  "collide:nn_last_partner"
[kp]     52.90s  dealloc      711.9 MB  Cuda     live     4166.3 MB  "collide:nn_last_partner"
[kp]     52.95s  alloc        711.9 MB  Cuda     live     4878.2 MB  "collide:nn_last_partner"
[kp]     52.95s  dealloc      711.9 MB  Cuda     live     4166.3 MB  "collide:nn_last_partner"
[kp]     53.00s  alloc        711.9 MB  Cuda     live     4878.2 MB  "collide:nn_last_partner"
[kp]     53.00s  dealloc      711.9 MB  Cuda     live     4166.3 MB  "collide:nn_last_partner"
[kp]     53.06s  alloc        711.9 MB  Cuda     live     4878.2 MB  "collide:nn_last_partner"
[kp]     53.06s  dealloc      711.9 MB  Cuda     live     4166.3 MB  "collide:nn_last_partner"
[kp]     53.11s  alloc        711.9 MB  Cuda     live     4878.2 MB  "collide:nn_last_partner"
[kp]     53.11s  dealloc      711.9 MB  Cuda     live     4166.3 MB  "collide:nn_last_partner"
[kp]     53.16s  alloc        711.9 MB  Cuda     live     4878.2 MB  "collide:nn_last_partner"
[kp]     53.16s  dealloc      711.9 MB  Cuda     live     4166.3 MB  "collide:nn_last_partner"
[kp]     53.22s  alloc        711.9 MB  Cuda     live     4878.2 MB  "collide:nn_last_partner"
[kp]     53.22s  dealloc      711.9 MB  Cuda     live     4166.3 MB  "collide:nn_last_partner"
[kp]     53.27s  alloc        711.9 MB  Cuda     live     4878.2 MB  "collide:nn_last_partner"
[kp]     53.27s  dealloc      711.9 MB  Cuda     live     4166.3 MB  "collide:nn_last_partner"
[kp]     53.32s  alloc        711.9 MB  Cuda     live     4878.2 MB  "collide:nn_last_partner"
[kp]     53.32s  dealloc      711.9 MB  Cuda     live     4166.3 MB  "collide:nn_last_partner"
[kp]     53.38s  alloc        711.9 MB  Cuda     live     4878.2 MB  "collide:nn_last_partner"
[kp]     53.38s  dealloc      711.9 MB  Cuda     live     4166.3 MB  "collide:nn_last_partner"
[kp]     53.43s  alloc        711.9 MB  Cuda     live     4878.2 MB  "collide:nn_last_partner"
[kp]     53.43s  dealloc      711.9 MB  Cuda     live     4166.3 MB  "collide:nn_last_partner"
[kp]     53.48s  alloc        711.9 MB  Cuda     live     4878.2 MB  "collide:nn_last_partner"
[kp]     53.48s  dealloc      711.9 MB  Cuda     live     4166.3 MB  "collide:nn_last_partner"
[kp]     53.54s  alloc        711.9 MB  Cuda     live     4878.2 MB  "collide:nn_last_partner"
[kp]     53.54s  dealloc      711.9 MB  Cuda     live     4166.3 MB  "collide:nn_last_partner"
[kp]     53.59s  alloc        711.9 MB  Cuda     live     4878.2 MB  "collide:nn_last_partner"
[kp]     53.59s  dealloc      711.9 MB  Cuda     live     4166.3 MB  "collide:nn_last_partner"
[kp]     53.64s  alloc        711.9 MB  Cuda     live     4878.2 MB  "collide:nn_last_partner"
[kp]     53.64s  dealloc      711.9 MB  Cuda     live     4166.3 MB  "collide:nn_last_partner"
[kp]     53.70s  alloc        711.9 MB  Cuda     live     4878.2 MB  "collide:nn_last_partner"
[kp]     53.70s  dealloc      711.9 MB  Cuda     live     4166.3 MB  "collide:nn_last_partner"
[kp]     53.75s  alloc        711.9 MB  Cuda     live     4878.2 MB  "collide:nn_last_partner"
[kp]     53.75s  dealloc      711.9 MB  Cuda     live     4166.3 MB  "collide:nn_last_partner"
[kp]     53.80s  alloc        711.9 MB  Cuda     live     4878.2 MB  "collide:nn_last_partner"
[kp]     53.80s  dealloc      711.9 MB  Cuda     live     4166.3 MB  "collide:nn_last_partner"
[kp]     53.86s  alloc        711.9 MB  Cuda     live     4878.2 MB  "collide:nn_last_partner"
[kp]     53.86s  dealloc      711.9 MB  Cuda     live     4166.3 MB  "collide:nn_last_partner"
[kp]     53.91s  alloc        711.9 MB  Cuda     live     4878.2 MB  "collide:nn_last_partner"
[kp]     53.91s  dealloc      711.9 MB  Cuda     live     4166.3 MB  "collide:nn_last_partner"
[kp]     53.96s  alloc        711.9 MB  Cuda     live     4878.2 MB  "collide:nn_last_partner"
[kp]     53.96s  dealloc      711.9 MB  Cuda     live     4166.3 MB  "collide:nn_last_partner"
[kp]     54.02s  alloc        711.9 MB  Cuda     live     4878.2 MB  "collide:nn_last_partner"
[kp]     54.02s  dealloc      711.9 MB  Cuda     live     4166.3 MB  "collide:nn_last_partner"
[kp]     54.07s  alloc        711.9 MB  Cuda     live     4878.2 MB  "collide:nn_last_partner"
[kp]     54.07s  dealloc      711.9 MB  Cuda     live     4166.3 MB  "collide:nn_last_partner"
[kp]     54.12s  alloc        711.9 MB  Cuda     live     4878.2 MB  "collide:nn_last_partner"
[kp]     54.12s  dealloc      711.9 MB  Cuda     live     4166.3 MB  "collide:nn_last_partner"
[kp]     54.18s  alloc        711.9 MB  Cuda     live     4878.2 MB  "collide:nn_last_partner"
[kp]     54.18s  dealloc      711.9 MB  Cuda     live     4166.3 MB  "collide:nn_last_partner"
[kp]     54.23s  alloc        711.9 MB  Cuda     live     4878.2 MB  "collide:nn_last_partner"
[kp]     54.23s  dealloc      711.9 MB  Cuda     live     4166.3 MB  "collide:nn_last_partner"
[kp]     54.28s  alloc        711.9 MB  Cuda     live     4878.2 MB  "collide:nn_last_partner"
[kp]     54.28s  dealloc      711.9 MB  Cuda     live     4166.3 MB  "collide:nn_last_partner"
[kp]     54.34s  alloc        711.9 MB  Cuda     live     4878.2 MB  "collide:nn_last_partner"
[kp]     54.34s  dealloc      711.9 MB  Cuda     live     4166.3 MB  "collide:nn_last_partner"
[kp]     54.39s  alloc        711.9 MB  Cuda     live     4878.2 MB  "collide:nn_last_partner"
[kp]     54.39s  dealloc      711.9 MB  Cuda     live     4166.3 MB  "collide:nn_last_partner"
[kp]     54.44s  alloc        711.9 MB  Cuda     live     4878.2 MB  "collide:nn_last_partner"
[kp]     54.44s  dealloc      711.9 MB  Cuda     live     4166.3 MB  "collide:nn_last_partner"
[kp]     54.50s  alloc        711.9 MB  Cuda     live     4878.2 MB  "collide:nn_last_partner"
[kp]     54.50s  dealloc      711.9 MB  Cuda     live     4166.3 MB  "collide:nn_last_partner"
[kp]     54.55s  alloc        711.9 MB  Cuda     live     4878.2 MB  "collide:nn_last_partner"
[kp]     54.55s  dealloc      711.9 MB  Cuda     live     4166.3 MB  "collide:nn_last_partner"
[kp]     54.60s  alloc        711.9 MB  Cuda     live     4878.2 MB  "collide:nn_last_partner"
[kp]     54.60s  dealloc      711.9 MB  Cuda     live     4166.3 MB  "collide:nn_last_partner"
[kp]     54.65s  alloc        711.9 MB  Cuda     live     4878.2 MB  "collide:nn_last_partner"
[kp]     54.66s  dealloc      711.9 MB  Cuda     live     4166.3 MB  "collide:nn_last_partner"
[kp]     54.71s  alloc        711.9 MB  Cuda     live     4878.2 MB  "collide:nn_last_partner"
[kp]     54.71s  dealloc      711.9 MB  Cuda     live     4166.3 MB  "collide:nn_last_partner"
[kp]     54.76s  alloc        711.9 MB  Cuda     live     4878.2 MB  "collide:nn_last_partner"
[kp]     54.76s  dealloc      711.9 MB  Cuda     live     4166.3 MB  "collide:nn_last_partner"
[kp]     54.81s  alloc        711.9 MB  Cuda     live     4878.2 MB  "collide:nn_last_partner"
[kp]     54.82s  dealloc      711.9 MB  Cuda     live     4166.3 MB  "collide:nn_last_partner"
[kp]     54.87s  alloc        711.9 MB  Cuda     live     4878.2 MB  "collide:nn_last_partner"
[kp]     54.87s  dealloc      711.9 MB  Cuda     live     4166.3 MB  "collide:nn_last_partner"
[kp]     54.92s  alloc        711.9 MB  Cuda     live     4878.2 MB  "collide:nn_last_partner"
[kp]     54.92s  dealloc      711.9 MB  Cuda     live     4166.3 MB  "collide:nn_last_partner"
[kp]     54.97s  alloc        711.9 MB  Cuda     live     4878.2 MB  "collide:nn_last_partner"
[kp]     54.98s  dealloc      711.9 MB  Cuda     live     4166.3 MB  "collide:nn_last_partner"
[kp]     55.03s  alloc        711.9 MB  Cuda     live     4878.2 MB  "collide:nn_last_partner"
[kp]     55.03s  dealloc      711.9 MB  Cuda     live     4166.3 MB  "collide:nn_last_partner"
[kp]     55.08s  alloc        711.9 MB  Cuda     live     4878.2 MB  "collide:nn_last_partner"
[kp]     55.08s  dealloc      711.9 MB  Cuda     live     4166.3 MB  "collide:nn_last_partner"
[kp]     55.13s  alloc        711.9 MB  Cuda     live     4878.2 MB  "collide:nn_last_partner"
[kp]     55.13s  dealloc      711.9 MB  Cuda     live     4166.3 MB  "collide:nn_last_partner"
[kp]     55.19s  alloc        711.9 MB  Cuda     live     4878.2 MB  "collide:nn_last_partner"
[kp]     55.19s  dealloc      711.9 MB  Cuda     live     4166.3 MB  "collide:nn_last_partner"
[kp]     55.24s  alloc        711.9 MB  Cuda     live     4878.2 MB  "collide:nn_last_partner"
[kp]     55.24s  dealloc      711.9 MB  Cuda     live     4166.3 MB  "collide:nn_last_partner"
[kp]     55.29s  alloc        711.9 MB  Cuda     live     4878.2 MB  "collide:nn_last_partner"
[kp]     55.29s  dealloc      711.9 MB  Cuda     live     4166.3 MB  "collide:nn_last_partner"
[kp]     55.35s  alloc        711.9 MB  Cuda     live     4878.2 MB  "collide:nn_last_partner"
[kp]     55.35s  dealloc      711.9 MB  Cuda     live     4166.3 MB  "collide:nn_last_partner"
[kp]     55.40s  alloc        711.9 MB  Cuda     live     4878.2 MB  "collide:nn_last_partner"
[kp]     55.40s  dealloc      711.9 MB  Cuda     live     4166.3 MB  "collide:nn_last_partner"
[kp]     55.45s  alloc        711.9 MB  Cuda     live     4878.2 MB  "collide:nn_last_partner"
[kp]     55.45s  dealloc      711.9 MB  Cuda     live     4166.3 MB  "collide:nn_last_partner"
[kp]     55.51s  alloc        711.9 MB  Cuda     live     4878.2 MB  "collide:nn_last_partner"
[kp]     55.51s  dealloc      711.9 MB  Cuda     live     4166.3 MB  "collide:nn_last_partner"
[kp]     55.56s  alloc        711.9 MB  Cuda     live     4878.2 MB  "collide:nn_last_partner"
[kp]     55.56s  dealloc      711.9 MB  Cuda     live     4166.3 MB  "collide:nn_last_partner"
[kp]     55.61s  alloc        711.9 MB  Cuda     live     4878.2 MB  "collide:nn_last_partner"
[kp]     55.61s  dealloc      711.9 MB  Cuda     live     4166.3 MB  "collide:nn_last_partner"
[kp]     55.67s  alloc        711.9 MB  Cuda     live     4878.2 MB  "collide:nn_last_partner"
[kp]     55.67s  dealloc      711.9 MB  Cuda     live     4166.3 MB  "collide:nn_last_partner"
[kp]     55.72s  alloc        711.9 MB  Cuda     live     4878.2 MB  "collide:nn_last_partner"
[kp]     55.72s  dealloc      711.9 MB  Cuda     live     4166.3 MB  "collide:nn_last_partner"
[kp]     55.77s  alloc        711.9 MB  Cuda     live     4878.2 MB  "collide:nn_last_partner"
[kp]     55.77s  dealloc      711.9 MB  Cuda     live     4166.3 MB  "collide:nn_last_partner"
[kp]     55.83s  alloc        711.9 MB  Cuda     live     4878.2 MB  "collide:nn_last_partner"
[kp]     55.83s  dealloc      711.9 MB  Cuda     live     4166.3 MB  "collide:nn_last_partner"
[kp]     55.88s  alloc        711.9 MB  Cuda     live     4878.2 MB  "collide:nn_last_partner"
[kp]     55.88s  dealloc      711.9 MB  Cuda     live     4166.3 MB  "collide:nn_last_partner"
[kp]     55.93s  alloc        711.9 MB  Cuda     live     4878.2 MB  "collide:nn_last_partner"
[kp]     55.93s  dealloc      711.9 MB  Cuda     live     4166.3 MB  "collide:nn_last_partner"
[kp]     55.99s  alloc        711.9 MB  Cuda     live     4878.2 MB  "collide:nn_last_partner"
[kp]     55.99s  dealloc      711.9 MB  Cuda     live     4166.3 MB  "collide:nn_last_partner"
[kp]     56.04s  alloc        711.9 MB  Cuda     live     4878.2 MB  "collide:nn_last_partner"
[kp]     56.04s  dealloc      711.9 MB  Cuda     live     4166.3 MB  "collide:nn_last_partner"
[kp]     56.09s  alloc        711.9 MB  Cuda     live     4878.2 MB  "collide:nn_last_partner"
[kp]     56.09s  dealloc      711.9 MB  Cuda     live     4166.3 MB  "collide:nn_last_partner"
[kp]     56.15s  alloc        711.9 MB  Cuda     live     4878.2 MB  "collide:nn_last_partner"
[kp]     56.15s  dealloc      711.9 MB  Cuda     live     4166.3 MB  "collide:nn_last_partner"
[kp]     56.20s  alloc        711.9 MB  Cuda     live     4878.2 MB  "collide:nn_last_partner"
[kp]     56.20s  dealloc      711.9 MB  Cuda     live     4166.3 MB  "collide:nn_last_partner"
[kp]     56.25s  alloc        711.9 MB  Cuda     live     4878.2 MB  "collide:nn_last_partner"
[kp]     56.25s  dealloc      711.9 MB  Cuda     live     4166.3 MB  "collide:nn_last_partner"
[kp]     56.31s  alloc        711.9 MB  Cuda     live     4878.2 MB  "collide:nn_last_partner"
[kp]     56.31s  dealloc      711.9 MB  Cuda     live     4166.3 MB  "collide:nn_last_partner"
[kp]     56.36s  alloc        711.9 MB  Cuda     live     4878.2 MB  "collide:nn_last_partner"
[kp]     56.36s  dealloc      711.9 MB  Cuda     live     4166.3 MB  "collide:nn_last_partner"
[kp]     56.41s  alloc        711.9 MB  Cuda     live     4878.2 MB  "collide:nn_last_partner"
[kp]     56.41s  dealloc      711.9 MB  Cuda     live     4166.3 MB  "collide:nn_last_partner"
[kp]     56.47s  alloc        711.9 MB  Cuda     live     4878.2 MB  "collide:nn_last_partner"
[kp]     56.47s  dealloc      711.9 MB  Cuda     live     4166.3 MB  "collide:nn_last_partner"
[kp]     56.52s  alloc        711.9 MB  Cuda     live     4878.2 MB  "collide:nn_last_partner"
[kp]     56.52s  dealloc      711.9 MB  Cuda     live     4166.3 MB  "collide:nn_last_partner"
[kp]     56.57s  alloc        711.9 MB  Cuda     live     4878.2 MB  "collide:nn_last_partner"
[kp]     56.57s  dealloc      711.9 MB  Cuda     live     4166.3 MB  "collide:nn_last_partner"
[kp]     56.63s  alloc        711.9 MB  Cuda     live     4878.2 MB  "collide:nn_last_partner"
[kp]     56.63s  dealloc      711.9 MB  Cuda     live     4166.3 MB  "collide:nn_last_partner"
[kp]     56.68s  alloc        711.9 MB  Cuda     live     4878.2 MB  "collide:nn_last_partner"
[kp]     56.68s  dealloc      711.9 MB  Cuda     live     4166.3 MB  "collide:nn_last_partner"
[kp]     56.73s  alloc        711.9 MB  Cuda     live     4878.3 MB  "collide:nn_last_partner"
[kp]     56.73s  dealloc      711.9 MB  Cuda     live     4166.3 MB  "collide:nn_last_partner"
[kp]     56.79s  alloc        711.9 MB  Cuda     live     4878.3 MB  "collide:nn_last_partner"
[kp]     56.79s  dealloc      711.9 MB  Cuda     live     4166.3 MB  "collide:nn_last_partner"
[kp]     56.84s  alloc        711.9 MB  Cuda     live     4878.3 MB  "collide:nn_last_partner"
[kp]     56.84s  dealloc      711.9 MB  Cuda     live     4166.3 MB  "collide:nn_last_partner"
[kp]     56.89s  alloc        711.9 MB  Cuda     live     4878.3 MB  "collide:nn_last_partner"
[kp]     56.89s  dealloc      711.9 MB  Cuda     live     4166.3 MB  "collide:nn_last_partner"
[kp]     56.94s  alloc        711.9 MB  Cuda     live     4878.3 MB  "collide:nn_last_partner"
[kp]     56.95s  dealloc      711.9 MB  Cuda     live     4166.3 MB  "collide:nn_last_partner"
[kp]     57.00s  alloc        711.9 MB  Cuda     live     4878.3 MB  "collide:nn_last_partner"
[kp]     57.00s  dealloc      711.9 MB  Cuda     live     4166.3 MB  "collide:nn_last_partner"
[kp]     57.05s  alloc        711.9 MB  Cuda     live     4878.3 MB  "collide:nn_last_partner"
[kp]     57.05s  dealloc      711.9 MB  Cuda     live     4166.3 MB  "collide:nn_last_partner"
[kp]     57.10s  alloc        711.9 MB  Cuda     live     4878.3 MB  "collide:nn_last_partner"
[kp]     57.10s  dealloc      711.9 MB  Cuda     live     4166.3 MB  "collide:nn_last_partner"
[kp]     57.16s  alloc        711.9 MB  Cuda     live     4878.3 MB  "collide:nn_last_partner"
[kp]     57.16s  dealloc      711.9 MB  Cuda     live     4166.3 MB  "collide:nn_last_partner"
[kp]     57.21s  alloc        711.9 MB  Cuda     live     4878.3 MB  "collide:nn_last_partner"
[kp]     57.21s  dealloc      711.9 MB  Cuda     live     4166.3 MB  "collide:nn_last_partner"
[kp]     57.26s  alloc        711.9 MB  Cuda     live     4878.3 MB  "collide:nn_last_partner"
[kp]     57.26s  dealloc      711.9 MB  Cuda     live     4166.3 MB  "collide:nn_last_partner"
[kp]     57.32s  alloc        711.9 MB  Cuda     live     4878.3 MB  "collide:nn_last_partner"
[kp]     57.32s  dealloc      711.9 MB  Cuda     live     4166.3 MB  "collide:nn_last_partner"
[kp]     57.37s  alloc        711.9 MB  Cuda     live     4878.3 MB  "collide:nn_last_partner"
[kp]     57.37s  dealloc      711.9 MB  Cuda     live     4166.3 MB  "collide:nn_last_partner"
[kp]     57.42s  alloc        711.9 MB  Cuda     live     4878.3 MB  "collide:nn_last_partner"
[kp]     57.42s  dealloc      711.9 MB  Cuda     live     4166.3 MB  "collide:nn_last_partner"
[kp]     57.48s  alloc        711.9 MB  Cuda     live     4878.3 MB  "collide:nn_last_partner"
[kp]     57.48s  dealloc      711.9 MB  Cuda     live     4166.3 MB  "collide:nn_last_partner"
[kp]     57.53s  alloc        711.9 MB  Cuda     live     4878.3 MB  "collide:nn_last_partner"
[kp]     57.53s  dealloc      711.9 MB  Cuda     live     4166.3 MB  "collide:nn_last_partner"
[kp]     57.58s  alloc        711.9 MB  Cuda     live     4878.3 MB  "collide:nn_last_partner"
[kp]     57.58s  dealloc      711.9 MB  Cuda     live     4166.3 MB  "collide:nn_last_partner"
[kp]     57.64s  alloc        711.9 MB  Cuda     live     4878.3 MB  "collide:nn_last_partner"
[kp]     57.64s  dealloc      711.9 MB  Cuda     live     4166.3 MB  "collide:nn_last_partner"
[kp]     57.69s  alloc        711.9 MB  Cuda     live     4878.3 MB  "collide:nn_last_partner"
[kp]     57.69s  dealloc      711.9 MB  Cuda     live     4166.3 MB  "collide:nn_last_partner"
[kp]     57.74s  alloc        711.9 MB  Cuda     live     4878.3 MB  "collide:nn_last_partner"
[kp]     57.74s  dealloc      711.9 MB  Cuda     live     4166.3 MB  "collide:nn_last_partner"
[kp]     57.80s  alloc        711.9 MB  Cuda     live     4878.3 MB  "collide:nn_last_partner"
[kp]     57.80s  dealloc      711.9 MB  Cuda     live     4166.3 MB  "collide:nn_last_partner"
[kp]     57.85s  alloc        711.9 MB  Cuda     live     4878.3 MB  "collide:nn_last_partner"
[kp]     57.85s  dealloc      711.9 MB  Cuda     live     4166.3 MB  "collide:nn_last_partner"
[kp]     57.90s  alloc        711.9 MB  Cuda     live     4878.3 MB  "collide:nn_last_partner"
[kp]     57.90s  dealloc      711.9 MB  Cuda     live     4166.3 MB  "collide:nn_last_partner"
[kp]     57.96s  alloc        711.9 MB  Cuda     live     4878.3 MB  "collide:nn_last_partner"
[kp]     57.96s  dealloc      711.9 MB  Cuda     live     4166.3 MB  "collide:nn_last_partner"
[kp]     58.01s  alloc        711.9 MB  Cuda     live     4878.3 MB  "collide:nn_last_partner"
[kp]     58.01s  dealloc      711.9 MB  Cuda     live     4166.3 MB  "collide:nn_last_partner"
[kp]     58.06s  alloc        711.9 MB  Cuda     live     4878.3 MB  "collide:nn_last_partner"
[kp]     58.06s  dealloc      711.9 MB  Cuda     live     4166.3 MB  "collide:nn_last_partner"
     700    45.434034 5.5174564e-08    18.391522        3e-09 29348049   104889    58177        0        0    295.70926 
[kp]     58.23s  alloc        711.9 MB  Cuda     live     4878.3 MB  "collide:nn_last_partner"
[kp]     58.23s  dealloc      711.9 MB  Cuda     live     4166.3 MB  "collide:nn_last_partner"
[kp]     58.28s  alloc        711.9 MB  Cuda     live     4878.3 MB  "collide:nn_last_partner"
[kp]     58.28s  dealloc      711.9 MB  Cuda     live     4166.3 MB  "collide:nn_last_partner"
[kp]     58.33s  alloc        711.9 MB  Cuda     live     4878.3 MB  "collide:nn_last_partner"
[kp]     58.33s  dealloc      711.9 MB  Cuda     live     4166.3 MB  "collide:nn_last_partner"
[kp]     58.38s  alloc        711.9 MB  Cuda     live     4878.3 MB  "collide:nn_last_partner"
[kp]     58.39s  dealloc      711.9 MB  Cuda     live     4166.3 MB  "collide:nn_last_partner"
[kp]     58.44s  alloc        711.9 MB  Cuda     live     4878.3 MB  "collide:nn_last_partner"
[kp]     58.44s  dealloc      711.9 MB  Cuda     live     4166.3 MB  "collide:nn_last_partner"
[kp]     58.49s  alloc        711.9 MB  Cuda     live     4878.3 MB  "collide:nn_last_partner"
[kp]     58.49s  dealloc      711.9 MB  Cuda     live     4166.3 MB  "collide:nn_last_partner"
[kp]     58.54s  alloc        711.9 MB  Cuda     live     4878.3 MB  "collide:nn_last_partner"
[kp]     58.55s  dealloc      711.9 MB  Cuda     live     4166.3 MB  "collide:nn_last_partner"
[kp]     58.60s  alloc        711.9 MB  Cuda     live     4878.3 MB  "collide:nn_last_partner"
[kp]     58.60s  dealloc      711.9 MB  Cuda     live     4166.3 MB  "collide:nn_last_partner"
[kp]     58.65s  alloc        711.9 MB  Cuda     live     4878.3 MB  "collide:nn_last_partner"
[kp]     58.65s  dealloc      711.9 MB  Cuda     live     4166.3 MB  "collide:nn_last_partner"
[kp]     58.70s  alloc        711.9 MB  Cuda     live     4878.3 MB  "collide:nn_last_partner"
[kp]     58.70s  dealloc      711.9 MB  Cuda     live     4166.3 MB  "collide:nn_last_partner"
[kp]     58.76s  alloc        711.9 MB  Cuda     live     4878.3 MB  "collide:nn_last_partner"
[kp]     58.76s  dealloc      711.9 MB  Cuda     live     4166.3 MB  "collide:nn_last_partner"
[kp]     58.81s  alloc        711.9 MB  Cuda     live     4878.3 MB  "collide:nn_last_partner"
[kp]     58.81s  dealloc      711.9 MB  Cuda     live     4166.3 MB  "collide:nn_last_partner"
[kp]     58.86s  alloc        711.9 MB  Cuda     live     4878.3 MB  "collide:nn_last_partner"
[kp]     58.86s  dealloc      711.9 MB  Cuda     live     4166.3 MB  "collide:nn_last_partner"
[kp]     58.92s  alloc        711.9 MB  Cuda     live     4878.3 MB  "collide:nn_last_partner"
[kp]     58.92s  dealloc      711.9 MB  Cuda     live     4166.3 MB  "collide:nn_last_partner"
[kp]     58.97s  alloc        711.9 MB  Cuda     live     4878.3 MB  "collide:nn_last_partner"
[kp]     58.97s  dealloc      711.9 MB  Cuda     live     4166.3 MB  "collide:nn_last_partner"
[kp]     59.02s  alloc        711.9 MB  Cuda     live     4878.3 MB  "collide:nn_last_partner"
[kp]     59.02s  dealloc      711.9 MB  Cuda     live     4166.3 MB  "collide:nn_last_partner"
[kp]     59.08s  alloc        711.9 MB  Cuda     live     4878.3 MB  "collide:nn_last_partner"
[kp]     59.08s  dealloc      711.9 MB  Cuda     live     4166.3 MB  "collide:nn_last_partner"
[kp]     59.13s  alloc        711.9 MB  Cuda     live     4878.3 MB  "collide:nn_last_partner"
[kp]     59.13s  dealloc      711.9 MB  Cuda     live     4166.3 MB  "collide:nn_last_partner"
[kp]     59.18s  alloc        711.9 MB  Cuda     live     4878.3 MB  "collide:nn_last_partner"
[kp]     59.18s  dealloc      711.9 MB  Cuda     live     4166.3 MB  "collide:nn_last_partner"
[kp]     59.24s  alloc        711.9 MB  Cuda     live     4878.3 MB  "collide:nn_last_partner"
[kp]     59.24s  dealloc      711.9 MB  Cuda     live     4166.3 MB  "collide:nn_last_partner"
[kp]     59.29s  alloc        711.9 MB  Cuda     live     4878.3 MB  "collide:nn_last_partner"
[kp]     59.29s  dealloc      711.9 MB  Cuda     live     4166.3 MB  "collide:nn_last_partner"
[kp]     59.34s  alloc        711.9 MB  Cuda     live     4878.3 MB  "collide:nn_last_partner"
[kp]     59.34s  dealloc      711.9 MB  Cuda     live     4166.3 MB  "collide:nn_last_partner"
[kp]     59.39s  alloc        711.9 MB  Cuda     live     4878.3 MB  "collide:nn_last_partner"
[kp]     59.40s  dealloc      711.9 MB  Cuda     live     4166.3 MB  "collide:nn_last_partner"
[kp]     59.45s  alloc        711.9 MB  Cuda     live     4878.3 MB  "collide:nn_last_partner"
[kp]     59.45s  dealloc      711.9 MB  Cuda     live     4166.3 MB  "collide:nn_last_partner"
[kp]     59.50s  alloc        711.9 MB  Cuda     live     4878.3 MB  "collide:nn_last_partner"
[kp]     59.50s  dealloc      711.9 MB  Cuda     live     4166.3 MB  "collide:nn_last_partner"
[kp]     59.55s  alloc        711.9 MB  Cuda     live     4878.3 MB  "collide:nn_last_partner"
[kp]     59.55s  dealloc      711.9 MB  Cuda     live     4166.3 MB  "collide:nn_last_partner"
[kp]     59.61s  alloc        711.9 MB  Cuda     live     4878.3 MB  "collide:nn_last_partner"
[kp]     59.61s  dealloc      711.9 MB  Cuda     live     4166.3 MB  "collide:nn_last_partner"
[kp]     59.66s  alloc        711.9 MB  Cuda     live     4878.3 MB  "collide:nn_last_partner"
[kp]     59.66s  dealloc      711.9 MB  Cuda     live     4166.3 MB  "collide:nn_last_partner"
[kp]     59.71s  alloc        711.9 MB  Cuda     live     4878.3 MB  "collide:nn_last_partner"
[kp]     59.71s  dealloc      711.9 MB  Cuda     live     4166.3 MB  "collide:nn_last_partner"
[kp]     59.77s  alloc        711.9 MB  Cuda     live     4878.3 MB  "collide:nn_last_partner"
[kp]     59.77s  dealloc      711.9 MB  Cuda     live     4166.3 MB  "collide:nn_last_partner"
[kp]     59.82s  alloc        711.9 MB  Cuda     live     4878.3 MB  "collide:nn_last_partner"
[kp]     59.82s  dealloc      711.9 MB  Cuda     live     4166.3 MB  "collide:nn_last_partner"
[kp]     59.87s  alloc        711.9 MB  Cuda     live     4878.3 MB  "collide:nn_last_partner"
[kp]     59.87s  dealloc      711.9 MB  Cuda     live     4166.3 MB  "collide:nn_last_partner"
[kp]     59.93s  alloc        711.9 MB  Cuda     live     4878.3 MB  "collide:nn_last_partner"
[kp]     59.93s  dealloc      711.9 MB  Cuda     live     4166.3 MB  "collide:nn_last_partner"
[kp]     59.98s  alloc        711.9 MB  Cuda     live     4878.3 MB  "collide:nn_last_partner"
[kp]     59.98s  dealloc      711.9 MB  Cuda     live     4166.3 MB  "collide:nn_last_partner"
[kp]     60.03s  alloc        711.9 MB  Cuda     live     4878.3 MB  "collide:nn_last_partner"
[kp]     60.03s  dealloc      711.9 MB  Cuda     live     4166.3 MB  "collide:nn_last_partner"
[kp]     60.09s  alloc        711.9 MB  Cuda     live     4878.3 MB  "collide:nn_last_partner"
[kp]     60.09s  dealloc      711.9 MB  Cuda     live     4166.3 MB  "collide:nn_last_partner"
[kp]     60.14s  alloc        711.9 MB  Cuda     live     4878.3 MB  "collide:nn_last_partner"
[kp]     60.14s  dealloc      711.9 MB  Cuda     live     4166.3 MB  "collide:nn_last_partner"
[kp]     60.19s  alloc        711.9 MB  Cuda     live     4878.3 MB  "collide:nn_last_partner"
[kp]     60.19s  dealloc      711.9 MB  Cuda     live     4166.3 MB  "collide:nn_last_partner"
[kp]     60.24s  alloc        711.9 MB  Cuda     live     4878.3 MB  "collide:nn_last_partner"
[kp]     60.25s  dealloc      711.9 MB  Cuda     live     4166.3 MB  "collide:nn_last_partner"
[kp]     60.30s  alloc        711.9 MB  Cuda     live     4878.3 MB  "collide:nn_last_partner"
[kp]     60.30s  dealloc      711.9 MB  Cuda     live     4166.3 MB  "collide:nn_last_partner"
[kp]     60.35s  alloc        711.9 MB  Cuda     live     4878.3 MB  "collide:nn_last_partner"
[kp]     60.35s  dealloc      711.9 MB  Cuda     live     4166.3 MB  "collide:nn_last_partner"
[kp]     60.40s  alloc        711.9 MB  Cuda     live     4878.3 MB  "collide:nn_last_partner"
[kp]     60.40s  dealloc      711.9 MB  Cuda     live     4166.3 MB  "collide:nn_last_partner"
[kp]     60.46s  alloc        711.9 MB  Cuda     live     4878.3 MB  "collide:nn_last_partner"
[kp]     60.46s  dealloc      711.9 MB  Cuda     live     4166.3 MB  "collide:nn_last_partner"
[kp]     60.51s  alloc        711.9 MB  Cuda     live     4878.3 MB  "collide:nn_last_partner"
[kp]     60.51s  dealloc      711.9 MB  Cuda     live     4166.3 MB  "collide:nn_last_partner"
[kp]     60.56s  alloc        711.9 MB  Cuda     live     4878.3 MB  "collide:nn_last_partner"
[kp]     60.56s  dealloc      711.9 MB  Cuda     live     4166.3 MB  "collide:nn_last_partner"
[kp]     60.62s  alloc        711.9 MB  Cuda     live     4878.3 MB  "collide:nn_last_partner"
[kp]     60.62s  dealloc      711.9 MB  Cuda     live     4166.3 MB  "collide:nn_last_partner"
[kp]     60.67s  alloc        711.9 MB  Cuda     live     4878.3 MB  "collide:nn_last_partner"
[kp]     60.67s  dealloc      711.9 MB  Cuda     live     4166.3 MB  "collide:nn_last_partner"
[kp]     60.72s  alloc        711.9 MB  Cuda     live     4878.3 MB  "collide:nn_last_partner"
[kp]     60.72s  dealloc      711.9 MB  Cuda     live     4166.3 MB  "collide:nn_last_partner"
[kp]     60.78s  alloc        711.9 MB  Cuda     live     4878.3 MB  "collide:nn_last_partner"
[kp]     60.78s  dealloc      711.9 MB  Cuda     live     4166.3 MB  "collide:nn_last_partner"
[kp]     60.83s  alloc        711.9 MB  Cuda     live     4878.3 MB  "collide:nn_last_partner"
[kp]     60.83s  dealloc      711.9 MB  Cuda     live     4166.3 MB  "collide:nn_last_partner"
[kp]     60.88s  alloc        711.9 MB  Cuda     live     4878.3 MB  "collide:nn_last_partner"
[kp]     60.88s  dealloc      711.9 MB  Cuda     live     4166.3 MB  "collide:nn_last_partner"
[kp]     60.94s  alloc        711.9 MB  Cuda     live     4878.3 MB  "collide:nn_last_partner"
[kp]     60.94s  dealloc      711.9 MB  Cuda     live     4166.3 MB  "collide:nn_last_partner"
[kp]     60.99s  alloc        711.9 MB  Cuda     live     4878.3 MB  "collide:nn_last_partner"
[kp]     60.99s  dealloc      711.9 MB  Cuda     live     4166.3 MB  "collide:nn_last_partner"
[kp]     61.04s  alloc        711.9 MB  Cuda     live     4878.3 MB  "collide:nn_last_partner"
[kp]     61.04s  dealloc      711.9 MB  Cuda     live     4166.3 MB  "collide:nn_last_partner"
[kp]     61.09s  alloc        711.9 MB  Cuda     live     4878.3 MB  "collide:nn_last_partner"
[kp]     61.09s  dealloc      711.9 MB  Cuda     live     4166.3 MB  "collide:nn_last_partner"
[kp]     61.15s  alloc        711.9 MB  Cuda     live     4878.3 MB  "collide:nn_last_partner"
[kp]     61.15s  dealloc      711.9 MB  Cuda     live     4166.3 MB  "collide:nn_last_partner"
[kp]     61.20s  alloc        711.9 MB  Cuda     live     4878.3 MB  "collide:nn_last_partner"
[kp]     61.20s  dealloc      711.9 MB  Cuda     live     4166.3 MB  "collide:nn_last_partner"
[kp]     61.25s  alloc        711.9 MB  Cuda     live     4878.3 MB  "collide:nn_last_partner"
[kp]     61.25s  dealloc      711.9 MB  Cuda     live     4166.3 MB  "collide:nn_last_partner"
[kp]     61.31s  alloc        711.9 MB  Cuda     live     4878.3 MB  "collide:nn_last_partner"
[kp]     61.31s  dealloc      711.9 MB  Cuda     live     4166.3 MB  "collide:nn_last_partner"
[kp]     61.36s  alloc        711.9 MB  Cuda     live     4878.3 MB  "collide:nn_last_partner"
[kp]     61.36s  dealloc      711.9 MB  Cuda     live     4166.3 MB  "collide:nn_last_partner"
[kp]     61.41s  alloc        711.9 MB  Cuda     live     4878.3 MB  "collide:nn_last_partner"
[kp]     61.41s  dealloc      711.9 MB  Cuda     live     4166.3 MB  "collide:nn_last_partner"
[kp]     61.47s  alloc        711.9 MB  Cuda     live     4878.3 MB  "collide:nn_last_partner"
[kp]     61.47s  dealloc      711.9 MB  Cuda     live     4166.3 MB  "collide:nn_last_partner"
[kp]     61.52s  alloc        711.9 MB  Cuda     live     4878.3 MB  "collide:nn_last_partner"
[kp]     61.52s  dealloc      711.9 MB  Cuda     live     4166.3 MB  "collide:nn_last_partner"
[kp]     61.57s  alloc        711.9 MB  Cuda     live     4878.3 MB  "collide:nn_last_partner"
[kp]     61.57s  dealloc      711.9 MB  Cuda     live     4166.3 MB  "collide:nn_last_partner"
[kp]     61.62s  alloc        711.9 MB  Cuda     live     4878.3 MB  "collide:nn_last_partner"
[kp]     61.63s  dealloc      711.9 MB  Cuda     live     4166.3 MB  "collide:nn_last_partner"
[kp]     61.68s  alloc        711.9 MB  Cuda     live     4878.3 MB  "collide:nn_last_partner"
[kp]     61.68s  dealloc      711.9 MB  Cuda     live     4166.3 MB  "collide:nn_last_partner"
[kp]     61.73s  alloc        711.9 MB  Cuda     live     4878.3 MB  "collide:nn_last_partner"
[kp]     61.73s  dealloc      711.9 MB  Cuda     live     4166.3 MB  "collide:nn_last_partner"
[kp]     61.78s  alloc        711.9 MB  Cuda     live     4878.3 MB  "collide:nn_last_partner"
[kp]     61.78s  dealloc      711.9 MB  Cuda     live     4166.3 MB  "collide:nn_last_partner"
[kp]     61.84s  alloc        711.9 MB  Cuda     live     4878.3 MB  "collide:nn_last_partner"
[kp]     61.84s  dealloc      711.9 MB  Cuda     live     4166.3 MB  "collide:nn_last_partner"
[kp]     61.89s  alloc        711.9 MB  Cuda     live     4878.3 MB  "collide:nn_last_partner"
[kp]     61.89s  dealloc      711.9 MB  Cuda     live     4166.3 MB  "collide:nn_last_partner"
[kp]     61.94s  alloc        711.9 MB  Cuda     live     4878.3 MB  "collide:nn_last_partner"
[kp]     61.94s  dealloc      711.9 MB  Cuda     live     4166.3 MB  "collide:nn_last_partner"
[kp]     62.00s  alloc        711.9 MB  Cuda     live     4878.3 MB  "collide:nn_last_partner"
[kp]     62.00s  dealloc      711.9 MB  Cuda     live     4166.3 MB  "collide:nn_last_partner"
[kp]     62.05s  alloc        711.9 MB  Cuda     live     4878.3 MB  "collide:nn_last_partner"
[kp]     62.05s  dealloc      711.9 MB  Cuda     live     4166.3 MB  "collide:nn_last_partner"
[kp]     62.10s  alloc        711.9 MB  Cuda     live     4878.3 MB  "collide:nn_last_partner"
[kp]     62.10s  dealloc      711.9 MB  Cuda     live     4166.3 MB  "collide:nn_last_partner"
[kp]     62.15s  alloc        711.9 MB  Cuda     live     4878.3 MB  "collide:nn_last_partner"
[kp]     62.16s  dealloc      711.9 MB  Cuda     live     4166.3 MB  "collide:nn_last_partner"
[kp]     62.21s  alloc        711.9 MB  Cuda     live     4878.3 MB  "collide:nn_last_partner"
[kp]     62.21s  dealloc      711.9 MB  Cuda     live     4166.3 MB  "collide:nn_last_partner"
[kp]     62.26s  alloc        711.9 MB  Cuda     live     4878.3 MB  "collide:nn_last_partner"
[kp]     62.26s  dealloc      711.9 MB  Cuda     live     4166.3 MB  "collide:nn_last_partner"
[kp]     62.31s  alloc        711.9 MB  Cuda     live     4878.3 MB  "collide:nn_last_partner"
[kp]     62.31s  dealloc      711.9 MB  Cuda     live     4166.3 MB  "collide:nn_last_partner"
[kp]     62.37s  alloc        711.9 MB  Cuda     live     4878.3 MB  "collide:nn_last_partner"
[kp]     62.37s  dealloc      711.9 MB  Cuda     live     4166.3 MB  "collide:nn_last_partner"
[kp]     62.42s  alloc        711.9 MB  Cuda     live     4878.3 MB  "collide:nn_last_partner"
[kp]     62.42s  dealloc      711.9 MB  Cuda     live     4166.3 MB  "collide:nn_last_partner"
[kp]     62.47s  alloc        711.9 MB  Cuda     live     4878.3 MB  "collide:nn_last_partner"
[kp]     62.47s  dealloc      711.9 MB  Cuda     live     4166.3 MB  "collide:nn_last_partner"
[kp]     62.53s  alloc        711.9 MB  Cuda     live     4878.3 MB  "collide:nn_last_partner"
[kp]     62.53s  dealloc      711.9 MB  Cuda     live     4166.3 MB  "collide:nn_last_partner"
[kp]     62.58s  alloc        711.9 MB  Cuda     live     4878.3 MB  "collide:nn_last_partner"
[kp]     62.58s  dealloc      711.9 MB  Cuda     live     4166.3 MB  "collide:nn_last_partner"
[kp]     62.63s  alloc        711.9 MB  Cuda     live     4878.3 MB  "collide:nn_last_partner"
[kp]     62.63s  dealloc      711.9 MB  Cuda     live     4166.3 MB  "collide:nn_last_partner"
[kp]     62.68s  alloc        711.9 MB  Cuda     live     4878.3 MB  "collide:nn_last_partner"
[kp]     62.69s  dealloc      711.9 MB  Cuda     live     4166.3 MB  "collide:nn_last_partner"
[kp]     62.74s  alloc        711.9 MB  Cuda     live     4878.3 MB  "collide:nn_last_partner"
[kp]     62.74s  dealloc      711.9 MB  Cuda     live     4166.3 MB  "collide:nn_last_partner"
[kp]     62.79s  alloc        711.9 MB  Cuda     live     4878.3 MB  "collide:nn_last_partner"
[kp]     62.79s  dealloc      711.9 MB  Cuda     live     4166.3 MB  "collide:nn_last_partner"
[kp]     62.84s  alloc        711.9 MB  Cuda     live     4878.3 MB  "collide:nn_last_partner"
[kp]     62.84s  dealloc      711.9 MB  Cuda     live     4166.3 MB  "collide:nn_last_partner"
[kp]     62.90s  alloc        711.9 MB  Cuda     live     4878.3 MB  "collide:nn_last_partner"
[kp]     62.90s  dealloc      711.9 MB  Cuda     live     4166.3 MB  "collide:nn_last_partner"
[kp]     62.95s  alloc        711.9 MB  Cuda     live     4878.3 MB  "collide:nn_last_partner"
[kp]     62.95s  dealloc      711.9 MB  Cuda     live     4166.3 MB  "collide:nn_last_partner"
[kp]     63.00s  alloc        711.9 MB  Cuda     live     4878.3 MB  "collide:nn_last_partner"
[kp]     63.00s  dealloc      711.9 MB  Cuda     live     4166.3 MB  "collide:nn_last_partner"
[kp]     63.06s  alloc        711.9 MB  Cuda     live     4878.3 MB  "collide:nn_last_partner"
[kp]     63.06s  dealloc      711.9 MB  Cuda     live     4166.3 MB  "collide:nn_last_partner"
[kp]     63.11s  alloc        711.9 MB  Cuda     live     4878.3 MB  "collide:nn_last_partner"
[kp]     63.11s  dealloc      711.9 MB  Cuda     live     4166.3 MB  "collide:nn_last_partner"
[kp]     63.16s  alloc        711.9 MB  Cuda     live     4878.3 MB  "collide:nn_last_partner"
[kp]     63.16s  dealloc      711.9 MB  Cuda     live     4166.3 MB  "collide:nn_last_partner"
[kp]     63.21s  alloc        711.9 MB  Cuda     live     4878.3 MB  "collide:nn_last_partner"
[kp]     63.22s  dealloc      711.9 MB  Cuda     live     4166.3 MB  "collide:nn_last_partner"
[kp]     63.27s  alloc        711.9 MB  Cuda     live     4878.3 MB  "collide:nn_last_partner"
[kp]     63.27s  dealloc      711.9 MB  Cuda     live     4166.3 MB  "collide:nn_last_partner"
[kp]     63.32s  alloc        711.9 MB  Cuda     live     4878.3 MB  "collide:nn_last_partner"
[kp]     63.32s  dealloc      711.9 MB  Cuda     live     4166.3 MB  "collide:nn_last_partner"
[kp]     63.37s  alloc        711.9 MB  Cuda     live     4878.3 MB  "collide:nn_last_partner"
[kp]     63.37s  dealloc      711.9 MB  Cuda     live     4166.3 MB  "collide:nn_last_partner"
[kp]     63.43s  alloc        711.9 MB  Cuda     live     4878.3 MB  "collide:nn_last_partner"
[kp]     63.43s  dealloc      711.9 MB  Cuda     live     4166.3 MB  "collide:nn_last_partner"
[kp]     63.48s  alloc        711.9 MB  Cuda     live     4878.3 MB  "collide:nn_last_partner"
[kp]     63.48s  dealloc      711.9 MB  Cuda     live     4166.3 MB  "collide:nn_last_partner"
     800    50.853875 5.5352148e-08    18.450715        3e-09 29225455   105246    58023        0        0    295.44903 
[kp]     63.64s  alloc        711.9 MB  Cuda     live     4878.3 MB  "collide:nn_last_partner"
[kp]     63.65s  dealloc      711.9 MB  Cuda     live     4166.3 MB  "collide:nn_last_partner"
[kp]     63.70s  alloc        711.9 MB  Cuda     live     4878.3 MB  "collide:nn_last_partner"
[kp]     63.70s  dealloc      711.9 MB  Cuda     live     4166.3 MB  "collide:nn_last_partner"
[kp]     63.75s  alloc        711.9 MB  Cuda     live     4878.3 MB  "collide:nn_last_partner"
[kp]     63.75s  dealloc      711.9 MB  Cuda     live     4166.3 MB  "collide:nn_last_partner"
[kp]     63.80s  alloc        711.9 MB  Cuda     live     4878.3 MB  "collide:nn_last_partner"
[kp]     63.80s  dealloc      711.9 MB  Cuda     live     4166.3 MB  "collide:nn_last_partner"
[kp]     63.86s  alloc        711.9 MB  Cuda     live     4878.3 MB  "collide:nn_last_partner"
[kp]     63.86s  dealloc      711.9 MB  Cuda     live     4166.3 MB  "collide:nn_last_partner"
[kp]     63.91s  alloc        711.9 MB  Cuda     live     4878.3 MB  "collide:nn_last_partner"
[kp]     63.91s  dealloc      711.9 MB  Cuda     live     4166.3 MB  "collide:nn_last_partner"
[kp]     63.96s  alloc        711.9 MB  Cuda     live     4878.3 MB  "collide:nn_last_partner"
[kp]     63.96s  dealloc      711.9 MB  Cuda     live     4166.3 MB  "collide:nn_last_partner"
[kp]     64.02s  alloc        711.9 MB  Cuda     live     4878.3 MB  "collide:nn_last_partner"
[kp]     64.02s  dealloc      711.9 MB  Cuda     live     4166.3 MB  "collide:nn_last_partner"
[kp]     64.07s  alloc        711.9 MB  Cuda     live     4878.3 MB  "collide:nn_last_partner"
[kp]     64.07s  dealloc      711.9 MB  Cuda     live     4166.3 MB  "collide:nn_last_partner"
[kp]     64.12s  alloc        711.9 MB  Cuda     live     4878.3 MB  "collide:nn_last_partner"
[kp]     64.12s  dealloc      711.9 MB  Cuda     live     4166.3 MB  "collide:nn_last_partner"
[kp]     64.17s  alloc        711.9 MB  Cuda     live     4878.3 MB  "collide:nn_last_partner"
[kp]     64.18s  dealloc      711.9 MB  Cuda     live     4166.3 MB  "collide:nn_last_partner"
[kp]     64.23s  alloc        711.9 MB  Cuda     live     4878.3 MB  "collide:nn_last_partner"
[kp]     64.23s  dealloc      711.9 MB  Cuda     live     4166.3 MB  "collide:nn_last_partner"
[kp]     64.28s  alloc        711.9 MB  Cuda     live     4878.3 MB  "collide:nn_last_partner"
[kp]     64.28s  dealloc      711.9 MB  Cuda     live     4166.3 MB  "collide:nn_last_partner"
[kp]     64.33s  alloc        711.9 MB  Cuda     live     4878.3 MB  "collide:nn_last_partner"
[kp]     64.33s  dealloc      711.9 MB  Cuda     live     4166.3 MB  "collide:nn_last_partner"
[kp]     64.39s  alloc        711.9 MB  Cuda     live     4878.3 MB  "collide:nn_last_partner"
[kp]     64.39s  dealloc      711.9 MB  Cuda     live     4166.3 MB  "collide:nn_last_partner"
[kp]     64.44s  alloc        711.9 MB  Cuda     live     4878.3 MB  "collide:nn_last_partner"
[kp]     64.44s  dealloc      711.9 MB  Cuda     live     4166.3 MB  "collide:nn_last_partner"
[kp]     64.49s  alloc        711.9 MB  Cuda     live     4878.3 MB  "collide:nn_last_partner"
[kp]     64.49s  dealloc      711.9 MB  Cuda     live     4166.3 MB  "collide:nn_last_partner"
[kp]     64.55s  alloc        711.9 MB  Cuda     live     4878.3 MB  "collide:nn_last_partner"
[kp]     64.55s  dealloc      711.9 MB  Cuda     live     4166.3 MB  "collide:nn_last_partner"
[kp]     64.60s  alloc        711.9 MB  Cuda     live     4878.3 MB  "collide:nn_last_partner"
[kp]     64.60s  dealloc      711.9 MB  Cuda     live     4166.3 MB  "collide:nn_last_partner"
[kp]     64.65s  alloc        711.9 MB  Cuda     live     4878.3 MB  "collide:nn_last_partner"
[kp]     64.65s  dealloc      711.9 MB  Cuda     live     4166.3 MB  "collide:nn_last_partner"
[kp]     64.70s  alloc        711.9 MB  Cuda     live     4878.3 MB  "collide:nn_last_partner"
[kp]     64.70s  dealloc      711.9 MB  Cuda     live     4166.3 MB  "collide:nn_last_partner"
[kp]     64.76s  alloc        711.9 MB  Cuda     live     4878.3 MB  "collide:nn_last_partner"
[kp]     64.76s  dealloc      711.9 MB  Cuda     live     4166.3 MB  "collide:nn_last_partner"
[kp]     64.81s  alloc        711.9 MB  Cuda     live     4878.3 MB  "collide:nn_last_partner"
[kp]     64.81s  dealloc      711.9 MB  Cuda     live     4166.3 MB  "collide:nn_last_partner"
[kp]     64.86s  alloc        711.9 MB  Cuda     live     4878.3 MB  "collide:nn_last_partner"
[kp]     64.86s  dealloc      711.9 MB  Cuda     live     4166.3 MB  "collide:nn_last_partner"
[kp]     64.92s  alloc        711.9 MB  Cuda     live     4878.3 MB  "collide:nn_last_partner"
[kp]     64.92s  dealloc      711.9 MB  Cuda     live     4166.3 MB  "collide:nn_last_partner"
[kp]     64.97s  alloc        711.9 MB  Cuda     live     4878.3 MB  "collide:nn_last_partner"
[kp]     64.97s  dealloc      711.9 MB  Cuda     live     4166.3 MB  "collide:nn_last_partner"
[kp]     65.02s  alloc        711.9 MB  Cuda     live     4878.3 MB  "collide:nn_last_partner"
[kp]     65.02s  dealloc      711.9 MB  Cuda     live     4166.3 MB  "collide:nn_last_partner"
[kp]     65.07s  alloc        711.9 MB  Cuda     live     4878.3 MB  "collide:nn_last_partner"
[kp]     65.07s  dealloc      711.9 MB  Cuda     live     4166.3 MB  "collide:nn_last_partner"
[kp]     65.13s  alloc        711.9 MB  Cuda     live     4878.3 MB  "collide:nn_last_partner"
[kp]     65.13s  dealloc      711.9 MB  Cuda     live     4166.3 MB  "collide:nn_last_partner"
[kp]     65.18s  alloc        711.9 MB  Cuda     live     4878.3 MB  "collide:nn_last_partner"
[kp]     65.18s  dealloc      711.9 MB  Cuda     live     4166.3 MB  "collide:nn_last_partner"
[kp]     65.23s  alloc        711.9 MB  Cuda     live     4878.3 MB  "collide:nn_last_partner"
[kp]     65.23s  dealloc      711.9 MB  Cuda     live     4166.3 MB  "collide:nn_last_partner"
[kp]     65.29s  alloc        711.9 MB  Cuda     live     4878.3 MB  "collide:nn_last_partner"
[kp]     65.29s  dealloc      711.9 MB  Cuda     live     4166.3 MB  "collide:nn_last_partner"
[kp]     65.34s  alloc        711.9 MB  Cuda     live     4878.3 MB  "collide:nn_last_partner"
[kp]     65.34s  dealloc      711.9 MB  Cuda     live     4166.3 MB  "collide:nn_last_partner"
[kp]     65.39s  alloc        711.9 MB  Cuda     live     4878.3 MB  "collide:nn_last_partner"
[kp]     65.39s  dealloc      711.9 MB  Cuda     live     4166.3 MB  "collide:nn_last_partner"
[kp]     65.44s  alloc        711.9 MB  Cuda     live     4878.3 MB  "collide:nn_last_partner"
[kp]     65.45s  dealloc      711.9 MB  Cuda     live     4166.3 MB  "collide:nn_last_partner"
[kp]     65.50s  alloc        711.9 MB  Cuda     live     4878.3 MB  "collide:nn_last_partner"
[kp]     65.50s  dealloc      711.9 MB  Cuda     live     4166.3 MB  "collide:nn_last_partner"
[kp]     65.55s  alloc        711.9 MB  Cuda     live     4878.3 MB  "collide:nn_last_partner"
[kp]     65.55s  dealloc      711.9 MB  Cuda     live     4166.3 MB  "collide:nn_last_partner"
[kp]     65.60s  alloc        711.9 MB  Cuda     live     4878.3 MB  "collide:nn_last_partner"
[kp]     65.60s  dealloc      711.9 MB  Cuda     live     4166.3 MB  "collide:nn_last_partner"
[kp]     65.66s  alloc        711.9 MB  Cuda     live     4878.3 MB  "collide:nn_last_partner"
[kp]     65.66s  dealloc      711.9 MB  Cuda     live     4166.3 MB  "collide:nn_last_partner"
[kp]     65.71s  alloc        711.9 MB  Cuda     live     4878.3 MB  "collide:nn_last_partner"
[kp]     65.71s  dealloc      711.9 MB  Cuda     live     4166.3 MB  "collide:nn_last_partner"
[kp]     65.76s  alloc        711.9 MB  Cuda     live     4878.3 MB  "collide:nn_last_partner"
[kp]     65.76s  dealloc      711.9 MB  Cuda     live     4166.3 MB  "collide:nn_last_partner"
[kp]     65.81s  alloc        711.9 MB  Cuda     live     4878.3 MB  "collide:nn_last_partner"
[kp]     65.82s  dealloc      711.9 MB  Cuda     live     4166.3 MB  "collide:nn_last_partner"
[kp]     65.87s  alloc        711.9 MB  Cuda     live     4878.3 MB  "collide:nn_last_partner"
[kp]     65.87s  dealloc      711.9 MB  Cuda     live     4166.3 MB  "collide:nn_last_partner"
[kp]     65.92s  alloc        711.9 MB  Cuda     live     4878.3 MB  "collide:nn_last_partner"
[kp]     65.92s  dealloc      711.9 MB  Cuda     live     4166.3 MB  "collide:nn_last_partner"
[kp]     65.97s  alloc        711.9 MB  Cuda     live     4878.3 MB  "collide:nn_last_partner"
[kp]     65.97s  dealloc      711.9 MB  Cuda     live     4166.3 MB  "collide:nn_last_partner"
[kp]     66.03s  alloc        711.9 MB  Cuda     live     4878.3 MB  "collide:nn_last_partner"
[kp]     66.03s  dealloc      711.9 MB  Cuda     live     4166.3 MB  "collide:nn_last_partner"
[kp]     66.08s  alloc        711.9 MB  Cuda     live     4878.3 MB  "collide:nn_last_partner"
[kp]     66.08s  dealloc      711.9 MB  Cuda     live     4166.3 MB  "collide:nn_last_partner"
[kp]     66.13s  alloc        711.9 MB  Cuda     live     4878.3 MB  "collide:nn_last_partner"
[kp]     66.13s  dealloc      711.9 MB  Cuda     live     4166.3 MB  "collide:nn_last_partner"
[kp]     66.19s  alloc        711.9 MB  Cuda     live     4878.3 MB  "collide:nn_last_partner"
[kp]     66.19s  dealloc      711.9 MB  Cuda     live     4166.3 MB  "collide:nn_last_partner"
[kp]     66.24s  alloc        711.9 MB  Cuda     live     4878.3 MB  "collide:nn_last_partner"
[kp]     66.24s  dealloc      711.9 MB  Cuda     live     4166.3 MB  "collide:nn_last_partner"
[kp]     66.29s  alloc        711.9 MB  Cuda     live     4878.3 MB  "collide:nn_last_partner"
[kp]     66.29s  dealloc      711.9 MB  Cuda     live     4166.3 MB  "collide:nn_last_partner"
[kp]     66.34s  alloc        711.9 MB  Cuda     live     4878.3 MB  "collide:nn_last_partner"
[kp]     66.34s  dealloc      711.9 MB  Cuda     live     4166.3 MB  "collide:nn_last_partner"
[kp]     66.40s  alloc        711.9 MB  Cuda     live     4878.3 MB  "collide:nn_last_partner"
[kp]     66.40s  dealloc      711.9 MB  Cuda     live     4166.3 MB  "collide:nn_last_partner"
[kp]     66.45s  alloc        711.9 MB  Cuda     live     4878.3 MB  "collide:nn_last_partner"
[kp]     66.45s  dealloc      711.9 MB  Cuda     live     4166.3 MB  "collide:nn_last_partner"
[kp]     66.50s  alloc        711.9 MB  Cuda     live     4878.3 MB  "collide:nn_last_partner"
[kp]     66.50s  dealloc      711.9 MB  Cuda     live     4166.3 MB  "collide:nn_last_partner"
[kp]     66.55s  alloc        711.9 MB  Cuda     live     4878.3 MB  "collide:nn_last_partner"
[kp]     66.56s  dealloc      711.9 MB  Cuda     live     4166.3 MB  "collide:nn_last_partner"
[kp]     66.61s  alloc        711.9 MB  Cuda     live     4878.3 MB  "collide:nn_last_partner"
[kp]     66.61s  dealloc      711.9 MB  Cuda     live     4166.3 MB  "collide:nn_last_partner"
[kp]     66.66s  alloc        711.9 MB  Cuda     live     4878.3 MB  "collide:nn_last_partner"
[kp]     66.66s  dealloc      711.9 MB  Cuda     live     4166.3 MB  "collide:nn_last_partner"
[kp]     66.71s  alloc        711.9 MB  Cuda     live     4878.3 MB  "collide:nn_last_partner"
[kp]     66.71s  dealloc      711.9 MB  Cuda     live     4166.3 MB  "collide:nn_last_partner"
[kp]     66.77s  alloc        711.9 MB  Cuda     live     4878.3 MB  "collide:nn_last_partner"
[kp]     66.77s  dealloc      711.9 MB  Cuda     live     4166.3 MB  "collide:nn_last_partner"
[kp]     66.82s  alloc        711.9 MB  Cuda     live     4878.3 MB  "collide:nn_last_partner"
[kp]     66.82s  dealloc      711.9 MB  Cuda     live     4166.3 MB  "collide:nn_last_partner"
[kp]     66.87s  alloc        711.9 MB  Cuda     live     4878.3 MB  "collide:nn_last_partner"
[kp]     66.87s  dealloc      711.9 MB  Cuda     live     4166.3 MB  "collide:nn_last_partner"
[kp]     66.92s  alloc        711.9 MB  Cuda     live     4878.3 MB  "collide:nn_last_partner"
[kp]     66.93s  dealloc      711.9 MB  Cuda     live     4166.3 MB  "collide:nn_last_partner"
[kp]     66.98s  alloc        711.9 MB  Cuda     live     4878.3 MB  "collide:nn_last_partner"
[kp]     66.98s  dealloc      711.9 MB  Cuda     live     4166.3 MB  "collide:nn_last_partner"
[kp]     67.03s  alloc        711.9 MB  Cuda     live     4878.3 MB  "collide:nn_last_partner"
[kp]     67.03s  dealloc      711.9 MB  Cuda     live     4166.3 MB  "collide:nn_last_partner"
[kp]     67.08s  alloc        711.9 MB  Cuda     live     4878.3 MB  "collide:nn_last_partner"
[kp]     67.08s  dealloc      711.9 MB  Cuda     live     4166.3 MB  "collide:nn_last_partner"
[kp]     67.14s  alloc        711.9 MB  Cuda     live     4878.3 MB  "collide:nn_last_partner"
[kp]     67.14s  dealloc      711.9 MB  Cuda     live     4166.3 MB  "collide:nn_last_partner"
[kp]     67.19s  alloc        711.9 MB  Cuda     live     4878.3 MB  "collide:nn_last_partner"
[kp]     67.19s  dealloc      711.9 MB  Cuda     live     4166.3 MB  "collide:nn_last_partner"
[kp]     67.24s  alloc        711.9 MB  Cuda     live     4878.3 MB  "collide:nn_last_partner"
[kp]     67.24s  dealloc      711.9 MB  Cuda     live     4166.3 MB  "collide:nn_last_partner"
[kp]     67.29s  alloc        711.9 MB  Cuda     live     4878.3 MB  "collide:nn_last_partner"
[kp]     67.29s  dealloc      711.9 MB  Cuda     live     4166.3 MB  "collide:nn_last_partner"
[kp]     67.35s  alloc        711.9 MB  Cuda     live     4878.3 MB  "collide:nn_last_partner"
[kp]     67.35s  dealloc      711.9 MB  Cuda     live     4166.3 MB  "collide:nn_last_partner"
[kp]     67.40s  alloc        711.9 MB  Cuda     live     4878.3 MB  "collide:nn_last_partner"
[kp]     67.40s  dealloc      711.9 MB  Cuda     live     4166.3 MB  "collide:nn_last_partner"
[kp]     67.45s  alloc        711.9 MB  Cuda     live     4878.3 MB  "collide:nn_last_partner"
[kp]     67.45s  dealloc      711.9 MB  Cuda     live     4166.3 MB  "collide:nn_last_partner"
[kp]     67.51s  alloc        711.9 MB  Cuda     live     4878.3 MB  "collide:nn_last_partner"
[kp]     67.51s  dealloc      711.9 MB  Cuda     live     4166.3 MB  "collide:nn_last_partner"
[kp]     67.56s  alloc        711.9 MB  Cuda     live     4878.3 MB  "collide:nn_last_partner"
[kp]     67.56s  dealloc      711.9 MB  Cuda     live     4166.3 MB  "collide:nn_last_partner"
[kp]     67.61s  alloc        711.9 MB  Cuda     live     4878.3 MB  "collide:nn_last_partner"
[kp]     67.61s  dealloc      711.9 MB  Cuda     live     4166.3 MB  "collide:nn_last_partner"
[kp]     67.66s  alloc        711.9 MB  Cuda     live     4878.3 MB  "collide:nn_last_partner"
[kp]     67.67s  dealloc      711.9 MB  Cuda     live     4166.3 MB  "collide:nn_last_partner"
[kp]     67.72s  alloc        711.9 MB  Cuda     live     4878.3 MB  "collide:nn_last_partner"
[kp]     67.72s  dealloc      711.9 MB  Cuda     live     4166.3 MB  "collide:nn_last_partner"
[kp]     67.77s  alloc        711.9 MB  Cuda     live     4878.3 MB  "collide:nn_last_partner"
[kp]     67.77s  dealloc      711.9 MB  Cuda     live     4166.3 MB  "collide:nn_last_partner"
[kp]     67.82s  alloc        711.9 MB  Cuda     live     4878.3 MB  "collide:nn_last_partner"
[kp]     67.82s  dealloc      711.9 MB  Cuda     live     4166.3 MB  "collide:nn_last_partner"
[kp]     67.88s  alloc        711.9 MB  Cuda     live     4878.3 MB  "collide:nn_last_partner"
[kp]     67.88s  dealloc      711.9 MB  Cuda     live     4166.3 MB  "collide:nn_last_partner"
[kp]     67.93s  alloc        711.9 MB  Cuda     live     4878.3 MB  "collide:nn_last_partner"
[kp]     67.93s  dealloc      711.9 MB  Cuda     live     4166.3 MB  "collide:nn_last_partner"
[kp]     67.98s  alloc        711.9 MB  Cuda     live     4878.3 MB  "collide:nn_last_partner"
[kp]     67.98s  dealloc      711.9 MB  Cuda     live     4166.3 MB  "collide:nn_last_partner"
[kp]     68.03s  alloc        711.9 MB  Cuda     live     4878.3 MB  "collide:nn_last_partner"
[kp]     68.03s  dealloc      711.9 MB  Cuda     live     4166.3 MB  "collide:nn_last_partner"
[kp]     68.09s  alloc        711.9 MB  Cuda     live     4878.3 MB  "collide:nn_last_partner"
[kp]     68.09s  dealloc      711.9 MB  Cuda     live     4166.3 MB  "collide:nn_last_partner"
[kp]     68.14s  alloc        711.9 MB  Cuda     live     4878.3 MB  "collide:nn_last_partner"
[kp]     68.14s  dealloc      711.9 MB  Cuda     live     4166.3 MB  "collide:nn_last_partner"
[kp]     68.19s  alloc        711.9 MB  Cuda     live     4878.3 MB  "collide:nn_last_partner"
[kp]     68.19s  dealloc      711.9 MB  Cuda     live     4166.3 MB  "collide:nn_last_partner"
[kp]     68.25s  alloc        711.9 MB  Cuda     live     4878.3 MB  "collide:nn_last_partner"
[kp]     68.25s  dealloc      711.9 MB  Cuda     live     4166.3 MB  "collide:nn_last_partner"
[kp]     68.30s  alloc        711.9 MB  Cuda     live     4878.3 MB  "collide:nn_last_partner"
[kp]     68.30s  dealloc      711.9 MB  Cuda     live     4166.3 MB  "collide:nn_last_partner"
[kp]     68.35s  alloc        711.9 MB  Cuda     live     4878.3 MB  "collide:nn_last_partner"
[kp]     68.35s  dealloc      711.9 MB  Cuda     live     4166.3 MB  "collide:nn_last_partner"
[kp]     68.40s  alloc        711.9 MB  Cuda     live     4878.3 MB  "collide:nn_last_partner"
[kp]     68.40s  dealloc      711.9 MB  Cuda     live     4166.3 MB  "collide:nn_last_partner"
[kp]     68.46s  alloc        711.9 MB  Cuda     live     4878.3 MB  "collide:nn_last_partner"
[kp]     68.46s  dealloc      711.9 MB  Cuda     live     4166.3 MB  "collide:nn_last_partner"
[kp]     68.51s  alloc        711.9 MB  Cuda     live     4878.3 MB  "collide:nn_last_partner"
[kp]     68.51s  dealloc      711.9 MB  Cuda     live     4166.3 MB  "collide:nn_last_partner"
[kp]     68.56s  alloc        711.9 MB  Cuda     live     4878.3 MB  "collide:nn_last_partner"
[kp]     68.56s  dealloc      711.9 MB  Cuda     live     4166.3 MB  "collide:nn_last_partner"
[kp]     68.61s  alloc        711.9 MB  Cuda     live     4878.3 MB  "collide:nn_last_partner"
[kp]     68.62s  dealloc      711.9 MB  Cuda     live     4166.3 MB  "collide:nn_last_partner"
[kp]     68.67s  alloc        711.9 MB  Cuda     live     4878.3 MB  "collide:nn_last_partner"
[kp]     68.67s  dealloc      711.9 MB  Cuda     live     4166.3 MB  "collide:nn_last_partner"
[kp]     68.72s  alloc        711.9 MB  Cuda     live     4878.3 MB  "collide:nn_last_partner"
[kp]     68.72s  dealloc      711.9 MB  Cuda     live     4166.3 MB  "collide:nn_last_partner"
[kp]     68.77s  alloc        711.9 MB  Cuda     live     4878.3 MB  "collide:nn_last_partner"
[kp]     68.77s  dealloc      711.9 MB  Cuda     live     4166.3 MB  "collide:nn_last_partner"
[kp]     68.83s  alloc        711.9 MB  Cuda     live     4878.3 MB  "collide:nn_last_partner"
[kp]     68.83s  dealloc      711.9 MB  Cuda     live     4166.3 MB  "collide:nn_last_partner"
[kp]     68.88s  alloc        711.9 MB  Cuda     live     4878.3 MB  "collide:nn_last_partner"
[kp]     68.88s  dealloc      711.9 MB  Cuda     live     4166.3 MB  "collide:nn_last_partner"
     900    56.252585 5.5568824e-08    18.522941        3e-09 29097211   104850    57483        0        0    295.21218 
[kp]     69.04s  alloc        711.9 MB  Cuda     live     4878.3 MB  "collide:nn_last_partner"
[kp]     69.04s  dealloc      711.9 MB  Cuda     live     4166.3 MB  "collide:nn_last_partner"
[kp]     69.10s  alloc        711.9 MB  Cuda     live     4878.3 MB  "collide:nn_last_partner"
[kp]     69.10s  dealloc      711.9 MB  Cuda     live     4166.3 MB  "collide:nn_last_partner"
[kp]     69.15s  alloc        711.9 MB  Cuda     live     4878.3 MB  "collide:nn_last_partner"
[kp]     69.15s  dealloc      711.9 MB  Cuda     live     4166.3 MB  "collide:nn_last_partner"
[kp]     69.20s  alloc        711.9 MB  Cuda     live     4878.3 MB  "collide:nn_last_partner"
[kp]     69.20s  dealloc      711.9 MB  Cuda     live     4166.3 MB  "collide:nn_last_partner"
[kp]     69.25s  alloc        711.9 MB  Cuda     live     4878.3 MB  "collide:nn_last_partner"
[kp]     69.26s  dealloc      711.9 MB  Cuda     live     4166.3 MB  "collide:nn_last_partner"
[kp]     69.31s  alloc        711.9 MB  Cuda     live     4878.3 MB  "collide:nn_last_partner"
[kp]     69.31s  dealloc      711.9 MB  Cuda     live     4166.3 MB  "collide:nn_last_partner"
[kp]     69.36s  alloc        711.9 MB  Cuda     live     4878.3 MB  "collide:nn_last_partner"
[kp]     69.36s  dealloc      711.9 MB  Cuda     live     4166.3 MB  "collide:nn_last_partner"
[kp]     69.41s  alloc        711.9 MB  Cuda     live     4878.3 MB  "collide:nn_last_partner"
[kp]     69.41s  dealloc      711.9 MB  Cuda     live     4166.3 MB  "collide:nn_last_partner"
[kp]     69.47s  alloc        711.9 MB  Cuda     live     4878.3 MB  "collide:nn_last_partner"
[kp]     69.47s  dealloc      711.9 MB  Cuda     live     4166.3 MB  "collide:nn_last_partner"
[kp]     69.52s  alloc        711.9 MB  Cuda     live     4878.3 MB  "collide:nn_last_partner"
[kp]     69.52s  dealloc      711.9 MB  Cuda     live     4166.3 MB  "collide:nn_last_partner"
[kp]     69.57s  alloc        711.9 MB  Cuda     live     4878.3 MB  "collide:nn_last_partner"
[kp]     69.57s  dealloc      711.9 MB  Cuda     live     4166.3 MB  "collide:nn_last_partner"
[kp]     69.62s  alloc        711.9 MB  Cuda     live     4878.3 MB  "collide:nn_last_partner"
[kp]     69.62s  dealloc      711.9 MB  Cuda     live     4166.3 MB  "collide:nn_last_partner"
[kp]     69.68s  alloc        711.9 MB  Cuda     live     4878.3 MB  "collide:nn_last_partner"
[kp]     69.68s  dealloc      711.9 MB  Cuda     live     4166.3 MB  "collide:nn_last_partner"
[kp]     69.73s  alloc        711.9 MB  Cuda     live     4878.3 MB  "collide:nn_last_partner"
[kp]     69.73s  dealloc      711.9 MB  Cuda     live     4166.3 MB  "collide:nn_last_partner"
[kp]     69.78s  alloc        711.9 MB  Cuda     live     4878.3 MB  "collide:nn_last_partner"
[kp]     69.78s  dealloc      711.9 MB  Cuda     live     4166.3 MB  "collide:nn_last_partner"
[kp]     69.83s  alloc        711.9 MB  Cuda     live     4878.3 MB  "collide:nn_last_partner"
[kp]     69.84s  dealloc      711.9 MB  Cuda     live     4166.3 MB  "collide:nn_last_partner"
[kp]     69.89s  alloc        711.9 MB  Cuda     live     4878.3 MB  "collide:nn_last_partner"
[kp]     69.89s  dealloc      711.9 MB  Cuda     live     4166.3 MB  "collide:nn_last_partner"
[kp]     69.94s  alloc        711.9 MB  Cuda     live     4878.3 MB  "collide:nn_last_partner"
[kp]     69.94s  dealloc      711.9 MB  Cuda     live     4166.3 MB  "collide:nn_last_partner"
[kp]     69.99s  alloc        711.9 MB  Cuda     live     4878.3 MB  "collide:nn_last_partner"
[kp]     69.99s  dealloc      711.9 MB  Cuda     live     4166.3 MB  "collide:nn_last_partner"
[kp]     70.05s  alloc        711.9 MB  Cuda     live     4878.3 MB  "collide:nn_last_partner"
[kp]     70.05s  dealloc      711.9 MB  Cuda     live     4166.3 MB  "collide:nn_last_partner"
[kp]     70.10s  alloc        711.9 MB  Cuda     live     4878.3 MB  "collide:nn_last_partner"
[kp]     70.10s  dealloc      711.9 MB  Cuda     live     4166.3 MB  "collide:nn_last_partner"
[kp]     70.15s  alloc        711.9 MB  Cuda     live     4878.3 MB  "collide:nn_last_partner"
[kp]     70.15s  dealloc      711.9 MB  Cuda     live     4166.3 MB  "collide:nn_last_partner"
[kp]     70.20s  alloc        711.9 MB  Cuda     live     4878.3 MB  "collide:nn_last_partner"
[kp]     70.20s  dealloc      711.9 MB  Cuda     live     4166.3 MB  "collide:nn_last_partner"
[kp]     70.26s  alloc        711.9 MB  Cuda     live     4878.3 MB  "collide:nn_last_partner"
[kp]     70.26s  dealloc      711.9 MB  Cuda     live     4166.3 MB  "collide:nn_last_partner"
[kp]     70.31s  alloc        711.9 MB  Cuda     live     4878.3 MB  "collide:nn_last_partner"
[kp]     70.31s  dealloc      711.9 MB  Cuda     live     4166.3 MB  "collide:nn_last_partner"
[kp]     70.36s  alloc        711.9 MB  Cuda     live     4878.3 MB  "collide:nn_last_partner"
[kp]     70.36s  dealloc      711.9 MB  Cuda     live     4166.3 MB  "collide:nn_last_partner"
[kp]     70.41s  alloc        711.9 MB  Cuda     live     4878.3 MB  "collide:nn_last_partner"
[kp]     70.41s  dealloc      711.9 MB  Cuda     live     4166.3 MB  "collide:nn_last_partner"
[kp]     70.47s  alloc        711.9 MB  Cuda     live     4878.3 MB  "collide:nn_last_partner"
[kp]     70.47s  dealloc      711.9 MB  Cuda     live     4166.3 MB  "collide:nn_last_partner"
[kp]     70.52s  alloc        711.9 MB  Cuda     live     4878.3 MB  "collide:nn_last_partner"
[kp]     70.52s  dealloc      711.9 MB  Cuda     live     4166.3 MB  "collide:nn_last_partner"
[kp]     70.57s  alloc        711.9 MB  Cuda     live     4878.3 MB  "collide:nn_last_partner"
[kp]     70.57s  dealloc      711.9 MB  Cuda     live     4166.3 MB  "collide:nn_last_partner"
[kp]     70.63s  alloc        711.9 MB  Cuda     live     4878.3 MB  "collide:nn_last_partner"
[kp]     70.63s  dealloc      711.9 MB  Cuda     live     4166.3 MB  "collide:nn_last_partner"
[kp]     70.68s  alloc        711.9 MB  Cuda     live     4878.3 MB  "collide:nn_last_partner"
[kp]     70.68s  dealloc      711.9 MB  Cuda     live     4166.3 MB  "collide:nn_last_partner"
[kp]     70.73s  alloc        711.9 MB  Cuda     live     4878.3 MB  "collide:nn_last_partner"
[kp]     70.73s  dealloc      711.9 MB  Cuda     live     4166.3 MB  "collide:nn_last_partner"
[kp]     70.78s  alloc        711.9 MB  Cuda     live     4878.3 MB  "collide:nn_last_partner"
[kp]     70.78s  dealloc      711.9 MB  Cuda     live     4166.3 MB  "collide:nn_last_partner"
[kp]     70.84s  alloc        711.9 MB  Cuda     live     4878.3 MB  "collide:nn_last_partner"
[kp]     70.84s  dealloc      711.9 MB  Cuda     live     4166.3 MB  "collide:nn_last_partner"
[kp]     70.89s  alloc        711.9 MB  Cuda     live     4878.3 MB  "collide:nn_last_partner"
[kp]     70.89s  dealloc      711.9 MB  Cuda     live     4166.3 MB  "collide:nn_last_partner"
[kp]     70.94s  alloc        711.9 MB  Cuda     live     4878.3 MB  "collide:nn_last_partner"
[kp]     70.94s  dealloc      711.9 MB  Cuda     live     4166.3 MB  "collide:nn_last_partner"
[kp]     70.99s  alloc        711.9 MB  Cuda     live     4878.3 MB  "collide:nn_last_partner"
[kp]     70.99s  dealloc      711.9 MB  Cuda     live     4166.3 MB  "collide:nn_last_partner"
[kp]     71.05s  alloc        711.9 MB  Cuda     live     4878.3 MB  "collide:nn_last_partner"
[kp]     71.05s  dealloc      711.9 MB  Cuda     live     4166.3 MB  "collide:nn_last_partner"
[kp]     71.10s  alloc        711.9 MB  Cuda     live     4878.3 MB  "collide:nn_last_partner"
[kp]     71.10s  dealloc      711.9 MB  Cuda     live     4166.3 MB  "collide:nn_last_partner"
[kp]     71.15s  alloc        711.9 MB  Cuda     live     4878.3 MB  "collide:nn_last_partner"
[kp]     71.15s  dealloc      711.9 MB  Cuda     live     4166.3 MB  "collide:nn_last_partner"
[kp]     71.20s  alloc        711.9 MB  Cuda     live     4878.3 MB  "collide:nn_last_partner"
[kp]     71.20s  dealloc      711.9 MB  Cuda     live     4166.3 MB  "collide:nn_last_partner"
[kp]     71.26s  alloc        711.9 MB  Cuda     live     4878.3 MB  "collide:nn_last_partner"
[kp]     71.26s  dealloc      711.9 MB  Cuda     live     4166.3 MB  "collide:nn_last_partner"
[kp]     71.31s  alloc        711.9 MB  Cuda     live     4878.3 MB  "collide:nn_last_partner"
[kp]     71.31s  dealloc      711.9 MB  Cuda     live     4166.3 MB  "collide:nn_last_partner"
[kp]     71.36s  alloc        711.9 MB  Cuda     live     4878.3 MB  "collide:nn_last_partner"
[kp]     71.36s  dealloc      711.9 MB  Cuda     live     4166.3 MB  "collide:nn_last_partner"
[kp]     71.41s  alloc        711.9 MB  Cuda     live     4878.3 MB  "collide:nn_last_partner"
[kp]     71.42s  dealloc      711.9 MB  Cuda     live     4166.3 MB  "collide:nn_last_partner"
[kp]     71.47s  alloc        711.9 MB  Cuda     live     4878.3 MB  "collide:nn_last_partner"
[kp]     71.47s  dealloc      711.9 MB  Cuda     live     4166.3 MB  "collide:nn_last_partner"
[kp]     71.52s  alloc        711.9 MB  Cuda     live     4878.3 MB  "collide:nn_last_partner"
[kp]     71.52s  dealloc      711.9 MB  Cuda     live     4166.3 MB  "collide:nn_last_partner"
[kp]     71.57s  alloc        711.9 MB  Cuda     live     4878.3 MB  "collide:nn_last_partner"
[kp]     71.57s  dealloc      711.9 MB  Cuda     live     4166.3 MB  "collide:nn_last_partner"
[kp]     71.63s  alloc        711.9 MB  Cuda     live     4878.3 MB  "collide:nn_last_partner"
[kp]     71.63s  dealloc      711.9 MB  Cuda     live     4166.3 MB  "collide:nn_last_partner"
[kp]     71.68s  alloc        711.9 MB  Cuda     live     4878.3 MB  "collide:nn_last_partner"
[kp]     71.68s  dealloc      711.9 MB  Cuda     live     4166.3 MB  "collide:nn_last_partner"
[kp]     71.73s  alloc        711.9 MB  Cuda     live     4878.3 MB  "collide:nn_last_partner"
[kp]     71.73s  dealloc      711.9 MB  Cuda     live     4166.3 MB  "collide:nn_last_partner"
[kp]     71.78s  alloc        711.9 MB  Cuda     live     4878.3 MB  "collide:nn_last_partner"
[kp]     71.78s  dealloc      711.9 MB  Cuda     live     4166.3 MB  "collide:nn_last_partner"
[kp]     71.84s  alloc        711.9 MB  Cuda     live     4878.3 MB  "collide:nn_last_partner"
[kp]     71.84s  dealloc      711.9 MB  Cuda     live     4166.3 MB  "collide:nn_last_partner"
[kp]     71.89s  alloc        711.9 MB  Cuda     live     4878.3 MB  "collide:nn_last_partner"
[kp]     71.89s  dealloc      711.9 MB  Cuda     live     4166.3 MB  "collide:nn_last_partner"
[kp]     71.94s  alloc        711.9 MB  Cuda     live     4878.3 MB  "collide:nn_last_partner"
[kp]     71.94s  dealloc      711.9 MB  Cuda     live     4166.3 MB  "collide:nn_last_partner"
[kp]     71.99s  alloc        711.9 MB  Cuda     live     4878.3 MB  "collide:nn_last_partner"
[kp]     71.99s  dealloc      711.9 MB  Cuda     live     4166.3 MB  "collide:nn_last_partner"
[kp]     72.05s  alloc        711.9 MB  Cuda     live     4878.3 MB  "collide:nn_last_partner"
[kp]     72.05s  dealloc      711.9 MB  Cuda     live     4166.3 MB  "collide:nn_last_partner"
[kp]     72.10s  alloc        711.9 MB  Cuda     live     4878.3 MB  "collide:nn_last_partner"
[kp]     72.10s  dealloc      711.9 MB  Cuda     live     4166.3 MB  "collide:nn_last_partner"
[kp]     72.15s  alloc        711.9 MB  Cuda     live     4878.3 MB  "collide:nn_last_partner"
[kp]     72.15s  dealloc      711.9 MB  Cuda     live     4166.3 MB  "collide:nn_last_partner"
[kp]     72.20s  alloc        711.9 MB  Cuda     live     4878.3 MB  "collide:nn_last_partner"
[kp]     72.20s  dealloc      711.9 MB  Cuda     live     4166.3 MB  "collide:nn_last_partner"
[kp]     72.26s  alloc        711.9 MB  Cuda     live     4878.3 MB  "collide:nn_last_partner"
[kp]     72.26s  dealloc      711.9 MB  Cuda     live     4166.3 MB  "collide:nn_last_partner"
[kp]     72.31s  alloc        711.9 MB  Cuda     live     4878.3 MB  "collide:nn_last_partner"
[kp]     72.31s  dealloc      711.9 MB  Cuda     live     4166.3 MB  "collide:nn_last_partner"
[kp]     72.36s  alloc        711.9 MB  Cuda     live     4878.3 MB  "collide:nn_last_partner"
[kp]     72.36s  dealloc      711.9 MB  Cuda     live     4166.3 MB  "collide:nn_last_partner"
[kp]     72.41s  alloc        711.9 MB  Cuda     live     4878.3 MB  "collide:nn_last_partner"
[kp]     72.42s  dealloc      711.9 MB  Cuda     live     4166.3 MB  "collide:nn_last_partner"
[kp]     72.47s  alloc        711.9 MB  Cuda     live     4878.3 MB  "collide:nn_last_partner"
[kp]     72.47s  dealloc      711.9 MB  Cuda     live     4166.3 MB  "collide:nn_last_partner"
[kp]     72.52s  alloc        711.9 MB  Cuda     live     4878.3 MB  "collide:nn_last_partner"
[kp]     72.52s  dealloc      711.9 MB  Cuda     live     4166.3 MB  "collide:nn_last_partner"
[kp]     72.57s  alloc        711.9 MB  Cuda     live     4878.3 MB  "collide:nn_last_partner"
[kp]     72.57s  dealloc      711.9 MB  Cuda     live     4166.3 MB  "collide:nn_last_partner"
[kp]     72.63s  alloc        711.9 MB  Cuda     live     4878.3 MB  "collide:nn_last_partner"
[kp]     72.63s  dealloc      711.9 MB  Cuda     live     4166.3 MB  "collide:nn_last_partner"
[kp]     72.68s  alloc        711.9 MB  Cuda     live     4878.3 MB  "collide:nn_last_partner"
[kp]     72.68s  dealloc      711.9 MB  Cuda     live     4166.3 MB  "collide:nn_last_partner"
[kp]     72.73s  alloc        711.9 MB  Cuda     live     4878.3 MB  "collide:nn_last_partner"
[kp]     72.73s  dealloc      711.9 MB  Cuda     live     4166.3 MB  "collide:nn_last_partner"
[kp]     72.78s  alloc        711.9 MB  Cuda     live     4878.3 MB  "collide:nn_last_partner"
[kp]     72.78s  dealloc      711.9 MB  Cuda     live     4166.3 MB  "collide:nn_last_partner"
[kp]     72.84s  alloc        711.9 MB  Cuda     live     4878.3 MB  "collide:nn_last_partner"
[kp]     72.84s  dealloc      711.9 MB  Cuda     live     4166.3 MB  "collide:nn_last_partner"
[kp]     72.89s  alloc        711.9 MB  Cuda     live     4878.3 MB  "collide:nn_last_partner"
[kp]     72.89s  dealloc      711.9 MB  Cuda     live     4166.3 MB  "collide:nn_last_partner"
[kp]     72.94s  alloc        711.9 MB  Cuda     live     4878.3 MB  "collide:nn_last_partner"
[kp]     72.94s  dealloc      711.9 MB  Cuda     live     4166.3 MB  "collide:nn_last_partner"
[kp]     72.99s  alloc        711.9 MB  Cuda     live     4878.3 MB  "collide:nn_last_partner"
[kp]     72.99s  dealloc      711.9 MB  Cuda     live     4166.3 MB  "collide:nn_last_partner"
[kp]     73.05s  alloc        711.9 MB  Cuda     live     4878.3 MB  "collide:nn_last_partner"
[kp]     73.05s  dealloc      711.9 MB  Cuda     live     4166.3 MB  "collide:nn_last_partner"
[kp]     73.10s  alloc        711.9 MB  Cuda     live     4878.3 MB  "collide:nn_last_partner"
[kp]     73.10s  dealloc      711.9 MB  Cuda     live     4166.3 MB  "collide:nn_last_partner"
[kp]     73.15s  alloc        711.9 MB  Cuda     live     4878.3 MB  "collide:nn_last_partner"
[kp]     73.15s  dealloc      711.9 MB  Cuda     live     4166.3 MB  "collide:nn_last_partner"
[kp]     73.20s  alloc        711.9 MB  Cuda     live     4878.3 MB  "collide:nn_last_partner"
[kp]     73.20s  dealloc      711.9 MB  Cuda     live     4166.3 MB  "collide:nn_last_partner"
[kp]     73.26s  alloc        711.9 MB  Cuda     live     4878.3 MB  "collide:nn_last_partner"
[kp]     73.26s  dealloc      711.9 MB  Cuda     live     4166.3 MB  "collide:nn_last_partner"
[kp]     73.31s  alloc        711.9 MB  Cuda     live     4878.3 MB  "collide:nn_last_partner"
[kp]     73.31s  dealloc      711.9 MB  Cuda     live     4166.3 MB  "collide:nn_last_partner"
[kp]     73.36s  alloc        711.9 MB  Cuda     live     4878.3 MB  "collide:nn_last_partner"
[kp]     73.36s  dealloc      711.9 MB  Cuda     live     4166.3 MB  "collide:nn_last_partner"
[kp]     73.41s  alloc        711.9 MB  Cuda     live     4878.3 MB  "collide:nn_last_partner"
[kp]     73.41s  dealloc      711.9 MB  Cuda     live     4166.3 MB  "collide:nn_last_partner"
[kp]     73.47s  alloc        711.9 MB  Cuda     live     4878.3 MB  "collide:nn_last_partner"
[kp]     73.47s  dealloc      711.9 MB  Cuda     live     4166.3 MB  "collide:nn_last_partner"
[kp]     73.52s  alloc        711.9 MB  Cuda     live     4878.3 MB  "collide:nn_last_partner"
[kp]     73.52s  dealloc      711.9 MB  Cuda     live     4166.3 MB  "collide:nn_last_partner"
[kp]     73.57s  alloc        711.9 MB  Cuda     live     4878.3 MB  "collide:nn_last_partner"
[kp]     73.57s  dealloc      711.9 MB  Cuda     live     4166.3 MB  "collide:nn_last_partner"
[kp]     73.62s  alloc        711.9 MB  Cuda     live     4878.3 MB  "collide:nn_last_partner"
[kp]     73.62s  dealloc      711.9 MB  Cuda     live     4166.3 MB  "collide:nn_last_partner"
[kp]     73.68s  alloc        711.9 MB  Cuda     live     4878.3 MB  "collide:nn_last_partner"
[kp]     73.68s  dealloc      711.9 MB  Cuda     live     4166.3 MB  "collide:nn_last_partner"
[kp]     73.73s  alloc        711.9 MB  Cuda     live     4878.3 MB  "collide:nn_last_partner"
[kp]     73.73s  dealloc      711.9 MB  Cuda     live     4166.3 MB  "collide:nn_last_partner"
[kp]     73.78s  alloc        711.9 MB  Cuda     live     4878.3 MB  "collide:nn_last_partner"
[kp]     73.78s  dealloc      711.9 MB  Cuda     live     4166.3 MB  "collide:nn_last_partner"
[kp]     73.83s  alloc        711.9 MB  Cuda     live     4878.3 MB  "collide:nn_last_partner"
[kp]     73.83s  dealloc      711.9 MB  Cuda     live     4166.3 MB  "collide:nn_last_partner"
[kp]     73.89s  alloc        711.9 MB  Cuda     live     4878.3 MB  "collide:nn_last_partner"
[kp]     73.89s  dealloc      711.9 MB  Cuda     live     4166.3 MB  "collide:nn_last_partner"
[kp]     73.94s  alloc        711.9 MB  Cuda     live     4878.3 MB  "collide:nn_last_partner"
[kp]     73.94s  dealloc      711.9 MB  Cuda     live     4166.3 MB  "collide:nn_last_partner"
[kp]     73.99s  alloc        711.9 MB  Cuda     live     4878.3 MB  "collide:nn_last_partner"
[kp]     73.99s  dealloc      711.9 MB  Cuda     live     4166.3 MB  "collide:nn_last_partner"
[kp]     74.04s  alloc        711.9 MB  Cuda     live     4878.3 MB  "collide:nn_last_partner"
[kp]     74.04s  dealloc      711.9 MB  Cuda     live     4166.3 MB  "collide:nn_last_partner"
[kp]     74.10s  alloc        711.9 MB  Cuda     live     4878.3 MB  "collide:nn_last_partner"
[kp]     74.10s  dealloc      711.9 MB  Cuda     live     4166.3 MB  "collide:nn_last_partner"
[kp]     74.15s  alloc        711.9 MB  Cuda     live     4878.3 MB  "collide:nn_last_partner"
[kp]     74.15s  dealloc      711.9 MB  Cuda     live     4166.3 MB  "collide:nn_last_partner"
[kp]     74.20s  alloc        711.9 MB  Cuda     live     4878.3 MB  "collide:nn_last_partner"
[kp]     74.20s  dealloc      711.9 MB  Cuda     live     4166.3 MB  "collide:nn_last_partner"
[kp]     74.25s  alloc        711.9 MB  Cuda     live     4878.3 MB  "collide:nn_last_partner"
[kp]     74.25s  dealloc      711.9 MB  Cuda     live     4166.3 MB  "collide:nn_last_partner"
    1000    61.628143 5.580819e-08    18.602731        3e-09 28962708   104361    56639        0        0    295.03155 
[kp]     74.42s  alloc        711.9 MB  Cuda     live     4878.3 MB  "collide:nn_last_partner"
[kp]     74.42s  dealloc      711.9 MB  Cuda     live     4166.3 MB  "collide:nn_last_partner"
[kp]     74.47s  alloc        711.9 MB  Cuda     live     4878.3 MB  "collide:nn_last_partner"
[kp]     74.47s  dealloc      711.9 MB  Cuda     live     4166.3 MB  "collide:nn_last_partner"
[kp]     74.52s  alloc        711.9 MB  Cuda     live     4878.3 MB  "collide:nn_last_partner"
[kp]     74.52s  dealloc      711.9 MB  Cuda     live     4166.3 MB  "collide:nn_last_partner"
[kp]     74.58s  alloc        711.9 MB  Cuda     live     4878.3 MB  "collide:nn_last_partner"
[kp]     74.58s  dealloc      711.9 MB  Cuda     live     4166.3 MB  "collide:nn_last_partner"
[kp]     74.63s  alloc        711.9 MB  Cuda     live     4878.3 MB  "collide:nn_last_partner"
[kp]     74.63s  dealloc      711.9 MB  Cuda     live     4166.3 MB  "collide:nn_last_partner"
[kp]     74.68s  alloc        711.9 MB  Cuda     live     4878.3 MB  "collide:nn_last_partner"
[kp]     74.68s  dealloc      711.9 MB  Cuda     live     4166.3 MB  "collide:nn_last_partner"
[kp]     74.73s  alloc        711.9 MB  Cuda     live     4878.3 MB  "collide:nn_last_partner"
[kp]     74.73s  dealloc      711.9 MB  Cuda     live     4166.3 MB  "collide:nn_last_partner"
[kp]     74.79s  alloc        711.9 MB  Cuda     live     4878.3 MB  "collide:nn_last_partner"
[kp]     74.79s  dealloc      711.9 MB  Cuda     live     4166.3 MB  "collide:nn_last_partner"
[kp]     74.84s  alloc        711.9 MB  Cuda     live     4878.3 MB  "collide:nn_last_partner"
[kp]     74.84s  dealloc      711.9 MB  Cuda     live     4166.3 MB  "collide:nn_last_partner"
[kp]     74.89s  alloc        711.9 MB  Cuda     live     4878.3 MB  "collide:nn_last_partner"
[kp]     74.89s  dealloc      711.9 MB  Cuda     live     4166.3 MB  "collide:nn_last_partner"
[kp]     74.94s  alloc        711.9 MB  Cuda     live     4878.3 MB  "collide:nn_last_partner"
[kp]     74.94s  dealloc      711.9 MB  Cuda     live     4166.3 MB  "collide:nn_last_partner"
[kp]     75.00s  alloc        711.9 MB  Cuda     live     4878.3 MB  "collide:nn_last_partner"
[kp]     75.00s  dealloc      711.9 MB  Cuda     live     4166.3 MB  "collide:nn_last_partner"
[kp]     75.05s  alloc        711.9 MB  Cuda     live     4878.3 MB  "collide:nn_last_partner"
[kp]     75.05s  dealloc      711.9 MB  Cuda     live     4166.3 MB  "collide:nn_last_partner"
[kp]     75.10s  alloc        711.9 MB  Cuda     live     4878.3 MB  "collide:nn_last_partner"
[kp]     75.10s  dealloc      711.9 MB  Cuda     live     4166.3 MB  "collide:nn_last_partner"
[kp]     75.15s  alloc        711.9 MB  Cuda     live     4878.3 MB  "collide:nn_last_partner"
[kp]     75.15s  dealloc      711.9 MB  Cuda     live     4166.3 MB  "collide:nn_last_partner"
[kp]     75.21s  alloc        711.9 MB  Cuda     live     4878.3 MB  "collide:nn_last_partner"
[kp]     75.21s  dealloc      711.9 MB  Cuda     live     4166.3 MB  "collide:nn_last_partner"
[kp]     75.26s  alloc        711.9 MB  Cuda     live     4878.3 MB  "collide:nn_last_partner"
[kp]     75.26s  dealloc      711.9 MB  Cuda     live     4166.3 MB  "collide:nn_last_partner"
[kp]     75.31s  alloc        711.9 MB  Cuda     live     4878.3 MB  "collide:nn_last_partner"
[kp]     75.31s  dealloc      711.9 MB  Cuda     live     4166.3 MB  "collide:nn_last_partner"
[kp]     75.36s  alloc        711.9 MB  Cuda     live     4878.3 MB  "collide:nn_last_partner"
[kp]     75.36s  dealloc      711.9 MB  Cuda     live     4166.3 MB  "collide:nn_last_partner"
[kp]     75.42s  alloc        711.9 MB  Cuda     live     4878.3 MB  "collide:nn_last_partner"
[kp]     75.42s  dealloc      711.9 MB  Cuda     live     4166.3 MB  "collide:nn_last_partner"
[kp]     75.47s  alloc        711.9 MB  Cuda     live     4878.3 MB  "collide:nn_last_partner"
[kp]     75.47s  dealloc      711.9 MB  Cuda     live     4166.3 MB  "collide:nn_last_partner"
[kp]     75.52s  alloc        711.9 MB  Cuda     live     4878.3 MB  "collide:nn_last_partner"
[kp]     75.52s  dealloc      711.9 MB  Cuda     live     4166.3 MB  "collide:nn_last_partner"
[kp]     75.57s  alloc        711.9 MB  Cuda     live     4878.3 MB  "collide:nn_last_partner"
[kp]     75.57s  dealloc      711.9 MB  Cuda     live     4166.3 MB  "collide:nn_last_partner"
[kp]     75.63s  alloc        711.9 MB  Cuda     live     4878.3 MB  "collide:nn_last_partner"
[kp]     75.63s  dealloc      711.9 MB  Cuda     live     4166.3 MB  "collide:nn_last_partner"
[kp]     75.68s  alloc        711.9 MB  Cuda     live     4878.3 MB  "collide:nn_last_partner"
[kp]     75.68s  dealloc      711.9 MB  Cuda     live     4166.3 MB  "collide:nn_last_partner"
[kp]     75.73s  alloc        711.9 MB  Cuda     live     4878.3 MB  "collide:nn_last_partner"
[kp]     75.73s  dealloc      711.9 MB  Cuda     live     4166.3 MB  "collide:nn_last_partner"
[kp]     75.78s  alloc        711.9 MB  Cuda     live     4878.3 MB  "collide:nn_last_partner"
[kp]     75.78s  dealloc      711.9 MB  Cuda     live     4166.3 MB  "collide:nn_last_partner"
[kp]     75.84s  alloc        711.9 MB  Cuda     live     4878.3 MB  "collide:nn_last_partner"
[kp]     75.84s  dealloc      711.9 MB  Cuda     live     4166.3 MB  "collide:nn_last_partner"
[kp]     75.89s  alloc        711.9 MB  Cuda     live     4878.3 MB  "collide:nn_last_partner"
[kp]     75.89s  dealloc      711.9 MB  Cuda     live     4166.3 MB  "collide:nn_last_partner"
[kp]     75.94s  alloc        711.9 MB  Cuda     live     4878.3 MB  "collide:nn_last_partner"
[kp]     75.94s  dealloc      711.9 MB  Cuda     live     4166.3 MB  "collide:nn_last_partner"
[kp]     75.99s  alloc        711.9 MB  Cuda     live     4878.3 MB  "collide:nn_last_partner"
[kp]     75.99s  dealloc      711.9 MB  Cuda     live     4166.3 MB  "collide:nn_last_partner"
[kp]     76.05s  alloc        711.9 MB  Cuda     live     4878.3 MB  "collide:nn_last_partner"
[kp]     76.05s  dealloc      711.9 MB  Cuda     live     4166.3 MB  "collide:nn_last_partner"
[kp]     76.10s  alloc        711.9 MB  Cuda     live     4878.3 MB  "collide:nn_last_partner"
[kp]     76.10s  dealloc      711.9 MB  Cuda     live     4166.3 MB  "collide:nn_last_partner"
[kp]     76.15s  alloc        711.9 MB  Cuda     live     4878.3 MB  "collide:nn_last_partner"
[kp]     76.15s  dealloc      711.9 MB  Cuda     live     4166.3 MB  "collide:nn_last_partner"
[kp]     76.20s  alloc        711.9 MB  Cuda     live     4878.3 MB  "collide:nn_last_partner"
[kp]     76.20s  dealloc      711.9 MB  Cuda     live     4166.3 MB  "collide:nn_last_partner"
[kp]     76.26s  alloc        711.9 MB  Cuda     live     4878.3 MB  "collide:nn_last_partner"
[kp]     76.26s  dealloc      711.9 MB  Cuda     live     4166.3 MB  "collide:nn_last_partner"
[kp]     76.31s  alloc        711.9 MB  Cuda     live     4878.3 MB  "collide:nn_last_partner"
[kp]     76.31s  dealloc      711.9 MB  Cuda     live     4166.3 MB  "collide:nn_last_partner"
[kp]     76.36s  alloc        711.9 MB  Cuda     live     4878.3 MB  "collide:nn_last_partner"
[kp]     76.36s  dealloc      711.9 MB  Cuda     live     4166.3 MB  "collide:nn_last_partner"
[kp]     76.41s  alloc        711.9 MB  Cuda     live     4878.3 MB  "collide:nn_last_partner"
[kp]     76.41s  dealloc      711.9 MB  Cuda     live     4166.3 MB  "collide:nn_last_partner"
[kp]     76.47s  alloc        711.9 MB  Cuda     live     4878.3 MB  "collide:nn_last_partner"
[kp]     76.47s  dealloc      711.9 MB  Cuda     live     4166.3 MB  "collide:nn_last_partner"
[kp]     76.52s  alloc        711.9 MB  Cuda     live     4878.3 MB  "collide:nn_last_partner"
[kp]     76.52s  dealloc      711.9 MB  Cuda     live     4166.3 MB  "collide:nn_last_partner"
[kp]     76.57s  alloc        711.9 MB  Cuda     live     4878.3 MB  "collide:nn_last_partner"
[kp]     76.57s  dealloc      711.9 MB  Cuda     live     4166.3 MB  "collide:nn_last_partner"
[kp]     76.62s  alloc        711.9 MB  Cuda     live     4878.3 MB  "collide:nn_last_partner"
[kp]     76.62s  dealloc      711.9 MB  Cuda     live     4166.3 MB  "collide:nn_last_partner"
[kp]     76.67s  alloc        711.9 MB  Cuda     live     4878.3 MB  "collide:nn_last_partner"
[kp]     76.68s  dealloc      711.9 MB  Cuda     live     4166.3 MB  "collide:nn_last_partner"
[kp]     76.73s  alloc        711.9 MB  Cuda     live     4878.3 MB  "collide:nn_last_partner"
[kp]     76.73s  dealloc      711.9 MB  Cuda     live     4166.3 MB  "collide:nn_last_partner"
[kp]     76.78s  alloc        711.9 MB  Cuda     live     4878.3 MB  "collide:nn_last_partner"
[kp]     76.78s  dealloc      711.9 MB  Cuda     live     4166.3 MB  "collide:nn_last_partner"
[kp]     76.83s  alloc        711.9 MB  Cuda     live     4878.3 MB  "collide:nn_last_partner"
[kp]     76.83s  dealloc      711.9 MB  Cuda     live     4166.3 MB  "collide:nn_last_partner"
[kp]     76.88s  alloc        711.9 MB  Cuda     live     4878.3 MB  "collide:nn_last_partner"
[kp]     76.88s  dealloc      711.9 MB  Cuda     live     4166.3 MB  "collide:nn_last_partner"
[kp]     76.94s  alloc        711.9 MB  Cuda     live     4878.3 MB  "collide:nn_last_partner"
[kp]     76.94s  dealloc      711.9 MB  Cuda     live     4166.3 MB  "collide:nn_last_partner"
[kp]     76.99s  alloc        711.9 MB  Cuda     live     4878.3 MB  "collide:nn_last_partner"
[kp]     76.99s  dealloc      711.9 MB  Cuda     live     4166.3 MB  "collide:nn_last_partner"
[kp]     77.04s  alloc        711.9 MB  Cuda     live     4878.3 MB  "collide:nn_last_partner"
[kp]     77.04s  dealloc      711.9 MB  Cuda     live     4166.3 MB  "collide:nn_last_partner"
[kp]     77.09s  alloc        711.9 MB  Cuda     live     4878.3 MB  "collide:nn_last_partner"
[kp]     77.09s  dealloc      711.9 MB  Cuda     live     4166.3 MB  "collide:nn_last_partner"
[kp]     77.15s  alloc        711.9 MB  Cuda     live     4878.3 MB  "collide:nn_last_partner"
[kp]     77.15s  dealloc      711.9 MB  Cuda     live     4166.3 MB  "collide:nn_last_partner"
[kp]     77.20s  alloc        711.9 MB  Cuda     live     4878.3 MB  "collide:nn_last_partner"
[kp]     77.20s  dealloc      711.9 MB  Cuda     live     4166.3 MB  "collide:nn_last_partner"
[kp]     77.25s  alloc        711.9 MB  Cuda     live     4878.3 MB  "collide:nn_last_partner"
[kp]     77.25s  dealloc      711.9 MB  Cuda     live     4166.3 MB  "collide:nn_last_partner"
[kp]     77.30s  alloc        711.9 MB  Cuda     live     4878.3 MB  "collide:nn_last_partner"
[kp]     77.30s  dealloc      711.9 MB  Cuda     live     4166.3 MB  "collide:nn_last_partner"
[kp]     77.36s  alloc        711.9 MB  Cuda     live     4878.3 MB  "collide:nn_last_partner"
[kp]     77.36s  dealloc      711.9 MB  Cuda     live     4166.3 MB  "collide:nn_last_partner"
[kp]     77.41s  alloc        711.9 MB  Cuda     live     4878.3 MB  "collide:nn_last_partner"
[kp]     77.41s  dealloc      711.9 MB  Cuda     live     4166.3 MB  "collide:nn_last_partner"
[kp]     77.46s  alloc        711.9 MB  Cuda     live     4878.3 MB  "collide:nn_last_partner"
[kp]     77.46s  dealloc      711.9 MB  Cuda     live     4166.3 MB  "collide:nn_last_partner"
[kp]     77.51s  alloc        711.9 MB  Cuda     live     4878.3 MB  "collide:nn_last_partner"
[kp]     77.51s  dealloc      711.9 MB  Cuda     live     4166.3 MB  "collide:nn_last_partner"
[kp]     77.57s  alloc        711.9 MB  Cuda     live     4878.3 MB  "collide:nn_last_partner"
[kp]     77.57s  dealloc      711.9 MB  Cuda     live     4166.3 MB  "collide:nn_last_partner"
[kp]     77.62s  alloc        711.9 MB  Cuda     live     4878.3 MB  "collide:nn_last_partner"
[kp]     77.62s  dealloc      711.9 MB  Cuda     live     4166.3 MB  "collide:nn_last_partner"
[kp]     77.67s  alloc        711.9 MB  Cuda     live     4878.3 MB  "collide:nn_last_partner"
[kp]     77.67s  dealloc      711.9 MB  Cuda     live     4166.3 MB  "collide:nn_last_partner"
[kp]     77.72s  alloc        711.9 MB  Cuda     live     4878.3 MB  "collide:nn_last_partner"
[kp]     77.72s  dealloc      711.9 MB  Cuda     live     4166.3 MB  "collide:nn_last_partner"
[kp]     77.77s  alloc        711.9 MB  Cuda     live     4878.3 MB  "collide:nn_last_partner"
[kp]     77.78s  dealloc      711.9 MB  Cuda     live     4166.3 MB  "collide:nn_last_partner"
[kp]     77.83s  alloc        711.9 MB  Cuda     live     4878.3 MB  "collide:nn_last_partner"
[kp]     77.83s  dealloc      711.9 MB  Cuda     live     4166.3 MB  "collide:nn_last_partner"
[kp]     77.88s  alloc        711.9 MB  Cuda     live     4878.3 MB  "collide:nn_last_partner"
[kp]     77.88s  dealloc      711.9 MB  Cuda     live     4166.3 MB  "collide:nn_last_partner"
[kp]     77.93s  alloc        711.9 MB  Cuda     live     4878.3 MB  "collide:nn_last_partner"
[kp]     77.93s  dealloc      711.9 MB  Cuda     live     4166.3 MB  "collide:nn_last_partner"
[kp]     77.98s  alloc        711.9 MB  Cuda     live     4878.3 MB  "collide:nn_last_partner"
[kp]     77.98s  dealloc      711.9 MB  Cuda     live     4166.3 MB  "collide:nn_last_partner"
[kp]     78.04s  alloc        711.9 MB  Cuda     live     4878.3 MB  "collide:nn_last_partner"
[kp]     78.04s  dealloc      711.9 MB  Cuda     live     4166.3 MB  "collide:nn_last_partner"
[kp]     78.09s  alloc        711.9 MB  Cuda     live     4878.3 MB  "collide:nn_last_partner"
[kp]     78.09s  dealloc      711.9 MB  Cuda     live     4166.3 MB  "collide:nn_last_partner"
[kp]     78.14s  alloc        711.9 MB  Cuda     live     4878.3 MB  "collide:nn_last_partner"
[kp]     78.14s  dealloc      711.9 MB  Cuda     live     4166.3 MB  "collide:nn_last_partner"
[kp]     78.19s  alloc        711.9 MB  Cuda     live     4878.3 MB  "collide:nn_last_partner"
[kp]     78.19s  dealloc      711.9 MB  Cuda     live     4166.3 MB  "collide:nn_last_partner"
[kp]     78.25s  alloc        711.9 MB  Cuda     live     4878.3 MB  "collide:nn_last_partner"
[kp]     78.25s  dealloc      711.9 MB  Cuda     live     4166.3 MB  "collide:nn_last_partner"
[kp]     78.30s  alloc        711.9 MB  Cuda     live     4878.3 MB  "collide:nn_last_partner"
[kp]     78.30s  dealloc      711.9 MB  Cuda     live     4166.3 MB  "collide:nn_last_partner"
[kp]     78.35s  alloc        711.9 MB  Cuda     live     4878.3 MB  "collide:nn_last_partner"
[kp]     78.35s  dealloc      711.9 MB  Cuda     live     4166.3 MB  "collide:nn_last_partner"
[kp]     78.40s  alloc        711.9 MB  Cuda     live     4878.3 MB  "collide:nn_last_partner"
[kp]     78.40s  dealloc      711.9 MB  Cuda     live     4166.3 MB  "collide:nn_last_partner"
[kp]     78.45s  alloc        711.9 MB  Cuda     live     4878.3 MB  "collide:nn_last_partner"
[kp]     78.46s  dealloc      711.9 MB  Cuda     live     4166.3 MB  "collide:nn_last_partner"
[kp]     78.51s  alloc        711.9 MB  Cuda     live     4878.3 MB  "collide:nn_last_partner"
[kp]     78.51s  dealloc      711.9 MB  Cuda     live     4166.3 MB  "collide:nn_last_partner"
[kp]     78.56s  alloc        711.9 MB  Cuda     live     4878.3 MB  "collide:nn_last_partner"
[kp]     78.56s  dealloc      711.9 MB  Cuda     live     4166.3 MB  "collide:nn_last_partner"
[kp]     78.61s  alloc        711.9 MB  Cuda     live     4878.3 MB  "collide:nn_last_partner"
[kp]     78.61s  dealloc      711.9 MB  Cuda     live     4166.3 MB  "collide:nn_last_partner"
[kp]     78.66s  alloc        711.9 MB  Cuda     live     4878.3 MB  "collide:nn_last_partner"
[kp]     78.66s  dealloc      711.9 MB  Cuda     live     4166.3 MB  "collide:nn_last_partner"
[kp]     78.72s  alloc        711.9 MB  Cuda     live     4878.3 MB  "collide:nn_last_partner"
[kp]     78.72s  dealloc      711.9 MB  Cuda     live     4166.3 MB  "collide:nn_last_partner"
[kp]     78.77s  alloc        711.9 MB  Cuda     live     4878.3 MB  "collide:nn_last_partner"
[kp]     78.77s  dealloc      711.9 MB  Cuda     live     4166.3 MB  "collide:nn_last_partner"
[kp]     78.82s  alloc        711.9 MB  Cuda     live     4878.3 MB  "collide:nn_last_partner"
[kp]     78.82s  dealloc      711.9 MB  Cuda     live     4166.3 MB  "collide:nn_last_partner"
[kp]     78.87s  alloc        711.9 MB  Cuda     live     4878.3 MB  "collide:nn_last_partner"
[kp]     78.87s  dealloc      711.9 MB  Cuda     live     4166.3 MB  "collide:nn_last_partner"
[kp]     78.93s  alloc        711.9 MB  Cuda     live     4878.3 MB  "collide:nn_last_partner"
[kp]     78.93s  dealloc      711.9 MB  Cuda     live     4166.3 MB  "collide:nn_last_partner"
[kp]     78.98s  alloc        711.9 MB  Cuda     live     4878.3 MB  "collide:nn_last_partner"
[kp]     78.98s  dealloc      711.9 MB  Cuda     live     4166.3 MB  "collide:nn_last_partner"
[kp]     79.03s  alloc        711.9 MB  Cuda     live     4878.3 MB  "collide:nn_last_partner"
[kp]     79.03s  dealloc      711.9 MB  Cuda     live     4166.3 MB  "collide:nn_last_partner"
[kp]     79.08s  alloc        711.9 MB  Cuda     live     4878.3 MB  "collide:nn_last_partner"
[kp]     79.08s  dealloc      711.9 MB  Cuda     live     4166.3 MB  "collide:nn_last_partner"
[kp]     79.14s  alloc        711.9 MB  Cuda     live     4878.3 MB  "collide:nn_last_partner"
[kp]     79.14s  dealloc      711.9 MB  Cuda     live     4166.3 MB  "collide:nn_last_partner"
[kp]     79.19s  alloc        711.9 MB  Cuda     live     4878.3 MB  "collide:nn_last_partner"
[kp]     79.19s  dealloc      711.9 MB  Cuda     live     4166.3 MB  "collide:nn_last_partner"
[kp]     79.24s  alloc        711.9 MB  Cuda     live     4878.3 MB  "collide:nn_last_partner"
[kp]     79.24s  dealloc      711.9 MB  Cuda     live     4166.3 MB  "collide:nn_last_partner"
[kp]     79.29s  alloc        711.9 MB  Cuda     live     4878.3 MB  "collide:nn_last_partner"
[kp]     79.29s  dealloc      711.9 MB  Cuda     live     4166.3 MB  "collide:nn_last_partner"
[kp]     79.34s  alloc        711.9 MB  Cuda     live     4878.3 MB  "collide:nn_last_partner"
[kp]     79.35s  dealloc      711.9 MB  Cuda     live     4166.3 MB  "collide:nn_last_partner"
[kp]     79.40s  alloc        711.9 MB  Cuda     live     4878.3 MB  "collide:nn_last_partner"
[kp]     79.40s  dealloc      711.9 MB  Cuda     live     4166.3 MB  "collide:nn_last_partner"
[kp]     79.45s  alloc        711.9 MB  Cuda     live     4878.3 MB  "collide:nn_last_partner"
[kp]     79.45s  dealloc      711.9 MB  Cuda     live     4166.3 MB  "collide:nn_last_partner"
[kp]     79.50s  alloc        711.9 MB  Cuda     live     4878.3 MB  "collide:nn_last_partner"
[kp]     79.50s  dealloc      711.9 MB  Cuda     live     4166.3 MB  "collide:nn_last_partner"
[kp]     79.55s  alloc        711.9 MB  Cuda     live     4878.3 MB  "collide:nn_last_partner"
[kp]     79.55s  dealloc      711.9 MB  Cuda     live     4166.3 MB  "collide:nn_last_partner"
[kp]     79.61s  alloc        711.9 MB  Cuda     live     4878.3 MB  "collide:nn_last_partner"
[kp]     79.61s  dealloc      711.9 MB  Cuda     live     4166.3 MB  "collide:nn_last_partner"
    1100    66.980174 5.6053481e-08    18.684493        3e-09 28827893   104200    56755        0        0    294.81946 
[kp]     79.77s  alloc        711.9 MB  Cuda     live     4878.3 MB  "collide:nn_last_partner"
[kp]     79.77s  dealloc      711.9 MB  Cuda     live     4166.3 MB  "collide:nn_last_partner"
[kp]     79.82s  alloc        711.9 MB  Cuda     live     4878.3 MB  "collide:nn_last_partner"
[kp]     79.82s  dealloc      711.9 MB  Cuda     live     4166.3 MB  "collide:nn_last_partner"
[kp]     79.88s  alloc        711.9 MB  Cuda     live     4878.3 MB  "collide:nn_last_partner"
[kp]     79.88s  dealloc      711.9 MB  Cuda     live     4166.3 MB  "collide:nn_last_partner"
[kp]     79.93s  alloc        711.9 MB  Cuda     live     4878.3 MB  "collide:nn_last_partner"
[kp]     79.93s  dealloc      711.9 MB  Cuda     live     4166.3 MB  "collide:nn_last_partner"
[kp]     79.98s  alloc        711.9 MB  Cuda     live     4878.3 MB  "collide:nn_last_partner"
[kp]     79.98s  dealloc      711.9 MB  Cuda     live     4166.3 MB  "collide:nn_last_partner"
[kp]     80.03s  alloc        711.9 MB  Cuda     live     4878.3 MB  "collide:nn_last_partner"
[kp]     80.03s  dealloc      711.9 MB  Cuda     live     4166.3 MB  "collide:nn_last_partner"
[kp]     80.08s  alloc        711.9 MB  Cuda     live     4878.3 MB  "collide:nn_last_partner"
[kp]     80.08s  dealloc      711.9 MB  Cuda     live     4166.3 MB  "collide:nn_last_partner"
[kp]     80.14s  alloc        711.9 MB  Cuda     live     4878.3 MB  "collide:nn_last_partner"
[kp]     80.14s  dealloc      711.9 MB  Cuda     live     4166.3 MB  "collide:nn_last_partner"
[kp]     80.19s  alloc        711.9 MB  Cuda     live     4878.3 MB  "collide:nn_last_partner"
[kp]     80.19s  dealloc      711.9 MB  Cuda     live     4166.3 MB  "collide:nn_last_partner"
[kp]     80.24s  alloc        711.9 MB  Cuda     live     4878.3 MB  "collide:nn_last_partner"
[kp]     80.24s  dealloc      711.9 MB  Cuda     live     4166.3 MB  "collide:nn_last_partner"
[kp]     80.29s  alloc        711.9 MB  Cuda     live     4878.3 MB  "collide:nn_last_partner"
[kp]     80.29s  dealloc      711.9 MB  Cuda     live     4166.3 MB  "collide:nn_last_partner"
[kp]     80.35s  alloc        711.9 MB  Cuda     live     4878.3 MB  "collide:nn_last_partner"
[kp]     80.35s  dealloc      711.9 MB  Cuda     live     4166.3 MB  "collide:nn_last_partner"
[kp]     80.40s  alloc        711.9 MB  Cuda     live     4878.3 MB  "collide:nn_last_partner"
[kp]     80.40s  dealloc      711.9 MB  Cuda     live     4166.3 MB  "collide:nn_last_partner"
[kp]     80.45s  alloc        711.9 MB  Cuda     live     4878.3 MB  "collide:nn_last_partner"
[kp]     80.45s  dealloc      711.9 MB  Cuda     live     4166.3 MB  "collide:nn_last_partner"
[kp]     80.50s  alloc        711.9 MB  Cuda     live     4878.3 MB  "collide:nn_last_partner"
[kp]     80.50s  dealloc      711.9 MB  Cuda     live     4166.3 MB  "collide:nn_last_partner"
[kp]     80.55s  alloc        711.9 MB  Cuda     live     4878.3 MB  "collide:nn_last_partner"
[kp]     80.56s  dealloc      711.9 MB  Cuda     live     4166.3 MB  "collide:nn_last_partner"
[kp]     80.61s  alloc        711.9 MB  Cuda     live     4878.3 MB  "collide:nn_last_partner"
[kp]     80.61s  dealloc      711.9 MB  Cuda     live     4166.3 MB  "collide:nn_last_partner"
[kp]     80.66s  alloc        711.9 MB  Cuda     live     4878.3 MB  "collide:nn_last_partner"
[kp]     80.66s  dealloc      711.9 MB  Cuda     live     4166.3 MB  "collide:nn_last_partner"
[kp]     80.71s  alloc        711.9 MB  Cuda     live     4878.3 MB  "collide:nn_last_partner"
[kp]     80.71s  dealloc      711.9 MB  Cuda     live     4166.3 MB  "collide:nn_last_partner"
[kp]     80.76s  alloc        711.9 MB  Cuda     live     4878.3 MB  "collide:nn_last_partner"
[kp]     80.76s  dealloc      711.9 MB  Cuda     live     4166.3 MB  "collide:nn_last_partner"
[kp]     80.82s  alloc        711.9 MB  Cuda     live     4878.3 MB  "collide:nn_last_partner"
[kp]     80.82s  dealloc      711.9 MB  Cuda     live     4166.3 MB  "collide:nn_last_partner"
[kp]     80.87s  alloc        711.9 MB  Cuda     live     4878.3 MB  "collide:nn_last_partner"
[kp]     80.87s  dealloc      711.9 MB  Cuda     live     4166.3 MB  "collide:nn_last_partner"
[kp]     80.92s  alloc        711.9 MB  Cuda     live     4878.3 MB  "collide:nn_last_partner"
[kp]     80.92s  dealloc      711.9 MB  Cuda     live     4166.3 MB  "collide:nn_last_partner"
[kp]     80.97s  alloc        711.9 MB  Cuda     live     4878.3 MB  "collide:nn_last_partner"
[kp]     80.97s  dealloc      711.9 MB  Cuda     live     4166.3 MB  "collide:nn_last_partner"
[kp]     81.03s  alloc        711.9 MB  Cuda     live     4878.3 MB  "collide:nn_last_partner"
[kp]     81.03s  dealloc      711.9 MB  Cuda     live     4166.3 MB  "collide:nn_last_partner"
[kp]     81.08s  alloc        711.9 MB  Cuda     live     4878.3 MB  "collide:nn_last_partner"
[kp]     81.08s  dealloc      711.9 MB  Cuda     live     4166.3 MB  "collide:nn_last_partner"
[kp]     81.13s  alloc        711.9 MB  Cuda     live     4878.3 MB  "collide:nn_last_partner"
[kp]     81.13s  dealloc      711.9 MB  Cuda     live     4166.3 MB  "collide:nn_last_partner"
[kp]     81.18s  alloc        711.9 MB  Cuda     live     4878.3 MB  "collide:nn_last_partner"
[kp]     81.18s  dealloc      711.9 MB  Cuda     live     4166.3 MB  "collide:nn_last_partner"
[kp]     81.23s  alloc        711.9 MB  Cuda     live     4878.3 MB  "collide:nn_last_partner"
[kp]     81.23s  dealloc      711.9 MB  Cuda     live     4166.3 MB  "collide:nn_last_partner"
[kp]     81.29s  alloc        711.9 MB  Cuda     live     4878.3 MB  "collide:nn_last_partner"
[kp]     81.29s  dealloc      711.9 MB  Cuda     live     4166.3 MB  "collide:nn_last_partner"
[kp]     81.34s  alloc        711.9 MB  Cuda     live     4878.3 MB  "collide:nn_last_partner"
[kp]     81.34s  dealloc      711.9 MB  Cuda     live     4166.3 MB  "collide:nn_last_partner"
[kp]     81.39s  alloc        711.9 MB  Cuda     live     4878.3 MB  "collide:nn_last_partner"
[kp]     81.39s  dealloc      711.9 MB  Cuda     live     4166.3 MB  "collide:nn_last_partner"
[kp]     81.44s  alloc        711.9 MB  Cuda     live     4878.3 MB  "collide:nn_last_partner"
[kp]     81.44s  dealloc      711.9 MB  Cuda     live     4166.3 MB  "collide:nn_last_partner"
[kp]     81.50s  alloc        711.9 MB  Cuda     live     4878.3 MB  "collide:nn_last_partner"
[kp]     81.50s  dealloc      711.9 MB  Cuda     live     4166.3 MB  "collide:nn_last_partner"
[kp]     81.55s  alloc        711.9 MB  Cuda     live     4878.3 MB  "collide:nn_last_partner"
[kp]     81.55s  dealloc      711.9 MB  Cuda     live     4166.3 MB  "collide:nn_last_partner"
[kp]     81.60s  alloc        711.9 MB  Cuda     live     4878.3 MB  "collide:nn_last_partner"
[kp]     81.60s  dealloc      711.9 MB  Cuda     live     4166.3 MB  "collide:nn_last_partner"
[kp]     81.65s  alloc        711.9 MB  Cuda     live     4878.3 MB  "collide:nn_last_partner"
[kp]     81.65s  dealloc      711.9 MB  Cuda     live     4166.3 MB  "collide:nn_last_partner"
[kp]     81.70s  alloc        711.9 MB  Cuda     live     4878.3 MB  "collide:nn_last_partner"
[kp]     81.70s  dealloc      711.9 MB  Cuda     live     4166.3 MB  "collide:nn_last_partner"
[kp]     81.76s  alloc        711.9 MB  Cuda     live     4878.3 MB  "collide:nn_last_partner"
[kp]     81.76s  dealloc      711.9 MB  Cuda     live     4166.3 MB  "collide:nn_last_partner"
[kp]     81.81s  alloc        711.9 MB  Cuda     live     4878.3 MB  "collide:nn_last_partner"
[kp]     81.81s  dealloc      711.9 MB  Cuda     live     4166.3 MB  "collide:nn_last_partner"
[kp]     81.86s  alloc        711.9 MB  Cuda     live     4878.3 MB  "collide:nn_last_partner"
[kp]     81.86s  dealloc      711.9 MB  Cuda     live     4166.3 MB  "collide:nn_last_partner"
[kp]     81.91s  alloc        711.9 MB  Cuda     live     4878.3 MB  "collide:nn_last_partner"
[kp]     81.91s  dealloc      711.9 MB  Cuda     live     4166.3 MB  "collide:nn_last_partner"
[kp]     81.97s  alloc        711.9 MB  Cuda     live     4878.3 MB  "collide:nn_last_partner"
[kp]     81.97s  dealloc      711.9 MB  Cuda     live     4166.3 MB  "collide:nn_last_partner"
[kp]     82.02s  alloc        711.9 MB  Cuda     live     4878.3 MB  "collide:nn_last_partner"
[kp]     82.02s  dealloc      711.9 MB  Cuda     live     4166.3 MB  "collide:nn_last_partner"
[kp]     82.07s  alloc        711.9 MB  Cuda     live     4878.3 MB  "collide:nn_last_partner"
[kp]     82.07s  dealloc      711.9 MB  Cuda     live     4166.3 MB  "collide:nn_last_partner"
[kp]     82.12s  alloc        711.9 MB  Cuda     live     4878.3 MB  "collide:nn_last_partner"
[kp]     82.12s  dealloc      711.9 MB  Cuda     live     4166.3 MB  "collide:nn_last_partner"
[kp]     82.17s  alloc        711.9 MB  Cuda     live     4878.3 MB  "collide:nn_last_partner"
[kp]     82.17s  dealloc      711.9 MB  Cuda     live     4166.3 MB  "collide:nn_last_partner"
[kp]     82.23s  alloc        711.9 MB  Cuda     live     4878.3 MB  "collide:nn_last_partner"
[kp]     82.23s  dealloc      711.9 MB  Cuda     live     4166.3 MB  "collide:nn_last_partner"
[kp]     82.28s  alloc        711.9 MB  Cuda     live     4878.3 MB  "collide:nn_last_partner"
[kp]     82.28s  dealloc      711.9 MB  Cuda     live     4166.3 MB  "collide:nn_last_partner"
[kp]     82.33s  alloc        711.9 MB  Cuda     live     4878.3 MB  "collide:nn_last_partner"
[kp]     82.33s  dealloc      711.9 MB  Cuda     live     4166.3 MB  "collide:nn_last_partner"
[kp]     82.38s  alloc        711.9 MB  Cuda     live     4878.3 MB  "collide:nn_last_partner"
[kp]     82.38s  dealloc      711.9 MB  Cuda     live     4166.3 MB  "collide:nn_last_partner"
[kp]     82.43s  alloc        711.9 MB  Cuda     live     4878.3 MB  "collide:nn_last_partner"
[kp]     82.44s  dealloc      711.9 MB  Cuda     live     4166.3 MB  "collide:nn_last_partner"
[kp]     82.49s  alloc        711.9 MB  Cuda     live     4878.3 MB  "collide:nn_last_partner"
[kp]     82.49s  dealloc      711.9 MB  Cuda     live     4166.3 MB  "collide:nn_last_partner"
[kp]     82.54s  alloc        711.9 MB  Cuda     live     4878.3 MB  "collide:nn_last_partner"
[kp]     82.54s  dealloc      711.9 MB  Cuda     live     4166.3 MB  "collide:nn_last_partner"
[kp]     82.59s  alloc        711.9 MB  Cuda     live     4878.3 MB  "collide:nn_last_partner"
[kp]     82.59s  dealloc      711.9 MB  Cuda     live     4166.3 MB  "collide:nn_last_partner"
[kp]     82.64s  alloc        711.9 MB  Cuda     live     4878.3 MB  "collide:nn_last_partner"
[kp]     82.64s  dealloc      711.9 MB  Cuda     live     4166.3 MB  "collide:nn_last_partner"
[kp]     82.70s  alloc        711.9 MB  Cuda     live     4878.3 MB  "collide:nn_last_partner"
[kp]     82.70s  dealloc      711.9 MB  Cuda     live     4166.3 MB  "collide:nn_last_partner"
[kp]     82.75s  alloc        711.9 MB  Cuda     live     4878.3 MB  "collide:nn_last_partner"
[kp]     82.75s  dealloc      711.9 MB  Cuda     live     4166.3 MB  "collide:nn_last_partner"
[kp]     82.80s  alloc        711.9 MB  Cuda     live     4878.3 MB  "collide:nn_last_partner"
[kp]     82.80s  dealloc      711.9 MB  Cuda     live     4166.3 MB  "collide:nn_last_partner"
[kp]     82.85s  alloc        711.9 MB  Cuda     live     4878.3 MB  "collide:nn_last_partner"
[kp]     82.85s  dealloc      711.9 MB  Cuda     live     4166.3 MB  "collide:nn_last_partner"
[kp]     82.90s  alloc        711.9 MB  Cuda     live     4878.3 MB  "collide:nn_last_partner"
[kp]     82.90s  dealloc      711.9 MB  Cuda     live     4166.3 MB  "collide:nn_last_partner"
[kp]     82.96s  alloc        711.9 MB  Cuda     live     4878.3 MB  "collide:nn_last_partner"
[kp]     82.96s  dealloc      711.9 MB  Cuda     live     4166.3 MB  "collide:nn_last_partner"
[kp]     83.01s  alloc        711.9 MB  Cuda     live     4878.3 MB  "collide:nn_last_partner"
[kp]     83.01s  dealloc      711.9 MB  Cuda     live     4166.3 MB  "collide:nn_last_partner"
[kp]     83.06s  alloc        711.9 MB  Cuda     live     4878.3 MB  "collide:nn_last_partner"
[kp]     83.06s  dealloc      711.9 MB  Cuda     live     4166.3 MB  "collide:nn_last_partner"
[kp]     83.11s  alloc        711.9 MB  Cuda     live     4878.3 MB  "collide:nn_last_partner"
[kp]     83.11s  dealloc      711.9 MB  Cuda     live     4166.3 MB  "collide:nn_last_partner"
[kp]     83.16s  alloc        711.9 MB  Cuda     live     4878.3 MB  "collide:nn_last_partner"
[kp]     83.17s  dealloc      711.9 MB  Cuda     live     4166.3 MB  "collide:nn_last_partner"
[kp]     83.22s  alloc        711.9 MB  Cuda     live     4878.3 MB  "collide:nn_last_partner"
[kp]     83.22s  dealloc      711.9 MB  Cuda     live     4166.3 MB  "collide:nn_last_partner"
[kp]     83.27s  alloc        711.9 MB  Cuda     live     4878.3 MB  "collide:nn_last_partner"
[kp]     83.27s  dealloc      711.9 MB  Cuda     live     4166.3 MB  "collide:nn_last_partner"
[kp]     83.32s  alloc        711.9 MB  Cuda     live     4878.3 MB  "collide:nn_last_partner"
[kp]     83.32s  dealloc      711.9 MB  Cuda     live     4166.3 MB  "collide:nn_last_partner"
[kp]     83.37s  alloc        711.9 MB  Cuda     live     4878.3 MB  "collide:nn_last_partner"
[kp]     83.37s  dealloc      711.9 MB  Cuda     live     4166.3 MB  "collide:nn_last_partner"
[kp]     83.43s  alloc        711.9 MB  Cuda     live     4878.3 MB  "collide:nn_last_partner"
[kp]     83.43s  dealloc      711.9 MB  Cuda     live     4166.3 MB  "collide:nn_last_partner"
[kp]     83.48s  alloc        711.9 MB  Cuda     live     4878.3 MB  "collide:nn_last_partner"
[kp]     83.48s  dealloc      711.9 MB  Cuda     live     4166.3 MB  "collide:nn_last_partner"
[kp]     83.53s  alloc        711.9 MB  Cuda     live     4878.3 MB  "collide:nn_last_partner"
[kp]     83.53s  dealloc      711.9 MB  Cuda     live     4166.3 MB  "collide:nn_last_partner"
[kp]     83.58s  alloc        711.9 MB  Cuda     live     4878.3 MB  "collide:nn_last_partner"
[kp]     83.58s  dealloc      711.9 MB  Cuda     live     4166.3 MB  "collide:nn_last_partner"
[kp]     83.63s  alloc        711.9 MB  Cuda     live     4878.3 MB  "collide:nn_last_partner"
[kp]     83.63s  dealloc      711.9 MB  Cuda     live     4166.3 MB  "collide:nn_last_partner"
[kp]     83.69s  alloc        711.9 MB  Cuda     live     4878.3 MB  "collide:nn_last_partner"
[kp]     83.69s  dealloc      711.9 MB  Cuda     live     4166.3 MB  "collide:nn_last_partner"
[kp]     83.74s  alloc        711.9 MB  Cuda     live     4878.3 MB  "collide:nn_last_partner"
[kp]     83.74s  dealloc      711.9 MB  Cuda     live     4166.3 MB  "collide:nn_last_partner"
[kp]     83.79s  alloc        711.9 MB  Cuda     live     4878.3 MB  "collide:nn_last_partner"
[kp]     83.79s  dealloc      711.9 MB  Cuda     live     4166.3 MB  "collide:nn_last_partner"
[kp]     83.84s  alloc        711.9 MB  Cuda     live     4878.3 MB  "collide:nn_last_partner"
[kp]     83.84s  dealloc      711.9 MB  Cuda     live     4166.3 MB  "collide:nn_last_partner"
[kp]     83.89s  alloc        711.9 MB  Cuda     live     4878.3 MB  "collide:nn_last_partner"
[kp]     83.90s  dealloc      711.9 MB  Cuda     live     4166.3 MB  "collide:nn_last_partner"
[kp]     83.95s  alloc        711.9 MB  Cuda     live     4878.3 MB  "collide:nn_last_partner"
[kp]     83.95s  dealloc      711.9 MB  Cuda     live     4166.3 MB  "collide:nn_last_partner"
[kp]     84.00s  alloc        711.9 MB  Cuda     live     4878.3 MB  "collide:nn_last_partner"
[kp]     84.00s  dealloc      711.9 MB  Cuda     live     4166.3 MB  "collide:nn_last_partner"
[kp]     84.05s  alloc        711.9 MB  Cuda     live     4878.3 MB  "collide:nn_last_partner"
[kp]     84.05s  dealloc      711.9 MB  Cuda     live     4166.3 MB  "collide:nn_last_partner"
[kp]     84.10s  alloc        711.9 MB  Cuda     live     4878.3 MB  "collide:nn_last_partner"
[kp]     84.10s  dealloc      711.9 MB  Cuda     live     4166.3 MB  "collide:nn_last_partner"
[kp]     84.16s  alloc        711.9 MB  Cuda     live     4878.3 MB  "collide:nn_last_partner"
[kp]     84.16s  dealloc      711.9 MB  Cuda     live     4166.3 MB  "collide:nn_last_partner"
[kp]     84.21s  alloc        711.9 MB  Cuda     live     4878.3 MB  "collide:nn_last_partner"
[kp]     84.21s  dealloc      711.9 MB  Cuda     live     4166.3 MB  "collide:nn_last_partner"
[kp]     84.26s  alloc        711.9 MB  Cuda     live     4878.3 MB  "collide:nn_last_partner"
[kp]     84.26s  dealloc      711.9 MB  Cuda     live     4166.3 MB  "collide:nn_last_partner"
[kp]     84.31s  alloc        711.9 MB  Cuda     live     4878.3 MB  "collide:nn_last_partner"
[kp]     84.31s  dealloc      711.9 MB  Cuda     live     4166.3 MB  "collide:nn_last_partner"
[kp]     84.36s  alloc        711.9 MB  Cuda     live     4878.3 MB  "collide:nn_last_partner"
[kp]     84.36s  dealloc      711.9 MB  Cuda     live     4166.3 MB  "collide:nn_last_partner"
[kp]     84.42s  alloc        711.9 MB  Cuda     live     4878.3 MB  "collide:nn_last_partner"
[kp]     84.42s  dealloc      711.9 MB  Cuda     live     4166.3 MB  "collide:nn_last_partner"
[kp]     84.47s  alloc        711.9 MB  Cuda     live     4878.3 MB  "collide:nn_last_partner"
[kp]     84.47s  dealloc      711.9 MB  Cuda     live     4166.3 MB  "collide:nn_last_partner"
[kp]     84.52s  alloc        711.9 MB  Cuda     live     4878.3 MB  "collide:nn_last_partner"
[kp]     84.52s  dealloc      711.9 MB  Cuda     live     4166.3 MB  "collide:nn_last_partner"
[kp]     84.57s  alloc        711.9 MB  Cuda     live     4878.3 MB  "collide:nn_last_partner"
[kp]     84.57s  dealloc      711.9 MB  Cuda     live     4166.3 MB  "collide:nn_last_partner"
[kp]     84.62s  alloc        711.9 MB  Cuda     live     4878.3 MB  "collide:nn_last_partner"
[kp]     84.62s  dealloc      711.9 MB  Cuda     live     4166.3 MB  "collide:nn_last_partner"
[kp]     84.68s  alloc        711.9 MB  Cuda     live     4878.3 MB  "collide:nn_last_partner"
[kp]     84.68s  dealloc      711.9 MB  Cuda     live     4166.3 MB  "collide:nn_last_partner"
[kp]     84.73s  alloc        711.9 MB  Cuda     live     4878.3 MB  "collide:nn_last_partner"
[kp]     84.73s  dealloc      711.9 MB  Cuda     live     4166.3 MB  "collide:nn_last_partner"
[kp]     84.78s  alloc        711.9 MB  Cuda     live     4878.3 MB  "collide:nn_last_partner"
[kp]     84.78s  dealloc      711.9 MB  Cuda     live     4166.3 MB  "collide:nn_last_partner"
[kp]     84.83s  alloc        711.9 MB  Cuda     live     4878.3 MB  "collide:nn_last_partner"
[kp]     84.83s  dealloc      711.9 MB  Cuda     live     4166.3 MB  "collide:nn_last_partner"
[kp]     84.88s  alloc        711.9 MB  Cuda     live     4878.3 MB  "collide:nn_last_partner"
[kp]     84.88s  dealloc      711.9 MB  Cuda     live     4166.3 MB  "collide:nn_last_partner"
[kp]     84.94s  alloc        711.9 MB  Cuda     live     4878.3 MB  "collide:nn_last_partner"
[kp]     84.94s  dealloc      711.9 MB  Cuda     live     4166.3 MB  "collide:nn_last_partner"
    1200    72.310127 5.6285654e-08    18.761884        3e-09 28695367   104463    56253        0        0    294.71906 
[kp]     85.10s  alloc        711.9 MB  Cuda     live     4878.3 MB  "collide:nn_last_partner"
[kp]     85.10s  dealloc      711.9 MB  Cuda     live     4166.3 MB  "collide:nn_last_partner"
[kp]     85.15s  alloc        711.9 MB  Cuda     live     4878.3 MB  "collide:nn_last_partner"
[kp]     85.15s  dealloc      711.9 MB  Cuda     live     4166.3 MB  "collide:nn_last_partner"
[kp]     85.20s  alloc        711.9 MB  Cuda     live     4878.3 MB  "collide:nn_last_partner"
[kp]     85.21s  dealloc      711.9 MB  Cuda     live     4166.3 MB  "collide:nn_last_partner"
[kp]     85.26s  alloc        711.9 MB  Cuda     live     4878.3 MB  "collide:nn_last_partner"
[kp]     85.26s  dealloc      711.9 MB  Cuda     live     4166.3 MB  "collide:nn_last_partner"
[kp]     85.31s  alloc        711.9 MB  Cuda     live     4878.3 MB  "collide:nn_last_partner"
[kp]     85.31s  dealloc      711.9 MB  Cuda     live     4166.3 MB  "collide:nn_last_partner"
[kp]     85.36s  alloc        711.9 MB  Cuda     live     4878.3 MB  "collide:nn_last_partner"
[kp]     85.36s  dealloc      711.9 MB  Cuda     live     4166.3 MB  "collide:nn_last_partner"
[kp]     85.41s  alloc        711.9 MB  Cuda     live     4878.3 MB  "collide:nn_last_partner"
[kp]     85.41s  dealloc      711.9 MB  Cuda     live     4166.3 MB  "collide:nn_last_partner"
[kp]     85.46s  alloc        711.9 MB  Cuda     live     4878.3 MB  "collide:nn_last_partner"
[kp]     85.47s  dealloc      711.9 MB  Cuda     live     4166.3 MB  "collide:nn_last_partner"
[kp]     85.52s  alloc        711.9 MB  Cuda     live     4878.3 MB  "collide:nn_last_partner"
[kp]     85.52s  dealloc      711.9 MB  Cuda     live     4166.3 MB  "collide:nn_last_partner"
[kp]     85.57s  alloc        711.9 MB  Cuda     live     4878.3 MB  "collide:nn_last_partner"
[kp]     85.57s  dealloc      711.9 MB  Cuda     live     4166.3 MB  "collide:nn_last_partner"
[kp]     85.62s  alloc        711.9 MB  Cuda     live     4878.3 MB  "collide:nn_last_partner"
[kp]     85.62s  dealloc      711.9 MB  Cuda     live     4166.3 MB  "collide:nn_last_partner"
[kp]     85.67s  alloc        711.9 MB  Cuda     live     4878.3 MB  "collide:nn_last_partner"
[kp]     85.67s  dealloc      711.9 MB  Cuda     live     4166.3 MB  "collide:nn_last_partner"
[kp]     85.72s  alloc        711.9 MB  Cuda     live     4878.3 MB  "collide:nn_last_partner"
[kp]     85.73s  dealloc      711.9 MB  Cuda     live     4166.3 MB  "collide:nn_last_partner"
[kp]     85.78s  alloc        711.9 MB  Cuda     live     4878.3 MB  "collide:nn_last_partner"
[kp]     85.78s  dealloc      711.9 MB  Cuda     live     4166.3 MB  "collide:nn_last_partner"
[kp]     85.83s  alloc        711.9 MB  Cuda     live     4878.3 MB  "collide:nn_last_partner"
[kp]     85.83s  dealloc      711.9 MB  Cuda     live     4166.3 MB  "collide:nn_last_partner"
[kp]     85.88s  alloc        711.9 MB  Cuda     live     4878.3 MB  "collide:nn_last_partner"
[kp]     85.88s  dealloc      711.9 MB  Cuda     live     4166.3 MB  "collide:nn_last_partner"
[kp]     85.93s  alloc        711.9 MB  Cuda     live     4878.3 MB  "collide:nn_last_partner"
[kp]     85.93s  dealloc      711.9 MB  Cuda     live     4166.3 MB  "collide:nn_last_partner"
[kp]     85.98s  alloc        711.9 MB  Cuda     live     4878.3 MB  "collide:nn_last_partner"
[kp]     85.99s  dealloc      711.9 MB  Cuda     live     4166.3 MB  "collide:nn_last_partner"
[kp]     86.04s  alloc        711.9 MB  Cuda     live     4878.3 MB  "collide:nn_last_partner"
[kp]     86.04s  dealloc      711.9 MB  Cuda     live     4166.3 MB  "collide:nn_last_partner"
[kp]     86.09s  alloc        711.9 MB  Cuda     live     4878.3 MB  "collide:nn_last_partner"
[kp]     86.09s  dealloc      711.9 MB  Cuda     live     4166.3 MB  "collide:nn_last_partner"
[kp]     86.14s  alloc        711.9 MB  Cuda     live     4878.3 MB  "collide:nn_last_partner"
[kp]     86.14s  dealloc      711.9 MB  Cuda     live     4166.3 MB  "collide:nn_last_partner"
[kp]     86.19s  alloc        711.9 MB  Cuda     live     4878.3 MB  "collide:nn_last_partner"
[kp]     86.19s  dealloc      711.9 MB  Cuda     live     4166.3 MB  "collide:nn_last_partner"
[kp]     86.24s  alloc        711.9 MB  Cuda     live     4878.3 MB  "collide:nn_last_partner"
[kp]     86.25s  dealloc      711.9 MB  Cuda     live     4166.3 MB  "collide:nn_last_partner"
[kp]     86.30s  alloc        711.9 MB  Cuda     live     4878.3 MB  "collide:nn_last_partner"
[kp]     86.30s  dealloc      711.9 MB  Cuda     live     4166.3 MB  "collide:nn_last_partner"
[kp]     86.35s  alloc        711.9 MB  Cuda     live     4878.3 MB  "collide:nn_last_partner"
[kp]     86.35s  dealloc      711.9 MB  Cuda     live     4166.3 MB  "collide:nn_last_partner"
[kp]     86.40s  alloc        711.9 MB  Cuda     live     4878.3 MB  "collide:nn_last_partner"
[kp]     86.40s  dealloc      711.9 MB  Cuda     live     4166.3 MB  "collide:nn_last_partner"
[kp]     86.45s  alloc        711.9 MB  Cuda     live     4878.3 MB  "collide:nn_last_partner"
[kp]     86.45s  dealloc      711.9 MB  Cuda     live     4166.3 MB  "collide:nn_last_partner"
[kp]     86.50s  alloc        711.9 MB  Cuda     live     4878.3 MB  "collide:nn_last_partner"
[kp]     86.51s  dealloc      711.9 MB  Cuda     live     4166.3 MB  "collide:nn_last_partner"
[kp]     86.56s  alloc        711.9 MB  Cuda     live     4878.3 MB  "collide:nn_last_partner"
[kp]     86.56s  dealloc      711.9 MB  Cuda     live     4166.3 MB  "collide:nn_last_partner"
[kp]     86.61s  alloc        711.9 MB  Cuda     live     4878.3 MB  "collide:nn_last_partner"
[kp]     86.61s  dealloc      711.9 MB  Cuda     live     4166.3 MB  "collide:nn_last_partner"
[kp]     86.66s  alloc        711.9 MB  Cuda     live     4878.3 MB  "collide:nn_last_partner"
[kp]     86.66s  dealloc      711.9 MB  Cuda     live     4166.3 MB  "collide:nn_last_partner"
[kp]     86.71s  alloc        711.9 MB  Cuda     live     4878.3 MB  "collide:nn_last_partner"
[kp]     86.71s  dealloc      711.9 MB  Cuda     live     4166.3 MB  "collide:nn_last_partner"
[kp]     86.76s  alloc        711.9 MB  Cuda     live     4878.3 MB  "collide:nn_last_partner"
[kp]     86.77s  dealloc      711.9 MB  Cuda     live     4166.3 MB  "collide:nn_last_partner"
[kp]     86.82s  alloc        711.9 MB  Cuda     live     4878.3 MB  "collide:nn_last_partner"
[kp]     86.82s  dealloc      711.9 MB  Cuda     live     4166.3 MB  "collide:nn_last_partner"
[kp]     86.87s  alloc        711.9 MB  Cuda     live     4878.3 MB  "collide:nn_last_partner"
[kp]     86.87s  dealloc      711.9 MB  Cuda     live     4166.3 MB  "collide:nn_last_partner"
[kp]     86.92s  alloc        711.9 MB  Cuda     live     4878.3 MB  "collide:nn_last_partner"
[kp]     86.92s  dealloc      711.9 MB  Cuda     live     4166.3 MB  "collide:nn_last_partner"
[kp]     86.97s  alloc        711.9 MB  Cuda     live     4878.3 MB  "collide:nn_last_partner"
[kp]     86.97s  dealloc      711.9 MB  Cuda     live     4166.3 MB  "collide:nn_last_partner"
[kp]     87.02s  alloc        711.9 MB  Cuda     live     4878.3 MB  "collide:nn_last_partner"
[kp]     87.02s  dealloc      711.9 MB  Cuda     live     4166.3 MB  "collide:nn_last_partner"
[kp]     87.08s  alloc        711.9 MB  Cuda     live     4878.3 MB  "collide:nn_last_partner"
[kp]     87.08s  dealloc      711.9 MB  Cuda     live     4166.3 MB  "collide:nn_last_partner"
[kp]     87.13s  alloc        711.9 MB  Cuda     live     4878.3 MB  "collide:nn_last_partner"
[kp]     87.13s  dealloc      711.9 MB  Cuda     live     4166.3 MB  "collide:nn_last_partner"
[kp]     87.18s  alloc        711.9 MB  Cuda     live     4878.3 MB  "collide:nn_last_partner"
[kp]     87.18s  dealloc      711.9 MB  Cuda     live     4166.3 MB  "collide:nn_last_partner"
[kp]     87.23s  alloc        711.9 MB  Cuda     live     4878.3 MB  "collide:nn_last_partner"
[kp]     87.23s  dealloc      711.9 MB  Cuda     live     4166.3 MB  "collide:nn_last_partner"
[kp]     87.28s  alloc        711.9 MB  Cuda     live     4878.3 MB  "collide:nn_last_partner"
[kp]     87.28s  dealloc      711.9 MB  Cuda     live     4166.3 MB  "collide:nn_last_partner"
[kp]     87.34s  alloc        711.9 MB  Cuda     live     4878.3 MB  "collide:nn_last_partner"
[kp]     87.34s  dealloc      711.9 MB  Cuda     live     4166.3 MB  "collide:nn_last_partner"
[kp]     87.39s  alloc        711.9 MB  Cuda     live     4878.3 MB  "collide:nn_last_partner"
[kp]     87.39s  dealloc      711.9 MB  Cuda     live     4166.3 MB  "collide:nn_last_partner"
[kp]     87.44s  alloc        711.9 MB  Cuda     live     4878.3 MB  "collide:nn_last_partner"
[kp]     87.44s  dealloc      711.9 MB  Cuda     live     4166.3 MB  "collide:nn_last_partner"
[kp]     87.49s  alloc        711.9 MB  Cuda     live     4878.3 MB  "collide:nn_last_partner"
[kp]     87.49s  dealloc      711.9 MB  Cuda     live     4166.3 MB  "collide:nn_last_partner"
[kp]     87.54s  alloc        711.9 MB  Cuda     live     4878.3 MB  "collide:nn_last_partner"
[kp]     87.54s  dealloc      711.9 MB  Cuda     live     4166.3 MB  "collide:nn_last_partner"
[kp]     87.60s  alloc        711.9 MB  Cuda     live     4878.3 MB  "collide:nn_last_partner"
[kp]     87.60s  dealloc      711.9 MB  Cuda     live     4166.3 MB  "collide:nn_last_partner"
[kp]     87.65s  alloc        711.9 MB  Cuda     live     4878.3 MB  "collide:nn_last_partner"
[kp]     87.65s  dealloc      711.9 MB  Cuda     live     4166.3 MB  "collide:nn_last_partner"
[kp]     87.70s  alloc        711.9 MB  Cuda     live     4878.3 MB  "collide:nn_last_partner"
[kp]     87.70s  dealloc      711.9 MB  Cuda     live     4166.3 MB  "collide:nn_last_partner"
[kp]     87.75s  alloc        711.9 MB  Cuda     live     4878.3 MB  "collide:nn_last_partner"
[kp]     87.75s  dealloc      711.9 MB  Cuda     live     4166.3 MB  "collide:nn_last_partner"
[kp]     87.80s  alloc        711.9 MB  Cuda     live     4878.3 MB  "collide:nn_last_partner"
[kp]     87.80s  dealloc      711.9 MB  Cuda     live     4166.3 MB  "collide:nn_last_partner"
[kp]     87.86s  alloc        711.9 MB  Cuda     live     4878.3 MB  "collide:nn_last_partner"
[kp]     87.86s  dealloc      711.9 MB  Cuda     live     4166.3 MB  "collide:nn_last_partner"
[kp]     87.91s  alloc        711.9 MB  Cuda     live     4878.3 MB  "collide:nn_last_partner"
[kp]     87.91s  dealloc      711.9 MB  Cuda     live     4166.3 MB  "collide:nn_last_partner"
[kp]     87.96s  alloc        711.9 MB  Cuda     live     4878.3 MB  "collide:nn_last_partner"
[kp]     87.96s  dealloc      711.9 MB  Cuda     live     4166.3 MB  "collide:nn_last_partner"
[kp]     88.01s  alloc        711.9 MB  Cuda     live     4878.3 MB  "collide:nn_last_partner"
[kp]     88.01s  dealloc      711.9 MB  Cuda     live     4166.3 MB  "collide:nn_last_partner"
[kp]     88.06s  alloc        711.9 MB  Cuda     live     4878.3 MB  "collide:nn_last_partner"
[kp]     88.06s  dealloc      711.9 MB  Cuda     live     4166.3 MB  "collide:nn_last_partner"
[kp]     88.11s  alloc        711.9 MB  Cuda     live     4878.3 MB  "collide:nn_last_partner"
[kp]     88.12s  dealloc      711.9 MB  Cuda     live     4166.3 MB  "collide:nn_last_partner"
[kp]     88.17s  alloc        711.9 MB  Cuda     live     4878.3 MB  "collide:nn_last_partner"
[kp]     88.17s  dealloc      711.9 MB  Cuda     live     4166.3 MB  "collide:nn_last_partner"
[kp]     88.22s  alloc        711.9 MB  Cuda     live     4878.3 MB  "collide:nn_last_partner"
[kp]     88.22s  dealloc      711.9 MB  Cuda     live     4166.3 MB  "collide:nn_last_partner"
[kp]     88.27s  alloc        711.9 MB  Cuda     live     4878.3 MB  "collide:nn_last_partner"
[kp]     88.27s  dealloc      711.9 MB  Cuda     live     4166.3 MB  "collide:nn_last_partner"
[kp]     88.32s  alloc        711.9 MB  Cuda     live     4878.3 MB  "collide:nn_last_partner"
[kp]     88.32s  dealloc      711.9 MB  Cuda     live     4166.3 MB  "collide:nn_last_partner"
[kp]     88.37s  alloc        711.9 MB  Cuda     live     4878.3 MB  "collide:nn_last_partner"
[kp]     88.38s  dealloc      711.9 MB  Cuda     live     4166.3 MB  "collide:nn_last_partner"
[kp]     88.43s  alloc        711.9 MB  Cuda     live     4878.3 MB  "collide:nn_last_partner"
[kp]     88.43s  dealloc      711.9 MB  Cuda     live     4166.3 MB  "collide:nn_last_partner"
[kp]     88.48s  alloc        711.9 MB  Cuda     live     4878.3 MB  "collide:nn_last_partner"
[kp]     88.48s  dealloc      711.9 MB  Cuda     live     4166.3 MB  "collide:nn_last_partner"
[kp]     88.53s  alloc        711.9 MB  Cuda     live     4878.3 MB  "collide:nn_last_partner"
[kp]     88.53s  dealloc      711.9 MB  Cuda     live     4166.3 MB  "collide:nn_last_partner"
[kp]     88.58s  alloc        711.9 MB  Cuda     live     4878.3 MB  "collide:nn_last_partner"
[kp]     88.58s  dealloc      711.9 MB  Cuda     live     4166.3 MB  "collide:nn_last_partner"
[kp]     88.63s  alloc        711.9 MB  Cuda     live     4878.3 MB  "collide:nn_last_partner"
[kp]     88.63s  dealloc      711.9 MB  Cuda     live     4166.3 MB  "collide:nn_last_partner"
[kp]     88.69s  alloc        711.9 MB  Cuda     live     4878.3 MB  "collide:nn_last_partner"
[kp]     88.69s  dealloc      711.9 MB  Cuda     live     4166.3 MB  "collide:nn_last_partner"
[kp]     88.74s  alloc        711.9 MB  Cuda     live     4878.3 MB  "collide:nn_last_partner"
[kp]     88.74s  dealloc      711.9 MB  Cuda     live     4166.3 MB  "collide:nn_last_partner"
[kp]     88.79s  alloc        711.9 MB  Cuda     live     4878.3 MB  "collide:nn_last_partner"
[kp]     88.79s  dealloc      711.9 MB  Cuda     live     4166.3 MB  "collide:nn_last_partner"
[kp]     88.84s  alloc        711.9 MB  Cuda     live     4878.3 MB  "collide:nn_last_partner"
[kp]     88.84s  dealloc      711.9 MB  Cuda     live     4166.3 MB  "collide:nn_last_partner"
[kp]     88.89s  alloc        711.9 MB  Cuda     live     4878.3 MB  "collide:nn_last_partner"
[kp]     88.89s  dealloc      711.9 MB  Cuda     live     4166.3 MB  "collide:nn_last_partner"
[kp]     88.95s  alloc        711.9 MB  Cuda     live     4878.3 MB  "collide:nn_last_partner"
[kp]     88.95s  dealloc      711.9 MB  Cuda     live     4166.3 MB  "collide:nn_last_partner"
[kp]     89.00s  alloc        711.9 MB  Cuda     live     4878.3 MB  "collide:nn_last_partner"
[kp]     89.00s  dealloc      711.9 MB  Cuda     live     4166.3 MB  "collide:nn_last_partner"
[kp]     89.05s  alloc        711.9 MB  Cuda     live     4878.3 MB  "collide:nn_last_partner"
[kp]     89.05s  dealloc      711.9 MB  Cuda     live     4166.3 MB  "collide:nn_last_partner"
[kp]     89.10s  alloc        711.9 MB  Cuda     live     4878.3 MB  "collide:nn_last_partner"
[kp]     89.10s  dealloc      711.9 MB  Cuda     live     4166.3 MB  "collide:nn_last_partner"
[kp]     89.15s  alloc        711.9 MB  Cuda     live     4878.3 MB  "collide:nn_last_partner"
[kp]     89.15s  dealloc      711.9 MB  Cuda     live     4166.3 MB  "collide:nn_last_partner"
[kp]     89.21s  alloc        711.9 MB  Cuda     live     4878.3 MB  "collide:nn_last_partner"
[kp]     89.21s  dealloc      711.9 MB  Cuda     live     4166.3 MB  "collide:nn_last_partner"
[kp]     89.26s  alloc        711.9 MB  Cuda     live     4878.3 MB  "collide:nn_last_partner"
[kp]     89.26s  dealloc      711.9 MB  Cuda     live     4166.3 MB  "collide:nn_last_partner"
[kp]     89.31s  alloc        711.9 MB  Cuda     live     4878.3 MB  "collide:nn_last_partner"
[kp]     89.31s  dealloc      711.9 MB  Cuda     live     4166.3 MB  "collide:nn_last_partner"
[kp]     89.36s  alloc        711.9 MB  Cuda     live     4878.3 MB  "collide:nn_last_partner"
[kp]     89.36s  dealloc      711.9 MB  Cuda     live     4166.3 MB  "collide:nn_last_partner"
[kp]     89.41s  alloc        711.9 MB  Cuda     live     4878.3 MB  "collide:nn_last_partner"
[kp]     89.41s  dealloc      711.9 MB  Cuda     live     4166.3 MB  "collide:nn_last_partner"
[kp]     89.46s  alloc        711.9 MB  Cuda     live     4878.3 MB  "collide:nn_last_partner"
[kp]     89.46s  dealloc      711.9 MB  Cuda     live     4166.3 MB  "collide:nn_last_partner"
[kp]     89.52s  alloc        711.9 MB  Cuda     live     4878.3 MB  "collide:nn_last_partner"
[kp]     89.52s  dealloc      711.9 MB  Cuda     live     4166.3 MB  "collide:nn_last_partner"
[kp]     89.57s  alloc        711.9 MB  Cuda     live     4878.3 MB  "collide:nn_last_partner"
[kp]     89.57s  dealloc      711.9 MB  Cuda     live     4166.3 MB  "collide:nn_last_partner"
[kp]     89.62s  alloc        711.9 MB  Cuda     live     4878.3 MB  "collide:nn_last_partner"
[kp]     89.62s  dealloc      711.9 MB  Cuda     live     4166.3 MB  "collide:nn_last_partner"
[kp]     89.67s  alloc        711.9 MB  Cuda     live     4878.3 MB  "collide:nn_last_partner"
[kp]     89.67s  dealloc      711.9 MB  Cuda     live     4166.3 MB  "collide:nn_last_partner"
[kp]     89.72s  alloc        711.9 MB  Cuda     live     4878.3 MB  "collide:nn_last_partner"
[kp]     89.72s  dealloc      711.9 MB  Cuda     live     4166.3 MB  "collide:nn_last_partner"
[kp]     89.78s  alloc        711.9 MB  Cuda     live     4878.3 MB  "collide:nn_last_partner"
[kp]     89.78s  dealloc      711.9 MB  Cuda     live     4166.3 MB  "collide:nn_last_partner"
[kp]     89.83s  alloc        711.9 MB  Cuda     live     4878.3 MB  "collide:nn_last_partner"
[kp]     89.83s  dealloc      711.9 MB  Cuda     live     4166.3 MB  "collide:nn_last_partner"
[kp]     89.88s  alloc        711.9 MB  Cuda     live     4878.3 MB  "collide:nn_last_partner"
[kp]     89.88s  dealloc      711.9 MB  Cuda     live     4166.3 MB  "collide:nn_last_partner"
[kp]     89.93s  alloc        711.9 MB  Cuda     live     4878.3 MB  "collide:nn_last_partner"
[kp]     89.93s  dealloc      711.9 MB  Cuda     live     4166.3 MB  "collide:nn_last_partner"
[kp]     89.98s  alloc        711.9 MB  Cuda     live     4878.3 MB  "collide:nn_last_partner"
[kp]     89.98s  dealloc      711.9 MB  Cuda     live     4166.3 MB  "collide:nn_last_partner"
[kp]     90.03s  alloc        711.9 MB  Cuda     live     4878.3 MB  "collide:nn_last_partner"
[kp]     90.04s  dealloc      711.9 MB  Cuda     live     4166.3 MB  "collide:nn_last_partner"
[kp]     90.09s  alloc        711.9 MB  Cuda     live     4878.3 MB  "collide:nn_last_partner"
[kp]     90.09s  dealloc      711.9 MB  Cuda     live     4166.3 MB  "collide:nn_last_partner"
[kp]     90.14s  alloc        711.9 MB  Cuda     live     4878.3 MB  "collide:nn_last_partner"
[kp]     90.14s  dealloc      711.9 MB  Cuda     live     4166.3 MB  "collide:nn_last_partner"
[kp]     90.19s  alloc        711.9 MB  Cuda     live     4878.3 MB  "collide:nn_last_partner"
[kp]     90.19s  dealloc      711.9 MB  Cuda     live     4166.3 MB  "collide:nn_last_partner"
[kp]     90.24s  alloc        711.9 MB  Cuda     live     4878.3 MB  "collide:nn_last_partner"
[kp]     90.24s  dealloc      711.9 MB  Cuda     live     4166.3 MB  "collide:nn_last_partner"
    1300    77.614211 5.6560215e-08    18.853406        3e-09 28567051   103453    55393        0        0    294.70149 
[kp]     90.40s  alloc        711.9 MB  Cuda     live     4878.3 MB  "collide:nn_last_partner"
[kp]     90.40s  dealloc      711.9 MB  Cuda     live     4166.3 MB  "collide:nn_last_partner"
[kp]     90.46s  alloc        711.9 MB  Cuda     live     4878.3 MB  "collide:nn_last_partner"
[kp]     90.46s  dealloc      711.9 MB  Cuda     live     4166.3 MB  "collide:nn_last_partner"
[kp]     90.51s  alloc        711.9 MB  Cuda     live     4878.3 MB  "collide:nn_last_partner"
[kp]     90.51s  dealloc      711.9 MB  Cuda     live     4166.3 MB  "collide:nn_last_partner"
[kp]     90.56s  alloc        711.9 MB  Cuda     live     4878.3 MB  "collide:nn_last_partner"
[kp]     90.56s  dealloc      711.9 MB  Cuda     live     4166.3 MB  "collide:nn_last_partner"
[kp]     90.61s  alloc        711.9 MB  Cuda     live     4878.3 MB  "collide:nn_last_partner"
[kp]     90.61s  dealloc      711.9 MB  Cuda     live     4166.3 MB  "collide:nn_last_partner"
[kp]     90.66s  alloc        711.9 MB  Cuda     live     4878.3 MB  "collide:nn_last_partner"
[kp]     90.66s  dealloc      711.9 MB  Cuda     live     4166.3 MB  "collide:nn_last_partner"
[kp]     90.72s  alloc        711.9 MB  Cuda     live     4878.3 MB  "collide:nn_last_partner"
[kp]     90.72s  dealloc      711.9 MB  Cuda     live     4166.3 MB  "collide:nn_last_partner"
[kp]     90.77s  alloc        711.9 MB  Cuda     live     4878.3 MB  "collide:nn_last_partner"
[kp]     90.77s  dealloc      711.9 MB  Cuda     live     4166.3 MB  "collide:nn_last_partner"
[kp]     90.82s  alloc        711.9 MB  Cuda     live     4878.3 MB  "collide:nn_last_partner"
[kp]     90.82s  dealloc      711.9 MB  Cuda     live     4166.3 MB  "collide:nn_last_partner"
[kp]     90.87s  alloc        711.9 MB  Cuda     live     4878.3 MB  "collide:nn_last_partner"
[kp]     90.87s  dealloc      711.9 MB  Cuda     live     4166.3 MB  "collide:nn_last_partner"
[kp]     90.92s  alloc        711.9 MB  Cuda     live     4878.3 MB  "collide:nn_last_partner"
[kp]     90.92s  dealloc      711.9 MB  Cuda     live     4166.3 MB  "collide:nn_last_partner"
[kp]     90.97s  alloc        711.9 MB  Cuda     live     4878.3 MB  "collide:nn_last_partner"
[kp]     90.97s  dealloc      711.9 MB  Cuda     live     4166.3 MB  "collide:nn_last_partner"
[kp]     91.03s  alloc        711.9 MB  Cuda     live     4878.3 MB  "collide:nn_last_partner"
[kp]     91.03s  dealloc      711.9 MB  Cuda     live     4166.3 MB  "collide:nn_last_partner"
[kp]     91.08s  alloc        711.9 MB  Cuda     live     4878.3 MB  "collide:nn_last_partner"
[kp]     91.08s  dealloc      711.9 MB  Cuda     live     4166.3 MB  "collide:nn_last_partner"
[kp]     91.13s  alloc        711.9 MB  Cuda     live     4878.3 MB  "collide:nn_last_partner"
[kp]     91.13s  dealloc      711.9 MB  Cuda     live     4166.3 MB  "collide:nn_last_partner"
[kp]     91.18s  alloc        711.9 MB  Cuda     live     4878.3 MB  "collide:nn_last_partner"
[kp]     91.18s  dealloc      711.9 MB  Cuda     live     4166.3 MB  "collide:nn_last_partner"
[kp]     91.23s  alloc        711.9 MB  Cuda     live     4878.3 MB  "collide:nn_last_partner"
[kp]     91.23s  dealloc      711.9 MB  Cuda     live     4166.3 MB  "collide:nn_last_partner"
[kp]     91.29s  alloc        711.9 MB  Cuda     live     4878.3 MB  "collide:nn_last_partner"
[kp]     91.29s  dealloc      711.9 MB  Cuda     live     4166.3 MB  "collide:nn_last_partner"
[kp]     91.34s  alloc        711.9 MB  Cuda     live     4878.3 MB  "collide:nn_last_partner"
[kp]     91.34s  dealloc      711.9 MB  Cuda     live     4166.3 MB  "collide:nn_last_partner"
[kp]     91.39s  alloc        711.9 MB  Cuda     live     4878.3 MB  "collide:nn_last_partner"
[kp]     91.39s  dealloc      711.9 MB  Cuda     live     4166.3 MB  "collide:nn_last_partner"
[kp]     91.44s  alloc        711.9 MB  Cuda     live     4878.3 MB  "collide:nn_last_partner"
[kp]     91.44s  dealloc      711.9 MB  Cuda     live     4166.3 MB  "collide:nn_last_partner"
[kp]     91.49s  alloc        711.9 MB  Cuda     live     4878.3 MB  "collide:nn_last_partner"
[kp]     91.49s  dealloc      711.9 MB  Cuda     live     4166.3 MB  "collide:nn_last_partner"
[kp]     91.54s  alloc        711.9 MB  Cuda     live     4878.3 MB  "collide:nn_last_partner"
[kp]     91.54s  dealloc      711.9 MB  Cuda     live     4166.3 MB  "collide:nn_last_partner"
[kp]     91.60s  alloc        711.9 MB  Cuda     live     4878.3 MB  "collide:nn_last_partner"
[kp]     91.60s  dealloc      711.9 MB  Cuda     live     4166.3 MB  "collide:nn_last_partner"
[kp]     91.65s  alloc        711.9 MB  Cuda     live     4878.3 MB  "collide:nn_last_partner"
[kp]     91.65s  dealloc      711.9 MB  Cuda     live     4166.3 MB  "collide:nn_last_partner"
[kp]     91.70s  alloc        711.9 MB  Cuda     live     4878.3 MB  "collide:nn_last_partner"
[kp]     91.70s  dealloc      711.9 MB  Cuda     live     4166.3 MB  "collide:nn_last_partner"
[kp]     91.75s  alloc        711.9 MB  Cuda     live     4878.3 MB  "collide:nn_last_partner"
[kp]     91.75s  dealloc      711.9 MB  Cuda     live     4166.3 MB  "collide:nn_last_partner"
[kp]     91.80s  alloc        711.9 MB  Cuda     live     4878.3 MB  "collide:nn_last_partner"
[kp]     91.80s  dealloc      711.9 MB  Cuda     live     4166.3 MB  "collide:nn_last_partner"
[kp]     91.85s  alloc        711.9 MB  Cuda     live     4878.3 MB  "collide:nn_last_partner"
[kp]     91.86s  dealloc      711.9 MB  Cuda     live     4166.3 MB  "collide:nn_last_partner"
[kp]     91.91s  alloc        711.9 MB  Cuda     live     4878.3 MB  "collide:nn_last_partner"
[kp]     91.91s  dealloc      711.9 MB  Cuda     live     4166.3 MB  "collide:nn_last_partner"
[kp]     91.96s  alloc        711.9 MB  Cuda     live     4878.3 MB  "collide:nn_last_partner"
[kp]     91.96s  dealloc      711.9 MB  Cuda     live     4166.3 MB  "collide:nn_last_partner"
[kp]     92.01s  alloc        711.9 MB  Cuda     live     4878.3 MB  "collide:nn_last_partner"
[kp]     92.01s  dealloc      711.9 MB  Cuda     live     4166.3 MB  "collide:nn_last_partner"
[kp]     92.06s  alloc        711.9 MB  Cuda     live     4878.3 MB  "collide:nn_last_partner"
[kp]     92.06s  dealloc      711.9 MB  Cuda     live     4166.3 MB  "collide:nn_last_partner"
[kp]     92.11s  alloc        711.9 MB  Cuda     live     4878.3 MB  "collide:nn_last_partner"
[kp]     92.11s  dealloc      711.9 MB  Cuda     live     4166.3 MB  "collide:nn_last_partner"
[kp]     92.17s  alloc        711.9 MB  Cuda     live     4878.3 MB  "collide:nn_last_partner"
[kp]     92.17s  dealloc      711.9 MB  Cuda     live     4166.3 MB  "collide:nn_last_partner"
[kp]     92.22s  alloc        711.9 MB  Cuda     live     4878.3 MB  "collide:nn_last_partner"
[kp]     92.22s  dealloc      711.9 MB  Cuda     live     4166.3 MB  "collide:nn_last_partner"
[kp]     92.27s  alloc        711.9 MB  Cuda     live     4878.3 MB  "collide:nn_last_partner"
[kp]     92.27s  dealloc      711.9 MB  Cuda     live     4166.3 MB  "collide:nn_last_partner"
[kp]     92.32s  alloc        711.9 MB  Cuda     live     4878.3 MB  "collide:nn_last_partner"
[kp]     92.32s  dealloc      711.9 MB  Cuda     live     4166.3 MB  "collide:nn_last_partner"
[kp]     92.37s  alloc        711.9 MB  Cuda     live     4878.3 MB  "collide:nn_last_partner"
[kp]     92.37s  dealloc      711.9 MB  Cuda     live     4166.3 MB  "collide:nn_last_partner"
[kp]     92.42s  alloc        711.9 MB  Cuda     live     4878.3 MB  "collide:nn_last_partner"
[kp]     92.43s  dealloc      711.9 MB  Cuda     live     4166.3 MB  "collide:nn_last_partner"
[kp]     92.48s  alloc        711.9 MB  Cuda     live     4878.3 MB  "collide:nn_last_partner"
[kp]     92.48s  dealloc      711.9 MB  Cuda     live     4166.3 MB  "collide:nn_last_partner"
[kp]     92.53s  alloc        711.9 MB  Cuda     live     4878.3 MB  "collide:nn_last_partner"
[kp]     92.53s  dealloc      711.9 MB  Cuda     live     4166.3 MB  "collide:nn_last_partner"
[kp]     92.58s  alloc        711.9 MB  Cuda     live     4878.3 MB  "collide:nn_last_partner"
[kp]     92.58s  dealloc      711.9 MB  Cuda     live     4166.3 MB  "collide:nn_last_partner"
[kp]     92.63s  alloc        711.9 MB  Cuda     live     4878.3 MB  "collide:nn_last_partner"
[kp]     92.63s  dealloc      711.9 MB  Cuda     live     4166.3 MB  "collide:nn_last_partner"
[kp]     92.68s  alloc        711.9 MB  Cuda     live     4878.3 MB  "collide:nn_last_partner"
[kp]     92.68s  dealloc      711.9 MB  Cuda     live     4166.3 MB  "collide:nn_last_partner"
[kp]     92.74s  alloc        711.9 MB  Cuda     live     4878.3 MB  "collide:nn_last_partner"
[kp]     92.74s  dealloc      711.9 MB  Cuda     live     4166.3 MB  "collide:nn_last_partner"
[kp]     92.79s  alloc        711.9 MB  Cuda     live     4878.3 MB  "collide:nn_last_partner"
[kp]     92.79s  dealloc      711.9 MB  Cuda     live     4166.3 MB  "collide:nn_last_partner"
[kp]     92.84s  alloc        711.9 MB  Cuda     live     4878.3 MB  "collide:nn_last_partner"
[kp]     92.84s  dealloc      711.9 MB  Cuda     live     4166.3 MB  "collide:nn_last_partner"
[kp]     92.89s  alloc        711.9 MB  Cuda     live     4878.3 MB  "collide:nn_last_partner"
[kp]     92.89s  dealloc      711.9 MB  Cuda     live     4166.3 MB  "collide:nn_last_partner"
[kp]     92.94s  alloc        711.9 MB  Cuda     live     4878.3 MB  "collide:nn_last_partner"
[kp]     92.94s  dealloc      711.9 MB  Cuda     live     4166.3 MB  "collide:nn_last_partner"
[kp]     92.99s  alloc        711.9 MB  Cuda     live     4878.3 MB  "collide:nn_last_partner"
[kp]     92.99s  dealloc      711.9 MB  Cuda     live     4166.3 MB  "collide:nn_last_partner"
[kp]     93.05s  alloc        711.9 MB  Cuda     live     4878.3 MB  "collide:nn_last_partner"
[kp]     93.05s  dealloc      711.9 MB  Cuda     live     4166.3 MB  "collide:nn_last_partner"
[kp]     93.10s  alloc        711.9 MB  Cuda     live     4878.3 MB  "collide:nn_last_partner"
[kp]     93.10s  dealloc      711.9 MB  Cuda     live     4166.3 MB  "collide:nn_last_partner"
[kp]     93.15s  alloc        711.9 MB  Cuda     live     4878.3 MB  "collide:nn_last_partner"
[kp]     93.15s  dealloc      711.9 MB  Cuda     live     4166.3 MB  "collide:nn_last_partner"
[kp]     93.20s  alloc        711.9 MB  Cuda     live     4878.3 MB  "collide:nn_last_partner"
[kp]     93.20s  dealloc      711.9 MB  Cuda     live     4166.3 MB  "collide:nn_last_partner"
[kp]     93.25s  alloc        711.9 MB  Cuda     live     4878.3 MB  "collide:nn_last_partner"
[kp]     93.25s  dealloc      711.9 MB  Cuda     live     4166.3 MB  "collide:nn_last_partner"
[kp]     93.30s  alloc        711.9 MB  Cuda     live     4878.3 MB  "collide:nn_last_partner"
[kp]     93.30s  dealloc      711.9 MB  Cuda     live     4166.3 MB  "collide:nn_last_partner"
[kp]     93.36s  alloc        711.9 MB  Cuda     live     4878.3 MB  "collide:nn_last_partner"
[kp]     93.36s  dealloc      711.9 MB  Cuda     live     4166.3 MB  "collide:nn_last_partner"
[kp]     93.41s  alloc        711.9 MB  Cuda     live     4878.3 MB  "collide:nn_last_partner"
[kp]     93.41s  dealloc      711.9 MB  Cuda     live     4166.3 MB  "collide:nn_last_partner"
[kp]     93.46s  alloc        711.9 MB  Cuda     live     4878.3 MB  "collide:nn_last_partner"
[kp]     93.46s  dealloc      711.9 MB  Cuda     live     4166.3 MB  "collide:nn_last_partner"
[kp]     93.51s  alloc        711.9 MB  Cuda     live     4878.3 MB  "collide:nn_last_partner"
[kp]     93.51s  dealloc      711.9 MB  Cuda     live     4166.3 MB  "collide:nn_last_partner"
[kp]     93.56s  alloc        711.9 MB  Cuda     live     4878.3 MB  "collide:nn_last_partner"
[kp]     93.56s  dealloc      711.9 MB  Cuda     live     4166.3 MB  "collide:nn_last_partner"
[kp]     93.61s  alloc        711.9 MB  Cuda     live     4878.3 MB  "collide:nn_last_partner"
[kp]     93.62s  dealloc      711.9 MB  Cuda     live     4166.3 MB  "collide:nn_last_partner"
[kp]     93.67s  alloc        711.9 MB  Cuda     live     4878.3 MB  "collide:nn_last_partner"
[kp]     93.67s  dealloc      711.9 MB  Cuda     live     4166.3 MB  "collide:nn_last_partner"
[kp]     93.72s  alloc        711.9 MB  Cuda     live     4878.3 MB  "collide:nn_last_partner"
[kp]     93.72s  dealloc      711.9 MB  Cuda     live     4166.3 MB  "collide:nn_last_partner"
[kp]     93.77s  alloc        711.9 MB  Cuda     live     4878.3 MB  "collide:nn_last_partner"
[kp]     93.77s  dealloc      711.9 MB  Cuda     live     4166.3 MB  "collide:nn_last_partner"
[kp]     93.82s  alloc        711.9 MB  Cuda     live     4878.3 MB  "collide:nn_last_partner"
[kp]     93.82s  dealloc      711.9 MB  Cuda     live     4166.3 MB  "collide:nn_last_partner"
[kp]     93.87s  alloc        711.9 MB  Cuda     live     4878.3 MB  "collide:nn_last_partner"
[kp]     93.87s  dealloc      711.9 MB  Cuda     live     4166.3 MB  "collide:nn_last_partner"
[kp]     93.92s  alloc        711.9 MB  Cuda     live     4878.3 MB  "collide:nn_last_partner"
[kp]     93.93s  dealloc      711.9 MB  Cuda     live     4166.3 MB  "collide:nn_last_partner"
[kp]     93.98s  alloc        711.9 MB  Cuda     live     4878.3 MB  "collide:nn_last_partner"
[kp]     93.98s  dealloc      711.9 MB  Cuda     live     4166.3 MB  "collide:nn_last_partner"
[kp]     94.03s  alloc        711.9 MB  Cuda     live     4878.3 MB  "collide:nn_last_partner"
[kp]     94.03s  dealloc      711.9 MB  Cuda     live     4166.3 MB  "collide:nn_last_partner"
[kp]     94.08s  alloc        711.9 MB  Cuda     live     4878.3 MB  "collide:nn_last_partner"
[kp]     94.08s  dealloc      711.9 MB  Cuda     live     4166.3 MB  "collide:nn_last_partner"
[kp]     94.13s  alloc        711.9 MB  Cuda     live     4878.3 MB  "collide:nn_last_partner"
[kp]     94.13s  dealloc      711.9 MB  Cuda     live     4166.3 MB  "collide:nn_last_partner"
[kp]     94.18s  alloc        711.9 MB  Cuda     live     4878.3 MB  "collide:nn_last_partner"
[kp]     94.18s  dealloc      711.9 MB  Cuda     live     4166.3 MB  "collide:nn_last_partner"
[kp]     94.23s  alloc        711.9 MB  Cuda     live     4878.3 MB  "collide:nn_last_partner"
[kp]     94.24s  dealloc      711.9 MB  Cuda     live     4166.3 MB  "collide:nn_last_partner"
[kp]     94.29s  alloc        711.9 MB  Cuda     live     4878.3 MB  "collide:nn_last_partner"
[kp]     94.29s  dealloc      711.9 MB  Cuda     live     4166.3 MB  "collide:nn_last_partner"
[kp]     94.34s  alloc        711.9 MB  Cuda     live     4878.3 MB  "collide:nn_last_partner"
[kp]     94.34s  dealloc      711.9 MB  Cuda     live     4166.3 MB  "collide:nn_last_partner"
[kp]     94.39s  alloc        711.9 MB  Cuda     live     4878.3 MB  "collide:nn_last_partner"
[kp]     94.39s  dealloc      711.9 MB  Cuda     live     4166.3 MB  "collide:nn_last_partner"
[kp]     94.44s  alloc        711.9 MB  Cuda     live     4878.3 MB  "collide:nn_last_partner"
[kp]     94.44s  dealloc      711.9 MB  Cuda     live     4166.3 MB  "collide:nn_last_partner"
[kp]     94.49s  alloc        711.9 MB  Cuda     live     4878.3 MB  "collide:nn_last_partner"
[kp]     94.49s  dealloc      711.9 MB  Cuda     live     4166.3 MB  "collide:nn_last_partner"
[kp]     94.54s  alloc        711.9 MB  Cuda     live     4878.3 MB  "collide:nn_last_partner"
[kp]     94.55s  dealloc      711.9 MB  Cuda     live     4166.3 MB  "collide:nn_last_partner"
[kp]     94.60s  alloc        711.9 MB  Cuda     live     4878.3 MB  "collide:nn_last_partner"
[kp]     94.60s  dealloc      711.9 MB  Cuda     live     4166.3 MB  "collide:nn_last_partner"
[kp]     94.65s  alloc        711.9 MB  Cuda     live     4878.3 MB  "collide:nn_last_partner"
[kp]     94.65s  dealloc      711.9 MB  Cuda     live     4166.3 MB  "collide:nn_last_partner"
[kp]     94.70s  alloc        711.9 MB  Cuda     live     4878.3 MB  "collide:nn_last_partner"
[kp]     94.70s  dealloc      711.9 MB  Cuda     live     4166.3 MB  "collide:nn_last_partner"
[kp]     94.75s  alloc        711.9 MB  Cuda     live     4878.3 MB  "collide:nn_last_partner"
[kp]     94.75s  dealloc      711.9 MB  Cuda     live     4166.3 MB  "collide:nn_last_partner"
[kp]     94.80s  alloc        711.9 MB  Cuda     live     4878.3 MB  "collide:nn_last_partner"
[kp]     94.80s  dealloc      711.9 MB  Cuda     live     4166.3 MB  "collide:nn_last_partner"
[kp]     94.85s  alloc        711.9 MB  Cuda     live     4878.3 MB  "collide:nn_last_partner"
[kp]     94.86s  dealloc      711.9 MB  Cuda     live     4166.3 MB  "collide:nn_last_partner"
[kp]     94.91s  alloc        711.9 MB  Cuda     live     4878.3 MB  "collide:nn_last_partner"
[kp]     94.91s  dealloc      711.9 MB  Cuda     live     4166.3 MB  "collide:nn_last_partner"
[kp]     94.96s  alloc        711.9 MB  Cuda     live     4878.3 MB  "collide:nn_last_partner"
[kp]     94.96s  dealloc      711.9 MB  Cuda     live     4166.3 MB  "collide:nn_last_partner"
[kp]     95.01s  alloc        711.9 MB  Cuda     live     4878.3 MB  "collide:nn_last_partner"
[kp]     95.01s  dealloc      711.9 MB  Cuda     live     4166.3 MB  "collide:nn_last_partner"
[kp]     95.06s  alloc        711.9 MB  Cuda     live     4878.3 MB  "collide:nn_last_partner"
[kp]     95.06s  dealloc      711.9 MB  Cuda     live     4166.3 MB  "collide:nn_last_partner"
[kp]     95.11s  alloc        711.9 MB  Cuda     live     4878.3 MB  "collide:nn_last_partner"
[kp]     95.11s  dealloc      711.9 MB  Cuda     live     4166.3 MB  "collide:nn_last_partner"
[kp]     95.16s  alloc        711.9 MB  Cuda     live     4878.3 MB  "collide:nn_last_partner"
[kp]     95.17s  dealloc      711.9 MB  Cuda     live     4166.3 MB  "collide:nn_last_partner"
[kp]     95.22s  alloc        711.9 MB  Cuda     live     4878.3 MB  "collide:nn_last_partner"
[kp]     95.22s  dealloc      711.9 MB  Cuda     live     4166.3 MB  "collide:nn_last_partner"
[kp]     95.27s  alloc        711.9 MB  Cuda     live     4878.3 MB  "collide:nn_last_partner"
[kp]     95.27s  dealloc      711.9 MB  Cuda     live     4166.3 MB  "collide:nn_last_partner"
[kp]     95.32s  alloc        711.9 MB  Cuda     live     4878.3 MB  "collide:nn_last_partner"
[kp]     95.32s  dealloc      711.9 MB  Cuda     live     4166.3 MB  "collide:nn_last_partner"
[kp]     95.37s  alloc        711.9 MB  Cuda     live     4878.3 MB  "collide:nn_last_partner"
[kp]     95.37s  dealloc      711.9 MB  Cuda     live     4166.3 MB  "collide:nn_last_partner"
[kp]     95.42s  alloc        711.9 MB  Cuda     live     4878.3 MB  "collide:nn_last_partner"
[kp]     95.42s  dealloc      711.9 MB  Cuda     live     4166.3 MB  "collide:nn_last_partner"
[kp]     95.47s  alloc        711.9 MB  Cuda     live     4878.3 MB  "collide:nn_last_partner"
[kp]     95.47s  dealloc      711.9 MB  Cuda     live     4166.3 MB  "collide:nn_last_partner"
[kp]     95.53s  alloc        711.9 MB  Cuda     live     4878.3 MB  "collide:nn_last_partner"
[kp]     95.53s  dealloc      711.9 MB  Cuda     live     4166.3 MB  "collide:nn_last_partner"
    1400    82.898012 5.6777317e-08    18.925772        3e-09 28444149   103767    55391        0        0    294.65721 
[kp]     95.69s  alloc        711.9 MB  Cuda     live     4878.3 MB  "collide:nn_last_partner"
[kp]     95.69s  dealloc      711.9 MB  Cuda     live     4166.3 MB  "collide:nn_last_partner"
[kp]     95.74s  alloc        711.9 MB  Cuda     live     4878.3 MB  "collide:nn_last_partner"
[kp]     95.74s  dealloc      711.9 MB  Cuda     live     4166.3 MB  "collide:nn_last_partner"
[kp]     95.79s  alloc        711.9 MB  Cuda     live     4878.3 MB  "collide:nn_last_partner"
[kp]     95.79s  dealloc      711.9 MB  Cuda     live     4166.3 MB  "collide:nn_last_partner"
[kp]     95.84s  alloc        711.9 MB  Cuda     live     4878.3 MB  "collide:nn_last_partner"
[kp]     95.84s  dealloc      711.9 MB  Cuda     live     4166.3 MB  "collide:nn_last_partner"
[kp]     95.89s  alloc        711.9 MB  Cuda     live     4878.3 MB  "collide:nn_last_partner"
[kp]     95.89s  dealloc      711.9 MB  Cuda     live     4166.3 MB  "collide:nn_last_partner"
[kp]     95.95s  alloc        711.9 MB  Cuda     live     4878.3 MB  "collide:nn_last_partner"
[kp]     95.95s  dealloc      711.9 MB  Cuda     live     4166.3 MB  "collide:nn_last_partner"
[kp]     96.00s  alloc        711.9 MB  Cuda     live     4878.3 MB  "collide:nn_last_partner"
[kp]     96.00s  dealloc      711.9 MB  Cuda     live     4166.3 MB  "collide:nn_last_partner"
[kp]     96.05s  alloc        711.9 MB  Cuda     live     4878.3 MB  "collide:nn_last_partner"
[kp]     96.05s  dealloc      711.9 MB  Cuda     live     4166.3 MB  "collide:nn_last_partner"
[kp]     96.10s  alloc        711.9 MB  Cuda     live     4878.3 MB  "collide:nn_last_partner"
[kp]     96.10s  dealloc      711.9 MB  Cuda     live     4166.3 MB  "collide:nn_last_partner"
[kp]     96.15s  alloc        711.9 MB  Cuda     live     4878.3 MB  "collide:nn_last_partner"
[kp]     96.15s  dealloc      711.9 MB  Cuda     live     4166.3 MB  "collide:nn_last_partner"
[kp]     96.20s  alloc        711.9 MB  Cuda     live     4878.3 MB  "collide:nn_last_partner"
[kp]     96.20s  dealloc      711.9 MB  Cuda     live     4166.3 MB  "collide:nn_last_partner"
[kp]     96.26s  alloc        711.9 MB  Cuda     live     4878.3 MB  "collide:nn_last_partner"
[kp]     96.26s  dealloc      711.9 MB  Cuda     live     4166.3 MB  "collide:nn_last_partner"
[kp]     96.31s  alloc        711.9 MB  Cuda     live     4878.3 MB  "collide:nn_last_partner"
[kp]     96.31s  dealloc      711.9 MB  Cuda     live     4166.3 MB  "collide:nn_last_partner"
[kp]     96.36s  alloc        711.9 MB  Cuda     live     4878.3 MB  "collide:nn_last_partner"
[kp]     96.36s  dealloc      711.9 MB  Cuda     live     4166.3 MB  "collide:nn_last_partner"
[kp]     96.41s  alloc        711.9 MB  Cuda     live     4878.3 MB  "collide:nn_last_partner"
[kp]     96.41s  dealloc      711.9 MB  Cuda     live     4166.3 MB  "collide:nn_last_partner"
[kp]     96.46s  alloc        711.9 MB  Cuda     live     4878.3 MB  "collide:nn_last_partner"
[kp]     96.46s  dealloc      711.9 MB  Cuda     live     4166.3 MB  "collide:nn_last_partner"
[kp]     96.51s  alloc        711.9 MB  Cuda     live     4878.3 MB  "collide:nn_last_partner"
[kp]     96.51s  dealloc      711.9 MB  Cuda     live     4166.3 MB  "collide:nn_last_partner"
[kp]     96.57s  alloc        711.9 MB  Cuda     live     4878.3 MB  "collide:nn_last_partner"
[kp]     96.57s  dealloc      711.9 MB  Cuda     live     4166.3 MB  "collide:nn_last_partner"
[kp]     96.62s  alloc        711.9 MB  Cuda     live     4878.3 MB  "collide:nn_last_partner"
[kp]     96.62s  dealloc      711.9 MB  Cuda     live     4166.3 MB  "collide:nn_last_partner"
[kp]     96.67s  alloc        711.9 MB  Cuda     live     4878.3 MB  "collide:nn_last_partner"
[kp]     96.67s  dealloc      711.9 MB  Cuda     live     4166.3 MB  "collide:nn_last_partner"
[kp]     96.72s  alloc        711.9 MB  Cuda     live     4878.3 MB  "collide:nn_last_partner"
[kp]     96.72s  dealloc      711.9 MB  Cuda     live     4166.3 MB  "collide:nn_last_partner"
[kp]     96.77s  alloc        711.9 MB  Cuda     live     4878.3 MB  "collide:nn_last_partner"
[kp]     96.77s  dealloc      711.9 MB  Cuda     live     4166.3 MB  "collide:nn_last_partner"
[kp]     96.82s  alloc        711.9 MB  Cuda     live     4878.3 MB  "collide:nn_last_partner"
[kp]     96.82s  dealloc      711.9 MB  Cuda     live     4166.3 MB  "collide:nn_last_partner"
[kp]     96.87s  alloc        711.9 MB  Cuda     live     4878.3 MB  "collide:nn_last_partner"
[kp]     96.88s  dealloc      711.9 MB  Cuda     live     4166.3 MB  "collide:nn_last_partner"
[kp]     96.93s  alloc        711.9 MB  Cuda     live     4878.3 MB  "collide:nn_last_partner"
[kp]     96.93s  dealloc      711.9 MB  Cuda     live     4166.3 MB  "collide:nn_last_partner"
[kp]     96.98s  alloc        711.9 MB  Cuda     live     4878.3 MB  "collide:nn_last_partner"
[kp]     96.98s  dealloc      711.9 MB  Cuda     live     4166.3 MB  "collide:nn_last_partner"
[kp]     97.03s  alloc        711.9 MB  Cuda     live     4878.3 MB  "collide:nn_last_partner"
[kp]     97.03s  dealloc      711.9 MB  Cuda     live     4166.3 MB  "collide:nn_last_partner"
[kp]     97.08s  alloc        711.9 MB  Cuda     live     4878.3 MB  "collide:nn_last_partner"
[kp]     97.08s  dealloc      711.9 MB  Cuda     live     4166.3 MB  "collide:nn_last_partner"
[kp]     97.13s  alloc        711.9 MB  Cuda     live     4878.3 MB  "collide:nn_last_partner"
[kp]     97.13s  dealloc      711.9 MB  Cuda     live     4166.3 MB  "collide:nn_last_partner"
[kp]     97.18s  alloc        711.9 MB  Cuda     live     4878.3 MB  "collide:nn_last_partner"
[kp]     97.18s  dealloc      711.9 MB  Cuda     live     4166.3 MB  "collide:nn_last_partner"
[kp]     97.24s  alloc        711.9 MB  Cuda     live     4878.3 MB  "collide:nn_last_partner"
[kp]     97.24s  dealloc      711.9 MB  Cuda     live     4166.3 MB  "collide:nn_last_partner"
[kp]     97.29s  alloc        711.9 MB  Cuda     live     4878.3 MB  "collide:nn_last_partner"
[kp]     97.29s  dealloc      711.9 MB  Cuda     live     4166.3 MB  "collide:nn_last_partner"
[kp]     97.34s  alloc        711.9 MB  Cuda     live     4878.3 MB  "collide:nn_last_partner"
[kp]     97.34s  dealloc      711.9 MB  Cuda     live     4166.3 MB  "collide:nn_last_partner"
[kp]     97.39s  alloc        711.9 MB  Cuda     live     4878.3 MB  "collide:nn_last_partner"
[kp]     97.39s  dealloc      711.9 MB  Cuda     live     4166.3 MB  "collide:nn_last_partner"
[kp]     97.44s  alloc        711.9 MB  Cuda     live     4878.3 MB  "collide:nn_last_partner"
[kp]     97.44s  dealloc      711.9 MB  Cuda     live     4166.3 MB  "collide:nn_last_partner"
[kp]     97.49s  alloc        711.9 MB  Cuda     live     4878.3 MB  "collide:nn_last_partner"
[kp]     97.49s  dealloc      711.9 MB  Cuda     live     4166.3 MB  "collide:nn_last_partner"
[kp]     97.55s  alloc        711.9 MB  Cuda     live     4878.3 MB  "collide:nn_last_partner"
[kp]     97.55s  dealloc      711.9 MB  Cuda     live     4166.3 MB  "collide:nn_last_partner"
[kp]     97.60s  alloc        711.9 MB  Cuda     live     4878.3 MB  "collide:nn_last_partner"
[kp]     97.60s  dealloc      711.9 MB  Cuda     live     4166.3 MB  "collide:nn_last_partner"
[kp]     97.65s  alloc        711.9 MB  Cuda     live     4878.3 MB  "collide:nn_last_partner"
[kp]     97.65s  dealloc      711.9 MB  Cuda     live     4166.3 MB  "collide:nn_last_partner"
[kp]     97.70s  alloc        711.9 MB  Cuda     live     4878.3 MB  "collide:nn_last_partner"
[kp]     97.70s  dealloc      711.9 MB  Cuda     live     4166.3 MB  "collide:nn_last_partner"
[kp]     97.75s  alloc        711.9 MB  Cuda     live     4878.3 MB  "collide:nn_last_partner"
[kp]     97.75s  dealloc      711.9 MB  Cuda     live     4166.3 MB  "collide:nn_last_partner"
[kp]     97.80s  alloc        711.9 MB  Cuda     live     4878.3 MB  "collide:nn_last_partner"
[kp]     97.80s  dealloc      711.9 MB  Cuda     live     4166.3 MB  "collide:nn_last_partner"
[kp]     97.85s  alloc        711.9 MB  Cuda     live     4878.3 MB  "collide:nn_last_partner"
[kp]     97.86s  dealloc      711.9 MB  Cuda     live     4166.3 MB  "collide:nn_last_partner"
[kp]     97.91s  alloc        711.9 MB  Cuda     live     4878.3 MB  "collide:nn_last_partner"
[kp]     97.91s  dealloc      711.9 MB  Cuda     live     4166.3 MB  "collide:nn_last_partner"
[kp]     97.96s  alloc        711.9 MB  Cuda     live     4878.3 MB  "collide:nn_last_partner"
[kp]     97.96s  dealloc      711.9 MB  Cuda     live     4166.3 MB  "collide:nn_last_partner"
[kp]     98.01s  alloc        711.9 MB  Cuda     live     4878.3 MB  "collide:nn_last_partner"
[kp]     98.01s  dealloc      711.9 MB  Cuda     live     4166.3 MB  "collide:nn_last_partner"
[kp]     98.06s  alloc        711.9 MB  Cuda     live     4878.3 MB  "collide:nn_last_partner"
[kp]     98.06s  dealloc      711.9 MB  Cuda     live     4166.3 MB  "collide:nn_last_partner"
[kp]     98.11s  alloc        711.9 MB  Cuda     live     4878.3 MB  "collide:nn_last_partner"
[kp]     98.11s  dealloc      711.9 MB  Cuda     live     4166.3 MB  "collide:nn_last_partner"
[kp]     98.16s  alloc        711.9 MB  Cuda     live     4878.3 MB  "collide:nn_last_partner"
[kp]     98.16s  dealloc      711.9 MB  Cuda     live     4166.3 MB  "collide:nn_last_partner"
[kp]     98.22s  alloc        711.9 MB  Cuda     live     4878.3 MB  "collide:nn_last_partner"
[kp]     98.22s  dealloc      711.9 MB  Cuda     live     4166.3 MB  "collide:nn_last_partner"
[kp]     98.27s  alloc        711.9 MB  Cuda     live     4878.3 MB  "collide:nn_last_partner"
[kp]     98.27s  dealloc      711.9 MB  Cuda     live     4166.3 MB  "collide:nn_last_partner"
[kp]     98.32s  alloc        711.9 MB  Cuda     live     4878.3 MB  "collide:nn_last_partner"
[kp]     98.32s  dealloc      711.9 MB  Cuda     live     4166.3 MB  "collide:nn_last_partner"
[kp]     98.37s  alloc        711.9 MB  Cuda     live     4878.3 MB  "collide:nn_last_partner"
[kp]     98.37s  dealloc      711.9 MB  Cuda     live     4166.3 MB  "collide:nn_last_partner"
[kp]     98.42s  alloc        711.9 MB  Cuda     live     4878.3 MB  "collide:nn_last_partner"
[kp]     98.42s  dealloc      711.9 MB  Cuda     live     4166.3 MB  "collide:nn_last_partner"
[kp]     98.47s  alloc        711.9 MB  Cuda     live     4878.3 MB  "collide:nn_last_partner"
[kp]     98.47s  dealloc      711.9 MB  Cuda     live     4166.3 MB  "collide:nn_last_partner"
[kp]     98.52s  alloc        711.9 MB  Cuda     live     4878.3 MB  "collide:nn_last_partner"
[kp]     98.52s  dealloc      711.9 MB  Cuda     live     4166.3 MB  "collide:nn_last_partner"
[kp]     98.58s  alloc        711.9 MB  Cuda     live     4878.3 MB  "collide:nn_last_partner"
[kp]     98.58s  dealloc      711.9 MB  Cuda     live     4166.3 MB  "collide:nn_last_partner"
[kp]     98.63s  alloc        711.9 MB  Cuda     live     4878.3 MB  "collide:nn_last_partner"
[kp]     98.63s  dealloc      711.9 MB  Cuda     live     4166.3 MB  "collide:nn_last_partner"
[kp]     98.68s  alloc        711.9 MB  Cuda     live     4878.3 MB  "collide:nn_last_partner"
[kp]     98.68s  dealloc      711.9 MB  Cuda     live     4166.3 MB  "collide:nn_last_partner"
[kp]     98.73s  alloc        711.9 MB  Cuda     live     4878.3 MB  "collide:nn_last_partner"
[kp]     98.73s  dealloc      711.9 MB  Cuda     live     4166.3 MB  "collide:nn_last_partner"
[kp]     98.78s  alloc        711.9 MB  Cuda     live     4878.3 MB  "collide:nn_last_partner"
[kp]     98.78s  dealloc      711.9 MB  Cuda     live     4166.3 MB  "collide:nn_last_partner"
[kp]     98.83s  alloc        711.9 MB  Cuda     live     4878.3 MB  "collide:nn_last_partner"
[kp]     98.83s  dealloc      711.9 MB  Cuda     live     4166.3 MB  "collide:nn_last_partner"
[kp]     98.88s  alloc        711.9 MB  Cuda     live     4878.3 MB  "collide:nn_last_partner"
[kp]     98.89s  dealloc      711.9 MB  Cuda     live     4166.3 MB  "collide:nn_last_partner"
[kp]     98.94s  alloc        711.9 MB  Cuda     live     4878.3 MB  "collide:nn_last_partner"
[kp]     98.94s  dealloc      711.9 MB  Cuda     live     4166.3 MB  "collide:nn_last_partner"
[kp]     98.99s  alloc        711.9 MB  Cuda     live     4878.3 MB  "collide:nn_last_partner"
[kp]     98.99s  dealloc      711.9 MB  Cuda     live     4166.3 MB  "collide:nn_last_partner"
[kp]     99.04s  alloc        711.9 MB  Cuda     live     4878.3 MB  "collide:nn_last_partner"
[kp]     99.04s  dealloc      711.9 MB  Cuda     live     4166.3 MB  "collide:nn_last_partner"
[kp]     99.09s  alloc        711.9 MB  Cuda     live     4878.3 MB  "collide:nn_last_partner"
[kp]     99.09s  dealloc      711.9 MB  Cuda     live     4166.3 MB  "collide:nn_last_partner"
[kp]     99.14s  alloc        711.9 MB  Cuda     live     4878.3 MB  "collide:nn_last_partner"
[kp]     99.14s  dealloc      711.9 MB  Cuda     live     4166.3 MB  "collide:nn_last_partner"
[kp]     99.19s  alloc        711.9 MB  Cuda     live     4878.3 MB  "collide:nn_last_partner"
[kp]     99.19s  dealloc      711.9 MB  Cuda     live     4166.3 MB  "collide:nn_last_partner"
[kp]     99.25s  alloc        711.9 MB  Cuda     live     4878.3 MB  "collide:nn_last_partner"
[kp]     99.25s  dealloc      711.9 MB  Cuda     live     4166.3 MB  "collide:nn_last_partner"
[kp]     99.30s  alloc        711.9 MB  Cuda     live     4878.3 MB  "collide:nn_last_partner"
[kp]     99.30s  dealloc      711.9 MB  Cuda     live     4166.3 MB  "collide:nn_last_partner"
[kp]     99.35s  alloc        711.9 MB  Cuda     live     4878.3 MB  "collide:nn_last_partner"
[kp]     99.35s  dealloc      711.9 MB  Cuda     live     4166.3 MB  "collide:nn_last_partner"
[kp]     99.40s  alloc        711.9 MB  Cuda     live     4878.3 MB  "collide:nn_last_partner"
[kp]     99.40s  dealloc      711.9 MB  Cuda     live     4166.3 MB  "collide:nn_last_partner"
[kp]     99.45s  alloc        711.9 MB  Cuda     live     4878.3 MB  "collide:nn_last_partner"
[kp]     99.45s  dealloc      711.9 MB  Cuda     live     4166.3 MB  "collide:nn_last_partner"
[kp]     99.50s  alloc        711.9 MB  Cuda     live     4878.3 MB  "collide:nn_last_partner"
[kp]     99.50s  dealloc      711.9 MB  Cuda     live     4166.3 MB  "collide:nn_last_partner"
[kp]     99.55s  alloc        711.9 MB  Cuda     live     4878.3 MB  "collide:nn_last_partner"
[kp]     99.55s  dealloc      711.9 MB  Cuda     live     4166.3 MB  "collide:nn_last_partner"
[kp]     99.61s  alloc        711.9 MB  Cuda     live     4878.3 MB  "collide:nn_last_partner"
[kp]     99.61s  dealloc      711.9 MB  Cuda     live     4166.3 MB  "collide:nn_last_partner"
[kp]     99.66s  alloc        711.9 MB  Cuda     live     4878.3 MB  "collide:nn_last_partner"
[kp]     99.66s  dealloc      711.9 MB  Cuda     live     4166.3 MB  "collide:nn_last_partner"
[kp]     99.71s  alloc        711.9 MB  Cuda     live     4878.3 MB  "collide:nn_last_partner"
[kp]     99.71s  dealloc      711.9 MB  Cuda     live     4166.3 MB  "collide:nn_last_partner"
[kp]     99.76s  alloc        711.9 MB  Cuda     live     4878.3 MB  "collide:nn_last_partner"
[kp]     99.76s  dealloc      711.9 MB  Cuda     live     4166.3 MB  "collide:nn_last_partner"
[kp]     99.81s  alloc        711.9 MB  Cuda     live     4878.3 MB  "collide:nn_last_partner"
[kp]     99.81s  dealloc      711.9 MB  Cuda     live     4166.3 MB  "collide:nn_last_partner"
[kp]     99.86s  alloc        711.9 MB  Cuda     live     4878.3 MB  "collide:nn_last_partner"
[kp]     99.86s  dealloc      711.9 MB  Cuda     live     4166.3 MB  "collide:nn_last_partner"
[kp]     99.91s  alloc        711.9 MB  Cuda     live     4878.3 MB  "collide:nn_last_partner"
[kp]     99.92s  dealloc      711.9 MB  Cuda     live     4166.3 MB  "collide:nn_last_partner"
[kp]     99.97s  alloc        711.9 MB  Cuda     live     4878.3 MB  "collide:nn_last_partner"
[kp]     99.97s  dealloc      711.9 MB  Cuda     live     4166.3 MB  "collide:nn_last_partner"
[kp]    100.02s  alloc        711.9 MB  Cuda     live     4878.3 MB  "collide:nn_last_partner"
[kp]    100.02s  dealloc      711.9 MB  Cuda     live     4166.3 MB  "collide:nn_last_partner"
[kp]    100.07s  alloc        711.9 MB  Cuda     live     4878.3 MB  "collide:nn_last_partner"
[kp]    100.07s  dealloc      711.9 MB  Cuda     live     4166.3 MB  "collide:nn_last_partner"
[kp]    100.12s  alloc        711.9 MB  Cuda     live     4878.3 MB  "collide:nn_last_partner"
[kp]    100.12s  dealloc      711.9 MB  Cuda     live     4166.3 MB  "collide:nn_last_partner"
[kp]    100.17s  alloc        711.9 MB  Cuda     live     4878.3 MB  "collide:nn_last_partner"
[kp]    100.17s  dealloc      711.9 MB  Cuda     live     4166.3 MB  "collide:nn_last_partner"
[kp]    100.22s  alloc        711.9 MB  Cuda     live     4878.3 MB  "collide:nn_last_partner"
[kp]    100.22s  dealloc      711.9 MB  Cuda     live     4166.3 MB  "collide:nn_last_partner"
[kp]    100.27s  alloc        711.9 MB  Cuda     live     4878.3 MB  "collide:nn_last_partner"
[kp]    100.28s  dealloc      711.9 MB  Cuda     live     4166.3 MB  "collide:nn_last_partner"
[kp]    100.33s  alloc        711.9 MB  Cuda     live     4878.3 MB  "collide:nn_last_partner"
[kp]    100.33s  dealloc      711.9 MB  Cuda     live     4166.3 MB  "collide:nn_last_partner"
[kp]    100.38s  alloc        711.9 MB  Cuda     live     4878.3 MB  "collide:nn_last_partner"
[kp]    100.38s  dealloc      711.9 MB  Cuda     live     4166.3 MB  "collide:nn_last_partner"
[kp]    100.43s  alloc        711.9 MB  Cuda     live     4878.3 MB  "collide:nn_last_partner"
[kp]    100.43s  dealloc      711.9 MB  Cuda     live     4166.3 MB  "collide:nn_last_partner"
[kp]    100.48s  alloc        711.9 MB  Cuda     live     4878.3 MB  "collide:nn_last_partner"
[kp]    100.48s  dealloc      711.9 MB  Cuda     live     4166.3 MB  "collide:nn_last_partner"
[kp]    100.53s  alloc        711.9 MB  Cuda     live     4878.3 MB  "collide:nn_last_partner"
[kp]    100.53s  dealloc      711.9 MB  Cuda     live     4166.3 MB  "collide:nn_last_partner"
[kp]    100.58s  alloc        711.9 MB  Cuda     live     4878.3 MB  "collide:nn_last_partner"
[kp]    100.58s  dealloc      711.9 MB  Cuda     live     4166.3 MB  "collide:nn_last_partner"
[kp]    100.64s  alloc        711.9 MB  Cuda     live     4878.3 MB  "collide:nn_last_partner"
[kp]    100.64s  dealloc      711.9 MB  Cuda     live     4166.3 MB  "collide:nn_last_partner"
[kp]    100.69s  alloc        711.9 MB  Cuda     live     4878.3 MB  "collide:nn_last_partner"
[kp]    100.69s  dealloc      711.9 MB  Cuda     live     4166.3 MB  "collide:nn_last_partner"
[kp]    100.74s  alloc        711.9 MB  Cuda     live     4878.3 MB  "collide:nn_last_partner"
[kp]    100.74s  dealloc      711.9 MB  Cuda     live     4166.3 MB  "collide:nn_last_partner"
[kp]    100.79s  alloc        711.9 MB  Cuda     live     4878.3 MB  "collide:nn_last_partner"
[kp]    100.79s  dealloc      711.9 MB  Cuda     live     4166.3 MB  "collide:nn_last_partner"
    1500    88.161705 5.6994203e-08    18.998069        3e-09 28329371   102903    54865        0        0    294.76397 
[kp]    100.95s  alloc        711.9 MB  Cuda     live     4878.3 MB  "collide:nn_last_partner"
[kp]    100.95s  dealloc      711.9 MB  Cuda     live     4166.3 MB  "collide:nn_last_partner"
[kp]    101.00s  alloc        711.9 MB  Cuda     live     4878.3 MB  "collide:nn_last_partner"
[kp]    101.00s  dealloc      711.9 MB  Cuda     live     4166.3 MB  "collide:nn_last_partner"
[kp]    101.05s  alloc        711.9 MB  Cuda     live     4878.3 MB  "collide:nn_last_partner"
[kp]    101.05s  dealloc      711.9 MB  Cuda     live     4166.3 MB  "collide:nn_last_partner"
[kp]    101.11s  alloc        711.9 MB  Cuda     live     4878.3 MB  "collide:nn_last_partner"
[kp]    101.11s  dealloc      711.9 MB  Cuda     live     4166.3 MB  "collide:nn_last_partner"
[kp]    101.16s  alloc        711.9 MB  Cuda     live     4878.3 MB  "collide:nn_last_partner"
[kp]    101.16s  dealloc      711.9 MB  Cuda     live     4166.3 MB  "collide:nn_last_partner"
[kp]    101.21s  alloc        711.9 MB  Cuda     live     4878.3 MB  "collide:nn_last_partner"
[kp]    101.21s  dealloc      711.9 MB  Cuda     live     4166.3 MB  "collide:nn_last_partner"
[kp]    101.26s  alloc        711.9 MB  Cuda     live     4878.3 MB  "collide:nn_last_partner"
[kp]    101.26s  dealloc      711.9 MB  Cuda     live     4166.3 MB  "collide:nn_last_partner"
[kp]    101.31s  alloc        711.9 MB  Cuda     live     4878.3 MB  "collide:nn_last_partner"
[kp]    101.31s  dealloc      711.9 MB  Cuda     live     4166.3 MB  "collide:nn_last_partner"
[kp]    101.36s  alloc        711.9 MB  Cuda     live     4878.3 MB  "collide:nn_last_partner"
[kp]    101.36s  dealloc      711.9 MB  Cuda     live     4166.3 MB  "collide:nn_last_partner"
[kp]    101.41s  alloc        711.9 MB  Cuda     live     4878.3 MB  "collide:nn_last_partner"
[kp]    101.41s  dealloc      711.9 MB  Cuda     live     4166.3 MB  "collide:nn_last_partner"
[kp]    101.47s  alloc        711.9 MB  Cuda     live     4878.3 MB  "collide:nn_last_partner"
[kp]    101.47s  dealloc      711.9 MB  Cuda     live     4166.3 MB  "collide:nn_last_partner"
[kp]    101.52s  alloc        711.9 MB  Cuda     live     4878.3 MB  "collide:nn_last_partner"
[kp]    101.52s  dealloc      711.9 MB  Cuda     live     4166.3 MB  "collide:nn_last_partner"
[kp]    101.57s  alloc        711.9 MB  Cuda     live     4878.3 MB  "collide:nn_last_partner"
[kp]    101.57s  dealloc      711.9 MB  Cuda     live     4166.3 MB  "collide:nn_last_partner"
[kp]    101.62s  alloc        711.9 MB  Cuda     live     4878.3 MB  "collide:nn_last_partner"
[kp]    101.62s  dealloc      711.9 MB  Cuda     live     4166.3 MB  "collide:nn_last_partner"
[kp]    101.67s  alloc        711.9 MB  Cuda     live     4878.3 MB  "collide:nn_last_partner"
[kp]    101.67s  dealloc      711.9 MB  Cuda     live     4166.3 MB  "collide:nn_last_partner"
[kp]    101.72s  alloc        711.9 MB  Cuda     live     4878.3 MB  "collide:nn_last_partner"
[kp]    101.72s  dealloc      711.9 MB  Cuda     live     4166.3 MB  "collide:nn_last_partner"
[kp]    101.77s  alloc        711.9 MB  Cuda     live     4878.3 MB  "collide:nn_last_partner"
[kp]    101.77s  dealloc      711.9 MB  Cuda     live     4166.3 MB  "collide:nn_last_partner"
[kp]    101.83s  alloc        711.9 MB  Cuda     live     4878.3 MB  "collide:nn_last_partner"
[kp]    101.83s  dealloc      711.9 MB  Cuda     live     4166.3 MB  "collide:nn_last_partner"
[kp]    101.88s  alloc        711.9 MB  Cuda     live     4878.3 MB  "collide:nn_last_partner"
[kp]    101.88s  dealloc      711.9 MB  Cuda     live     4166.3 MB  "collide:nn_last_partner"
[kp]    101.93s  alloc        711.9 MB  Cuda     live     4878.3 MB  "collide:nn_last_partner"
[kp]    101.93s  dealloc      711.9 MB  Cuda     live     4166.3 MB  "collide:nn_last_partner"
[kp]    101.98s  alloc        711.9 MB  Cuda     live     4878.3 MB  "collide:nn_last_partner"
[kp]    101.98s  dealloc      711.9 MB  Cuda     live     4166.3 MB  "collide:nn_last_partner"
[kp]    102.03s  alloc        711.9 MB  Cuda     live     4878.3 MB  "collide:nn_last_partner"
[kp]    102.03s  dealloc      711.9 MB  Cuda     live     4166.3 MB  "collide:nn_last_partner"
[kp]    102.08s  alloc        711.9 MB  Cuda     live     4878.3 MB  "collide:nn_last_partner"
[kp]    102.08s  dealloc      711.9 MB  Cuda     live     4166.3 MB  "collide:nn_last_partner"
[kp]    102.13s  alloc        711.9 MB  Cuda     live     4878.3 MB  "collide:nn_last_partner"
[kp]    102.13s  dealloc      711.9 MB  Cuda     live     4166.3 MB  "collide:nn_last_partner"
[kp]    102.19s  alloc        711.9 MB  Cuda     live     4878.3 MB  "collide:nn_last_partner"
[kp]    102.19s  dealloc      711.9 MB  Cuda     live     4166.3 MB  "collide:nn_last_partner"
[kp]    102.24s  alloc        711.9 MB  Cuda     live     4878.3 MB  "collide:nn_last_partner"
[kp]    102.24s  dealloc      711.9 MB  Cuda     live     4166.3 MB  "collide:nn_last_partner"
[kp]    102.29s  alloc        711.9 MB  Cuda     live     4878.3 MB  "collide:nn_last_partner"
[kp]    102.29s  dealloc      711.9 MB  Cuda     live     4166.3 MB  "collide:nn_last_partner"
[kp]    102.34s  alloc        711.9 MB  Cuda     live     4878.3 MB  "collide:nn_last_partner"
[kp]    102.34s  dealloc      711.9 MB  Cuda     live     4166.3 MB  "collide:nn_last_partner"
[kp]    102.39s  alloc        711.9 MB  Cuda     live     4878.3 MB  "collide:nn_last_partner"
[kp]    102.39s  dealloc      711.9 MB  Cuda     live     4166.3 MB  "collide:nn_last_partner"
[kp]    102.44s  alloc        711.9 MB  Cuda     live     4878.3 MB  "collide:nn_last_partner"
[kp]    102.44s  dealloc      711.9 MB  Cuda     live     4166.3 MB  "collide:nn_last_partner"
[kp]    102.49s  alloc        711.9 MB  Cuda     live     4878.3 MB  "collide:nn_last_partner"
[kp]    102.49s  dealloc      711.9 MB  Cuda     live     4166.3 MB  "collide:nn_last_partner"
[kp]    102.55s  alloc        711.9 MB  Cuda     live     4878.3 MB  "collide:nn_last_partner"
[kp]    102.55s  dealloc      711.9 MB  Cuda     live     4166.3 MB  "collide:nn_last_partner"
[kp]    102.60s  alloc        711.9 MB  Cuda     live     4878.3 MB  "collide:nn_last_partner"
[kp]    102.60s  dealloc      711.9 MB  Cuda     live     4166.3 MB  "collide:nn_last_partner"
[kp]    102.65s  alloc        711.9 MB  Cuda     live     4878.3 MB  "collide:nn_last_partner"
[kp]    102.65s  dealloc      711.9 MB  Cuda     live     4166.3 MB  "collide:nn_last_partner"
[kp]    102.70s  alloc        711.9 MB  Cuda     live     4878.3 MB  "collide:nn_last_partner"
[kp]    102.70s  dealloc      711.9 MB  Cuda     live     4166.3 MB  "collide:nn_last_partner"
[kp]    102.75s  alloc        711.9 MB  Cuda     live     4878.3 MB  "collide:nn_last_partner"
[kp]    102.75s  dealloc      711.9 MB  Cuda     live     4166.3 MB  "collide:nn_last_partner"
[kp]    102.80s  alloc        711.9 MB  Cuda     live     4878.3 MB  "collide:nn_last_partner"
[kp]    102.80s  dealloc      711.9 MB  Cuda     live     4166.3 MB  "collide:nn_last_partner"
[kp]    102.85s  alloc        711.9 MB  Cuda     live     4878.3 MB  "collide:nn_last_partner"
[kp]    102.85s  dealloc      711.9 MB  Cuda     live     4166.3 MB  "collide:nn_last_partner"
[kp]    102.90s  alloc        711.9 MB  Cuda     live     4878.3 MB  "collide:nn_last_partner"
[kp]    102.91s  dealloc      711.9 MB  Cuda     live     4166.3 MB  "collide:nn_last_partner"
[kp]    102.96s  alloc        711.9 MB  Cuda     live     4878.3 MB  "collide:nn_last_partner"
[kp]    102.96s  dealloc      711.9 MB  Cuda     live     4166.3 MB  "collide:nn_last_partner"
[kp]    103.01s  alloc        711.9 MB  Cuda     live     4878.3 MB  "collide:nn_last_partner"
[kp]    103.01s  dealloc      711.9 MB  Cuda     live     4166.3 MB  "collide:nn_last_partner"
[kp]    103.06s  alloc        711.9 MB  Cuda     live     4878.3 MB  "collide:nn_last_partner"
[kp]    103.06s  dealloc      711.9 MB  Cuda     live     4166.3 MB  "collide:nn_last_partner"
[kp]    103.11s  alloc        711.9 MB  Cuda     live     4878.3 MB  "collide:nn_last_partner"
[kp]    103.11s  dealloc      711.9 MB  Cuda     live     4166.3 MB  "collide:nn_last_partner"
[kp]    103.16s  alloc        711.9 MB  Cuda     live     4878.3 MB  "collide:nn_last_partner"
[kp]    103.16s  dealloc      711.9 MB  Cuda     live     4166.3 MB  "collide:nn_last_partner"
[kp]    103.21s  alloc        711.9 MB  Cuda     live     4878.3 MB  "collide:nn_last_partner"
[kp]    103.21s  dealloc      711.9 MB  Cuda     live     4166.3 MB  "collide:nn_last_partner"
[kp]    103.26s  alloc        711.9 MB  Cuda     live     4878.3 MB  "collide:nn_last_partner"
[kp]    103.27s  dealloc      711.9 MB  Cuda     live     4166.3 MB  "collide:nn_last_partner"
[kp]    103.32s  alloc        711.9 MB  Cuda     live     4878.3 MB  "collide:nn_last_partner"
[kp]    103.32s  dealloc      711.9 MB  Cuda     live     4166.3 MB  "collide:nn_last_partner"
[kp]    103.37s  alloc        711.9 MB  Cuda     live     4878.3 MB  "collide:nn_last_partner"
[kp]    103.37s  dealloc      711.9 MB  Cuda     live     4166.3 MB  "collide:nn_last_partner"
[kp]    103.42s  alloc        711.9 MB  Cuda     live     4878.3 MB  "collide:nn_last_partner"
[kp]    103.42s  dealloc      711.9 MB  Cuda     live     4166.3 MB  "collide:nn_last_partner"
[kp]    103.47s  alloc        711.9 MB  Cuda     live     4878.3 MB  "collide:nn_last_partner"
[kp]    103.47s  dealloc      711.9 MB  Cuda     live     4166.3 MB  "collide:nn_last_partner"
[kp]    103.52s  alloc        711.9 MB  Cuda     live     4878.3 MB  "collide:nn_last_partner"
[kp]    103.52s  dealloc      711.9 MB  Cuda     live     4166.3 MB  "collide:nn_last_partner"
[kp]    103.57s  alloc        711.9 MB  Cuda     live     4878.3 MB  "collide:nn_last_partner"
[kp]    103.57s  dealloc      711.9 MB  Cuda     live     4166.3 MB  "collide:nn_last_partner"
[kp]    103.62s  alloc        711.9 MB  Cuda     live     4878.3 MB  "collide:nn_last_partner"
[kp]    103.63s  dealloc      711.9 MB  Cuda     live     4166.3 MB  "collide:nn_last_partner"
[kp]    103.68s  alloc        711.9 MB  Cuda     live     4878.3 MB  "collide:nn_last_partner"
[kp]    103.68s  dealloc      711.9 MB  Cuda     live     4166.3 MB  "collide:nn_last_partner"
[kp]    103.73s  alloc        711.9 MB  Cuda     live     4878.3 MB  "collide:nn_last_partner"
[kp]    103.73s  dealloc      711.9 MB  Cuda     live     4166.3 MB  "collide:nn_last_partner"
[kp]    103.78s  alloc        711.9 MB  Cuda     live     4878.3 MB  "collide:nn_last_partner"
[kp]    103.78s  dealloc      711.9 MB  Cuda     live     4166.3 MB  "collide:nn_last_partner"
[kp]    103.83s  alloc        711.9 MB  Cuda     live     4878.3 MB  "collide:nn_last_partner"
[kp]    103.83s  dealloc      711.9 MB  Cuda     live     4166.3 MB  "collide:nn_last_partner"
[kp]    103.88s  alloc        711.9 MB  Cuda     live     4878.3 MB  "collide:nn_last_partner"
[kp]    103.88s  dealloc      711.9 MB  Cuda     live     4166.3 MB  "collide:nn_last_partner"
[kp]    103.93s  alloc        711.9 MB  Cuda     live     4878.3 MB  "collide:nn_last_partner"
[kp]    103.93s  dealloc      711.9 MB  Cuda     live     4166.3 MB  "collide:nn_last_partner"
[kp]    103.98s  alloc        711.9 MB  Cuda     live     4878.3 MB  "collide:nn_last_partner"
[kp]    103.98s  dealloc      711.9 MB  Cuda     live     4166.3 MB  "collide:nn_last_partner"
[kp]    104.04s  alloc        711.9 MB  Cuda     live     4878.3 MB  "collide:nn_last_partner"
[kp]    104.04s  dealloc      711.9 MB  Cuda     live     4166.3 MB  "collide:nn_last_partner"
[kp]    104.09s  alloc        711.9 MB  Cuda     live     4878.3 MB  "collide:nn_last_partner"
[kp]    104.09s  dealloc      711.9 MB  Cuda     live     4166.3 MB  "collide:nn_last_partner"
[kp]    104.14s  alloc        711.9 MB  Cuda     live     4878.3 MB  "collide:nn_last_partner"
[kp]    104.14s  dealloc      711.9 MB  Cuda     live     4166.3 MB  "collide:nn_last_partner"
[kp]    104.19s  alloc        711.9 MB  Cuda     live     4878.3 MB  "collide:nn_last_partner"
[kp]    104.19s  dealloc      711.9 MB  Cuda     live     4166.3 MB  "collide:nn_last_partner"
[kp]    104.24s  alloc        711.9 MB  Cuda     live     4878.3 MB  "collide:nn_last_partner"
[kp]    104.24s  dealloc      711.9 MB  Cuda     live     4166.3 MB  "collide:nn_last_partner"
[kp]    104.29s  alloc        711.9 MB  Cuda     live     4878.3 MB  "collide:nn_last_partner"
[kp]    104.29s  dealloc      711.9 MB  Cuda     live     4166.3 MB  "collide:nn_last_partner"
[kp]    104.34s  alloc        711.9 MB  Cuda     live     4878.3 MB  "collide:nn_last_partner"
[kp]    104.34s  dealloc      711.9 MB  Cuda     live     4166.3 MB  "collide:nn_last_partner"
[kp]    104.39s  alloc        711.9 MB  Cuda     live     4878.3 MB  "collide:nn_last_partner"
[kp]    104.40s  dealloc      711.9 MB  Cuda     live     4166.3 MB  "collide:nn_last_partner"
[kp]    104.45s  alloc        711.9 MB  Cuda     live     4878.3 MB  "collide:nn_last_partner"
[kp]    104.45s  dealloc      711.9 MB  Cuda     live     4166.3 MB  "collide:nn_last_partner"
[kp]    104.50s  alloc        711.9 MB  Cuda     live     4878.3 MB  "collide:nn_last_partner"
[kp]    104.50s  dealloc      711.9 MB  Cuda     live     4166.3 MB  "collide:nn_last_partner"
[kp]    104.55s  alloc        711.9 MB  Cuda     live     4878.3 MB  "collide:nn_last_partner"
[kp]    104.55s  dealloc      711.9 MB  Cuda     live     4166.3 MB  "collide:nn_last_partner"
[kp]    104.60s  alloc        711.9 MB  Cuda     live     4878.3 MB  "collide:nn_last_partner"
[kp]    104.60s  dealloc      711.9 MB  Cuda     live     4166.3 MB  "collide:nn_last_partner"
[kp]    104.65s  alloc        711.9 MB  Cuda     live     4878.3 MB  "collide:nn_last_partner"
[kp]    104.65s  dealloc      711.9 MB  Cuda     live     4166.3 MB  "collide:nn_last_partner"
[kp]    104.70s  alloc        711.9 MB  Cuda     live     4878.3 MB  "collide:nn_last_partner"
[kp]    104.70s  dealloc      711.9 MB  Cuda     live     4166.3 MB  "collide:nn_last_partner"
[kp]    104.75s  alloc        711.9 MB  Cuda     live     4878.3 MB  "collide:nn_last_partner"
[kp]    104.75s  dealloc      711.9 MB  Cuda     live     4166.3 MB  "collide:nn_last_partner"
[kp]    104.81s  alloc        711.9 MB  Cuda     live     4878.3 MB  "collide:nn_last_partner"
[kp]    104.81s  dealloc      711.9 MB  Cuda     live     4166.3 MB  "collide:nn_last_partner"
[kp]    104.86s  alloc        711.9 MB  Cuda     live     4878.3 MB  "collide:nn_last_partner"
[kp]    104.86s  dealloc      711.9 MB  Cuda     live     4166.3 MB  "collide:nn_last_partner"
[kp]    104.91s  alloc        711.9 MB  Cuda     live     4878.3 MB  "collide:nn_last_partner"
[kp]    104.91s  dealloc      711.9 MB  Cuda     live     4166.3 MB  "collide:nn_last_partner"
[kp]    104.96s  alloc        711.9 MB  Cuda     live     4878.3 MB  "collide:nn_last_partner"
[kp]    104.96s  dealloc      711.9 MB  Cuda     live     4166.3 MB  "collide:nn_last_partner"
[kp]    105.01s  alloc        711.9 MB  Cuda     live     4878.3 MB  "collide:nn_last_partner"
[kp]    105.01s  dealloc      711.9 MB  Cuda     live     4166.3 MB  "collide:nn_last_partner"
[kp]    105.06s  alloc        711.9 MB  Cuda     live     4878.3 MB  "collide:nn_last_partner"
[kp]    105.06s  dealloc      711.9 MB  Cuda     live     4166.3 MB  "collide:nn_last_partner"
[kp]    105.11s  alloc        711.9 MB  Cuda     live     4878.3 MB  "collide:nn_last_partner"
[kp]    105.11s  dealloc      711.9 MB  Cuda     live     4166.3 MB  "collide:nn_last_partner"
[kp]    105.16s  alloc        711.9 MB  Cuda     live     4878.3 MB  "collide:nn_last_partner"
[kp]    105.17s  dealloc      711.9 MB  Cuda     live     4166.3 MB  "collide:nn_last_partner"
[kp]    105.22s  alloc        711.9 MB  Cuda     live     4878.3 MB  "collide:nn_last_partner"
[kp]    105.22s  dealloc      711.9 MB  Cuda     live     4166.3 MB  "collide:nn_last_partner"
[kp]    105.27s  alloc        711.9 MB  Cuda     live     4878.3 MB  "collide:nn_last_partner"
[kp]    105.27s  dealloc      711.9 MB  Cuda     live     4166.3 MB  "collide:nn_last_partner"
[kp]    105.32s  alloc        711.9 MB  Cuda     live     4878.3 MB  "collide:nn_last_partner"
[kp]    105.32s  dealloc      711.9 MB  Cuda     live     4166.3 MB  "collide:nn_last_partner"
[kp]    105.37s  alloc        711.9 MB  Cuda     live     4878.3 MB  "collide:nn_last_partner"
[kp]    105.37s  dealloc      711.9 MB  Cuda     live     4166.3 MB  "collide:nn_last_partner"
[kp]    105.42s  alloc        711.9 MB  Cuda     live     4878.3 MB  "collide:nn_last_partner"
[kp]    105.42s  dealloc      711.9 MB  Cuda     live     4166.3 MB  "collide:nn_last_partner"
[kp]    105.47s  alloc        711.9 MB  Cuda     live     4878.3 MB  "collide:nn_last_partner"
[kp]    105.47s  dealloc      711.9 MB  Cuda     live     4166.3 MB  "collide:nn_last_partner"
[kp]    105.52s  alloc        711.9 MB  Cuda     live     4878.3 MB  "collide:nn_last_partner"
[kp]    105.52s  dealloc      711.9 MB  Cuda     live     4166.3 MB  "collide:nn_last_partner"
[kp]    105.58s  alloc        711.9 MB  Cuda     live     4878.3 MB  "collide:nn_last_partner"
[kp]    105.58s  dealloc      711.9 MB  Cuda     live     4166.3 MB  "collide:nn_last_partner"
[kp]    105.63s  alloc        711.9 MB  Cuda     live     4878.3 MB  "collide:nn_last_partner"
[kp]    105.63s  dealloc      711.9 MB  Cuda     live     4166.3 MB  "collide:nn_last_partner"
[kp]    105.68s  alloc        711.9 MB  Cuda     live     4878.3 MB  "collide:nn_last_partner"
[kp]    105.68s  dealloc      711.9 MB  Cuda     live     4166.3 MB  "collide:nn_last_partner"
[kp]    105.73s  alloc        711.9 MB  Cuda     live     4878.3 MB  "collide:nn_last_partner"
[kp]    105.73s  dealloc      711.9 MB  Cuda     live     4166.3 MB  "collide:nn_last_partner"
[kp]    105.78s  alloc        711.9 MB  Cuda     live     4878.3 MB  "collide:nn_last_partner"
[kp]    105.78s  dealloc      711.9 MB  Cuda     live     4166.3 MB  "collide:nn_last_partner"
[kp]    105.83s  alloc        711.9 MB  Cuda     live     4878.3 MB  "collide:nn_last_partner"
[kp]    105.83s  dealloc      711.9 MB  Cuda     live     4166.3 MB  "collide:nn_last_partner"
[kp]    105.88s  alloc        711.9 MB  Cuda     live     4878.3 MB  "collide:nn_last_partner"
[kp]    105.88s  dealloc      711.9 MB  Cuda     live     4166.3 MB  "collide:nn_last_partner"
[kp]    105.93s  alloc        711.9 MB  Cuda     live     4878.3 MB  "collide:nn_last_partner"
[kp]    105.93s  dealloc      711.9 MB  Cuda     live     4166.3 MB  "collide:nn_last_partner"
[kp]    105.99s  alloc        711.9 MB  Cuda     live     4878.3 MB  "collide:nn_last_partner"
[kp]    105.99s  dealloc      711.9 MB  Cuda     live     4166.3 MB  "collide:nn_last_partner"
[kp]    106.04s  alloc        711.9 MB  Cuda     live     4878.3 MB  "collide:nn_last_partner"
[kp]    106.04s  dealloc      711.9 MB  Cuda     live     4166.3 MB  "collide:nn_last_partner"
    1600     93.40895 5.7172853e-08    19.057617        3e-09 28228048   103231    54913        0        0    294.93978 
[kp]    106.20s  alloc        711.9 MB  Cuda     live     4878.3 MB  "collide:nn_last_partner"
[kp]    106.20s  dealloc      711.9 MB  Cuda     live     4166.3 MB  "collide:nn_last_partner"
[kp]    106.25s  alloc        711.9 MB  Cuda     live     4878.3 MB  "collide:nn_last_partner"
[kp]    106.25s  dealloc      711.9 MB  Cuda     live     4166.3 MB  "collide:nn_last_partner"
[kp]    106.30s  alloc        711.9 MB  Cuda     live     4878.3 MB  "collide:nn_last_partner"
[kp]    106.30s  dealloc      711.9 MB  Cuda     live     4166.3 MB  "collide:nn_last_partner"
[kp]    106.35s  alloc        711.9 MB  Cuda     live     4878.3 MB  "collide:nn_last_partner"
[kp]    106.35s  dealloc      711.9 MB  Cuda     live     4166.3 MB  "collide:nn_last_partner"
[kp]    106.40s  alloc        711.9 MB  Cuda     live     4878.3 MB  "collide:nn_last_partner"
[kp]    106.40s  dealloc      711.9 MB  Cuda     live     4166.3 MB  "collide:nn_last_partner"
[kp]    106.45s  alloc        711.9 MB  Cuda     live     4878.3 MB  "collide:nn_last_partner"
[kp]    106.46s  dealloc      711.9 MB  Cuda     live     4166.3 MB  "collide:nn_last_partner"
[kp]    106.51s  alloc        711.9 MB  Cuda     live     4878.3 MB  "collide:nn_last_partner"
[kp]    106.51s  dealloc      711.9 MB  Cuda     live     4166.3 MB  "collide:nn_last_partner"
[kp]    106.56s  alloc        711.9 MB  Cuda     live     4878.3 MB  "collide:nn_last_partner"
[kp]    106.56s  dealloc      711.9 MB  Cuda     live     4166.3 MB  "collide:nn_last_partner"
[kp]    106.61s  alloc        711.9 MB  Cuda     live     4878.3 MB  "collide:nn_last_partner"
[kp]    106.61s  dealloc      711.9 MB  Cuda     live     4166.3 MB  "collide:nn_last_partner"
[kp]    106.66s  alloc        711.9 MB  Cuda     live     4878.3 MB  "collide:nn_last_partner"
[kp]    106.66s  dealloc      711.9 MB  Cuda     live     4166.3 MB  "collide:nn_last_partner"
[kp]    106.71s  alloc        711.9 MB  Cuda     live     4878.3 MB  "collide:nn_last_partner"
[kp]    106.71s  dealloc      711.9 MB  Cuda     live     4166.3 MB  "collide:nn_last_partner"
[kp]    106.76s  alloc        711.9 MB  Cuda     live     4878.3 MB  "collide:nn_last_partner"
[kp]    106.76s  dealloc      711.9 MB  Cuda     live     4166.3 MB  "collide:nn_last_partner"
[kp]    106.81s  alloc        711.9 MB  Cuda     live     4878.3 MB  "collide:nn_last_partner"
[kp]    106.81s  dealloc      711.9 MB  Cuda     live     4166.3 MB  "collide:nn_last_partner"
[kp]    106.86s  alloc        711.9 MB  Cuda     live     4878.3 MB  "collide:nn_last_partner"
[kp]    106.87s  dealloc      711.9 MB  Cuda     live     4166.3 MB  "collide:nn_last_partner"
[kp]    106.92s  alloc        711.9 MB  Cuda     live     4878.3 MB  "collide:nn_last_partner"
[kp]    106.92s  dealloc      711.9 MB  Cuda     live     4166.3 MB  "collide:nn_last_partner"
[kp]    106.97s  alloc        711.9 MB  Cuda     live     4878.3 MB  "collide:nn_last_partner"
[kp]    106.97s  dealloc      711.9 MB  Cuda     live     4166.3 MB  "collide:nn_last_partner"
[kp]    107.02s  alloc        711.9 MB  Cuda     live     4878.3 MB  "collide:nn_last_partner"
[kp]    107.02s  dealloc      711.9 MB  Cuda     live     4166.3 MB  "collide:nn_last_partner"
[kp]    107.07s  alloc        711.9 MB  Cuda     live     4878.3 MB  "collide:nn_last_partner"
[kp]    107.07s  dealloc      711.9 MB  Cuda     live     4166.3 MB  "collide:nn_last_partner"
[kp]    107.12s  alloc        711.9 MB  Cuda     live     4878.3 MB  "collide:nn_last_partner"
[kp]    107.12s  dealloc      711.9 MB  Cuda     live     4166.3 MB  "collide:nn_last_partner"
[kp]    107.17s  alloc        711.9 MB  Cuda     live     4878.3 MB  "collide:nn_last_partner"
[kp]    107.17s  dealloc      711.9 MB  Cuda     live     4166.3 MB  "collide:nn_last_partner"
[kp]    107.22s  alloc        711.9 MB  Cuda     live     4878.3 MB  "collide:nn_last_partner"
[kp]    107.22s  dealloc      711.9 MB  Cuda     live     4166.3 MB  "collide:nn_last_partner"
[kp]    107.27s  alloc        711.9 MB  Cuda     live     4878.3 MB  "collide:nn_last_partner"
[kp]    107.28s  dealloc      711.9 MB  Cuda     live     4166.3 MB  "collide:nn_last_partner"
[kp]    107.33s  alloc        711.9 MB  Cuda     live     4878.3 MB  "collide:nn_last_partner"
[kp]    107.33s  dealloc      711.9 MB  Cuda     live     4166.3 MB  "collide:nn_last_partner"
[kp]    107.38s  alloc        711.9 MB  Cuda     live     4878.3 MB  "collide:nn_last_partner"
[kp]    107.38s  dealloc      711.9 MB  Cuda     live     4166.3 MB  "collide:nn_last_partner"
[kp]    107.43s  alloc        711.9 MB  Cuda     live     4878.3 MB  "collide:nn_last_partner"
[kp]    107.43s  dealloc      711.9 MB  Cuda     live     4166.3 MB  "collide:nn_last_partner"
[kp]    107.48s  alloc        711.9 MB  Cuda     live     4878.3 MB  "collide:nn_last_partner"
[kp]    107.48s  dealloc      711.9 MB  Cuda     live     4166.3 MB  "collide:nn_last_partner"
[kp]    107.53s  alloc        711.9 MB  Cuda     live     4878.3 MB  "collide:nn_last_partner"
[kp]    107.53s  dealloc      711.9 MB  Cuda     live     4166.3 MB  "collide:nn_last_partner"
[kp]    107.58s  alloc        711.9 MB  Cuda     live     4878.3 MB  "collide:nn_last_partner"
[kp]    107.58s  dealloc      711.9 MB  Cuda     live     4166.3 MB  "collide:nn_last_partner"
[kp]    107.63s  alloc        711.9 MB  Cuda     live     4878.3 MB  "collide:nn_last_partner"
[kp]    107.63s  dealloc      711.9 MB  Cuda     live     4166.3 MB  "collide:nn_last_partner"
[kp]    107.68s  alloc        711.9 MB  Cuda     live     4878.3 MB  "collide:nn_last_partner"
[kp]    107.69s  dealloc      711.9 MB  Cuda     live     4166.3 MB  "collide:nn_last_partner"
[kp]    107.74s  alloc        711.9 MB  Cuda     live     4878.3 MB  "collide:nn_last_partner"
[kp]    107.74s  dealloc      711.9 MB  Cuda     live     4166.3 MB  "collide:nn_last_partner"
[kp]    107.79s  alloc        711.9 MB  Cuda     live     4878.3 MB  "collide:nn_last_partner"
[kp]    107.79s  dealloc      711.9 MB  Cuda     live     4166.3 MB  "collide:nn_last_partner"
[kp]    107.84s  alloc        711.9 MB  Cuda     live     4878.3 MB  "collide:nn_last_partner"
[kp]    107.84s  dealloc      711.9 MB  Cuda     live     4166.3 MB  "collide:nn_last_partner"
[kp]    107.89s  alloc        711.9 MB  Cuda     live     4878.3 MB  "collide:nn_last_partner"
[kp]    107.89s  dealloc      711.9 MB  Cuda     live     4166.3 MB  "collide:nn_last_partner"
[kp]    107.94s  alloc        711.9 MB  Cuda     live     4878.3 MB  "collide:nn_last_partner"
[kp]    107.94s  dealloc      711.9 MB  Cuda     live     4166.3 MB  "collide:nn_last_partner"
[kp]    107.99s  alloc        711.9 MB  Cuda     live     4878.3 MB  "collide:nn_last_partner"
[kp]    107.99s  dealloc      711.9 MB  Cuda     live     4166.3 MB  "collide:nn_last_partner"
[kp]    108.04s  alloc        711.9 MB  Cuda     live     4878.3 MB  "collide:nn_last_partner"
[kp]    108.04s  dealloc      711.9 MB  Cuda     live     4166.3 MB  "collide:nn_last_partner"
[kp]    108.09s  alloc        711.9 MB  Cuda     live     4878.3 MB  "collide:nn_last_partner"
[kp]    108.10s  dealloc      711.9 MB  Cuda     live     4166.3 MB  "collide:nn_last_partner"
[kp]    108.15s  alloc        711.9 MB  Cuda     live     4878.3 MB  "collide:nn_last_partner"
[kp]    108.15s  dealloc      711.9 MB  Cuda     live     4166.3 MB  "collide:nn_last_partner"
[kp]    108.20s  alloc        711.9 MB  Cuda     live     4878.3 MB  "collide:nn_last_partner"
[kp]    108.20s  dealloc      711.9 MB  Cuda     live     4166.3 MB  "collide:nn_last_partner"
[kp]    108.25s  alloc        711.9 MB  Cuda     live     4878.3 MB  "collide:nn_last_partner"
[kp]    108.25s  dealloc      711.9 MB  Cuda     live     4166.3 MB  "collide:nn_last_partner"
[kp]    108.30s  alloc        711.9 MB  Cuda     live     4878.3 MB  "collide:nn_last_partner"
[kp]    108.30s  dealloc      711.9 MB  Cuda     live     4166.3 MB  "collide:nn_last_partner"
[kp]    108.35s  alloc        711.9 MB  Cuda     live     4878.3 MB  "collide:nn_last_partner"
[kp]    108.35s  dealloc      711.9 MB  Cuda     live     4166.3 MB  "collide:nn_last_partner"
[kp]    108.40s  alloc        711.9 MB  Cuda     live     4878.3 MB  "collide:nn_last_partner"
[kp]    108.40s  dealloc      711.9 MB  Cuda     live     4166.3 MB  "collide:nn_last_partner"
[kp]    108.45s  alloc        711.9 MB  Cuda     live     4878.3 MB  "collide:nn_last_partner"
[kp]    108.45s  dealloc      711.9 MB  Cuda     live     4166.3 MB  "collide:nn_last_partner"
[kp]    108.50s  alloc        711.9 MB  Cuda     live     4878.3 MB  "collide:nn_last_partner"
[kp]    108.50s  dealloc      711.9 MB  Cuda     live     4166.3 MB  "collide:nn_last_partner"
[kp]    108.56s  alloc        711.9 MB  Cuda     live     4878.3 MB  "collide:nn_last_partner"
[kp]    108.56s  dealloc      711.9 MB  Cuda     live     4166.3 MB  "collide:nn_last_partner"
[kp]    108.61s  alloc        711.9 MB  Cuda     live     4878.3 MB  "collide:nn_last_partner"
[kp]    108.61s  dealloc      711.9 MB  Cuda     live     4166.3 MB  "collide:nn_last_partner"
[kp]    108.66s  alloc        711.9 MB  Cuda     live     4878.3 MB  "collide:nn_last_partner"
[kp]    108.66s  dealloc      711.9 MB  Cuda     live     4166.3 MB  "collide:nn_last_partner"
[kp]    108.71s  alloc        711.9 MB  Cuda     live     4878.3 MB  "collide:nn_last_partner"
[kp]    108.71s  dealloc      711.9 MB  Cuda     live     4166.3 MB  "collide:nn_last_partner"
[kp]    108.76s  alloc        711.9 MB  Cuda     live     4878.3 MB  "collide:nn_last_partner"
[kp]    108.76s  dealloc      711.9 MB  Cuda     live     4166.3 MB  "collide:nn_last_partner"
[kp]    108.81s  alloc        711.9 MB  Cuda     live     4878.3 MB  "collide:nn_last_partner"
[kp]    108.81s  dealloc      711.9 MB  Cuda     live     4166.3 MB  "collide:nn_last_partner"
[kp]    108.86s  alloc        711.9 MB  Cuda     live     4878.3 MB  "collide:nn_last_partner"
[kp]    108.86s  dealloc      711.9 MB  Cuda     live     4166.3 MB  "collide:nn_last_partner"
[kp]    108.91s  alloc        711.9 MB  Cuda     live     4878.3 MB  "collide:nn_last_partner"
[kp]    108.91s  dealloc      711.9 MB  Cuda     live     4166.3 MB  "collide:nn_last_partner"
[kp]    108.97s  alloc        711.9 MB  Cuda     live     4878.3 MB  "collide:nn_last_partner"
[kp]    108.97s  dealloc      711.9 MB  Cuda     live     4166.3 MB  "collide:nn_last_partner"
[kp]    109.02s  alloc        711.9 MB  Cuda     live     4878.3 MB  "collide:nn_last_partner"
[kp]    109.02s  dealloc      711.9 MB  Cuda     live     4166.3 MB  "collide:nn_last_partner"
[kp]    109.07s  alloc        711.9 MB  Cuda     live     4878.3 MB  "collide:nn_last_partner"
[kp]    109.07s  dealloc      711.9 MB  Cuda     live     4166.3 MB  "collide:nn_last_partner"
[kp]    109.12s  alloc        711.9 MB  Cuda     live     4878.3 MB  "collide:nn_last_partner"
[kp]    109.12s  dealloc      711.9 MB  Cuda     live     4166.3 MB  "collide:nn_last_partner"
[kp]    109.17s  alloc        711.9 MB  Cuda     live     4878.3 MB  "collide:nn_last_partner"
[kp]    109.17s  dealloc      711.9 MB  Cuda     live     4166.3 MB  "collide:nn_last_partner"
[kp]    109.22s  alloc        711.9 MB  Cuda     live     4878.3 MB  "collide:nn_last_partner"
[kp]    109.22s  dealloc      711.9 MB  Cuda     live     4166.3 MB  "collide:nn_last_partner"
[kp]    109.27s  alloc        711.9 MB  Cuda     live     4878.3 MB  "collide:nn_last_partner"
[kp]    109.27s  dealloc      711.9 MB  Cuda     live     4166.3 MB  "collide:nn_last_partner"
[kp]    109.32s  alloc        711.9 MB  Cuda     live     4878.3 MB  "collide:nn_last_partner"
[kp]    109.32s  dealloc      711.9 MB  Cuda     live     4166.3 MB  "collide:nn_last_partner"
[kp]    109.37s  alloc        711.9 MB  Cuda     live     4878.3 MB  "collide:nn_last_partner"
[kp]    109.38s  dealloc      711.9 MB  Cuda     live     4166.3 MB  "collide:nn_last_partner"
[kp]    109.43s  alloc        711.9 MB  Cuda     live     4878.3 MB  "collide:nn_last_partner"
[kp]    109.43s  dealloc      711.9 MB  Cuda     live     4166.3 MB  "collide:nn_last_partner"
[kp]    109.48s  alloc        711.9 MB  Cuda     live     4878.3 MB  "collide:nn_last_partner"
[kp]    109.48s  dealloc      711.9 MB  Cuda     live     4166.3 MB  "collide:nn_last_partner"
[kp]    109.53s  alloc        711.9 MB  Cuda     live     4878.3 MB  "collide:nn_last_partner"
[kp]    109.53s  dealloc      711.9 MB  Cuda     live     4166.3 MB  "collide:nn_last_partner"
[kp]    109.58s  alloc        711.9 MB  Cuda     live     4878.3 MB  "collide:nn_last_partner"
[kp]    109.58s  dealloc      711.9 MB  Cuda     live     4166.3 MB  "collide:nn_last_partner"
[kp]    109.63s  alloc        711.9 MB  Cuda     live     4878.3 MB  "collide:nn_last_partner"
[kp]    109.63s  dealloc      711.9 MB  Cuda     live     4166.3 MB  "collide:nn_last_partner"
[kp]    109.68s  alloc        711.9 MB  Cuda     live     4878.3 MB  "collide:nn_last_partner"
[kp]    109.68s  dealloc      711.9 MB  Cuda     live     4166.3 MB  "collide:nn_last_partner"
[kp]    109.73s  alloc        711.9 MB  Cuda     live     4878.3 MB  "collide:nn_last_partner"
[kp]    109.73s  dealloc      711.9 MB  Cuda     live     4166.3 MB  "collide:nn_last_partner"
[kp]    109.78s  alloc        711.9 MB  Cuda     live     4878.3 MB  "collide:nn_last_partner"
[kp]    109.78s  dealloc      711.9 MB  Cuda     live     4166.3 MB  "collide:nn_last_partner"
[kp]    109.84s  alloc        711.9 MB  Cuda     live     4878.3 MB  "collide:nn_last_partner"
[kp]    109.84s  dealloc      711.9 MB  Cuda     live     4166.3 MB  "collide:nn_last_partner"
[kp]    109.89s  alloc        711.9 MB  Cuda     live     4878.3 MB  "collide:nn_last_partner"
[kp]    109.89s  dealloc      711.9 MB  Cuda     live     4166.3 MB  "collide:nn_last_partner"
[kp]    109.94s  alloc        711.9 MB  Cuda     live     4878.3 MB  "collide:nn_last_partner"
[kp]    109.94s  dealloc      711.9 MB  Cuda     live     4166.3 MB  "collide:nn_last_partner"
[kp]    109.99s  alloc        711.9 MB  Cuda     live     4878.3 MB  "collide:nn_last_partner"
[kp]    109.99s  dealloc      711.9 MB  Cuda     live     4166.3 MB  "collide:nn_last_partner"
[kp]    110.04s  alloc        711.9 MB  Cuda     live     4878.3 MB  "collide:nn_last_partner"
[kp]    110.04s  dealloc      711.9 MB  Cuda     live     4166.3 MB  "collide:nn_last_partner"
[kp]    110.09s  alloc        711.9 MB  Cuda     live     4878.3 MB  "collide:nn_last_partner"
[kp]    110.09s  dealloc      711.9 MB  Cuda     live     4166.3 MB  "collide:nn_last_partner"
[kp]    110.14s  alloc        711.9 MB  Cuda     live     4878.3 MB  "collide:nn_last_partner"
[kp]    110.14s  dealloc      711.9 MB  Cuda     live     4166.3 MB  "collide:nn_last_partner"
[kp]    110.19s  alloc        711.9 MB  Cuda     live     4878.3 MB  "collide:nn_last_partner"
[kp]    110.19s  dealloc      711.9 MB  Cuda     live     4166.3 MB  "collide:nn_last_partner"
[kp]    110.24s  alloc        711.9 MB  Cuda     live     4878.3 MB  "collide:nn_last_partner"
[kp]    110.25s  dealloc      711.9 MB  Cuda     live     4166.3 MB  "collide:nn_last_partner"
[kp]    110.30s  alloc        711.9 MB  Cuda     live     4878.3 MB  "collide:nn_last_partner"
[kp]    110.30s  dealloc      711.9 MB  Cuda     live     4166.3 MB  "collide:nn_last_partner"
[kp]    110.35s  alloc        711.9 MB  Cuda     live     4878.3 MB  "collide:nn_last_partner"
[kp]    110.35s  dealloc      711.9 MB  Cuda     live     4166.3 MB  "collide:nn_last_partner"
[kp]    110.40s  alloc        711.9 MB  Cuda     live     4878.3 MB  "collide:nn_last_partner"
[kp]    110.40s  dealloc      711.9 MB  Cuda     live     4166.3 MB  "collide:nn_last_partner"
[kp]    110.45s  alloc        711.9 MB  Cuda     live     4878.3 MB  "collide:nn_last_partner"
[kp]    110.45s  dealloc      711.9 MB  Cuda     live     4166.3 MB  "collide:nn_last_partner"
[kp]    110.50s  alloc        711.9 MB  Cuda     live     4878.3 MB  "collide:nn_last_partner"
[kp]    110.50s  dealloc      711.9 MB  Cuda     live     4166.3 MB  "collide:nn_last_partner"
[kp]    110.55s  alloc        711.9 MB  Cuda     live     4878.3 MB  "collide:nn_last_partner"
[kp]    110.55s  dealloc      711.9 MB  Cuda     live     4166.3 MB  "collide:nn_last_partner"
[kp]    110.60s  alloc        711.9 MB  Cuda     live     4878.3 MB  "collide:nn_last_partner"
[kp]    110.60s  dealloc      711.9 MB  Cuda     live     4166.3 MB  "collide:nn_last_partner"
[kp]    110.65s  alloc        711.9 MB  Cuda     live     4878.3 MB  "collide:nn_last_partner"
[kp]    110.65s  dealloc      711.9 MB  Cuda     live     4166.3 MB  "collide:nn_last_partner"
[kp]    110.71s  alloc        711.9 MB  Cuda     live     4878.3 MB  "collide:nn_last_partner"
[kp]    110.71s  dealloc      711.9 MB  Cuda     live     4166.3 MB  "collide:nn_last_partner"
[kp]    110.76s  alloc        711.9 MB  Cuda     live     4878.3 MB  "collide:nn_last_partner"
[kp]    110.76s  dealloc      711.9 MB  Cuda     live     4166.3 MB  "collide:nn_last_partner"
[kp]    110.81s  alloc        711.9 MB  Cuda     live     4878.3 MB  "collide:nn_last_partner"
[kp]    110.81s  dealloc      711.9 MB  Cuda     live     4166.3 MB  "collide:nn_last_partner"
[kp]    110.86s  alloc        711.9 MB  Cuda     live     4878.3 MB  "collide:nn_last_partner"
[kp]    110.86s  dealloc      711.9 MB  Cuda     live     4166.3 MB  "collide:nn_last_partner"
[kp]    110.91s  alloc        711.9 MB  Cuda     live     4878.3 MB  "collide:nn_last_partner"
[kp]    110.91s  dealloc      711.9 MB  Cuda     live     4166.3 MB  "collide:nn_last_partner"
[kp]    110.96s  alloc        711.9 MB  Cuda     live     4878.3 MB  "collide:nn_last_partner"
[kp]    110.96s  dealloc      711.9 MB  Cuda     live     4166.3 MB  "collide:nn_last_partner"
[kp]    111.01s  alloc        711.9 MB  Cuda     live     4878.3 MB  "collide:nn_last_partner"
[kp]    111.01s  dealloc      711.9 MB  Cuda     live     4166.3 MB  "collide:nn_last_partner"
[kp]    111.06s  alloc        711.9 MB  Cuda     live     4878.3 MB  "collide:nn_last_partner"
[kp]    111.06s  dealloc      711.9 MB  Cuda     live     4166.3 MB  "collide:nn_last_partner"
[kp]    111.11s  alloc        711.9 MB  Cuda     live     4878.3 MB  "collide:nn_last_partner"
[kp]    111.11s  dealloc      711.9 MB  Cuda     live     4166.3 MB  "collide:nn_last_partner"
[kp]    111.17s  alloc        711.9 MB  Cuda     live     4878.3 MB  "collide:nn_last_partner"
[kp]    111.17s  dealloc      711.9 MB  Cuda     live     4166.3 MB  "collide:nn_last_partner"
[kp]    111.22s  alloc        711.9 MB  Cuda     live     4878.3 MB  "collide:nn_last_partner"
[kp]    111.22s  dealloc      711.9 MB  Cuda     live     4166.3 MB  "collide:nn_last_partner"
[kp]    111.27s  alloc        711.9 MB  Cuda     live     4878.3 MB  "collide:nn_last_partner"
[kp]    111.27s  dealloc      711.9 MB  Cuda     live     4166.3 MB  "collide:nn_last_partner"
    1700    98.640265 5.7346967e-08    19.115656        3e-09 28135304   102454    54156        0        0    295.10585 
[kp]    111.43s  alloc        711.9 MB  Cuda     live     4878.3 MB  "collide:nn_last_partner"
[kp]    111.43s  dealloc      711.9 MB  Cuda     live     4166.3 MB  "collide:nn_last_partner"
[kp]    111.48s  alloc        711.9 MB  Cuda     live     4878.3 MB  "collide:nn_last_partner"
[kp]    111.48s  dealloc      711.9 MB  Cuda     live     4166.3 MB  "collide:nn_last_partner"
[kp]    111.53s  alloc        711.9 MB  Cuda     live     4878.3 MB  "collide:nn_last_partner"
[kp]    111.53s  dealloc      711.9 MB  Cuda     live     4166.3 MB  "collide:nn_last_partner"
[kp]    111.58s  alloc        711.9 MB  Cuda     live     4878.3 MB  "collide:nn_last_partner"
[kp]    111.58s  dealloc      711.9 MB  Cuda     live     4166.3 MB  "collide:nn_last_partner"
[kp]    111.63s  alloc        711.9 MB  Cuda     live     4878.3 MB  "collide:nn_last_partner"
[kp]    111.63s  dealloc      711.9 MB  Cuda     live     4166.3 MB  "collide:nn_last_partner"
[kp]    111.68s  alloc        711.9 MB  Cuda     live     4878.3 MB  "collide:nn_last_partner"
[kp]    111.69s  dealloc      711.9 MB  Cuda     live     4166.3 MB  "collide:nn_last_partner"
[kp]    111.74s  alloc        711.9 MB  Cuda     live     4878.3 MB  "collide:nn_last_partner"
[kp]    111.74s  dealloc      711.9 MB  Cuda     live     4166.3 MB  "collide:nn_last_partner"
[kp]    111.79s  alloc        711.9 MB  Cuda     live     4878.3 MB  "collide:nn_last_partner"
[kp]    111.79s  dealloc      711.9 MB  Cuda     live     4166.3 MB  "collide:nn_last_partner"
[kp]    111.84s  alloc        711.9 MB  Cuda     live     4878.3 MB  "collide:nn_last_partner"
[kp]    111.84s  dealloc      711.9 MB  Cuda     live     4166.3 MB  "collide:nn_last_partner"
[kp]    111.89s  alloc        711.9 MB  Cuda     live     4878.3 MB  "collide:nn_last_partner"
[kp]    111.89s  dealloc      711.9 MB  Cuda     live     4166.3 MB  "collide:nn_last_partner"
[kp]    111.94s  alloc        711.9 MB  Cuda     live     4878.3 MB  "collide:nn_last_partner"
[kp]    111.94s  dealloc      711.9 MB  Cuda     live     4166.3 MB  "collide:nn_last_partner"
[kp]    111.99s  alloc        711.9 MB  Cuda     live     4878.3 MB  "collide:nn_last_partner"
[kp]    111.99s  dealloc      711.9 MB  Cuda     live     4166.3 MB  "collide:nn_last_partner"
[kp]    112.04s  alloc        711.9 MB  Cuda     live     4878.3 MB  "collide:nn_last_partner"
[kp]    112.04s  dealloc      711.9 MB  Cuda     live     4166.3 MB  "collide:nn_last_partner"
[kp]    112.09s  alloc        711.9 MB  Cuda     live     4878.3 MB  "collide:nn_last_partner"
[kp]    112.09s  dealloc      711.9 MB  Cuda     live     4166.3 MB  "collide:nn_last_partner"
[kp]    112.15s  alloc        711.9 MB  Cuda     live     4878.3 MB  "collide:nn_last_partner"
[kp]    112.15s  dealloc      711.9 MB  Cuda     live     4166.3 MB  "collide:nn_last_partner"
[kp]    112.20s  alloc        711.9 MB  Cuda     live     4878.3 MB  "collide:nn_last_partner"
[kp]    112.20s  dealloc      711.9 MB  Cuda     live     4166.3 MB  "collide:nn_last_partner"
[kp]    112.25s  alloc        711.9 MB  Cuda     live     4878.3 MB  "collide:nn_last_partner"
[kp]    112.25s  dealloc      711.9 MB  Cuda     live     4166.3 MB  "collide:nn_last_partner"
[kp]    112.30s  alloc        711.9 MB  Cuda     live     4878.3 MB  "collide:nn_last_partner"
[kp]    112.30s  dealloc      711.9 MB  Cuda     live     4166.3 MB  "collide:nn_last_partner"
[kp]    112.35s  alloc        711.9 MB  Cuda     live     4878.3 MB  "collide:nn_last_partner"
[kp]    112.35s  dealloc      711.9 MB  Cuda     live     4166.3 MB  "collide:nn_last_partner"
[kp]    112.40s  alloc        711.9 MB  Cuda     live     4878.3 MB  "collide:nn_last_partner"
[kp]    112.40s  dealloc      711.9 MB  Cuda     live     4166.3 MB  "collide:nn_last_partner"
[kp]    112.45s  alloc        711.9 MB  Cuda     live     4878.3 MB  "collide:nn_last_partner"
[kp]    112.45s  dealloc      711.9 MB  Cuda     live     4166.3 MB  "collide:nn_last_partner"
[kp]    112.50s  alloc        711.9 MB  Cuda     live     4878.3 MB  "collide:nn_last_partner"
[kp]    112.50s  dealloc      711.9 MB  Cuda     live     4166.3 MB  "collide:nn_last_partner"
[kp]    112.55s  alloc        711.9 MB  Cuda     live     4878.3 MB  "collide:nn_last_partner"
[kp]    112.55s  dealloc      711.9 MB  Cuda     live     4166.3 MB  "collide:nn_last_partner"
[kp]    112.60s  alloc        711.9 MB  Cuda     live     4878.3 MB  "collide:nn_last_partner"
[kp]    112.61s  dealloc      711.9 MB  Cuda     live     4166.3 MB  "collide:nn_last_partner"
[kp]    112.66s  alloc        711.9 MB  Cuda     live     4878.3 MB  "collide:nn_last_partner"
[kp]    112.66s  dealloc      711.9 MB  Cuda     live     4166.3 MB  "collide:nn_last_partner"
[kp]    112.71s  alloc        711.9 MB  Cuda     live     4878.3 MB  "collide:nn_last_partner"
[kp]    112.71s  dealloc      711.9 MB  Cuda     live     4166.3 MB  "collide:nn_last_partner"
[kp]    112.76s  alloc        711.9 MB  Cuda     live     4878.3 MB  "collide:nn_last_partner"
[kp]    112.76s  dealloc      711.9 MB  Cuda     live     4166.3 MB  "collide:nn_last_partner"
[kp]    112.81s  alloc        711.9 MB  Cuda     live     4878.3 MB  "collide:nn_last_partner"
[kp]    112.81s  dealloc      711.9 MB  Cuda     live     4166.3 MB  "collide:nn_last_partner"
[kp]    112.86s  alloc        711.9 MB  Cuda     live     4878.3 MB  "collide:nn_last_partner"
[kp]    112.86s  dealloc      711.9 MB  Cuda     live     4166.3 MB  "collide:nn_last_partner"
[kp]    112.91s  alloc        711.9 MB  Cuda     live     4878.3 MB  "collide:nn_last_partner"
[kp]    112.91s  dealloc      711.9 MB  Cuda     live     4166.3 MB  "collide:nn_last_partner"
[kp]    112.96s  alloc        711.9 MB  Cuda     live     4878.3 MB  "collide:nn_last_partner"
[kp]    112.96s  dealloc      711.9 MB  Cuda     live     4166.3 MB  "collide:nn_last_partner"
[kp]    113.01s  alloc        711.9 MB  Cuda     live     4878.3 MB  "collide:nn_last_partner"
[kp]    113.01s  dealloc      711.9 MB  Cuda     live     4166.3 MB  "collide:nn_last_partner"
[kp]    113.06s  alloc        711.9 MB  Cuda     live     4878.3 MB  "collide:nn_last_partner"
[kp]    113.07s  dealloc      711.9 MB  Cuda     live     4166.3 MB  "collide:nn_last_partner"
[kp]    113.12s  alloc        711.9 MB  Cuda     live     4878.3 MB  "collide:nn_last_partner"
[kp]    113.12s  dealloc      711.9 MB  Cuda     live     4166.3 MB  "collide:nn_last_partner"
[kp]    113.17s  alloc        711.9 MB  Cuda     live     4878.3 MB  "collide:nn_last_partner"
[kp]    113.17s  dealloc      711.9 MB  Cuda     live     4166.3 MB  "collide:nn_last_partner"
[kp]    113.22s  alloc        711.9 MB  Cuda     live     4878.3 MB  "collide:nn_last_partner"
[kp]    113.22s  dealloc      711.9 MB  Cuda     live     4166.3 MB  "collide:nn_last_partner"
[kp]    113.27s  alloc        711.9 MB  Cuda     live     4878.3 MB  "collide:nn_last_partner"
[kp]    113.27s  dealloc      711.9 MB  Cuda     live     4166.3 MB  "collide:nn_last_partner"
[kp]    113.32s  alloc        711.9 MB  Cuda     live     4878.3 MB  "collide:nn_last_partner"
[kp]    113.32s  dealloc      711.9 MB  Cuda     live     4166.3 MB  "collide:nn_last_partner"
[kp]    113.37s  alloc        711.9 MB  Cuda     live     4878.3 MB  "collide:nn_last_partner"
[kp]    113.37s  dealloc      711.9 MB  Cuda     live     4166.3 MB  "collide:nn_last_partner"
[kp]    113.42s  alloc        711.9 MB  Cuda     live     4878.3 MB  "collide:nn_last_partner"
[kp]    113.42s  dealloc      711.9 MB  Cuda     live     4166.3 MB  "collide:nn_last_partner"
[kp]    113.47s  alloc        711.9 MB  Cuda     live     4878.3 MB  "collide:nn_last_partner"
[kp]    113.47s  dealloc      711.9 MB  Cuda     live     4166.3 MB  "collide:nn_last_partner"
[kp]    113.52s  alloc        711.9 MB  Cuda     live     4878.3 MB  "collide:nn_last_partner"
[kp]    113.52s  dealloc      711.9 MB  Cuda     live     4166.3 MB  "collide:nn_last_partner"
[kp]    113.58s  alloc        711.9 MB  Cuda     live     4878.3 MB  "collide:nn_last_partner"
[kp]    113.58s  dealloc      711.9 MB  Cuda     live     4166.3 MB  "collide:nn_last_partner"
[kp]    113.63s  alloc        711.9 MB  Cuda     live     4878.3 MB  "collide:nn_last_partner"
[kp]    113.63s  dealloc      711.9 MB  Cuda     live     4166.3 MB  "collide:nn_last_partner"
[kp]    113.68s  alloc        711.9 MB  Cuda     live     4878.3 MB  "collide:nn_last_partner"
[kp]    113.68s  dealloc      711.9 MB  Cuda     live     4166.3 MB  "collide:nn_last_partner"
[kp]    113.73s  alloc        711.9 MB  Cuda     live     4878.3 MB  "collide:nn_last_partner"
[kp]    113.73s  dealloc      711.9 MB  Cuda     live     4166.3 MB  "collide:nn_last_partner"
[kp]    113.78s  alloc        711.9 MB  Cuda     live     4878.3 MB  "collide:nn_last_partner"
[kp]    113.78s  dealloc      711.9 MB  Cuda     live     4166.3 MB  "collide:nn_last_partner"
[kp]    113.83s  alloc        711.9 MB  Cuda     live     4878.3 MB  "collide:nn_last_partner"
[kp]    113.83s  dealloc      711.9 MB  Cuda     live     4166.3 MB  "collide:nn_last_partner"
[kp]    113.88s  alloc        711.9 MB  Cuda     live     4878.3 MB  "collide:nn_last_partner"
[kp]    113.88s  dealloc      711.9 MB  Cuda     live     4166.3 MB  "collide:nn_last_partner"
[kp]    113.93s  alloc        711.9 MB  Cuda     live     4878.3 MB  "collide:nn_last_partner"
[kp]    113.93s  dealloc      711.9 MB  Cuda     live     4166.3 MB  "collide:nn_last_partner"
[kp]    113.98s  alloc        711.9 MB  Cuda     live     4878.3 MB  "collide:nn_last_partner"
[kp]    113.98s  dealloc      711.9 MB  Cuda     live     4166.3 MB  "collide:nn_last_partner"
[kp]    114.04s  alloc        711.9 MB  Cuda     live     4878.3 MB  "collide:nn_last_partner"
[kp]    114.04s  dealloc      711.9 MB  Cuda     live     4166.3 MB  "collide:nn_last_partner"
[kp]    114.09s  alloc        711.9 MB  Cuda     live     4878.3 MB  "collide:nn_last_partner"
[kp]    114.09s  dealloc      711.9 MB  Cuda     live     4166.3 MB  "collide:nn_last_partner"
[kp]    114.14s  alloc        711.9 MB  Cuda     live     4878.3 MB  "collide:nn_last_partner"
[kp]    114.14s  dealloc      711.9 MB  Cuda     live     4166.3 MB  "collide:nn_last_partner"
[kp]    114.19s  alloc        711.9 MB  Cuda     live     4878.3 MB  "collide:nn_last_partner"
[kp]    114.19s  dealloc      711.9 MB  Cuda     live     4166.3 MB  "collide:nn_last_partner"
[kp]    114.24s  alloc        711.9 MB  Cuda     live     4878.3 MB  "collide:nn_last_partner"
[kp]    114.24s  dealloc      711.9 MB  Cuda     live     4166.3 MB  "collide:nn_last_partner"
[kp]    114.29s  alloc        711.9 MB  Cuda     live     4878.3 MB  "collide:nn_last_partner"
[kp]    114.29s  dealloc      711.9 MB  Cuda     live     4166.3 MB  "collide:nn_last_partner"
[kp]    114.34s  alloc        711.9 MB  Cuda     live     4878.3 MB  "collide:nn_last_partner"
[kp]    114.34s  dealloc      711.9 MB  Cuda     live     4166.3 MB  "collide:nn_last_partner"
[kp]    114.39s  alloc        711.9 MB  Cuda     live     4878.3 MB  "collide:nn_last_partner"
[kp]    114.39s  dealloc      711.9 MB  Cuda     live     4166.3 MB  "collide:nn_last_partner"
[kp]    114.44s  alloc        711.9 MB  Cuda     live     4878.3 MB  "collide:nn_last_partner"
[kp]    114.44s  dealloc      711.9 MB  Cuda     live     4166.3 MB  "collide:nn_last_partner"
[kp]    114.49s  alloc        711.9 MB  Cuda     live     4878.3 MB  "collide:nn_last_partner"
[kp]    114.50s  dealloc      711.9 MB  Cuda     live     4166.3 MB  "collide:nn_last_partner"
[kp]    114.55s  alloc        711.9 MB  Cuda     live     4878.3 MB  "collide:nn_last_partner"
[kp]    114.55s  dealloc      711.9 MB  Cuda     live     4166.3 MB  "collide:nn_last_partner"
[kp]    114.60s  alloc        711.9 MB  Cuda     live     4878.3 MB  "collide:nn_last_partner"
[kp]    114.60s  dealloc      711.9 MB  Cuda     live     4166.3 MB  "collide:nn_last_partner"
[kp]    114.65s  alloc        711.9 MB  Cuda     live     4878.3 MB  "collide:nn_last_partner"
[kp]    114.65s  dealloc      711.9 MB  Cuda     live     4166.3 MB  "collide:nn_last_partner"
[kp]    114.70s  alloc        711.9 MB  Cuda     live     4878.3 MB  "collide:nn_last_partner"
[kp]    114.70s  dealloc      711.9 MB  Cuda     live     4166.3 MB  "collide:nn_last_partner"
[kp]    114.75s  alloc        711.9 MB  Cuda     live     4878.3 MB  "collide:nn_last_partner"
[kp]    114.75s  dealloc      711.9 MB  Cuda     live     4166.3 MB  "collide:nn_last_partner"
[kp]    114.80s  alloc        711.9 MB  Cuda     live     4878.3 MB  "collide:nn_last_partner"
[kp]    114.80s  dealloc      711.9 MB  Cuda     live     4166.3 MB  "collide:nn_last_partner"
[kp]    114.85s  alloc        711.9 MB  Cuda     live     4878.3 MB  "collide:nn_last_partner"
[kp]    114.85s  dealloc      711.9 MB  Cuda     live     4166.3 MB  "collide:nn_last_partner"
[kp]    114.90s  alloc        711.9 MB  Cuda     live     4878.3 MB  "collide:nn_last_partner"
[kp]    114.90s  dealloc      711.9 MB  Cuda     live     4166.3 MB  "collide:nn_last_partner"
[kp]    114.95s  alloc        711.9 MB  Cuda     live     4878.3 MB  "collide:nn_last_partner"
[kp]    114.95s  dealloc      711.9 MB  Cuda     live     4166.3 MB  "collide:nn_last_partner"
[kp]    115.00s  alloc        711.9 MB  Cuda     live     4878.3 MB  "collide:nn_last_partner"
[kp]    115.01s  dealloc      711.9 MB  Cuda     live     4166.3 MB  "collide:nn_last_partner"
[kp]    115.06s  alloc        711.9 MB  Cuda     live     4878.3 MB  "collide:nn_last_partner"
[kp]    115.06s  dealloc      711.9 MB  Cuda     live     4166.3 MB  "collide:nn_last_partner"
[kp]    115.11s  alloc        711.9 MB  Cuda     live     4878.3 MB  "collide:nn_last_partner"
[kp]    115.11s  dealloc      711.9 MB  Cuda     live     4166.3 MB  "collide:nn_last_partner"
[kp]    115.16s  alloc        711.9 MB  Cuda     live     4878.3 MB  "collide:nn_last_partner"
[kp]    115.16s  dealloc      711.9 MB  Cuda     live     4166.3 MB  "collide:nn_last_partner"
[kp]    115.21s  alloc        711.9 MB  Cuda     live     4878.3 MB  "collide:nn_last_partner"
[kp]    115.21s  dealloc      711.9 MB  Cuda     live     4166.3 MB  "collide:nn_last_partner"
[kp]    115.26s  alloc        711.9 MB  Cuda     live     4878.3 MB  "collide:nn_last_partner"
[kp]    115.26s  dealloc      711.9 MB  Cuda     live     4166.3 MB  "collide:nn_last_partner"
[kp]    115.31s  alloc        711.9 MB  Cuda     live     4878.3 MB  "collide:nn_last_partner"
[kp]    115.31s  dealloc      711.9 MB  Cuda     live     4166.3 MB  "collide:nn_last_partner"
[kp]    115.36s  alloc        711.9 MB  Cuda     live     4878.3 MB  "collide:nn_last_partner"
[kp]    115.36s  dealloc      711.9 MB  Cuda     live     4166.3 MB  "collide:nn_last_partner"
[kp]    115.41s  alloc        711.9 MB  Cuda     live     4878.3 MB  "collide:nn_last_partner"
[kp]    115.41s  dealloc      711.9 MB  Cuda     live     4166.3 MB  "collide:nn_last_partner"
[kp]    115.46s  alloc        711.9 MB  Cuda     live     4878.3 MB  "collide:nn_last_partner"
[kp]    115.46s  dealloc      711.9 MB  Cuda     live     4166.3 MB  "collide:nn_last_partner"
[kp]    115.52s  alloc        711.9 MB  Cuda     live     4878.3 MB  "collide:nn_last_partner"
[kp]    115.52s  dealloc      711.9 MB  Cuda     live     4166.3 MB  "collide:nn_last_partner"
[kp]    115.57s  alloc        711.9 MB  Cuda     live     4878.3 MB  "collide:nn_last_partner"
[kp]    115.57s  dealloc      711.9 MB  Cuda     live     4166.3 MB  "collide:nn_last_partner"
[kp]    115.62s  alloc        711.9 MB  Cuda     live     4878.3 MB  "collide:nn_last_partner"
[kp]    115.62s  dealloc      711.9 MB  Cuda     live     4166.3 MB  "collide:nn_last_partner"
[kp]    115.67s  alloc        711.9 MB  Cuda     live     4878.3 MB  "collide:nn_last_partner"
[kp]    115.67s  dealloc      711.9 MB  Cuda     live     4166.3 MB  "collide:nn_last_partner"
[kp]    115.72s  alloc        711.9 MB  Cuda     live     4878.3 MB  "collide:nn_last_partner"
[kp]    115.72s  dealloc      711.9 MB  Cuda     live     4166.3 MB  "collide:nn_last_partner"
[kp]    115.77s  alloc        711.9 MB  Cuda     live     4878.3 MB  "collide:nn_last_partner"
[kp]    115.77s  dealloc      711.9 MB  Cuda     live     4166.3 MB  "collide:nn_last_partner"
[kp]    115.82s  alloc        711.9 MB  Cuda     live     4878.3 MB  "collide:nn_last_partner"
[kp]    115.82s  dealloc      711.9 MB  Cuda     live     4166.3 MB  "collide:nn_last_partner"
[kp]    115.87s  alloc        711.9 MB  Cuda     live     4878.3 MB  "collide:nn_last_partner"
[kp]    115.87s  dealloc      711.9 MB  Cuda     live     4166.3 MB  "collide:nn_last_partner"
[kp]    115.92s  alloc        711.9 MB  Cuda     live     4878.3 MB  "collide:nn_last_partner"
[kp]    115.92s  dealloc      711.9 MB  Cuda     live     4166.3 MB  "collide:nn_last_partner"
[kp]    115.97s  alloc        711.9 MB  Cuda     live     4878.3 MB  "collide:nn_last_partner"
[kp]    115.98s  dealloc      711.9 MB  Cuda     live     4166.3 MB  "collide:nn_last_partner"
[kp]    116.03s  alloc        711.9 MB  Cuda     live     4878.3 MB  "collide:nn_last_partner"
[kp]    116.03s  dealloc      711.9 MB  Cuda     live     4166.3 MB  "collide:nn_last_partner"
[kp]    116.08s  alloc        711.9 MB  Cuda     live     4878.3 MB  "collide:nn_last_partner"
[kp]    116.08s  dealloc      711.9 MB  Cuda     live     4166.3 MB  "collide:nn_last_partner"
[kp]    116.13s  alloc        711.9 MB  Cuda     live     4878.3 MB  "collide:nn_last_partner"
[kp]    116.13s  dealloc      711.9 MB  Cuda     live     4166.3 MB  "collide:nn_last_partner"
[kp]    116.18s  alloc        711.9 MB  Cuda     live     4878.3 MB  "collide:nn_last_partner"
[kp]    116.18s  dealloc      711.9 MB  Cuda     live     4166.3 MB  "collide:nn_last_partner"
[kp]    116.23s  alloc        711.9 MB  Cuda     live     4878.3 MB  "collide:nn_last_partner"
[kp]    116.23s  dealloc      711.9 MB  Cuda     live     4166.3 MB  "collide:nn_last_partner"
[kp]    116.28s  alloc        711.9 MB  Cuda     live     4878.3 MB  "collide:nn_last_partner"
[kp]    116.28s  dealloc      711.9 MB  Cuda     live     4166.3 MB  "collide:nn_last_partner"
[kp]    116.33s  alloc        711.9 MB  Cuda     live     4878.3 MB  "collide:nn_last_partner"
[kp]    116.33s  dealloc      711.9 MB  Cuda     live     4166.3 MB  "collide:nn_last_partner"
[kp]    116.38s  alloc        711.9 MB  Cuda     live     4878.3 MB  "collide:nn_last_partner"
[kp]    116.38s  dealloc      711.9 MB  Cuda     live     4166.3 MB  "collide:nn_last_partner"
[kp]    116.43s  alloc        711.9 MB  Cuda     live     4878.3 MB  "collide:nn_last_partner"
[kp]    116.43s  dealloc      711.9 MB  Cuda     live     4166.3 MB  "collide:nn_last_partner"
[kp]    116.48s  alloc        711.9 MB  Cuda     live     4878.3 MB  "collide:nn_last_partner"
[kp]    116.49s  dealloc      711.9 MB  Cuda     live     4166.3 MB  "collide:nn_last_partner"
    1800    103.85678 5.7509602e-08    19.169866        3e-09 28054016   102773    54359        0        0    295.28914 
[kp]    116.65s  alloc        711.9 MB  Cuda     live     4878.3 MB  "collide:nn_last_partner"
[kp]    116.65s  dealloc      711.9 MB  Cuda     live     4166.3 MB  "collide:nn_last_partner"
[kp]    116.70s  alloc        711.9 MB  Cuda     live     4878.3 MB  "collide:nn_last_partner"
[kp]    116.70s  dealloc      711.9 MB  Cuda     live     4166.3 MB  "collide:nn_last_partner"
[kp]    116.75s  alloc        711.9 MB  Cuda     live     4878.3 MB  "collide:nn_last_partner"
[kp]    116.75s  dealloc      711.9 MB  Cuda     live     4166.3 MB  "collide:nn_last_partner"
[kp]    116.80s  alloc        711.9 MB  Cuda     live     4878.3 MB  "collide:nn_last_partner"
[kp]    116.80s  dealloc      711.9 MB  Cuda     live     4166.3 MB  "collide:nn_last_partner"
[kp]    116.85s  alloc        711.9 MB  Cuda     live     4878.3 MB  "collide:nn_last_partner"
[kp]    116.85s  dealloc      711.9 MB  Cuda     live     4166.3 MB  "collide:nn_last_partner"
[kp]    116.90s  alloc        711.9 MB  Cuda     live     4878.3 MB  "collide:nn_last_partner"
[kp]    116.90s  dealloc      711.9 MB  Cuda     live     4166.3 MB  "collide:nn_last_partner"
[kp]    116.95s  alloc        711.9 MB  Cuda     live     4878.3 MB  "collide:nn_last_partner"
[kp]    116.95s  dealloc      711.9 MB  Cuda     live     4166.3 MB  "collide:nn_last_partner"
[kp]    117.00s  alloc        711.9 MB  Cuda     live     4878.3 MB  "collide:nn_last_partner"
[kp]    117.00s  dealloc      711.9 MB  Cuda     live     4166.3 MB  "collide:nn_last_partner"
[kp]    117.05s  alloc        711.9 MB  Cuda     live     4878.3 MB  "collide:nn_last_partner"
[kp]    117.05s  dealloc      711.9 MB  Cuda     live     4166.3 MB  "collide:nn_last_partner"
[kp]    117.10s  alloc        711.9 MB  Cuda     live     4878.3 MB  "collide:nn_last_partner"
[kp]    117.11s  dealloc      711.9 MB  Cuda     live     4166.3 MB  "collide:nn_last_partner"
[kp]    117.16s  alloc        711.9 MB  Cuda     live     4878.3 MB  "collide:nn_last_partner"
[kp]    117.16s  dealloc      711.9 MB  Cuda     live     4166.3 MB  "collide:nn_last_partner"
[kp]    117.21s  alloc        711.9 MB  Cuda     live     4878.3 MB  "collide:nn_last_partner"
[kp]    117.21s  dealloc      711.9 MB  Cuda     live     4166.3 MB  "collide:nn_last_partner"
[kp]    117.26s  alloc        711.9 MB  Cuda     live     4878.3 MB  "collide:nn_last_partner"
[kp]    117.26s  dealloc      711.9 MB  Cuda     live     4166.3 MB  "collide:nn_last_partner"
[kp]    117.31s  alloc        711.9 MB  Cuda     live     4878.3 MB  "collide:nn_last_partner"
[kp]    117.31s  dealloc      711.9 MB  Cuda     live     4166.3 MB  "collide:nn_last_partner"
[kp]    117.36s  alloc        711.9 MB  Cuda     live     4878.3 MB  "collide:nn_last_partner"
[kp]    117.36s  dealloc      711.9 MB  Cuda     live     4166.3 MB  "collide:nn_last_partner"
[kp]    117.41s  alloc        711.9 MB  Cuda     live     4878.3 MB  "collide:nn_last_partner"
[kp]    117.41s  dealloc      711.9 MB  Cuda     live     4166.3 MB  "collide:nn_last_partner"
[kp]    117.46s  alloc        711.9 MB  Cuda     live     4878.3 MB  "collide:nn_last_partner"
[kp]    117.46s  dealloc      711.9 MB  Cuda     live     4166.3 MB  "collide:nn_last_partner"
[kp]    117.51s  alloc        711.9 MB  Cuda     live     4878.3 MB  "collide:nn_last_partner"
[kp]    117.51s  dealloc      711.9 MB  Cuda     live     4166.3 MB  "collide:nn_last_partner"
[kp]    117.56s  alloc        711.9 MB  Cuda     live     4878.3 MB  "collide:nn_last_partner"
[kp]    117.56s  dealloc      711.9 MB  Cuda     live     4166.3 MB  "collide:nn_last_partner"
[kp]    117.62s  alloc        711.9 MB  Cuda     live     4878.3 MB  "collide:nn_last_partner"
[kp]    117.62s  dealloc      711.9 MB  Cuda     live     4166.3 MB  "collide:nn_last_partner"
[kp]    117.67s  alloc        711.9 MB  Cuda     live     4878.3 MB  "collide:nn_last_partner"
[kp]    117.67s  dealloc      711.9 MB  Cuda     live     4166.3 MB  "collide:nn_last_partner"
[kp]    117.72s  alloc        711.9 MB  Cuda     live     4878.3 MB  "collide:nn_last_partner"
[kp]    117.72s  dealloc      711.9 MB  Cuda     live     4166.3 MB  "collide:nn_last_partner"
[kp]    117.77s  alloc        711.9 MB  Cuda     live     4878.3 MB  "collide:nn_last_partner"
[kp]    117.77s  dealloc      711.9 MB  Cuda     live     4166.3 MB  "collide:nn_last_partner"
[kp]    117.82s  alloc        711.9 MB  Cuda     live     4878.3 MB  "collide:nn_last_partner"
[kp]    117.82s  dealloc      711.9 MB  Cuda     live     4166.3 MB  "collide:nn_last_partner"
[kp]    117.87s  alloc        711.9 MB  Cuda     live     4878.3 MB  "collide:nn_last_partner"
[kp]    117.87s  dealloc      711.9 MB  Cuda     live     4166.3 MB  "collide:nn_last_partner"
[kp]    117.92s  alloc        711.9 MB  Cuda     live     4878.3 MB  "collide:nn_last_partner"
[kp]    117.92s  dealloc      711.9 MB  Cuda     live     4166.3 MB  "collide:nn_last_partner"
[kp]    117.97s  alloc        711.9 MB  Cuda     live     4878.3 MB  "collide:nn_last_partner"
[kp]    117.97s  dealloc      711.9 MB  Cuda     live     4166.3 MB  "collide:nn_last_partner"
[kp]    118.02s  alloc        711.9 MB  Cuda     live     4878.3 MB  "collide:nn_last_partner"
[kp]    118.02s  dealloc      711.9 MB  Cuda     live     4166.3 MB  "collide:nn_last_partner"
[kp]    118.07s  alloc        711.9 MB  Cuda     live     4878.3 MB  "collide:nn_last_partner"
[kp]    118.07s  dealloc      711.9 MB  Cuda     live     4166.3 MB  "collide:nn_last_partner"
[kp]    118.13s  alloc        711.9 MB  Cuda     live     4878.3 MB  "collide:nn_last_partner"
[kp]    118.13s  dealloc      711.9 MB  Cuda     live     4166.3 MB  "collide:nn_last_partner"
[kp]    118.18s  alloc        711.9 MB  Cuda     live     4878.3 MB  "collide:nn_last_partner"
[kp]    118.18s  dealloc      711.9 MB  Cuda     live     4166.3 MB  "collide:nn_last_partner"
[kp]    118.23s  alloc        711.9 MB  Cuda     live     4878.3 MB  "collide:nn_last_partner"
[kp]    118.23s  dealloc      711.9 MB  Cuda     live     4166.3 MB  "collide:nn_last_partner"
[kp]    118.28s  alloc        711.9 MB  Cuda     live     4878.3 MB  "collide:nn_last_partner"
[kp]    118.28s  dealloc      711.9 MB  Cuda     live     4166.3 MB  "collide:nn_last_partner"
[kp]    118.33s  alloc        711.9 MB  Cuda     live     4878.3 MB  "collide:nn_last_partner"
[kp]    118.33s  dealloc      711.9 MB  Cuda     live     4166.3 MB  "collide:nn_last_partner"
[kp]    118.38s  alloc        711.9 MB  Cuda     live     4878.3 MB  "collide:nn_last_partner"
[kp]    118.38s  dealloc      711.9 MB  Cuda     live     4166.3 MB  "collide:nn_last_partner"
[kp]    118.43s  alloc        711.9 MB  Cuda     live     4878.3 MB  "collide:nn_last_partner"
[kp]    118.43s  dealloc      711.9 MB  Cuda     live     4166.3 MB  "collide:nn_last_partner"
[kp]    118.48s  alloc        711.9 MB  Cuda     live     4878.3 MB  "collide:nn_last_partner"
[kp]    118.48s  dealloc      711.9 MB  Cuda     live     4166.3 MB  "collide:nn_last_partner"
[kp]    118.53s  alloc        711.9 MB  Cuda     live     4878.3 MB  "collide:nn_last_partner"
[kp]    118.53s  dealloc      711.9 MB  Cuda     live     4166.3 MB  "collide:nn_last_partner"
[kp]    118.58s  alloc        711.9 MB  Cuda     live     4878.3 MB  "collide:nn_last_partner"
[kp]    118.58s  dealloc      711.9 MB  Cuda     live     4166.3 MB  "collide:nn_last_partner"
[kp]    118.63s  alloc        711.9 MB  Cuda     live     4878.3 MB  "collide:nn_last_partner"
[kp]    118.64s  dealloc      711.9 MB  Cuda     live     4166.3 MB  "collide:nn_last_partner"
[kp]    118.69s  alloc        711.9 MB  Cuda     live     4878.3 MB  "collide:nn_last_partner"
[kp]    118.69s  dealloc      711.9 MB  Cuda     live     4166.3 MB  "collide:nn_last_partner"
[kp]    118.74s  alloc        711.9 MB  Cuda     live     4878.3 MB  "collide:nn_last_partner"
[kp]    118.74s  dealloc      711.9 MB  Cuda     live     4166.3 MB  "collide:nn_last_partner"
[kp]    118.79s  alloc        711.9 MB  Cuda     live     4878.3 MB  "collide:nn_last_partner"
[kp]    118.79s  dealloc      711.9 MB  Cuda     live     4166.3 MB  "collide:nn_last_partner"
[kp]    118.84s  alloc        711.9 MB  Cuda     live     4878.3 MB  "collide:nn_last_partner"
[kp]    118.84s  dealloc      711.9 MB  Cuda     live     4166.3 MB  "collide:nn_last_partner"
[kp]    118.89s  alloc        711.9 MB  Cuda     live     4878.3 MB  "collide:nn_last_partner"
[kp]    118.89s  dealloc      711.9 MB  Cuda     live     4166.3 MB  "collide:nn_last_partner"
[kp]    118.94s  alloc        711.9 MB  Cuda     live     4878.3 MB  "collide:nn_last_partner"
[kp]    118.94s  dealloc      711.9 MB  Cuda     live     4166.3 MB  "collide:nn_last_partner"
[kp]    118.99s  alloc        711.9 MB  Cuda     live     4878.3 MB  "collide:nn_last_partner"
[kp]    118.99s  dealloc      711.9 MB  Cuda     live     4166.3 MB  "collide:nn_last_partner"
[kp]    119.04s  alloc        711.9 MB  Cuda     live     4878.3 MB  "collide:nn_last_partner"
[kp]    119.04s  dealloc      711.9 MB  Cuda     live     4166.3 MB  "collide:nn_last_partner"
[kp]    119.09s  alloc        711.9 MB  Cuda     live     4878.3 MB  "collide:nn_last_partner"
[kp]    119.09s  dealloc      711.9 MB  Cuda     live     4166.3 MB  "collide:nn_last_partner"
[kp]    119.14s  alloc        711.9 MB  Cuda     live     4878.3 MB  "collide:nn_last_partner"
[kp]    119.15s  dealloc      711.9 MB  Cuda     live     4166.3 MB  "collide:nn_last_partner"
[kp]    119.20s  alloc        711.9 MB  Cuda     live     4878.3 MB  "collide:nn_last_partner"
[kp]    119.20s  dealloc      711.9 MB  Cuda     live     4166.3 MB  "collide:nn_last_partner"
[kp]    119.25s  alloc        711.9 MB  Cuda     live     4878.3 MB  "collide:nn_last_partner"
[kp]    119.25s  dealloc      711.9 MB  Cuda     live     4166.3 MB  "collide:nn_last_partner"
[kp]    119.30s  alloc        711.9 MB  Cuda     live     4878.3 MB  "collide:nn_last_partner"
[kp]    119.30s  dealloc      711.9 MB  Cuda     live     4166.3 MB  "collide:nn_last_partner"
[kp]    119.35s  alloc        711.9 MB  Cuda     live     4878.3 MB  "collide:nn_last_partner"
[kp]    119.35s  dealloc      711.9 MB  Cuda     live     4166.3 MB  "collide:nn_last_partner"
[kp]    119.40s  alloc        711.9 MB  Cuda     live     4878.3 MB  "collide:nn_last_partner"
[kp]    119.40s  dealloc      711.9 MB  Cuda     live     4166.3 MB  "collide:nn_last_partner"
[kp]    119.45s  alloc        711.9 MB  Cuda     live     4878.3 MB  "collide:nn_last_partner"
[kp]    119.45s  dealloc      711.9 MB  Cuda     live     4166.3 MB  "collide:nn_last_partner"
[kp]    119.50s  alloc        711.9 MB  Cuda     live     4878.3 MB  "collide:nn_last_partner"
[kp]    119.50s  dealloc      711.9 MB  Cuda     live     4166.3 MB  "collide:nn_last_partner"
[kp]    119.55s  alloc        711.9 MB  Cuda     live     4878.3 MB  "collide:nn_last_partner"
[kp]    119.55s  dealloc      711.9 MB  Cuda     live     4166.3 MB  "collide:nn_last_partner"
[kp]    119.60s  alloc        711.9 MB  Cuda     live     4878.3 MB  "collide:nn_last_partner"
[kp]    119.60s  dealloc      711.9 MB  Cuda     live     4166.3 MB  "collide:nn_last_partner"
[kp]    119.65s  alloc        711.9 MB  Cuda     live     4878.3 MB  "collide:nn_last_partner"
[kp]    119.65s  dealloc      711.9 MB  Cuda     live     4166.3 MB  "collide:nn_last_partner"
[kp]    119.70s  alloc        711.9 MB  Cuda     live     4878.3 MB  "collide:nn_last_partner"
[kp]    119.71s  dealloc      711.9 MB  Cuda     live     4166.3 MB  "collide:nn_last_partner"
[kp]    119.76s  alloc        711.9 MB  Cuda     live     4878.3 MB  "collide:nn_last_partner"
[kp]    119.76s  dealloc      711.9 MB  Cuda     live     4166.3 MB  "collide:nn_last_partner"
[kp]    119.81s  alloc        711.9 MB  Cuda     live     4878.3 MB  "collide:nn_last_partner"
[kp]    119.81s  dealloc      711.9 MB  Cuda     live     4166.3 MB  "collide:nn_last_partner"
[kp]    119.86s  alloc        711.9 MB  Cuda     live     4878.3 MB  "collide:nn_last_partner"
[kp]    119.86s  dealloc      711.9 MB  Cuda     live     4166.3 MB  "collide:nn_last_partner"
[kp]    119.91s  alloc        711.9 MB  Cuda     live     4878.3 MB  "collide:nn_last_partner"
[kp]    119.91s  dealloc      711.9 MB  Cuda     live     4166.3 MB  "collide:nn_last_partner"
[kp]    119.96s  alloc        711.9 MB  Cuda     live     4878.3 MB  "collide:nn_last_partner"
[kp]    119.96s  dealloc      711.9 MB  Cuda     live     4166.3 MB  "collide:nn_last_partner"
[kp]    120.01s  alloc        711.9 MB  Cuda     live     4878.3 MB  "collide:nn_last_partner"
[kp]    120.01s  dealloc      711.9 MB  Cuda     live     4166.3 MB  "collide:nn_last_partner"
[kp]    120.06s  alloc        711.9 MB  Cuda     live     4878.3 MB  "collide:nn_last_partner"
[kp]    120.06s  dealloc      711.9 MB  Cuda     live     4166.3 MB  "collide:nn_last_partner"
[kp]    120.11s  alloc        711.9 MB  Cuda     live     4878.3 MB  "collide:nn_last_partner"
[kp]    120.11s  dealloc      711.9 MB  Cuda     live     4166.3 MB  "collide:nn_last_partner"
[kp]    120.16s  alloc        711.9 MB  Cuda     live     4878.3 MB  "collide:nn_last_partner"
[kp]    120.16s  dealloc      711.9 MB  Cuda     live     4166.3 MB  "collide:nn_last_partner"
[kp]    120.21s  alloc        711.9 MB  Cuda     live     4878.3 MB  "collide:nn_last_partner"
[kp]    120.21s  dealloc      711.9 MB  Cuda     live     4166.3 MB  "collide:nn_last_partner"
[kp]    120.26s  alloc        711.9 MB  Cuda     live     4878.3 MB  "collide:nn_last_partner"
[kp]    120.27s  dealloc      711.9 MB  Cuda     live     4166.3 MB  "collide:nn_last_partner"
[kp]    120.32s  alloc        711.9 MB  Cuda     live     4878.3 MB  "collide:nn_last_partner"
[kp]    120.32s  dealloc      711.9 MB  Cuda     live     4166.3 MB  "collide:nn_last_partner"
[kp]    120.37s  alloc        711.9 MB  Cuda     live     4878.3 MB  "collide:nn_last_partner"
[kp]    120.37s  dealloc      711.9 MB  Cuda     live     4166.3 MB  "collide:nn_last_partner"
[kp]    120.42s  alloc        711.9 MB  Cuda     live     4878.3 MB  "collide:nn_last_partner"
[kp]    120.42s  dealloc      711.9 MB  Cuda     live     4166.3 MB  "collide:nn_last_partner"
[kp]    120.47s  alloc        711.9 MB  Cuda     live     4878.3 MB  "collide:nn_last_partner"
[kp]    120.47s  dealloc      711.9 MB  Cuda     live     4166.3 MB  "collide:nn_last_partner"
[kp]    120.52s  alloc        711.9 MB  Cuda     live     4878.3 MB  "collide:nn_last_partner"
[kp]    120.52s  dealloc      711.9 MB  Cuda     live     4166.3 MB  "collide:nn_last_partner"
[kp]    120.57s  alloc        711.9 MB  Cuda     live     4878.3 MB  "collide:nn_last_partner"
[kp]    120.57s  dealloc      711.9 MB  Cuda     live     4166.3 MB  "collide:nn_last_partner"
[kp]    120.62s  alloc        711.9 MB  Cuda     live     4878.3 MB  "collide:nn_last_partner"
[kp]    120.62s  dealloc      711.9 MB  Cuda     live     4166.3 MB  "collide:nn_last_partner"
[kp]    120.67s  alloc        711.9 MB  Cuda     live     4878.3 MB  "collide:nn_last_partner"
[kp]    120.67s  dealloc      711.9 MB  Cuda     live     4166.3 MB  "collide:nn_last_partner"
[kp]    120.72s  alloc        711.9 MB  Cuda     live     4878.3 MB  "collide:nn_last_partner"
[kp]    120.72s  dealloc      711.9 MB  Cuda     live     4166.3 MB  "collide:nn_last_partner"
[kp]    120.77s  alloc        711.9 MB  Cuda     live     4878.3 MB  "collide:nn_last_partner"
[kp]    120.77s  dealloc      711.9 MB  Cuda     live     4166.3 MB  "collide:nn_last_partner"
[kp]    120.82s  alloc        711.9 MB  Cuda     live     4878.3 MB  "collide:nn_last_partner"
[kp]    120.83s  dealloc      711.9 MB  Cuda     live     4166.3 MB  "collide:nn_last_partner"
[kp]    120.88s  alloc        711.9 MB  Cuda     live     4878.3 MB  "collide:nn_last_partner"
[kp]    120.88s  dealloc      711.9 MB  Cuda     live     4166.3 MB  "collide:nn_last_partner"
[kp]    120.93s  alloc        711.9 MB  Cuda     live     4878.3 MB  "collide:nn_last_partner"
[kp]    120.93s  dealloc      711.9 MB  Cuda     live     4166.3 MB  "collide:nn_last_partner"
[kp]    120.98s  alloc        711.9 MB  Cuda     live     4878.3 MB  "collide:nn_last_partner"
[kp]    120.98s  dealloc      711.9 MB  Cuda     live     4166.3 MB  "collide:nn_last_partner"
[kp]    121.03s  alloc        711.9 MB  Cuda     live     4878.3 MB  "collide:nn_last_partner"
[kp]    121.03s  dealloc      711.9 MB  Cuda     live     4166.3 MB  "collide:nn_last_partner"
[kp]    121.08s  alloc        711.9 MB  Cuda     live     4878.3 MB  "collide:nn_last_partner"
[kp]    121.08s  dealloc      711.9 MB  Cuda     live     4166.3 MB  "collide:nn_last_partner"
[kp]    121.13s  alloc        711.9 MB  Cuda     live     4878.3 MB  "collide:nn_last_partner"
[kp]    121.13s  dealloc      711.9 MB  Cuda     live     4166.3 MB  "collide:nn_last_partner"
[kp]    121.18s  alloc        711.9 MB  Cuda     live     4878.3 MB  "collide:nn_last_partner"
[kp]    121.18s  dealloc      711.9 MB  Cuda     live     4166.3 MB  "collide:nn_last_partner"
[kp]    121.23s  alloc        711.9 MB  Cuda     live     4878.3 MB  "collide:nn_last_partner"
[kp]    121.23s  dealloc      711.9 MB  Cuda     live     4166.3 MB  "collide:nn_last_partner"
[kp]    121.28s  alloc        711.9 MB  Cuda     live     4878.3 MB  "collide:nn_last_partner"
[kp]    121.28s  dealloc      711.9 MB  Cuda     live     4166.3 MB  "collide:nn_last_partner"
[kp]    121.33s  alloc        711.9 MB  Cuda     live     4878.3 MB  "collide:nn_last_partner"
[kp]    121.33s  dealloc      711.9 MB  Cuda     live     4166.3 MB  "collide:nn_last_partner"
[kp]    121.38s  alloc        711.9 MB  Cuda     live     4878.3 MB  "collide:nn_last_partner"
[kp]    121.38s  dealloc      711.9 MB  Cuda     live     4166.3 MB  "collide:nn_last_partner"
[kp]    121.43s  alloc        711.9 MB  Cuda     live     4878.3 MB  "collide:nn_last_partner"
[kp]    121.44s  dealloc      711.9 MB  Cuda     live     4166.3 MB  "collide:nn_last_partner"
[kp]    121.49s  alloc        711.9 MB  Cuda     live     4878.3 MB  "collide:nn_last_partner"
[kp]    121.49s  dealloc      711.9 MB  Cuda     live     4166.3 MB  "collide:nn_last_partner"
[kp]    121.54s  alloc        711.9 MB  Cuda     live     4878.3 MB  "collide:nn_last_partner"
[kp]    121.54s  dealloc      711.9 MB  Cuda     live     4166.3 MB  "collide:nn_last_partner"
[kp]    121.59s  alloc        711.9 MB  Cuda     live     4878.3 MB  "collide:nn_last_partner"
[kp]    121.59s  dealloc      711.9 MB  Cuda     live     4166.3 MB  "collide:nn_last_partner"
[kp]    121.64s  alloc        711.9 MB  Cuda     live     4878.3 MB  "collide:nn_last_partner"
[kp]    121.64s  dealloc      711.9 MB  Cuda     live     4166.3 MB  "collide:nn_last_partner"
[kp]    121.69s  alloc        711.9 MB  Cuda     live     4878.3 MB  "collide:nn_last_partner"
[kp]    121.69s  dealloc      711.9 MB  Cuda     live     4166.3 MB  "collide:nn_last_partner"
    1900    109.06287 5.7624824e-08    19.208276        3e-09 27980625   102555    54271        0        0    295.45057 
[kp]    121.85s  alloc        711.9 MB  Cuda     live     4878.3 MB  "collide:nn_last_partner"
[kp]    121.85s  dealloc      711.9 MB  Cuda     live     4166.3 MB  "collide:nn_last_partner"
[kp]    121.90s  alloc        711.9 MB  Cuda     live     4878.3 MB  "collide:nn_last_partner"
[kp]    121.90s  dealloc      711.9 MB  Cuda     live     4166.3 MB  "collide:nn_last_partner"
[kp]    121.95s  alloc        711.9 MB  Cuda     live     4878.3 MB  "collide:nn_last_partner"
[kp]    121.95s  dealloc      711.9 MB  Cuda     live     4166.3 MB  "collide:nn_last_partner"
[kp]    122.00s  alloc        711.9 MB  Cuda     live     4878.3 MB  "collide:nn_last_partner"
[kp]    122.01s  dealloc      711.9 MB  Cuda     live     4166.3 MB  "collide:nn_last_partner"
[kp]    122.06s  alloc        711.9 MB  Cuda     live     4878.3 MB  "collide:nn_last_partner"
[kp]    122.06s  dealloc      711.9 MB  Cuda     live     4166.3 MB  "collide:nn_last_partner"
[kp]    122.11s  alloc        711.9 MB  Cuda     live     4878.3 MB  "collide:nn_last_partner"
[kp]    122.11s  dealloc      711.9 MB  Cuda     live     4166.3 MB  "collide:nn_last_partner"
[kp]    122.16s  alloc        711.9 MB  Cuda     live     4878.3 MB  "collide:nn_last_partner"
[kp]    122.16s  dealloc      711.9 MB  Cuda     live     4166.3 MB  "collide:nn_last_partner"
[kp]    122.21s  alloc        711.9 MB  Cuda     live     4878.3 MB  "collide:nn_last_partner"
[kp]    122.21s  dealloc      711.9 MB  Cuda     live     4166.3 MB  "collide:nn_last_partner"
[kp]    122.26s  alloc        711.9 MB  Cuda     live     4878.3 MB  "collide:nn_last_partner"
[kp]    122.26s  dealloc      711.9 MB  Cuda     live     4166.3 MB  "collide:nn_last_partner"
[kp]    122.31s  alloc        711.9 MB  Cuda     live     4878.3 MB  "collide:nn_last_partner"
[kp]    122.31s  dealloc      711.9 MB  Cuda     live     4166.3 MB  "collide:nn_last_partner"
[kp]    122.36s  alloc        711.9 MB  Cuda     live     4878.3 MB  "collide:nn_last_partner"
[kp]    122.36s  dealloc      711.9 MB  Cuda     live     4166.3 MB  "collide:nn_last_partner"
[kp]    122.41s  alloc        711.9 MB  Cuda     live     4878.3 MB  "collide:nn_last_partner"
[kp]    122.41s  dealloc      711.9 MB  Cuda     live     4166.3 MB  "collide:nn_last_partner"
[kp]    122.46s  alloc        711.9 MB  Cuda     live     4878.3 MB  "collide:nn_last_partner"
[kp]    122.46s  dealloc      711.9 MB  Cuda     live     4166.3 MB  "collide:nn_last_partner"
[kp]    122.51s  alloc        711.9 MB  Cuda     live     4878.3 MB  "collide:nn_last_partner"
[kp]    122.51s  dealloc      711.9 MB  Cuda     live     4166.3 MB  "collide:nn_last_partner"
[kp]    122.56s  alloc        711.9 MB  Cuda     live     4878.3 MB  "collide:nn_last_partner"
[kp]    122.56s  dealloc      711.9 MB  Cuda     live     4166.3 MB  "collide:nn_last_partner"
[kp]    122.61s  alloc        711.9 MB  Cuda     live     4878.3 MB  "collide:nn_last_partner"
[kp]    122.62s  dealloc      711.9 MB  Cuda     live     4166.3 MB  "collide:nn_last_partner"
[kp]    122.67s  alloc        711.9 MB  Cuda     live     4878.3 MB  "collide:nn_last_partner"
[kp]    122.67s  dealloc      711.9 MB  Cuda     live     4166.3 MB  "collide:nn_last_partner"
[kp]    122.72s  alloc        711.9 MB  Cuda     live     4878.3 MB  "collide:nn_last_partner"
[kp]    122.72s  dealloc      711.9 MB  Cuda     live     4166.3 MB  "collide:nn_last_partner"
[kp]    122.77s  alloc        711.9 MB  Cuda     live     4878.3 MB  "collide:nn_last_partner"
[kp]    122.77s  dealloc      711.9 MB  Cuda     live     4166.3 MB  "collide:nn_last_partner"
[kp]    122.82s  alloc        711.9 MB  Cuda     live     4878.3 MB  "collide:nn_last_partner"
[kp]    122.82s  dealloc      711.9 MB  Cuda     live     4166.3 MB  "collide:nn_last_partner"
[kp]    122.87s  alloc        711.9 MB  Cuda     live     4878.3 MB  "collide:nn_last_partner"
[kp]    122.87s  dealloc      711.9 MB  Cuda     live     4166.3 MB  "collide:nn_last_partner"
[kp]    122.92s  alloc        711.9 MB  Cuda     live     4878.3 MB  "collide:nn_last_partner"
[kp]    122.92s  dealloc      711.9 MB  Cuda     live     4166.3 MB  "collide:nn_last_partner"
[kp]    122.97s  alloc        711.9 MB  Cuda     live     4878.3 MB  "collide:nn_last_partner"
[kp]    122.97s  dealloc      711.9 MB  Cuda     live     4166.3 MB  "collide:nn_last_partner"
[kp]    123.02s  alloc        711.9 MB  Cuda     live     4878.3 MB  "collide:nn_last_partner"
[kp]    123.02s  dealloc      711.9 MB  Cuda     live     4166.3 MB  "collide:nn_last_partner"
[kp]    123.07s  alloc        711.9 MB  Cuda     live     4878.3 MB  "collide:nn_last_partner"
[kp]    123.07s  dealloc      711.9 MB  Cuda     live     4166.3 MB  "collide:nn_last_partner"
[kp]    123.12s  alloc        711.9 MB  Cuda     live     4878.3 MB  "collide:nn_last_partner"
[kp]    123.12s  dealloc      711.9 MB  Cuda     live     4166.3 MB  "collide:nn_last_partner"
[kp]    123.17s  alloc        711.9 MB  Cuda     live     4878.3 MB  "collide:nn_last_partner"
[kp]    123.17s  dealloc      711.9 MB  Cuda     live     4166.3 MB  "collide:nn_last_partner"
[kp]    123.22s  alloc        711.9 MB  Cuda     live     4878.3 MB  "collide:nn_last_partner"
[kp]    123.23s  dealloc      711.9 MB  Cuda     live     4166.3 MB  "collide:nn_last_partner"
[kp]    123.28s  alloc        711.9 MB  Cuda     live     4878.3 MB  "collide:nn_last_partner"
[kp]    123.28s  dealloc      711.9 MB  Cuda     live     4166.3 MB  "collide:nn_last_partner"
[kp]    123.33s  alloc        711.9 MB  Cuda     live     4878.3 MB  "collide:nn_last_partner"
[kp]    123.33s  dealloc      711.9 MB  Cuda     live     4166.3 MB  "collide:nn_last_partner"
[kp]    123.38s  alloc        711.9 MB  Cuda     live     4878.3 MB  "collide:nn_last_partner"
[kp]    123.38s  dealloc      711.9 MB  Cuda     live     4166.3 MB  "collide:nn_last_partner"
[kp]    123.43s  alloc        711.9 MB  Cuda     live     4878.3 MB  "collide:nn_last_partner"
[kp]    123.43s  dealloc      711.9 MB  Cuda     live     4166.3 MB  "collide:nn_last_partner"
[kp]    123.48s  alloc        711.9 MB  Cuda     live     4878.3 MB  "collide:nn_last_partner"
[kp]    123.48s  dealloc      711.9 MB  Cuda     live     4166.3 MB  "collide:nn_last_partner"
[kp]    123.53s  alloc        711.9 MB  Cuda     live     4878.3 MB  "collide:nn_last_partner"
[kp]    123.53s  dealloc      711.9 MB  Cuda     live     4166.3 MB  "collide:nn_last_partner"
[kp]    123.58s  alloc        711.9 MB  Cuda     live     4878.3 MB  "collide:nn_last_partner"
[kp]    123.58s  dealloc      711.9 MB  Cuda     live     4166.3 MB  "collide:nn_last_partner"
[kp]    123.63s  alloc        711.9 MB  Cuda     live     4878.3 MB  "collide:nn_last_partner"
[kp]    123.63s  dealloc      711.9 MB  Cuda     live     4166.3 MB  "collide:nn_last_partner"
[kp]    123.68s  alloc        711.9 MB  Cuda     live     4878.3 MB  "collide:nn_last_partner"
[kp]    123.68s  dealloc      711.9 MB  Cuda     live     4166.3 MB  "collide:nn_last_partner"
[kp]    123.73s  alloc        711.9 MB  Cuda     live     4878.3 MB  "collide:nn_last_partner"
[kp]    123.73s  dealloc      711.9 MB  Cuda     live     4166.3 MB  "collide:nn_last_partner"
[kp]    123.78s  alloc        711.9 MB  Cuda     live     4878.3 MB  "collide:nn_last_partner"
[kp]    123.78s  dealloc      711.9 MB  Cuda     live     4166.3 MB  "collide:nn_last_partner"
[kp]    123.83s  alloc        711.9 MB  Cuda     live     4878.3 MB  "collide:nn_last_partner"
[kp]    123.84s  dealloc      711.9 MB  Cuda     live     4166.3 MB  "collide:nn_last_partner"
[kp]    123.89s  alloc        711.9 MB  Cuda     live     4878.3 MB  "collide:nn_last_partner"
[kp]    123.89s  dealloc      711.9 MB  Cuda     live     4166.3 MB  "collide:nn_last_partner"
[kp]    123.94s  alloc        711.9 MB  Cuda     live     4878.3 MB  "collide:nn_last_partner"
[kp]    123.94s  dealloc      711.9 MB  Cuda     live     4166.3 MB  "collide:nn_last_partner"
[kp]    123.99s  alloc        711.9 MB  Cuda     live     4878.3 MB  "collide:nn_last_partner"
[kp]    123.99s  dealloc      711.9 MB  Cuda     live     4166.3 MB  "collide:nn_last_partner"
[kp]    124.04s  alloc        711.9 MB  Cuda     live     4878.3 MB  "collide:nn_last_partner"
[kp]    124.04s  dealloc      711.9 MB  Cuda     live     4166.3 MB  "collide:nn_last_partner"
[kp]    124.09s  alloc        711.9 MB  Cuda     live     4878.3 MB  "collide:nn_last_partner"
[kp]    124.09s  dealloc      711.9 MB  Cuda     live     4166.3 MB  "collide:nn_last_partner"
[kp]    124.14s  alloc        711.9 MB  Cuda     live     4878.3 MB  "collide:nn_last_partner"
[kp]    124.14s  dealloc      711.9 MB  Cuda     live     4166.3 MB  "collide:nn_last_partner"
[kp]    124.19s  alloc        711.9 MB  Cuda     live     4878.3 MB  "collide:nn_last_partner"
[kp]    124.19s  dealloc      711.9 MB  Cuda     live     4166.3 MB  "collide:nn_last_partner"
[kp]    124.24s  alloc        711.9 MB  Cuda     live     4878.3 MB  "collide:nn_last_partner"
[kp]    124.24s  dealloc      711.9 MB  Cuda     live     4166.3 MB  "collide:nn_last_partner"
[kp]    124.29s  alloc        711.9 MB  Cuda     live     4878.3 MB  "collide:nn_last_partner"
[kp]    124.29s  dealloc      711.9 MB  Cuda     live     4166.3 MB  "collide:nn_last_partner"
[kp]    124.34s  alloc        711.9 MB  Cuda     live     4878.3 MB  "collide:nn_last_partner"
[kp]    124.34s  dealloc      711.9 MB  Cuda     live     4166.3 MB  "collide:nn_last_partner"
[kp]    124.39s  alloc        711.9 MB  Cuda     live     4878.3 MB  "collide:nn_last_partner"
[kp]    124.39s  dealloc      711.9 MB  Cuda     live     4166.3 MB  "collide:nn_last_partner"
[kp]    124.44s  alloc        711.9 MB  Cuda     live     4878.3 MB  "collide:nn_last_partner"
[kp]    124.45s  dealloc      711.9 MB  Cuda     live     4166.3 MB  "collide:nn_last_partner"
[kp]    124.50s  alloc        711.9 MB  Cuda     live     4878.3 MB  "collide:nn_last_partner"
[kp]    124.50s  dealloc      711.9 MB  Cuda     live     4166.3 MB  "collide:nn_last_partner"
[kp]    124.55s  alloc        711.9 MB  Cuda     live     4878.3 MB  "collide:nn_last_partner"
[kp]    124.55s  dealloc      711.9 MB  Cuda     live     4166.3 MB  "collide:nn_last_partner"
[kp]    124.60s  alloc        711.9 MB  Cuda     live     4878.3 MB  "collide:nn_last_partner"
[kp]    124.60s  dealloc      711.9 MB  Cuda     live     4166.3 MB  "collide:nn_last_partner"
[kp]    124.65s  alloc        711.9 MB  Cuda     live     4878.3 MB  "collide:nn_last_partner"
[kp]    124.65s  dealloc      711.9 MB  Cuda     live     4166.3 MB  "collide:nn_last_partner"
[kp]    124.70s  alloc        711.9 MB  Cuda     live     4878.3 MB  "collide:nn_last_partner"
[kp]    124.70s  dealloc      711.9 MB  Cuda     live     4166.3 MB  "collide:nn_last_partner"
[kp]    124.75s  alloc        711.9 MB  Cuda     live     4878.3 MB  "collide:nn_last_partner"
[kp]    124.75s  dealloc      711.9 MB  Cuda     live     4166.3 MB  "collide:nn_last_partner"
[kp]    124.80s  alloc        711.9 MB  Cuda     live     4878.3 MB  "collide:nn_last_partner"
[kp]    124.80s  dealloc      711.9 MB  Cuda     live     4166.3 MB  "collide:nn_last_partner"
[kp]    124.85s  alloc        711.9 MB  Cuda     live     4878.3 MB  "collide:nn_last_partner"
[kp]    124.85s  dealloc      711.9 MB  Cuda     live     4166.3 MB  "collide:nn_last_partner"
[kp]    124.90s  alloc        711.9 MB  Cuda     live     4878.3 MB  "collide:nn_last_partner"
[kp]    124.90s  dealloc      711.9 MB  Cuda     live     4166.3 MB  "collide:nn_last_partner"
[kp]    124.95s  alloc        711.9 MB  Cuda     live     4878.3 MB  "collide:nn_last_partner"
[kp]    124.95s  dealloc      711.9 MB  Cuda     live     4166.3 MB  "collide:nn_last_partner"
[kp]    125.00s  alloc        711.9 MB  Cuda     live     4878.3 MB  "collide:nn_last_partner"
[kp]    125.00s  dealloc      711.9 MB  Cuda     live     4166.3 MB  "collide:nn_last_partner"
[kp]    125.05s  alloc        711.9 MB  Cuda     live     4878.3 MB  "collide:nn_last_partner"
[kp]    125.06s  dealloc      711.9 MB  Cuda     live     4166.3 MB  "collide:nn_last_partner"
[kp]    125.11s  alloc        711.9 MB  Cuda     live     4878.3 MB  "collide:nn_last_partner"
[kp]    125.11s  dealloc      711.9 MB  Cuda     live     4166.3 MB  "collide:nn_last_partner"
[kp]    125.16s  alloc        711.9 MB  Cuda     live     4878.3 MB  "collide:nn_last_partner"
[kp]    125.16s  dealloc      711.9 MB  Cuda     live     4166.3 MB  "collide:nn_last_partner"
[kp]    125.21s  alloc        711.9 MB  Cuda     live     4878.3 MB  "collide:nn_last_partner"
[kp]    125.21s  dealloc      711.9 MB  Cuda     live     4166.3 MB  "collide:nn_last_partner"
[kp]    125.26s  alloc        711.9 MB  Cuda     live     4878.3 MB  "collide:nn_last_partner"
[kp]    125.26s  dealloc      711.9 MB  Cuda     live     4166.3 MB  "collide:nn_last_partner"
[kp]    125.31s  alloc        711.9 MB  Cuda     live     4878.3 MB  "collide:nn_last_partner"
[kp]    125.31s  dealloc      711.9 MB  Cuda     live     4166.3 MB  "collide:nn_last_partner"
[kp]    125.36s  alloc        711.9 MB  Cuda     live     4878.3 MB  "collide:nn_last_partner"
[kp]    125.36s  dealloc      711.9 MB  Cuda     live     4166.3 MB  "collide:nn_last_partner"
[kp]    125.41s  alloc        711.9 MB  Cuda     live     4878.3 MB  "collide:nn_last_partner"
[kp]    125.41s  dealloc      711.9 MB  Cuda     live     4166.3 MB  "collide:nn_last_partner"
[kp]    125.46s  alloc        711.9 MB  Cuda     live     4878.3 MB  "collide:nn_last_partner"
[kp]    125.46s  dealloc      711.9 MB  Cuda     live     4166.3 MB  "collide:nn_last_partner"
[kp]    125.51s  alloc        711.9 MB  Cuda     live     4878.3 MB  "collide:nn_last_partner"
[kp]    125.51s  dealloc      711.9 MB  Cuda     live     4166.3 MB  "collide:nn_last_partner"
[kp]    125.56s  alloc        711.9 MB  Cuda     live     4878.3 MB  "collide:nn_last_partner"
[kp]    125.56s  dealloc      711.9 MB  Cuda     live     4166.3 MB  "collide:nn_last_partner"
[kp]    125.61s  alloc        711.9 MB  Cuda     live     4878.3 MB  "collide:nn_last_partner"
[kp]    125.61s  dealloc      711.9 MB  Cuda     live     4166.3 MB  "collide:nn_last_partner"
[kp]    125.66s  alloc        711.9 MB  Cuda     live     4878.3 MB  "collide:nn_last_partner"
[kp]    125.66s  dealloc      711.9 MB  Cuda     live     4166.3 MB  "collide:nn_last_partner"
[kp]    125.72s  alloc        711.9 MB  Cuda     live     4878.3 MB  "collide:nn_last_partner"
[kp]    125.72s  dealloc      711.9 MB  Cuda     live     4166.3 MB  "collide:nn_last_partner"
[kp]    125.77s  alloc        711.9 MB  Cuda     live     4878.3 MB  "collide:nn_last_partner"
[kp]    125.77s  dealloc      711.9 MB  Cuda     live     4166.3 MB  "collide:nn_last_partner"
[kp]    125.82s  alloc        711.9 MB  Cuda     live     4878.3 MB  "collide:nn_last_partner"
[kp]    125.82s  dealloc      711.9 MB  Cuda     live     4166.3 MB  "collide:nn_last_partner"
[kp]    125.87s  alloc        711.9 MB  Cuda     live     4878.3 MB  "collide:nn_last_partner"
[kp]    125.87s  dealloc      711.9 MB  Cuda     live     4166.3 MB  "collide:nn_last_partner"
[kp]    125.92s  alloc        711.9 MB  Cuda     live     4878.3 MB  "collide:nn_last_partner"
[kp]    125.92s  dealloc      711.9 MB  Cuda     live     4166.3 MB  "collide:nn_last_partner"
[kp]    125.97s  alloc        711.9 MB  Cuda     live     4878.3 MB  "collide:nn_last_partner"
[kp]    125.97s  dealloc      711.9 MB  Cuda     live     4166.3 MB  "collide:nn_last_partner"
[kp]    126.02s  alloc        711.9 MB  Cuda     live     4878.3 MB  "collide:nn_last_partner"
[kp]    126.02s  dealloc      711.9 MB  Cuda     live     4166.3 MB  "collide:nn_last_partner"
[kp]    126.07s  alloc        711.9 MB  Cuda     live     4878.3 MB  "collide:nn_last_partner"
[kp]    126.07s  dealloc      711.9 MB  Cuda     live     4166.3 MB  "collide:nn_last_partner"
[kp]    126.12s  alloc        711.9 MB  Cuda     live     4878.3 MB  "collide:nn_last_partner"
[kp]    126.12s  dealloc      711.9 MB  Cuda     live     4166.3 MB  "collide:nn_last_partner"
[kp]    126.17s  alloc        711.9 MB  Cuda     live     4878.3 MB  "collide:nn_last_partner"
[kp]    126.17s  dealloc      711.9 MB  Cuda     live     4166.3 MB  "collide:nn_last_partner"
[kp]    126.22s  alloc        711.9 MB  Cuda     live     4878.3 MB  "collide:nn_last_partner"
[kp]    126.22s  dealloc      711.9 MB  Cuda     live     4166.3 MB  "collide:nn_last_partner"
[kp]    126.27s  alloc        711.9 MB  Cuda     live     4878.3 MB  "collide:nn_last_partner"
[kp]    126.27s  dealloc      711.9 MB  Cuda     live     4166.3 MB  "collide:nn_last_partner"
[kp]    126.32s  alloc        711.9 MB  Cuda     live     4878.3 MB  "collide:nn_last_partner"
[kp]    126.32s  dealloc      711.9 MB  Cuda     live     4166.3 MB  "collide:nn_last_partner"
[kp]    126.38s  alloc        711.9 MB  Cuda     live     4878.3 MB  "collide:nn_last_partner"
[kp]    126.38s  dealloc      711.9 MB  Cuda     live     4166.3 MB  "collide:nn_last_partner"
[kp]    126.43s  alloc        711.9 MB  Cuda     live     4878.3 MB  "collide:nn_last_partner"
[kp]    126.43s  dealloc      711.9 MB  Cuda     live     4166.3 MB  "collide:nn_last_partner"
[kp]    126.48s  alloc        711.9 MB  Cuda     live     4878.3 MB  "collide:nn_last_partner"
[kp]    126.48s  dealloc      711.9 MB  Cuda     live     4166.3 MB  "collide:nn_last_partner"
[kp]    126.53s  alloc        711.9 MB  Cuda     live     4878.3 MB  "collide:nn_last_partner"
[kp]    126.53s  dealloc      711.9 MB  Cuda     live     4166.3 MB  "collide:nn_last_partner"
[kp]    126.58s  alloc        711.9 MB  Cuda     live     4878.3 MB  "collide:nn_last_partner"
[kp]    126.58s  dealloc      711.9 MB  Cuda     live     4166.3 MB  "collide:nn_last_partner"
[kp]    126.63s  alloc        711.9 MB  Cuda     live     4878.3 MB  "collide:nn_last_partner"
[kp]    126.63s  dealloc      711.9 MB  Cuda     live     4166.3 MB  "collide:nn_last_partner"
[kp]    126.68s  alloc        711.9 MB  Cuda     live     4878.3 MB  "collide:nn_last_partner"
[kp]    126.68s  dealloc      711.9 MB  Cuda     live     4166.3 MB  "collide:nn_last_partner"
[kp]    126.73s  alloc        711.9 MB  Cuda     live     4878.3 MB  "collide:nn_last_partner"
[kp]    126.73s  dealloc      711.9 MB  Cuda     live     4166.3 MB  "collide:nn_last_partner"
[kp]    126.78s  alloc        711.9 MB  Cuda     live     4878.3 MB  "collide:nn_last_partner"
[kp]    126.78s  dealloc      711.9 MB  Cuda     live     4166.3 MB  "collide:nn_last_partner"
[kp]    126.83s  alloc        711.9 MB  Cuda     live     4878.3 MB  "collide:nn_last_partner"
[kp]    126.83s  dealloc      711.9 MB  Cuda     live     4166.3 MB  "collide:nn_last_partner"
[kp]    126.88s  alloc        711.9 MB  Cuda     live     4878.3 MB  "collide:nn_last_partner"
[kp]    126.88s  dealloc      711.9 MB  Cuda     live     4166.3 MB  "collide:nn_last_partner"
    2000    114.25508 5.7778864e-08    19.259622        3e-09 27914035   101919    53600        0        0    295.68219 
[kp]    127.04s  alloc        711.9 MB  Cuda     live     4878.3 MB  "collide:nn_last_partner"
[kp]    127.04s  dealloc      711.9 MB  Cuda     live     4166.3 MB  "collide:nn_last_partner"
[kp]    127.09s  alloc        711.9 MB  Cuda     live     4878.3 MB  "collide:nn_last_partner"
[kp]    127.10s  dealloc      711.9 MB  Cuda     live     4166.3 MB  "collide:nn_last_partner"
[kp]    127.15s  alloc        711.9 MB  Cuda     live     4878.3 MB  "collide:nn_last_partner"
[kp]    127.15s  dealloc      711.9 MB  Cuda     live     4166.3 MB  "collide:nn_last_partner"
[kp]    127.20s  alloc        711.9 MB  Cuda     live     4878.3 MB  "collide:nn_last_partner"
[kp]    127.20s  dealloc      711.9 MB  Cuda     live     4166.3 MB  "collide:nn_last_partner"
[kp]    127.25s  alloc        711.9 MB  Cuda     live     4878.3 MB  "collide:nn_last_partner"
[kp]    127.25s  dealloc      711.9 MB  Cuda     live     4166.3 MB  "collide:nn_last_partner"
[kp]    127.30s  alloc        711.9 MB  Cuda     live     4878.3 MB  "collide:nn_last_partner"
[kp]    127.30s  dealloc      711.9 MB  Cuda     live     4166.3 MB  "collide:nn_last_partner"
[kp]    127.35s  alloc        711.9 MB  Cuda     live     4878.3 MB  "collide:nn_last_partner"
[kp]    127.35s  dealloc      711.9 MB  Cuda     live     4166.3 MB  "collide:nn_last_partner"
[kp]    127.40s  alloc        711.9 MB  Cuda     live     4878.3 MB  "collide:nn_last_partner"
[kp]    127.40s  dealloc      711.9 MB  Cuda     live     4166.3 MB  "collide:nn_last_partner"
[kp]    127.45s  alloc        711.9 MB  Cuda     live     4878.3 MB  "collide:nn_last_partner"
[kp]    127.45s  dealloc      711.9 MB  Cuda     live     4166.3 MB  "collide:nn_last_partner"
[kp]    127.50s  alloc        711.9 MB  Cuda     live     4878.3 MB  "collide:nn_last_partner"
[kp]    127.50s  dealloc      711.9 MB  Cuda     live     4166.3 MB  "collide:nn_last_partner"
[kp]    127.55s  alloc        711.9 MB  Cuda     live     4878.3 MB  "collide:nn_last_partner"
[kp]    127.55s  dealloc      711.9 MB  Cuda     live     4166.3 MB  "collide:nn_last_partner"
[kp]    127.60s  alloc        711.9 MB  Cuda     live     4878.3 MB  "collide:nn_last_partner"
[kp]    127.60s  dealloc      711.9 MB  Cuda     live     4166.3 MB  "collide:nn_last_partner"
[kp]    127.65s  alloc        711.9 MB  Cuda     live     4878.3 MB  "collide:nn_last_partner"
[kp]    127.65s  dealloc      711.9 MB  Cuda     live     4166.3 MB  "collide:nn_last_partner"
[kp]    127.70s  alloc        711.9 MB  Cuda     live     4878.3 MB  "collide:nn_last_partner"
[kp]    127.70s  dealloc      711.9 MB  Cuda     live     4166.3 MB  "collide:nn_last_partner"
[kp]    127.75s  alloc        711.9 MB  Cuda     live     4878.3 MB  "collide:nn_last_partner"
[kp]    127.76s  dealloc      711.9 MB  Cuda     live     4166.3 MB  "collide:nn_last_partner"
[kp]    127.81s  alloc        711.9 MB  Cuda     live     4878.3 MB  "collide:nn_last_partner"
[kp]    127.81s  dealloc      711.9 MB  Cuda     live     4166.3 MB  "collide:nn_last_partner"
[kp]    127.86s  alloc        711.9 MB  Cuda     live     4878.3 MB  "collide:nn_last_partner"
[kp]    127.86s  dealloc      711.9 MB  Cuda     live     4166.3 MB  "collide:nn_last_partner"
[kp]    127.91s  alloc        711.9 MB  Cuda     live     4878.3 MB  "collide:nn_last_partner"
[kp]    127.91s  dealloc      711.9 MB  Cuda     live     4166.3 MB  "collide:nn_last_partner"
[kp]    127.96s  alloc        711.9 MB  Cuda     live     4878.3 MB  "collide:nn_last_partner"
[kp]    127.96s  dealloc      711.9 MB  Cuda     live     4166.3 MB  "collide:nn_last_partner"
[kp]    128.01s  alloc        711.9 MB  Cuda     live     4878.3 MB  "collide:nn_last_partner"
[kp]    128.01s  dealloc      711.9 MB  Cuda     live     4166.3 MB  "collide:nn_last_partner"
[kp]    128.06s  alloc        711.9 MB  Cuda     live     4878.3 MB  "collide:nn_last_partner"
[kp]    128.06s  dealloc      711.9 MB  Cuda     live     4166.3 MB  "collide:nn_last_partner"
[kp]    128.11s  alloc        711.9 MB  Cuda     live     4878.3 MB  "collide:nn_last_partner"
[kp]    128.11s  dealloc      711.9 MB  Cuda     live     4166.3 MB  "collide:nn_last_partner"
[kp]    128.16s  alloc        711.9 MB  Cuda     live     4878.3 MB  "collide:nn_last_partner"
[kp]    128.16s  dealloc      711.9 MB  Cuda     live     4166.3 MB  "collide:nn_last_partner"
[kp]    128.21s  alloc        711.9 MB  Cuda     live     4878.3 MB  "collide:nn_last_partner"
[kp]    128.21s  dealloc      711.9 MB  Cuda     live     4166.3 MB  "collide:nn_last_partner"
[kp]    128.26s  alloc        711.9 MB  Cuda     live     4878.3 MB  "collide:nn_last_partner"
[kp]    128.26s  dealloc      711.9 MB  Cuda     live     4166.3 MB  "collide:nn_last_partner"
[kp]    128.31s  alloc        711.9 MB  Cuda     live     4878.3 MB  "collide:nn_last_partner"
[kp]    128.31s  dealloc      711.9 MB  Cuda     live     4166.3 MB  "collide:nn_last_partner"
[kp]    128.36s  alloc        711.9 MB  Cuda     live     4878.3 MB  "collide:nn_last_partner"
[kp]    128.36s  dealloc      711.9 MB  Cuda     live     4166.3 MB  "collide:nn_last_partner"
[kp]    128.41s  alloc        711.9 MB  Cuda     live     4878.3 MB  "collide:nn_last_partner"
[kp]    128.41s  dealloc      711.9 MB  Cuda     live     4166.3 MB  "collide:nn_last_partner"
[kp]    128.47s  alloc        711.9 MB  Cuda     live     4878.3 MB  "collide:nn_last_partner"
[kp]    128.47s  dealloc      711.9 MB  Cuda     live     4166.3 MB  "collide:nn_last_partner"
[kp]    128.52s  alloc        711.9 MB  Cuda     live     4878.3 MB  "collide:nn_last_partner"
[kp]    128.52s  dealloc      711.9 MB  Cuda     live     4166.3 MB  "collide:nn_last_partner"
[kp]    128.57s  alloc        711.9 MB  Cuda     live     4878.3 MB  "collide:nn_last_partner"
[kp]    128.57s  dealloc      711.9 MB  Cuda     live     4166.3 MB  "collide:nn_last_partner"
[kp]    128.62s  alloc        711.9 MB  Cuda     live     4878.3 MB  "collide:nn_last_partner"
[kp]    128.62s  dealloc      711.9 MB  Cuda     live     4166.3 MB  "collide:nn_last_partner"
[kp]    128.67s  alloc        711.9 MB  Cuda     live     4878.3 MB  "collide:nn_last_partner"
[kp]    128.67s  dealloc      711.9 MB  Cuda     live     4166.3 MB  "collide:nn_last_partner"
[kp]    128.72s  alloc        711.9 MB  Cuda     live     4878.3 MB  "collide:nn_last_partner"
[kp]    128.72s  dealloc      711.9 MB  Cuda     live     4166.3 MB  "collide:nn_last_partner"
[kp]    128.77s  alloc        711.9 MB  Cuda     live     4878.3 MB  "collide:nn_last_partner"
[kp]    128.77s  dealloc      711.9 MB  Cuda     live     4166.3 MB  "collide:nn_last_partner"
[kp]    128.82s  alloc        711.9 MB  Cuda     live     4878.3 MB  "collide:nn_last_partner"
[kp]    128.82s  dealloc      711.9 MB  Cuda     live     4166.3 MB  "collide:nn_last_partner"
[kp]    128.87s  alloc        711.9 MB  Cuda     live     4878.3 MB  "collide:nn_last_partner"
[kp]    128.87s  dealloc      711.9 MB  Cuda     live     4166.3 MB  "collide:nn_last_partner"
[kp]    128.92s  alloc        711.9 MB  Cuda     live     4878.3 MB  "collide:nn_last_partner"
[kp]    128.92s  dealloc      711.9 MB  Cuda     live     4166.3 MB  "collide:nn_last_partner"
[kp]    128.97s  alloc        711.9 MB  Cuda     live     4878.3 MB  "collide:nn_last_partner"
[kp]    128.97s  dealloc      711.9 MB  Cuda     live     4166.3 MB  "collide:nn_last_partner"
[kp]    129.02s  alloc        711.9 MB  Cuda     live     4878.3 MB  "collide:nn_last_partner"
[kp]    129.02s  dealloc      711.9 MB  Cuda     live     4166.3 MB  "collide:nn_last_partner"
[kp]    129.07s  alloc        711.9 MB  Cuda     live     4878.3 MB  "collide:nn_last_partner"
[kp]    129.07s  dealloc      711.9 MB  Cuda     live     4166.3 MB  "collide:nn_last_partner"
[kp]    129.12s  alloc        711.9 MB  Cuda     live     4878.3 MB  "collide:nn_last_partner"
[kp]    129.13s  dealloc      711.9 MB  Cuda     live     4166.3 MB  "collide:nn_last_partner"
[kp]    129.18s  alloc        711.9 MB  Cuda     live     4878.3 MB  "collide:nn_last_partner"
[kp]    129.18s  dealloc      711.9 MB  Cuda     live     4166.3 MB  "collide:nn_last_partner"
[kp]    129.23s  alloc        711.9 MB  Cuda     live     4878.3 MB  "collide:nn_last_partner"
[kp]    129.23s  dealloc      711.9 MB  Cuda     live     4166.3 MB  "collide:nn_last_partner"
[kp]    129.28s  alloc        711.9 MB  Cuda     live     4878.3 MB  "collide:nn_last_partner"
[kp]    129.28s  dealloc      711.9 MB  Cuda     live     4166.3 MB  "collide:nn_last_partner"
[kp]    129.33s  alloc        711.9 MB  Cuda     live     4878.3 MB  "collide:nn_last_partner"
[kp]    129.33s  dealloc      711.9 MB  Cuda     live     4166.3 MB  "collide:nn_last_partner"
[kp]    129.38s  alloc        711.9 MB  Cuda     live     4878.3 MB  "collide:nn_last_partner"
[kp]    129.38s  dealloc      711.9 MB  Cuda     live     4166.3 MB  "collide:nn_last_partner"
[kp]    129.43s  alloc        711.9 MB  Cuda     live     4878.3 MB  "collide:nn_last_partner"
[kp]    129.43s  dealloc      711.9 MB  Cuda     live     4166.3 MB  "collide:nn_last_partner"
[kp]    129.48s  alloc        711.9 MB  Cuda     live     4878.3 MB  "collide:nn_last_partner"
[kp]    129.48s  dealloc      711.9 MB  Cuda     live     4166.3 MB  "collide:nn_last_partner"
[kp]    129.53s  alloc        711.9 MB  Cuda     live     4878.3 MB  "collide:nn_last_partner"
[kp]    129.53s  dealloc      711.9 MB  Cuda     live     4166.3 MB  "collide:nn_last_partner"
[kp]    129.58s  alloc        711.9 MB  Cuda     live     4878.3 MB  "collide:nn_last_partner"
[kp]    129.58s  dealloc      711.9 MB  Cuda     live     4166.3 MB  "collide:nn_last_partner"
[kp]    129.63s  alloc        711.9 MB  Cuda     live     4878.3 MB  "collide:nn_last_partner"
[kp]    129.63s  dealloc      711.9 MB  Cuda     live     4166.3 MB  "collide:nn_last_partner"
[kp]    129.68s  alloc        711.9 MB  Cuda     live     4878.3 MB  "collide:nn_last_partner"
[kp]    129.68s  dealloc      711.9 MB  Cuda     live     4166.3 MB  "collide:nn_last_partner"
[kp]    129.73s  alloc        711.9 MB  Cuda     live     4878.3 MB  "collide:nn_last_partner"
[kp]    129.73s  dealloc      711.9 MB  Cuda     live     4166.3 MB  "collide:nn_last_partner"
[kp]    129.78s  alloc        711.9 MB  Cuda     live     4878.3 MB  "collide:nn_last_partner"
[kp]    129.78s  dealloc      711.9 MB  Cuda     live     4166.3 MB  "collide:nn_last_partner"
[kp]    129.83s  alloc        711.9 MB  Cuda     live     4878.3 MB  "collide:nn_last_partner"
[kp]    129.84s  dealloc      711.9 MB  Cuda     live     4166.3 MB  "collide:nn_last_partner"
[kp]    129.89s  alloc        711.9 MB  Cuda     live     4878.3 MB  "collide:nn_last_partner"
[kp]    129.89s  dealloc      711.9 MB  Cuda     live     4166.3 MB  "collide:nn_last_partner"
[kp]    129.94s  alloc        711.9 MB  Cuda     live     4878.3 MB  "collide:nn_last_partner"
[kp]    129.94s  dealloc      711.9 MB  Cuda     live     4166.3 MB  "collide:nn_last_partner"
[kp]    129.99s  alloc        711.9 MB  Cuda     live     4878.3 MB  "collide:nn_last_partner"
[kp]    129.99s  dealloc      711.9 MB  Cuda     live     4166.3 MB  "collide:nn_last_partner"
[kp]    130.04s  alloc        711.9 MB  Cuda     live     4878.3 MB  "collide:nn_last_partner"
[kp]    130.04s  dealloc      711.9 MB  Cuda     live     4166.3 MB  "collide:nn_last_partner"
[kp]    130.09s  alloc        711.9 MB  Cuda     live     4878.3 MB  "collide:nn_last_partner"
[kp]    130.09s  dealloc      711.9 MB  Cuda     live     4166.3 MB  "collide:nn_last_partner"
[kp]    130.14s  alloc        711.9 MB  Cuda     live     4878.3 MB  "collide:nn_last_partner"
[kp]    130.14s  dealloc      711.9 MB  Cuda     live     4166.3 MB  "collide:nn_last_partner"
[kp]    130.19s  alloc        711.9 MB  Cuda     live     4878.3 MB  "collide:nn_last_partner"
[kp]    130.19s  dealloc      711.9 MB  Cuda     live     4166.3 MB  "collide:nn_last_partner"
[kp]    130.24s  alloc        711.9 MB  Cuda     live     4878.3 MB  "collide:nn_last_partner"
[kp]    130.24s  dealloc      711.9 MB  Cuda     live     4166.3 MB  "collide:nn_last_partner"
[kp]    130.29s  alloc        711.9 MB  Cuda     live     4878.3 MB  "collide:nn_last_partner"
[kp]    130.29s  dealloc      711.9 MB  Cuda     live     4166.3 MB  "collide:nn_last_partner"
[kp]    130.34s  alloc        711.9 MB  Cuda     live     4878.3 MB  "collide:nn_last_partner"
[kp]    130.34s  dealloc      711.9 MB  Cuda     live     4166.3 MB  "collide:nn_last_partner"
[kp]    130.39s  alloc        711.9 MB  Cuda     live     4878.3 MB  "collide:nn_last_partner"
[kp]    130.39s  dealloc      711.9 MB  Cuda     live     4166.3 MB  "collide:nn_last_partner"
[kp]    130.44s  alloc        711.9 MB  Cuda     live     4878.3 MB  "collide:nn_last_partner"
[kp]    130.44s  dealloc      711.9 MB  Cuda     live     4166.3 MB  "collide:nn_last_partner"
[kp]    130.49s  alloc        711.9 MB  Cuda     live     4878.3 MB  "collide:nn_last_partner"
[kp]    130.49s  dealloc      711.9 MB  Cuda     live     4166.3 MB  "collide:nn_last_partner"
[kp]    130.54s  alloc        711.9 MB  Cuda     live     4878.3 MB  "collide:nn_last_partner"
[kp]    130.55s  dealloc      711.9 MB  Cuda     live     4166.3 MB  "collide:nn_last_partner"
[kp]    130.60s  alloc        711.9 MB  Cuda     live     4878.3 MB  "collide:nn_last_partner"
[kp]    130.60s  dealloc      711.9 MB  Cuda     live     4166.3 MB  "collide:nn_last_partner"
[kp]    130.65s  alloc        711.9 MB  Cuda     live     4878.3 MB  "collide:nn_last_partner"
[kp]    130.65s  dealloc      711.9 MB  Cuda     live     4166.3 MB  "collide:nn_last_partner"
[kp]    130.70s  alloc        711.9 MB  Cuda     live     4878.3 MB  "collide:nn_last_partner"
[kp]    130.70s  dealloc      711.9 MB  Cuda     live     4166.3 MB  "collide:nn_last_partner"
[kp]    130.75s  alloc        711.9 MB  Cuda     live     4878.3 MB  "collide:nn_last_partner"
[kp]    130.75s  dealloc      711.9 MB  Cuda     live     4166.3 MB  "collide:nn_last_partner"
[kp]    130.80s  alloc        711.9 MB  Cuda     live     4878.3 MB  "collide:nn_last_partner"
[kp]    130.80s  dealloc      711.9 MB  Cuda     live     4166.3 MB  "collide:nn_last_partner"
[kp]    130.85s  alloc        711.9 MB  Cuda     live     4878.3 MB  "collide:nn_last_partner"
[kp]    130.85s  dealloc      711.9 MB  Cuda     live     4166.3 MB  "collide:nn_last_partner"
[kp]    130.90s  alloc        711.9 MB  Cuda     live     4878.3 MB  "collide:nn_last_partner"
[kp]    130.90s  dealloc      711.9 MB  Cuda     live     4166.3 MB  "collide:nn_last_partner"
[kp]    130.95s  alloc        711.9 MB  Cuda     live     4878.3 MB  "collide:nn_last_partner"
[kp]    130.95s  dealloc      711.9 MB  Cuda     live     4166.3 MB  "collide:nn_last_partner"
[kp]    131.00s  alloc        711.9 MB  Cuda     live     4878.3 MB  "collide:nn_last_partner"
[kp]    131.00s  dealloc      711.9 MB  Cuda     live     4166.3 MB  "collide:nn_last_partner"
[kp]    131.05s  alloc        711.9 MB  Cuda     live     4878.3 MB  "collide:nn_last_partner"
[kp]    131.05s  dealloc      711.9 MB  Cuda     live     4166.3 MB  "collide:nn_last_partner"
[kp]    131.10s  alloc        711.9 MB  Cuda     live     4878.3 MB  "collide:nn_last_partner"
[kp]    131.10s  dealloc      711.9 MB  Cuda     live     4166.3 MB  "collide:nn_last_partner"
[kp]    131.15s  alloc        711.9 MB  Cuda     live     4878.3 MB  "collide:nn_last_partner"
[kp]    131.15s  dealloc      711.9 MB  Cuda     live     4166.3 MB  "collide:nn_last_partner"
[kp]    131.20s  alloc        711.9 MB  Cuda     live     4878.3 MB  "collide:nn_last_partner"
[kp]    131.20s  dealloc      711.9 MB  Cuda     live     4166.3 MB  "collide:nn_last_partner"
[kp]    131.25s  alloc        711.9 MB  Cuda     live     4878.3 MB  "collide:nn_last_partner"
[kp]    131.25s  dealloc      711.9 MB  Cuda     live     4166.3 MB  "collide:nn_last_partner"
[kp]    131.30s  alloc        711.9 MB  Cuda     live     4878.3 MB  "collide:nn_last_partner"
[kp]    131.31s  dealloc      711.9 MB  Cuda     live     4166.3 MB  "collide:nn_last_partner"
[kp]    131.36s  alloc        711.9 MB  Cuda     live     4878.3 MB  "collide:nn_last_partner"
[kp]    131.36s  dealloc      711.9 MB  Cuda     live     4166.3 MB  "collide:nn_last_partner"
[kp]    131.41s  alloc        711.9 MB  Cuda     live     4878.3 MB  "collide:nn_last_partner"
[kp]    131.41s  dealloc      711.9 MB  Cuda     live     4166.3 MB  "collide:nn_last_partner"
[kp]    131.46s  alloc        711.9 MB  Cuda     live     4878.3 MB  "collide:nn_last_partner"
[kp]    131.46s  dealloc      711.9 MB  Cuda     live     4166.3 MB  "collide:nn_last_partner"
[kp]    131.51s  alloc        711.9 MB  Cuda     live     4878.3 MB  "collide:nn_last_partner"
[kp]    131.51s  dealloc      711.9 MB  Cuda     live     4166.3 MB  "collide:nn_last_partner"
[kp]    131.56s  alloc        711.9 MB  Cuda     live     4878.3 MB  "collide:nn_last_partner"
[kp]    131.56s  dealloc      711.9 MB  Cuda     live     4166.3 MB  "collide:nn_last_partner"
[kp]    131.61s  alloc        711.9 MB  Cuda     live     4878.3 MB  "collide:nn_last_partner"
[kp]    131.61s  dealloc      711.9 MB  Cuda     live     4166.3 MB  "collide:nn_last_partner"
[kp]    131.66s  alloc        711.9 MB  Cuda     live     4878.3 MB  "collide:nn_last_partner"
[kp]    131.66s  dealloc      711.9 MB  Cuda     live     4166.3 MB  "collide:nn_last_partner"
[kp]    131.71s  alloc        711.9 MB  Cuda     live     4878.3 MB  "collide:nn_last_partner"
[kp]    131.71s  dealloc      711.9 MB  Cuda     live     4166.3 MB  "collide:nn_last_partner"
[kp]    131.76s  alloc        711.9 MB  Cuda     live     4878.3 MB  "collide:nn_last_partner"
[kp]    131.76s  dealloc      711.9 MB  Cuda     live     4166.3 MB  "collide:nn_last_partner"
[kp]    131.81s  alloc        711.9 MB  Cuda     live     4878.3 MB  "collide:nn_last_partner"
[kp]    131.81s  dealloc      711.9 MB  Cuda     live     4166.3 MB  "collide:nn_last_partner"
[kp]    131.86s  alloc        711.9 MB  Cuda     live     4878.3 MB  "collide:nn_last_partner"
[kp]    131.86s  dealloc      711.9 MB  Cuda     live     4166.3 MB  "collide:nn_last_partner"
[kp]    131.91s  alloc        711.9 MB  Cuda     live     4878.3 MB  "collide:nn_last_partner"
[kp]    131.91s  dealloc      711.9 MB  Cuda     live     4166.3 MB  "collide:nn_last_partner"
[kp]    131.96s  alloc        711.9 MB  Cuda     live     4878.3 MB  "collide:nn_last_partner"
[kp]    131.96s  dealloc      711.9 MB  Cuda     live     4166.3 MB  "collide:nn_last_partner"
[kp]    132.01s  alloc        711.9 MB  Cuda     live     4878.3 MB  "collide:nn_last_partner"
[kp]    132.02s  dealloc      711.9 MB  Cuda     live     4166.3 MB  "collide:nn_last_partner"
[kp]    132.07s  alloc        711.9 MB  Cuda     live     4878.3 MB  "collide:nn_last_partner"
[kp]    132.07s  dealloc      711.9 MB  Cuda     live     4166.3 MB  "collide:nn_last_partner"
    2100    119.43753 5.7887741e-08    19.295914        3e-09 27858112   102238    53810        0        0    295.90423 
[kp]    132.23s  alloc        711.9 MB  Cuda     live     4878.3 MB  "collide:nn_last_partner"
[kp]    132.23s  dealloc      711.9 MB  Cuda     live     4166.3 MB  "collide:nn_last_partner"
[kp]    132.28s  alloc        711.9 MB  Cuda     live     4878.3 MB  "collide:nn_last_partner"
[kp]    132.28s  dealloc      711.9 MB  Cuda     live     4166.3 MB  "collide:nn_last_partner"
[kp]    132.33s  alloc        711.9 MB  Cuda     live     4878.3 MB  "collide:nn_last_partner"
[kp]    132.33s  dealloc      711.9 MB  Cuda     live     4166.3 MB  "collide:nn_last_partner"
[kp]    132.38s  alloc        711.9 MB  Cuda     live     4878.3 MB  "collide:nn_last_partner"
[kp]    132.38s  dealloc      711.9 MB  Cuda     live     4166.3 MB  "collide:nn_last_partner"
[kp]    132.43s  alloc        711.9 MB  Cuda     live     4878.3 MB  "collide:nn_last_partner"
[kp]    132.43s  dealloc      711.9 MB  Cuda     live     4166.3 MB  "collide:nn_last_partner"
[kp]    132.48s  alloc        711.9 MB  Cuda     live     4878.3 MB  "collide:nn_last_partner"
[kp]    132.48s  dealloc      711.9 MB  Cuda     live     4166.3 MB  "collide:nn_last_partner"
[kp]    132.53s  alloc        711.9 MB  Cuda     live     4878.3 MB  "collide:nn_last_partner"
[kp]    132.53s  dealloc      711.9 MB  Cuda     live     4166.3 MB  "collide:nn_last_partner"
[kp]    132.58s  alloc        711.9 MB  Cuda     live     4878.3 MB  "collide:nn_last_partner"
[kp]    132.58s  dealloc      711.9 MB  Cuda     live     4166.3 MB  "collide:nn_last_partner"
[kp]    132.63s  alloc        711.9 MB  Cuda     live     4878.3 MB  "collide:nn_last_partner"
[kp]    132.63s  dealloc      711.9 MB  Cuda     live     4166.3 MB  "collide:nn_last_partner"
[kp]    132.68s  alloc        711.9 MB  Cuda     live     4878.3 MB  "collide:nn_last_partner"
[kp]    132.68s  dealloc      711.9 MB  Cuda     live     4166.3 MB  "collide:nn_last_partner"
[kp]    132.73s  alloc        711.9 MB  Cuda     live     4878.3 MB  "collide:nn_last_partner"
[kp]    132.73s  dealloc      711.9 MB  Cuda     live     4166.3 MB  "collide:nn_last_partner"
[kp]    132.78s  alloc        711.9 MB  Cuda     live     4878.3 MB  "collide:nn_last_partner"
[kp]    132.78s  dealloc      711.9 MB  Cuda     live     4166.3 MB  "collide:nn_last_partner"
[kp]    132.83s  alloc        711.9 MB  Cuda     live     4878.3 MB  "collide:nn_last_partner"
[kp]    132.84s  dealloc      711.9 MB  Cuda     live     4166.3 MB  "collide:nn_last_partner"
[kp]    132.89s  alloc        711.9 MB  Cuda     live     4878.3 MB  "collide:nn_last_partner"
[kp]    132.89s  dealloc      711.9 MB  Cuda     live     4166.3 MB  "collide:nn_last_partner"
[kp]    132.94s  alloc        711.9 MB  Cuda     live     4878.3 MB  "collide:nn_last_partner"
[kp]    132.94s  dealloc      711.9 MB  Cuda     live     4166.3 MB  "collide:nn_last_partner"
[kp]    132.99s  alloc        711.9 MB  Cuda     live     4878.3 MB  "collide:nn_last_partner"
[kp]    132.99s  dealloc      711.9 MB  Cuda     live     4166.3 MB  "collide:nn_last_partner"
[kp]    133.04s  alloc        711.9 MB  Cuda     live     4878.3 MB  "collide:nn_last_partner"
[kp]    133.04s  dealloc      711.9 MB  Cuda     live     4166.3 MB  "collide:nn_last_partner"
[kp]    133.09s  alloc        711.9 MB  Cuda     live     4878.3 MB  "collide:nn_last_partner"
[kp]    133.09s  dealloc      711.9 MB  Cuda     live     4166.3 MB  "collide:nn_last_partner"
[kp]    133.14s  alloc        711.9 MB  Cuda     live     4878.3 MB  "collide:nn_last_partner"
[kp]    133.14s  dealloc      711.9 MB  Cuda     live     4166.3 MB  "collide:nn_last_partner"
[kp]    133.19s  alloc        711.9 MB  Cuda     live     4878.3 MB  "collide:nn_last_partner"
[kp]    133.19s  dealloc      711.9 MB  Cuda     live     4166.3 MB  "collide:nn_last_partner"
[kp]    133.24s  alloc        711.9 MB  Cuda     live     4878.3 MB  "collide:nn_last_partner"
[kp]    133.24s  dealloc      711.9 MB  Cuda     live     4166.3 MB  "collide:nn_last_partner"
[kp]    133.29s  alloc        711.9 MB  Cuda     live     4878.3 MB  "collide:nn_last_partner"
[kp]    133.29s  dealloc      711.9 MB  Cuda     live     4166.3 MB  "collide:nn_last_partner"
[kp]    133.34s  alloc        711.9 MB  Cuda     live     4878.3 MB  "collide:nn_last_partner"
[kp]    133.34s  dealloc      711.9 MB  Cuda     live     4166.3 MB  "collide:nn_last_partner"
[kp]    133.39s  alloc        711.9 MB  Cuda     live     4878.3 MB  "collide:nn_last_partner"
[kp]    133.39s  dealloc      711.9 MB  Cuda     live     4166.3 MB  "collide:nn_last_partner"
[kp]    133.44s  alloc        711.9 MB  Cuda     live     4878.3 MB  "collide:nn_last_partner"
[kp]    133.44s  dealloc      711.9 MB  Cuda     live     4166.3 MB  "collide:nn_last_partner"
[kp]    133.49s  alloc        711.9 MB  Cuda     live     4878.3 MB  "collide:nn_last_partner"
[kp]    133.49s  dealloc      711.9 MB  Cuda     live     4166.3 MB  "collide:nn_last_partner"
[kp]    133.54s  alloc        711.9 MB  Cuda     live     4878.3 MB  "collide:nn_last_partner"
[kp]    133.54s  dealloc      711.9 MB  Cuda     live     4166.3 MB  "collide:nn_last_partner"
[kp]    133.59s  alloc        711.9 MB  Cuda     live     4878.3 MB  "collide:nn_last_partner"
[kp]    133.60s  dealloc      711.9 MB  Cuda     live     4166.3 MB  "collide:nn_last_partner"
[kp]    133.65s  alloc        711.9 MB  Cuda     live     4878.3 MB  "collide:nn_last_partner"
[kp]    133.65s  dealloc      711.9 MB  Cuda     live     4166.3 MB  "collide:nn_last_partner"
[kp]    133.70s  alloc        711.9 MB  Cuda     live     4878.3 MB  "collide:nn_last_partner"
[kp]    133.70s  dealloc      711.9 MB  Cuda     live     4166.3 MB  "collide:nn_last_partner"
[kp]    133.75s  alloc        711.9 MB  Cuda     live     4878.3 MB  "collide:nn_last_partner"
[kp]    133.75s  dealloc      711.9 MB  Cuda     live     4166.3 MB  "collide:nn_last_partner"
[kp]    133.80s  alloc        711.9 MB  Cuda     live     4878.3 MB  "collide:nn_last_partner"
[kp]    133.80s  dealloc      711.9 MB  Cuda     live     4166.3 MB  "collide:nn_last_partner"
[kp]    133.85s  alloc        711.9 MB  Cuda     live     4878.3 MB  "collide:nn_last_partner"
[kp]    133.85s  dealloc      711.9 MB  Cuda     live     4166.3 MB  "collide:nn_last_partner"
[kp]    133.90s  alloc        711.9 MB  Cuda     live     4878.3 MB  "collide:nn_last_partner"
[kp]    133.90s  dealloc      711.9 MB  Cuda     live     4166.3 MB  "collide:nn_last_partner"
[kp]    133.95s  alloc        711.9 MB  Cuda     live     4878.3 MB  "collide:nn_last_partner"
[kp]    133.95s  dealloc      711.9 MB  Cuda     live     4166.3 MB  "collide:nn_last_partner"
[kp]    134.00s  alloc        711.9 MB  Cuda     live     4878.3 MB  "collide:nn_last_partner"
[kp]    134.00s  dealloc      711.9 MB  Cuda     live     4166.3 MB  "collide:nn_last_partner"
[kp]    134.05s  alloc        711.9 MB  Cuda     live     4878.3 MB  "collide:nn_last_partner"
[kp]    134.05s  dealloc      711.9 MB  Cuda     live     4166.3 MB  "collide:nn_last_partner"
[kp]    134.10s  alloc        711.9 MB  Cuda     live     4878.3 MB  "collide:nn_last_partner"
[kp]    134.10s  dealloc      711.9 MB  Cuda     live     4166.3 MB  "collide:nn_last_partner"
[kp]    134.15s  alloc        711.9 MB  Cuda     live     4878.3 MB  "collide:nn_last_partner"
[kp]    134.15s  dealloc      711.9 MB  Cuda     live     4166.3 MB  "collide:nn_last_partner"
[kp]    134.20s  alloc        711.9 MB  Cuda     live     4878.3 MB  "collide:nn_last_partner"
[kp]    134.20s  dealloc      711.9 MB  Cuda     live     4166.3 MB  "collide:nn_last_partner"
[kp]    134.25s  alloc        711.9 MB  Cuda     live     4878.3 MB  "collide:nn_last_partner"
[kp]    134.25s  dealloc      711.9 MB  Cuda     live     4166.3 MB  "collide:nn_last_partner"
[kp]    134.30s  alloc        711.9 MB  Cuda     live     4878.3 MB  "collide:nn_last_partner"
[kp]    134.30s  dealloc      711.9 MB  Cuda     live     4166.3 MB  "collide:nn_last_partner"
[kp]    134.35s  alloc        711.9 MB  Cuda     live     4878.3 MB  "collide:nn_last_partner"
[kp]    134.35s  dealloc      711.9 MB  Cuda     live     4166.3 MB  "collide:nn_last_partner"
[kp]    134.40s  alloc        711.9 MB  Cuda     live     4878.3 MB  "collide:nn_last_partner"
[kp]    134.41s  dealloc      711.9 MB  Cuda     live     4166.3 MB  "collide:nn_last_partner"
[kp]    134.46s  alloc        711.9 MB  Cuda     live     4878.3 MB  "collide:nn_last_partner"
[kp]    134.46s  dealloc      711.9 MB  Cuda     live     4166.3 MB  "collide:nn_last_partner"
[kp]    134.51s  alloc        711.9 MB  Cuda     live     4878.3 MB  "collide:nn_last_partner"
[kp]    134.51s  dealloc      711.9 MB  Cuda     live     4166.3 MB  "collide:nn_last_partner"
[kp]    134.56s  alloc        711.9 MB  Cuda     live     4878.3 MB  "collide:nn_last_partner"
[kp]    134.56s  dealloc      711.9 MB  Cuda     live     4166.3 MB  "collide:nn_last_partner"
[kp]    134.61s  alloc        711.9 MB  Cuda     live     4878.3 MB  "collide:nn_last_partner"
[kp]    134.61s  dealloc      711.9 MB  Cuda     live     4166.3 MB  "collide:nn_last_partner"
[kp]    134.66s  alloc        711.9 MB  Cuda     live     4878.3 MB  "collide:nn_last_partner"
[kp]    134.66s  dealloc      711.9 MB  Cuda     live     4166.3 MB  "collide:nn_last_partner"
[kp]    134.71s  alloc        711.9 MB  Cuda     live     4878.3 MB  "collide:nn_last_partner"
[kp]    134.71s  dealloc      711.9 MB  Cuda     live     4166.3 MB  "collide:nn_last_partner"
[kp]    134.76s  alloc        711.9 MB  Cuda     live     4878.3 MB  "collide:nn_last_partner"
[kp]    134.76s  dealloc      711.9 MB  Cuda     live     4166.3 MB  "collide:nn_last_partner"
[kp]    134.81s  alloc        711.9 MB  Cuda     live     4878.3 MB  "collide:nn_last_partner"
[kp]    134.81s  dealloc      711.9 MB  Cuda     live     4166.3 MB  "collide:nn_last_partner"
[kp]    134.86s  alloc        711.9 MB  Cuda     live     4878.3 MB  "collide:nn_last_partner"
[kp]    134.86s  dealloc      711.9 MB  Cuda     live     4166.3 MB  "collide:nn_last_partner"
[kp]    134.91s  alloc        711.9 MB  Cuda     live     4878.3 MB  "collide:nn_last_partner"
[kp]    134.91s  dealloc      711.9 MB  Cuda     live     4166.3 MB  "collide:nn_last_partner"
[kp]    134.96s  alloc        711.9 MB  Cuda     live     4878.3 MB  "collide:nn_last_partner"
[kp]    134.96s  dealloc      711.9 MB  Cuda     live     4166.3 MB  "collide:nn_last_partner"
[kp]    135.01s  alloc        711.9 MB  Cuda     live     4878.3 MB  "collide:nn_last_partner"
[kp]    135.01s  dealloc      711.9 MB  Cuda     live     4166.3 MB  "collide:nn_last_partner"
[kp]    135.06s  alloc        711.9 MB  Cuda     live     4878.3 MB  "collide:nn_last_partner"
[kp]    135.06s  dealloc      711.9 MB  Cuda     live     4166.3 MB  "collide:nn_last_partner"
[kp]    135.11s  alloc        711.9 MB  Cuda     live     4878.3 MB  "collide:nn_last_partner"
[kp]    135.11s  dealloc      711.9 MB  Cuda     live     4166.3 MB  "collide:nn_last_partner"
[kp]    135.16s  alloc        711.9 MB  Cuda     live     4878.3 MB  "collide:nn_last_partner"
[kp]    135.16s  dealloc      711.9 MB  Cuda     live     4166.3 MB  "collide:nn_last_partner"
[kp]    135.21s  alloc        711.9 MB  Cuda     live     4878.3 MB  "collide:nn_last_partner"
[kp]    135.22s  dealloc      711.9 MB  Cuda     live     4166.3 MB  "collide:nn_last_partner"
[kp]    135.27s  alloc        711.9 MB  Cuda     live     4878.3 MB  "collide:nn_last_partner"
[kp]    135.27s  dealloc      711.9 MB  Cuda     live     4166.3 MB  "collide:nn_last_partner"
[kp]    135.32s  alloc        711.9 MB  Cuda     live     4878.3 MB  "collide:nn_last_partner"
[kp]    135.32s  dealloc      711.9 MB  Cuda     live     4166.3 MB  "collide:nn_last_partner"
[kp]    135.37s  alloc        711.9 MB  Cuda     live     4878.3 MB  "collide:nn_last_partner"
[kp]    135.37s  dealloc      711.9 MB  Cuda     live     4166.3 MB  "collide:nn_last_partner"
[kp]    135.42s  alloc        711.9 MB  Cuda     live     4878.3 MB  "collide:nn_last_partner"
[kp]    135.42s  dealloc      711.9 MB  Cuda     live     4166.3 MB  "collide:nn_last_partner"
[kp]    135.47s  alloc        711.9 MB  Cuda     live     4878.3 MB  "collide:nn_last_partner"
[kp]    135.47s  dealloc      711.9 MB  Cuda     live     4166.3 MB  "collide:nn_last_partner"
[kp]    135.52s  alloc        711.9 MB  Cuda     live     4878.3 MB  "collide:nn_last_partner"
[kp]    135.52s  dealloc      711.9 MB  Cuda     live     4166.3 MB  "collide:nn_last_partner"
[kp]    135.57s  alloc        711.9 MB  Cuda     live     4878.3 MB  "collide:nn_last_partner"
[kp]    135.57s  dealloc      711.9 MB  Cuda     live     4166.3 MB  "collide:nn_last_partner"
[kp]    135.62s  alloc        711.9 MB  Cuda     live     4878.3 MB  "collide:nn_last_partner"
[kp]    135.62s  dealloc      711.9 MB  Cuda     live     4166.3 MB  "collide:nn_last_partner"
[kp]    135.67s  alloc        711.9 MB  Cuda     live     4878.3 MB  "collide:nn_last_partner"
[kp]    135.67s  dealloc      711.9 MB  Cuda     live     4166.3 MB  "collide:nn_last_partner"
[kp]    135.72s  alloc        711.9 MB  Cuda     live     4878.3 MB  "collide:nn_last_partner"
[kp]    135.72s  dealloc      711.9 MB  Cuda     live     4166.3 MB  "collide:nn_last_partner"
[kp]    135.77s  alloc        711.9 MB  Cuda     live     4878.3 MB  "collide:nn_last_partner"
[kp]    135.77s  dealloc      711.9 MB  Cuda     live     4166.3 MB  "collide:nn_last_partner"
[kp]    135.82s  alloc        711.9 MB  Cuda     live     4878.3 MB  "collide:nn_last_partner"
[kp]    135.82s  dealloc      711.9 MB  Cuda     live     4166.3 MB  "collide:nn_last_partner"
[kp]    135.87s  alloc        711.9 MB  Cuda     live     4878.3 MB  "collide:nn_last_partner"
[kp]    135.87s  dealloc      711.9 MB  Cuda     live     4166.3 MB  "collide:nn_last_partner"
[kp]    135.92s  alloc        711.9 MB  Cuda     live     4878.3 MB  "collide:nn_last_partner"
[kp]    135.92s  dealloc      711.9 MB  Cuda     live     4166.3 MB  "collide:nn_last_partner"
[kp]    135.97s  alloc        711.9 MB  Cuda     live     4878.3 MB  "collide:nn_last_partner"
[kp]    135.97s  dealloc      711.9 MB  Cuda     live     4166.3 MB  "collide:nn_last_partner"
[kp]    136.02s  alloc        711.9 MB  Cuda     live     4878.3 MB  "collide:nn_last_partner"
[kp]    136.03s  dealloc      711.9 MB  Cuda     live     4166.3 MB  "collide:nn_last_partner"
[kp]    136.08s  alloc        711.9 MB  Cuda     live     4878.3 MB  "collide:nn_last_partner"
[kp]    136.08s  dealloc      711.9 MB  Cuda     live     4166.3 MB  "collide:nn_last_partner"
[kp]    136.13s  alloc        711.9 MB  Cuda     live     4878.3 MB  "collide:nn_last_partner"
[kp]    136.13s  dealloc      711.9 MB  Cuda     live     4166.3 MB  "collide:nn_last_partner"
[kp]    136.18s  alloc        711.9 MB  Cuda     live     4878.3 MB  "collide:nn_last_partner"
[kp]    136.18s  dealloc      711.9 MB  Cuda     live     4166.3 MB  "collide:nn_last_partner"
[kp]    136.23s  alloc        711.9 MB  Cuda     live     4878.3 MB  "collide:nn_last_partner"
[kp]    136.23s  dealloc      711.9 MB  Cuda     live     4166.3 MB  "collide:nn_last_partner"
[kp]    136.28s  alloc        711.9 MB  Cuda     live     4878.3 MB  "collide:nn_last_partner"
[kp]    136.28s  dealloc      711.9 MB  Cuda     live     4166.3 MB  "collide:nn_last_partner"
[kp]    136.33s  alloc        711.9 MB  Cuda     live     4878.3 MB  "collide:nn_last_partner"
[kp]    136.33s  dealloc      711.9 MB  Cuda     live     4166.3 MB  "collide:nn_last_partner"
[kp]    136.38s  alloc        711.9 MB  Cuda     live     4878.3 MB  "collide:nn_last_partner"
[kp]    136.38s  dealloc      711.9 MB  Cuda     live     4166.3 MB  "collide:nn_last_partner"
[kp]    136.43s  alloc        711.9 MB  Cuda     live     4878.3 MB  "collide:nn_last_partner"
[kp]    136.43s  dealloc      711.9 MB  Cuda     live     4166.3 MB  "collide:nn_last_partner"
[kp]    136.48s  alloc        711.9 MB  Cuda     live     4878.3 MB  "collide:nn_last_partner"
[kp]    136.48s  dealloc      711.9 MB  Cuda     live     4166.3 MB  "collide:nn_last_partner"
[kp]    136.53s  alloc        711.9 MB  Cuda     live     4878.3 MB  "collide:nn_last_partner"
[kp]    136.53s  dealloc      711.9 MB  Cuda     live     4166.3 MB  "collide:nn_last_partner"
[kp]    136.58s  alloc        711.9 MB  Cuda     live     4878.3 MB  "collide:nn_last_partner"
[kp]    136.58s  dealloc      711.9 MB  Cuda     live     4166.3 MB  "collide:nn_last_partner"
[kp]    136.63s  alloc        711.9 MB  Cuda     live     4878.3 MB  "collide:nn_last_partner"
[kp]    136.63s  dealloc      711.9 MB  Cuda     live     4166.3 MB  "collide:nn_last_partner"
[kp]    136.68s  alloc        711.9 MB  Cuda     live     4878.3 MB  "collide:nn_last_partner"
[kp]    136.68s  dealloc      711.9 MB  Cuda     live     4166.3 MB  "collide:nn_last_partner"
[kp]    136.73s  alloc        711.9 MB  Cuda     live     4878.3 MB  "collide:nn_last_partner"
[kp]    136.73s  dealloc      711.9 MB  Cuda     live     4166.3 MB  "collide:nn_last_partner"
[kp]    136.78s  alloc        711.9 MB  Cuda     live     4878.3 MB  "collide:nn_last_partner"
[kp]    136.78s  dealloc      711.9 MB  Cuda     live     4166.3 MB  "collide:nn_last_partner"
[kp]    136.83s  alloc        711.9 MB  Cuda     live     4878.3 MB  "collide:nn_last_partner"
[kp]    136.83s  dealloc      711.9 MB  Cuda     live     4166.3 MB  "collide:nn_last_partner"
[kp]    136.88s  alloc        711.9 MB  Cuda     live     4878.3 MB  "collide:nn_last_partner"
[kp]    136.89s  dealloc      711.9 MB  Cuda     live     4166.3 MB  "collide:nn_last_partner"
[kp]    136.94s  alloc        711.9 MB  Cuda     live     4878.3 MB  "collide:nn_last_partner"
[kp]    136.94s  dealloc      711.9 MB  Cuda     live     4166.3 MB  "collide:nn_last_partner"
[kp]    136.99s  alloc        711.9 MB  Cuda     live     4878.3 MB  "collide:nn_last_partner"
[kp]    136.99s  dealloc      711.9 MB  Cuda     live     4166.3 MB  "collide:nn_last_partner"
[kp]    137.04s  alloc        711.9 MB  Cuda     live     4878.3 MB  "collide:nn_last_partner"
[kp]    137.04s  dealloc      711.9 MB  Cuda     live     4166.3 MB  "collide:nn_last_partner"
[kp]    137.09s  alloc        711.9 MB  Cuda     live     4878.3 MB  "collide:nn_last_partner"
[kp]    137.09s  dealloc      711.9 MB  Cuda     live     4166.3 MB  "collide:nn_last_partner"
[kp]    137.14s  alloc        711.9 MB  Cuda     live     4878.3 MB  "collide:nn_last_partner"
[kp]    137.14s  dealloc      711.9 MB  Cuda     live     4166.3 MB  "collide:nn_last_partner"
[kp]    137.19s  alloc        711.9 MB  Cuda     live     4878.3 MB  "collide:nn_last_partner"
[kp]    137.19s  dealloc      711.9 MB  Cuda     live     4166.3 MB  "collide:nn_last_partner"
[kp]    137.24s  alloc        711.9 MB  Cuda     live     4878.3 MB  "collide:nn_last_partner"
[kp]    137.24s  dealloc      711.9 MB  Cuda     live     4166.3 MB  "collide:nn_last_partner"
    2200    124.61148 5.7982706e-08    19.327568        3e-09 27810696   101678    53426        0        0    296.15058 
[kp]    137.40s  alloc        711.9 MB  Cuda     live     4878.3 MB  "collide:nn_last_partner"
[kp]    137.40s  dealloc      711.9 MB  Cuda     live     4166.3 MB  "collide:nn_last_partner"
[kp]    137.45s  alloc        711.9 MB  Cuda     live     4878.3 MB  "collide:nn_last_partner"
[kp]    137.45s  dealloc      711.9 MB  Cuda     live     4166.3 MB  "collide:nn_last_partner"
[kp]    137.50s  alloc        711.9 MB  Cuda     live     4878.3 MB  "collide:nn_last_partner"
[kp]    137.50s  dealloc      711.9 MB  Cuda     live     4166.3 MB  "collide:nn_last_partner"
[kp]    137.55s  alloc        711.9 MB  Cuda     live     4878.3 MB  "collide:nn_last_partner"
[kp]    137.55s  dealloc      711.9 MB  Cuda     live     4166.3 MB  "collide:nn_last_partner"
[kp]    137.60s  alloc        711.9 MB  Cuda     live     4878.3 MB  "collide:nn_last_partner"
[kp]    137.60s  dealloc      711.9 MB  Cuda     live     4166.3 MB  "collide:nn_last_partner"
[kp]    137.65s  alloc        711.9 MB  Cuda     live     4878.3 MB  "collide:nn_last_partner"
[kp]    137.65s  dealloc      711.9 MB  Cuda     live     4166.3 MB  "collide:nn_last_partner"
[kp]    137.70s  alloc        711.9 MB  Cuda     live     4878.3 MB  "collide:nn_last_partner"
[kp]    137.70s  dealloc      711.9 MB  Cuda     live     4166.3 MB  "collide:nn_last_partner"
[kp]    137.75s  alloc        711.9 MB  Cuda     live     4878.3 MB  "collide:nn_last_partner"
[kp]    137.75s  dealloc      711.9 MB  Cuda     live     4166.3 MB  "collide:nn_last_partner"
[kp]    137.80s  alloc        711.9 MB  Cuda     live     4878.3 MB  "collide:nn_last_partner"
[kp]    137.81s  dealloc      711.9 MB  Cuda     live     4166.3 MB  "collide:nn_last_partner"
[kp]    137.86s  alloc        711.9 MB  Cuda     live     4878.3 MB  "collide:nn_last_partner"
[kp]    137.86s  dealloc      711.9 MB  Cuda     live     4166.3 MB  "collide:nn_last_partner"
[kp]    137.91s  alloc        711.9 MB  Cuda     live     4878.3 MB  "collide:nn_last_partner"
[kp]    137.91s  dealloc      711.9 MB  Cuda     live     4166.3 MB  "collide:nn_last_partner"
[kp]    137.96s  alloc        711.9 MB  Cuda     live     4878.3 MB  "collide:nn_last_partner"
[kp]    137.96s  dealloc      711.9 MB  Cuda     live     4166.3 MB  "collide:nn_last_partner"
[kp]    138.01s  alloc        711.9 MB  Cuda     live     4878.3 MB  "collide:nn_last_partner"
[kp]    138.01s  dealloc      711.9 MB  Cuda     live     4166.3 MB  "collide:nn_last_partner"
[kp]    138.06s  alloc        711.9 MB  Cuda     live     4878.3 MB  "collide:nn_last_partner"
[kp]    138.06s  dealloc      711.9 MB  Cuda     live     4166.3 MB  "collide:nn_last_partner"
[kp]    138.11s  alloc        711.9 MB  Cuda     live     4878.3 MB  "collide:nn_last_partner"
[kp]    138.11s  dealloc      711.9 MB  Cuda     live     4166.3 MB  "collide:nn_last_partner"
[kp]    138.16s  alloc        711.9 MB  Cuda     live     4878.3 MB  "collide:nn_last_partner"
[kp]    138.16s  dealloc      711.9 MB  Cuda     live     4166.3 MB  "collide:nn_last_partner"
[kp]    138.21s  alloc        711.9 MB  Cuda     live     4878.3 MB  "collide:nn_last_partner"
[kp]    138.21s  dealloc      711.9 MB  Cuda     live     4166.3 MB  "collide:nn_last_partner"
[kp]    138.26s  alloc        711.9 MB  Cuda     live     4878.3 MB  "collide:nn_last_partner"
[kp]    138.26s  dealloc      711.9 MB  Cuda     live     4166.3 MB  "collide:nn_last_partner"
[kp]    138.31s  alloc        711.9 MB  Cuda     live     4878.3 MB  "collide:nn_last_partner"
[kp]    138.31s  dealloc      711.9 MB  Cuda     live     4166.3 MB  "collide:nn_last_partner"
[kp]    138.36s  alloc        711.9 MB  Cuda     live     4878.3 MB  "collide:nn_last_partner"
[kp]    138.36s  dealloc      711.9 MB  Cuda     live     4166.3 MB  "collide:nn_last_partner"
[kp]    138.41s  alloc        711.9 MB  Cuda     live     4878.3 MB  "collide:nn_last_partner"
[kp]    138.41s  dealloc      711.9 MB  Cuda     live     4166.3 MB  "collide:nn_last_partner"
[kp]    138.46s  alloc        711.9 MB  Cuda     live     4878.3 MB  "collide:nn_last_partner"
[kp]    138.46s  dealloc      711.9 MB  Cuda     live     4166.3 MB  "collide:nn_last_partner"
[kp]    138.51s  alloc        711.9 MB  Cuda     live     4878.3 MB  "collide:nn_last_partner"
[kp]    138.51s  dealloc      711.9 MB  Cuda     live     4166.3 MB  "collide:nn_last_partner"
[kp]    138.56s  alloc        711.9 MB  Cuda     live     4878.3 MB  "collide:nn_last_partner"
[kp]    138.56s  dealloc      711.9 MB  Cuda     live     4166.3 MB  "collide:nn_last_partner"
[kp]    138.61s  alloc        711.9 MB  Cuda     live     4878.3 MB  "collide:nn_last_partner"
[kp]    138.62s  dealloc      711.9 MB  Cuda     live     4166.3 MB  "collide:nn_last_partner"
[kp]    138.67s  alloc        711.9 MB  Cuda     live     4878.3 MB  "collide:nn_last_partner"
[kp]    138.67s  dealloc      711.9 MB  Cuda     live     4166.3 MB  "collide:nn_last_partner"
[kp]    138.72s  alloc        711.9 MB  Cuda     live     4878.3 MB  "collide:nn_last_partner"
[kp]    138.72s  dealloc      711.9 MB  Cuda     live     4166.3 MB  "collide:nn_last_partner"
[kp]    138.77s  alloc        711.9 MB  Cuda     live     4878.3 MB  "collide:nn_last_partner"
[kp]    138.77s  dealloc      711.9 MB  Cuda     live     4166.3 MB  "collide:nn_last_partner"
[kp]    138.82s  alloc        711.9 MB  Cuda     live     4878.3 MB  "collide:nn_last_partner"
[kp]    138.82s  dealloc      711.9 MB  Cuda     live     4166.3 MB  "collide:nn_last_partner"
[kp]    138.87s  alloc        711.9 MB  Cuda     live     4878.3 MB  "collide:nn_last_partner"
[kp]    138.87s  dealloc      711.9 MB  Cuda     live     4166.3 MB  "collide:nn_last_partner"
[kp]    138.92s  alloc        711.9 MB  Cuda     live     4878.3 MB  "collide:nn_last_partner"
[kp]    138.92s  dealloc      711.9 MB  Cuda     live     4166.3 MB  "collide:nn_last_partner"
[kp]    138.97s  alloc        711.9 MB  Cuda     live     4878.3 MB  "collide:nn_last_partner"
[kp]    138.97s  dealloc      711.9 MB  Cuda     live     4166.3 MB  "collide:nn_last_partner"
[kp]    139.02s  alloc        711.9 MB  Cuda     live     4878.3 MB  "collide:nn_last_partner"
[kp]    139.02s  dealloc      711.9 MB  Cuda     live     4166.3 MB  "collide:nn_last_partner"
[kp]    139.07s  alloc        711.9 MB  Cuda     live     4878.3 MB  "collide:nn_last_partner"
[kp]    139.07s  dealloc      711.9 MB  Cuda     live     4166.3 MB  "collide:nn_last_partner"
[kp]    139.12s  alloc        711.9 MB  Cuda     live     4878.3 MB  "collide:nn_last_partner"
[kp]    139.12s  dealloc      711.9 MB  Cuda     live     4166.3 MB  "collide:nn_last_partner"
[kp]    139.17s  alloc        711.9 MB  Cuda     live     4878.3 MB  "collide:nn_last_partner"
[kp]    139.17s  dealloc      711.9 MB  Cuda     live     4166.3 MB  "collide:nn_last_partner"
[kp]    139.22s  alloc        711.9 MB  Cuda     live     4878.3 MB  "collide:nn_last_partner"
[kp]    139.22s  dealloc      711.9 MB  Cuda     live     4166.3 MB  "collide:nn_last_partner"
[kp]    139.27s  alloc        711.9 MB  Cuda     live     4878.3 MB  "collide:nn_last_partner"
[kp]    139.27s  dealloc      711.9 MB  Cuda     live     4166.3 MB  "collide:nn_last_partner"
[kp]    139.32s  alloc        711.9 MB  Cuda     live     4878.3 MB  "collide:nn_last_partner"
[kp]    139.32s  dealloc      711.9 MB  Cuda     live     4166.3 MB  "collide:nn_last_partner"
[kp]    139.37s  alloc        711.9 MB  Cuda     live     4878.3 MB  "collide:nn_last_partner"
[kp]    139.37s  dealloc      711.9 MB  Cuda     live     4166.3 MB  "collide:nn_last_partner"
[kp]    139.42s  alloc        711.9 MB  Cuda     live     4878.3 MB  "collide:nn_last_partner"
[kp]    139.43s  dealloc      711.9 MB  Cuda     live     4166.3 MB  "collide:nn_last_partner"
[kp]    139.48s  alloc        711.9 MB  Cuda     live     4878.3 MB  "collide:nn_last_partner"
[kp]    139.48s  dealloc      711.9 MB  Cuda     live     4166.3 MB  "collide:nn_last_partner"
[kp]    139.53s  alloc        711.9 MB  Cuda     live     4878.3 MB  "collide:nn_last_partner"
[kp]    139.53s  dealloc      711.9 MB  Cuda     live     4166.3 MB  "collide:nn_last_partner"
[kp]    139.58s  alloc        711.9 MB  Cuda     live     4878.3 MB  "collide:nn_last_partner"
[kp]    139.58s  dealloc      711.9 MB  Cuda     live     4166.3 MB  "collide:nn_last_partner"
[kp]    139.63s  alloc        711.9 MB  Cuda     live     4878.3 MB  "collide:nn_last_partner"
[kp]    139.63s  dealloc      711.9 MB  Cuda     live     4166.3 MB  "collide:nn_last_partner"
[kp]    139.68s  alloc        711.9 MB  Cuda     live     4878.3 MB  "collide:nn_last_partner"
[kp]    139.68s  dealloc      711.9 MB  Cuda     live     4166.3 MB  "collide:nn_last_partner"
[kp]    139.73s  alloc        711.9 MB  Cuda     live     4878.3 MB  "collide:nn_last_partner"
[kp]    139.73s  dealloc      711.9 MB  Cuda     live     4166.3 MB  "collide:nn_last_partner"
[kp]    139.78s  alloc        711.9 MB  Cuda     live     4878.3 MB  "collide:nn_last_partner"
[kp]    139.78s  dealloc      711.9 MB  Cuda     live     4166.3 MB  "collide:nn_last_partner"
[kp]    139.83s  alloc        711.9 MB  Cuda     live     4878.3 MB  "collide:nn_last_partner"
[kp]    139.83s  dealloc      711.9 MB  Cuda     live     4166.3 MB  "collide:nn_last_partner"
[kp]    139.88s  alloc        711.9 MB  Cuda     live     4878.3 MB  "collide:nn_last_partner"
[kp]    139.88s  dealloc      711.9 MB  Cuda     live     4166.3 MB  "collide:nn_last_partner"
[kp]    139.93s  alloc        711.9 MB  Cuda     live     4878.3 MB  "collide:nn_last_partner"
[kp]    139.93s  dealloc      711.9 MB  Cuda     live     4166.3 MB  "collide:nn_last_partner"
[kp]    139.98s  alloc        711.9 MB  Cuda     live     4878.3 MB  "collide:nn_last_partner"
[kp]    139.98s  dealloc      711.9 MB  Cuda     live     4166.3 MB  "collide:nn_last_partner"
[kp]    140.03s  alloc        711.9 MB  Cuda     live     4878.3 MB  "collide:nn_last_partner"
[kp]    140.03s  dealloc      711.9 MB  Cuda     live     4166.3 MB  "collide:nn_last_partner"
[kp]    140.08s  alloc        711.9 MB  Cuda     live     4878.3 MB  "collide:nn_last_partner"
[kp]    140.08s  dealloc      711.9 MB  Cuda     live     4166.3 MB  "collide:nn_last_partner"
[kp]    140.13s  alloc        711.9 MB  Cuda     live     4878.3 MB  "collide:nn_last_partner"
[kp]    140.13s  dealloc      711.9 MB  Cuda     live     4166.3 MB  "collide:nn_last_partner"
[kp]    140.18s  alloc        711.9 MB  Cuda     live     4878.3 MB  "collide:nn_last_partner"
[kp]    140.18s  dealloc      711.9 MB  Cuda     live     4166.3 MB  "collide:nn_last_partner"
[kp]    140.23s  alloc        711.9 MB  Cuda     live     4878.3 MB  "collide:nn_last_partner"
[kp]    140.23s  dealloc      711.9 MB  Cuda     live     4166.3 MB  "collide:nn_last_partner"
[kp]    140.28s  alloc        711.9 MB  Cuda     live     4878.3 MB  "collide:nn_last_partner"
[kp]    140.28s  dealloc      711.9 MB  Cuda     live     4166.3 MB  "collide:nn_last_partner"
[kp]    140.33s  alloc        711.9 MB  Cuda     live     4878.3 MB  "collide:nn_last_partner"
[kp]    140.34s  dealloc      711.9 MB  Cuda     live     4166.3 MB  "collide:nn_last_partner"
[kp]    140.39s  alloc        711.9 MB  Cuda     live     4878.3 MB  "collide:nn_last_partner"
[kp]    140.39s  dealloc      711.9 MB  Cuda     live     4166.3 MB  "collide:nn_last_partner"
[kp]    140.44s  alloc        711.9 MB  Cuda     live     4878.3 MB  "collide:nn_last_partner"
[kp]    140.44s  dealloc      711.9 MB  Cuda     live     4166.3 MB  "collide:nn_last_partner"
[kp]    140.49s  alloc        711.9 MB  Cuda     live     4878.3 MB  "collide:nn_last_partner"
[kp]    140.49s  dealloc      711.9 MB  Cuda     live     4166.3 MB  "collide:nn_last_partner"
[kp]    140.54s  alloc        711.9 MB  Cuda     live     4878.3 MB  "collide:nn_last_partner"
[kp]    140.54s  dealloc      711.9 MB  Cuda     live     4166.3 MB  "collide:nn_last_partner"
[kp]    140.59s  alloc        711.9 MB  Cuda     live     4878.3 MB  "collide:nn_last_partner"
[kp]    140.59s  dealloc      711.9 MB  Cuda     live     4166.3 MB  "collide:nn_last_partner"
[kp]    140.64s  alloc        711.9 MB  Cuda     live     4878.3 MB  "collide:nn_last_partner"
[kp]    140.64s  dealloc      711.9 MB  Cuda     live     4166.3 MB  "collide:nn_last_partner"
[kp]    140.69s  alloc        711.9 MB  Cuda     live     4878.3 MB  "collide:nn_last_partner"
[kp]    140.69s  dealloc      711.9 MB  Cuda     live     4166.3 MB  "collide:nn_last_partner"
[kp]    140.74s  alloc        711.9 MB  Cuda     live     4878.3 MB  "collide:nn_last_partner"
[kp]    140.74s  dealloc      711.9 MB  Cuda     live     4166.3 MB  "collide:nn_last_partner"
[kp]    140.79s  alloc        711.9 MB  Cuda     live     4878.3 MB  "collide:nn_last_partner"
[kp]    140.79s  dealloc      711.9 MB  Cuda     live     4166.3 MB  "collide:nn_last_partner"
[kp]    140.84s  alloc        711.9 MB  Cuda     live     4878.3 MB  "collide:nn_last_partner"
[kp]    140.84s  dealloc      711.9 MB  Cuda     live     4166.3 MB  "collide:nn_last_partner"
[kp]    140.89s  alloc        711.9 MB  Cuda     live     4878.3 MB  "collide:nn_last_partner"
[kp]    140.89s  dealloc      711.9 MB  Cuda     live     4166.3 MB  "collide:nn_last_partner"
[kp]    140.94s  alloc        711.9 MB  Cuda     live     4878.3 MB  "collide:nn_last_partner"
[kp]    140.94s  dealloc      711.9 MB  Cuda     live     4166.3 MB  "collide:nn_last_partner"
[kp]    140.99s  alloc        711.9 MB  Cuda     live     4878.3 MB  "collide:nn_last_partner"
[kp]    140.99s  dealloc      711.9 MB  Cuda     live     4166.3 MB  "collide:nn_last_partner"
[kp]    141.04s  alloc        711.9 MB  Cuda     live     4878.3 MB  "collide:nn_last_partner"
[kp]    141.04s  dealloc      711.9 MB  Cuda     live     4166.3 MB  "collide:nn_last_partner"
[kp]    141.09s  alloc        711.9 MB  Cuda     live     4878.3 MB  "collide:nn_last_partner"
[kp]    141.09s  dealloc      711.9 MB  Cuda     live     4166.3 MB  "collide:nn_last_partner"
[kp]    141.14s  alloc        711.9 MB  Cuda     live     4878.3 MB  "collide:nn_last_partner"
[kp]    141.14s  dealloc      711.9 MB  Cuda     live     4166.3 MB  "collide:nn_last_partner"
[kp]    141.19s  alloc        711.9 MB  Cuda     live     4878.3 MB  "collide:nn_last_partner"
[kp]    141.20s  dealloc      711.9 MB  Cuda     live     4166.3 MB  "collide:nn_last_partner"
[kp]    141.24s  alloc        711.9 MB  Cuda     live     4878.3 MB  "collide:nn_last_partner"
[kp]    141.25s  dealloc      711.9 MB  Cuda     live     4166.3 MB  "collide:nn_last_partner"
[kp]    141.30s  alloc        711.9 MB  Cuda     live     4878.3 MB  "collide:nn_last_partner"
[kp]    141.30s  dealloc      711.9 MB  Cuda     live     4166.3 MB  "collide:nn_last_partner"
[kp]    141.35s  alloc        711.9 MB  Cuda     live     4878.3 MB  "collide:nn_last_partner"
[kp]    141.35s  dealloc      711.9 MB  Cuda     live     4166.3 MB  "collide:nn_last_partner"
[kp]    141.40s  alloc        711.9 MB  Cuda     live     4878.3 MB  "collide:nn_last_partner"
[kp]    141.40s  dealloc      711.9 MB  Cuda     live     4166.3 MB  "collide:nn_last_partner"
[kp]    141.45s  alloc        711.9 MB  Cuda     live     4878.3 MB  "collide:nn_last_partner"
[kp]    141.45s  dealloc      711.9 MB  Cuda     live     4166.3 MB  "collide:nn_last_partner"
[kp]    141.50s  alloc        711.9 MB  Cuda     live     4878.3 MB  "collide:nn_last_partner"
[kp]    141.50s  dealloc      711.9 MB  Cuda     live     4166.3 MB  "collide:nn_last_partner"
[kp]    141.55s  alloc        711.9 MB  Cuda     live     4878.3 MB  "collide:nn_last_partner"
[kp]    141.55s  dealloc      711.9 MB  Cuda     live     4166.3 MB  "collide:nn_last_partner"
[kp]    141.60s  alloc        711.9 MB  Cuda     live     4878.3 MB  "collide:nn_last_partner"
[kp]    141.60s  dealloc      711.9 MB  Cuda     live     4166.3 MB  "collide:nn_last_partner"
[kp]    141.65s  alloc        711.9 MB  Cuda     live     4878.3 MB  "collide:nn_last_partner"
[kp]    141.65s  dealloc      711.9 MB  Cuda     live     4166.3 MB  "collide:nn_last_partner"
[kp]    141.70s  alloc        711.9 MB  Cuda     live     4878.3 MB  "collide:nn_last_partner"
[kp]    141.70s  dealloc      711.9 MB  Cuda     live     4166.3 MB  "collide:nn_last_partner"
[kp]    141.75s  alloc        711.9 MB  Cuda     live     4878.3 MB  "collide:nn_last_partner"
[kp]    141.75s  dealloc      711.9 MB  Cuda     live     4166.3 MB  "collide:nn_last_partner"
[kp]    141.80s  alloc        711.9 MB  Cuda     live     4878.3 MB  "collide:nn_last_partner"
[kp]    141.80s  dealloc      711.9 MB  Cuda     live     4166.3 MB  "collide:nn_last_partner"
[kp]    141.85s  alloc        711.9 MB  Cuda     live     4878.3 MB  "collide:nn_last_partner"
[kp]    141.85s  dealloc      711.9 MB  Cuda     live     4166.3 MB  "collide:nn_last_partner"
[kp]    141.90s  alloc        711.9 MB  Cuda     live     4878.3 MB  "collide:nn_last_partner"
[kp]    141.90s  dealloc      711.9 MB  Cuda     live     4166.3 MB  "collide:nn_last_partner"
[kp]    141.95s  alloc        711.9 MB  Cuda     live     4878.3 MB  "collide:nn_last_partner"
[kp]    141.95s  dealloc      711.9 MB  Cuda     live     4166.3 MB  "collide:nn_last_partner"
[kp]    142.00s  alloc        711.9 MB  Cuda     live     4878.3 MB  "collide:nn_last_partner"
[kp]    142.00s  dealloc      711.9 MB  Cuda     live     4166.3 MB  "collide:nn_last_partner"
[kp]    142.05s  alloc        711.9 MB  Cuda     live     4878.3 MB  "collide:nn_last_partner"
[kp]    142.05s  dealloc      711.9 MB  Cuda     live     4166.3 MB  "collide:nn_last_partner"
[kp]    142.10s  alloc        711.9 MB  Cuda     live     4878.3 MB  "collide:nn_last_partner"
[kp]    142.11s  dealloc      711.9 MB  Cuda     live     4166.3 MB  "collide:nn_last_partner"
[kp]    142.15s  alloc        711.9 MB  Cuda     live     4878.3 MB  "collide:nn_last_partner"
[kp]    142.16s  dealloc      711.9 MB  Cuda     live     4166.3 MB  "collide:nn_last_partner"
[kp]    142.21s  alloc        711.9 MB  Cuda     live     4878.3 MB  "collide:nn_last_partner"
[kp]    142.21s  dealloc      711.9 MB  Cuda     live     4166.3 MB  "collide:nn_last_partner"
[kp]    142.26s  alloc        711.9 MB  Cuda     live     4878.3 MB  "collide:nn_last_partner"
[kp]    142.26s  dealloc      711.9 MB  Cuda     live     4166.3 MB  "collide:nn_last_partner"
[kp]    142.31s  alloc        711.9 MB  Cuda     live     4878.3 MB  "collide:nn_last_partner"
[kp]    142.31s  dealloc      711.9 MB  Cuda     live     4166.3 MB  "collide:nn_last_partner"
[kp]    142.36s  alloc        711.9 MB  Cuda     live     4878.3 MB  "collide:nn_last_partner"
[kp]    142.36s  dealloc      711.9 MB  Cuda     live     4166.3 MB  "collide:nn_last_partner"
[kp]    142.41s  alloc        711.9 MB  Cuda     live     4878.3 MB  "collide:nn_last_partner"
[kp]    142.41s  dealloc      711.9 MB  Cuda     live     4166.3 MB  "collide:nn_last_partner"
    2300    129.78175 5.8024096e-08    19.341366        3e-09 27765423   102147    53489        0        0    296.33691 
[kp]    142.57s  alloc        711.9 MB  Cuda     live     4878.3 MB  "collide:nn_last_partner"
[kp]    142.57s  dealloc      711.9 MB  Cuda     live     4166.3 MB  "collide:nn_last_partner"
[kp]    142.62s  alloc        711.9 MB  Cuda     live     4878.3 MB  "collide:nn_last_partner"
[kp]    142.62s  dealloc      711.9 MB  Cuda     live     4166.3 MB  "collide:nn_last_partner"
[kp]    142.67s  alloc        711.9 MB  Cuda     live     4878.3 MB  "collide:nn_last_partner"
[kp]    142.67s  dealloc      711.9 MB  Cuda     live     4166.3 MB  "collide:nn_last_partner"
[kp]    142.72s  alloc        711.9 MB  Cuda     live     4878.3 MB  "collide:nn_last_partner"
[kp]    142.72s  dealloc      711.9 MB  Cuda     live     4166.3 MB  "collide:nn_last_partner"
[kp]    142.77s  alloc        711.9 MB  Cuda     live     4878.3 MB  "collide:nn_last_partner"
[kp]    142.77s  dealloc      711.9 MB  Cuda     live     4166.3 MB  "collide:nn_last_partner"
[kp]    142.82s  alloc        711.9 MB  Cuda     live     4878.3 MB  "collide:nn_last_partner"
[kp]    142.82s  dealloc      711.9 MB  Cuda     live     4166.3 MB  "collide:nn_last_partner"
[kp]    142.87s  alloc        711.9 MB  Cuda     live     4878.3 MB  "collide:nn_last_partner"
[kp]    142.87s  dealloc      711.9 MB  Cuda     live     4166.3 MB  "collide:nn_last_partner"
[kp]    142.92s  alloc        711.9 MB  Cuda     live     4878.3 MB  "collide:nn_last_partner"
[kp]    142.92s  dealloc      711.9 MB  Cuda     live     4166.3 MB  "collide:nn_last_partner"
[kp]    142.97s  alloc        711.9 MB  Cuda     live     4878.3 MB  "collide:nn_last_partner"
[kp]    142.98s  dealloc      711.9 MB  Cuda     live     4166.3 MB  "collide:nn_last_partner"
[kp]    143.03s  alloc        711.9 MB  Cuda     live     4878.3 MB  "collide:nn_last_partner"
[kp]    143.03s  dealloc      711.9 MB  Cuda     live     4166.3 MB  "collide:nn_last_partner"
[kp]    143.08s  alloc        711.9 MB  Cuda     live     4878.3 MB  "collide:nn_last_partner"
[kp]    143.08s  dealloc      711.9 MB  Cuda     live     4166.3 MB  "collide:nn_last_partner"
[kp]    143.13s  alloc        711.9 MB  Cuda     live     4878.3 MB  "collide:nn_last_partner"
[kp]    143.13s  dealloc      711.9 MB  Cuda     live     4166.3 MB  "collide:nn_last_partner"
[kp]    143.18s  alloc        711.9 MB  Cuda     live     4878.3 MB  "collide:nn_last_partner"
[kp]    143.18s  dealloc      711.9 MB  Cuda     live     4166.3 MB  "collide:nn_last_partner"
[kp]    143.23s  alloc        711.9 MB  Cuda     live     4878.3 MB  "collide:nn_last_partner"
[kp]    143.23s  dealloc      711.9 MB  Cuda     live     4166.3 MB  "collide:nn_last_partner"
[kp]    143.28s  alloc        711.9 MB  Cuda     live     4878.3 MB  "collide:nn_last_partner"
[kp]    143.28s  dealloc      711.9 MB  Cuda     live     4166.3 MB  "collide:nn_last_partner"
[kp]    143.33s  alloc        711.9 MB  Cuda     live     4878.3 MB  "collide:nn_last_partner"
[kp]    143.33s  dealloc      711.9 MB  Cuda     live     4166.3 MB  "collide:nn_last_partner"
[kp]    143.38s  alloc        711.9 MB  Cuda     live     4878.3 MB  "collide:nn_last_partner"
[kp]    143.38s  dealloc      711.9 MB  Cuda     live     4166.3 MB  "collide:nn_last_partner"
[kp]    143.43s  alloc        711.9 MB  Cuda     live     4878.3 MB  "collide:nn_last_partner"
[kp]    143.43s  dealloc      711.9 MB  Cuda     live     4166.3 MB  "collide:nn_last_partner"
[kp]    143.48s  alloc        711.9 MB  Cuda     live     4878.3 MB  "collide:nn_last_partner"
[kp]    143.48s  dealloc      711.9 MB  Cuda     live     4166.3 MB  "collide:nn_last_partner"
[kp]    143.53s  alloc        711.9 MB  Cuda     live     4878.3 MB  "collide:nn_last_partner"
[kp]    143.53s  dealloc      711.9 MB  Cuda     live     4166.3 MB  "collide:nn_last_partner"
[kp]    143.58s  alloc        711.9 MB  Cuda     live     4878.3 MB  "collide:nn_last_partner"
[kp]    143.58s  dealloc      711.9 MB  Cuda     live     4166.3 MB  "collide:nn_last_partner"
[kp]    143.63s  alloc        711.9 MB  Cuda     live     4878.3 MB  "collide:nn_last_partner"
[kp]    143.63s  dealloc      711.9 MB  Cuda     live     4166.3 MB  "collide:nn_last_partner"
[kp]    143.68s  alloc        711.9 MB  Cuda     live     4878.3 MB  "collide:nn_last_partner"
[kp]    143.68s  dealloc      711.9 MB  Cuda     live     4166.3 MB  "collide:nn_last_partner"
[kp]    143.73s  alloc        711.9 MB  Cuda     live     4878.3 MB  "collide:nn_last_partner"
[kp]    143.73s  dealloc      711.9 MB  Cuda     live     4166.3 MB  "collide:nn_last_partner"
[kp]    143.78s  alloc        711.9 MB  Cuda     live     4878.3 MB  "collide:nn_last_partner"
[kp]    143.78s  dealloc      711.9 MB  Cuda     live     4166.3 MB  "collide:nn_last_partner"
[kp]    143.83s  alloc        711.9 MB  Cuda     live     4878.3 MB  "collide:nn_last_partner"
[kp]    143.83s  dealloc      711.9 MB  Cuda     live     4166.3 MB  "collide:nn_last_partner"
[kp]    143.88s  alloc        711.9 MB  Cuda     live     4878.3 MB  "collide:nn_last_partner"
[kp]    143.88s  dealloc      711.9 MB  Cuda     live     4166.3 MB  "collide:nn_last_partner"
[kp]    143.93s  alloc        711.9 MB  Cuda     live     4878.3 MB  "collide:nn_last_partner"
[kp]    143.94s  dealloc      711.9 MB  Cuda     live     4166.3 MB  "collide:nn_last_partner"
[kp]    143.99s  alloc        711.9 MB  Cuda     live     4878.3 MB  "collide:nn_last_partner"
[kp]    143.99s  dealloc      711.9 MB  Cuda     live     4166.3 MB  "collide:nn_last_partner"
[kp]    144.04s  alloc        711.9 MB  Cuda     live     4878.3 MB  "collide:nn_last_partner"
[kp]    144.04s  dealloc      711.9 MB  Cuda     live     4166.3 MB  "collide:nn_last_partner"
[kp]    144.09s  alloc        711.9 MB  Cuda     live     4878.3 MB  "collide:nn_last_partner"
[kp]    144.09s  dealloc      711.9 MB  Cuda     live     4166.3 MB  "collide:nn_last_partner"
[kp]    144.14s  alloc        711.9 MB  Cuda     live     4878.3 MB  "collide:nn_last_partner"
[kp]    144.14s  dealloc      711.9 MB  Cuda     live     4166.3 MB  "collide:nn_last_partner"
[kp]    144.19s  alloc        711.9 MB  Cuda     live     4878.3 MB  "collide:nn_last_partner"
[kp]    144.19s  dealloc      711.9 MB  Cuda     live     4166.3 MB  "collide:nn_last_partner"
[kp]    144.24s  alloc        711.9 MB  Cuda     live     4878.3 MB  "collide:nn_last_partner"
[kp]    144.24s  dealloc      711.9 MB  Cuda     live     4166.3 MB  "collide:nn_last_partner"
[kp]    144.29s  alloc        711.9 MB  Cuda     live     4878.3 MB  "collide:nn_last_partner"
[kp]    144.29s  dealloc      711.9 MB  Cuda     live     4166.3 MB  "collide:nn_last_partner"
[kp]    144.34s  alloc        711.9 MB  Cuda     live     4878.3 MB  "collide:nn_last_partner"
[kp]    144.34s  dealloc      711.9 MB  Cuda     live     4166.3 MB  "collide:nn_last_partner"
[kp]    144.39s  alloc        711.9 MB  Cuda     live     4878.3 MB  "collide:nn_last_partner"
[kp]    144.39s  dealloc      711.9 MB  Cuda     live     4166.3 MB  "collide:nn_last_partner"
[kp]    144.44s  alloc        711.9 MB  Cuda     live     4878.3 MB  "collide:nn_last_partner"
[kp]    144.44s  dealloc      711.9 MB  Cuda     live     4166.3 MB  "collide:nn_last_partner"
[kp]    144.49s  alloc        711.9 MB  Cuda     live     4878.3 MB  "collide:nn_last_partner"
[kp]    144.49s  dealloc      711.9 MB  Cuda     live     4166.3 MB  "collide:nn_last_partner"
[kp]    144.54s  alloc        711.9 MB  Cuda     live     4878.3 MB  "collide:nn_last_partner"
[kp]    144.54s  dealloc      711.9 MB  Cuda     live     4166.3 MB  "collide:nn_last_partner"
[kp]    144.59s  alloc        711.9 MB  Cuda     live     4878.3 MB  "collide:nn_last_partner"
[kp]    144.59s  dealloc      711.9 MB  Cuda     live     4166.3 MB  "collide:nn_last_partner"
[kp]    144.64s  alloc        711.9 MB  Cuda     live     4878.3 MB  "collide:nn_last_partner"
[kp]    144.64s  dealloc      711.9 MB  Cuda     live     4166.3 MB  "collide:nn_last_partner"
[kp]    144.69s  alloc        711.9 MB  Cuda     live     4878.3 MB  "collide:nn_last_partner"
[kp]    144.69s  dealloc      711.9 MB  Cuda     live     4166.3 MB  "collide:nn_last_partner"
[kp]    144.74s  alloc        711.9 MB  Cuda     live     4878.3 MB  "collide:nn_last_partner"
[kp]    144.74s  dealloc      711.9 MB  Cuda     live     4166.3 MB  "collide:nn_last_partner"
[kp]    144.79s  alloc        711.9 MB  Cuda     live     4878.3 MB  "collide:nn_last_partner"
[kp]    144.79s  dealloc      711.9 MB  Cuda     live     4166.3 MB  "collide:nn_last_partner"
[kp]    144.84s  alloc        711.9 MB  Cuda     live     4878.3 MB  "collide:nn_last_partner"
[kp]    144.84s  dealloc      711.9 MB  Cuda     live     4166.3 MB  "collide:nn_last_partner"
[kp]    144.89s  alloc        711.9 MB  Cuda     live     4878.3 MB  "collide:nn_last_partner"
[kp]    144.90s  dealloc      711.9 MB  Cuda     live     4166.3 MB  "collide:nn_last_partner"
[kp]    144.95s  alloc        711.9 MB  Cuda     live     4878.3 MB  "collide:nn_last_partner"
[kp]    144.95s  dealloc      711.9 MB  Cuda     live     4166.3 MB  "collide:nn_last_partner"
[kp]    145.00s  alloc        711.9 MB  Cuda     live     4878.3 MB  "collide:nn_last_partner"
[kp]    145.00s  dealloc      711.9 MB  Cuda     live     4166.3 MB  "collide:nn_last_partner"
[kp]    145.05s  alloc        711.9 MB  Cuda     live     4878.3 MB  "collide:nn_last_partner"
[kp]    145.05s  dealloc      711.9 MB  Cuda     live     4166.3 MB  "collide:nn_last_partner"
[kp]    145.10s  alloc        711.9 MB  Cuda     live     4878.3 MB  "collide:nn_last_partner"
[kp]    145.10s  dealloc      711.9 MB  Cuda     live     4166.3 MB  "collide:nn_last_partner"
[kp]    145.15s  alloc        711.9 MB  Cuda     live     4878.3 MB  "collide:nn_last_partner"
[kp]    145.15s  dealloc      711.9 MB  Cuda     live     4166.3 MB  "collide:nn_last_partner"
[kp]    145.20s  alloc        711.9 MB  Cuda     live     4878.3 MB  "collide:nn_last_partner"
[kp]    145.20s  dealloc      711.9 MB  Cuda     live     4166.3 MB  "collide:nn_last_partner"
[kp]    145.25s  alloc        711.9 MB  Cuda     live     4878.3 MB  "collide:nn_last_partner"
[kp]    145.25s  dealloc      711.9 MB  Cuda     live     4166.3 MB  "collide:nn_last_partner"
[kp]    145.30s  alloc        711.9 MB  Cuda     live     4878.3 MB  "collide:nn_last_partner"
[kp]    145.30s  dealloc      711.9 MB  Cuda     live     4166.3 MB  "collide:nn_last_partner"
[kp]    145.35s  alloc        711.9 MB  Cuda     live     4878.3 MB  "collide:nn_last_partner"
[kp]    145.35s  dealloc      711.9 MB  Cuda     live     4166.3 MB  "collide:nn_last_partner"
[kp]    145.40s  alloc        711.9 MB  Cuda     live     4878.3 MB  "collide:nn_last_partner"
[kp]    145.40s  dealloc      711.9 MB  Cuda     live     4166.3 MB  "collide:nn_last_partner"
[kp]    145.45s  alloc        711.9 MB  Cuda     live     4878.3 MB  "collide:nn_last_partner"
[kp]    145.45s  dealloc      711.9 MB  Cuda     live     4166.3 MB  "collide:nn_last_partner"
[kp]    145.50s  alloc        711.9 MB  Cuda     live     4878.3 MB  "collide:nn_last_partner"
[kp]    145.50s  dealloc      711.9 MB  Cuda     live     4166.3 MB  "collide:nn_last_partner"
[kp]    145.55s  alloc        711.9 MB  Cuda     live     4878.3 MB  "collide:nn_last_partner"
[kp]    145.55s  dealloc      711.9 MB  Cuda     live     4166.3 MB  "collide:nn_last_partner"
[kp]    145.60s  alloc        711.9 MB  Cuda     live     4878.3 MB  "collide:nn_last_partner"
[kp]    145.60s  dealloc      711.9 MB  Cuda     live     4166.3 MB  "collide:nn_last_partner"
[kp]    145.65s  alloc        711.9 MB  Cuda     live     4878.3 MB  "collide:nn_last_partner"
[kp]    145.65s  dealloc      711.9 MB  Cuda     live     4166.3 MB  "collide:nn_last_partner"
[kp]    145.70s  alloc        711.9 MB  Cuda     live     4878.3 MB  "collide:nn_last_partner"
[kp]    145.70s  dealloc      711.9 MB  Cuda     live     4166.3 MB  "collide:nn_last_partner"
[kp]    145.75s  alloc        711.9 MB  Cuda     live     4878.3 MB  "collide:nn_last_partner"
[kp]    145.75s  dealloc      711.9 MB  Cuda     live     4166.3 MB  "collide:nn_last_partner"
[kp]    145.80s  alloc        711.9 MB  Cuda     live     4878.3 MB  "collide:nn_last_partner"
[kp]    145.80s  dealloc      711.9 MB  Cuda     live     4166.3 MB  "collide:nn_last_partner"
[kp]    145.85s  alloc        711.9 MB  Cuda     live     4878.3 MB  "collide:nn_last_partner"
[kp]    145.85s  dealloc      711.9 MB  Cuda     live     4166.3 MB  "collide:nn_last_partner"
[kp]    145.90s  alloc        711.9 MB  Cuda     live     4878.3 MB  "collide:nn_last_partner"
[kp]    145.91s  dealloc      711.9 MB  Cuda     live     4166.3 MB  "collide:nn_last_partner"
[kp]    145.96s  alloc        711.9 MB  Cuda     live     4878.3 MB  "collide:nn_last_partner"
[kp]    145.96s  dealloc      711.9 MB  Cuda     live     4166.3 MB  "collide:nn_last_partner"
[kp]    146.01s  alloc        711.9 MB  Cuda     live     4878.3 MB  "collide:nn_last_partner"
[kp]    146.01s  dealloc      711.9 MB  Cuda     live     4166.3 MB  "collide:nn_last_partner"
[kp]    146.06s  alloc        711.9 MB  Cuda     live     4878.3 MB  "collide:nn_last_partner"
[kp]    146.06s  dealloc      711.9 MB  Cuda     live     4166.3 MB  "collide:nn_last_partner"
[kp]    146.11s  alloc        711.9 MB  Cuda     live     4878.3 MB  "collide:nn_last_partner"
[kp]    146.11s  dealloc      711.9 MB  Cuda     live     4166.3 MB  "collide:nn_last_partner"
[kp]    146.16s  alloc        711.9 MB  Cuda     live     4878.3 MB  "collide:nn_last_partner"
[kp]    146.16s  dealloc      711.9 MB  Cuda     live     4166.3 MB  "collide:nn_last_partner"
[kp]    146.21s  alloc        711.9 MB  Cuda     live     4878.3 MB  "collide:nn_last_partner"
[kp]    146.21s  dealloc      711.9 MB  Cuda     live     4166.3 MB  "collide:nn_last_partner"
[kp]    146.26s  alloc        711.9 MB  Cuda     live     4878.3 MB  "collide:nn_last_partner"
[kp]    146.26s  dealloc      711.9 MB  Cuda     live     4166.3 MB  "collide:nn_last_partner"
[kp]    146.31s  alloc        711.9 MB  Cuda     live     4878.3 MB  "collide:nn_last_partner"
[kp]    146.31s  dealloc      711.9 MB  Cuda     live     4166.3 MB  "collide:nn_last_partner"
[kp]    146.36s  alloc        711.9 MB  Cuda     live     4878.3 MB  "collide:nn_last_partner"
[kp]    146.36s  dealloc      711.9 MB  Cuda     live     4166.3 MB  "collide:nn_last_partner"
[kp]    146.41s  alloc        711.9 MB  Cuda     live     4878.3 MB  "collide:nn_last_partner"
[kp]    146.41s  dealloc      711.9 MB  Cuda     live     4166.3 MB  "collide:nn_last_partner"
[kp]    146.46s  alloc        711.9 MB  Cuda     live     4878.3 MB  "collide:nn_last_partner"
[kp]    146.46s  dealloc      711.9 MB  Cuda     live     4166.3 MB  "collide:nn_last_partner"
[kp]    146.51s  alloc        711.9 MB  Cuda     live     4878.3 MB  "collide:nn_last_partner"
[kp]    146.51s  dealloc      711.9 MB  Cuda     live     4166.3 MB  "collide:nn_last_partner"
[kp]    146.56s  alloc        711.9 MB  Cuda     live     4878.3 MB  "collide:nn_last_partner"
[kp]    146.56s  dealloc      711.9 MB  Cuda     live     4166.3 MB  "collide:nn_last_partner"
[kp]    146.61s  alloc        711.9 MB  Cuda     live     4878.3 MB  "collide:nn_last_partner"
[kp]    146.61s  dealloc      711.9 MB  Cuda     live     4166.3 MB  "collide:nn_last_partner"
[kp]    146.66s  alloc        711.9 MB  Cuda     live     4878.3 MB  "collide:nn_last_partner"
[kp]    146.66s  dealloc      711.9 MB  Cuda     live     4166.3 MB  "collide:nn_last_partner"
[kp]    146.71s  alloc        711.9 MB  Cuda     live     4878.3 MB  "collide:nn_last_partner"
[kp]    146.71s  dealloc      711.9 MB  Cuda     live     4166.3 MB  "collide:nn_last_partner"
[kp]    146.76s  alloc        711.9 MB  Cuda     live     4878.3 MB  "collide:nn_last_partner"
[kp]    146.76s  dealloc      711.9 MB  Cuda     live     4166.3 MB  "collide:nn_last_partner"
[kp]    146.81s  alloc        711.9 MB  Cuda     live     4878.3 MB  "collide:nn_last_partner"
[kp]    146.81s  dealloc      711.9 MB  Cuda     live     4166.3 MB  "collide:nn_last_partner"
[kp]    146.86s  alloc        711.9 MB  Cuda     live     4878.3 MB  "collide:nn_last_partner"
[kp]    146.86s  dealloc      711.9 MB  Cuda     live     4166.3 MB  "collide:nn_last_partner"
[kp]    146.91s  alloc        711.9 MB  Cuda     live     4878.3 MB  "collide:nn_last_partner"
[kp]    146.92s  dealloc      711.9 MB  Cuda     live     4166.3 MB  "collide:nn_last_partner"
[kp]    146.96s  alloc        711.9 MB  Cuda     live     4878.3 MB  "collide:nn_last_partner"
[kp]    146.97s  dealloc      711.9 MB  Cuda     live     4166.3 MB  "collide:nn_last_partner"
[kp]    147.02s  alloc        711.9 MB  Cuda     live     4878.3 MB  "collide:nn_last_partner"
[kp]    147.02s  dealloc      711.9 MB  Cuda     live     4166.3 MB  "collide:nn_last_partner"
[kp]    147.07s  alloc        711.9 MB  Cuda     live     4878.3 MB  "collide:nn_last_partner"
[kp]    147.07s  dealloc      711.9 MB  Cuda     live     4166.3 MB  "collide:nn_last_partner"
[kp]    147.12s  alloc        711.9 MB  Cuda     live     4878.3 MB  "collide:nn_last_partner"
[kp]    147.12s  dealloc      711.9 MB  Cuda     live     4166.3 MB  "collide:nn_last_partner"
[kp]    147.17s  alloc        711.9 MB  Cuda     live     4878.3 MB  "collide:nn_last_partner"
[kp]    147.17s  dealloc      711.9 MB  Cuda     live     4166.3 MB  "collide:nn_last_partner"
[kp]    147.22s  alloc        711.9 MB  Cuda     live     4878.3 MB  "collide:nn_last_partner"
[kp]    147.22s  dealloc      711.9 MB  Cuda     live     4166.3 MB  "collide:nn_last_partner"
[kp]    147.27s  alloc        711.9 MB  Cuda     live     4878.3 MB  "collide:nn_last_partner"
[kp]    147.27s  dealloc      711.9 MB  Cuda     live     4166.3 MB  "collide:nn_last_partner"
[kp]    147.32s  alloc        711.9 MB  Cuda     live     4878.3 MB  "collide:nn_last_partner"
[kp]    147.32s  dealloc      711.9 MB  Cuda     live     4166.3 MB  "collide:nn_last_partner"
[kp]    147.37s  alloc        711.9 MB  Cuda     live     4878.3 MB  "collide:nn_last_partner"
[kp]    147.37s  dealloc      711.9 MB  Cuda     live     4166.3 MB  "collide:nn_last_partner"
[kp]    147.42s  alloc        711.9 MB  Cuda     live     4878.3 MB  "collide:nn_last_partner"
[kp]    147.42s  dealloc      711.9 MB  Cuda     live     4166.3 MB  "collide:nn_last_partner"
[kp]    147.47s  alloc        711.9 MB  Cuda     live     4878.3 MB  "collide:nn_last_partner"
[kp]    147.47s  dealloc      711.9 MB  Cuda     live     4166.3 MB  "collide:nn_last_partner"
[kp]    147.52s  alloc        711.9 MB  Cuda     live     4878.3 MB  "collide:nn_last_partner"
[kp]    147.52s  dealloc      711.9 MB  Cuda     live     4166.3 MB  "collide:nn_last_partner"
[kp]    147.57s  alloc        711.9 MB  Cuda     live     4878.3 MB  "collide:nn_last_partner"
[kp]    147.57s  dealloc      711.9 MB  Cuda     live     4166.3 MB  "collide:nn_last_partner"
    2400    134.94267 5.8129205e-08    19.376401        3e-09 27727193   102193    53527        0        0    296.64969 
[kp]    147.73s  alloc        711.9 MB  Cuda     live     4878.3 MB  "collide:nn_last_partner"
[kp]    147.73s  dealloc      711.9 MB  Cuda     live     4166.3 MB  "collide:nn_last_partner"
[kp]    147.78s  alloc        711.9 MB  Cuda     live     4878.3 MB  "collide:nn_last_partner"
[kp]    147.78s  dealloc      711.9 MB  Cuda     live     4166.3 MB  "collide:nn_last_partner"
[kp]    147.83s  alloc        711.9 MB  Cuda     live     4878.3 MB  "collide:nn_last_partner"
[kp]    147.83s  dealloc      711.9 MB  Cuda     live     4166.3 MB  "collide:nn_last_partner"
[kp]    147.88s  alloc        711.9 MB  Cuda     live     4878.3 MB  "collide:nn_last_partner"
[kp]    147.88s  dealloc      711.9 MB  Cuda     live     4166.3 MB  "collide:nn_last_partner"
[kp]    147.93s  alloc        711.9 MB  Cuda     live     4878.3 MB  "collide:nn_last_partner"
[kp]    147.93s  dealloc      711.9 MB  Cuda     live     4166.3 MB  "collide:nn_last_partner"
[kp]    147.98s  alloc        711.9 MB  Cuda     live     4878.3 MB  "collide:nn_last_partner"
[kp]    147.98s  dealloc      711.9 MB  Cuda     live     4166.3 MB  "collide:nn_last_partner"
[kp]    148.03s  alloc        711.9 MB  Cuda     live     4878.3 MB  "collide:nn_last_partner"
[kp]    148.03s  dealloc      711.9 MB  Cuda     live     4166.3 MB  "collide:nn_last_partner"
[kp]    148.08s  alloc        711.9 MB  Cuda     live     4878.3 MB  "collide:nn_last_partner"
[kp]    148.09s  dealloc      711.9 MB  Cuda     live     4166.3 MB  "collide:nn_last_partner"
[kp]    148.14s  alloc        711.9 MB  Cuda     live     4878.3 MB  "collide:nn_last_partner"
[kp]    148.14s  dealloc      711.9 MB  Cuda     live     4166.3 MB  "collide:nn_last_partner"
[kp]    148.19s  alloc        711.9 MB  Cuda     live     4878.3 MB  "collide:nn_last_partner"
[kp]    148.19s  dealloc      711.9 MB  Cuda     live     4166.3 MB  "collide:nn_last_partner"
[kp]    148.24s  alloc        711.9 MB  Cuda     live     4878.3 MB  "collide:nn_last_partner"
[kp]    148.24s  dealloc      711.9 MB  Cuda     live     4166.3 MB  "collide:nn_last_partner"
[kp]    148.29s  alloc        711.9 MB  Cuda     live     4878.3 MB  "collide:nn_last_partner"
[kp]    148.29s  dealloc      711.9 MB  Cuda     live     4166.3 MB  "collide:nn_last_partner"
[kp]    148.34s  alloc        711.9 MB  Cuda     live     4878.3 MB  "collide:nn_last_partner"
[kp]    148.34s  dealloc      711.9 MB  Cuda     live     4166.3 MB  "collide:nn_last_partner"
[kp]    148.39s  alloc        711.9 MB  Cuda     live     4878.3 MB  "collide:nn_last_partner"
[kp]    148.39s  dealloc      711.9 MB  Cuda     live     4166.3 MB  "collide:nn_last_partner"
[kp]    148.44s  alloc        711.9 MB  Cuda     live     4878.3 MB  "collide:nn_last_partner"
[kp]    148.44s  dealloc      711.9 MB  Cuda     live     4166.3 MB  "collide:nn_last_partner"
[kp]    148.49s  alloc        711.9 MB  Cuda     live     4878.3 MB  "collide:nn_last_partner"
[kp]    148.49s  dealloc      711.9 MB  Cuda     live     4166.3 MB  "collide:nn_last_partner"
[kp]    148.54s  alloc        711.9 MB  Cuda     live     4878.3 MB  "collide:nn_last_partner"
[kp]    148.54s  dealloc      711.9 MB  Cuda     live     4166.3 MB  "collide:nn_last_partner"
[kp]    148.59s  alloc        711.9 MB  Cuda     live     4878.3 MB  "collide:nn_last_partner"
[kp]    148.59s  dealloc      711.9 MB  Cuda     live     4166.3 MB  "collide:nn_last_partner"
[kp]    148.64s  alloc        711.9 MB  Cuda     live     4878.3 MB  "collide:nn_last_partner"
[kp]    148.64s  dealloc      711.9 MB  Cuda     live     4166.3 MB  "collide:nn_last_partner"
[kp]    148.69s  alloc        711.9 MB  Cuda     live     4878.3 MB  "collide:nn_last_partner"
[kp]    148.69s  dealloc      711.9 MB  Cuda     live     4166.3 MB  "collide:nn_last_partner"
[kp]    148.74s  alloc        711.9 MB  Cuda     live     4878.3 MB  "collide:nn_last_partner"
[kp]    148.74s  dealloc      711.9 MB  Cuda     live     4166.3 MB  "collide:nn_last_partner"
[kp]    148.79s  alloc        711.9 MB  Cuda     live     4878.3 MB  "collide:nn_last_partner"
[kp]    148.79s  dealloc      711.9 MB  Cuda     live     4166.3 MB  "collide:nn_last_partner"
[kp]    148.84s  alloc        711.9 MB  Cuda     live     4878.3 MB  "collide:nn_last_partner"
[kp]    148.84s  dealloc      711.9 MB  Cuda     live     4166.3 MB  "collide:nn_last_partner"
[kp]    148.89s  alloc        711.9 MB  Cuda     live     4878.3 MB  "collide:nn_last_partner"
[kp]    148.89s  dealloc      711.9 MB  Cuda     live     4166.3 MB  "collide:nn_last_partner"
[kp]    148.94s  alloc        711.9 MB  Cuda     live     4878.3 MB  "collide:nn_last_partner"
[kp]    148.94s  dealloc      711.9 MB  Cuda     live     4166.3 MB  "collide:nn_last_partner"
[kp]    148.99s  alloc        711.9 MB  Cuda     live     4878.3 MB  "collide:nn_last_partner"
[kp]    148.99s  dealloc      711.9 MB  Cuda     live     4166.3 MB  "collide:nn_last_partner"
[kp]    149.04s  alloc        711.9 MB  Cuda     live     4878.3 MB  "collide:nn_last_partner"
[kp]    149.04s  dealloc      711.9 MB  Cuda     live     4166.3 MB  "collide:nn_last_partner"
[kp]    149.09s  alloc        711.9 MB  Cuda     live     4878.3 MB  "collide:nn_last_partner"
[kp]    149.09s  dealloc      711.9 MB  Cuda     live     4166.3 MB  "collide:nn_last_partner"
[kp]    149.14s  alloc        711.9 MB  Cuda     live     4878.3 MB  "collide:nn_last_partner"
[kp]    149.15s  dealloc      711.9 MB  Cuda     live     4166.3 MB  "collide:nn_last_partner"
[kp]    149.20s  alloc        711.9 MB  Cuda     live     4878.3 MB  "collide:nn_last_partner"
[kp]    149.20s  dealloc      711.9 MB  Cuda     live     4166.3 MB  "collide:nn_last_partner"
[kp]    149.25s  alloc        711.9 MB  Cuda     live     4878.3 MB  "collide:nn_last_partner"
[kp]    149.25s  dealloc      711.9 MB  Cuda     live     4166.3 MB  "collide:nn_last_partner"
[kp]    149.30s  alloc        711.9 MB  Cuda     live     4878.3 MB  "collide:nn_last_partner"
[kp]    149.30s  dealloc      711.9 MB  Cuda     live     4166.3 MB  "collide:nn_last_partner"
[kp]    149.35s  alloc        711.9 MB  Cuda     live     4878.3 MB  "collide:nn_last_partner"
[kp]    149.35s  dealloc      711.9 MB  Cuda     live     4166.3 MB  "collide:nn_last_partner"
[kp]    149.40s  alloc        711.9 MB  Cuda     live     4878.3 MB  "collide:nn_last_partner"
[kp]    149.40s  dealloc      711.9 MB  Cuda     live     4166.3 MB  "collide:nn_last_partner"
[kp]    149.45s  alloc        711.9 MB  Cuda     live     4878.3 MB  "collide:nn_last_partner"
[kp]    149.45s  dealloc      711.9 MB  Cuda     live     4166.3 MB  "collide:nn_last_partner"
[kp]    149.50s  alloc        711.9 MB  Cuda     live     4878.3 MB  "collide:nn_last_partner"
[kp]    149.50s  dealloc      711.9 MB  Cuda     live     4166.3 MB  "collide:nn_last_partner"
[kp]    149.55s  alloc        711.9 MB  Cuda     live     4878.3 MB  "collide:nn_last_partner"
[kp]    149.55s  dealloc      711.9 MB  Cuda     live     4166.3 MB  "collide:nn_last_partner"
[kp]    149.60s  alloc        711.9 MB  Cuda     live     4878.3 MB  "collide:nn_last_partner"
[kp]    149.60s  dealloc      711.9 MB  Cuda     live     4166.3 MB  "collide:nn_last_partner"
[kp]    149.65s  alloc        711.9 MB  Cuda     live     4878.3 MB  "collide:nn_last_partner"
[kp]    149.65s  dealloc      711.9 MB  Cuda     live     4166.3 MB  "collide:nn_last_partner"
[kp]    149.70s  alloc        711.9 MB  Cuda     live     4878.3 MB  "collide:nn_last_partner"
[kp]    149.70s  dealloc      711.9 MB  Cuda     live     4166.3 MB  "collide:nn_last_partner"
[kp]    149.75s  alloc        711.9 MB  Cuda     live     4878.3 MB  "collide:nn_last_partner"
[kp]    149.75s  dealloc      711.9 MB  Cuda     live     4166.3 MB  "collide:nn_last_partner"
[kp]    149.80s  alloc        711.9 MB  Cuda     live     4878.3 MB  "collide:nn_last_partner"
[kp]    149.80s  dealloc      711.9 MB  Cuda     live     4166.3 MB  "collide:nn_last_partner"
[kp]    149.85s  alloc        711.9 MB  Cuda     live     4878.3 MB  "collide:nn_last_partner"
[kp]    149.85s  dealloc      711.9 MB  Cuda     live     4166.3 MB  "collide:nn_last_partner"
[kp]    149.90s  alloc        711.9 MB  Cuda     live     4878.3 MB  "collide:nn_last_partner"
[kp]    149.90s  dealloc      711.9 MB  Cuda     live     4166.3 MB  "collide:nn_last_partner"
[kp]    149.95s  alloc        711.9 MB  Cuda     live     4878.3 MB  "collide:nn_last_partner"
[kp]    149.95s  dealloc      711.9 MB  Cuda     live     4166.3 MB  "collide:nn_last_partner"
[kp]    150.00s  alloc        711.9 MB  Cuda     live     4878.3 MB  "collide:nn_last_partner"
[kp]    150.00s  dealloc      711.9 MB  Cuda     live     4166.3 MB  "collide:nn_last_partner"
[kp]    150.05s  alloc        711.9 MB  Cuda     live     4878.3 MB  "collide:nn_last_partner"
[kp]    150.05s  dealloc      711.9 MB  Cuda     live     4166.3 MB  "collide:nn_last_partner"
[kp]    150.10s  alloc        711.9 MB  Cuda     live     4878.3 MB  "collide:nn_last_partner"
[kp]    150.10s  dealloc      711.9 MB  Cuda     live     4166.3 MB  "collide:nn_last_partner"
[kp]    150.15s  alloc        711.9 MB  Cuda     live     4878.3 MB  "collide:nn_last_partner"
[kp]    150.15s  dealloc      711.9 MB  Cuda     live     4166.3 MB  "collide:nn_last_partner"
[kp]    150.20s  alloc        711.9 MB  Cuda     live     4878.3 MB  "collide:nn_last_partner"
[kp]    150.21s  dealloc      711.9 MB  Cuda     live     4166.3 MB  "collide:nn_last_partner"
[kp]    150.26s  alloc        711.9 MB  Cuda     live     4878.3 MB  "collide:nn_last_partner"
[kp]    150.26s  dealloc      711.9 MB  Cuda     live     4166.3 MB  "collide:nn_last_partner"
[kp]    150.31s  alloc        711.9 MB  Cuda     live     4878.3 MB  "collide:nn_last_partner"
[kp]    150.31s  dealloc      711.9 MB  Cuda     live     4166.3 MB  "collide:nn_last_partner"
[kp]    150.36s  alloc        711.9 MB  Cuda     live     4878.3 MB  "collide:nn_last_partner"
[kp]    150.36s  dealloc      711.9 MB  Cuda     live     4166.3 MB  "collide:nn_last_partner"
[kp]    150.41s  alloc        711.9 MB  Cuda     live     4878.3 MB  "collide:nn_last_partner"
[kp]    150.41s  dealloc      711.9 MB  Cuda     live     4166.3 MB  "collide:nn_last_partner"
[kp]    150.46s  alloc        711.9 MB  Cuda     live     4878.3 MB  "collide:nn_last_partner"
[kp]    150.46s  dealloc      711.9 MB  Cuda     live     4166.3 MB  "collide:nn_last_partner"
[kp]    150.51s  alloc        711.9 MB  Cuda     live     4878.3 MB  "collide:nn_last_partner"
[kp]    150.51s  dealloc      711.9 MB  Cuda     live     4166.3 MB  "collide:nn_last_partner"
[kp]    150.56s  alloc        711.9 MB  Cuda     live     4878.3 MB  "collide:nn_last_partner"
[kp]    150.56s  dealloc      711.9 MB  Cuda     live     4166.3 MB  "collide:nn_last_partner"
[kp]    150.61s  alloc        711.9 MB  Cuda     live     4878.3 MB  "collide:nn_last_partner"
[kp]    150.61s  dealloc      711.9 MB  Cuda     live     4166.3 MB  "collide:nn_last_partner"
[kp]    150.66s  alloc        711.9 MB  Cuda     live     4878.3 MB  "collide:nn_last_partner"
[kp]    150.66s  dealloc      711.9 MB  Cuda     live     4166.3 MB  "collide:nn_last_partner"
[kp]    150.71s  alloc        711.9 MB  Cuda     live     4878.3 MB  "collide:nn_last_partner"
[kp]    150.71s  dealloc      711.9 MB  Cuda     live     4166.3 MB  "collide:nn_last_partner"
[kp]    150.76s  alloc        711.9 MB  Cuda     live     4878.3 MB  "collide:nn_last_partner"
[kp]    150.76s  dealloc      711.9 MB  Cuda     live     4166.3 MB  "collide:nn_last_partner"
[kp]    150.81s  alloc        711.9 MB  Cuda     live     4878.3 MB  "collide:nn_last_partner"
[kp]    150.81s  dealloc      711.9 MB  Cuda     live     4166.3 MB  "collide:nn_last_partner"
[kp]    150.86s  alloc        711.9 MB  Cuda     live     4878.3 MB  "collide:nn_last_partner"
[kp]    150.86s  dealloc      711.9 MB  Cuda     live     4166.3 MB  "collide:nn_last_partner"
[kp]    150.91s  alloc        711.9 MB  Cuda     live     4878.3 MB  "collide:nn_last_partner"
[kp]    150.91s  dealloc      711.9 MB  Cuda     live     4166.3 MB  "collide:nn_last_partner"
[kp]    150.96s  alloc        711.9 MB  Cuda     live     4878.3 MB  "collide:nn_last_partner"
[kp]    150.96s  dealloc      711.9 MB  Cuda     live     4166.3 MB  "collide:nn_last_partner"
[kp]    151.01s  alloc        711.9 MB  Cuda     live     4878.3 MB  "collide:nn_last_partner"
[kp]    151.01s  dealloc      711.9 MB  Cuda     live     4166.3 MB  "collide:nn_last_partner"
[kp]    151.06s  alloc        711.9 MB  Cuda     live     4878.3 MB  "collide:nn_last_partner"
[kp]    151.06s  dealloc      711.9 MB  Cuda     live     4166.3 MB  "collide:nn_last_partner"
[kp]    151.11s  alloc        711.9 MB  Cuda     live     4878.3 MB  "collide:nn_last_partner"
[kp]    151.11s  dealloc      711.9 MB  Cuda     live     4166.3 MB  "collide:nn_last_partner"
[kp]    151.16s  alloc        711.9 MB  Cuda     live     4878.3 MB  "collide:nn_last_partner"
[kp]    151.16s  dealloc      711.9 MB  Cuda     live     4166.3 MB  "collide:nn_last_partner"
[kp]    151.21s  alloc        711.9 MB  Cuda     live     4878.3 MB  "collide:nn_last_partner"
[kp]    151.21s  dealloc      711.9 MB  Cuda     live     4166.3 MB  "collide:nn_last_partner"
[kp]    151.26s  alloc        711.9 MB  Cuda     live     4878.3 MB  "collide:nn_last_partner"
[kp]    151.26s  dealloc      711.9 MB  Cuda     live     4166.3 MB  "collide:nn_last_partner"
[kp]    151.31s  alloc        711.9 MB  Cuda     live     4878.3 MB  "collide:nn_last_partner"
[kp]    151.32s  dealloc      711.9 MB  Cuda     live     4166.3 MB  "collide:nn_last_partner"
[kp]    151.36s  alloc        711.9 MB  Cuda     live     4878.3 MB  "collide:nn_last_partner"
[kp]    151.37s  dealloc      711.9 MB  Cuda     live     4166.3 MB  "collide:nn_last_partner"
[kp]    151.42s  alloc        711.9 MB  Cuda     live     4878.3 MB  "collide:nn_last_partner"
[kp]    151.42s  dealloc      711.9 MB  Cuda     live     4166.3 MB  "collide:nn_last_partner"
[kp]    151.47s  alloc        711.9 MB  Cuda     live     4878.3 MB  "collide:nn_last_partner"
[kp]    151.47s  dealloc      711.9 MB  Cuda     live     4166.3 MB  "collide:nn_last_partner"
[kp]    151.52s  alloc        711.9 MB  Cuda     live     4878.3 MB  "collide:nn_last_partner"
[kp]    151.52s  dealloc      711.9 MB  Cuda     live     4166.3 MB  "collide:nn_last_partner"
[kp]    151.57s  alloc        711.9 MB  Cuda     live     4878.3 MB  "collide:nn_last_partner"
[kp]    151.57s  dealloc      711.9 MB  Cuda     live     4166.3 MB  "collide:nn_last_partner"
[kp]    151.62s  alloc        711.9 MB  Cuda     live     4878.3 MB  "collide:nn_last_partner"
[kp]    151.62s  dealloc      711.9 MB  Cuda     live     4166.3 MB  "collide:nn_last_partner"
[kp]    151.67s  alloc        711.9 MB  Cuda     live     4878.3 MB  "collide:nn_last_partner"
[kp]    151.67s  dealloc      711.9 MB  Cuda     live     4166.3 MB  "collide:nn_last_partner"
[kp]    151.72s  alloc        711.9 MB  Cuda     live     4878.3 MB  "collide:nn_last_partner"
[kp]    151.72s  dealloc      711.9 MB  Cuda     live     4166.3 MB  "collide:nn_last_partner"
[kp]    151.77s  alloc        711.9 MB  Cuda     live     4878.3 MB  "collide:nn_last_partner"
[kp]    151.77s  dealloc      711.9 MB  Cuda     live     4166.3 MB  "collide:nn_last_partner"
[kp]    151.82s  alloc        711.9 MB  Cuda     live     4878.3 MB  "collide:nn_last_partner"
[kp]    151.82s  dealloc      711.9 MB  Cuda     live     4166.3 MB  "collide:nn_last_partner"
[kp]    151.87s  alloc        711.9 MB  Cuda     live     4878.3 MB  "collide:nn_last_partner"
[kp]    151.87s  dealloc      711.9 MB  Cuda     live     4166.3 MB  "collide:nn_last_partner"
[kp]    151.92s  alloc        711.9 MB  Cuda     live     4878.3 MB  "collide:nn_last_partner"
[kp]    151.92s  dealloc      711.9 MB  Cuda     live     4166.3 MB  "collide:nn_last_partner"
[kp]    151.97s  alloc        711.9 MB  Cuda     live     4878.3 MB  "collide:nn_last_partner"
[kp]    151.97s  dealloc      711.9 MB  Cuda     live     4166.3 MB  "collide:nn_last_partner"
[kp]    152.02s  alloc        711.9 MB  Cuda     live     4878.3 MB  "collide:nn_last_partner"
[kp]    152.02s  dealloc      711.9 MB  Cuda     live     4166.3 MB  "collide:nn_last_partner"
[kp]    152.07s  alloc        711.9 MB  Cuda     live     4878.3 MB  "collide:nn_last_partner"
[kp]    152.07s  dealloc      711.9 MB  Cuda     live     4166.3 MB  "collide:nn_last_partner"
[kp]    152.12s  alloc        711.9 MB  Cuda     live     4878.3 MB  "collide:nn_last_partner"
[kp]    152.12s  dealloc      711.9 MB  Cuda     live     4166.3 MB  "collide:nn_last_partner"
[kp]    152.17s  alloc        711.9 MB  Cuda     live     4878.3 MB  "collide:nn_last_partner"
[kp]    152.17s  dealloc      711.9 MB  Cuda     live     4166.3 MB  "collide:nn_last_partner"
[kp]    152.22s  alloc        711.9 MB  Cuda     live     4878.3 MB  "collide:nn_last_partner"
[kp]    152.22s  dealloc      711.9 MB  Cuda     live     4166.3 MB  "collide:nn_last_partner"
[kp]    152.27s  alloc        711.9 MB  Cuda     live     4878.3 MB  "collide:nn_last_partner"
[kp]    152.27s  dealloc      711.9 MB  Cuda     live     4166.3 MB  "collide:nn_last_partner"
[kp]    152.32s  alloc        711.9 MB  Cuda     live     4878.3 MB  "collide:nn_last_partner"
[kp]    152.32s  dealloc      711.9 MB  Cuda     live     4166.3 MB  "collide:nn_last_partner"
[kp]    152.37s  alloc        711.9 MB  Cuda     live     4878.3 MB  "collide:nn_last_partner"
[kp]    152.37s  dealloc      711.9 MB  Cuda     live     4166.3 MB  "collide:nn_last_partner"
[kp]    152.42s  alloc        711.9 MB  Cuda     live     4878.3 MB  "collide:nn_last_partner"
[kp]    152.42s  dealloc      711.9 MB  Cuda     live     4166.3 MB  "collide:nn_last_partner"
[kp]    152.47s  alloc        711.9 MB  Cuda     live     4878.3 MB  "collide:nn_last_partner"
[kp]    152.48s  dealloc      711.9 MB  Cuda     live     4166.3 MB  "collide:nn_last_partner"
[kp]    152.52s  alloc        711.9 MB  Cuda     live     4878.3 MB  "collide:nn_last_partner"
[kp]    152.53s  dealloc      711.9 MB  Cuda     live     4166.3 MB  "collide:nn_last_partner"
[kp]    152.58s  alloc        711.9 MB  Cuda     live     4878.3 MB  "collide:nn_last_partner"
[kp]    152.58s  dealloc      711.9 MB  Cuda     live     4166.3 MB  "collide:nn_last_partner"
[kp]    152.63s  alloc        711.9 MB  Cuda     live     4878.3 MB  "collide:nn_last_partner"
[kp]    152.63s  dealloc      711.9 MB  Cuda     live     4166.3 MB  "collide:nn_last_partner"
[kp]    152.68s  alloc        711.9 MB  Cuda     live     4878.3 MB  "collide:nn_last_partner"
[kp]    152.68s  dealloc      711.9 MB  Cuda     live     4166.3 MB  "collide:nn_last_partner"
[kp]    152.73s  alloc        711.9 MB  Cuda     live     4878.3 MB  "collide:nn_last_partner"
[kp]    152.73s  dealloc      711.9 MB  Cuda     live     4166.3 MB  "collide:nn_last_partner"
    2500    140.09906 5.8180195e-08    19.393398        3e-09 27695846   102450    53712        0        0    296.85262 
[kp]    152.89s  alloc        711.9 MB  Cuda     live     4878.3 MB  "collide:nn_last_partner"
[kp]    152.89s  dealloc      711.9 MB  Cuda     live     4166.3 MB  "collide:nn_last_partner"
[kp]    152.94s  alloc        711.9 MB  Cuda     live     4878.3 MB  "collide:nn_last_partner"
[kp]    152.94s  dealloc      711.9 MB  Cuda     live     4166.3 MB  "collide:nn_last_partner"
[kp]    152.99s  alloc        711.9 MB  Cuda     live     4878.3 MB  "collide:nn_last_partner"
[kp]    152.99s  dealloc      711.9 MB  Cuda     live     4166.3 MB  "collide:nn_last_partner"
[kp]    153.04s  alloc        711.9 MB  Cuda     live     4878.3 MB  "collide:nn_last_partner"
[kp]    153.04s  dealloc      711.9 MB  Cuda     live     4166.3 MB  "collide:nn_last_partner"
[kp]    153.09s  alloc        711.9 MB  Cuda     live     4878.3 MB  "collide:nn_last_partner"
[kp]    153.09s  dealloc      711.9 MB  Cuda     live     4166.3 MB  "collide:nn_last_partner"
[kp]    153.14s  alloc        711.9 MB  Cuda     live     4878.3 MB  "collide:nn_last_partner"
[kp]    153.14s  dealloc      711.9 MB  Cuda     live     4166.3 MB  "collide:nn_last_partner"
[kp]    153.19s  alloc        711.9 MB  Cuda     live     4878.3 MB  "collide:nn_last_partner"
[kp]    153.19s  dealloc      711.9 MB  Cuda     live     4166.3 MB  "collide:nn_last_partner"
[kp]    153.24s  alloc        711.9 MB  Cuda     live     4878.3 MB  "collide:nn_last_partner"
[kp]    153.24s  dealloc      711.9 MB  Cuda     live     4166.3 MB  "collide:nn_last_partner"
[kp]    153.29s  alloc        711.9 MB  Cuda     live     4878.3 MB  "collide:nn_last_partner"
[kp]    153.29s  dealloc      711.9 MB  Cuda     live     4166.3 MB  "collide:nn_last_partner"
[kp]    153.34s  alloc        711.9 MB  Cuda     live     4878.3 MB  "collide:nn_last_partner"
[kp]    153.34s  dealloc      711.9 MB  Cuda     live     4166.3 MB  "collide:nn_last_partner"
[kp]    153.39s  alloc        711.9 MB  Cuda     live     4878.3 MB  "collide:nn_last_partner"
[kp]    153.39s  dealloc      711.9 MB  Cuda     live     4166.3 MB  "collide:nn_last_partner"
[kp]    153.44s  alloc        711.9 MB  Cuda     live     4878.3 MB  "collide:nn_last_partner"
[kp]    153.44s  dealloc      711.9 MB  Cuda     live     4166.3 MB  "collide:nn_last_partner"
[kp]    153.49s  alloc        711.9 MB  Cuda     live     4878.3 MB  "collide:nn_last_partner"
[kp]    153.49s  dealloc      711.9 MB  Cuda     live     4166.3 MB  "collide:nn_last_partner"
[kp]    153.54s  alloc        711.9 MB  Cuda     live     4878.3 MB  "collide:nn_last_partner"
[kp]    153.54s  dealloc      711.9 MB  Cuda     live     4166.3 MB  "collide:nn_last_partner"
[kp]    153.59s  alloc        711.9 MB  Cuda     live     4878.3 MB  "collide:nn_last_partner"
[kp]    153.59s  dealloc      711.9 MB  Cuda     live     4166.3 MB  "collide:nn_last_partner"
[kp]    153.64s  alloc        711.9 MB  Cuda     live     4878.3 MB  "collide:nn_last_partner"
[kp]    153.65s  dealloc      711.9 MB  Cuda     live     4166.3 MB  "collide:nn_last_partner"
[kp]    153.69s  alloc        711.9 MB  Cuda     live     4878.3 MB  "collide:nn_last_partner"
[kp]    153.70s  dealloc      711.9 MB  Cuda     live     4166.3 MB  "collide:nn_last_partner"
[kp]    153.75s  alloc        711.9 MB  Cuda     live     4878.3 MB  "collide:nn_last_partner"
[kp]    153.75s  dealloc      711.9 MB  Cuda     live     4166.3 MB  "collide:nn_last_partner"
[kp]    153.80s  alloc        711.9 MB  Cuda     live     4878.3 MB  "collide:nn_last_partner"
[kp]    153.80s  dealloc      711.9 MB  Cuda     live     4166.3 MB  "collide:nn_last_partner"
[kp]    153.85s  alloc        711.9 MB  Cuda     live     4878.3 MB  "collide:nn_last_partner"
[kp]    153.85s  dealloc      711.9 MB  Cuda     live     4166.3 MB  "collide:nn_last_partner"
[kp]    153.90s  alloc        711.9 MB  Cuda     live     4878.3 MB  "collide:nn_last_partner"
[kp]    153.90s  dealloc      711.9 MB  Cuda     live     4166.3 MB  "collide:nn_last_partner"
[kp]    153.95s  alloc        711.9 MB  Cuda     live     4878.3 MB  "collide:nn_last_partner"
[kp]    153.95s  dealloc      711.9 MB  Cuda     live     4166.3 MB  "collide:nn_last_partner"
[kp]    154.00s  alloc        711.9 MB  Cuda     live     4878.3 MB  "collide:nn_last_partner"
[kp]    154.00s  dealloc      711.9 MB  Cuda     live     4166.3 MB  "collide:nn_last_partner"
[kp]    154.05s  alloc        711.9 MB  Cuda     live     4878.3 MB  "collide:nn_last_partner"
[kp]    154.05s  dealloc      711.9 MB  Cuda     live     4166.3 MB  "collide:nn_last_partner"
[kp]    154.10s  alloc        711.9 MB  Cuda     live     4878.3 MB  "collide:nn_last_partner"
[kp]    154.10s  dealloc      711.9 MB  Cuda     live     4166.3 MB  "collide:nn_last_partner"
[kp]    154.15s  alloc        711.9 MB  Cuda     live     4878.3 MB  "collide:nn_last_partner"
[kp]    154.15s  dealloc      711.9 MB  Cuda     live     4166.3 MB  "collide:nn_last_partner"
[kp]    154.20s  alloc        711.9 MB  Cuda     live     4878.3 MB  "collide:nn_last_partner"
[kp]    154.20s  dealloc      711.9 MB  Cuda     live     4166.3 MB  "collide:nn_last_partner"
[kp]    154.25s  alloc        711.9 MB  Cuda     live     4878.3 MB  "collide:nn_last_partner"
[kp]    154.25s  dealloc      711.9 MB  Cuda     live     4166.3 MB  "collide:nn_last_partner"
[kp]    154.30s  alloc        711.9 MB  Cuda     live     4878.3 MB  "collide:nn_last_partner"
[kp]    154.30s  dealloc      711.9 MB  Cuda     live     4166.3 MB  "collide:nn_last_partner"
[kp]    154.35s  alloc        711.9 MB  Cuda     live     4878.3 MB  "collide:nn_last_partner"
[kp]    154.35s  dealloc      711.9 MB  Cuda     live     4166.3 MB  "collide:nn_last_partner"
[kp]    154.40s  alloc        711.9 MB  Cuda     live     4878.3 MB  "collide:nn_last_partner"
[kp]    154.40s  dealloc      711.9 MB  Cuda     live     4166.3 MB  "collide:nn_last_partner"
[kp]    154.45s  alloc        711.9 MB  Cuda     live     4878.3 MB  "collide:nn_last_partner"
[kp]    154.45s  dealloc      711.9 MB  Cuda     live     4166.3 MB  "collide:nn_last_partner"
[kp]    154.50s  alloc        711.9 MB  Cuda     live     4878.3 MB  "collide:nn_last_partner"
[kp]    154.50s  dealloc      711.9 MB  Cuda     live     4166.3 MB  "collide:nn_last_partner"
[kp]    154.55s  alloc        711.9 MB  Cuda     live     4878.3 MB  "collide:nn_last_partner"
[kp]    154.55s  dealloc      711.9 MB  Cuda     live     4166.3 MB  "collide:nn_last_partner"
[kp]    154.60s  alloc        711.9 MB  Cuda     live     4878.3 MB  "collide:nn_last_partner"
[kp]    154.60s  dealloc      711.9 MB  Cuda     live     4166.3 MB  "collide:nn_last_partner"
[kp]    154.65s  alloc        711.9 MB  Cuda     live     4878.3 MB  "collide:nn_last_partner"
[kp]    154.65s  dealloc      711.9 MB  Cuda     live     4166.3 MB  "collide:nn_last_partner"
[kp]    154.70s  alloc        711.9 MB  Cuda     live     4878.3 MB  "collide:nn_last_partner"
[kp]    154.70s  dealloc      711.9 MB  Cuda     live     4166.3 MB  "collide:nn_last_partner"
[kp]    154.75s  alloc        711.9 MB  Cuda     live     4878.3 MB  "collide:nn_last_partner"
[kp]    154.75s  dealloc      711.9 MB  Cuda     live     4166.3 MB  "collide:nn_last_partner"
[kp]    154.80s  alloc        711.9 MB  Cuda     live     4878.3 MB  "collide:nn_last_partner"
[kp]    154.80s  dealloc      711.9 MB  Cuda     live     4166.3 MB  "collide:nn_last_partner"
[kp]    154.85s  alloc        711.9 MB  Cuda     live     4878.3 MB  "collide:nn_last_partner"
[kp]    154.86s  dealloc      711.9 MB  Cuda     live     4166.3 MB  "collide:nn_last_partner"
[kp]    154.91s  alloc        711.9 MB  Cuda     live     4878.3 MB  "collide:nn_last_partner"
[kp]    154.91s  dealloc      711.9 MB  Cuda     live     4166.3 MB  "collide:nn_last_partner"
[kp]    154.96s  alloc        711.9 MB  Cuda     live     4878.3 MB  "collide:nn_last_partner"
[kp]    154.96s  dealloc      711.9 MB  Cuda     live     4166.3 MB  "collide:nn_last_partner"
[kp]    155.01s  alloc        711.9 MB  Cuda     live     4878.3 MB  "collide:nn_last_partner"
[kp]    155.01s  dealloc      711.9 MB  Cuda     live     4166.3 MB  "collide:nn_last_partner"
[kp]    155.06s  alloc        711.9 MB  Cuda     live     4878.3 MB  "collide:nn_last_partner"
[kp]    155.06s  dealloc      711.9 MB  Cuda     live     4166.3 MB  "collide:nn_last_partner"
[kp]    155.11s  alloc        711.9 MB  Cuda     live     4878.3 MB  "collide:nn_last_partner"
[kp]    155.11s  dealloc      711.9 MB  Cuda     live     4166.3 MB  "collide:nn_last_partner"
[kp]    155.16s  alloc        711.9 MB  Cuda     live     4878.3 MB  "collide:nn_last_partner"
[kp]    155.16s  dealloc      711.9 MB  Cuda     live     4166.3 MB  "collide:nn_last_partner"
[kp]    155.21s  alloc        711.9 MB  Cuda     live     4878.3 MB  "collide:nn_last_partner"
[kp]    155.21s  dealloc      711.9 MB  Cuda     live     4166.3 MB  "collide:nn_last_partner"
[kp]    155.26s  alloc        711.9 MB  Cuda     live     4878.3 MB  "collide:nn_last_partner"
[kp]    155.26s  dealloc      711.9 MB  Cuda     live     4166.3 MB  "collide:nn_last_partner"
[kp]    155.31s  alloc        711.9 MB  Cuda     live     4878.3 MB  "collide:nn_last_partner"
[kp]    155.31s  dealloc      711.9 MB  Cuda     live     4166.3 MB  "collide:nn_last_partner"
[kp]    155.36s  alloc        711.9 MB  Cuda     live     4878.3 MB  "collide:nn_last_partner"
[kp]    155.36s  dealloc      711.9 MB  Cuda     live     4166.3 MB  "collide:nn_last_partner"
[kp]    155.41s  alloc        711.9 MB  Cuda     live     4878.3 MB  "collide:nn_last_partner"
[kp]    155.41s  dealloc      711.9 MB  Cuda     live     4166.3 MB  "collide:nn_last_partner"
[kp]    155.46s  alloc        711.9 MB  Cuda     live     4878.3 MB  "collide:nn_last_partner"
[kp]    155.46s  dealloc      711.9 MB  Cuda     live     4166.3 MB  "collide:nn_last_partner"
[kp]    155.51s  alloc        711.9 MB  Cuda     live     4878.3 MB  "collide:nn_last_partner"
[kp]    155.51s  dealloc      711.9 MB  Cuda     live     4166.3 MB  "collide:nn_last_partner"
[kp]    155.56s  alloc        711.9 MB  Cuda     live     4878.3 MB  "collide:nn_last_partner"
[kp]    155.56s  dealloc      711.9 MB  Cuda     live     4166.3 MB  "collide:nn_last_partner"
[kp]    155.61s  alloc        711.9 MB  Cuda     live     4878.3 MB  "collide:nn_last_partner"
[kp]    155.61s  dealloc      711.9 MB  Cuda     live     4166.3 MB  "collide:nn_last_partner"
[kp]    155.66s  alloc        711.9 MB  Cuda     live     4878.3 MB  "collide:nn_last_partner"
[kp]    155.66s  dealloc      711.9 MB  Cuda     live     4166.3 MB  "collide:nn_last_partner"
[kp]    155.71s  alloc        711.9 MB  Cuda     live     4878.3 MB  "collide:nn_last_partner"
[kp]    155.71s  dealloc      711.9 MB  Cuda     live     4166.3 MB  "collide:nn_last_partner"
[kp]    155.76s  alloc        711.9 MB  Cuda     live     4878.3 MB  "collide:nn_last_partner"
[kp]    155.76s  dealloc      711.9 MB  Cuda     live     4166.3 MB  "collide:nn_last_partner"
[kp]    155.81s  alloc        711.9 MB  Cuda     live     4878.3 MB  "collide:nn_last_partner"
[kp]    155.81s  dealloc      711.9 MB  Cuda     live     4166.3 MB  "collide:nn_last_partner"
[kp]    155.86s  alloc        711.9 MB  Cuda     live     4878.3 MB  "collide:nn_last_partner"
[kp]    155.86s  dealloc      711.9 MB  Cuda     live     4166.3 MB  "collide:nn_last_partner"
[kp]    155.91s  alloc        711.9 MB  Cuda     live     4878.3 MB  "collide:nn_last_partner"
[kp]    155.91s  dealloc      711.9 MB  Cuda     live     4166.3 MB  "collide:nn_last_partner"
[kp]    155.96s  alloc        711.9 MB  Cuda     live     4878.3 MB  "collide:nn_last_partner"
[kp]    155.96s  dealloc      711.9 MB  Cuda     live     4166.3 MB  "collide:nn_last_partner"
[kp]    156.01s  alloc        711.9 MB  Cuda     live     4878.3 MB  "collide:nn_last_partner"
[kp]    156.01s  dealloc      711.9 MB  Cuda     live     4166.3 MB  "collide:nn_last_partner"
[kp]    156.06s  alloc        711.9 MB  Cuda     live     4878.3 MB  "collide:nn_last_partner"
[kp]    156.07s  dealloc      711.9 MB  Cuda     live     4166.3 MB  "collide:nn_last_partner"
[kp]    156.11s  alloc        711.9 MB  Cuda     live     4878.3 MB  "collide:nn_last_partner"
[kp]    156.12s  dealloc      711.9 MB  Cuda     live     4166.3 MB  "collide:nn_last_partner"
[kp]    156.17s  alloc        711.9 MB  Cuda     live     4878.3 MB  "collide:nn_last_partner"
[kp]    156.17s  dealloc      711.9 MB  Cuda     live     4166.3 MB  "collide:nn_last_partner"
[kp]    156.22s  alloc        711.9 MB  Cuda     live     4878.3 MB  "collide:nn_last_partner"
[kp]    156.22s  dealloc      711.9 MB  Cuda     live     4166.3 MB  "collide:nn_last_partner"
[kp]    156.27s  alloc        711.9 MB  Cuda     live     4878.3 MB  "collide:nn_last_partner"
[kp]    156.27s  dealloc      711.9 MB  Cuda     live     4166.3 MB  "collide:nn_last_partner"
[kp]    156.32s  alloc        711.9 MB  Cuda     live     4878.3 MB  "collide:nn_last_partner"
[kp]    156.32s  dealloc      711.9 MB  Cuda     live     4166.3 MB  "collide:nn_last_partner"
[kp]    156.37s  alloc        711.9 MB  Cuda     live     4878.3 MB  "collide:nn_last_partner"
[kp]    156.37s  dealloc      711.9 MB  Cuda     live     4166.3 MB  "collide:nn_last_partner"
[kp]    156.42s  alloc        711.9 MB  Cuda     live     4878.3 MB  "collide:nn_last_partner"
[kp]    156.42s  dealloc      711.9 MB  Cuda     live     4166.3 MB  "collide:nn_last_partner"
[kp]    156.47s  alloc        711.9 MB  Cuda     live     4878.3 MB  "collide:nn_last_partner"
[kp]    156.47s  dealloc      711.9 MB  Cuda     live     4166.3 MB  "collide:nn_last_partner"
[kp]    156.52s  alloc        711.9 MB  Cuda     live     4878.3 MB  "collide:nn_last_partner"
[kp]    156.52s  dealloc      711.9 MB  Cuda     live     4166.3 MB  "collide:nn_last_partner"
[kp]    156.57s  alloc        711.9 MB  Cuda     live     4878.3 MB  "collide:nn_last_partner"
[kp]    156.57s  dealloc      711.9 MB  Cuda     live     4166.3 MB  "collide:nn_last_partner"
[kp]    156.62s  alloc        711.9 MB  Cuda     live     4878.3 MB  "collide:nn_last_partner"
[kp]    156.62s  dealloc      711.9 MB  Cuda     live     4166.3 MB  "collide:nn_last_partner"
[kp]    156.67s  alloc        711.9 MB  Cuda     live     4878.3 MB  "collide:nn_last_partner"
[kp]    156.67s  dealloc      711.9 MB  Cuda     live     4166.3 MB  "collide:nn_last_partner"
[kp]    156.72s  alloc        711.9 MB  Cuda     live     4878.3 MB  "collide:nn_last_partner"
[kp]    156.72s  dealloc      711.9 MB  Cuda     live     4166.3 MB  "collide:nn_last_partner"
[kp]    156.77s  alloc        711.9 MB  Cuda     live     4878.3 MB  "collide:nn_last_partner"
[kp]    156.77s  dealloc      711.9 MB  Cuda     live     4166.3 MB  "collide:nn_last_partner"
[kp]    156.82s  alloc        711.9 MB  Cuda     live     4878.3 MB  "collide:nn_last_partner"
[kp]    156.82s  dealloc      711.9 MB  Cuda     live     4166.3 MB  "collide:nn_last_partner"
[kp]    156.87s  alloc        711.9 MB  Cuda     live     4878.3 MB  "collide:nn_last_partner"
[kp]    156.87s  dealloc      711.9 MB  Cuda     live     4166.3 MB  "collide:nn_last_partner"
[kp]    156.92s  alloc        711.9 MB  Cuda     live     4878.3 MB  "collide:nn_last_partner"
[kp]    156.92s  dealloc      711.9 MB  Cuda     live     4166.3 MB  "collide:nn_last_partner"
[kp]    156.97s  alloc        711.9 MB  Cuda     live     4878.3 MB  "collide:nn_last_partner"
[kp]    156.97s  dealloc      711.9 MB  Cuda     live     4166.3 MB  "collide:nn_last_partner"
[kp]    157.02s  alloc        711.9 MB  Cuda     live     4878.3 MB  "collide:nn_last_partner"
[kp]    157.02s  dealloc      711.9 MB  Cuda     live     4166.3 MB  "collide:nn_last_partner"
[kp]    157.07s  alloc        711.9 MB  Cuda     live     4878.3 MB  "collide:nn_last_partner"
[kp]    157.07s  dealloc      711.9 MB  Cuda     live     4166.3 MB  "collide:nn_last_partner"
[kp]    157.12s  alloc        711.9 MB  Cuda     live     4878.3 MB  "collide:nn_last_partner"
[kp]    157.12s  dealloc      711.9 MB  Cuda     live     4166.3 MB  "collide:nn_last_partner"
[kp]    157.17s  alloc        711.9 MB  Cuda     live     4878.3 MB  "collide:nn_last_partner"
[kp]    157.17s  dealloc      711.9 MB  Cuda     live     4166.3 MB  "collide:nn_last_partner"
[kp]    157.22s  alloc        711.9 MB  Cuda     live     4878.3 MB  "collide:nn_last_partner"
[kp]    157.22s  dealloc      711.9 MB  Cuda     live     4166.3 MB  "collide:nn_last_partner"
[kp]    157.27s  alloc        711.9 MB  Cuda     live     4878.3 MB  "collide:nn_last_partner"
[kp]    157.27s  dealloc      711.9 MB  Cuda     live     4166.3 MB  "collide:nn_last_partner"
[kp]    157.32s  alloc        711.9 MB  Cuda     live     4878.3 MB  "collide:nn_last_partner"
[kp]    157.33s  dealloc      711.9 MB  Cuda     live     4166.3 MB  "collide:nn_last_partner"
[kp]    157.37s  alloc        711.9 MB  Cuda     live     4878.3 MB  "collide:nn_last_partner"
[kp]    157.38s  dealloc      711.9 MB  Cuda     live     4166.3 MB  "collide:nn_last_partner"
[kp]    157.43s  alloc        711.9 MB  Cuda     live     4878.3 MB  "collide:nn_last_partner"
[kp]    157.43s  dealloc      711.9 MB  Cuda     live     4166.3 MB  "collide:nn_last_partner"
[kp]    157.48s  alloc        711.9 MB  Cuda     live     4878.3 MB  "collide:nn_last_partner"
[kp]    157.48s  dealloc      711.9 MB  Cuda     live     4166.3 MB  "collide:nn_last_partner"
[kp]    157.53s  alloc        711.9 MB  Cuda     live     4878.3 MB  "collide:nn_last_partner"
[kp]    157.53s  dealloc      711.9 MB  Cuda     live     4166.3 MB  "collide:nn_last_partner"
[kp]    157.58s  alloc        711.9 MB  Cuda     live     4878.3 MB  "collide:nn_last_partner"
[kp]    157.58s  dealloc      711.9 MB  Cuda     live     4166.3 MB  "collide:nn_last_partner"
[kp]    157.63s  alloc        711.9 MB  Cuda     live     4878.3 MB  "collide:nn_last_partner"
[kp]    157.63s  dealloc      711.9 MB  Cuda     live     4166.3 MB  "collide:nn_last_partner"
[kp]    157.68s  alloc        711.9 MB  Cuda     live     4878.3 MB  "collide:nn_last_partner"
[kp]    157.68s  dealloc      711.9 MB  Cuda     live     4166.3 MB  "collide:nn_last_partner"
[kp]    157.73s  alloc        711.9 MB  Cuda     live     4878.3 MB  "collide:nn_last_partner"
[kp]    157.73s  dealloc      711.9 MB  Cuda     live     4166.3 MB  "collide:nn_last_partner"
[kp]    157.78s  alloc        711.9 MB  Cuda     live     4878.3 MB  "collide:nn_last_partner"
[kp]    157.78s  dealloc      711.9 MB  Cuda     live     4166.3 MB  "collide:nn_last_partner"
[kp]    157.83s  alloc        711.9 MB  Cuda     live     4878.3 MB  "collide:nn_last_partner"
[kp]    157.83s  dealloc      711.9 MB  Cuda     live     4166.3 MB  "collide:nn_last_partner"
[kp]    157.88s  alloc        711.9 MB  Cuda     live     4878.3 MB  "collide:nn_last_partner"
[kp]    157.88s  dealloc      711.9 MB  Cuda     live     4166.3 MB  "collide:nn_last_partner"
    2600    145.25108 5.8229615e-08    19.409872        3e-09 27664822   102035    53163        0        0    297.08677 
[kp]    158.04s  alloc        711.9 MB  Cuda     live     4878.3 MB  "collide:nn_last_partner"
[kp]    158.04s  dealloc      711.9 MB  Cuda     live     4166.3 MB  "collide:nn_last_partner"
[kp]    158.09s  alloc        711.9 MB  Cuda     live     4878.3 MB  "collide:nn_last_partner"
[kp]    158.09s  dealloc      711.9 MB  Cuda     live     4166.3 MB  "collide:nn_last_partner"
[kp]    158.14s  alloc        711.9 MB  Cuda     live     4878.3 MB  "collide:nn_last_partner"
[kp]    158.14s  dealloc      711.9 MB  Cuda     live     4166.3 MB  "collide:nn_last_partner"
[kp]    158.19s  alloc        711.9 MB  Cuda     live     4878.3 MB  "collide:nn_last_partner"
[kp]    158.19s  dealloc      711.9 MB  Cuda     live     4166.3 MB  "collide:nn_last_partner"
[kp]    158.24s  alloc        711.9 MB  Cuda     live     4878.3 MB  "collide:nn_last_partner"
[kp]    158.24s  dealloc      711.9 MB  Cuda     live     4166.3 MB  "collide:nn_last_partner"
[kp]    158.29s  alloc        711.9 MB  Cuda     live     4878.3 MB  "collide:nn_last_partner"
[kp]    158.29s  dealloc      711.9 MB  Cuda     live     4166.3 MB  "collide:nn_last_partner"
[kp]    158.34s  alloc        711.9 MB  Cuda     live     4878.3 MB  "collide:nn_last_partner"
[kp]    158.34s  dealloc      711.9 MB  Cuda     live     4166.3 MB  "collide:nn_last_partner"
[kp]    158.39s  alloc        711.9 MB  Cuda     live     4878.3 MB  "collide:nn_last_partner"
[kp]    158.39s  dealloc      711.9 MB  Cuda     live     4166.3 MB  "collide:nn_last_partner"
[kp]    158.44s  alloc        711.9 MB  Cuda     live     4878.3 MB  "collide:nn_last_partner"
[kp]    158.44s  dealloc      711.9 MB  Cuda     live     4166.3 MB  "collide:nn_last_partner"
[kp]    158.49s  alloc        711.9 MB  Cuda     live     4878.3 MB  "collide:nn_last_partner"
[kp]    158.49s  dealloc      711.9 MB  Cuda     live     4166.3 MB  "collide:nn_last_partner"
[kp]    158.54s  alloc        711.9 MB  Cuda     live     4878.3 MB  "collide:nn_last_partner"
[kp]    158.54s  dealloc      711.9 MB  Cuda     live     4166.3 MB  "collide:nn_last_partner"
[kp]    158.59s  alloc        711.9 MB  Cuda     live     4878.3 MB  "collide:nn_last_partner"
[kp]    158.59s  dealloc      711.9 MB  Cuda     live     4166.3 MB  "collide:nn_last_partner"
[kp]    158.64s  alloc        711.9 MB  Cuda     live     4878.3 MB  "collide:nn_last_partner"
[kp]    158.64s  dealloc      711.9 MB  Cuda     live     4166.3 MB  "collide:nn_last_partner"
[kp]    158.69s  alloc        711.9 MB  Cuda     live     4878.3 MB  "collide:nn_last_partner"
[kp]    158.70s  dealloc      711.9 MB  Cuda     live     4166.3 MB  "collide:nn_last_partner"
[kp]    158.74s  alloc        711.9 MB  Cuda     live     4878.3 MB  "collide:nn_last_partner"
[kp]    158.75s  dealloc      711.9 MB  Cuda     live     4166.3 MB  "collide:nn_last_partner"
[kp]    158.80s  alloc        711.9 MB  Cuda     live     4878.3 MB  "collide:nn_last_partner"
[kp]    158.80s  dealloc      711.9 MB  Cuda     live     4166.3 MB  "collide:nn_last_partner"
[kp]    158.85s  alloc        711.9 MB  Cuda     live     4878.3 MB  "collide:nn_last_partner"
[kp]    158.85s  dealloc      711.9 MB  Cuda     live     4166.3 MB  "collide:nn_last_partner"
[kp]    158.90s  alloc        711.9 MB  Cuda     live     4878.3 MB  "collide:nn_last_partner"
[kp]    158.90s  dealloc      711.9 MB  Cuda     live     4166.3 MB  "collide:nn_last_partner"
[kp]    158.95s  alloc        711.9 MB  Cuda     live     4878.3 MB  "collide:nn_last_partner"
[kp]    158.95s  dealloc      711.9 MB  Cuda     live     4166.3 MB  "collide:nn_last_partner"
[kp]    159.00s  alloc        711.9 MB  Cuda     live     4878.3 MB  "collide:nn_last_partner"
[kp]    159.00s  dealloc      711.9 MB  Cuda     live     4166.3 MB  "collide:nn_last_partner"
[kp]    159.05s  alloc        711.9 MB  Cuda     live     4878.3 MB  "collide:nn_last_partner"
[kp]    159.05s  dealloc      711.9 MB  Cuda     live     4166.3 MB  "collide:nn_last_partner"
[kp]    159.10s  alloc        711.9 MB  Cuda     live     4878.3 MB  "collide:nn_last_partner"
[kp]    159.10s  dealloc      711.9 MB  Cuda     live     4166.3 MB  "collide:nn_last_partner"
[kp]    159.15s  alloc        711.9 MB  Cuda     live     4878.3 MB  "collide:nn_last_partner"
[kp]    159.15s  dealloc      711.9 MB  Cuda     live     4166.3 MB  "collide:nn_last_partner"
[kp]    159.20s  alloc        711.9 MB  Cuda     live     4878.3 MB  "collide:nn_last_partner"
[kp]    159.20s  dealloc      711.9 MB  Cuda     live     4166.3 MB  "collide:nn_last_partner"
[kp]    159.25s  alloc        711.9 MB  Cuda     live     4878.3 MB  "collide:nn_last_partner"
[kp]    159.25s  dealloc      711.9 MB  Cuda     live     4166.3 MB  "collide:nn_last_partner"
[kp]    159.30s  alloc        711.9 MB  Cuda     live     4878.3 MB  "collide:nn_last_partner"
[kp]    159.30s  dealloc      711.9 MB  Cuda     live     4166.3 MB  "collide:nn_last_partner"
[kp]    159.35s  alloc        711.9 MB  Cuda     live     4878.3 MB  "collide:nn_last_partner"
[kp]    159.35s  dealloc      711.9 MB  Cuda     live     4166.3 MB  "collide:nn_last_partner"
[kp]    159.40s  alloc        711.9 MB  Cuda     live     4878.3 MB  "collide:nn_last_partner"
[kp]    159.40s  dealloc      711.9 MB  Cuda     live     4166.3 MB  "collide:nn_last_partner"
[kp]    159.45s  alloc        711.9 MB  Cuda     live     4878.3 MB  "collide:nn_last_partner"
[kp]    159.45s  dealloc      711.9 MB  Cuda     live     4166.3 MB  "collide:nn_last_partner"
[kp]    159.50s  alloc        711.9 MB  Cuda     live     4878.3 MB  "collide:nn_last_partner"
[kp]    159.50s  dealloc      711.9 MB  Cuda     live     4166.3 MB  "collide:nn_last_partner"
[kp]    159.55s  alloc        711.9 MB  Cuda     live     4878.3 MB  "collide:nn_last_partner"
[kp]    159.55s  dealloc      711.9 MB  Cuda     live     4166.3 MB  "collide:nn_last_partner"
[kp]    159.60s  alloc        711.9 MB  Cuda     live     4878.3 MB  "collide:nn_last_partner"
[kp]    159.60s  dealloc      711.9 MB  Cuda     live     4166.3 MB  "collide:nn_last_partner"
[kp]    159.65s  alloc        711.9 MB  Cuda     live     4878.3 MB  "collide:nn_last_partner"
[kp]    159.65s  dealloc      711.9 MB  Cuda     live     4166.3 MB  "collide:nn_last_partner"
[kp]    159.70s  alloc        711.9 MB  Cuda     live     4878.3 MB  "collide:nn_last_partner"
[kp]    159.70s  dealloc      711.9 MB  Cuda     live     4166.3 MB  "collide:nn_last_partner"
[kp]    159.75s  alloc        711.9 MB  Cuda     live     4878.3 MB  "collide:nn_last_partner"
[kp]    159.75s  dealloc      711.9 MB  Cuda     live     4166.3 MB  "collide:nn_last_partner"
[kp]    159.80s  alloc        711.9 MB  Cuda     live     4878.3 MB  "collide:nn_last_partner"
[kp]    159.80s  dealloc      711.9 MB  Cuda     live     4166.3 MB  "collide:nn_last_partner"
[kp]    159.85s  alloc        711.9 MB  Cuda     live     4878.3 MB  "collide:nn_last_partner"
[kp]    159.85s  dealloc      711.9 MB  Cuda     live     4166.3 MB  "collide:nn_last_partner"
[kp]    159.90s  alloc        711.9 MB  Cuda     live     4878.3 MB  "collide:nn_last_partner"
[kp]    159.90s  dealloc      711.9 MB  Cuda     live     4166.3 MB  "collide:nn_last_partner"
[kp]    159.95s  alloc        711.9 MB  Cuda     live     4878.3 MB  "collide:nn_last_partner"
[kp]    159.95s  dealloc      711.9 MB  Cuda     live     4166.3 MB  "collide:nn_last_partner"
[kp]    160.00s  alloc        711.9 MB  Cuda     live     4878.3 MB  "collide:nn_last_partner"
[kp]    160.01s  dealloc      711.9 MB  Cuda     live     4166.3 MB  "collide:nn_last_partner"
[kp]    160.05s  alloc        711.9 MB  Cuda     live     4878.3 MB  "collide:nn_last_partner"
[kp]    160.06s  dealloc      711.9 MB  Cuda     live     4166.3 MB  "collide:nn_last_partner"
[kp]    160.11s  alloc        711.9 MB  Cuda     live     4878.3 MB  "collide:nn_last_partner"
[kp]    160.11s  dealloc      711.9 MB  Cuda     live     4166.3 MB  "collide:nn_last_partner"
[kp]    160.16s  alloc        711.9 MB  Cuda     live     4878.3 MB  "collide:nn_last_partner"
[kp]    160.16s  dealloc      711.9 MB  Cuda     live     4166.3 MB  "collide:nn_last_partner"
[kp]    160.21s  alloc        711.9 MB  Cuda     live     4878.3 MB  "collide:nn_last_partner"
[kp]    160.21s  dealloc      711.9 MB  Cuda     live     4166.3 MB  "collide:nn_last_partner"
[kp]    160.26s  alloc        711.9 MB  Cuda     live     4878.3 MB  "collide:nn_last_partner"
[kp]    160.26s  dealloc      711.9 MB  Cuda     live     4166.3 MB  "collide:nn_last_partner"
[kp]    160.31s  alloc        711.9 MB  Cuda     live     4878.3 MB  "collide:nn_last_partner"
[kp]    160.31s  dealloc      711.9 MB  Cuda     live     4166.3 MB  "collide:nn_last_partner"
[kp]    160.36s  alloc        711.9 MB  Cuda     live     4878.3 MB  "collide:nn_last_partner"
[kp]    160.36s  dealloc      711.9 MB  Cuda     live     4166.3 MB  "collide:nn_last_partner"
[kp]    160.41s  alloc        711.9 MB  Cuda     live     4878.3 MB  "collide:nn_last_partner"
[kp]    160.41s  dealloc      711.9 MB  Cuda     live     4166.3 MB  "collide:nn_last_partner"
[kp]    160.46s  alloc        711.9 MB  Cuda     live     4878.3 MB  "collide:nn_last_partner"
[kp]    160.46s  dealloc      711.9 MB  Cuda     live     4166.3 MB  "collide:nn_last_partner"
[kp]    160.51s  alloc        711.9 MB  Cuda     live     4878.3 MB  "collide:nn_last_partner"
[kp]    160.51s  dealloc      711.9 MB  Cuda     live     4166.3 MB  "collide:nn_last_partner"
[kp]    160.56s  alloc        711.9 MB  Cuda     live     4878.3 MB  "collide:nn_last_partner"
[kp]    160.56s  dealloc      711.9 MB  Cuda     live     4166.3 MB  "collide:nn_last_partner"
[kp]    160.61s  alloc        711.9 MB  Cuda     live     4878.3 MB  "collide:nn_last_partner"
[kp]    160.61s  dealloc      711.9 MB  Cuda     live     4166.3 MB  "collide:nn_last_partner"
[kp]    160.66s  alloc        711.9 MB  Cuda     live     4878.3 MB  "collide:nn_last_partner"
[kp]    160.66s  dealloc      711.9 MB  Cuda     live     4166.3 MB  "collide:nn_last_partner"
[kp]    160.71s  alloc        711.9 MB  Cuda     live     4878.3 MB  "collide:nn_last_partner"
[kp]    160.71s  dealloc      711.9 MB  Cuda     live     4166.3 MB  "collide:nn_last_partner"
[kp]    160.76s  alloc        711.9 MB  Cuda     live     4878.3 MB  "collide:nn_last_partner"
[kp]    160.76s  dealloc      711.9 MB  Cuda     live     4166.3 MB  "collide:nn_last_partner"
[kp]    160.81s  alloc        711.9 MB  Cuda     live     4878.3 MB  "collide:nn_last_partner"
[kp]    160.81s  dealloc      711.9 MB  Cuda     live     4166.3 MB  "collide:nn_last_partner"
[kp]    160.86s  alloc        711.9 MB  Cuda     live     4878.3 MB  "collide:nn_last_partner"
[kp]    160.86s  dealloc      711.9 MB  Cuda     live     4166.3 MB  "collide:nn_last_partner"
[kp]    160.91s  alloc        711.9 MB  Cuda     live     4878.3 MB  "collide:nn_last_partner"
[kp]    160.91s  dealloc      711.9 MB  Cuda     live     4166.3 MB  "collide:nn_last_partner"
[kp]    160.96s  alloc        711.9 MB  Cuda     live     4878.3 MB  "collide:nn_last_partner"
[kp]    160.96s  dealloc      711.9 MB  Cuda     live     4166.3 MB  "collide:nn_last_partner"
[kp]    161.01s  alloc        711.9 MB  Cuda     live     4878.3 MB  "collide:nn_last_partner"
[kp]    161.01s  dealloc      711.9 MB  Cuda     live     4166.3 MB  "collide:nn_last_partner"
[kp]    161.06s  alloc        711.9 MB  Cuda     live     4878.3 MB  "collide:nn_last_partner"
[kp]    161.06s  dealloc      711.9 MB  Cuda     live     4166.3 MB  "collide:nn_last_partner"
[kp]    161.11s  alloc        711.9 MB  Cuda     live     4878.3 MB  "collide:nn_last_partner"
[kp]    161.11s  dealloc      711.9 MB  Cuda     live     4166.3 MB  "collide:nn_last_partner"
[kp]    161.16s  alloc        711.9 MB  Cuda     live     4878.3 MB  "collide:nn_last_partner"
[kp]    161.16s  dealloc      711.9 MB  Cuda     live     4166.3 MB  "collide:nn_last_partner"
[kp]    161.21s  alloc        711.9 MB  Cuda     live     4878.3 MB  "collide:nn_last_partner"
[kp]    161.21s  dealloc      711.9 MB  Cuda     live     4166.3 MB  "collide:nn_last_partner"
[kp]    161.26s  alloc        711.9 MB  Cuda     live     4878.3 MB  "collide:nn_last_partner"
[kp]    161.26s  dealloc      711.9 MB  Cuda     live     4166.3 MB  "collide:nn_last_partner"
[kp]    161.31s  alloc        711.9 MB  Cuda     live     4878.3 MB  "collide:nn_last_partner"
[kp]    161.32s  dealloc      711.9 MB  Cuda     live     4166.3 MB  "collide:nn_last_partner"
[kp]    161.36s  alloc        711.9 MB  Cuda     live     4878.3 MB  "collide:nn_last_partner"
[kp]    161.37s  dealloc      711.9 MB  Cuda     live     4166.3 MB  "collide:nn_last_partner"
[kp]    161.42s  alloc        711.9 MB  Cuda     live     4878.3 MB  "collide:nn_last_partner"
[kp]    161.42s  dealloc      711.9 MB  Cuda     live     4166.3 MB  "collide:nn_last_partner"
[kp]    161.47s  alloc        711.9 MB  Cuda     live     4878.3 MB  "collide:nn_last_partner"
[kp]    161.47s  dealloc      711.9 MB  Cuda     live     4166.3 MB  "collide:nn_last_partner"
[kp]    161.52s  alloc        711.9 MB  Cuda     live     4878.3 MB  "collide:nn_last_partner"
[kp]    161.52s  dealloc      711.9 MB  Cuda     live     4166.3 MB  "collide:nn_last_partner"
[kp]    161.57s  alloc        711.9 MB  Cuda     live     4878.3 MB  "collide:nn_last_partner"
[kp]    161.57s  dealloc      711.9 MB  Cuda     live     4166.3 MB  "collide:nn_last_partner"
[kp]    161.62s  alloc        711.9 MB  Cuda     live     4878.3 MB  "collide:nn_last_partner"
[kp]    161.62s  dealloc      711.9 MB  Cuda     live     4166.3 MB  "collide:nn_last_partner"
[kp]    161.67s  alloc        711.9 MB  Cuda     live     4878.3 MB  "collide:nn_last_partner"
[kp]    161.67s  dealloc      711.9 MB  Cuda     live     4166.3 MB  "collide:nn_last_partner"
[kp]    161.72s  alloc        711.9 MB  Cuda     live     4878.3 MB  "collide:nn_last_partner"
[kp]    161.72s  dealloc      711.9 MB  Cuda     live     4166.3 MB  "collide:nn_last_partner"
[kp]    161.77s  alloc        711.9 MB  Cuda     live     4878.3 MB  "collide:nn_last_partner"
[kp]    161.77s  dealloc      711.9 MB  Cuda     live     4166.3 MB  "collide:nn_last_partner"
[kp]    161.82s  alloc        711.9 MB  Cuda     live     4878.3 MB  "collide:nn_last_partner"
[kp]    161.82s  dealloc      711.9 MB  Cuda     live     4166.3 MB  "collide:nn_last_partner"
[kp]    161.87s  alloc        711.9 MB  Cuda     live     4878.3 MB  "collide:nn_last_partner"
[kp]    161.87s  dealloc      711.9 MB  Cuda     live     4166.3 MB  "collide:nn_last_partner"
[kp]    161.92s  alloc        711.9 MB  Cuda     live     4878.3 MB  "collide:nn_last_partner"
[kp]    161.92s  dealloc      711.9 MB  Cuda     live     4166.3 MB  "collide:nn_last_partner"
[kp]    161.97s  alloc        711.9 MB  Cuda     live     4878.3 MB  "collide:nn_last_partner"
[kp]    161.97s  dealloc      711.9 MB  Cuda     live     4166.3 MB  "collide:nn_last_partner"
[kp]    162.02s  alloc        711.9 MB  Cuda     live     4878.3 MB  "collide:nn_last_partner"
[kp]    162.02s  dealloc      711.9 MB  Cuda     live     4166.3 MB  "collide:nn_last_partner"
[kp]    162.07s  alloc        711.9 MB  Cuda     live     4878.3 MB  "collide:nn_last_partner"
[kp]    162.07s  dealloc      711.9 MB  Cuda     live     4166.3 MB  "collide:nn_last_partner"
[kp]    162.12s  alloc        711.9 MB  Cuda     live     4878.3 MB  "collide:nn_last_partner"
[kp]    162.12s  dealloc      711.9 MB  Cuda     live     4166.3 MB  "collide:nn_last_partner"
[kp]    162.17s  alloc        711.9 MB  Cuda     live     4878.3 MB  "collide:nn_last_partner"
[kp]    162.17s  dealloc      711.9 MB  Cuda     live     4166.3 MB  "collide:nn_last_partner"
[kp]    162.22s  alloc        711.9 MB  Cuda     live     4878.3 MB  "collide:nn_last_partner"
[kp]    162.22s  dealloc      711.9 MB  Cuda     live     4166.3 MB  "collide:nn_last_partner"
[kp]    162.27s  alloc        711.9 MB  Cuda     live     4878.3 MB  "collide:nn_last_partner"
[kp]    162.27s  dealloc      711.9 MB  Cuda     live     4166.3 MB  "collide:nn_last_partner"
[kp]    162.32s  alloc        711.9 MB  Cuda     live     4878.3 MB  "collide:nn_last_partner"
[kp]    162.32s  dealloc      711.9 MB  Cuda     live     4166.3 MB  "collide:nn_last_partner"
[kp]    162.37s  alloc        711.9 MB  Cuda     live     4878.3 MB  "collide:nn_last_partner"
[kp]    162.37s  dealloc      711.9 MB  Cuda     live     4166.3 MB  "collide:nn_last_partner"
[kp]    162.42s  alloc        711.9 MB  Cuda     live     4878.3 MB  "collide:nn_last_partner"
[kp]    162.42s  dealloc      711.9 MB  Cuda     live     4166.3 MB  "collide:nn_last_partner"
[kp]    162.47s  alloc        711.9 MB  Cuda     live     4878.3 MB  "collide:nn_last_partner"
[kp]    162.47s  dealloc      711.9 MB  Cuda     live     4166.3 MB  "collide:nn_last_partner"
[kp]    162.52s  alloc        711.9 MB  Cuda     live     4878.3 MB  "collide:nn_last_partner"
[kp]    162.52s  dealloc      711.9 MB  Cuda     live     4166.3 MB  "collide:nn_last_partner"
[kp]    162.57s  alloc        711.9 MB  Cuda     live     4878.3 MB  "collide:nn_last_partner"
[kp]    162.57s  dealloc      711.9 MB  Cuda     live     4166.3 MB  "collide:nn_last_partner"
[kp]    162.62s  alloc        711.9 MB  Cuda     live     4878.3 MB  "collide:nn_last_partner"
[kp]    162.62s  dealloc      711.9 MB  Cuda     live     4166.3 MB  "collide:nn_last_partner"
[kp]    162.67s  alloc        711.9 MB  Cuda     live     4878.3 MB  "collide:nn_last_partner"
[kp]    162.67s  dealloc      711.9 MB  Cuda     live     4166.3 MB  "collide:nn_last_partner"
[kp]    162.72s  alloc        711.9 MB  Cuda     live     4878.3 MB  "collide:nn_last_partner"
[kp]    162.72s  dealloc      711.9 MB  Cuda     live     4166.3 MB  "collide:nn_last_partner"
[kp]    162.77s  alloc        711.9 MB  Cuda     live     4878.3 MB  "collide:nn_last_partner"
[kp]    162.78s  dealloc      711.9 MB  Cuda     live     4166.3 MB  "collide:nn_last_partner"
[kp]    162.82s  alloc        711.9 MB  Cuda     live     4878.3 MB  "collide:nn_last_partner"
[kp]    162.83s  dealloc      711.9 MB  Cuda     live     4166.3 MB  "collide:nn_last_partner"
[kp]    162.88s  alloc        711.9 MB  Cuda     live     4878.3 MB  "collide:nn_last_partner"
[kp]    162.88s  dealloc      711.9 MB  Cuda     live     4166.3 MB  "collide:nn_last_partner"
[kp]    162.93s  alloc        711.9 MB  Cuda     live     4878.3 MB  "collide:nn_last_partner"
[kp]    162.93s  dealloc      711.9 MB  Cuda     live     4166.3 MB  "collide:nn_last_partner"
[kp]    162.98s  alloc        711.9 MB  Cuda     live     4878.3 MB  "collide:nn_last_partner"
[kp]    162.98s  dealloc      711.9 MB  Cuda     live     4166.3 MB  "collide:nn_last_partner"
[kp]    163.03s  alloc        711.9 MB  Cuda     live     4878.3 MB  "collide:nn_last_partner"
[kp]    163.03s  dealloc      711.9 MB  Cuda     live     4166.3 MB  "collide:nn_last_partner"
    2700    150.39977 5.8267165e-08    19.422387        3e-09 27637767   102264    53251        0        0    297.18489 
[kp]    163.19s  alloc        711.9 MB  Cuda     live     4878.3 MB  "collide:nn_last_partner"
[kp]    163.19s  dealloc      711.9 MB  Cuda     live     4166.3 MB  "collide:nn_last_partner"
[kp]    163.24s  alloc        711.9 MB  Cuda     live     4878.3 MB  "collide:nn_last_partner"
[kp]    163.24s  dealloc      711.9 MB  Cuda     live     4166.3 MB  "collide:nn_last_partner"
[kp]    163.29s  alloc        711.9 MB  Cuda     live     4878.3 MB  "collide:nn_last_partner"
[kp]    163.29s  dealloc      711.9 MB  Cuda     live     4166.3 MB  "collide:nn_last_partner"
[kp]    163.34s  alloc        711.9 MB  Cuda     live     4878.3 MB  "collide:nn_last_partner"
[kp]    163.34s  dealloc      711.9 MB  Cuda     live     4166.3 MB  "collide:nn_last_partner"
[kp]    163.39s  alloc        711.9 MB  Cuda     live     4878.3 MB  "collide:nn_last_partner"
[kp]    163.39s  dealloc      711.9 MB  Cuda     live     4166.3 MB  "collide:nn_last_partner"
[kp]    163.44s  alloc        711.9 MB  Cuda     live     4878.3 MB  "collide:nn_last_partner"
[kp]    163.44s  dealloc      711.9 MB  Cuda     live     4166.3 MB  "collide:nn_last_partner"
[kp]    163.49s  alloc        711.9 MB  Cuda     live     4878.3 MB  "collide:nn_last_partner"
[kp]    163.49s  dealloc      711.9 MB  Cuda     live     4166.3 MB  "collide:nn_last_partner"
[kp]    163.54s  alloc        711.9 MB  Cuda     live     4878.3 MB  "collide:nn_last_partner"
[kp]    163.54s  dealloc      711.9 MB  Cuda     live     4166.3 MB  "collide:nn_last_partner"
[kp]    163.59s  alloc        711.9 MB  Cuda     live     4878.3 MB  "collide:nn_last_partner"
[kp]    163.59s  dealloc      711.9 MB  Cuda     live     4166.3 MB  "collide:nn_last_partner"
[kp]    163.64s  alloc        711.9 MB  Cuda     live     4878.3 MB  "collide:nn_last_partner"
[kp]    163.64s  dealloc      711.9 MB  Cuda     live     4166.3 MB  "collide:nn_last_partner"
[kp]    163.69s  alloc        711.9 MB  Cuda     live     4878.3 MB  "collide:nn_last_partner"
[kp]    163.69s  dealloc      711.9 MB  Cuda     live     4166.3 MB  "collide:nn_last_partner"
[kp]    163.74s  alloc        711.9 MB  Cuda     live     4878.3 MB  "collide:nn_last_partner"
[kp]    163.74s  dealloc      711.9 MB  Cuda     live     4166.3 MB  "collide:nn_last_partner"
[kp]    163.79s  alloc        711.9 MB  Cuda     live     4878.3 MB  "collide:nn_last_partner"
[kp]    163.79s  dealloc      711.9 MB  Cuda     live     4166.3 MB  "collide:nn_last_partner"
[kp]    163.84s  alloc        711.9 MB  Cuda     live     4878.3 MB  "collide:nn_last_partner"
[kp]    163.84s  dealloc      711.9 MB  Cuda     live     4166.3 MB  "collide:nn_last_partner"
[kp]    163.89s  alloc        711.9 MB  Cuda     live     4878.3 MB  "collide:nn_last_partner"
[kp]    163.89s  dealloc      711.9 MB  Cuda     live     4166.3 MB  "collide:nn_last_partner"
[kp]    163.94s  alloc        711.9 MB  Cuda     live     4878.3 MB  "collide:nn_last_partner"
[kp]    163.94s  dealloc      711.9 MB  Cuda     live     4166.3 MB  "collide:nn_last_partner"
[kp]    163.99s  alloc        711.9 MB  Cuda     live     4878.3 MB  "collide:nn_last_partner"
[kp]    163.99s  dealloc      711.9 MB  Cuda     live     4166.3 MB  "collide:nn_last_partner"
[kp]    164.04s  alloc        711.9 MB  Cuda     live     4878.3 MB  "collide:nn_last_partner"
[kp]    164.04s  dealloc      711.9 MB  Cuda     live     4166.3 MB  "collide:nn_last_partner"
[kp]    164.09s  alloc        711.9 MB  Cuda     live     4878.3 MB  "collide:nn_last_partner"
[kp]    164.10s  dealloc      711.9 MB  Cuda     live     4166.3 MB  "collide:nn_last_partner"
[kp]    164.14s  alloc        711.9 MB  Cuda     live     4878.3 MB  "collide:nn_last_partner"
[kp]    164.15s  dealloc      711.9 MB  Cuda     live     4166.3 MB  "collide:nn_last_partner"
[kp]    164.20s  alloc        711.9 MB  Cuda     live     4878.3 MB  "collide:nn_last_partner"
[kp]    164.20s  dealloc      711.9 MB  Cuda     live     4166.3 MB  "collide:nn_last_partner"
[kp]    164.25s  alloc        711.9 MB  Cuda     live     4878.3 MB  "collide:nn_last_partner"
[kp]    164.25s  dealloc      711.9 MB  Cuda     live     4166.3 MB  "collide:nn_last_partner"
[kp]    164.30s  alloc        711.9 MB  Cuda     live     4878.3 MB  "collide:nn_last_partner"
[kp]    164.30s  dealloc      711.9 MB  Cuda     live     4166.3 MB  "collide:nn_last_partner"
[kp]    164.35s  alloc        711.9 MB  Cuda     live     4878.3 MB  "collide:nn_last_partner"
[kp]    164.35s  dealloc      711.9 MB  Cuda     live     4166.3 MB  "collide:nn_last_partner"
[kp]    164.40s  alloc        711.9 MB  Cuda     live     4878.3 MB  "collide:nn_last_partner"
[kp]    164.40s  dealloc      711.9 MB  Cuda     live     4166.3 MB  "collide:nn_last_partner"
[kp]    164.45s  alloc        711.9 MB  Cuda     live     4878.3 MB  "collide:nn_last_partner"
[kp]    164.45s  dealloc      711.9 MB  Cuda     live     4166.3 MB  "collide:nn_last_partner"
[kp]    164.50s  alloc        711.9 MB  Cuda     live     4878.3 MB  "collide:nn_last_partner"
[kp]    164.50s  dealloc      711.9 MB  Cuda     live     4166.3 MB  "collide:nn_last_partner"
[kp]    164.55s  alloc        711.9 MB  Cuda     live     4878.3 MB  "collide:nn_last_partner"
[kp]    164.55s  dealloc      711.9 MB  Cuda     live     4166.3 MB  "collide:nn_last_partner"
[kp]    164.60s  alloc        711.9 MB  Cuda     live     4878.3 MB  "collide:nn_last_partner"
[kp]    164.60s  dealloc      711.9 MB  Cuda     live     4166.3 MB  "collide:nn_last_partner"
[kp]    164.65s  alloc        711.9 MB  Cuda     live     4878.3 MB  "collide:nn_last_partner"
[kp]    164.65s  dealloc      711.9 MB  Cuda     live     4166.3 MB  "collide:nn_last_partner"
[kp]    164.70s  alloc        711.9 MB  Cuda     live     4878.3 MB  "collide:nn_last_partner"
[kp]    164.70s  dealloc      711.9 MB  Cuda     live     4166.3 MB  "collide:nn_last_partner"
[kp]    164.75s  alloc        711.9 MB  Cuda     live     4878.3 MB  "collide:nn_last_partner"
[kp]    164.75s  dealloc      711.9 MB  Cuda     live     4166.3 MB  "collide:nn_last_partner"
[kp]    164.80s  alloc        711.9 MB  Cuda     live     4878.3 MB  "collide:nn_last_partner"
[kp]    164.80s  dealloc      711.9 MB  Cuda     live     4166.3 MB  "collide:nn_last_partner"
[kp]    164.85s  alloc        711.9 MB  Cuda     live     4878.3 MB  "collide:nn_last_partner"
[kp]    164.85s  dealloc      711.9 MB  Cuda     live     4166.3 MB  "collide:nn_last_partner"
[kp]    164.90s  alloc        711.9 MB  Cuda     live     4878.3 MB  "collide:nn_last_partner"
[kp]    164.90s  dealloc      711.9 MB  Cuda     live     4166.3 MB  "collide:nn_last_partner"
[kp]    164.95s  alloc        711.9 MB  Cuda     live     4878.3 MB  "collide:nn_last_partner"
[kp]    164.95s  dealloc      711.9 MB  Cuda     live     4166.3 MB  "collide:nn_last_partner"
[kp]    165.00s  alloc        711.9 MB  Cuda     live     4878.3 MB  "collide:nn_last_partner"
[kp]    165.00s  dealloc      711.9 MB  Cuda     live     4166.3 MB  "collide:nn_last_partner"
[kp]    165.05s  alloc        711.9 MB  Cuda     live     4878.3 MB  "collide:nn_last_partner"
[kp]    165.05s  dealloc      711.9 MB  Cuda     live     4166.3 MB  "collide:nn_last_partner"
[kp]    165.10s  alloc        711.9 MB  Cuda     live     4878.3 MB  "collide:nn_last_partner"
[kp]    165.10s  dealloc      711.9 MB  Cuda     live     4166.3 MB  "collide:nn_last_partner"
[kp]    165.15s  alloc        711.9 MB  Cuda     live     4878.3 MB  "collide:nn_last_partner"
[kp]    165.15s  dealloc      711.9 MB  Cuda     live     4166.3 MB  "collide:nn_last_partner"
[kp]    165.20s  alloc        711.9 MB  Cuda     live     4878.3 MB  "collide:nn_last_partner"
[kp]    165.20s  dealloc      711.9 MB  Cuda     live     4166.3 MB  "collide:nn_last_partner"
[kp]    165.25s  alloc        711.9 MB  Cuda     live     4878.3 MB  "collide:nn_last_partner"
[kp]    165.25s  dealloc      711.9 MB  Cuda     live     4166.3 MB  "collide:nn_last_partner"
[kp]    165.30s  alloc        711.9 MB  Cuda     live     4878.3 MB  "collide:nn_last_partner"
[kp]    165.30s  dealloc      711.9 MB  Cuda     live     4166.3 MB  "collide:nn_last_partner"
[kp]    165.35s  alloc        711.9 MB  Cuda     live     4878.3 MB  "collide:nn_last_partner"
[kp]    165.35s  dealloc      711.9 MB  Cuda     live     4166.3 MB  "collide:nn_last_partner"
[kp]    165.40s  alloc        711.9 MB  Cuda     live     4878.3 MB  "collide:nn_last_partner"
[kp]    165.40s  dealloc      711.9 MB  Cuda     live     4166.3 MB  "collide:nn_last_partner"
[kp]    165.45s  alloc        711.9 MB  Cuda     live     4878.3 MB  "collide:nn_last_partner"
[kp]    165.45s  dealloc      711.9 MB  Cuda     live     4166.3 MB  "collide:nn_last_partner"
[kp]    165.50s  alloc        711.9 MB  Cuda     live     4878.3 MB  "collide:nn_last_partner"
[kp]    165.50s  dealloc      711.9 MB  Cuda     live     4166.3 MB  "collide:nn_last_partner"
[kp]    165.55s  alloc        711.9 MB  Cuda     live     4878.3 MB  "collide:nn_last_partner"
[kp]    165.55s  dealloc      711.9 MB  Cuda     live     4166.3 MB  "collide:nn_last_partner"
[kp]    165.60s  alloc        711.9 MB  Cuda     live     4878.3 MB  "collide:nn_last_partner"
[kp]    165.61s  dealloc      711.9 MB  Cuda     live     4166.3 MB  "collide:nn_last_partner"
[kp]    165.65s  alloc        711.9 MB  Cuda     live     4878.3 MB  "collide:nn_last_partner"
[kp]    165.66s  dealloc      711.9 MB  Cuda     live     4166.3 MB  "collide:nn_last_partner"
[kp]    165.71s  alloc        711.9 MB  Cuda     live     4878.3 MB  "collide:nn_last_partner"
[kp]    165.71s  dealloc      711.9 MB  Cuda     live     4166.3 MB  "collide:nn_last_partner"
[kp]    165.76s  alloc        711.9 MB  Cuda     live     4878.3 MB  "collide:nn_last_partner"
[kp]    165.76s  dealloc      711.9 MB  Cuda     live     4166.3 MB  "collide:nn_last_partner"
[kp]    165.81s  alloc        711.9 MB  Cuda     live     4878.3 MB  "collide:nn_last_partner"
[kp]    165.81s  dealloc      711.9 MB  Cuda     live     4166.3 MB  "collide:nn_last_partner"
[kp]    165.86s  alloc        711.9 MB  Cuda     live     4878.3 MB  "collide:nn_last_partner"
[kp]    165.86s  dealloc      711.9 MB  Cuda     live     4166.3 MB  "collide:nn_last_partner"
[kp]    165.91s  alloc        711.9 MB  Cuda     live     4878.3 MB  "collide:nn_last_partner"
[kp]    165.91s  dealloc      711.9 MB  Cuda     live     4166.3 MB  "collide:nn_last_partner"
[kp]    165.96s  alloc        711.9 MB  Cuda     live     4878.3 MB  "collide:nn_last_partner"
[kp]    165.96s  dealloc      711.9 MB  Cuda     live     4166.3 MB  "collide:nn_last_partner"
[kp]    166.01s  alloc        711.9 MB  Cuda     live     4878.3 MB  "collide:nn_last_partner"
[kp]    166.01s  dealloc      711.9 MB  Cuda     live     4166.3 MB  "collide:nn_last_partner"
[kp]    166.06s  alloc        711.9 MB  Cuda     live     4878.3 MB  "collide:nn_last_partner"
[kp]    166.06s  dealloc      711.9 MB  Cuda     live     4166.3 MB  "collide:nn_last_partner"
[kp]    166.11s  alloc        711.9 MB  Cuda     live     4878.3 MB  "collide:nn_last_partner"
[kp]    166.11s  dealloc      711.9 MB  Cuda     live     4166.3 MB  "collide:nn_last_partner"
[kp]    166.16s  alloc        711.9 MB  Cuda     live     4878.3 MB  "collide:nn_last_partner"
[kp]    166.16s  dealloc      711.9 MB  Cuda     live     4166.3 MB  "collide:nn_last_partner"
[kp]    166.21s  alloc        711.9 MB  Cuda     live     4878.3 MB  "collide:nn_last_partner"
[kp]    166.21s  dealloc      711.9 MB  Cuda     live     4166.3 MB  "collide:nn_last_partner"
[kp]    166.26s  alloc        711.9 MB  Cuda     live     4878.3 MB  "collide:nn_last_partner"
[kp]    166.26s  dealloc      711.9 MB  Cuda     live     4166.3 MB  "collide:nn_last_partner"
[kp]    166.31s  alloc        711.9 MB  Cuda     live     4878.3 MB  "collide:nn_last_partner"
[kp]    166.31s  dealloc      711.9 MB  Cuda     live     4166.3 MB  "collide:nn_last_partner"
[kp]    166.36s  alloc        711.9 MB  Cuda     live     4878.3 MB  "collide:nn_last_partner"
[kp]    166.36s  dealloc      711.9 MB  Cuda     live     4166.3 MB  "collide:nn_last_partner"
[kp]    166.41s  alloc        711.9 MB  Cuda     live     4878.3 MB  "collide:nn_last_partner"
[kp]    166.41s  dealloc      711.9 MB  Cuda     live     4166.3 MB  "collide:nn_last_partner"
[kp]    166.46s  alloc        711.9 MB  Cuda     live     4878.3 MB  "collide:nn_last_partner"
[kp]    166.46s  dealloc      711.9 MB  Cuda     live     4166.3 MB  "collide:nn_last_partner"
[kp]    166.51s  alloc        711.9 MB  Cuda     live     4878.3 MB  "collide:nn_last_partner"
[kp]    166.51s  dealloc      711.9 MB  Cuda     live     4166.3 MB  "collide:nn_last_partner"
[kp]    166.56s  alloc        711.9 MB  Cuda     live     4878.3 MB  "collide:nn_last_partner"
[kp]    166.56s  dealloc      711.9 MB  Cuda     live     4166.3 MB  "collide:nn_last_partner"
[kp]    166.61s  alloc        711.9 MB  Cuda     live     4878.3 MB  "collide:nn_last_partner"
[kp]    166.61s  dealloc      711.9 MB  Cuda     live     4166.3 MB  "collide:nn_last_partner"
[kp]    166.66s  alloc        711.9 MB  Cuda     live     4878.3 MB  "collide:nn_last_partner"
[kp]    166.66s  dealloc      711.9 MB  Cuda     live     4166.3 MB  "collide:nn_last_partner"
[kp]    166.71s  alloc        711.9 MB  Cuda     live     4878.3 MB  "collide:nn_last_partner"
[kp]    166.71s  dealloc      711.9 MB  Cuda     live     4166.3 MB  "collide:nn_last_partner"
[kp]    166.76s  alloc        711.9 MB  Cuda     live     4878.3 MB  "collide:nn_last_partner"
[kp]    166.76s  dealloc      711.9 MB  Cuda     live     4166.3 MB  "collide:nn_last_partner"
[kp]    166.81s  alloc        711.9 MB  Cuda     live     4878.3 MB  "collide:nn_last_partner"
[kp]    166.81s  dealloc      711.9 MB  Cuda     live     4166.3 MB  "collide:nn_last_partner"
[kp]    166.86s  alloc        711.9 MB  Cuda     live     4878.3 MB  "collide:nn_last_partner"
[kp]    166.86s  dealloc      711.9 MB  Cuda     live     4166.3 MB  "collide:nn_last_partner"
[kp]    166.91s  alloc        711.9 MB  Cuda     live     4878.3 MB  "collide:nn_last_partner"
[kp]    166.91s  dealloc      711.9 MB  Cuda     live     4166.3 MB  "collide:nn_last_partner"
[kp]    166.96s  alloc        711.9 MB  Cuda     live     4878.3 MB  "collide:nn_last_partner"
[kp]    166.96s  dealloc      711.9 MB  Cuda     live     4166.3 MB  "collide:nn_last_partner"
[kp]    167.01s  alloc        711.9 MB  Cuda     live     4878.3 MB  "collide:nn_last_partner"
[kp]    167.01s  dealloc      711.9 MB  Cuda     live     4166.3 MB  "collide:nn_last_partner"
[kp]    167.06s  alloc        711.9 MB  Cuda     live     4878.3 MB  "collide:nn_last_partner"
[kp]    167.06s  dealloc      711.9 MB  Cuda     live     4166.3 MB  "collide:nn_last_partner"
[kp]    167.11s  alloc        711.9 MB  Cuda     live     4878.3 MB  "collide:nn_last_partner"
[kp]    167.11s  dealloc      711.9 MB  Cuda     live     4166.3 MB  "collide:nn_last_partner"
[kp]    167.16s  alloc        711.9 MB  Cuda     live     4878.3 MB  "collide:nn_last_partner"
[kp]    167.16s  dealloc      711.9 MB  Cuda     live     4166.3 MB  "collide:nn_last_partner"
[kp]    167.21s  alloc        711.9 MB  Cuda     live     4878.3 MB  "collide:nn_last_partner"
[kp]    167.22s  dealloc      711.9 MB  Cuda     live     4166.3 MB  "collide:nn_last_partner"
[kp]    167.26s  alloc        711.9 MB  Cuda     live     4878.3 MB  "collide:nn_last_partner"
[kp]    167.27s  dealloc      711.9 MB  Cuda     live     4166.3 MB  "collide:nn_last_partner"
[kp]    167.32s  alloc        711.9 MB  Cuda     live     4878.3 MB  "collide:nn_last_partner"
[kp]    167.32s  dealloc      711.9 MB  Cuda     live     4166.3 MB  "collide:nn_last_partner"
[kp]    167.37s  alloc        711.9 MB  Cuda     live     4878.3 MB  "collide:nn_last_partner"
[kp]    167.37s  dealloc      711.9 MB  Cuda     live     4166.3 MB  "collide:nn_last_partner"
[kp]    167.42s  alloc        711.9 MB  Cuda     live     4878.3 MB  "collide:nn_last_partner"
[kp]    167.42s  dealloc      711.9 MB  Cuda     live     4166.3 MB  "collide:nn_last_partner"
[kp]    167.47s  alloc        711.9 MB  Cuda     live     4878.3 MB  "collide:nn_last_partner"
[kp]    167.47s  dealloc      711.9 MB  Cuda     live     4166.3 MB  "collide:nn_last_partner"
[kp]    167.52s  alloc        711.9 MB  Cuda     live     4878.3 MB  "collide:nn_last_partner"
[kp]    167.52s  dealloc      711.9 MB  Cuda     live     4166.3 MB  "collide:nn_last_partner"
[kp]    167.57s  alloc        711.9 MB  Cuda     live     4878.3 MB  "collide:nn_last_partner"
[kp]    167.57s  dealloc      711.9 MB  Cuda     live     4166.3 MB  "collide:nn_last_partner"
[kp]    167.62s  alloc        711.9 MB  Cuda     live     4878.3 MB  "collide:nn_last_partner"
[kp]    167.62s  dealloc      711.9 MB  Cuda     live     4166.3 MB  "collide:nn_last_partner"
[kp]    167.67s  alloc        711.9 MB  Cuda     live     4878.3 MB  "collide:nn_last_partner"
[kp]    167.67s  dealloc      711.9 MB  Cuda     live     4166.3 MB  "collide:nn_last_partner"
[kp]    167.72s  alloc        711.9 MB  Cuda     live     4878.3 MB  "collide:nn_last_partner"
[kp]    167.72s  dealloc      711.9 MB  Cuda     live     4166.3 MB  "collide:nn_last_partner"
[kp]    167.77s  alloc        711.9 MB  Cuda     live     4878.3 MB  "collide:nn_last_partner"
[kp]    167.77s  dealloc      711.9 MB  Cuda     live     4166.3 MB  "collide:nn_last_partner"
[kp]    167.82s  alloc        711.9 MB  Cuda     live     4878.3 MB  "collide:nn_last_partner"
[kp]    167.82s  dealloc      711.9 MB  Cuda     live     4166.3 MB  "collide:nn_last_partner"
[kp]    167.87s  alloc        711.9 MB  Cuda     live     4878.3 MB  "collide:nn_last_partner"
[kp]    167.87s  dealloc      711.9 MB  Cuda     live     4166.3 MB  "collide:nn_last_partner"
[kp]    167.92s  alloc        711.9 MB  Cuda     live     4878.3 MB  "collide:nn_last_partner"
[kp]    167.92s  dealloc      711.9 MB  Cuda     live     4166.3 MB  "collide:nn_last_partner"
[kp]    167.97s  alloc        711.9 MB  Cuda     live     4878.3 MB  "collide:nn_last_partner"
[kp]    167.97s  dealloc      711.9 MB  Cuda     live     4166.3 MB  "collide:nn_last_partner"
[kp]    168.02s  alloc        711.9 MB  Cuda     live     4878.3 MB  "collide:nn_last_partner"
[kp]    168.02s  dealloc      711.9 MB  Cuda     live     4166.3 MB  "collide:nn_last_partner"
[kp]    168.07s  alloc        711.9 MB  Cuda     live     4878.3 MB  "collide:nn_last_partner"
[kp]    168.07s  dealloc      711.9 MB  Cuda     live     4166.3 MB  "collide:nn_last_partner"
[kp]    168.12s  alloc        711.9 MB  Cuda     live     4878.3 MB  "collide:nn_last_partner"
[kp]    168.12s  dealloc      711.9 MB  Cuda     live     4166.3 MB  "collide:nn_last_partner"
[kp]    168.17s  alloc        711.9 MB  Cuda     live     4878.3 MB  "collide:nn_last_partner"
[kp]    168.17s  dealloc      711.9 MB  Cuda     live     4166.3 MB  "collide:nn_last_partner"
    2800    155.54301 5.8329021e-08    19.443008        3e-09 27613639   101671    52712        0        0    297.38585 
[kp]    168.33s  alloc        711.9 MB  Cuda     live     4878.3 MB  "collide:nn_last_partner"
[kp]    168.33s  dealloc      711.9 MB  Cuda     live     4166.3 MB  "collide:nn_last_partner"
[kp]    168.38s  alloc        711.9 MB  Cuda     live     4878.3 MB  "collide:nn_last_partner"
[kp]    168.38s  dealloc      711.9 MB  Cuda     live     4166.3 MB  "collide:nn_last_partner"
[kp]    168.43s  alloc        711.9 MB  Cuda     live     4878.3 MB  "collide:nn_last_partner"
[kp]    168.43s  dealloc      711.9 MB  Cuda     live     4166.3 MB  "collide:nn_last_partner"
[kp]    168.48s  alloc        711.9 MB  Cuda     live     4878.3 MB  "collide:nn_last_partner"
[kp]    168.48s  dealloc      711.9 MB  Cuda     live     4166.3 MB  "collide:nn_last_partner"
[kp]    168.53s  alloc        711.9 MB  Cuda     live     4878.3 MB  "collide:nn_last_partner"
[kp]    168.53s  dealloc      711.9 MB  Cuda     live     4166.3 MB  "collide:nn_last_partner"
[kp]    168.58s  alloc        711.9 MB  Cuda     live     4878.3 MB  "collide:nn_last_partner"
[kp]    168.58s  dealloc      711.9 MB  Cuda     live     4166.3 MB  "collide:nn_last_partner"
[kp]    168.63s  alloc        711.9 MB  Cuda     live     4878.3 MB  "collide:nn_last_partner"
[kp]    168.63s  dealloc      711.9 MB  Cuda     live     4166.3 MB  "collide:nn_last_partner"
[kp]    168.68s  alloc        711.9 MB  Cuda     live     4878.3 MB  "collide:nn_last_partner"
[kp]    168.68s  dealloc      711.9 MB  Cuda     live     4166.3 MB  "collide:nn_last_partner"
[kp]    168.73s  alloc        711.9 MB  Cuda     live     4878.3 MB  "collide:nn_last_partner"
[kp]    168.73s  dealloc      711.9 MB  Cuda     live     4166.3 MB  "collide:nn_last_partner"
[kp]    168.78s  alloc        711.9 MB  Cuda     live     4878.3 MB  "collide:nn_last_partner"
[kp]    168.78s  dealloc      711.9 MB  Cuda     live     4166.3 MB  "collide:nn_last_partner"
[kp]    168.83s  alloc        711.9 MB  Cuda     live     4878.3 MB  "collide:nn_last_partner"
[kp]    168.84s  dealloc      711.9 MB  Cuda     live     4166.3 MB  "collide:nn_last_partner"
[kp]    168.88s  alloc        711.9 MB  Cuda     live     4878.3 MB  "collide:nn_last_partner"
[kp]    168.89s  dealloc      711.9 MB  Cuda     live     4166.3 MB  "collide:nn_last_partner"
[kp]    168.93s  alloc        711.9 MB  Cuda     live     4878.3 MB  "collide:nn_last_partner"
[kp]    168.94s  dealloc      711.9 MB  Cuda     live     4166.3 MB  "collide:nn_last_partner"
[kp]    168.99s  alloc        711.9 MB  Cuda     live     4878.3 MB  "collide:nn_last_partner"
[kp]    168.99s  dealloc      711.9 MB  Cuda     live     4166.3 MB  "collide:nn_last_partner"
[kp]    169.04s  alloc        711.9 MB  Cuda     live     4878.3 MB  "collide:nn_last_partner"
[kp]    169.04s  dealloc      711.9 MB  Cuda     live     4166.3 MB  "collide:nn_last_partner"
[kp]    169.09s  alloc        711.9 MB  Cuda     live     4878.3 MB  "collide:nn_last_partner"
[kp]    169.09s  dealloc      711.9 MB  Cuda     live     4166.3 MB  "collide:nn_last_partner"
[kp]    169.14s  alloc        711.9 MB  Cuda     live     4878.3 MB  "collide:nn_last_partner"
[kp]    169.14s  dealloc      711.9 MB  Cuda     live     4166.3 MB  "collide:nn_last_partner"
[kp]    169.19s  alloc        711.9 MB  Cuda     live     4878.3 MB  "collide:nn_last_partner"
[kp]    169.19s  dealloc      711.9 MB  Cuda     live     4166.3 MB  "collide:nn_last_partner"
[kp]    169.24s  alloc        711.9 MB  Cuda     live     4878.3 MB  "collide:nn_last_partner"
[kp]    169.24s  dealloc      711.9 MB  Cuda     live     4166.3 MB  "collide:nn_last_partner"
[kp]    169.29s  alloc        711.9 MB  Cuda     live     4878.3 MB  "collide:nn_last_partner"
[kp]    169.29s  dealloc      711.9 MB  Cuda     live     4166.3 MB  "collide:nn_last_partner"
[kp]    169.34s  alloc        711.9 MB  Cuda     live     4878.3 MB  "collide:nn_last_partner"
[kp]    169.34s  dealloc      711.9 MB  Cuda     live     4166.3 MB  "collide:nn_last_partner"
[kp]    169.39s  alloc        711.9 MB  Cuda     live     4878.3 MB  "collide:nn_last_partner"
[kp]    169.39s  dealloc      711.9 MB  Cuda     live     4166.3 MB  "collide:nn_last_partner"
[kp]    169.44s  alloc        711.9 MB  Cuda     live     4878.3 MB  "collide:nn_last_partner"
[kp]    169.44s  dealloc      711.9 MB  Cuda     live     4166.3 MB  "collide:nn_last_partner"
[kp]    169.49s  alloc        711.9 MB  Cuda     live     4878.3 MB  "collide:nn_last_partner"
[kp]    169.49s  dealloc      711.9 MB  Cuda     live     4166.3 MB  "collide:nn_last_partner"
[kp]    169.54s  alloc        711.9 MB  Cuda     live     4878.3 MB  "collide:nn_last_partner"
[kp]    169.54s  dealloc      711.9 MB  Cuda     live     4166.3 MB  "collide:nn_last_partner"
[kp]    169.59s  alloc        711.9 MB  Cuda     live     4878.3 MB  "collide:nn_last_partner"
[kp]    169.59s  dealloc      711.9 MB  Cuda     live     4166.3 MB  "collide:nn_last_partner"
[kp]    169.64s  alloc        711.9 MB  Cuda     live     4878.3 MB  "collide:nn_last_partner"
[kp]    169.64s  dealloc      711.9 MB  Cuda     live     4166.3 MB  "collide:nn_last_partner"
[kp]    169.69s  alloc        711.9 MB  Cuda     live     4878.3 MB  "collide:nn_last_partner"
[kp]    169.69s  dealloc      711.9 MB  Cuda     live     4166.3 MB  "collide:nn_last_partner"
[kp]    169.74s  alloc        711.9 MB  Cuda     live     4878.3 MB  "collide:nn_last_partner"
[kp]    169.74s  dealloc      711.9 MB  Cuda     live     4166.3 MB  "collide:nn_last_partner"
[kp]    169.79s  alloc        711.9 MB  Cuda     live     4878.3 MB  "collide:nn_last_partner"
[kp]    169.79s  dealloc      711.9 MB  Cuda     live     4166.3 MB  "collide:nn_last_partner"
[kp]    169.84s  alloc        711.9 MB  Cuda     live     4878.3 MB  "collide:nn_last_partner"
[kp]    169.84s  dealloc      711.9 MB  Cuda     live     4166.3 MB  "collide:nn_last_partner"
[kp]    169.89s  alloc        711.9 MB  Cuda     live     4878.3 MB  "collide:nn_last_partner"
[kp]    169.89s  dealloc      711.9 MB  Cuda     live     4166.3 MB  "collide:nn_last_partner"
[kp]    169.94s  alloc        711.9 MB  Cuda     live     4878.3 MB  "collide:nn_last_partner"
[kp]    169.94s  dealloc      711.9 MB  Cuda     live     4166.3 MB  "collide:nn_last_partner"
[kp]    169.99s  alloc        711.9 MB  Cuda     live     4878.3 MB  "collide:nn_last_partner"
[kp]    169.99s  dealloc      711.9 MB  Cuda     live     4166.3 MB  "collide:nn_last_partner"
[kp]    170.04s  alloc        711.9 MB  Cuda     live     4878.3 MB  "collide:nn_last_partner"
[kp]    170.04s  dealloc      711.9 MB  Cuda     live     4166.3 MB  "collide:nn_last_partner"
[kp]    170.09s  alloc        711.9 MB  Cuda     live     4878.3 MB  "collide:nn_last_partner"
[kp]    170.09s  dealloc      711.9 MB  Cuda     live     4166.3 MB  "collide:nn_last_partner"
[kp]    170.14s  alloc        711.9 MB  Cuda     live     4878.3 MB  "collide:nn_last_partner"
[kp]    170.14s  dealloc      711.9 MB  Cuda     live     4166.3 MB  "collide:nn_last_partner"
[kp]    170.19s  alloc        711.9 MB  Cuda     live     4878.3 MB  "collide:nn_last_partner"
[kp]    170.19s  dealloc      711.9 MB  Cuda     live     4166.3 MB  "collide:nn_last_partner"
[kp]    170.24s  alloc        711.9 MB  Cuda     live     4878.3 MB  "collide:nn_last_partner"
[kp]    170.24s  dealloc      711.9 MB  Cuda     live     4166.3 MB  "collide:nn_last_partner"
[kp]    170.29s  alloc        711.9 MB  Cuda     live     4878.3 MB  "collide:nn_last_partner"
[kp]    170.29s  dealloc      711.9 MB  Cuda     live     4166.3 MB  "collide:nn_last_partner"
[kp]    170.34s  alloc        711.9 MB  Cuda     live     4878.3 MB  "collide:nn_last_partner"
[kp]    170.34s  dealloc      711.9 MB  Cuda     live     4166.3 MB  "collide:nn_last_partner"
[kp]    170.39s  alloc        711.9 MB  Cuda     live     4878.3 MB  "collide:nn_last_partner"
[kp]    170.39s  dealloc      711.9 MB  Cuda     live     4166.3 MB  "collide:nn_last_partner"
[kp]    170.44s  alloc        711.9 MB  Cuda     live     4878.3 MB  "collide:nn_last_partner"
[kp]    170.44s  dealloc      711.9 MB  Cuda     live     4166.3 MB  "collide:nn_last_partner"
[kp]    170.49s  alloc        711.9 MB  Cuda     live     4878.3 MB  "collide:nn_last_partner"
[kp]    170.49s  dealloc      711.9 MB  Cuda     live     4166.3 MB  "collide:nn_last_partner"
[kp]    170.54s  alloc        711.9 MB  Cuda     live     4878.3 MB  "collide:nn_last_partner"
[kp]    170.55s  dealloc      711.9 MB  Cuda     live     4166.3 MB  "collide:nn_last_partner"
[kp]    170.59s  alloc        711.9 MB  Cuda     live     4878.3 MB  "collide:nn_last_partner"
[kp]    170.60s  dealloc      711.9 MB  Cuda     live     4166.3 MB  "collide:nn_last_partner"
[kp]    170.65s  alloc        711.9 MB  Cuda     live     4878.3 MB  "collide:nn_last_partner"
[kp]    170.65s  dealloc      711.9 MB  Cuda     live     4166.3 MB  "collide:nn_last_partner"
[kp]    170.70s  alloc        711.9 MB  Cuda     live     4878.3 MB  "collide:nn_last_partner"
[kp]    170.70s  dealloc      711.9 MB  Cuda     live     4166.3 MB  "collide:nn_last_partner"
[kp]    170.75s  alloc        711.9 MB  Cuda     live     4878.3 MB  "collide:nn_last_partner"
[kp]    170.75s  dealloc      711.9 MB  Cuda     live     4166.3 MB  "collide:nn_last_partner"
[kp]    170.80s  alloc        711.9 MB  Cuda     live     4878.3 MB  "collide:nn_last_partner"
[kp]    170.80s  dealloc      711.9 MB  Cuda     live     4166.3 MB  "collide:nn_last_partner"
[kp]    170.85s  alloc        711.9 MB  Cuda     live     4878.3 MB  "collide:nn_last_partner"
[kp]    170.85s  dealloc      711.9 MB  Cuda     live     4166.3 MB  "collide:nn_last_partner"
[kp]    170.90s  alloc        711.9 MB  Cuda     live     4878.3 MB  "collide:nn_last_partner"
[kp]    170.90s  dealloc      711.9 MB  Cuda     live     4166.3 MB  "collide:nn_last_partner"
[kp]    170.95s  alloc        711.9 MB  Cuda     live     4878.3 MB  "collide:nn_last_partner"
[kp]    170.95s  dealloc      711.9 MB  Cuda     live     4166.3 MB  "collide:nn_last_partner"
[kp]    171.00s  alloc        711.9 MB  Cuda     live     4878.3 MB  "collide:nn_last_partner"
[kp]    171.00s  dealloc      711.9 MB  Cuda     live     4166.3 MB  "collide:nn_last_partner"
[kp]    171.05s  alloc        711.9 MB  Cuda     live     4878.3 MB  "collide:nn_last_partner"
[kp]    171.05s  dealloc      711.9 MB  Cuda     live     4166.3 MB  "collide:nn_last_partner"
[kp]    171.10s  alloc        711.9 MB  Cuda     live     4878.3 MB  "collide:nn_last_partner"
[kp]    171.10s  dealloc      711.9 MB  Cuda     live     4166.3 MB  "collide:nn_last_partner"
[kp]    171.15s  alloc        711.9 MB  Cuda     live     4878.3 MB  "collide:nn_last_partner"
[kp]    171.15s  dealloc      711.9 MB  Cuda     live     4166.3 MB  "collide:nn_last_partner"
[kp]    171.20s  alloc        711.9 MB  Cuda     live     4878.3 MB  "collide:nn_last_partner"
[kp]    171.20s  dealloc      711.9 MB  Cuda     live     4166.3 MB  "collide:nn_last_partner"
[kp]    171.25s  alloc        711.9 MB  Cuda     live     4878.3 MB  "collide:nn_last_partner"
[kp]    171.25s  dealloc      711.9 MB  Cuda     live     4166.3 MB  "collide:nn_last_partner"
[kp]    171.30s  alloc        711.9 MB  Cuda     live     4878.3 MB  "collide:nn_last_partner"
[kp]    171.30s  dealloc      711.9 MB  Cuda     live     4166.3 MB  "collide:nn_last_partner"
[kp]    171.35s  alloc        711.9 MB  Cuda     live     4878.3 MB  "collide:nn_last_partner"
[kp]    171.35s  dealloc      711.9 MB  Cuda     live     4166.3 MB  "collide:nn_last_partner"
[kp]    171.40s  alloc        711.9 MB  Cuda     live     4878.3 MB  "collide:nn_last_partner"
[kp]    171.40s  dealloc      711.9 MB  Cuda     live     4166.3 MB  "collide:nn_last_partner"
[kp]    171.45s  alloc        711.9 MB  Cuda     live     4878.3 MB  "collide:nn_last_partner"
[kp]    171.45s  dealloc      711.9 MB  Cuda     live     4166.3 MB  "collide:nn_last_partner"
[kp]    171.50s  alloc        711.9 MB  Cuda     live     4878.3 MB  "collide:nn_last_partner"
[kp]    171.50s  dealloc      711.9 MB  Cuda     live     4166.3 MB  "collide:nn_last_partner"
[kp]    171.55s  alloc        711.9 MB  Cuda     live     4878.3 MB  "collide:nn_last_partner"
[kp]    171.55s  dealloc      711.9 MB  Cuda     live     4166.3 MB  "collide:nn_last_partner"
[kp]    171.60s  alloc        711.9 MB  Cuda     live     4878.3 MB  "collide:nn_last_partner"
[kp]    171.60s  dealloc      711.9 MB  Cuda     live     4166.3 MB  "collide:nn_last_partner"
[kp]    171.65s  alloc        711.9 MB  Cuda     live     4878.3 MB  "collide:nn_last_partner"
[kp]    171.65s  dealloc      711.9 MB  Cuda     live     4166.3 MB  "collide:nn_last_partner"
[kp]    171.70s  alloc        711.9 MB  Cuda     live     4878.3 MB  "collide:nn_last_partner"
[kp]    171.70s  dealloc      711.9 MB  Cuda     live     4166.3 MB  "collide:nn_last_partner"
[kp]    171.75s  alloc        711.9 MB  Cuda     live     4878.3 MB  "collide:nn_last_partner"
[kp]    171.75s  dealloc      711.9 MB  Cuda     live     4166.3 MB  "collide:nn_last_partner"
[kp]    171.80s  alloc        711.9 MB  Cuda     live     4878.3 MB  "collide:nn_last_partner"
[kp]    171.80s  dealloc      711.9 MB  Cuda     live     4166.3 MB  "collide:nn_last_partner"
[kp]    171.85s  alloc        711.9 MB  Cuda     live     4878.3 MB  "collide:nn_last_partner"
[kp]    171.85s  dealloc      711.9 MB  Cuda     live     4166.3 MB  "collide:nn_last_partner"
[kp]    171.90s  alloc        711.9 MB  Cuda     live     4878.3 MB  "collide:nn_last_partner"
[kp]    171.90s  dealloc      711.9 MB  Cuda     live     4166.3 MB  "collide:nn_last_partner"
[kp]    171.95s  alloc        711.9 MB  Cuda     live     4878.3 MB  "collide:nn_last_partner"
[kp]    171.95s  dealloc      711.9 MB  Cuda     live     4166.3 MB  "collide:nn_last_partner"
[kp]    172.00s  alloc        711.9 MB  Cuda     live     4878.3 MB  "collide:nn_last_partner"
[kp]    172.00s  dealloc      711.9 MB  Cuda     live     4166.3 MB  "collide:nn_last_partner"
[kp]    172.05s  alloc        711.9 MB  Cuda     live     4878.3 MB  "collide:nn_last_partner"
[kp]    172.05s  dealloc      711.9 MB  Cuda     live     4166.3 MB  "collide:nn_last_partner"
[kp]    172.10s  alloc        711.9 MB  Cuda     live     4878.3 MB  "collide:nn_last_partner"
[kp]    172.10s  dealloc      711.9 MB  Cuda     live     4166.3 MB  "collide:nn_last_partner"
[kp]    172.15s  alloc        711.9 MB  Cuda     live     4878.3 MB  "collide:nn_last_partner"
[kp]    172.15s  dealloc      711.9 MB  Cuda     live     4166.3 MB  "collide:nn_last_partner"
[kp]    172.20s  alloc        711.9 MB  Cuda     live     4878.3 MB  "collide:nn_last_partner"
[kp]    172.20s  dealloc      711.9 MB  Cuda     live     4166.3 MB  "collide:nn_last_partner"
[kp]    172.25s  alloc        711.9 MB  Cuda     live     4878.3 MB  "collide:nn_last_partner"
[kp]    172.26s  dealloc      711.9 MB  Cuda     live     4166.3 MB  "collide:nn_last_partner"
[kp]    172.30s  alloc        711.9 MB  Cuda     live     4878.3 MB  "collide:nn_last_partner"
[kp]    172.31s  dealloc      711.9 MB  Cuda     live     4166.3 MB  "collide:nn_last_partner"
[kp]    172.36s  alloc        711.9 MB  Cuda     live     4878.3 MB  "collide:nn_last_partner"
[kp]    172.36s  dealloc      711.9 MB  Cuda     live     4166.3 MB  "collide:nn_last_partner"
[kp]    172.41s  alloc        711.9 MB  Cuda     live     4878.3 MB  "collide:nn_last_partner"
[kp]    172.41s  dealloc      711.9 MB  Cuda     live     4166.3 MB  "collide:nn_last_partner"
[kp]    172.46s  alloc        711.9 MB  Cuda     live     4878.3 MB  "collide:nn_last_partner"
[kp]    172.46s  dealloc      711.9 MB  Cuda     live     4166.3 MB  "collide:nn_last_partner"
[kp]    172.51s  alloc        711.9 MB  Cuda     live     4878.3 MB  "collide:nn_last_partner"
[kp]    172.51s  dealloc      711.9 MB  Cuda     live     4166.3 MB  "collide:nn_last_partner"
[kp]    172.56s  alloc        711.9 MB  Cuda     live     4878.3 MB  "collide:nn_last_partner"
[kp]    172.56s  dealloc      711.9 MB  Cuda     live     4166.3 MB  "collide:nn_last_partner"
[kp]    172.61s  alloc        711.9 MB  Cuda     live     4878.3 MB  "collide:nn_last_partner"
[kp]    172.61s  dealloc      711.9 MB  Cuda     live     4166.3 MB  "collide:nn_last_partner"
[kp]    172.66s  alloc        711.9 MB  Cuda     live     4878.3 MB  "collide:nn_last_partner"
[kp]    172.66s  dealloc      711.9 MB  Cuda     live     4166.3 MB  "collide:nn_last_partner"
[kp]    172.71s  alloc        711.9 MB  Cuda     live     4878.3 MB  "collide:nn_last_partner"
[kp]    172.71s  dealloc      711.9 MB  Cuda     live     4166.3 MB  "collide:nn_last_partner"
[kp]    172.76s  alloc        711.9 MB  Cuda     live     4878.3 MB  "collide:nn_last_partner"
[kp]    172.76s  dealloc      711.9 MB  Cuda     live     4166.3 MB  "collide:nn_last_partner"
[kp]    172.81s  alloc        711.9 MB  Cuda     live     4878.3 MB  "collide:nn_last_partner"
[kp]    172.81s  dealloc      711.9 MB  Cuda     live     4166.3 MB  "collide:nn_last_partner"
[kp]    172.86s  alloc        711.9 MB  Cuda     live     4878.3 MB  "collide:nn_last_partner"
[kp]    172.86s  dealloc      711.9 MB  Cuda     live     4166.3 MB  "collide:nn_last_partner"
[kp]    172.91s  alloc        711.9 MB  Cuda     live     4878.3 MB  "collide:nn_last_partner"
[kp]    172.91s  dealloc      711.9 MB  Cuda     live     4166.3 MB  "collide:nn_last_partner"
[kp]    172.96s  alloc        711.9 MB  Cuda     live     4878.3 MB  "collide:nn_last_partner"
[kp]    172.96s  dealloc      711.9 MB  Cuda     live     4166.3 MB  "collide:nn_last_partner"
[kp]    173.01s  alloc        711.9 MB  Cuda     live     4878.3 MB  "collide:nn_last_partner"
[kp]    173.01s  dealloc      711.9 MB  Cuda     live     4166.3 MB  "collide:nn_last_partner"
[kp]    173.06s  alloc        711.9 MB  Cuda     live     4878.3 MB  "collide:nn_last_partner"
[kp]    173.06s  dealloc      711.9 MB  Cuda     live     4166.3 MB  "collide:nn_last_partner"
[kp]    173.11s  alloc        711.9 MB  Cuda     live     4878.3 MB  "collide:nn_last_partner"
[kp]    173.11s  dealloc      711.9 MB  Cuda     live     4166.3 MB  "collide:nn_last_partner"
[kp]    173.16s  alloc        711.9 MB  Cuda     live     4878.3 MB  "collide:nn_last_partner"
[kp]    173.16s  dealloc      711.9 MB  Cuda     live     4166.3 MB  "collide:nn_last_partner"
[kp]    173.21s  alloc        711.9 MB  Cuda     live     4878.3 MB  "collide:nn_last_partner"
[kp]    173.21s  dealloc      711.9 MB  Cuda     live     4166.3 MB  "collide:nn_last_partner"
[kp]    173.26s  alloc        711.9 MB  Cuda     live     4878.3 MB  "collide:nn_last_partner"
[kp]    173.26s  dealloc      711.9 MB  Cuda     live     4166.3 MB  "collide:nn_last_partner"
[kp]    173.31s  alloc        711.9 MB  Cuda     live     4878.3 MB  "collide:nn_last_partner"
[kp]    173.31s  dealloc      711.9 MB  Cuda     live     4166.3 MB  "collide:nn_last_partner"
    2900    160.68272 5.8369117e-08    19.456373        3e-09 27591097   102381    52821        0        0    297.57376 
[kp]    173.47s  alloc        711.9 MB  Cuda     live     4878.3 MB  "collide:nn_last_partner"
[kp]    173.47s  dealloc      711.9 MB  Cuda     live     4166.3 MB  "collide:nn_last_partner"
[kp]    173.52s  alloc        711.9 MB  Cuda     live     4878.3 MB  "collide:nn_last_partner"
[kp]    173.52s  dealloc      711.9 MB  Cuda     live     4166.3 MB  "collide:nn_last_partner"
[kp]    173.57s  alloc        711.9 MB  Cuda     live     4878.3 MB  "collide:nn_last_partner"
[kp]    173.57s  dealloc      711.9 MB  Cuda     live     4166.3 MB  "collide:nn_last_partner"
[kp]    173.62s  alloc        711.9 MB  Cuda     live     4878.3 MB  "collide:nn_last_partner"
[kp]    173.62s  dealloc      711.9 MB  Cuda     live     4166.3 MB  "collide:nn_last_partner"
[kp]    173.67s  alloc        711.9 MB  Cuda     live     4878.3 MB  "collide:nn_last_partner"
[kp]    173.67s  dealloc      711.9 MB  Cuda     live     4166.3 MB  "collide:nn_last_partner"
[kp]    173.72s  alloc        711.9 MB  Cuda     live     4878.3 MB  "collide:nn_last_partner"
[kp]    173.72s  dealloc      711.9 MB  Cuda     live     4166.3 MB  "collide:nn_last_partner"
[kp]    173.77s  alloc        711.9 MB  Cuda     live     4878.3 MB  "collide:nn_last_partner"
[kp]    173.77s  dealloc      711.9 MB  Cuda     live     4166.3 MB  "collide:nn_last_partner"
[kp]    173.82s  alloc        711.9 MB  Cuda     live     4878.3 MB  "collide:nn_last_partner"
[kp]    173.82s  dealloc      711.9 MB  Cuda     live     4166.3 MB  "collide:nn_last_partner"
[kp]    173.87s  alloc        711.9 MB  Cuda     live     4878.3 MB  "collide:nn_last_partner"
[kp]    173.87s  dealloc      711.9 MB  Cuda     live     4166.3 MB  "collide:nn_last_partner"
[kp]    173.92s  alloc        711.9 MB  Cuda     live     4878.3 MB  "collide:nn_last_partner"
[kp]    173.92s  dealloc      711.9 MB  Cuda     live     4166.3 MB  "collide:nn_last_partner"
[kp]    173.97s  alloc        711.9 MB  Cuda     live     4878.3 MB  "collide:nn_last_partner"
[kp]    173.97s  dealloc      711.9 MB  Cuda     live     4166.3 MB  "collide:nn_last_partner"
[kp]    174.02s  alloc        711.9 MB  Cuda     live     4878.3 MB  "collide:nn_last_partner"
[kp]    174.02s  dealloc      711.9 MB  Cuda     live     4166.3 MB  "collide:nn_last_partner"
[kp]    174.07s  alloc        711.9 MB  Cuda     live     4878.3 MB  "collide:nn_last_partner"
[kp]    174.07s  dealloc      711.9 MB  Cuda     live     4166.3 MB  "collide:nn_last_partner"
[kp]    174.12s  alloc        711.9 MB  Cuda     live     4878.3 MB  "collide:nn_last_partner"
[kp]    174.13s  dealloc      711.9 MB  Cuda     live     4166.3 MB  "collide:nn_last_partner"
[kp]    174.17s  alloc        711.9 MB  Cuda     live     4878.3 MB  "collide:nn_last_partner"
[kp]    174.18s  dealloc      711.9 MB  Cuda     live     4166.3 MB  "collide:nn_last_partner"
[kp]    174.23s  alloc        711.9 MB  Cuda     live     4878.3 MB  "collide:nn_last_partner"
[kp]    174.23s  dealloc      711.9 MB  Cuda     live     4166.3 MB  "collide:nn_last_partner"
[kp]    174.28s  alloc        711.9 MB  Cuda     live     4878.3 MB  "collide:nn_last_partner"
[kp]    174.28s  dealloc      711.9 MB  Cuda     live     4166.3 MB  "collide:nn_last_partner"
[kp]    174.33s  alloc        711.9 MB  Cuda     live     4878.3 MB  "collide:nn_last_partner"
[kp]    174.33s  dealloc      711.9 MB  Cuda     live     4166.3 MB  "collide:nn_last_partner"
[kp]    174.38s  alloc        711.9 MB  Cuda     live     4878.3 MB  "collide:nn_last_partner"
[kp]    174.38s  dealloc      711.9 MB  Cuda     live     4166.3 MB  "collide:nn_last_partner"
[kp]    174.43s  alloc        711.9 MB  Cuda     live     4878.3 MB  "collide:nn_last_partner"
[kp]    174.43s  dealloc      711.9 MB  Cuda     live     4166.3 MB  "collide:nn_last_partner"
[kp]    174.48s  alloc        711.9 MB  Cuda     live     4878.3 MB  "collide:nn_last_partner"
[kp]    174.48s  dealloc      711.9 MB  Cuda     live     4166.3 MB  "collide:nn_last_partner"
[kp]    174.53s  alloc        711.9 MB  Cuda     live     4878.3 MB  "collide:nn_last_partner"
[kp]    174.53s  dealloc      711.9 MB  Cuda     live     4166.3 MB  "collide:nn_last_partner"
[kp]    174.58s  alloc        711.9 MB  Cuda     live     4878.3 MB  "collide:nn_last_partner"
[kp]    174.58s  dealloc      711.9 MB  Cuda     live     4166.3 MB  "collide:nn_last_partner"
[kp]    174.63s  alloc        711.9 MB  Cuda     live     4878.3 MB  "collide:nn_last_partner"
[kp]    174.63s  dealloc      711.9 MB  Cuda     live     4166.3 MB  "collide:nn_last_partner"
[kp]    174.68s  alloc        711.9 MB  Cuda     live     4878.3 MB  "collide:nn_last_partner"
[kp]    174.68s  dealloc      711.9 MB  Cuda     live     4166.3 MB  "collide:nn_last_partner"
[kp]    174.73s  alloc        711.9 MB  Cuda     live     4878.3 MB  "collide:nn_last_partner"
[kp]    174.73s  dealloc      711.9 MB  Cuda     live     4166.3 MB  "collide:nn_last_partner"
[kp]    174.78s  alloc        711.9 MB  Cuda     live     4878.3 MB  "collide:nn_last_partner"
[kp]    174.78s  dealloc      711.9 MB  Cuda     live     4166.3 MB  "collide:nn_last_partner"
[kp]    174.83s  alloc        711.9 MB  Cuda     live     4878.3 MB  "collide:nn_last_partner"
[kp]    174.83s  dealloc      711.9 MB  Cuda     live     4166.3 MB  "collide:nn_last_partner"
[kp]    174.88s  alloc        711.9 MB  Cuda     live     4878.3 MB  "collide:nn_last_partner"
[kp]    174.88s  dealloc      711.9 MB  Cuda     live     4166.3 MB  "collide:nn_last_partner"
[kp]    174.93s  alloc        711.9 MB  Cuda     live     4878.3 MB  "collide:nn_last_partner"
[kp]    174.93s  dealloc      711.9 MB  Cuda     live     4166.3 MB  "collide:nn_last_partner"
[kp]    174.98s  alloc        711.9 MB  Cuda     live     4878.3 MB  "collide:nn_last_partner"
[kp]    174.98s  dealloc      711.9 MB  Cuda     live     4166.3 MB  "collide:nn_last_partner"
[kp]    175.03s  alloc        711.9 MB  Cuda     live     4878.3 MB  "collide:nn_last_partner"
[kp]    175.03s  dealloc      711.9 MB  Cuda     live     4166.3 MB  "collide:nn_last_partner"
[kp]    175.08s  alloc        711.9 MB  Cuda     live     4878.3 MB  "collide:nn_last_partner"
[kp]    175.08s  dealloc      711.9 MB  Cuda     live     4166.3 MB  "collide:nn_last_partner"
[kp]    175.13s  alloc        711.9 MB  Cuda     live     4878.3 MB  "collide:nn_last_partner"
[kp]    175.13s  dealloc      711.9 MB  Cuda     live     4166.3 MB  "collide:nn_last_partner"
[kp]    175.18s  alloc        711.9 MB  Cuda     live     4878.3 MB  "collide:nn_last_partner"
[kp]    175.18s  dealloc      711.9 MB  Cuda     live     4166.3 MB  "collide:nn_last_partner"
[kp]    175.23s  alloc        711.9 MB  Cuda     live     4878.3 MB  "collide:nn_last_partner"
[kp]    175.23s  dealloc      711.9 MB  Cuda     live     4166.3 MB  "collide:nn_last_partner"
[kp]    175.28s  alloc        711.9 MB  Cuda     live     4878.3 MB  "collide:nn_last_partner"
[kp]    175.28s  dealloc      711.9 MB  Cuda     live     4166.3 MB  "collide:nn_last_partner"
[kp]    175.33s  alloc        711.9 MB  Cuda     live     4878.3 MB  "collide:nn_last_partner"
[kp]    175.33s  dealloc      711.9 MB  Cuda     live     4166.3 MB  "collide:nn_last_partner"
[kp]    175.38s  alloc        711.9 MB  Cuda     live     4878.3 MB  "collide:nn_last_partner"
[kp]    175.38s  dealloc      711.9 MB  Cuda     live     4166.3 MB  "collide:nn_last_partner"
[kp]    175.43s  alloc        711.9 MB  Cuda     live     4878.3 MB  "collide:nn_last_partner"
[kp]    175.43s  dealloc      711.9 MB  Cuda     live     4166.3 MB  "collide:nn_last_partner"
[kp]    175.48s  alloc        711.9 MB  Cuda     live     4878.3 MB  "collide:nn_last_partner"
[kp]    175.48s  dealloc      711.9 MB  Cuda     live     4166.3 MB  "collide:nn_last_partner"
[kp]    175.53s  alloc        711.9 MB  Cuda     live     4878.3 MB  "collide:nn_last_partner"
[kp]    175.53s  dealloc      711.9 MB  Cuda     live     4166.3 MB  "collide:nn_last_partner"
[kp]    175.58s  alloc        711.9 MB  Cuda     live     4878.3 MB  "collide:nn_last_partner"
[kp]    175.58s  dealloc      711.9 MB  Cuda     live     4166.3 MB  "collide:nn_last_partner"
[kp]    175.63s  alloc        711.9 MB  Cuda     live     4878.3 MB  "collide:nn_last_partner"
[kp]    175.63s  dealloc      711.9 MB  Cuda     live     4166.3 MB  "collide:nn_last_partner"
[kp]    175.68s  alloc        711.9 MB  Cuda     live     4878.3 MB  "collide:nn_last_partner"
[kp]    175.68s  dealloc      711.9 MB  Cuda     live     4166.3 MB  "collide:nn_last_partner"
[kp]    175.73s  alloc        711.9 MB  Cuda     live     4878.3 MB  "collide:nn_last_partner"
[kp]    175.73s  dealloc      711.9 MB  Cuda     live     4166.3 MB  "collide:nn_last_partner"
[kp]    175.78s  alloc        711.9 MB  Cuda     live     4878.3 MB  "collide:nn_last_partner"
[kp]    175.78s  dealloc      711.9 MB  Cuda     live     4166.3 MB  "collide:nn_last_partner"
[kp]    175.83s  alloc        711.9 MB  Cuda     live     4878.3 MB  "collide:nn_last_partner"
[kp]    175.83s  dealloc      711.9 MB  Cuda     live     4166.3 MB  "collide:nn_last_partner"
[kp]    175.88s  alloc        711.9 MB  Cuda     live     4878.3 MB  "collide:nn_last_partner"
[kp]    175.88s  dealloc      711.9 MB  Cuda     live     4166.3 MB  "collide:nn_last_partner"
[kp]    175.93s  alloc        711.9 MB  Cuda     live     4878.3 MB  "collide:nn_last_partner"
[kp]    175.93s  dealloc      711.9 MB  Cuda     live     4166.3 MB  "collide:nn_last_partner"
[kp]    175.98s  alloc        711.9 MB  Cuda     live     4878.3 MB  "collide:nn_last_partner"
[kp]    175.98s  dealloc      711.9 MB  Cuda     live     4166.3 MB  "collide:nn_last_partner"
[kp]    176.03s  alloc        711.9 MB  Cuda     live     4878.3 MB  "collide:nn_last_partner"
[kp]    176.04s  dealloc      711.9 MB  Cuda     live     4166.3 MB  "collide:nn_last_partner"
[kp]    176.08s  alloc        711.9 MB  Cuda     live     4878.3 MB  "collide:nn_last_partner"
[kp]    176.09s  dealloc      711.9 MB  Cuda     live     4166.3 MB  "collide:nn_last_partner"
[kp]    176.13s  alloc        711.9 MB  Cuda     live     4878.3 MB  "collide:nn_last_partner"
[kp]    176.14s  dealloc      711.9 MB  Cuda     live     4166.3 MB  "collide:nn_last_partner"
[kp]    176.19s  alloc        711.9 MB  Cuda     live     4878.3 MB  "collide:nn_last_partner"
[kp]    176.19s  dealloc      711.9 MB  Cuda     live     4166.3 MB  "collide:nn_last_partner"
[kp]    176.24s  alloc        711.9 MB  Cuda     live     4878.3 MB  "collide:nn_last_partner"
[kp]    176.24s  dealloc      711.9 MB  Cuda     live     4166.3 MB  "collide:nn_last_partner"
[kp]    176.29s  alloc        711.9 MB  Cuda     live     4878.3 MB  "collide:nn_last_partner"
[kp]    176.29s  dealloc      711.9 MB  Cuda     live     4166.3 MB  "collide:nn_last_partner"
[kp]    176.34s  alloc        711.9 MB  Cuda     live     4878.3 MB  "collide:nn_last_partner"
[kp]    176.34s  dealloc      711.9 MB  Cuda     live     4166.3 MB  "collide:nn_last_partner"
[kp]    176.39s  alloc        711.9 MB  Cuda     live     4878.3 MB  "collide:nn_last_partner"
[kp]    176.39s  dealloc      711.9 MB  Cuda     live     4166.3 MB  "collide:nn_last_partner"
[kp]    176.44s  alloc        711.9 MB  Cuda     live     4878.3 MB  "collide:nn_last_partner"
[kp]    176.44s  dealloc      711.9 MB  Cuda     live     4166.3 MB  "collide:nn_last_partner"
[kp]    176.49s  alloc        711.9 MB  Cuda     live     4878.3 MB  "collide:nn_last_partner"
[kp]    176.49s  dealloc      711.9 MB  Cuda     live     4166.3 MB  "collide:nn_last_partner"
[kp]    176.54s  alloc        711.9 MB  Cuda     live     4878.3 MB  "collide:nn_last_partner"
[kp]    176.54s  dealloc      711.9 MB  Cuda     live     4166.3 MB  "collide:nn_last_partner"
[kp]    176.59s  alloc        711.9 MB  Cuda     live     4878.3 MB  "collide:nn_last_partner"
[kp]    176.59s  dealloc      711.9 MB  Cuda     live     4166.3 MB  "collide:nn_last_partner"
[kp]    176.64s  alloc        711.9 MB  Cuda     live     4878.3 MB  "collide:nn_last_partner"
[kp]    176.64s  dealloc      711.9 MB  Cuda     live     4166.3 MB  "collide:nn_last_partner"
[kp]    176.69s  alloc        711.9 MB  Cuda     live     4878.3 MB  "collide:nn_last_partner"
[kp]    176.69s  dealloc      711.9 MB  Cuda     live     4166.3 MB  "collide:nn_last_partner"
[kp]    176.74s  alloc        711.9 MB  Cuda     live     4878.3 MB  "collide:nn_last_partner"
[kp]    176.74s  dealloc      711.9 MB  Cuda     live     4166.3 MB  "collide:nn_last_partner"
[kp]    176.79s  alloc        711.9 MB  Cuda     live     4878.3 MB  "collide:nn_last_partner"
[kp]    176.79s  dealloc      711.9 MB  Cuda     live     4166.3 MB  "collide:nn_last_partner"
[kp]    176.84s  alloc        711.9 MB  Cuda     live     4878.3 MB  "collide:nn_last_partner"
[kp]    176.84s  dealloc      711.9 MB  Cuda     live     4166.3 MB  "collide:nn_last_partner"
[kp]    176.89s  alloc        711.9 MB  Cuda     live     4878.3 MB  "collide:nn_last_partner"
[kp]    176.89s  dealloc      711.9 MB  Cuda     live     4166.3 MB  "collide:nn_last_partner"
[kp]    176.94s  alloc        711.9 MB  Cuda     live     4878.3 MB  "collide:nn_last_partner"
[kp]    176.94s  dealloc      711.9 MB  Cuda     live     4166.3 MB  "collide:nn_last_partner"
[kp]    176.99s  alloc        711.9 MB  Cuda     live     4878.3 MB  "collide:nn_last_partner"
[kp]    176.99s  dealloc      711.9 MB  Cuda     live     4166.3 MB  "collide:nn_last_partner"
[kp]    177.04s  alloc        711.9 MB  Cuda     live     4878.3 MB  "collide:nn_last_partner"
[kp]    177.04s  dealloc      711.9 MB  Cuda     live     4166.3 MB  "collide:nn_last_partner"
[kp]    177.09s  alloc        711.9 MB  Cuda     live     4878.3 MB  "collide:nn_last_partner"
[kp]    177.09s  dealloc      711.9 MB  Cuda     live     4166.3 MB  "collide:nn_last_partner"
[kp]    177.14s  alloc        711.9 MB  Cuda     live     4878.3 MB  "collide:nn_last_partner"
[kp]    177.14s  dealloc      711.9 MB  Cuda     live     4166.3 MB  "collide:nn_last_partner"
[kp]    177.19s  alloc        711.9 MB  Cuda     live     4878.3 MB  "collide:nn_last_partner"
[kp]    177.19s  dealloc      711.9 MB  Cuda     live     4166.3 MB  "collide:nn_last_partner"
[kp]    177.24s  alloc        711.9 MB  Cuda     live     4878.3 MB  "collide:nn_last_partner"
[kp]    177.24s  dealloc      711.9 MB  Cuda     live     4166.3 MB  "collide:nn_last_partner"
[kp]    177.29s  alloc        711.9 MB  Cuda     live     4878.3 MB  "collide:nn_last_partner"
[kp]    177.29s  dealloc      711.9 MB  Cuda     live     4166.3 MB  "collide:nn_last_partner"
[kp]    177.34s  alloc        711.9 MB  Cuda     live     4878.3 MB  "collide:nn_last_partner"
[kp]    177.34s  dealloc      711.9 MB  Cuda     live     4166.3 MB  "collide:nn_last_partner"
[kp]    177.39s  alloc        711.9 MB  Cuda     live     4878.3 MB  "collide:nn_last_partner"
[kp]    177.39s  dealloc      711.9 MB  Cuda     live     4166.3 MB  "collide:nn_last_partner"
[kp]    177.44s  alloc        711.9 MB  Cuda     live     4878.3 MB  "collide:nn_last_partner"
[kp]    177.44s  dealloc      711.9 MB  Cuda     live     4166.3 MB  "collide:nn_last_partner"
[kp]    177.49s  alloc        711.9 MB  Cuda     live     4878.3 MB  "collide:nn_last_partner"
[kp]    177.49s  dealloc      711.9 MB  Cuda     live     4166.3 MB  "collide:nn_last_partner"
[kp]    177.54s  alloc        711.9 MB  Cuda     live     4878.3 MB  "collide:nn_last_partner"
[kp]    177.54s  dealloc      711.9 MB  Cuda     live     4166.3 MB  "collide:nn_last_partner"
[kp]    177.59s  alloc        711.9 MB  Cuda     live     4878.3 MB  "collide:nn_last_partner"
[kp]    177.59s  dealloc      711.9 MB  Cuda     live     4166.3 MB  "collide:nn_last_partner"
[kp]    177.64s  alloc        711.9 MB  Cuda     live     4878.3 MB  "collide:nn_last_partner"
[kp]    177.64s  dealloc      711.9 MB  Cuda     live     4166.3 MB  "collide:nn_last_partner"
[kp]    177.69s  alloc        711.9 MB  Cuda     live     4878.3 MB  "collide:nn_last_partner"
[kp]    177.69s  dealloc      711.9 MB  Cuda     live     4166.3 MB  "collide:nn_last_partner"
[kp]    177.74s  alloc        711.9 MB  Cuda     live     4878.3 MB  "collide:nn_last_partner"
[kp]    177.74s  dealloc      711.9 MB  Cuda     live     4166.3 MB  "collide:nn_last_partner"
[kp]    177.79s  alloc        711.9 MB  Cuda     live     4878.3 MB  "collide:nn_last_partner"
[kp]    177.79s  dealloc      711.9 MB  Cuda     live     4166.3 MB  "collide:nn_last_partner"
[kp]    177.84s  alloc        711.9 MB  Cuda     live     4878.3 MB  "collide:nn_last_partner"
[kp]    177.84s  dealloc      711.9 MB  Cuda     live     4166.3 MB  "collide:nn_last_partner"
[kp]    177.89s  alloc        711.9 MB  Cuda     live     4878.3 MB  "collide:nn_last_partner"
[kp]    177.89s  dealloc      711.9 MB  Cuda     live     4166.3 MB  "collide:nn_last_partner"
[kp]    177.94s  alloc        711.9 MB  Cuda     live     4878.3 MB  "collide:nn_last_partner"
[kp]    177.94s  dealloc      711.9 MB  Cuda     live     4166.3 MB  "collide:nn_last_partner"
[kp]    177.99s  alloc        711.9 MB  Cuda     live     4878.3 MB  "collide:nn_last_partner"
[kp]    177.99s  dealloc      711.9 MB  Cuda     live     4166.3 MB  "collide:nn_last_partner"
[kp]    178.04s  alloc        711.9 MB  Cuda     live     4878.3 MB  "collide:nn_last_partner"
[kp]    178.04s  dealloc      711.9 MB  Cuda     live     4166.3 MB  "collide:nn_last_partner"
[kp]    178.09s  alloc        711.9 MB  Cuda     live     4878.3 MB  "collide:nn_last_partner"
[kp]    178.09s  dealloc      711.9 MB  Cuda     live     4166.3 MB  "collide:nn_last_partner"
[kp]    178.14s  alloc        711.9 MB  Cuda     live     4878.3 MB  "collide:nn_last_partner"
[kp]    178.14s  dealloc      711.9 MB  Cuda     live     4166.3 MB  "collide:nn_last_partner"
[kp]    178.19s  alloc        711.9 MB  Cuda     live     4878.3 MB  "collide:nn_last_partner"
[kp]    178.20s  dealloc      711.9 MB  Cuda     live     4166.3 MB  "collide:nn_last_partner"
[kp]    178.24s  alloc        711.9 MB  Cuda     live     4878.3 MB  "collide:nn_last_partner"
[kp]    178.25s  dealloc      711.9 MB  Cuda     live     4166.3 MB  "collide:nn_last_partner"
[kp]    178.29s  alloc        711.9 MB  Cuda     live     4878.3 MB  "collide:nn_last_partner"
[kp]    178.30s  dealloc      711.9 MB  Cuda     live     4166.3 MB  "collide:nn_last_partner"
[kp]    178.35s  alloc        711.9 MB  Cuda     live     4878.3 MB  "collide:nn_last_partner"
[kp]    178.35s  dealloc      711.9 MB  Cuda     live     4166.3 MB  "collide:nn_last_partner"
[kp]    178.40s  alloc        711.9 MB  Cuda     live     4878.3 MB  "collide:nn_last_partner"
[kp]    178.40s  dealloc      711.9 MB  Cuda     live     4166.3 MB  "collide:nn_last_partner"
[kp]    178.45s  alloc        711.9 MB  Cuda     live     4878.3 MB  "collide:nn_last_partner"
[kp]    178.45s  dealloc      711.9 MB  Cuda     live     4166.3 MB  "collide:nn_last_partner"
    3000    165.81846 5.8414088e-08    19.471362        3e-09 27569784   102235    52934        0        0    297.70139 
[kp]    178.61s  alloc        711.9 MB  Cuda     live     4878.3 MB  "collide:nn_last_partner"
[kp]    178.61s  dealloc      711.9 MB  Cuda     live     4166.3 MB  "collide:nn_last_partner"
[kp]    178.66s  alloc        711.9 MB  Cuda     live     4878.3 MB  "collide:nn_last_partner"
[kp]    178.66s  dealloc      711.9 MB  Cuda     live     4166.3 MB  "collide:nn_last_partner"
[kp]    178.71s  alloc        711.9 MB  Cuda     live     4878.3 MB  "collide:nn_last_partner"
[kp]    178.71s  dealloc      711.9 MB  Cuda     live     4166.3 MB  "collide:nn_last_partner"
[kp]    178.76s  alloc        711.9 MB  Cuda     live     4878.3 MB  "collide:nn_last_partner"
[kp]    178.76s  dealloc      711.9 MB  Cuda     live     4166.3 MB  "collide:nn_last_partner"
[kp]    178.81s  alloc        711.9 MB  Cuda     live     4878.3 MB  "collide:nn_last_partner"
[kp]    178.81s  dealloc      711.9 MB  Cuda     live     4166.3 MB  "collide:nn_last_partner"
[kp]    178.86s  alloc        711.9 MB  Cuda     live     4878.3 MB  "collide:nn_last_partner"
[kp]    178.86s  dealloc      711.9 MB  Cuda     live     4166.3 MB  "collide:nn_last_partner"
[kp]    178.91s  alloc        711.9 MB  Cuda     live     4878.3 MB  "collide:nn_last_partner"
[kp]    178.91s  dealloc      711.9 MB  Cuda     live     4166.3 MB  "collide:nn_last_partner"
[kp]    178.96s  alloc        711.9 MB  Cuda     live     4878.3 MB  "collide:nn_last_partner"
[kp]    178.96s  dealloc      711.9 MB  Cuda     live     4166.3 MB  "collide:nn_last_partner"
[kp]    179.01s  alloc        711.9 MB  Cuda     live     4878.3 MB  "collide:nn_last_partner"
[kp]    179.01s  dealloc      711.9 MB  Cuda     live     4166.3 MB  "collide:nn_last_partner"
[kp]    179.06s  alloc        711.9 MB  Cuda     live     4878.3 MB  "collide:nn_last_partner"
[kp]    179.06s  dealloc      711.9 MB  Cuda     live     4166.3 MB  "collide:nn_last_partner"
[kp]    179.11s  alloc        711.9 MB  Cuda     live     4878.3 MB  "collide:nn_last_partner"
[kp]    179.11s  dealloc      711.9 MB  Cuda     live     4166.3 MB  "collide:nn_last_partner"
[kp]    179.16s  alloc        711.9 MB  Cuda     live     4878.3 MB  "collide:nn_last_partner"
[kp]    179.16s  dealloc      711.9 MB  Cuda     live     4166.3 MB  "collide:nn_last_partner"
[kp]    179.21s  alloc        711.9 MB  Cuda     live     4878.3 MB  "collide:nn_last_partner"
[kp]    179.21s  dealloc      711.9 MB  Cuda     live     4166.3 MB  "collide:nn_last_partner"
[kp]    179.26s  alloc        711.9 MB  Cuda     live     4878.3 MB  "collide:nn_last_partner"
[kp]    179.26s  dealloc      711.9 MB  Cuda     live     4166.3 MB  "collide:nn_last_partner"
[kp]    179.31s  alloc        711.9 MB  Cuda     live     4878.3 MB  "collide:nn_last_partner"
[kp]    179.31s  dealloc      711.9 MB  Cuda     live     4166.3 MB  "collide:nn_last_partner"
[kp]    179.36s  alloc        711.9 MB  Cuda     live     4878.3 MB  "collide:nn_last_partner"
[kp]    179.36s  dealloc      711.9 MB  Cuda     live     4166.3 MB  "collide:nn_last_partner"
[kp]    179.41s  alloc        711.9 MB  Cuda     live     4878.3 MB  "collide:nn_last_partner"
[kp]    179.41s  dealloc      711.9 MB  Cuda     live     4166.3 MB  "collide:nn_last_partner"
[kp]    179.46s  alloc        711.9 MB  Cuda     live     4878.3 MB  "collide:nn_last_partner"
[kp]    179.46s  dealloc      711.9 MB  Cuda     live     4166.3 MB  "collide:nn_last_partner"
[kp]    179.51s  alloc        711.9 MB  Cuda     live     4878.3 MB  "collide:nn_last_partner"
[kp]    179.51s  dealloc      711.9 MB  Cuda     live     4166.3 MB  "collide:nn_last_partner"
[kp]    179.56s  alloc        711.9 MB  Cuda     live     4878.3 MB  "collide:nn_last_partner"
[kp]    179.56s  dealloc      711.9 MB  Cuda     live     4166.3 MB  "collide:nn_last_partner"
[kp]    179.61s  alloc        711.9 MB  Cuda     live     4878.3 MB  "collide:nn_last_partner"
[kp]    179.61s  dealloc      711.9 MB  Cuda     live     4166.3 MB  "collide:nn_last_partner"
[kp]    179.66s  alloc        711.9 MB  Cuda     live     4878.3 MB  "collide:nn_last_partner"
[kp]    179.66s  dealloc      711.9 MB  Cuda     live     4166.3 MB  "collide:nn_last_partner"
[kp]    179.71s  alloc        711.9 MB  Cuda     live     4878.3 MB  "collide:nn_last_partner"
[kp]    179.71s  dealloc      711.9 MB  Cuda     live     4166.3 MB  "collide:nn_last_partner"
[kp]    179.76s  alloc        711.9 MB  Cuda     live     4878.3 MB  "collide:nn_last_partner"
[kp]    179.76s  dealloc      711.9 MB  Cuda     live     4166.3 MB  "collide:nn_last_partner"
[kp]    179.81s  alloc        711.9 MB  Cuda     live     4878.3 MB  "collide:nn_last_partner"
[kp]    179.81s  dealloc      711.9 MB  Cuda     live     4166.3 MB  "collide:nn_last_partner"
[kp]    179.86s  alloc        711.9 MB  Cuda     live     4878.3 MB  "collide:nn_last_partner"
[kp]    179.86s  dealloc      711.9 MB  Cuda     live     4166.3 MB  "collide:nn_last_partner"
[kp]    179.91s  alloc        711.9 MB  Cuda     live     4878.3 MB  "collide:nn_last_partner"
[kp]    179.91s  dealloc      711.9 MB  Cuda     live     4166.3 MB  "collide:nn_last_partner"
[kp]    179.96s  alloc        711.9 MB  Cuda     live     4878.3 MB  "collide:nn_last_partner"
[kp]    179.96s  dealloc      711.9 MB  Cuda     live     4166.3 MB  "collide:nn_last_partner"
[kp]    180.01s  alloc        711.9 MB  Cuda     live     4878.3 MB  "collide:nn_last_partner"
[kp]    180.01s  dealloc      711.9 MB  Cuda     live     4166.3 MB  "collide:nn_last_partner"
[kp]    180.06s  alloc        711.9 MB  Cuda     live     4878.3 MB  "collide:nn_last_partner"
[kp]    180.06s  dealloc      711.9 MB  Cuda     live     4166.3 MB  "collide:nn_last_partner"
[kp]    180.11s  alloc        711.9 MB  Cuda     live     4878.3 MB  "collide:nn_last_partner"
[kp]    180.11s  dealloc      711.9 MB  Cuda     live     4166.3 MB  "collide:nn_last_partner"
[kp]    180.16s  alloc        711.9 MB  Cuda     live     4878.3 MB  "collide:nn_last_partner"
[kp]    180.16s  dealloc      711.9 MB  Cuda     live     4166.3 MB  "collide:nn_last_partner"
[kp]    180.21s  alloc        711.9 MB  Cuda     live     4878.3 MB  "collide:nn_last_partner"
[kp]    180.22s  dealloc      711.9 MB  Cuda     live     4166.3 MB  "collide:nn_last_partner"
[kp]    180.26s  alloc        711.9 MB  Cuda     live     4878.3 MB  "collide:nn_last_partner"
[kp]    180.27s  dealloc      711.9 MB  Cuda     live     4166.3 MB  "collide:nn_last_partner"
[kp]    180.31s  alloc        711.9 MB  Cuda     live     4878.3 MB  "collide:nn_last_partner"
[kp]    180.32s  dealloc      711.9 MB  Cuda     live     4166.3 MB  "collide:nn_last_partner"
[kp]    180.37s  alloc        711.9 MB  Cuda     live     4878.3 MB  "collide:nn_last_partner"
[kp]    180.37s  dealloc      711.9 MB  Cuda     live     4166.3 MB  "collide:nn_last_partner"
[kp]    180.42s  alloc        711.9 MB  Cuda     live     4878.3 MB  "collide:nn_last_partner"
[kp]    180.42s  dealloc      711.9 MB  Cuda     live     4166.3 MB  "collide:nn_last_partner"
[kp]    180.47s  alloc        711.9 MB  Cuda     live     4878.3 MB  "collide:nn_last_partner"
[kp]    180.47s  dealloc      711.9 MB  Cuda     live     4166.3 MB  "collide:nn_last_partner"
[kp]    180.52s  alloc        711.9 MB  Cuda     live     4878.3 MB  "collide:nn_last_partner"
[kp]    180.52s  dealloc      711.9 MB  Cuda     live     4166.3 MB  "collide:nn_last_partner"
[kp]    180.57s  alloc        711.9 MB  Cuda     live     4878.3 MB  "collide:nn_last_partner"
[kp]    180.57s  dealloc      711.9 MB  Cuda     live     4166.3 MB  "collide:nn_last_partner"
[kp]    180.62s  alloc        711.9 MB  Cuda     live     4878.3 MB  "collide:nn_last_partner"
[kp]    180.62s  dealloc      711.9 MB  Cuda     live     4166.3 MB  "collide:nn_last_partner"
[kp]    180.67s  alloc        711.9 MB  Cuda     live     4878.3 MB  "collide:nn_last_partner"
[kp]    180.67s  dealloc      711.9 MB  Cuda     live     4166.3 MB  "collide:nn_last_partner"
[kp]    180.72s  alloc        711.9 MB  Cuda     live     4878.3 MB  "collide:nn_last_partner"
[kp]    180.72s  dealloc      711.9 MB  Cuda     live     4166.3 MB  "collide:nn_last_partner"
[kp]    180.77s  alloc        711.9 MB  Cuda     live     4878.3 MB  "collide:nn_last_partner"
[kp]    180.77s  dealloc      711.9 MB  Cuda     live     4166.3 MB  "collide:nn_last_partner"
[kp]    180.82s  alloc        711.9 MB  Cuda     live     4878.3 MB  "collide:nn_last_partner"
[kp]    180.82s  dealloc      711.9 MB  Cuda     live     4166.3 MB  "collide:nn_last_partner"
[kp]    180.87s  alloc        711.9 MB  Cuda     live     4878.3 MB  "collide:nn_last_partner"
[kp]    180.87s  dealloc      711.9 MB  Cuda     live     4166.3 MB  "collide:nn_last_partner"
[kp]    180.92s  alloc        711.9 MB  Cuda     live     4878.3 MB  "collide:nn_last_partner"
[kp]    180.92s  dealloc      711.9 MB  Cuda     live     4166.3 MB  "collide:nn_last_partner"
[kp]    180.97s  alloc        711.9 MB  Cuda     live     4878.3 MB  "collide:nn_last_partner"
[kp]    180.97s  dealloc      711.9 MB  Cuda     live     4166.3 MB  "collide:nn_last_partner"
[kp]    181.02s  alloc        711.9 MB  Cuda     live     4878.3 MB  "collide:nn_last_partner"
[kp]    181.02s  dealloc      711.9 MB  Cuda     live     4166.3 MB  "collide:nn_last_partner"
[kp]    181.07s  alloc        711.9 MB  Cuda     live     4878.3 MB  "collide:nn_last_partner"
[kp]    181.07s  dealloc      711.9 MB  Cuda     live     4166.3 MB  "collide:nn_last_partner"
[kp]    181.12s  alloc        711.9 MB  Cuda     live     4878.3 MB  "collide:nn_last_partner"
[kp]    181.12s  dealloc      711.9 MB  Cuda     live     4166.3 MB  "collide:nn_last_partner"
[kp]    181.17s  alloc        711.9 MB  Cuda     live     4878.3 MB  "collide:nn_last_partner"
[kp]    181.17s  dealloc      711.9 MB  Cuda     live     4166.3 MB  "collide:nn_last_partner"
[kp]    181.22s  alloc        711.9 MB  Cuda     live     4878.3 MB  "collide:nn_last_partner"
[kp]    181.22s  dealloc      711.9 MB  Cuda     live     4166.3 MB  "collide:nn_last_partner"
[kp]    181.27s  alloc        711.9 MB  Cuda     live     4878.3 MB  "collide:nn_last_partner"
[kp]    181.27s  dealloc      711.9 MB  Cuda     live     4166.3 MB  "collide:nn_last_partner"
[kp]    181.32s  alloc        711.9 MB  Cuda     live     4878.3 MB  "collide:nn_last_partner"
[kp]    181.32s  dealloc      711.9 MB  Cuda     live     4166.3 MB  "collide:nn_last_partner"
[kp]    181.37s  alloc        711.9 MB  Cuda     live     4878.3 MB  "collide:nn_last_partner"
[kp]    181.37s  dealloc      711.9 MB  Cuda     live     4166.3 MB  "collide:nn_last_partner"
[kp]    181.42s  alloc        711.9 MB  Cuda     live     4878.3 MB  "collide:nn_last_partner"
[kp]    181.42s  dealloc      711.9 MB  Cuda     live     4166.3 MB  "collide:nn_last_partner"
[kp]    181.47s  alloc        711.9 MB  Cuda     live     4878.3 MB  "collide:nn_last_partner"
[kp]    181.47s  dealloc      711.9 MB  Cuda     live     4166.3 MB  "collide:nn_last_partner"
[kp]    181.52s  alloc        711.9 MB  Cuda     live     4878.3 MB  "collide:nn_last_partner"
[kp]    181.52s  dealloc      711.9 MB  Cuda     live     4166.3 MB  "collide:nn_last_partner"
[kp]    181.57s  alloc        711.9 MB  Cuda     live     4878.3 MB  "collide:nn_last_partner"
[kp]    181.57s  dealloc      711.9 MB  Cuda     live     4166.3 MB  "collide:nn_last_partner"
[kp]    181.62s  alloc        711.9 MB  Cuda     live     4878.3 MB  "collide:nn_last_partner"
[kp]    181.62s  dealloc      711.9 MB  Cuda     live     4166.3 MB  "collide:nn_last_partner"
[kp]    181.67s  alloc        711.9 MB  Cuda     live     4878.3 MB  "collide:nn_last_partner"
[kp]    181.67s  dealloc      711.9 MB  Cuda     live     4166.3 MB  "collide:nn_last_partner"
[kp]    181.72s  alloc        711.9 MB  Cuda     live     4878.3 MB  "collide:nn_last_partner"
[kp]    181.72s  dealloc      711.9 MB  Cuda     live     4166.3 MB  "collide:nn_last_partner"
[kp]    181.77s  alloc        711.9 MB  Cuda     live     4878.3 MB  "collide:nn_last_partner"
[kp]    181.77s  dealloc      711.9 MB  Cuda     live     4166.3 MB  "collide:nn_last_partner"
[kp]    181.82s  alloc        711.9 MB  Cuda     live     4878.3 MB  "collide:nn_last_partner"
[kp]    181.82s  dealloc      711.9 MB  Cuda     live     4166.3 MB  "collide:nn_last_partner"
[kp]    181.87s  alloc        711.9 MB  Cuda     live     4878.3 MB  "collide:nn_last_partner"
[kp]    181.87s  dealloc      711.9 MB  Cuda     live     4166.3 MB  "collide:nn_last_partner"
[kp]    181.92s  alloc        711.9 MB  Cuda     live     4878.3 MB  "collide:nn_last_partner"
[kp]    181.92s  dealloc      711.9 MB  Cuda     live     4166.3 MB  "collide:nn_last_partner"
[kp]    181.97s  alloc        711.9 MB  Cuda     live     4878.3 MB  "collide:nn_last_partner"
[kp]    181.97s  dealloc      711.9 MB  Cuda     live     4166.3 MB  "collide:nn_last_partner"
[kp]    182.02s  alloc        711.9 MB  Cuda     live     4878.3 MB  "collide:nn_last_partner"
[kp]    182.02s  dealloc      711.9 MB  Cuda     live     4166.3 MB  "collide:nn_last_partner"
[kp]    182.07s  alloc        711.9 MB  Cuda     live     4878.3 MB  "collide:nn_last_partner"
[kp]    182.07s  dealloc      711.9 MB  Cuda     live     4166.3 MB  "collide:nn_last_partner"
[kp]    182.12s  alloc        711.9 MB  Cuda     live     4878.3 MB  "collide:nn_last_partner"
[kp]    182.12s  dealloc      711.9 MB  Cuda     live     4166.3 MB  "collide:nn_last_partner"
[kp]    182.17s  alloc        711.9 MB  Cuda     live     4878.3 MB  "collide:nn_last_partner"
[kp]    182.17s  dealloc      711.9 MB  Cuda     live     4166.3 MB  "collide:nn_last_partner"
[kp]    182.22s  alloc        711.9 MB  Cuda     live     4878.3 MB  "collide:nn_last_partner"
[kp]    182.22s  dealloc      711.9 MB  Cuda     live     4166.3 MB  "collide:nn_last_partner"
[kp]    182.27s  alloc        711.9 MB  Cuda     live     4878.3 MB  "collide:nn_last_partner"
[kp]    182.27s  dealloc      711.9 MB  Cuda     live     4166.3 MB  "collide:nn_last_partner"
[kp]    182.32s  alloc        711.9 MB  Cuda     live     4878.3 MB  "collide:nn_last_partner"
[kp]    182.32s  dealloc      711.9 MB  Cuda     live     4166.3 MB  "collide:nn_last_partner"
[kp]    182.37s  alloc        711.9 MB  Cuda     live     4878.3 MB  "collide:nn_last_partner"
[kp]    182.37s  dealloc      711.9 MB  Cuda     live     4166.3 MB  "collide:nn_last_partner"
[kp]    182.42s  alloc        711.9 MB  Cuda     live     4878.3 MB  "collide:nn_last_partner"
[kp]    182.43s  dealloc      711.9 MB  Cuda     live     4166.3 MB  "collide:nn_last_partner"
[kp]    182.47s  alloc        711.9 MB  Cuda     live     4878.3 MB  "collide:nn_last_partner"
[kp]    182.48s  dealloc      711.9 MB  Cuda     live     4166.3 MB  "collide:nn_last_partner"
[kp]    182.52s  alloc        711.9 MB  Cuda     live     4878.3 MB  "collide:nn_last_partner"
[kp]    182.53s  dealloc      711.9 MB  Cuda     live     4166.3 MB  "collide:nn_last_partner"
[kp]    182.57s  alloc        711.9 MB  Cuda     live     4878.3 MB  "collide:nn_last_partner"
[kp]    182.58s  dealloc      711.9 MB  Cuda     live     4166.3 MB  "collide:nn_last_partner"
[kp]    182.63s  alloc        711.9 MB  Cuda     live     4878.3 MB  "collide:nn_last_partner"
[kp]    182.63s  dealloc      711.9 MB  Cuda     live     4166.3 MB  "collide:nn_last_partner"
[kp]    182.68s  alloc        711.9 MB  Cuda     live     4878.3 MB  "collide:nn_last_partner"
[kp]    182.68s  dealloc      711.9 MB  Cuda     live     4166.3 MB  "collide:nn_last_partner"
[kp]    182.73s  alloc        711.9 MB  Cuda     live     4878.3 MB  "collide:nn_last_partner"
[kp]    182.73s  dealloc      711.9 MB  Cuda     live     4166.3 MB  "collide:nn_last_partner"
[kp]    182.78s  alloc        711.9 MB  Cuda     live     4878.3 MB  "collide:nn_last_partner"
[kp]    182.78s  dealloc      711.9 MB  Cuda     live     4166.3 MB  "collide:nn_last_partner"
[kp]    182.83s  alloc        711.9 MB  Cuda     live     4878.3 MB  "collide:nn_last_partner"
[kp]    182.83s  dealloc      711.9 MB  Cuda     live     4166.3 MB  "collide:nn_last_partner"
[kp]    182.88s  alloc        711.9 MB  Cuda     live     4878.3 MB  "collide:nn_last_partner"
[kp]    182.88s  dealloc      711.9 MB  Cuda     live     4166.3 MB  "collide:nn_last_partner"
[kp]    182.93s  alloc        711.9 MB  Cuda     live     4878.3 MB  "collide:nn_last_partner"
[kp]    182.93s  dealloc      711.9 MB  Cuda     live     4166.3 MB  "collide:nn_last_partner"
[kp]    182.98s  alloc        711.9 MB  Cuda     live     4878.3 MB  "collide:nn_last_partner"
[kp]    182.98s  dealloc      711.9 MB  Cuda     live     4166.3 MB  "collide:nn_last_partner"
[kp]    183.03s  alloc        711.9 MB  Cuda     live     4878.3 MB  "collide:nn_last_partner"
[kp]    183.03s  dealloc      711.9 MB  Cuda     live     4166.3 MB  "collide:nn_last_partner"
[kp]    183.08s  alloc        711.9 MB  Cuda     live     4878.3 MB  "collide:nn_last_partner"
[kp]    183.08s  dealloc      711.9 MB  Cuda     live     4166.3 MB  "collide:nn_last_partner"
[kp]    183.13s  alloc        711.9 MB  Cuda     live     4878.3 MB  "collide:nn_last_partner"
[kp]    183.13s  dealloc      711.9 MB  Cuda     live     4166.3 MB  "collide:nn_last_partner"
[kp]    183.18s  alloc        711.9 MB  Cuda     live     4878.3 MB  "collide:nn_last_partner"
[kp]    183.18s  dealloc      711.9 MB  Cuda     live     4166.3 MB  "collide:nn_last_partner"
[kp]    183.23s  alloc        711.9 MB  Cuda     live     4878.3 MB  "collide:nn_last_partner"
[kp]    183.23s  dealloc      711.9 MB  Cuda     live     4166.3 MB  "collide:nn_last_partner"
[kp]    183.28s  alloc        711.9 MB  Cuda     live     4878.3 MB  "collide:nn_last_partner"
[kp]    183.28s  dealloc      711.9 MB  Cuda     live     4166.3 MB  "collide:nn_last_partner"
[kp]    183.33s  alloc        711.9 MB  Cuda     live     4878.3 MB  "collide:nn_last_partner"
[kp]    183.33s  dealloc      711.9 MB  Cuda     live     4166.3 MB  "collide:nn_last_partner"
[kp]    183.38s  alloc        711.9 MB  Cuda     live     4878.3 MB  "collide:nn_last_partner"
[kp]    183.38s  dealloc      711.9 MB  Cuda     live     4166.3 MB  "collide:nn_last_partner"
[kp]    183.43s  alloc        711.9 MB  Cuda     live     4878.3 MB  "collide:nn_last_partner"
[kp]    183.43s  dealloc      711.9 MB  Cuda     live     4166.3 MB  "collide:nn_last_partner"
[kp]    183.48s  alloc        711.9 MB  Cuda     live     4878.3 MB  "collide:nn_last_partner"
[kp]    183.48s  dealloc      711.9 MB  Cuda     live     4166.3 MB  "collide:nn_last_partner"
[kp]    183.53s  alloc        711.9 MB  Cuda     live     4878.3 MB  "collide:nn_last_partner"
[kp]    183.53s  dealloc      711.9 MB  Cuda     live     4166.3 MB  "collide:nn_last_partner"
[kp]    183.58s  alloc        711.9 MB  Cuda     live     4878.3 MB  "collide:nn_last_partner"
[kp]    183.58s  dealloc      711.9 MB  Cuda     live     4166.3 MB  "collide:nn_last_partner"
    3100      170.951 5.8450655e-08    19.483553        3e-09 27548612   102511    53303        0        0    297.80468 
[kp]    183.74s  alloc        711.9 MB  Cuda     live     4878.3 MB  "collide:nn_last_partner"
[kp]    183.74s  dealloc      711.9 MB  Cuda     live     4166.3 MB  "collide:nn_last_partner"
[kp]    183.79s  alloc        711.9 MB  Cuda     live     4878.3 MB  "collide:nn_last_partner"
[kp]    183.79s  dealloc      711.9 MB  Cuda     live     4166.3 MB  "collide:nn_last_partner"
[kp]    183.84s  alloc        711.9 MB  Cuda     live     4878.3 MB  "collide:nn_last_partner"
[kp]    183.84s  dealloc      711.9 MB  Cuda     live     4166.3 MB  "collide:nn_last_partner"
[kp]    183.89s  alloc        711.9 MB  Cuda     live     4878.3 MB  "collide:nn_last_partner"
[kp]    183.89s  dealloc      711.9 MB  Cuda     live     4166.3 MB  "collide:nn_last_partner"
[kp]    183.94s  alloc        711.9 MB  Cuda     live     4878.3 MB  "collide:nn_last_partner"
[kp]    183.94s  dealloc      711.9 MB  Cuda     live     4166.3 MB  "collide:nn_last_partner"
[kp]    183.99s  alloc        711.9 MB  Cuda     live     4878.3 MB  "collide:nn_last_partner"
[kp]    183.99s  dealloc      711.9 MB  Cuda     live     4166.3 MB  "collide:nn_last_partner"
[kp]    184.04s  alloc        711.9 MB  Cuda     live     4878.3 MB  "collide:nn_last_partner"
[kp]    184.04s  dealloc      711.9 MB  Cuda     live     4166.3 MB  "collide:nn_last_partner"
[kp]    184.09s  alloc        711.9 MB  Cuda     live     4878.3 MB  "collide:nn_last_partner"
[kp]    184.09s  dealloc      711.9 MB  Cuda     live     4166.3 MB  "collide:nn_last_partner"
[kp]    184.14s  alloc        711.9 MB  Cuda     live     4878.3 MB  "collide:nn_last_partner"
[kp]    184.14s  dealloc      711.9 MB  Cuda     live     4166.3 MB  "collide:nn_last_partner"
[kp]    184.19s  alloc        711.9 MB  Cuda     live     4878.3 MB  "collide:nn_last_partner"
[kp]    184.19s  dealloc      711.9 MB  Cuda     live     4166.3 MB  "collide:nn_last_partner"
[kp]    184.24s  alloc        711.9 MB  Cuda     live     4878.3 MB  "collide:nn_last_partner"
[kp]    184.24s  dealloc      711.9 MB  Cuda     live     4166.3 MB  "collide:nn_last_partner"
[kp]    184.29s  alloc        711.9 MB  Cuda     live     4878.3 MB  "collide:nn_last_partner"
[kp]    184.29s  dealloc      711.9 MB  Cuda     live     4166.3 MB  "collide:nn_last_partner"
[kp]    184.34s  alloc        711.9 MB  Cuda     live     4878.3 MB  "collide:nn_last_partner"
[kp]    184.34s  dealloc      711.9 MB  Cuda     live     4166.3 MB  "collide:nn_last_partner"
[kp]    184.39s  alloc        711.9 MB  Cuda     live     4878.3 MB  "collide:nn_last_partner"
[kp]    184.39s  dealloc      711.9 MB  Cuda     live     4166.3 MB  "collide:nn_last_partner"
[kp]    184.44s  alloc        711.9 MB  Cuda     live     4878.3 MB  "collide:nn_last_partner"
[kp]    184.44s  dealloc      711.9 MB  Cuda     live     4166.3 MB  "collide:nn_last_partner"
[kp]    184.49s  alloc        711.9 MB  Cuda     live     4878.3 MB  "collide:nn_last_partner"
[kp]    184.49s  dealloc      711.9 MB  Cuda     live     4166.3 MB  "collide:nn_last_partner"
[kp]    184.54s  alloc        711.9 MB  Cuda     live     4878.3 MB  "collide:nn_last_partner"
[kp]    184.54s  dealloc      711.9 MB  Cuda     live     4166.3 MB  "collide:nn_last_partner"
[kp]    184.59s  alloc        711.9 MB  Cuda     live     4878.3 MB  "collide:nn_last_partner"
[kp]    184.59s  dealloc      711.9 MB  Cuda     live     4166.3 MB  "collide:nn_last_partner"
[kp]    184.64s  alloc        711.9 MB  Cuda     live     4878.3 MB  "collide:nn_last_partner"
[kp]    184.64s  dealloc      711.9 MB  Cuda     live     4166.3 MB  "collide:nn_last_partner"
[kp]    184.69s  alloc        711.9 MB  Cuda     live     4878.3 MB  "collide:nn_last_partner"
[kp]    184.69s  dealloc      711.9 MB  Cuda     live     4166.3 MB  "collide:nn_last_partner"
[kp]    184.74s  alloc        711.9 MB  Cuda     live     4878.3 MB  "collide:nn_last_partner"
[kp]    184.74s  dealloc      711.9 MB  Cuda     live     4166.3 MB  "collide:nn_last_partner"
[kp]    184.79s  alloc        711.9 MB  Cuda     live     4878.3 MB  "collide:nn_last_partner"
[kp]    184.79s  dealloc      711.9 MB  Cuda     live     4166.3 MB  "collide:nn_last_partner"
[kp]    184.84s  alloc        711.9 MB  Cuda     live     4878.3 MB  "collide:nn_last_partner"
[kp]    184.84s  dealloc      711.9 MB  Cuda     live     4166.3 MB  "collide:nn_last_partner"
[kp]    184.89s  alloc        711.9 MB  Cuda     live     4878.3 MB  "collide:nn_last_partner"
[kp]    184.89s  dealloc      711.9 MB  Cuda     live     4166.3 MB  "collide:nn_last_partner"
[kp]    184.94s  alloc        711.9 MB  Cuda     live     4878.3 MB  "collide:nn_last_partner"
[kp]    184.94s  dealloc      711.9 MB  Cuda     live     4166.3 MB  "collide:nn_last_partner"
[kp]    184.99s  alloc        711.9 MB  Cuda     live     4878.3 MB  "collide:nn_last_partner"
[kp]    184.99s  dealloc      711.9 MB  Cuda     live     4166.3 MB  "collide:nn_last_partner"
[kp]    185.04s  alloc        711.9 MB  Cuda     live     4878.3 MB  "collide:nn_last_partner"
[kp]    185.05s  dealloc      711.9 MB  Cuda     live     4166.3 MB  "collide:nn_last_partner"
[kp]    185.09s  alloc        711.9 MB  Cuda     live     4878.3 MB  "collide:nn_last_partner"
[kp]    185.10s  dealloc      711.9 MB  Cuda     live     4166.3 MB  "collide:nn_last_partner"
[kp]    185.14s  alloc        711.9 MB  Cuda     live     4878.3 MB  "collide:nn_last_partner"
[kp]    185.15s  dealloc      711.9 MB  Cuda     live     4166.3 MB  "collide:nn_last_partner"
[kp]    185.19s  alloc        711.9 MB  Cuda     live     4878.3 MB  "collide:nn_last_partner"
[kp]    185.20s  dealloc      711.9 MB  Cuda     live     4166.3 MB  "collide:nn_last_partner"
[kp]    185.25s  alloc        711.9 MB  Cuda     live     4878.3 MB  "collide:nn_last_partner"
[kp]    185.25s  dealloc      711.9 MB  Cuda     live     4166.3 MB  "collide:nn_last_partner"
[kp]    185.30s  alloc        711.9 MB  Cuda     live     4878.3 MB  "collide:nn_last_partner"
[kp]    185.30s  dealloc      711.9 MB  Cuda     live     4166.3 MB  "collide:nn_last_partner"
[kp]    185.35s  alloc        711.9 MB  Cuda     live     4878.3 MB  "collide:nn_last_partner"
[kp]    185.35s  dealloc      711.9 MB  Cuda     live     4166.3 MB  "collide:nn_last_partner"
[kp]    185.40s  alloc        711.9 MB  Cuda     live     4878.3 MB  "collide:nn_last_partner"
[kp]    185.40s  dealloc      711.9 MB  Cuda     live     4166.3 MB  "collide:nn_last_partner"
[kp]    185.45s  alloc        711.9 MB  Cuda     live     4878.3 MB  "collide:nn_last_partner"
[kp]    185.45s  dealloc      711.9 MB  Cuda     live     4166.3 MB  "collide:nn_last_partner"
[kp]    185.50s  alloc        711.9 MB  Cuda     live     4878.3 MB  "collide:nn_last_partner"
[kp]    185.50s  dealloc      711.9 MB  Cuda     live     4166.3 MB  "collide:nn_last_partner"
[kp]    185.55s  alloc        711.9 MB  Cuda     live     4878.3 MB  "collide:nn_last_partner"
[kp]    185.55s  dealloc      711.9 MB  Cuda     live     4166.3 MB  "collide:nn_last_partner"
[kp]    185.60s  alloc        711.9 MB  Cuda     live     4878.3 MB  "collide:nn_last_partner"
[kp]    185.60s  dealloc      711.9 MB  Cuda     live     4166.3 MB  "collide:nn_last_partner"
[kp]    185.65s  alloc        711.9 MB  Cuda     live     4878.3 MB  "collide:nn_last_partner"
[kp]    185.65s  dealloc      711.9 MB  Cuda     live     4166.3 MB  "collide:nn_last_partner"
[kp]    185.70s  alloc        711.9 MB  Cuda     live     4878.3 MB  "collide:nn_last_partner"
[kp]    185.70s  dealloc      711.9 MB  Cuda     live     4166.3 MB  "collide:nn_last_partner"
[kp]    185.75s  alloc        711.9 MB  Cuda     live     4878.3 MB  "collide:nn_last_partner"
[kp]    185.75s  dealloc      711.9 MB  Cuda     live     4166.3 MB  "collide:nn_last_partner"
[kp]    185.80s  alloc        711.9 MB  Cuda     live     4878.3 MB  "collide:nn_last_partner"
[kp]    185.80s  dealloc      711.9 MB  Cuda     live     4166.3 MB  "collide:nn_last_partner"
[kp]    185.85s  alloc        711.9 MB  Cuda     live     4878.3 MB  "collide:nn_last_partner"
[kp]    185.85s  dealloc      711.9 MB  Cuda     live     4166.3 MB  "collide:nn_last_partner"
[kp]    185.90s  alloc        711.9 MB  Cuda     live     4878.3 MB  "collide:nn_last_partner"
[kp]    185.90s  dealloc      711.9 MB  Cuda     live     4166.3 MB  "collide:nn_last_partner"
[kp]    185.95s  alloc        711.9 MB  Cuda     live     4878.3 MB  "collide:nn_last_partner"
[kp]    185.95s  dealloc      711.9 MB  Cuda     live     4166.3 MB  "collide:nn_last_partner"
[kp]    186.00s  alloc        711.9 MB  Cuda     live     4878.3 MB  "collide:nn_last_partner"
[kp]    186.00s  dealloc      711.9 MB  Cuda     live     4166.3 MB  "collide:nn_last_partner"
[kp]    186.05s  alloc        711.9 MB  Cuda     live     4878.3 MB  "collide:nn_last_partner"
[kp]    186.05s  dealloc      711.9 MB  Cuda     live     4166.3 MB  "collide:nn_last_partner"
[kp]    186.10s  alloc        711.9 MB  Cuda     live     4878.3 MB  "collide:nn_last_partner"
[kp]    186.10s  dealloc      711.9 MB  Cuda     live     4166.3 MB  "collide:nn_last_partner"
[kp]    186.15s  alloc        711.9 MB  Cuda     live     4878.3 MB  "collide:nn_last_partner"
[kp]    186.15s  dealloc      711.9 MB  Cuda     live     4166.3 MB  "collide:nn_last_partner"
[kp]    186.20s  alloc        711.9 MB  Cuda     live     4878.3 MB  "collide:nn_last_partner"
[kp]    186.20s  dealloc      711.9 MB  Cuda     live     4166.3 MB  "collide:nn_last_partner"
[kp]    186.25s  alloc        711.9 MB  Cuda     live     4878.3 MB  "collide:nn_last_partner"
[kp]    186.25s  dealloc      711.9 MB  Cuda     live     4166.3 MB  "collide:nn_last_partner"
[kp]    186.30s  alloc        711.9 MB  Cuda     live     4878.3 MB  "collide:nn_last_partner"
[kp]    186.30s  dealloc      711.9 MB  Cuda     live     4166.3 MB  "collide:nn_last_partner"
[kp]    186.35s  alloc        711.9 MB  Cuda     live     4878.3 MB  "collide:nn_last_partner"
[kp]    186.35s  dealloc      711.9 MB  Cuda     live     4166.3 MB  "collide:nn_last_partner"
[kp]    186.40s  alloc        711.9 MB  Cuda     live     4878.3 MB  "collide:nn_last_partner"
[kp]    186.40s  dealloc      711.9 MB  Cuda     live     4166.3 MB  "collide:nn_last_partner"
[kp]    186.45s  alloc        711.9 MB  Cuda     live     4878.3 MB  "collide:nn_last_partner"
[kp]    186.45s  dealloc      711.9 MB  Cuda     live     4166.3 MB  "collide:nn_last_partner"
[kp]    186.50s  alloc        711.9 MB  Cuda     live     4878.3 MB  "collide:nn_last_partner"
[kp]    186.50s  dealloc      711.9 MB  Cuda     live     4166.3 MB  "collide:nn_last_partner"
[kp]    186.55s  alloc        711.9 MB  Cuda     live     4878.3 MB  "collide:nn_last_partner"
[kp]    186.55s  dealloc      711.9 MB  Cuda     live     4166.3 MB  "collide:nn_last_partner"
[kp]    186.60s  alloc        711.9 MB  Cuda     live     4878.3 MB  "collide:nn_last_partner"
[kp]    186.60s  dealloc      711.9 MB  Cuda     live     4166.3 MB  "collide:nn_last_partner"
[kp]    186.65s  alloc        711.9 MB  Cuda     live     4878.3 MB  "collide:nn_last_partner"
[kp]    186.65s  dealloc      711.9 MB  Cuda     live     4166.3 MB  "collide:nn_last_partner"
[kp]    186.70s  alloc        711.9 MB  Cuda     live     4878.3 MB  "collide:nn_last_partner"
[kp]    186.70s  dealloc      711.9 MB  Cuda     live     4166.3 MB  "collide:nn_last_partner"
[kp]    186.75s  alloc        711.9 MB  Cuda     live     4878.3 MB  "collide:nn_last_partner"
[kp]    186.75s  dealloc      711.9 MB  Cuda     live     4166.3 MB  "collide:nn_last_partner"
[kp]    186.80s  alloc        711.9 MB  Cuda     live     4878.3 MB  "collide:nn_last_partner"
[kp]    186.80s  dealloc      711.9 MB  Cuda     live     4166.3 MB  "collide:nn_last_partner"
[kp]    186.85s  alloc        711.9 MB  Cuda     live     4878.3 MB  "collide:nn_last_partner"
[kp]    186.85s  dealloc      711.9 MB  Cuda     live     4166.3 MB  "collide:nn_last_partner"
[kp]    186.90s  alloc        711.9 MB  Cuda     live     4878.3 MB  "collide:nn_last_partner"
[kp]    186.90s  dealloc      711.9 MB  Cuda     live     4166.3 MB  "collide:nn_last_partner"
[kp]    186.95s  alloc        711.9 MB  Cuda     live     4878.3 MB  "collide:nn_last_partner"
[kp]    186.95s  dealloc      711.9 MB  Cuda     live     4166.3 MB  "collide:nn_last_partner"
[kp]    187.00s  alloc        711.9 MB  Cuda     live     4878.3 MB  "collide:nn_last_partner"
[kp]    187.00s  dealloc      711.9 MB  Cuda     live     4166.3 MB  "collide:nn_last_partner"
[kp]    187.05s  alloc        711.9 MB  Cuda     live     4878.3 MB  "collide:nn_last_partner"
[kp]    187.05s  dealloc      711.9 MB  Cuda     live     4166.3 MB  "collide:nn_last_partner"
[kp]    187.10s  alloc        711.9 MB  Cuda     live     4878.3 MB  "collide:nn_last_partner"
[kp]    187.10s  dealloc      711.9 MB  Cuda     live     4166.3 MB  "collide:nn_last_partner"
[kp]    187.15s  alloc        711.9 MB  Cuda     live     4878.3 MB  "collide:nn_last_partner"
[kp]    187.15s  dealloc      711.9 MB  Cuda     live     4166.3 MB  "collide:nn_last_partner"
[kp]    187.20s  alloc        711.9 MB  Cuda     live     4878.3 MB  "collide:nn_last_partner"
[kp]    187.20s  dealloc      711.9 MB  Cuda     live     4166.3 MB  "collide:nn_last_partner"
[kp]    187.25s  alloc        711.9 MB  Cuda     live     4878.3 MB  "collide:nn_last_partner"
[kp]    187.25s  dealloc      711.9 MB  Cuda     live     4166.3 MB  "collide:nn_last_partner"
[kp]    187.30s  alloc        711.9 MB  Cuda     live     4878.3 MB  "collide:nn_last_partner"
[kp]    187.30s  dealloc      711.9 MB  Cuda     live     4166.3 MB  "collide:nn_last_partner"
[kp]    187.35s  alloc        711.9 MB  Cuda     live     4878.3 MB  "collide:nn_last_partner"
[kp]    187.35s  dealloc      711.9 MB  Cuda     live     4166.3 MB  "collide:nn_last_partner"
[kp]    187.40s  alloc        711.9 MB  Cuda     live     4878.3 MB  "collide:nn_last_partner"
[kp]    187.40s  dealloc      711.9 MB  Cuda     live     4166.3 MB  "collide:nn_last_partner"
[kp]    187.45s  alloc        711.9 MB  Cuda     live     4878.3 MB  "collide:nn_last_partner"
[kp]    187.45s  dealloc      711.9 MB  Cuda     live     4166.3 MB  "collide:nn_last_partner"
[kp]    187.50s  alloc        711.9 MB  Cuda     live     4878.3 MB  "collide:nn_last_partner"
[kp]    187.50s  dealloc      711.9 MB  Cuda     live     4166.3 MB  "collide:nn_last_partner"
[kp]    187.55s  alloc        711.9 MB  Cuda     live     4878.3 MB  "collide:nn_last_partner"
[kp]    187.55s  dealloc      711.9 MB  Cuda     live     4166.3 MB  "collide:nn_last_partner"
[kp]    187.60s  alloc        711.9 MB  Cuda     live     4878.3 MB  "collide:nn_last_partner"
[kp]    187.60s  dealloc      711.9 MB  Cuda     live     4166.3 MB  "collide:nn_last_partner"
[kp]    187.65s  alloc        711.9 MB  Cuda     live     4878.3 MB  "collide:nn_last_partner"
[kp]    187.65s  dealloc      711.9 MB  Cuda     live     4166.3 MB  "collide:nn_last_partner"
[kp]    187.70s  alloc        711.9 MB  Cuda     live     4878.3 MB  "collide:nn_last_partner"
[kp]    187.70s  dealloc      711.9 MB  Cuda     live     4166.3 MB  "collide:nn_last_partner"
[kp]    187.75s  alloc        711.9 MB  Cuda     live     4878.3 MB  "collide:nn_last_partner"
[kp]    187.76s  dealloc      711.9 MB  Cuda     live     4166.3 MB  "collide:nn_last_partner"
[kp]    187.80s  alloc        711.9 MB  Cuda     live     4878.3 MB  "collide:nn_last_partner"
[kp]    187.81s  dealloc      711.9 MB  Cuda     live     4166.3 MB  "collide:nn_last_partner"
[kp]    187.85s  alloc        711.9 MB  Cuda     live     4878.3 MB  "collide:nn_last_partner"
[kp]    187.86s  dealloc      711.9 MB  Cuda     live     4166.3 MB  "collide:nn_last_partner"
[kp]    187.90s  alloc        711.9 MB  Cuda     live     4878.3 MB  "collide:nn_last_partner"
[kp]    187.91s  dealloc      711.9 MB  Cuda     live     4166.3 MB  "collide:nn_last_partner"
[kp]    187.96s  alloc        711.9 MB  Cuda     live     4878.3 MB  "collide:nn_last_partner"
[kp]    187.96s  dealloc      711.9 MB  Cuda     live     4166.3 MB  "collide:nn_last_partner"
[kp]    188.01s  alloc        711.9 MB  Cuda     live     4878.3 MB  "collide:nn_last_partner"
[kp]    188.01s  dealloc      711.9 MB  Cuda     live     4166.3 MB  "collide:nn_last_partner"
[kp]    188.06s  alloc        711.9 MB  Cuda     live     4878.3 MB  "collide:nn_last_partner"
[kp]    188.06s  dealloc      711.9 MB  Cuda     live     4166.3 MB  "collide:nn_last_partner"
[kp]    188.11s  alloc        711.9 MB  Cuda     live     4878.3 MB  "collide:nn_last_partner"
[kp]    188.11s  dealloc      711.9 MB  Cuda     live     4166.3 MB  "collide:nn_last_partner"
[kp]    188.16s  alloc        711.9 MB  Cuda     live     4878.3 MB  "collide:nn_last_partner"
[kp]    188.16s  dealloc      711.9 MB  Cuda     live     4166.3 MB  "collide:nn_last_partner"
[kp]    188.21s  alloc        711.9 MB  Cuda     live     4878.3 MB  "collide:nn_last_partner"
[kp]    188.21s  dealloc      711.9 MB  Cuda     live     4166.3 MB  "collide:nn_last_partner"
[kp]    188.26s  alloc        711.9 MB  Cuda     live     4878.3 MB  "collide:nn_last_partner"
[kp]    188.26s  dealloc      711.9 MB  Cuda     live     4166.3 MB  "collide:nn_last_partner"
[kp]    188.31s  alloc        711.9 MB  Cuda     live     4878.3 MB  "collide:nn_last_partner"
[kp]    188.31s  dealloc      711.9 MB  Cuda     live     4166.3 MB  "collide:nn_last_partner"
[kp]    188.36s  alloc        711.9 MB  Cuda     live     4878.3 MB  "collide:nn_last_partner"
[kp]    188.36s  dealloc      711.9 MB  Cuda     live     4166.3 MB  "collide:nn_last_partner"
[kp]    188.41s  alloc        711.9 MB  Cuda     live     4878.3 MB  "collide:nn_last_partner"
[kp]    188.41s  dealloc      711.9 MB  Cuda     live     4166.3 MB  "collide:nn_last_partner"
[kp]    188.46s  alloc        711.9 MB  Cuda     live     4878.3 MB  "collide:nn_last_partner"
[kp]    188.46s  dealloc      711.9 MB  Cuda     live     4166.3 MB  "collide:nn_last_partner"
[kp]    188.51s  alloc        711.9 MB  Cuda     live     4878.3 MB  "collide:nn_last_partner"
[kp]    188.51s  dealloc      711.9 MB  Cuda     live     4166.3 MB  "collide:nn_last_partner"
[kp]    188.56s  alloc        711.9 MB  Cuda     live     4878.3 MB  "collide:nn_last_partner"
[kp]    188.56s  dealloc      711.9 MB  Cuda     live     4166.3 MB  "collide:nn_last_partner"
[kp]    188.61s  alloc        711.9 MB  Cuda     live     4878.3 MB  "collide:nn_last_partner"
[kp]    188.61s  dealloc      711.9 MB  Cuda     live     4166.3 MB  "collide:nn_last_partner"
[kp]    188.66s  alloc        711.9 MB  Cuda     live     4878.3 MB  "collide:nn_last_partner"
[kp]    188.66s  dealloc      711.9 MB  Cuda     live     4166.3 MB  "collide:nn_last_partner"
[kp]    188.71s  alloc        711.9 MB  Cuda     live     4878.3 MB  "collide:nn_last_partner"
[kp]    188.71s  dealloc      711.9 MB  Cuda     live     4166.3 MB  "collide:nn_last_partner"
    3200    176.07967 5.8494683e-08    19.498227        3e-09 27528908   102346    52771        0        0    297.94732 
[kp]    188.87s  alloc        711.9 MB  Cuda     live     4878.3 MB  "collide:nn_last_partner"
[kp]    188.87s  dealloc      711.9 MB  Cuda     live     4166.3 MB  "collide:nn_last_partner"
[kp]    188.92s  alloc        711.9 MB  Cuda     live     4878.3 MB  "collide:nn_last_partner"
[kp]    188.92s  dealloc      711.9 MB  Cuda     live     4166.3 MB  "collide:nn_last_partner"
[kp]    188.97s  alloc        711.9 MB  Cuda     live     4878.3 MB  "collide:nn_last_partner"
[kp]    188.97s  dealloc      711.9 MB  Cuda     live     4166.3 MB  "collide:nn_last_partner"
[kp]    189.02s  alloc        711.9 MB  Cuda     live     4878.3 MB  "collide:nn_last_partner"
[kp]    189.02s  dealloc      711.9 MB  Cuda     live     4166.3 MB  "collide:nn_last_partner"
[kp]    189.07s  alloc        711.9 MB  Cuda     live     4878.3 MB  "collide:nn_last_partner"
[kp]    189.07s  dealloc      711.9 MB  Cuda     live     4166.3 MB  "collide:nn_last_partner"
[kp]    189.12s  alloc        711.9 MB  Cuda     live     4878.3 MB  "collide:nn_last_partner"
[kp]    189.12s  dealloc      711.9 MB  Cuda     live     4166.3 MB  "collide:nn_last_partner"
[kp]    189.17s  alloc        711.9 MB  Cuda     live     4878.3 MB  "collide:nn_last_partner"
[kp]    189.17s  dealloc      711.9 MB  Cuda     live     4166.3 MB  "collide:nn_last_partner"
[kp]    189.22s  alloc        711.9 MB  Cuda     live     4878.3 MB  "collide:nn_last_partner"
[kp]    189.22s  dealloc      711.9 MB  Cuda     live     4166.3 MB  "collide:nn_last_partner"
[kp]    189.27s  alloc        711.9 MB  Cuda     live     4878.3 MB  "collide:nn_last_partner"
[kp]    189.27s  dealloc      711.9 MB  Cuda     live     4166.3 MB  "collide:nn_last_partner"
[kp]    189.32s  alloc        711.9 MB  Cuda     live     4878.3 MB  "collide:nn_last_partner"
[kp]    189.32s  dealloc      711.9 MB  Cuda     live     4166.3 MB  "collide:nn_last_partner"
[kp]    189.37s  alloc        711.9 MB  Cuda     live     4878.3 MB  "collide:nn_last_partner"
[kp]    189.37s  dealloc      711.9 MB  Cuda     live     4166.3 MB  "collide:nn_last_partner"
[kp]    189.42s  alloc        711.9 MB  Cuda     live     4878.3 MB  "collide:nn_last_partner"
[kp]    189.42s  dealloc      711.9 MB  Cuda     live     4166.3 MB  "collide:nn_last_partner"
[kp]    189.47s  alloc        711.9 MB  Cuda     live     4878.3 MB  "collide:nn_last_partner"
[kp]    189.47s  dealloc      711.9 MB  Cuda     live     4166.3 MB  "collide:nn_last_partner"
[kp]    189.52s  alloc        711.9 MB  Cuda     live     4878.3 MB  "collide:nn_last_partner"
[kp]    189.52s  dealloc      711.9 MB  Cuda     live     4166.3 MB  "collide:nn_last_partner"
[kp]    189.57s  alloc        711.9 MB  Cuda     live     4878.3 MB  "collide:nn_last_partner"
[kp]    189.57s  dealloc      711.9 MB  Cuda     live     4166.3 MB  "collide:nn_last_partner"
[kp]    189.62s  alloc        711.9 MB  Cuda     live     4878.3 MB  "collide:nn_last_partner"
[kp]    189.62s  dealloc      711.9 MB  Cuda     live     4166.3 MB  "collide:nn_last_partner"
[kp]    189.67s  alloc        711.9 MB  Cuda     live     4878.3 MB  "collide:nn_last_partner"
[kp]    189.67s  dealloc      711.9 MB  Cuda     live     4166.3 MB  "collide:nn_last_partner"
[kp]    189.72s  alloc        711.9 MB  Cuda     live     4878.3 MB  "collide:nn_last_partner"
[kp]    189.72s  dealloc      711.9 MB  Cuda     live     4166.3 MB  "collide:nn_last_partner"
[kp]    189.77s  alloc        711.9 MB  Cuda     live     4878.3 MB  "collide:nn_last_partner"
[kp]    189.77s  dealloc      711.9 MB  Cuda     live     4166.3 MB  "collide:nn_last_partner"
[kp]    189.82s  alloc        711.9 MB  Cuda     live     4878.3 MB  "collide:nn_last_partner"
[kp]    189.82s  dealloc      711.9 MB  Cuda     live     4166.3 MB  "collide:nn_last_partner"
[kp]    189.87s  alloc        711.9 MB  Cuda     live     4878.3 MB  "collide:nn_last_partner"
[kp]    189.87s  dealloc      711.9 MB  Cuda     live     4166.3 MB  "collide:nn_last_partner"
[kp]    189.92s  alloc        711.9 MB  Cuda     live     4878.3 MB  "collide:nn_last_partner"
[kp]    189.92s  dealloc      711.9 MB  Cuda     live     4166.3 MB  "collide:nn_last_partner"
[kp]    189.97s  alloc        711.9 MB  Cuda     live     4878.3 MB  "collide:nn_last_partner"
[kp]    189.97s  dealloc      711.9 MB  Cuda     live     4166.3 MB  "collide:nn_last_partner"
[kp]    190.02s  alloc        711.9 MB  Cuda     live     4878.3 MB  "collide:nn_last_partner"
[kp]    190.02s  dealloc      711.9 MB  Cuda     live     4166.3 MB  "collide:nn_last_partner"
[kp]    190.07s  alloc        711.9 MB  Cuda     live     4878.3 MB  "collide:nn_last_partner"
[kp]    190.07s  dealloc      711.9 MB  Cuda     live     4166.3 MB  "collide:nn_last_partner"
[kp]    190.12s  alloc        711.9 MB  Cuda     live     4878.3 MB  "collide:nn_last_partner"
[kp]    190.12s  dealloc      711.9 MB  Cuda     live     4166.3 MB  "collide:nn_last_partner"
[kp]    190.17s  alloc        711.9 MB  Cuda     live     4878.3 MB  "collide:nn_last_partner"
[kp]    190.17s  dealloc      711.9 MB  Cuda     live     4166.3 MB  "collide:nn_last_partner"
[kp]    190.22s  alloc        711.9 MB  Cuda     live     4878.3 MB  "collide:nn_last_partner"
[kp]    190.22s  dealloc      711.9 MB  Cuda     live     4166.3 MB  "collide:nn_last_partner"
[kp]    190.27s  alloc        711.9 MB  Cuda     live     4878.3 MB  "collide:nn_last_partner"
[kp]    190.27s  dealloc      711.9 MB  Cuda     live     4166.3 MB  "collide:nn_last_partner"
[kp]    190.32s  alloc        711.9 MB  Cuda     live     4878.3 MB  "collide:nn_last_partner"
[kp]    190.32s  dealloc      711.9 MB  Cuda     live     4166.3 MB  "collide:nn_last_partner"
[kp]    190.37s  alloc        711.9 MB  Cuda     live     4878.3 MB  "collide:nn_last_partner"
[kp]    190.37s  dealloc      711.9 MB  Cuda     live     4166.3 MB  "collide:nn_last_partner"
[kp]    190.42s  alloc        711.9 MB  Cuda     live     4878.3 MB  "collide:nn_last_partner"
[kp]    190.42s  dealloc      711.9 MB  Cuda     live     4166.3 MB  "collide:nn_last_partner"
[kp]    190.47s  alloc        711.9 MB  Cuda     live     4878.3 MB  "collide:nn_last_partner"
[kp]    190.47s  dealloc      711.9 MB  Cuda     live     4166.3 MB  "collide:nn_last_partner"
[kp]    190.52s  alloc        711.9 MB  Cuda     live     4878.3 MB  "collide:nn_last_partner"
[kp]    190.52s  dealloc      711.9 MB  Cuda     live     4166.3 MB  "collide:nn_last_partner"
[kp]    190.57s  alloc        711.9 MB  Cuda     live     4878.3 MB  "collide:nn_last_partner"
[kp]    190.57s  dealloc      711.9 MB  Cuda     live     4166.3 MB  "collide:nn_last_partner"
[kp]    190.62s  alloc        711.9 MB  Cuda     live     4878.3 MB  "collide:nn_last_partner"
[kp]    190.62s  dealloc      711.9 MB  Cuda     live     4166.3 MB  "collide:nn_last_partner"
[kp]    190.67s  alloc        711.9 MB  Cuda     live     4878.3 MB  "collide:nn_last_partner"
[kp]    190.67s  dealloc      711.9 MB  Cuda     live     4166.3 MB  "collide:nn_last_partner"
[kp]    190.72s  alloc        711.9 MB  Cuda     live     4878.3 MB  "collide:nn_last_partner"
[kp]    190.72s  dealloc      711.9 MB  Cuda     live     4166.3 MB  "collide:nn_last_partner"
[kp]    190.77s  alloc        711.9 MB  Cuda     live     4878.3 MB  "collide:nn_last_partner"
[kp]    190.77s  dealloc      711.9 MB  Cuda     live     4166.3 MB  "collide:nn_last_partner"
[kp]    190.82s  alloc        711.9 MB  Cuda     live     4878.3 MB  "collide:nn_last_partner"
[kp]    190.82s  dealloc      711.9 MB  Cuda     live     4166.3 MB  "collide:nn_last_partner"
[kp]    190.87s  alloc        711.9 MB  Cuda     live     4878.3 MB  "collide:nn_last_partner"
[kp]    190.88s  dealloc      711.9 MB  Cuda     live     4166.3 MB  "collide:nn_last_partner"
[kp]    190.92s  alloc        711.9 MB  Cuda     live     4878.3 MB  "collide:nn_last_partner"
[kp]    190.93s  dealloc      711.9 MB  Cuda     live     4166.3 MB  "collide:nn_last_partner"
[kp]    190.97s  alloc        711.9 MB  Cuda     live     4878.3 MB  "collide:nn_last_partner"
[kp]    190.98s  dealloc      711.9 MB  Cuda     live     4166.3 MB  "collide:nn_last_partner"
[kp]    191.02s  alloc        711.9 MB  Cuda     live     4878.3 MB  "collide:nn_last_partner"
[kp]    191.03s  dealloc      711.9 MB  Cuda     live     4166.3 MB  "collide:nn_last_partner"
[kp]    191.08s  alloc        711.9 MB  Cuda     live     4878.3 MB  "collide:nn_last_partner"
[kp]    191.08s  dealloc      711.9 MB  Cuda     live     4166.3 MB  "collide:nn_last_partner"
[kp]    191.13s  alloc        711.9 MB  Cuda     live     4878.3 MB  "collide:nn_last_partner"
[kp]    191.13s  dealloc      711.9 MB  Cuda     live     4166.3 MB  "collide:nn_last_partner"
[kp]    191.18s  alloc        711.9 MB  Cuda     live     4878.3 MB  "collide:nn_last_partner"
[kp]    191.18s  dealloc      711.9 MB  Cuda     live     4166.3 MB  "collide:nn_last_partner"
[kp]    191.23s  alloc        711.9 MB  Cuda     live     4878.3 MB  "collide:nn_last_partner"
[kp]    191.23s  dealloc      711.9 MB  Cuda     live     4166.3 MB  "collide:nn_last_partner"
[kp]    191.28s  alloc        711.9 MB  Cuda     live     4878.3 MB  "collide:nn_last_partner"
[kp]    191.28s  dealloc      711.9 MB  Cuda     live     4166.3 MB  "collide:nn_last_partner"
[kp]    191.33s  alloc        711.9 MB  Cuda     live     4878.3 MB  "collide:nn_last_partner"
[kp]    191.33s  dealloc      711.9 MB  Cuda     live     4166.3 MB  "collide:nn_last_partner"
[kp]    191.38s  alloc        711.9 MB  Cuda     live     4878.3 MB  "collide:nn_last_partner"
[kp]    191.38s  dealloc      711.9 MB  Cuda     live     4166.3 MB  "collide:nn_last_partner"
[kp]    191.43s  alloc        711.9 MB  Cuda     live     4878.3 MB  "collide:nn_last_partner"
[kp]    191.43s  dealloc      711.9 MB  Cuda     live     4166.3 MB  "collide:nn_last_partner"
[kp]    191.48s  alloc        711.9 MB  Cuda     live     4878.3 MB  "collide:nn_last_partner"
[kp]    191.48s  dealloc      711.9 MB  Cuda     live     4166.3 MB  "collide:nn_last_partner"
[kp]    191.53s  alloc        711.9 MB  Cuda     live     4878.3 MB  "collide:nn_last_partner"
[kp]    191.53s  dealloc      711.9 MB  Cuda     live     4166.3 MB  "collide:nn_last_partner"
[kp]    191.58s  alloc        711.9 MB  Cuda     live     4878.3 MB  "collide:nn_last_partner"
[kp]    191.58s  dealloc      711.9 MB  Cuda     live     4166.3 MB  "collide:nn_last_partner"
[kp]    191.63s  alloc        711.9 MB  Cuda     live     4878.3 MB  "collide:nn_last_partner"
[kp]    191.63s  dealloc      711.9 MB  Cuda     live     4166.3 MB  "collide:nn_last_partner"
[kp]    191.68s  alloc        711.9 MB  Cuda     live     4878.3 MB  "collide:nn_last_partner"
[kp]    191.68s  dealloc      711.9 MB  Cuda     live     4166.3 MB  "collide:nn_last_partner"
[kp]    191.73s  alloc        711.9 MB  Cuda     live     4878.3 MB  "collide:nn_last_partner"
[kp]    191.73s  dealloc      711.9 MB  Cuda     live     4166.3 MB  "collide:nn_last_partner"
[kp]    191.78s  alloc        711.9 MB  Cuda     live     4878.3 MB  "collide:nn_last_partner"
[kp]    191.78s  dealloc      711.9 MB  Cuda     live     4166.3 MB  "collide:nn_last_partner"
[kp]    191.83s  alloc        711.9 MB  Cuda     live     4878.3 MB  "collide:nn_last_partner"
[kp]    191.83s  dealloc      711.9 MB  Cuda     live     4166.3 MB  "collide:nn_last_partner"
[kp]    191.88s  alloc        711.9 MB  Cuda     live     4878.3 MB  "collide:nn_last_partner"
[kp]    191.88s  dealloc      711.9 MB  Cuda     live     4166.3 MB  "collide:nn_last_partner"
[kp]    191.93s  alloc        711.9 MB  Cuda     live     4878.3 MB  "collide:nn_last_partner"
[kp]    191.93s  dealloc      711.9 MB  Cuda     live     4166.3 MB  "collide:nn_last_partner"
[kp]    191.98s  alloc        711.9 MB  Cuda     live     4878.3 MB  "collide:nn_last_partner"
[kp]    191.98s  dealloc      711.9 MB  Cuda     live     4166.3 MB  "collide:nn_last_partner"
[kp]    192.03s  alloc        711.9 MB  Cuda     live     4878.3 MB  "collide:nn_last_partner"
[kp]    192.03s  dealloc      711.9 MB  Cuda     live     4166.3 MB  "collide:nn_last_partner"
[kp]    192.08s  alloc        711.9 MB  Cuda     live     4878.3 MB  "collide:nn_last_partner"
[kp]    192.08s  dealloc      711.9 MB  Cuda     live     4166.3 MB  "collide:nn_last_partner"
[kp]    192.13s  alloc        711.9 MB  Cuda     live     4878.3 MB  "collide:nn_last_partner"
[kp]    192.13s  dealloc      711.9 MB  Cuda     live     4166.3 MB  "collide:nn_last_partner"
[kp]    192.18s  alloc        711.9 MB  Cuda     live     4878.3 MB  "collide:nn_last_partner"
[kp]    192.18s  dealloc      711.9 MB  Cuda     live     4166.3 MB  "collide:nn_last_partner"
[kp]    192.23s  alloc        711.9 MB  Cuda     live     4878.3 MB  "collide:nn_last_partner"
[kp]    192.23s  dealloc      711.9 MB  Cuda     live     4166.3 MB  "collide:nn_last_partner"
[kp]    192.28s  alloc        711.9 MB  Cuda     live     4878.3 MB  "collide:nn_last_partner"
[kp]    192.28s  dealloc      711.9 MB  Cuda     live     4166.3 MB  "collide:nn_last_partner"
[kp]    192.33s  alloc        711.9 MB  Cuda     live     4878.3 MB  "collide:nn_last_partner"
[kp]    192.33s  dealloc      711.9 MB  Cuda     live     4166.3 MB  "collide:nn_last_partner"
[kp]    192.38s  alloc        711.9 MB  Cuda     live     4878.3 MB  "collide:nn_last_partner"
[kp]    192.38s  dealloc      711.9 MB  Cuda     live     4166.3 MB  "collide:nn_last_partner"
[kp]    192.43s  alloc        711.9 MB  Cuda     live     4878.3 MB  "collide:nn_last_partner"
[kp]    192.43s  dealloc      711.9 MB  Cuda     live     4166.3 MB  "collide:nn_last_partner"
[kp]    192.48s  alloc        711.9 MB  Cuda     live     4878.3 MB  "collide:nn_last_partner"
[kp]    192.48s  dealloc      711.9 MB  Cuda     live     4166.3 MB  "collide:nn_last_partner"
[kp]    192.53s  alloc        711.9 MB  Cuda     live     4878.3 MB  "collide:nn_last_partner"
[kp]    192.53s  dealloc      711.9 MB  Cuda     live     4166.3 MB  "collide:nn_last_partner"
[kp]    192.58s  alloc        711.9 MB  Cuda     live     4878.3 MB  "collide:nn_last_partner"
[kp]    192.58s  dealloc      711.9 MB  Cuda     live     4166.3 MB  "collide:nn_last_partner"
[kp]    192.63s  alloc        711.9 MB  Cuda     live     4878.3 MB  "collide:nn_last_partner"
[kp]    192.63s  dealloc      711.9 MB  Cuda     live     4166.3 MB  "collide:nn_last_partner"
[kp]    192.68s  alloc        711.9 MB  Cuda     live     4878.3 MB  "collide:nn_last_partner"
[kp]    192.68s  dealloc      711.9 MB  Cuda     live     4166.3 MB  "collide:nn_last_partner"
[kp]    192.73s  alloc        711.9 MB  Cuda     live     4878.3 MB  "collide:nn_last_partner"
[kp]    192.73s  dealloc      711.9 MB  Cuda     live     4166.3 MB  "collide:nn_last_partner"
[kp]    192.78s  alloc        711.9 MB  Cuda     live     4878.3 MB  "collide:nn_last_partner"
[kp]    192.78s  dealloc      711.9 MB  Cuda     live     4166.3 MB  "collide:nn_last_partner"
[kp]    192.83s  alloc        711.9 MB  Cuda     live     4878.3 MB  "collide:nn_last_partner"
[kp]    192.83s  dealloc      711.9 MB  Cuda     live     4166.3 MB  "collide:nn_last_partner"
[kp]    192.88s  alloc        711.9 MB  Cuda     live     4878.3 MB  "collide:nn_last_partner"
[kp]    192.88s  dealloc      711.9 MB  Cuda     live     4166.3 MB  "collide:nn_last_partner"
[kp]    192.93s  alloc        711.9 MB  Cuda     live     4878.3 MB  "collide:nn_last_partner"
[kp]    192.93s  dealloc      711.9 MB  Cuda     live     4166.3 MB  "collide:nn_last_partner"
[kp]    192.98s  alloc        711.9 MB  Cuda     live     4878.3 MB  "collide:nn_last_partner"
[kp]    192.98s  dealloc      711.9 MB  Cuda     live     4166.3 MB  "collide:nn_last_partner"
[kp]    193.03s  alloc        711.9 MB  Cuda     live     4878.3 MB  "collide:nn_last_partner"
[kp]    193.03s  dealloc      711.9 MB  Cuda     live     4166.3 MB  "collide:nn_last_partner"
[kp]    193.08s  alloc        711.9 MB  Cuda     live     4878.3 MB  "collide:nn_last_partner"
[kp]    193.08s  dealloc      711.9 MB  Cuda     live     4166.3 MB  "collide:nn_last_partner"
[kp]    193.13s  alloc        711.9 MB  Cuda     live     4878.3 MB  "collide:nn_last_partner"
[kp]    193.13s  dealloc      711.9 MB  Cuda     live     4166.3 MB  "collide:nn_last_partner"
[kp]    193.18s  alloc        711.9 MB  Cuda     live     4878.3 MB  "collide:nn_last_partner"
[kp]    193.18s  dealloc      711.9 MB  Cuda     live     4166.3 MB  "collide:nn_last_partner"
[kp]    193.23s  alloc        711.9 MB  Cuda     live     4878.3 MB  "collide:nn_last_partner"
[kp]    193.23s  dealloc      711.9 MB  Cuda     live     4166.3 MB  "collide:nn_last_partner"
[kp]    193.28s  alloc        711.9 MB  Cuda     live     4878.3 MB  "collide:nn_last_partner"
[kp]    193.28s  dealloc      711.9 MB  Cuda     live     4166.3 MB  "collide:nn_last_partner"
[kp]    193.33s  alloc        711.9 MB  Cuda     live     4878.3 MB  "collide:nn_last_partner"
[kp]    193.33s  dealloc      711.9 MB  Cuda     live     4166.3 MB  "collide:nn_last_partner"
[kp]    193.38s  alloc        711.9 MB  Cuda     live     4878.3 MB  "collide:nn_last_partner"
[kp]    193.38s  dealloc      711.9 MB  Cuda     live     4166.3 MB  "collide:nn_last_partner"
[kp]    193.43s  alloc        711.9 MB  Cuda     live     4878.3 MB  "collide:nn_last_partner"
[kp]    193.43s  dealloc      711.9 MB  Cuda     live     4166.3 MB  "collide:nn_last_partner"
[kp]    193.48s  alloc        711.9 MB  Cuda     live     4878.3 MB  "collide:nn_last_partner"
[kp]    193.48s  dealloc      711.9 MB  Cuda     live     4166.3 MB  "collide:nn_last_partner"
[kp]    193.53s  alloc        711.9 MB  Cuda     live     4878.3 MB  "collide:nn_last_partner"
[kp]    193.53s  dealloc      711.9 MB  Cuda     live     4166.3 MB  "collide:nn_last_partner"
[kp]    193.58s  alloc        711.9 MB  Cuda     live     4878.3 MB  "collide:nn_last_partner"
[kp]    193.58s  dealloc      711.9 MB  Cuda     live     4166.3 MB  "collide:nn_last_partner"
[kp]    193.63s  alloc        711.9 MB  Cuda     live     4878.3 MB  "collide:nn_last_partner"
[kp]    193.63s  dealloc      711.9 MB  Cuda     live     4166.3 MB  "collide:nn_last_partner"
[kp]    193.68s  alloc        711.9 MB  Cuda     live     4878.3 MB  "collide:nn_last_partner"
[kp]    193.68s  dealloc      711.9 MB  Cuda     live     4166.3 MB  "collide:nn_last_partner"
[kp]    193.73s  alloc        711.9 MB  Cuda     live     4878.3 MB  "collide:nn_last_partner"
[kp]    193.73s  dealloc      711.9 MB  Cuda     live     4166.3 MB  "collide:nn_last_partner"
[kp]    193.78s  alloc        711.9 MB  Cuda     live     4878.3 MB  "collide:nn_last_partner"
[kp]    193.78s  dealloc      711.9 MB  Cuda     live     4166.3 MB  "collide:nn_last_partner"
[kp]    193.83s  alloc        711.9 MB  Cuda     live     4878.3 MB  "collide:nn_last_partner"
[kp]    193.83s  dealloc      711.9 MB  Cuda     live     4166.3 MB  "collide:nn_last_partner"
    3300    181.20378 5.8546772e-08    19.515591        3e-09 27505368   102512    53009        0        0    298.02713 
[kp]    193.99s  alloc        711.9 MB  Cuda     live     4878.3 MB  "collide:nn_last_partner"
[kp]    193.99s  dealloc      711.9 MB  Cuda     live     4166.3 MB  "collide:nn_last_partner"
[kp]    194.04s  alloc        711.9 MB  Cuda     live     4878.3 MB  "collide:nn_last_partner"
[kp]    194.04s  dealloc      711.9 MB  Cuda     live     4166.3 MB  "collide:nn_last_partner"
[kp]    194.09s  alloc        711.9 MB  Cuda     live     4878.3 MB  "collide:nn_last_partner"
[kp]    194.09s  dealloc      711.9 MB  Cuda     live     4166.3 MB  "collide:nn_last_partner"
[kp]    194.14s  alloc        711.9 MB  Cuda     live     4878.3 MB  "collide:nn_last_partner"
[kp]    194.14s  dealloc      711.9 MB  Cuda     live     4166.3 MB  "collide:nn_last_partner"
[kp]    194.19s  alloc        711.9 MB  Cuda     live     4878.3 MB  "collide:nn_last_partner"
[kp]    194.19s  dealloc      711.9 MB  Cuda     live     4166.3 MB  "collide:nn_last_partner"
[kp]    194.24s  alloc        711.9 MB  Cuda     live     4878.3 MB  "collide:nn_last_partner"
[kp]    194.24s  dealloc      711.9 MB  Cuda     live     4166.3 MB  "collide:nn_last_partner"
[kp]    194.29s  alloc        711.9 MB  Cuda     live     4878.3 MB  "collide:nn_last_partner"
[kp]    194.29s  dealloc      711.9 MB  Cuda     live     4166.3 MB  "collide:nn_last_partner"
[kp]    194.34s  alloc        711.9 MB  Cuda     live     4878.3 MB  "collide:nn_last_partner"
[kp]    194.34s  dealloc      711.9 MB  Cuda     live     4166.3 MB  "collide:nn_last_partner"
[kp]    194.39s  alloc        711.9 MB  Cuda     live     4878.3 MB  "collide:nn_last_partner"
[kp]    194.39s  dealloc      711.9 MB  Cuda     live     4166.3 MB  "collide:nn_last_partner"
[kp]    194.44s  alloc        711.9 MB  Cuda     live     4878.3 MB  "collide:nn_last_partner"
[kp]    194.44s  dealloc      711.9 MB  Cuda     live     4166.3 MB  "collide:nn_last_partner"
[kp]    194.49s  alloc        711.9 MB  Cuda     live     4878.3 MB  "collide:nn_last_partner"
[kp]    194.49s  dealloc      711.9 MB  Cuda     live     4166.3 MB  "collide:nn_last_partner"
[kp]    194.54s  alloc        711.9 MB  Cuda     live     4878.3 MB  "collide:nn_last_partner"
[kp]    194.54s  dealloc      711.9 MB  Cuda     live     4166.3 MB  "collide:nn_last_partner"
[kp]    194.59s  alloc        711.9 MB  Cuda     live     4878.3 MB  "collide:nn_last_partner"
[kp]    194.59s  dealloc      711.9 MB  Cuda     live     4166.3 MB  "collide:nn_last_partner"
[kp]    194.64s  alloc        711.9 MB  Cuda     live     4878.3 MB  "collide:nn_last_partner"
[kp]    194.64s  dealloc      711.9 MB  Cuda     live     4166.3 MB  "collide:nn_last_partner"
[kp]    194.69s  alloc        711.9 MB  Cuda     live     4878.3 MB  "collide:nn_last_partner"
[kp]    194.69s  dealloc      711.9 MB  Cuda     live     4166.3 MB  "collide:nn_last_partner"
[kp]    194.74s  alloc        711.9 MB  Cuda     live     4878.3 MB  "collide:nn_last_partner"
[kp]    194.74s  dealloc      711.9 MB  Cuda     live     4166.3 MB  "collide:nn_last_partner"
[kp]    194.79s  alloc        711.9 MB  Cuda     live     4878.3 MB  "collide:nn_last_partner"
[kp]    194.79s  dealloc      711.9 MB  Cuda     live     4166.3 MB  "collide:nn_last_partner"
[kp]    194.84s  alloc        711.9 MB  Cuda     live     4878.3 MB  "collide:nn_last_partner"
[kp]    194.84s  dealloc      711.9 MB  Cuda     live     4166.3 MB  "collide:nn_last_partner"
[kp]    194.89s  alloc        711.9 MB  Cuda     live     4878.3 MB  "collide:nn_last_partner"
[kp]    194.89s  dealloc      711.9 MB  Cuda     live     4166.3 MB  "collide:nn_last_partner"
[kp]    194.94s  alloc        711.9 MB  Cuda     live     4878.3 MB  "collide:nn_last_partner"
[kp]    194.95s  dealloc      711.9 MB  Cuda     live     4166.3 MB  "collide:nn_last_partner"
[kp]    194.99s  alloc        711.9 MB  Cuda     live     4878.3 MB  "collide:nn_last_partner"
[kp]    195.00s  dealloc      711.9 MB  Cuda     live     4166.3 MB  "collide:nn_last_partner"
[kp]    195.04s  alloc        711.9 MB  Cuda     live     4878.3 MB  "collide:nn_last_partner"
[kp]    195.05s  dealloc      711.9 MB  Cuda     live     4166.3 MB  "collide:nn_last_partner"
[kp]    195.09s  alloc        711.9 MB  Cuda     live     4878.3 MB  "collide:nn_last_partner"
[kp]    195.10s  dealloc      711.9 MB  Cuda     live     4166.3 MB  "collide:nn_last_partner"
[kp]    195.14s  alloc        711.9 MB  Cuda     live     4878.3 MB  "collide:nn_last_partner"
[kp]    195.15s  dealloc      711.9 MB  Cuda     live     4166.3 MB  "collide:nn_last_partner"
[kp]    195.19s  alloc        711.9 MB  Cuda     live     4878.3 MB  "collide:nn_last_partner"
[kp]    195.20s  dealloc      711.9 MB  Cuda     live     4166.3 MB  "collide:nn_last_partner"
[kp]    195.24s  alloc        711.9 MB  Cuda     live     4878.3 MB  "collide:nn_last_partner"
[kp]    195.25s  dealloc      711.9 MB  Cuda     live     4166.3 MB  "collide:nn_last_partner"
[kp]    195.29s  alloc        711.9 MB  Cuda     live     4878.3 MB  "collide:nn_last_partner"
[kp]    195.30s  dealloc      711.9 MB  Cuda     live     4166.3 MB  "collide:nn_last_partner"
[kp]    195.35s  alloc        711.9 MB  Cuda     live     4878.3 MB  "collide:nn_last_partner"
[kp]    195.35s  dealloc      711.9 MB  Cuda     live     4166.3 MB  "collide:nn_last_partner"
[kp]    195.40s  alloc        711.9 MB  Cuda     live     4878.3 MB  "collide:nn_last_partner"
[kp]    195.40s  dealloc      711.9 MB  Cuda     live     4166.3 MB  "collide:nn_last_partner"
[kp]    195.45s  alloc        711.9 MB  Cuda     live     4878.3 MB  "collide:nn_last_partner"
[kp]    195.45s  dealloc      711.9 MB  Cuda     live     4166.3 MB  "collide:nn_last_partner"
[kp]    195.50s  alloc        711.9 MB  Cuda     live     4878.3 MB  "collide:nn_last_partner"
[kp]    195.50s  dealloc      711.9 MB  Cuda     live     4166.3 MB  "collide:nn_last_partner"
[kp]    195.55s  alloc        711.9 MB  Cuda     live     4878.3 MB  "collide:nn_last_partner"
[kp]    195.55s  dealloc      711.9 MB  Cuda     live     4166.3 MB  "collide:nn_last_partner"
[kp]    195.60s  alloc        711.9 MB  Cuda     live     4878.3 MB  "collide:nn_last_partner"
[kp]    195.60s  dealloc      711.9 MB  Cuda     live     4166.3 MB  "collide:nn_last_partner"
[kp]    195.65s  alloc        711.9 MB  Cuda     live     4878.3 MB  "collide:nn_last_partner"
[kp]    195.65s  dealloc      711.9 MB  Cuda     live     4166.3 MB  "collide:nn_last_partner"
[kp]    195.70s  alloc        711.9 MB  Cuda     live     4878.3 MB  "collide:nn_last_partner"
[kp]    195.70s  dealloc      711.9 MB  Cuda     live     4166.3 MB  "collide:nn_last_partner"
[kp]    195.75s  alloc        711.9 MB  Cuda     live     4878.3 MB  "collide:nn_last_partner"
[kp]    195.75s  dealloc      711.9 MB  Cuda     live     4166.3 MB  "collide:nn_last_partner"
[kp]    195.80s  alloc        711.9 MB  Cuda     live     4878.3 MB  "collide:nn_last_partner"
[kp]    195.80s  dealloc      711.9 MB  Cuda     live     4166.3 MB  "collide:nn_last_partner"
[kp]    195.85s  alloc        711.9 MB  Cuda     live     4878.3 MB  "collide:nn_last_partner"
[kp]    195.85s  dealloc      711.9 MB  Cuda     live     4166.3 MB  "collide:nn_last_partner"
[kp]    195.90s  alloc        711.9 MB  Cuda     live     4878.3 MB  "collide:nn_last_partner"
[kp]    195.90s  dealloc      711.9 MB  Cuda     live     4166.3 MB  "collide:nn_last_partner"
[kp]    195.95s  alloc        711.9 MB  Cuda     live     4878.3 MB  "collide:nn_last_partner"
[kp]    195.95s  dealloc      711.9 MB  Cuda     live     4166.3 MB  "collide:nn_last_partner"
[kp]    196.00s  alloc        711.9 MB  Cuda     live     4878.3 MB  "collide:nn_last_partner"
[kp]    196.00s  dealloc      711.9 MB  Cuda     live     4166.3 MB  "collide:nn_last_partner"
[kp]    196.05s  alloc        711.9 MB  Cuda     live     4878.3 MB  "collide:nn_last_partner"
[kp]    196.05s  dealloc      711.9 MB  Cuda     live     4166.3 MB  "collide:nn_last_partner"
[kp]    196.10s  alloc        711.9 MB  Cuda     live     4878.3 MB  "collide:nn_last_partner"
[kp]    196.10s  dealloc      711.9 MB  Cuda     live     4166.3 MB  "collide:nn_last_partner"
[kp]    196.15s  alloc        711.9 MB  Cuda     live     4878.3 MB  "collide:nn_last_partner"
[kp]    196.15s  dealloc      711.9 MB  Cuda     live     4166.3 MB  "collide:nn_last_partner"
[kp]    196.20s  alloc        711.9 MB  Cuda     live     4878.3 MB  "collide:nn_last_partner"
[kp]    196.20s  dealloc      711.9 MB  Cuda     live     4166.3 MB  "collide:nn_last_partner"
[kp]    196.25s  alloc        711.9 MB  Cuda     live     4878.3 MB  "collide:nn_last_partner"
[kp]    196.25s  dealloc      711.9 MB  Cuda     live     4166.3 MB  "collide:nn_last_partner"
[kp]    196.30s  alloc        711.9 MB  Cuda     live     4878.3 MB  "collide:nn_last_partner"
[kp]    196.30s  dealloc      711.9 MB  Cuda     live     4166.3 MB  "collide:nn_last_partner"
[kp]    196.35s  alloc        711.9 MB  Cuda     live     4878.3 MB  "collide:nn_last_partner"
[kp]    196.35s  dealloc      711.9 MB  Cuda     live     4166.3 MB  "collide:nn_last_partner"
[kp]    196.40s  alloc        711.9 MB  Cuda     live     4878.3 MB  "collide:nn_last_partner"
[kp]    196.40s  dealloc      711.9 MB  Cuda     live     4166.3 MB  "collide:nn_last_partner"
[kp]    196.45s  alloc        711.9 MB  Cuda     live     4878.3 MB  "collide:nn_last_partner"
[kp]    196.45s  dealloc      711.9 MB  Cuda     live     4166.3 MB  "collide:nn_last_partner"
[kp]    196.50s  alloc        711.9 MB  Cuda     live     4878.3 MB  "collide:nn_last_partner"
[kp]    196.50s  dealloc      711.9 MB  Cuda     live     4166.3 MB  "collide:nn_last_partner"
[kp]    196.55s  alloc        711.9 MB  Cuda     live     4878.3 MB  "collide:nn_last_partner"
[kp]    196.55s  dealloc      711.9 MB  Cuda     live     4166.3 MB  "collide:nn_last_partner"
[kp]    196.60s  alloc        711.9 MB  Cuda     live     4878.3 MB  "collide:nn_last_partner"
[kp]    196.60s  dealloc      711.9 MB  Cuda     live     4166.3 MB  "collide:nn_last_partner"
[kp]    196.65s  alloc        711.9 MB  Cuda     live     4878.3 MB  "collide:nn_last_partner"
[kp]    196.65s  dealloc      711.9 MB  Cuda     live     4166.3 MB  "collide:nn_last_partner"
[kp]    196.70s  alloc        711.9 MB  Cuda     live     4878.3 MB  "collide:nn_last_partner"
[kp]    196.70s  dealloc      711.9 MB  Cuda     live     4166.3 MB  "collide:nn_last_partner"
[kp]    196.75s  alloc        711.9 MB  Cuda     live     4878.3 MB  "collide:nn_last_partner"
[kp]    196.75s  dealloc      711.9 MB  Cuda     live     4166.3 MB  "collide:nn_last_partner"
[kp]    196.80s  alloc        711.9 MB  Cuda     live     4878.3 MB  "collide:nn_last_partner"
[kp]    196.80s  dealloc      711.9 MB  Cuda     live     4166.3 MB  "collide:nn_last_partner"
[kp]    196.85s  alloc        711.9 MB  Cuda     live     4878.3 MB  "collide:nn_last_partner"
[kp]    196.85s  dealloc      711.9 MB  Cuda     live     4166.3 MB  "collide:nn_last_partner"
[kp]    196.90s  alloc        711.9 MB  Cuda     live     4878.3 MB  "collide:nn_last_partner"
[kp]    196.90s  dealloc      711.9 MB  Cuda     live     4166.3 MB  "collide:nn_last_partner"
[kp]    196.95s  alloc        711.9 MB  Cuda     live     4878.3 MB  "collide:nn_last_partner"
[kp]    196.95s  dealloc      711.9 MB  Cuda     live     4166.3 MB  "collide:nn_last_partner"
[kp]    197.00s  alloc        711.9 MB  Cuda     live     4878.3 MB  "collide:nn_last_partner"
[kp]    197.00s  dealloc      711.9 MB  Cuda     live     4166.3 MB  "collide:nn_last_partner"
[kp]    197.05s  alloc        711.9 MB  Cuda     live     4878.3 MB  "collide:nn_last_partner"
[kp]    197.05s  dealloc      711.9 MB  Cuda     live     4166.3 MB  "collide:nn_last_partner"
[kp]    197.10s  alloc        711.9 MB  Cuda     live     4878.3 MB  "collide:nn_last_partner"
[kp]    197.10s  dealloc      711.9 MB  Cuda     live     4166.3 MB  "collide:nn_last_partner"
[kp]    197.15s  alloc        711.9 MB  Cuda     live     4878.3 MB  "collide:nn_last_partner"
[kp]    197.15s  dealloc      711.9 MB  Cuda     live     4166.3 MB  "collide:nn_last_partner"
[kp]    197.20s  alloc        711.9 MB  Cuda     live     4878.3 MB  "collide:nn_last_partner"
[kp]    197.20s  dealloc      711.9 MB  Cuda     live     4166.3 MB  "collide:nn_last_partner"
[kp]    197.25s  alloc        711.9 MB  Cuda     live     4878.3 MB  "collide:nn_last_partner"
[kp]    197.25s  dealloc      711.9 MB  Cuda     live     4166.3 MB  "collide:nn_last_partner"
[kp]    197.30s  alloc        711.9 MB  Cuda     live     4878.3 MB  "collide:nn_last_partner"
[kp]    197.30s  dealloc      711.9 MB  Cuda     live     4166.3 MB  "collide:nn_last_partner"
[kp]    197.35s  alloc        711.9 MB  Cuda     live     4878.3 MB  "collide:nn_last_partner"
[kp]    197.35s  dealloc      711.9 MB  Cuda     live     4166.3 MB  "collide:nn_last_partner"
[kp]    197.40s  alloc        711.9 MB  Cuda     live     4878.3 MB  "collide:nn_last_partner"
[kp]    197.40s  dealloc      711.9 MB  Cuda     live     4166.3 MB  "collide:nn_last_partner"
[kp]    197.45s  alloc        711.9 MB  Cuda     live     4878.3 MB  "collide:nn_last_partner"
[kp]    197.45s  dealloc      711.9 MB  Cuda     live     4166.3 MB  "collide:nn_last_partner"
[kp]    197.50s  alloc        711.9 MB  Cuda     live     4878.3 MB  "collide:nn_last_partner"
[kp]    197.50s  dealloc      711.9 MB  Cuda     live     4166.3 MB  "collide:nn_last_partner"
[kp]    197.55s  alloc        711.9 MB  Cuda     live     4878.3 MB  "collide:nn_last_partner"
[kp]    197.55s  dealloc      711.9 MB  Cuda     live     4166.3 MB  "collide:nn_last_partner"
[kp]    197.60s  alloc        711.9 MB  Cuda     live     4878.3 MB  "collide:nn_last_partner"
[kp]    197.60s  dealloc      711.9 MB  Cuda     live     4166.3 MB  "collide:nn_last_partner"
[kp]    197.65s  alloc        711.9 MB  Cuda     live     4878.3 MB  "collide:nn_last_partner"
[kp]    197.65s  dealloc      711.9 MB  Cuda     live     4166.3 MB  "collide:nn_last_partner"
[kp]    197.70s  alloc        711.9 MB  Cuda     live     4878.3 MB  "collide:nn_last_partner"
[kp]    197.70s  dealloc      711.9 MB  Cuda     live     4166.3 MB  "collide:nn_last_partner"
[kp]    197.75s  alloc        711.9 MB  Cuda     live     4878.3 MB  "collide:nn_last_partner"
[kp]    197.75s  dealloc      711.9 MB  Cuda     live     4166.3 MB  "collide:nn_last_partner"
[kp]    197.80s  alloc        711.9 MB  Cuda     live     4878.3 MB  "collide:nn_last_partner"
[kp]    197.80s  dealloc      711.9 MB  Cuda     live     4166.3 MB  "collide:nn_last_partner"
[kp]    197.85s  alloc        711.9 MB  Cuda     live     4878.3 MB  "collide:nn_last_partner"
[kp]    197.85s  dealloc      711.9 MB  Cuda     live     4166.3 MB  "collide:nn_last_partner"
[kp]    197.90s  alloc        711.9 MB  Cuda     live     4878.3 MB  "collide:nn_last_partner"
[kp]    197.90s  dealloc      711.9 MB  Cuda     live     4166.3 MB  "collide:nn_last_partner"
[kp]    197.95s  alloc        711.9 MB  Cuda     live     4878.3 MB  "collide:nn_last_partner"
[kp]    197.95s  dealloc      711.9 MB  Cuda     live     4166.3 MB  "collide:nn_last_partner"
[kp]    198.00s  alloc        711.9 MB  Cuda     live     4878.3 MB  "collide:nn_last_partner"
[kp]    198.00s  dealloc      711.9 MB  Cuda     live     4166.3 MB  "collide:nn_last_partner"
[kp]    198.05s  alloc        711.9 MB  Cuda     live     4878.3 MB  "collide:nn_last_partner"
[kp]    198.05s  dealloc      711.9 MB  Cuda     live     4166.3 MB  "collide:nn_last_partner"
[kp]    198.10s  alloc        711.9 MB  Cuda     live     4878.3 MB  "collide:nn_last_partner"
[kp]    198.10s  dealloc      711.9 MB  Cuda     live     4166.3 MB  "collide:nn_last_partner"
[kp]    198.15s  alloc        711.9 MB  Cuda     live     4878.3 MB  "collide:nn_last_partner"
[kp]    198.15s  dealloc      711.9 MB  Cuda     live     4166.3 MB  "collide:nn_last_partner"
[kp]    198.20s  alloc        711.9 MB  Cuda     live     4878.3 MB  "collide:nn_last_partner"
[kp]    198.20s  dealloc      711.9 MB  Cuda     live     4166.3 MB  "collide:nn_last_partner"
[kp]    198.25s  alloc        711.9 MB  Cuda     live     4878.3 MB  "collide:nn_last_partner"
[kp]    198.25s  dealloc      711.9 MB  Cuda     live     4166.3 MB  "collide:nn_last_partner"
[kp]    198.30s  alloc        711.9 MB  Cuda     live     4878.3 MB  "collide:nn_last_partner"
[kp]    198.30s  dealloc      711.9 MB  Cuda     live     4166.3 MB  "collide:nn_last_partner"
[kp]    198.35s  alloc        711.9 MB  Cuda     live     4878.3 MB  "collide:nn_last_partner"
[kp]    198.35s  dealloc      711.9 MB  Cuda     live     4166.3 MB  "collide:nn_last_partner"
[kp]    198.40s  alloc        711.9 MB  Cuda     live     4878.3 MB  "collide:nn_last_partner"
[kp]    198.40s  dealloc      711.9 MB  Cuda     live     4166.3 MB  "collide:nn_last_partner"
[kp]    198.45s  alloc        711.9 MB  Cuda     live     4878.3 MB  "collide:nn_last_partner"
[kp]    198.45s  dealloc      711.9 MB  Cuda     live     4166.3 MB  "collide:nn_last_partner"
[kp]    198.50s  alloc        711.9 MB  Cuda     live     4878.3 MB  "collide:nn_last_partner"
[kp]    198.50s  dealloc      711.9 MB  Cuda     live     4166.3 MB  "collide:nn_last_partner"
[kp]    198.55s  alloc        711.9 MB  Cuda     live     4878.3 MB  "collide:nn_last_partner"
[kp]    198.55s  dealloc      711.9 MB  Cuda     live     4166.3 MB  "collide:nn_last_partner"
[kp]    198.60s  alloc        711.9 MB  Cuda     live     4878.3 MB  "collide:nn_last_partner"
[kp]    198.60s  dealloc      711.9 MB  Cuda     live     4166.3 MB  "collide:nn_last_partner"
[kp]    198.65s  alloc        711.9 MB  Cuda     live     4878.3 MB  "collide:nn_last_partner"
[kp]    198.65s  dealloc      711.9 MB  Cuda     live     4166.3 MB  "collide:nn_last_partner"
[kp]    198.70s  alloc        711.9 MB  Cuda     live     4878.3 MB  "collide:nn_last_partner"
[kp]    198.70s  dealloc      711.9 MB  Cuda     live     4166.3 MB  "collide:nn_last_partner"
[kp]    198.75s  alloc        711.9 MB  Cuda     live     4878.3 MB  "collide:nn_last_partner"
[kp]    198.75s  dealloc      711.9 MB  Cuda     live     4166.3 MB  "collide:nn_last_partner"
[kp]    198.80s  alloc        711.9 MB  Cuda     live     4878.3 MB  "collide:nn_last_partner"
[kp]    198.80s  dealloc      711.9 MB  Cuda     live     4166.3 MB  "collide:nn_last_partner"
[kp]    198.85s  alloc        711.9 MB  Cuda     live     4878.3 MB  "collide:nn_last_partner"
[kp]    198.85s  dealloc      711.9 MB  Cuda     live     4166.3 MB  "collide:nn_last_partner"
[kp]    198.90s  alloc        711.9 MB  Cuda     live     4878.3 MB  "collide:nn_last_partner"
[kp]    198.90s  dealloc      711.9 MB  Cuda     live     4166.3 MB  "collide:nn_last_partner"
[kp]    198.95s  alloc        711.9 MB  Cuda     live     4878.3 MB  "collide:nn_last_partner"
[kp]    198.95s  dealloc      711.9 MB  Cuda     live     4166.3 MB  "collide:nn_last_partner"
    3400    186.32274 5.8605638e-08    19.535211        3e-09 27483478   102305    52477        0        0    298.16097 
[kp]    199.11s  alloc        711.9 MB  Cuda     live     4878.3 MB  "collide:nn_last_partner"
[kp]    199.11s  dealloc      711.9 MB  Cuda     live     4166.3 MB  "collide:nn_last_partner"
[kp]    199.16s  alloc        711.9 MB  Cuda     live     4878.3 MB  "collide:nn_last_partner"
[kp]    199.16s  dealloc      711.9 MB  Cuda     live     4166.3 MB  "collide:nn_last_partner"
[kp]    199.21s  alloc        711.9 MB  Cuda     live     4878.3 MB  "collide:nn_last_partner"
[kp]    199.21s  dealloc      711.9 MB  Cuda     live     4166.3 MB  "collide:nn_last_partner"
[kp]    199.26s  alloc        711.9 MB  Cuda     live     4878.3 MB  "collide:nn_last_partner"
[kp]    199.26s  dealloc      711.9 MB  Cuda     live     4166.3 MB  "collide:nn_last_partner"
[kp]    199.31s  alloc        711.9 MB  Cuda     live     4878.3 MB  "collide:nn_last_partner"
[kp]    199.31s  dealloc      711.9 MB  Cuda     live     4166.3 MB  "collide:nn_last_partner"
[kp]    199.36s  alloc        711.9 MB  Cuda     live     4878.3 MB  "collide:nn_last_partner"
[kp]    199.36s  dealloc      711.9 MB  Cuda     live     4166.3 MB  "collide:nn_last_partner"
[kp]    199.41s  alloc        711.9 MB  Cuda     live     4878.3 MB  "collide:nn_last_partner"
[kp]    199.41s  dealloc      711.9 MB  Cuda     live     4166.3 MB  "collide:nn_last_partner"
[kp]    199.46s  alloc        711.9 MB  Cuda     live     4878.3 MB  "collide:nn_last_partner"
[kp]    199.46s  dealloc      711.9 MB  Cuda     live     4166.3 MB  "collide:nn_last_partner"
[kp]    199.51s  alloc        711.9 MB  Cuda     live     4878.3 MB  "collide:nn_last_partner"
[kp]    199.51s  dealloc      711.9 MB  Cuda     live     4166.3 MB  "collide:nn_last_partner"
[kp]    199.56s  alloc        711.9 MB  Cuda     live     4878.3 MB  "collide:nn_last_partner"
[kp]    199.56s  dealloc      711.9 MB  Cuda     live     4166.3 MB  "collide:nn_last_partner"
[kp]    199.61s  alloc        711.9 MB  Cuda     live     4878.3 MB  "collide:nn_last_partner"
[kp]    199.61s  dealloc      711.9 MB  Cuda     live     4166.3 MB  "collide:nn_last_partner"
[kp]    199.66s  alloc        711.9 MB  Cuda     live     4878.3 MB  "collide:nn_last_partner"
[kp]    199.66s  dealloc      711.9 MB  Cuda     live     4166.3 MB  "collide:nn_last_partner"
[kp]    199.71s  alloc        711.9 MB  Cuda     live     4878.3 MB  "collide:nn_last_partner"
[kp]    199.71s  dealloc      711.9 MB  Cuda     live     4166.3 MB  "collide:nn_last_partner"
[kp]    199.76s  alloc        711.9 MB  Cuda     live     4878.3 MB  "collide:nn_last_partner"
[kp]    199.76s  dealloc      711.9 MB  Cuda     live     4166.3 MB  "collide:nn_last_partner"
[kp]    199.81s  alloc        711.9 MB  Cuda     live     4878.3 MB  "collide:nn_last_partner"
[kp]    199.81s  dealloc      711.9 MB  Cuda     live     4166.3 MB  "collide:nn_last_partner"
[kp]    199.86s  alloc        711.9 MB  Cuda     live     4878.3 MB  "collide:nn_last_partner"
[kp]    199.86s  dealloc      711.9 MB  Cuda     live     4166.3 MB  "collide:nn_last_partner"
[kp]    199.91s  alloc        711.9 MB  Cuda     live     4878.3 MB  "collide:nn_last_partner"
[kp]    199.91s  dealloc      711.9 MB  Cuda     live     4166.3 MB  "collide:nn_last_partner"
[kp]    199.96s  alloc        711.9 MB  Cuda     live     4878.3 MB  "collide:nn_last_partner"
[kp]    199.96s  dealloc      711.9 MB  Cuda     live     4166.3 MB  "collide:nn_last_partner"
[kp]    200.01s  alloc        711.9 MB  Cuda     live     4878.3 MB  "collide:nn_last_partner"
[kp]    200.01s  dealloc      711.9 MB  Cuda     live     4166.3 MB  "collide:nn_last_partner"
[kp]    200.06s  alloc        711.9 MB  Cuda     live     4878.3 MB  "collide:nn_last_partner"
[kp]    200.06s  dealloc      711.9 MB  Cuda     live     4166.3 MB  "collide:nn_last_partner"
[kp]    200.11s  alloc        711.9 MB  Cuda     live     4878.3 MB  "collide:nn_last_partner"
[kp]    200.11s  dealloc      711.9 MB  Cuda     live     4166.3 MB  "collide:nn_last_partner"
[kp]    200.16s  alloc        711.9 MB  Cuda     live     4878.3 MB  "collide:nn_last_partner"
[kp]    200.16s  dealloc      711.9 MB  Cuda     live     4166.3 MB  "collide:nn_last_partner"
[kp]    200.21s  alloc        711.9 MB  Cuda     live     4878.3 MB  "collide:nn_last_partner"
[kp]    200.21s  dealloc      711.9 MB  Cuda     live     4166.3 MB  "collide:nn_last_partner"
[kp]    200.26s  alloc        711.9 MB  Cuda     live     4878.3 MB  "collide:nn_last_partner"
[kp]    200.26s  dealloc      711.9 MB  Cuda     live     4166.3 MB  "collide:nn_last_partner"
[kp]    200.31s  alloc        711.9 MB  Cuda     live     4878.3 MB  "collide:nn_last_partner"
[kp]    200.31s  dealloc      711.9 MB  Cuda     live     4166.3 MB  "collide:nn_last_partner"
[kp]    200.36s  alloc        711.9 MB  Cuda     live     4878.3 MB  "collide:nn_last_partner"
[kp]    200.36s  dealloc      711.9 MB  Cuda     live     4166.3 MB  "collide:nn_last_partner"
[kp]    200.41s  alloc        711.9 MB  Cuda     live     4878.3 MB  "collide:nn_last_partner"
[kp]    200.41s  dealloc      711.9 MB  Cuda     live     4166.3 MB  "collide:nn_last_partner"
[kp]    200.46s  alloc        711.9 MB  Cuda     live     4878.3 MB  "collide:nn_last_partner"
[kp]    200.46s  dealloc      711.9 MB  Cuda     live     4166.3 MB  "collide:nn_last_partner"
[kp]    200.51s  alloc        711.9 MB  Cuda     live     4878.3 MB  "collide:nn_last_partner"
[kp]    200.51s  dealloc      711.9 MB  Cuda     live     4166.3 MB  "collide:nn_last_partner"
[kp]    200.56s  alloc        711.9 MB  Cuda     live     4878.3 MB  "collide:nn_last_partner"
[kp]    200.56s  dealloc      711.9 MB  Cuda     live     4166.3 MB  "collide:nn_last_partner"
[kp]    200.61s  alloc        711.9 MB  Cuda     live     4878.3 MB  "collide:nn_last_partner"
[kp]    200.61s  dealloc      711.9 MB  Cuda     live     4166.3 MB  "collide:nn_last_partner"
[kp]    200.66s  alloc        711.9 MB  Cuda     live     4878.3 MB  "collide:nn_last_partner"
[kp]    200.66s  dealloc      711.9 MB  Cuda     live     4166.3 MB  "collide:nn_last_partner"
[kp]    200.71s  alloc        711.9 MB  Cuda     live     4878.3 MB  "collide:nn_last_partner"
[kp]    200.71s  dealloc      711.9 MB  Cuda     live     4166.3 MB  "collide:nn_last_partner"
[kp]    200.76s  alloc        711.9 MB  Cuda     live     4878.3 MB  "collide:nn_last_partner"
[kp]    200.76s  dealloc      711.9 MB  Cuda     live     4166.3 MB  "collide:nn_last_partner"
[kp]    200.81s  alloc        711.9 MB  Cuda     live     4878.3 MB  "collide:nn_last_partner"
[kp]    200.81s  dealloc      711.9 MB  Cuda     live     4166.3 MB  "collide:nn_last_partner"
[kp]    200.86s  alloc        711.9 MB  Cuda     live     4878.3 MB  "collide:nn_last_partner"
[kp]    200.86s  dealloc      711.9 MB  Cuda     live     4166.3 MB  "collide:nn_last_partner"
[kp]    200.91s  alloc        711.9 MB  Cuda     live     4878.3 MB  "collide:nn_last_partner"
[kp]    200.91s  dealloc      711.9 MB  Cuda     live     4166.3 MB  "collide:nn_last_partner"
[kp]    200.96s  alloc        711.9 MB  Cuda     live     4878.3 MB  "collide:nn_last_partner"
[kp]    200.96s  dealloc      711.9 MB  Cuda     live     4166.3 MB  "collide:nn_last_partner"
[kp]    201.01s  alloc        711.9 MB  Cuda     live     4878.3 MB  "collide:nn_last_partner"
[kp]    201.01s  dealloc      711.9 MB  Cuda     live     4166.3 MB  "collide:nn_last_partner"
[kp]    201.06s  alloc        711.9 MB  Cuda     live     4878.3 MB  "collide:nn_last_partner"
[kp]    201.06s  dealloc      711.9 MB  Cuda     live     4166.3 MB  "collide:nn_last_partner"
[kp]    201.11s  alloc        711.9 MB  Cuda     live     4878.3 MB  "collide:nn_last_partner"
[kp]    201.11s  dealloc      711.9 MB  Cuda     live     4166.3 MB  "collide:nn_last_partner"
[kp]    201.16s  alloc        711.9 MB  Cuda     live     4878.3 MB  "collide:nn_last_partner"
[kp]    201.16s  dealloc      711.9 MB  Cuda     live     4166.3 MB  "collide:nn_last_partner"
[kp]    201.21s  alloc        711.9 MB  Cuda     live     4878.3 MB  "collide:nn_last_partner"
[kp]    201.21s  dealloc      711.9 MB  Cuda     live     4166.3 MB  "collide:nn_last_partner"
[kp]    201.26s  alloc        711.9 MB  Cuda     live     4878.3 MB  "collide:nn_last_partner"
[kp]    201.26s  dealloc      711.9 MB  Cuda     live     4166.3 MB  "collide:nn_last_partner"
[kp]    201.31s  alloc        711.9 MB  Cuda     live     4878.3 MB  "collide:nn_last_partner"
[kp]    201.31s  dealloc      711.9 MB  Cuda     live     4166.3 MB  "collide:nn_last_partner"
[kp]    201.36s  alloc        711.9 MB  Cuda     live     4878.3 MB  "collide:nn_last_partner"
[kp]    201.36s  dealloc      711.9 MB  Cuda     live     4166.3 MB  "collide:nn_last_partner"
[kp]    201.41s  alloc        711.9 MB  Cuda     live     4878.3 MB  "collide:nn_last_partner"
[kp]    201.41s  dealloc      711.9 MB  Cuda     live     4166.3 MB  "collide:nn_last_partner"
[kp]    201.46s  alloc        711.9 MB  Cuda     live     4878.3 MB  "collide:nn_last_partner"
[kp]    201.46s  dealloc      711.9 MB  Cuda     live     4166.3 MB  "collide:nn_last_partner"
[kp]    201.51s  alloc        711.9 MB  Cuda     live     4878.3 MB  "collide:nn_last_partner"
[kp]    201.51s  dealloc      711.9 MB  Cuda     live     4166.3 MB  "collide:nn_last_partner"
[kp]    201.56s  alloc        711.9 MB  Cuda     live     4878.3 MB  "collide:nn_last_partner"
[kp]    201.56s  dealloc      711.9 MB  Cuda     live     4166.3 MB  "collide:nn_last_partner"
[kp]    201.61s  alloc        711.9 MB  Cuda     live     4878.3 MB  "collide:nn_last_partner"
[kp]    201.61s  dealloc      711.9 MB  Cuda     live     4166.3 MB  "collide:nn_last_partner"
[kp]    201.66s  alloc        711.9 MB  Cuda     live     4878.3 MB  "collide:nn_last_partner"
[kp]    201.66s  dealloc      711.9 MB  Cuda     live     4166.3 MB  "collide:nn_last_partner"
[kp]    201.71s  alloc        711.9 MB  Cuda     live     4878.3 MB  "collide:nn_last_partner"
[kp]    201.71s  dealloc      711.9 MB  Cuda     live     4166.3 MB  "collide:nn_last_partner"
[kp]    201.76s  alloc        711.9 MB  Cuda     live     4878.3 MB  "collide:nn_last_partner"
[kp]    201.76s  dealloc      711.9 MB  Cuda     live     4166.3 MB  "collide:nn_last_partner"
[kp]    201.81s  alloc        711.9 MB  Cuda     live     4878.3 MB  "collide:nn_last_partner"
[kp]    201.81s  dealloc      711.9 MB  Cuda     live     4166.3 MB  "collide:nn_last_partner"
[kp]    201.86s  alloc        711.9 MB  Cuda     live     4878.3 MB  "collide:nn_last_partner"
[kp]    201.86s  dealloc      711.9 MB  Cuda     live     4166.3 MB  "collide:nn_last_partner"
[kp]    201.91s  alloc        711.9 MB  Cuda     live     4878.3 MB  "collide:nn_last_partner"
[kp]    201.91s  dealloc      711.9 MB  Cuda     live     4166.3 MB  "collide:nn_last_partner"
[kp]    201.96s  alloc        711.9 MB  Cuda     live     4878.3 MB  "collide:nn_last_partner"
[kp]    201.97s  dealloc      711.9 MB  Cuda     live     4166.3 MB  "collide:nn_last_partner"
[kp]    202.01s  alloc        711.9 MB  Cuda     live     4878.3 MB  "collide:nn_last_partner"
[kp]    202.02s  dealloc      711.9 MB  Cuda     live     4166.3 MB  "collide:nn_last_partner"
[kp]    202.06s  alloc        711.9 MB  Cuda     live     4878.3 MB  "collide:nn_last_partner"
[kp]    202.07s  dealloc      711.9 MB  Cuda     live     4166.3 MB  "collide:nn_last_partner"
[kp]    202.11s  alloc        711.9 MB  Cuda     live     4878.3 MB  "collide:nn_last_partner"
[kp]    202.12s  dealloc      711.9 MB  Cuda     live     4166.3 MB  "collide:nn_last_partner"
[kp]    202.16s  alloc        711.9 MB  Cuda     live     4878.3 MB  "collide:nn_last_partner"
[kp]    202.17s  dealloc      711.9 MB  Cuda     live     4166.3 MB  "collide:nn_last_partner"
[kp]    202.21s  alloc        711.9 MB  Cuda     live     4878.3 MB  "collide:nn_last_partner"
[kp]    202.22s  dealloc      711.9 MB  Cuda     live     4166.3 MB  "collide:nn_last_partner"
[kp]    202.26s  alloc        711.9 MB  Cuda     live     4878.3 MB  "collide:nn_last_partner"
[kp]    202.27s  dealloc      711.9 MB  Cuda     live     4166.3 MB  "collide:nn_last_partner"
[kp]    202.31s  alloc        711.9 MB  Cuda     live     4878.3 MB  "collide:nn_last_partner"
[kp]    202.32s  dealloc      711.9 MB  Cuda     live     4166.3 MB  "collide:nn_last_partner"
[kp]    202.36s  alloc        711.9 MB  Cuda     live     4878.3 MB  "collide:nn_last_partner"
[kp]    202.37s  dealloc      711.9 MB  Cuda     live     4166.3 MB  "collide:nn_last_partner"
[kp]    202.41s  alloc        711.9 MB  Cuda     live     4878.3 MB  "collide:nn_last_partner"
[kp]    202.42s  dealloc      711.9 MB  Cuda     live     4166.3 MB  "collide:nn_last_partner"
[kp]    202.46s  alloc        711.9 MB  Cuda     live     4878.3 MB  "collide:nn_last_partner"
[kp]    202.47s  dealloc      711.9 MB  Cuda     live     4166.3 MB  "collide:nn_last_partner"
[kp]    202.51s  alloc        711.9 MB  Cuda     live     4878.3 MB  "collide:nn_last_partner"
[kp]    202.52s  dealloc      711.9 MB  Cuda     live     4166.3 MB  "collide:nn_last_partner"
[kp]    202.57s  alloc        711.9 MB  Cuda     live     4878.3 MB  "collide:nn_last_partner"
[kp]    202.57s  dealloc      711.9 MB  Cuda     live     4166.3 MB  "collide:nn_last_partner"
[kp]    202.62s  alloc        711.9 MB  Cuda     live     4878.3 MB  "collide:nn_last_partner"
[kp]    202.62s  dealloc      711.9 MB  Cuda     live     4166.3 MB  "collide:nn_last_partner"
[kp]    202.67s  alloc        711.9 MB  Cuda     live     4878.3 MB  "collide:nn_last_partner"
[kp]    202.67s  dealloc      711.9 MB  Cuda     live     4166.3 MB  "collide:nn_last_partner"
[kp]    202.72s  alloc        711.9 MB  Cuda     live     4878.3 MB  "collide:nn_last_partner"
[kp]    202.72s  dealloc      711.9 MB  Cuda     live     4166.3 MB  "collide:nn_last_partner"
[kp]    202.77s  alloc        711.9 MB  Cuda     live     4878.3 MB  "collide:nn_last_partner"
[kp]    202.77s  dealloc      711.9 MB  Cuda     live     4166.3 MB  "collide:nn_last_partner"
[kp]    202.82s  alloc        711.9 MB  Cuda     live     4878.3 MB  "collide:nn_last_partner"
[kp]    202.82s  dealloc      711.9 MB  Cuda     live     4166.3 MB  "collide:nn_last_partner"
[kp]    202.87s  alloc        711.9 MB  Cuda     live     4878.3 MB  "collide:nn_last_partner"
[kp]    202.87s  dealloc      711.9 MB  Cuda     live     4166.3 MB  "collide:nn_last_partner"
[kp]    202.92s  alloc        711.9 MB  Cuda     live     4878.3 MB  "collide:nn_last_partner"
[kp]    202.92s  dealloc      711.9 MB  Cuda     live     4166.3 MB  "collide:nn_last_partner"
[kp]    202.97s  alloc        711.9 MB  Cuda     live     4878.3 MB  "collide:nn_last_partner"
[kp]    202.97s  dealloc      711.9 MB  Cuda     live     4166.3 MB  "collide:nn_last_partner"
[kp]    203.02s  alloc        711.9 MB  Cuda     live     4878.3 MB  "collide:nn_last_partner"
[kp]    203.02s  dealloc      711.9 MB  Cuda     live     4166.3 MB  "collide:nn_last_partner"
[kp]    203.07s  alloc        711.9 MB  Cuda     live     4878.3 MB  "collide:nn_last_partner"
[kp]    203.07s  dealloc      711.9 MB  Cuda     live     4166.3 MB  "collide:nn_last_partner"
[kp]    203.12s  alloc        711.9 MB  Cuda     live     4878.3 MB  "collide:nn_last_partner"
[kp]    203.12s  dealloc      711.9 MB  Cuda     live     4166.3 MB  "collide:nn_last_partner"
[kp]    203.17s  alloc        711.9 MB  Cuda     live     4878.3 MB  "collide:nn_last_partner"
[kp]    203.17s  dealloc      711.9 MB  Cuda     live     4166.3 MB  "collide:nn_last_partner"
[kp]    203.22s  alloc        711.9 MB  Cuda     live     4878.3 MB  "collide:nn_last_partner"
[kp]    203.22s  dealloc      711.9 MB  Cuda     live     4166.3 MB  "collide:nn_last_partner"
[kp]    203.27s  alloc        711.9 MB  Cuda     live     4878.3 MB  "collide:nn_last_partner"
[kp]    203.27s  dealloc      711.9 MB  Cuda     live     4166.3 MB  "collide:nn_last_partner"
[kp]    203.32s  alloc        711.9 MB  Cuda     live     4878.3 MB  "collide:nn_last_partner"
[kp]    203.32s  dealloc      711.9 MB  Cuda     live     4166.3 MB  "collide:nn_last_partner"
[kp]    203.37s  alloc        711.9 MB  Cuda     live     4878.3 MB  "collide:nn_last_partner"
[kp]    203.37s  dealloc      711.9 MB  Cuda     live     4166.3 MB  "collide:nn_last_partner"
[kp]    203.42s  alloc        711.9 MB  Cuda     live     4878.3 MB  "collide:nn_last_partner"
[kp]    203.42s  dealloc      711.9 MB  Cuda     live     4166.3 MB  "collide:nn_last_partner"
[kp]    203.47s  alloc        711.9 MB  Cuda     live     4878.3 MB  "collide:nn_last_partner"
[kp]    203.47s  dealloc      711.9 MB  Cuda     live     4166.3 MB  "collide:nn_last_partner"
[kp]    203.52s  alloc        711.9 MB  Cuda     live     4878.3 MB  "collide:nn_last_partner"
[kp]    203.52s  dealloc      711.9 MB  Cuda     live     4166.3 MB  "collide:nn_last_partner"
[kp]    203.57s  alloc        711.9 MB  Cuda     live     4878.3 MB  "collide:nn_last_partner"
[kp]    203.57s  dealloc      711.9 MB  Cuda     live     4166.3 MB  "collide:nn_last_partner"
[kp]    203.62s  alloc        711.9 MB  Cuda     live     4878.3 MB  "collide:nn_last_partner"
[kp]    203.62s  dealloc      711.9 MB  Cuda     live     4166.3 MB  "collide:nn_last_partner"
[kp]    203.67s  alloc        711.9 MB  Cuda     live     4878.3 MB  "collide:nn_last_partner"
[kp]    203.67s  dealloc      711.9 MB  Cuda     live     4166.3 MB  "collide:nn_last_partner"
[kp]    203.72s  alloc        711.9 MB  Cuda     live     4878.3 MB  "collide:nn_last_partner"
[kp]    203.72s  dealloc      711.9 MB  Cuda     live     4166.3 MB  "collide:nn_last_partner"
[kp]    203.77s  alloc        711.9 MB  Cuda     live     4878.3 MB  "collide:nn_last_partner"
[kp]    203.77s  dealloc      711.9 MB  Cuda     live     4166.3 MB  "collide:nn_last_partner"
[kp]    203.82s  alloc        711.9 MB  Cuda     live     4878.3 MB  "collide:nn_last_partner"
[kp]    203.82s  dealloc      711.9 MB  Cuda     live     4166.3 MB  "collide:nn_last_partner"
[kp]    203.87s  alloc        711.9 MB  Cuda     live     4878.3 MB  "collide:nn_last_partner"
[kp]    203.87s  dealloc      711.9 MB  Cuda     live     4166.3 MB  "collide:nn_last_partner"
[kp]    203.92s  alloc        711.9 MB  Cuda     live     4878.3 MB  "collide:nn_last_partner"
[kp]    203.92s  dealloc      711.9 MB  Cuda     live     4166.3 MB  "collide:nn_last_partner"
[kp]    203.97s  alloc        711.9 MB  Cuda     live     4878.3 MB  "collide:nn_last_partner"
[kp]    203.97s  dealloc      711.9 MB  Cuda     live     4166.3 MB  "collide:nn_last_partner"
[kp]    204.02s  alloc        711.9 MB  Cuda     live     4878.3 MB  "collide:nn_last_partner"
[kp]    204.02s  dealloc      711.9 MB  Cuda     live     4166.3 MB  "collide:nn_last_partner"
[kp]    204.07s  alloc        711.9 MB  Cuda     live     4878.3 MB  "collide:nn_last_partner"
[kp]    204.07s  dealloc      711.9 MB  Cuda     live     4166.3 MB  "collide:nn_last_partner"
    3500    191.43874 5.8639595e-08    19.546533        3e-09 27460363   102351    52792        0        0    298.31415 
[kp]    204.23s  alloc        711.9 MB  Cuda     live     4878.3 MB  "collide:nn_last_partner"
[kp]    204.23s  dealloc      711.9 MB  Cuda     live     4166.3 MB  "collide:nn_last_partner"
[kp]    204.28s  alloc        711.9 MB  Cuda     live     4878.3 MB  "collide:nn_last_partner"
[kp]    204.28s  dealloc      711.9 MB  Cuda     live     4166.3 MB  "collide:nn_last_partner"
[kp]    204.33s  alloc        711.9 MB  Cuda     live     4878.3 MB  "collide:nn_last_partner"
[kp]    204.33s  dealloc      711.9 MB  Cuda     live     4166.3 MB  "collide:nn_last_partner"
[kp]    204.38s  alloc        711.9 MB  Cuda     live     4878.3 MB  "collide:nn_last_partner"
[kp]    204.38s  dealloc      711.9 MB  Cuda     live     4166.3 MB  "collide:nn_last_partner"
[kp]    204.43s  alloc        711.9 MB  Cuda     live     4878.3 MB  "collide:nn_last_partner"
[kp]    204.43s  dealloc      711.9 MB  Cuda     live     4166.3 MB  "collide:nn_last_partner"
[kp]    204.48s  alloc        711.9 MB  Cuda     live     4878.3 MB  "collide:nn_last_partner"
[kp]    204.48s  dealloc      711.9 MB  Cuda     live     4166.3 MB  "collide:nn_last_partner"
[kp]    204.53s  alloc        711.9 MB  Cuda     live     4878.3 MB  "collide:nn_last_partner"
[kp]    204.53s  dealloc      711.9 MB  Cuda     live     4166.3 MB  "collide:nn_last_partner"
[kp]    204.58s  alloc        711.9 MB  Cuda     live     4878.3 MB  "collide:nn_last_partner"
[kp]    204.58s  dealloc      711.9 MB  Cuda     live     4166.3 MB  "collide:nn_last_partner"
[kp]    204.63s  alloc        711.9 MB  Cuda     live     4878.3 MB  "collide:nn_last_partner"
[kp]    204.63s  dealloc      711.9 MB  Cuda     live     4166.3 MB  "collide:nn_last_partner"
[kp]    204.68s  alloc        711.9 MB  Cuda     live     4878.3 MB  "collide:nn_last_partner"
[kp]    204.68s  dealloc      711.9 MB  Cuda     live     4166.3 MB  "collide:nn_last_partner"
[kp]    204.73s  alloc        711.9 MB  Cuda     live     4878.3 MB  "collide:nn_last_partner"
[kp]    204.73s  dealloc      711.9 MB  Cuda     live     4166.3 MB  "collide:nn_last_partner"
[kp]    204.78s  alloc        711.9 MB  Cuda     live     4878.3 MB  "collide:nn_last_partner"
[kp]    204.78s  dealloc      711.9 MB  Cuda     live     4166.3 MB  "collide:nn_last_partner"
[kp]    204.83s  alloc        711.9 MB  Cuda     live     4878.3 MB  "collide:nn_last_partner"
[kp]    204.83s  dealloc      711.9 MB  Cuda     live     4166.3 MB  "collide:nn_last_partner"
[kp]    204.88s  alloc        711.9 MB  Cuda     live     4878.3 MB  "collide:nn_last_partner"
[kp]    204.88s  dealloc      711.9 MB  Cuda     live     4166.3 MB  "collide:nn_last_partner"
[kp]    204.93s  alloc        711.9 MB  Cuda     live     4878.3 MB  "collide:nn_last_partner"
[kp]    204.93s  dealloc      711.9 MB  Cuda     live     4166.3 MB  "collide:nn_last_partner"
[kp]    204.98s  alloc        711.9 MB  Cuda     live     4878.3 MB  "collide:nn_last_partner"
[kp]    204.98s  dealloc      711.9 MB  Cuda     live     4166.3 MB  "collide:nn_last_partner"
[kp]    205.03s  alloc        711.9 MB  Cuda     live     4878.3 MB  "collide:nn_last_partner"
[kp]    205.03s  dealloc      711.9 MB  Cuda     live     4166.3 MB  "collide:nn_last_partner"
[kp]    205.08s  alloc        711.9 MB  Cuda     live     4878.3 MB  "collide:nn_last_partner"
[kp]    205.08s  dealloc      711.9 MB  Cuda     live     4166.3 MB  "collide:nn_last_partner"
[kp]    205.13s  alloc        711.9 MB  Cuda     live     4878.3 MB  "collide:nn_last_partner"
[kp]    205.13s  dealloc      711.9 MB  Cuda     live     4166.3 MB  "collide:nn_last_partner"
[kp]    205.18s  alloc        711.9 MB  Cuda     live     4878.3 MB  "collide:nn_last_partner"
[kp]    205.18s  dealloc      711.9 MB  Cuda     live     4166.3 MB  "collide:nn_last_partner"
[kp]    205.23s  alloc        711.9 MB  Cuda     live     4878.3 MB  "collide:nn_last_partner"
[kp]    205.23s  dealloc      711.9 MB  Cuda     live     4166.3 MB  "collide:nn_last_partner"
[kp]    205.28s  alloc        711.9 MB  Cuda     live     4878.3 MB  "collide:nn_last_partner"
[kp]    205.28s  dealloc      711.9 MB  Cuda     live     4166.3 MB  "collide:nn_last_partner"
[kp]    205.33s  alloc        711.9 MB  Cuda     live     4878.3 MB  "collide:nn_last_partner"
[kp]    205.33s  dealloc      711.9 MB  Cuda     live     4166.3 MB  "collide:nn_last_partner"
[kp]    205.38s  alloc        711.9 MB  Cuda     live     4878.3 MB  "collide:nn_last_partner"
[kp]    205.38s  dealloc      711.9 MB  Cuda     live     4166.3 MB  "collide:nn_last_partner"
[kp]    205.43s  alloc        711.9 MB  Cuda     live     4878.3 MB  "collide:nn_last_partner"
[kp]    205.43s  dealloc      711.9 MB  Cuda     live     4166.3 MB  "collide:nn_last_partner"
[kp]    205.48s  alloc        711.9 MB  Cuda     live     4878.3 MB  "collide:nn_last_partner"
[kp]    205.48s  dealloc      711.9 MB  Cuda     live     4166.3 MB  "collide:nn_last_partner"
[kp]    205.53s  alloc        711.9 MB  Cuda     live     4878.3 MB  "collide:nn_last_partner"
[kp]    205.53s  dealloc      711.9 MB  Cuda     live     4166.3 MB  "collide:nn_last_partner"
[kp]    205.58s  alloc        711.9 MB  Cuda     live     4878.3 MB  "collide:nn_last_partner"
[kp]    205.58s  dealloc      711.9 MB  Cuda     live     4166.3 MB  "collide:nn_last_partner"
[kp]    205.63s  alloc        711.9 MB  Cuda     live     4878.3 MB  "collide:nn_last_partner"
[kp]    205.63s  dealloc      711.9 MB  Cuda     live     4166.3 MB  "collide:nn_last_partner"
[kp]    205.68s  alloc        711.9 MB  Cuda     live     4878.3 MB  "collide:nn_last_partner"
[kp]    205.68s  dealloc      711.9 MB  Cuda     live     4166.3 MB  "collide:nn_last_partner"
[kp]    205.73s  alloc        711.9 MB  Cuda     live     4878.3 MB  "collide:nn_last_partner"
[kp]    205.73s  dealloc      711.9 MB  Cuda     live     4166.3 MB  "collide:nn_last_partner"
[kp]    205.78s  alloc        711.9 MB  Cuda     live     4878.3 MB  "collide:nn_last_partner"
[kp]    205.78s  dealloc      711.9 MB  Cuda     live     4166.3 MB  "collide:nn_last_partner"
[kp]    205.83s  alloc        711.9 MB  Cuda     live     4878.3 MB  "collide:nn_last_partner"
[kp]    205.83s  dealloc      711.9 MB  Cuda     live     4166.3 MB  "collide:nn_last_partner"
[kp]    205.88s  alloc        711.9 MB  Cuda     live     4878.3 MB  "collide:nn_last_partner"
[kp]    205.88s  dealloc      711.9 MB  Cuda     live     4166.3 MB  "collide:nn_last_partner"
[kp]    205.93s  alloc        711.9 MB  Cuda     live     4878.3 MB  "collide:nn_last_partner"
[kp]    205.93s  dealloc      711.9 MB  Cuda     live     4166.3 MB  "collide:nn_last_partner"
[kp]    205.98s  alloc        711.9 MB  Cuda     live     4878.3 MB  "collide:nn_last_partner"
[kp]    205.98s  dealloc      711.9 MB  Cuda     live     4166.3 MB  "collide:nn_last_partner"
[kp]    206.03s  alloc        711.9 MB  Cuda     live     4878.3 MB  "collide:nn_last_partner"
[kp]    206.03s  dealloc      711.9 MB  Cuda     live     4166.3 MB  "collide:nn_last_partner"
[kp]    206.08s  alloc        711.9 MB  Cuda     live     4878.3 MB  "collide:nn_last_partner"
[kp]    206.08s  dealloc      711.9 MB  Cuda     live     4166.3 MB  "collide:nn_last_partner"
[kp]    206.13s  alloc        711.9 MB  Cuda     live     4878.3 MB  "collide:nn_last_partner"
[kp]    206.13s  dealloc      711.9 MB  Cuda     live     4166.3 MB  "collide:nn_last_partner"
[kp]    206.18s  alloc        711.9 MB  Cuda     live     4878.3 MB  "collide:nn_last_partner"
[kp]    206.18s  dealloc      711.9 MB  Cuda     live     4166.3 MB  "collide:nn_last_partner"
[kp]    206.23s  alloc        711.9 MB  Cuda     live     4878.3 MB  "collide:nn_last_partner"
[kp]    206.23s  dealloc      711.9 MB  Cuda     live     4166.3 MB  "collide:nn_last_partner"
[kp]    206.28s  alloc        711.9 MB  Cuda     live     4878.3 MB  "collide:nn_last_partner"
[kp]    206.28s  dealloc      711.9 MB  Cuda     live     4166.3 MB  "collide:nn_last_partner"
[kp]    206.33s  alloc        711.9 MB  Cuda     live     4878.3 MB  "collide:nn_last_partner"
[kp]    206.33s  dealloc      711.9 MB  Cuda     live     4166.3 MB  "collide:nn_last_partner"
[kp]    206.38s  alloc        711.9 MB  Cuda     live     4878.3 MB  "collide:nn_last_partner"
[kp]    206.38s  dealloc      711.9 MB  Cuda     live     4166.3 MB  "collide:nn_last_partner"
[kp]    206.43s  alloc        711.9 MB  Cuda     live     4878.3 MB  "collide:nn_last_partner"
[kp]    206.43s  dealloc      711.9 MB  Cuda     live     4166.3 MB  "collide:nn_last_partner"
[kp]    206.48s  alloc        711.9 MB  Cuda     live     4878.3 MB  "collide:nn_last_partner"
[kp]    206.48s  dealloc      711.9 MB  Cuda     live     4166.3 MB  "collide:nn_last_partner"
[kp]    206.53s  alloc        711.9 MB  Cuda     live     4878.3 MB  "collide:nn_last_partner"
[kp]    206.53s  dealloc      711.9 MB  Cuda     live     4166.3 MB  "collide:nn_last_partner"
[kp]    206.58s  alloc        711.9 MB  Cuda     live     4878.3 MB  "collide:nn_last_partner"
[kp]    206.58s  dealloc      711.9 MB  Cuda     live     4166.3 MB  "collide:nn_last_partner"
[kp]    206.63s  alloc        711.9 MB  Cuda     live     4878.3 MB  "collide:nn_last_partner"
[kp]    206.63s  dealloc      711.9 MB  Cuda     live     4166.3 MB  "collide:nn_last_partner"
[kp]    206.68s  alloc        711.9 MB  Cuda     live     4878.3 MB  "collide:nn_last_partner"
[kp]    206.68s  dealloc      711.9 MB  Cuda     live     4166.3 MB  "collide:nn_last_partner"
[kp]    206.73s  alloc        711.9 MB  Cuda     live     4878.3 MB  "collide:nn_last_partner"
[kp]    206.73s  dealloc      711.9 MB  Cuda     live     4166.3 MB  "collide:nn_last_partner"
[kp]    206.78s  alloc        711.9 MB  Cuda     live     4878.3 MB  "collide:nn_last_partner"
[kp]    206.78s  dealloc      711.9 MB  Cuda     live     4166.3 MB  "collide:nn_last_partner"
[kp]    206.83s  alloc        711.9 MB  Cuda     live     4878.3 MB  "collide:nn_last_partner"
[kp]    206.83s  dealloc      711.9 MB  Cuda     live     4166.3 MB  "collide:nn_last_partner"
[kp]    206.88s  alloc        711.9 MB  Cuda     live     4878.3 MB  "collide:nn_last_partner"
[kp]    206.88s  dealloc      711.9 MB  Cuda     live     4166.3 MB  "collide:nn_last_partner"
[kp]    206.93s  alloc        711.9 MB  Cuda     live     4878.3 MB  "collide:nn_last_partner"
[kp]    206.93s  dealloc      711.9 MB  Cuda     live     4166.3 MB  "collide:nn_last_partner"
[kp]    206.98s  alloc        711.9 MB  Cuda     live     4878.3 MB  "collide:nn_last_partner"
[kp]    206.98s  dealloc      711.9 MB  Cuda     live     4166.3 MB  "collide:nn_last_partner"
[kp]    207.03s  alloc        711.9 MB  Cuda     live     4878.3 MB  "collide:nn_last_partner"
[kp]    207.03s  dealloc      711.9 MB  Cuda     live     4166.3 MB  "collide:nn_last_partner"
[kp]    207.08s  alloc        711.9 MB  Cuda     live     4878.3 MB  "collide:nn_last_partner"
[kp]    207.08s  dealloc      711.9 MB  Cuda     live     4166.3 MB  "collide:nn_last_partner"
[kp]    207.13s  alloc        711.9 MB  Cuda     live     4878.3 MB  "collide:nn_last_partner"
[kp]    207.13s  dealloc      711.9 MB  Cuda     live     4166.3 MB  "collide:nn_last_partner"
[kp]    207.18s  alloc        711.9 MB  Cuda     live     4878.3 MB  "collide:nn_last_partner"
[kp]    207.18s  dealloc      711.9 MB  Cuda     live     4166.3 MB  "collide:nn_last_partner"
[kp]    207.23s  alloc        711.9 MB  Cuda     live     4878.3 MB  "collide:nn_last_partner"
[kp]    207.23s  dealloc      711.9 MB  Cuda     live     4166.3 MB  "collide:nn_last_partner"
[kp]    207.28s  alloc        711.9 MB  Cuda     live     4878.3 MB  "collide:nn_last_partner"
[kp]    207.28s  dealloc      711.9 MB  Cuda     live     4166.3 MB  "collide:nn_last_partner"
[kp]    207.33s  alloc        711.9 MB  Cuda     live     4878.3 MB  "collide:nn_last_partner"
[kp]    207.33s  dealloc      711.9 MB  Cuda     live     4166.3 MB  "collide:nn_last_partner"
[kp]    207.38s  alloc        711.9 MB  Cuda     live     4878.3 MB  "collide:nn_last_partner"
[kp]    207.38s  dealloc      711.9 MB  Cuda     live     4166.3 MB  "collide:nn_last_partner"
[kp]    207.43s  alloc        711.9 MB  Cuda     live     4878.3 MB  "collide:nn_last_partner"
[kp]    207.43s  dealloc      711.9 MB  Cuda     live     4166.3 MB  "collide:nn_last_partner"
[kp]    207.48s  alloc        711.9 MB  Cuda     live     4878.3 MB  "collide:nn_last_partner"
[kp]    207.48s  dealloc      711.9 MB  Cuda     live     4166.3 MB  "collide:nn_last_partner"
[kp]    207.53s  alloc        711.9 MB  Cuda     live     4878.3 MB  "collide:nn_last_partner"
[kp]    207.53s  dealloc      711.9 MB  Cuda     live     4166.3 MB  "collide:nn_last_partner"
[kp]    207.58s  alloc        711.9 MB  Cuda     live     4878.3 MB  "collide:nn_last_partner"
[kp]    207.58s  dealloc      711.9 MB  Cuda     live     4166.3 MB  "collide:nn_last_partner"
[kp]    207.63s  alloc        711.9 MB  Cuda     live     4878.3 MB  "collide:nn_last_partner"
[kp]    207.63s  dealloc      711.9 MB  Cuda     live     4166.3 MB  "collide:nn_last_partner"
[kp]    207.68s  alloc        711.9 MB  Cuda     live     4878.3 MB  "collide:nn_last_partner"
[kp]    207.68s  dealloc      711.9 MB  Cuda     live     4166.3 MB  "collide:nn_last_partner"
[kp]    207.73s  alloc        711.9 MB  Cuda     live     4878.3 MB  "collide:nn_last_partner"
[kp]    207.73s  dealloc      711.9 MB  Cuda     live     4166.3 MB  "collide:nn_last_partner"
[kp]    207.78s  alloc        711.9 MB  Cuda     live     4878.3 MB  "collide:nn_last_partner"
[kp]    207.78s  dealloc      711.9 MB  Cuda     live     4166.3 MB  "collide:nn_last_partner"
[kp]    207.83s  alloc        711.9 MB  Cuda     live     4878.3 MB  "collide:nn_last_partner"
[kp]    207.83s  dealloc      711.9 MB  Cuda     live     4166.3 MB  "collide:nn_last_partner"
[kp]    207.88s  alloc        711.9 MB  Cuda     live     4878.3 MB  "collide:nn_last_partner"
[kp]    207.88s  dealloc      711.9 MB  Cuda     live     4166.3 MB  "collide:nn_last_partner"
[kp]    207.93s  alloc        711.9 MB  Cuda     live     4878.3 MB  "collide:nn_last_partner"
[kp]    207.93s  dealloc      711.9 MB  Cuda     live     4166.3 MB  "collide:nn_last_partner"
[kp]    207.98s  alloc        711.9 MB  Cuda     live     4878.3 MB  "collide:nn_last_partner"
[kp]    207.98s  dealloc      711.9 MB  Cuda     live     4166.3 MB  "collide:nn_last_partner"
[kp]    208.03s  alloc        711.9 MB  Cuda     live     4878.3 MB  "collide:nn_last_partner"
[kp]    208.03s  dealloc      711.9 MB  Cuda     live     4166.3 MB  "collide:nn_last_partner"
[kp]    208.08s  alloc        711.9 MB  Cuda     live     4878.3 MB  "collide:nn_last_partner"
[kp]    208.08s  dealloc      711.9 MB  Cuda     live     4166.3 MB  "collide:nn_last_partner"
[kp]    208.13s  alloc        711.9 MB  Cuda     live     4878.3 MB  "collide:nn_last_partner"
[kp]    208.13s  dealloc      711.9 MB  Cuda     live     4166.3 MB  "collide:nn_last_partner"
[kp]    208.18s  alloc        711.9 MB  Cuda     live     4878.3 MB  "collide:nn_last_partner"
[kp]    208.18s  dealloc      711.9 MB  Cuda     live     4166.3 MB  "collide:nn_last_partner"
[kp]    208.23s  alloc        711.9 MB  Cuda     live     4878.3 MB  "collide:nn_last_partner"
[kp]    208.23s  dealloc      711.9 MB  Cuda     live     4166.3 MB  "collide:nn_last_partner"
[kp]    208.28s  alloc        711.9 MB  Cuda     live     4878.3 MB  "collide:nn_last_partner"
[kp]    208.28s  dealloc      711.9 MB  Cuda     live     4166.3 MB  "collide:nn_last_partner"
[kp]    208.33s  alloc        711.9 MB  Cuda     live     4878.3 MB  "collide:nn_last_partner"
[kp]    208.33s  dealloc      711.9 MB  Cuda     live     4166.3 MB  "collide:nn_last_partner"
[kp]    208.38s  alloc        711.9 MB  Cuda     live     4878.3 MB  "collide:nn_last_partner"
[kp]    208.38s  dealloc      711.9 MB  Cuda     live     4166.3 MB  "collide:nn_last_partner"
[kp]    208.43s  alloc        711.9 MB  Cuda     live     4878.3 MB  "collide:nn_last_partner"
[kp]    208.43s  dealloc      711.9 MB  Cuda     live     4166.3 MB  "collide:nn_last_partner"
[kp]    208.48s  alloc        711.9 MB  Cuda     live     4878.3 MB  "collide:nn_last_partner"
[kp]    208.48s  dealloc      711.9 MB  Cuda     live     4166.3 MB  "collide:nn_last_partner"
[kp]    208.53s  alloc        711.9 MB  Cuda     live     4878.3 MB  "collide:nn_last_partner"
[kp]    208.53s  dealloc      711.9 MB  Cuda     live     4166.3 MB  "collide:nn_last_partner"
[kp]    208.58s  alloc        711.9 MB  Cuda     live     4878.3 MB  "collide:nn_last_partner"
[kp]    208.58s  dealloc      711.9 MB  Cuda     live     4166.3 MB  "collide:nn_last_partner"
[kp]    208.63s  alloc        711.9 MB  Cuda     live     4878.3 MB  "collide:nn_last_partner"
[kp]    208.63s  dealloc      711.9 MB  Cuda     live     4166.3 MB  "collide:nn_last_partner"
[kp]    208.68s  alloc        711.9 MB  Cuda     live     4878.3 MB  "collide:nn_last_partner"
[kp]    208.68s  dealloc      711.9 MB  Cuda     live     4166.3 MB  "collide:nn_last_partner"
[kp]    208.73s  alloc        711.9 MB  Cuda     live     4878.3 MB  "collide:nn_last_partner"
[kp]    208.73s  dealloc      711.9 MB  Cuda     live     4166.3 MB  "collide:nn_last_partner"
[kp]    208.78s  alloc        711.9 MB  Cuda     live     4878.3 MB  "collide:nn_last_partner"
[kp]    208.78s  dealloc      711.9 MB  Cuda     live     4166.3 MB  "collide:nn_last_partner"
[kp]    208.83s  alloc        711.9 MB  Cuda     live     4878.3 MB  "collide:nn_last_partner"
[kp]    208.83s  dealloc      711.9 MB  Cuda     live     4166.3 MB  "collide:nn_last_partner"
[kp]    208.88s  alloc        711.9 MB  Cuda     live     4878.3 MB  "collide:nn_last_partner"
[kp]    208.88s  dealloc      711.9 MB  Cuda     live     4166.3 MB  "collide:nn_last_partner"
[kp]    208.93s  alloc        711.9 MB  Cuda     live     4878.3 MB  "collide:nn_last_partner"
[kp]    208.93s  dealloc      711.9 MB  Cuda     live     4166.3 MB  "collide:nn_last_partner"
[kp]    208.98s  alloc        711.9 MB  Cuda     live     4878.3 MB  "collide:nn_last_partner"
[kp]    208.98s  dealloc      711.9 MB  Cuda     live     4166.3 MB  "collide:nn_last_partner"
[kp]    209.03s  alloc        711.9 MB  Cuda     live     4878.3 MB  "collide:nn_last_partner"
[kp]    209.03s  dealloc      711.9 MB  Cuda     live     4166.3 MB  "collide:nn_last_partner"
[kp]    209.08s  alloc        711.9 MB  Cuda     live     4878.3 MB  "collide:nn_last_partner"
[kp]    209.08s  dealloc      711.9 MB  Cuda     live     4166.3 MB  "collide:nn_last_partner"
[kp]    209.13s  alloc        711.9 MB  Cuda     live     4878.3 MB  "collide:nn_last_partner"
[kp]    209.13s  dealloc      711.9 MB  Cuda     live     4166.3 MB  "collide:nn_last_partner"
[kp]    209.18s  alloc        711.9 MB  Cuda     live     4878.3 MB  "collide:nn_last_partner"
[kp]    209.18s  dealloc      711.9 MB  Cuda     live     4166.3 MB  "collide:nn_last_partner"
    3600    196.55089 5.8683717e-08    19.561239        3e-09 27439392   102325    52590        0        0    298.39181 
[kp]    209.34s  alloc        711.9 MB  Cuda     live     4878.3 MB  "collide:nn_last_partner"
[kp]    209.34s  dealloc      711.9 MB  Cuda     live     4166.3 MB  "collide:nn_last_partner"
[kp]    209.39s  alloc        711.9 MB  Cuda     live     4878.3 MB  "collide:nn_last_partner"
[kp]    209.39s  dealloc      711.9 MB  Cuda     live     4166.3 MB  "collide:nn_last_partner"
[kp]    209.44s  alloc        711.9 MB  Cuda     live     4878.3 MB  "collide:nn_last_partner"
[kp]    209.44s  dealloc      711.9 MB  Cuda     live     4166.3 MB  "collide:nn_last_partner"
[kp]    209.49s  alloc        711.9 MB  Cuda     live     4878.3 MB  "collide:nn_last_partner"
[kp]    209.49s  dealloc      711.9 MB  Cuda     live     4166.3 MB  "collide:nn_last_partner"
[kp]    209.54s  alloc        711.9 MB  Cuda     live     4878.3 MB  "collide:nn_last_partner"
[kp]    209.54s  dealloc      711.9 MB  Cuda     live     4166.3 MB  "collide:nn_last_partner"
[kp]    209.59s  alloc        711.9 MB  Cuda     live     4878.3 MB  "collide:nn_last_partner"
[kp]    209.59s  dealloc      711.9 MB  Cuda     live     4166.3 MB  "collide:nn_last_partner"
[kp]    209.64s  alloc        711.9 MB  Cuda     live     4878.3 MB  "collide:nn_last_partner"
[kp]    209.64s  dealloc      711.9 MB  Cuda     live     4166.3 MB  "collide:nn_last_partner"
[kp]    209.69s  alloc        711.9 MB  Cuda     live     4878.3 MB  "collide:nn_last_partner"
[kp]    209.69s  dealloc      711.9 MB  Cuda     live     4166.3 MB  "collide:nn_last_partner"
[kp]    209.74s  alloc        711.9 MB  Cuda     live     4878.3 MB  "collide:nn_last_partner"
[kp]    209.74s  dealloc      711.9 MB  Cuda     live     4166.3 MB  "collide:nn_last_partner"
[kp]    209.79s  alloc        711.9 MB  Cuda     live     4878.3 MB  "collide:nn_last_partner"
[kp]    209.79s  dealloc      711.9 MB  Cuda     live     4166.3 MB  "collide:nn_last_partner"
[kp]    209.84s  alloc        711.9 MB  Cuda     live     4878.3 MB  "collide:nn_last_partner"
[kp]    209.84s  dealloc      711.9 MB  Cuda     live     4166.3 MB  "collide:nn_last_partner"
[kp]    209.89s  alloc        711.9 MB  Cuda     live     4878.3 MB  "collide:nn_last_partner"
[kp]    209.89s  dealloc      711.9 MB  Cuda     live     4166.3 MB  "collide:nn_last_partner"
[kp]    209.94s  alloc        711.9 MB  Cuda     live     4878.3 MB  "collide:nn_last_partner"
[kp]    209.94s  dealloc      711.9 MB  Cuda     live     4166.3 MB  "collide:nn_last_partner"
[kp]    209.99s  alloc        711.9 MB  Cuda     live     4878.3 MB  "collide:nn_last_partner"
[kp]    209.99s  dealloc      711.9 MB  Cuda     live     4166.3 MB  "collide:nn_last_partner"
[kp]    210.04s  alloc        711.9 MB  Cuda     live     4878.3 MB  "collide:nn_last_partner"
[kp]    210.04s  dealloc      711.9 MB  Cuda     live     4166.3 MB  "collide:nn_last_partner"
[kp]    210.09s  alloc        711.9 MB  Cuda     live     4878.3 MB  "collide:nn_last_partner"
[kp]    210.09s  dealloc      711.9 MB  Cuda     live     4166.3 MB  "collide:nn_last_partner"
[kp]    210.14s  alloc        711.9 MB  Cuda     live     4878.3 MB  "collide:nn_last_partner"
[kp]    210.14s  dealloc      711.9 MB  Cuda     live     4166.3 MB  "collide:nn_last_partner"
[kp]    210.19s  alloc        711.9 MB  Cuda     live     4878.3 MB  "collide:nn_last_partner"
[kp]    210.19s  dealloc      711.9 MB  Cuda     live     4166.3 MB  "collide:nn_last_partner"
[kp]    210.24s  alloc        711.9 MB  Cuda     live     4878.3 MB  "collide:nn_last_partner"
[kp]    210.24s  dealloc      711.9 MB  Cuda     live     4166.3 MB  "collide:nn_last_partner"
[kp]    210.29s  alloc        711.9 MB  Cuda     live     4878.3 MB  "collide:nn_last_partner"
[kp]    210.29s  dealloc      711.9 MB  Cuda     live     4166.3 MB  "collide:nn_last_partner"
[kp]    210.34s  alloc        711.9 MB  Cuda     live     4878.3 MB  "collide:nn_last_partner"
[kp]    210.34s  dealloc      711.9 MB  Cuda     live     4166.3 MB  "collide:nn_last_partner"
[kp]    210.39s  alloc        711.9 MB  Cuda     live     4878.3 MB  "collide:nn_last_partner"
[kp]    210.39s  dealloc      711.9 MB  Cuda     live     4166.3 MB  "collide:nn_last_partner"
[kp]    210.44s  alloc        711.9 MB  Cuda     live     4878.3 MB  "collide:nn_last_partner"
[kp]    210.44s  dealloc      711.9 MB  Cuda     live     4166.3 MB  "collide:nn_last_partner"
[kp]    210.49s  alloc        711.9 MB  Cuda     live     4878.3 MB  "collide:nn_last_partner"
[kp]    210.49s  dealloc      711.9 MB  Cuda     live     4166.3 MB  "collide:nn_last_partner"
[kp]    210.54s  alloc        711.9 MB  Cuda     live     4878.3 MB  "collide:nn_last_partner"
[kp]    210.54s  dealloc      711.9 MB  Cuda     live     4166.3 MB  "collide:nn_last_partner"
[kp]    210.59s  alloc        711.9 MB  Cuda     live     4878.3 MB  "collide:nn_last_partner"
[kp]    210.59s  dealloc      711.9 MB  Cuda     live     4166.3 MB  "collide:nn_last_partner"
[kp]    210.64s  alloc        711.9 MB  Cuda     live     4878.3 MB  "collide:nn_last_partner"
[kp]    210.64s  dealloc      711.9 MB  Cuda     live     4166.3 MB  "collide:nn_last_partner"
[kp]    210.69s  alloc        711.9 MB  Cuda     live     4878.3 MB  "collide:nn_last_partner"
[kp]    210.69s  dealloc      711.9 MB  Cuda     live     4166.3 MB  "collide:nn_last_partner"
[kp]    210.74s  alloc        711.9 MB  Cuda     live     4878.3 MB  "collide:nn_last_partner"
[kp]    210.74s  dealloc      711.9 MB  Cuda     live     4166.3 MB  "collide:nn_last_partner"
[kp]    210.79s  alloc        711.9 MB  Cuda     live     4878.3 MB  "collide:nn_last_partner"
[kp]    210.79s  dealloc      711.9 MB  Cuda     live     4166.3 MB  "collide:nn_last_partner"
[kp]    210.84s  alloc        711.9 MB  Cuda     live     4878.3 MB  "collide:nn_last_partner"
[kp]    210.84s  dealloc      711.9 MB  Cuda     live     4166.3 MB  "collide:nn_last_partner"
[kp]    210.89s  alloc        711.9 MB  Cuda     live     4878.3 MB  "collide:nn_last_partner"
[kp]    210.89s  dealloc      711.9 MB  Cuda     live     4166.3 MB  "collide:nn_last_partner"
[kp]    210.94s  alloc        711.9 MB  Cuda     live     4878.3 MB  "collide:nn_last_partner"
[kp]    210.94s  dealloc      711.9 MB  Cuda     live     4166.3 MB  "collide:nn_last_partner"
[kp]    210.99s  alloc        711.9 MB  Cuda     live     4878.3 MB  "collide:nn_last_partner"
[kp]    210.99s  dealloc      711.9 MB  Cuda     live     4166.3 MB  "collide:nn_last_partner"
[kp]    211.04s  alloc        711.9 MB  Cuda     live     4878.3 MB  "collide:nn_last_partner"
[kp]    211.04s  dealloc      711.9 MB  Cuda     live     4166.3 MB  "collide:nn_last_partner"
[kp]    211.09s  alloc        711.9 MB  Cuda     live     4878.3 MB  "collide:nn_last_partner"
[kp]    211.09s  dealloc      711.9 MB  Cuda     live     4166.3 MB  "collide:nn_last_partner"
[kp]    211.14s  alloc        711.9 MB  Cuda     live     4878.3 MB  "collide:nn_last_partner"
[kp]    211.14s  dealloc      711.9 MB  Cuda     live     4166.3 MB  "collide:nn_last_partner"
[kp]    211.19s  alloc        711.9 MB  Cuda     live     4878.3 MB  "collide:nn_last_partner"
[kp]    211.19s  dealloc      711.9 MB  Cuda     live     4166.3 MB  "collide:nn_last_partner"
[kp]    211.24s  alloc        711.9 MB  Cuda     live     4878.3 MB  "collide:nn_last_partner"
[kp]    211.24s  dealloc      711.9 MB  Cuda     live     4166.3 MB  "collide:nn_last_partner"
[kp]    211.29s  alloc        711.9 MB  Cuda     live     4878.3 MB  "collide:nn_last_partner"
[kp]    211.29s  dealloc      711.9 MB  Cuda     live     4166.3 MB  "collide:nn_last_partner"
[kp]    211.34s  alloc        711.9 MB  Cuda     live     4878.3 MB  "collide:nn_last_partner"
[kp]    211.34s  dealloc      711.9 MB  Cuda     live     4166.3 MB  "collide:nn_last_partner"
[kp]    211.39s  alloc        711.9 MB  Cuda     live     4878.3 MB  "collide:nn_last_partner"
[kp]    211.39s  dealloc      711.9 MB  Cuda     live     4166.3 MB  "collide:nn_last_partner"
[kp]    211.44s  alloc        711.9 MB  Cuda     live     4878.3 MB  "collide:nn_last_partner"
[kp]    211.44s  dealloc      711.9 MB  Cuda     live     4166.3 MB  "collide:nn_last_partner"
[kp]    211.49s  alloc        711.9 MB  Cuda     live     4878.3 MB  "collide:nn_last_partner"
[kp]    211.49s  dealloc      711.9 MB  Cuda     live     4166.3 MB  "collide:nn_last_partner"
[kp]    211.54s  alloc        711.9 MB  Cuda     live     4878.3 MB  "collide:nn_last_partner"
[kp]    211.54s  dealloc      711.9 MB  Cuda     live     4166.3 MB  "collide:nn_last_partner"
[kp]    211.59s  alloc        711.9 MB  Cuda     live     4878.3 MB  "collide:nn_last_partner"
[kp]    211.59s  dealloc      711.9 MB  Cuda     live     4166.3 MB  "collide:nn_last_partner"
[kp]    211.64s  alloc        711.9 MB  Cuda     live     4878.3 MB  "collide:nn_last_partner"
[kp]    211.64s  dealloc      711.9 MB  Cuda     live     4166.3 MB  "collide:nn_last_partner"
[kp]    211.69s  alloc        711.9 MB  Cuda     live     4878.3 MB  "collide:nn_last_partner"
[kp]    211.69s  dealloc      711.9 MB  Cuda     live     4166.3 MB  "collide:nn_last_partner"
[kp]    211.74s  alloc        711.9 MB  Cuda     live     4878.3 MB  "collide:nn_last_partner"
[kp]    211.74s  dealloc      711.9 MB  Cuda     live     4166.3 MB  "collide:nn_last_partner"
[kp]    211.79s  alloc        711.9 MB  Cuda     live     4878.3 MB  "collide:nn_last_partner"
[kp]    211.79s  dealloc      711.9 MB  Cuda     live     4166.3 MB  "collide:nn_last_partner"
[kp]    211.84s  alloc        711.9 MB  Cuda     live     4878.3 MB  "collide:nn_last_partner"
[kp]    211.84s  dealloc      711.9 MB  Cuda     live     4166.3 MB  "collide:nn_last_partner"
[kp]    211.89s  alloc        711.9 MB  Cuda     live     4878.3 MB  "collide:nn_last_partner"
[kp]    211.89s  dealloc      711.9 MB  Cuda     live     4166.3 MB  "collide:nn_last_partner"
[kp]    211.94s  alloc        711.9 MB  Cuda     live     4878.3 MB  "collide:nn_last_partner"
[kp]    211.94s  dealloc      711.9 MB  Cuda     live     4166.3 MB  "collide:nn_last_partner"
[kp]    211.99s  alloc        711.9 MB  Cuda     live     4878.3 MB  "collide:nn_last_partner"
[kp]    211.99s  dealloc      711.9 MB  Cuda     live     4166.3 MB  "collide:nn_last_partner"
[kp]    212.04s  alloc        711.9 MB  Cuda     live     4878.3 MB  "collide:nn_last_partner"
[kp]    212.04s  dealloc      711.9 MB  Cuda     live     4166.3 MB  "collide:nn_last_partner"
[kp]    212.09s  alloc        711.9 MB  Cuda     live     4878.3 MB  "collide:nn_last_partner"
[kp]    212.09s  dealloc      711.9 MB  Cuda     live     4166.3 MB  "collide:nn_last_partner"
[kp]    212.14s  alloc        711.9 MB  Cuda     live     4878.3 MB  "collide:nn_last_partner"
[kp]    212.14s  dealloc      711.9 MB  Cuda     live     4166.3 MB  "collide:nn_last_partner"
[kp]    212.19s  alloc        711.9 MB  Cuda     live     4878.3 MB  "collide:nn_last_partner"
[kp]    212.19s  dealloc      711.9 MB  Cuda     live     4166.3 MB  "collide:nn_last_partner"
[kp]    212.24s  alloc        711.9 MB  Cuda     live     4878.3 MB  "collide:nn_last_partner"
[kp]    212.24s  dealloc      711.9 MB  Cuda     live     4166.3 MB  "collide:nn_last_partner"
[kp]    212.29s  alloc        711.9 MB  Cuda     live     4878.3 MB  "collide:nn_last_partner"
[kp]    212.29s  dealloc      711.9 MB  Cuda     live     4166.3 MB  "collide:nn_last_partner"
[kp]    212.34s  alloc        711.9 MB  Cuda     live     4878.3 MB  "collide:nn_last_partner"
[kp]    212.34s  dealloc      711.9 MB  Cuda     live     4166.3 MB  "collide:nn_last_partner"
[kp]    212.39s  alloc        711.9 MB  Cuda     live     4878.3 MB  "collide:nn_last_partner"
[kp]    212.39s  dealloc      711.9 MB  Cuda     live     4166.3 MB  "collide:nn_last_partner"
[kp]    212.44s  alloc        711.9 MB  Cuda     live     4878.3 MB  "collide:nn_last_partner"
[kp]    212.44s  dealloc      711.9 MB  Cuda     live     4166.3 MB  "collide:nn_last_partner"
[kp]    212.49s  alloc        711.9 MB  Cuda     live     4878.3 MB  "collide:nn_last_partner"
[kp]    212.49s  dealloc      711.9 MB  Cuda     live     4166.3 MB  "collide:nn_last_partner"
[kp]    212.54s  alloc        711.9 MB  Cuda     live     4878.3 MB  "collide:nn_last_partner"
[kp]    212.54s  dealloc      711.9 MB  Cuda     live     4166.3 MB  "collide:nn_last_partner"
[kp]    212.59s  alloc        711.9 MB  Cuda     live     4878.3 MB  "collide:nn_last_partner"
[kp]    212.59s  dealloc      711.9 MB  Cuda     live     4166.3 MB  "collide:nn_last_partner"
[kp]    212.64s  alloc        711.9 MB  Cuda     live     4878.3 MB  "collide:nn_last_partner"
[kp]    212.64s  dealloc      711.9 MB  Cuda     live     4166.3 MB  "collide:nn_last_partner"
[kp]    212.69s  alloc        711.9 MB  Cuda     live     4878.3 MB  "collide:nn_last_partner"
[kp]    212.69s  dealloc      711.9 MB  Cuda     live     4166.3 MB  "collide:nn_last_partner"
[kp]    212.74s  alloc        711.9 MB  Cuda     live     4878.3 MB  "collide:nn_last_partner"
[kp]    212.74s  dealloc      711.9 MB  Cuda     live     4166.3 MB  "collide:nn_last_partner"
[kp]    212.79s  alloc        711.9 MB  Cuda     live     4878.3 MB  "collide:nn_last_partner"
[kp]    212.79s  dealloc      711.9 MB  Cuda     live     4166.3 MB  "collide:nn_last_partner"
[kp]    212.84s  alloc        711.9 MB  Cuda     live     4878.3 MB  "collide:nn_last_partner"
[kp]    212.84s  dealloc      711.9 MB  Cuda     live     4166.3 MB  "collide:nn_last_partner"
[kp]    212.89s  alloc        711.9 MB  Cuda     live     4878.3 MB  "collide:nn_last_partner"
[kp]    212.89s  dealloc      711.9 MB  Cuda     live     4166.3 MB  "collide:nn_last_partner"
[kp]    212.94s  alloc        711.9 MB  Cuda     live     4878.3 MB  "collide:nn_last_partner"
[kp]    212.94s  dealloc      711.9 MB  Cuda     live     4166.3 MB  "collide:nn_last_partner"
[kp]    212.99s  alloc        711.9 MB  Cuda     live     4878.3 MB  "collide:nn_last_partner"
[kp]    212.99s  dealloc      711.9 MB  Cuda     live     4166.3 MB  "collide:nn_last_partner"
[kp]    213.04s  alloc        711.9 MB  Cuda     live     4878.3 MB  "collide:nn_last_partner"
[kp]    213.04s  dealloc      711.9 MB  Cuda     live     4166.3 MB  "collide:nn_last_partner"
[kp]    213.09s  alloc        711.9 MB  Cuda     live     4878.3 MB  "collide:nn_last_partner"
[kp]    213.09s  dealloc      711.9 MB  Cuda     live     4166.3 MB  "collide:nn_last_partner"
[kp]    213.14s  alloc        711.9 MB  Cuda     live     4878.3 MB  "collide:nn_last_partner"
[kp]    213.14s  dealloc      711.9 MB  Cuda     live     4166.3 MB  "collide:nn_last_partner"
[kp]    213.19s  alloc        711.9 MB  Cuda     live     4878.3 MB  "collide:nn_last_partner"
[kp]    213.19s  dealloc      711.9 MB  Cuda     live     4166.3 MB  "collide:nn_last_partner"
[kp]    213.24s  alloc        711.9 MB  Cuda     live     4878.3 MB  "collide:nn_last_partner"
[kp]    213.24s  dealloc      711.9 MB  Cuda     live     4166.3 MB  "collide:nn_last_partner"
[kp]    213.29s  alloc        711.9 MB  Cuda     live     4878.3 MB  "collide:nn_last_partner"
[kp]    213.29s  dealloc      711.9 MB  Cuda     live     4166.3 MB  "collide:nn_last_partner"
[kp]    213.34s  alloc        711.9 MB  Cuda     live     4878.3 MB  "collide:nn_last_partner"
[kp]    213.34s  dealloc      711.9 MB  Cuda     live     4166.3 MB  "collide:nn_last_partner"
[kp]    213.39s  alloc        711.9 MB  Cuda     live     4878.3 MB  "collide:nn_last_partner"
[kp]    213.39s  dealloc      711.9 MB  Cuda     live     4166.3 MB  "collide:nn_last_partner"
[kp]    213.44s  alloc        711.9 MB  Cuda     live     4878.3 MB  "collide:nn_last_partner"
[kp]    213.44s  dealloc      711.9 MB  Cuda     live     4166.3 MB  "collide:nn_last_partner"
[kp]    213.49s  alloc        711.9 MB  Cuda     live     4878.3 MB  "collide:nn_last_partner"
[kp]    213.49s  dealloc      711.9 MB  Cuda     live     4166.3 MB  "collide:nn_last_partner"
[kp]    213.54s  alloc        711.9 MB  Cuda     live     4878.3 MB  "collide:nn_last_partner"
[kp]    213.54s  dealloc      711.9 MB  Cuda     live     4166.3 MB  "collide:nn_last_partner"
[kp]    213.59s  alloc        711.9 MB  Cuda     live     4878.3 MB  "collide:nn_last_partner"
[kp]    213.59s  dealloc      711.9 MB  Cuda     live     4166.3 MB  "collide:nn_last_partner"
[kp]    213.64s  alloc        711.9 MB  Cuda     live     4878.3 MB  "collide:nn_last_partner"
[kp]    213.64s  dealloc      711.9 MB  Cuda     live     4166.3 MB  "collide:nn_last_partner"
[kp]    213.69s  alloc        711.9 MB  Cuda     live     4878.3 MB  "collide:nn_last_partner"
[kp]    213.69s  dealloc      711.9 MB  Cuda     live     4166.3 MB  "collide:nn_last_partner"
[kp]    213.74s  alloc        711.9 MB  Cuda     live     4878.3 MB  "collide:nn_last_partner"
[kp]    213.74s  dealloc      711.9 MB  Cuda     live     4166.3 MB  "collide:nn_last_partner"
[kp]    213.79s  alloc        711.9 MB  Cuda     live     4878.3 MB  "collide:nn_last_partner"
[kp]    213.79s  dealloc      711.9 MB  Cuda     live     4166.3 MB  "collide:nn_last_partner"
[kp]    213.84s  alloc        711.9 MB  Cuda     live     4878.3 MB  "collide:nn_last_partner"
[kp]    213.84s  dealloc      711.9 MB  Cuda     live     4166.3 MB  "collide:nn_last_partner"
[kp]    213.89s  alloc        711.9 MB  Cuda     live     4878.3 MB  "collide:nn_last_partner"
[kp]    213.89s  dealloc      711.9 MB  Cuda     live     4166.3 MB  "collide:nn_last_partner"
[kp]    213.94s  alloc        711.9 MB  Cuda     live     4878.3 MB  "collide:nn_last_partner"
[kp]    213.94s  dealloc      711.9 MB  Cuda     live     4166.3 MB  "collide:nn_last_partner"
[kp]    213.99s  alloc        711.9 MB  Cuda     live     4878.3 MB  "collide:nn_last_partner"
[kp]    213.99s  dealloc      711.9 MB  Cuda     live     4166.3 MB  "collide:nn_last_partner"
[kp]    214.04s  alloc        711.9 MB  Cuda     live     4878.3 MB  "collide:nn_last_partner"
[kp]    214.04s  dealloc      711.9 MB  Cuda     live     4166.3 MB  "collide:nn_last_partner"
[kp]    214.09s  alloc        711.9 MB  Cuda     live     4878.3 MB  "collide:nn_last_partner"
[kp]    214.09s  dealloc      711.9 MB  Cuda     live     4166.3 MB  "collide:nn_last_partner"
[kp]    214.14s  alloc        711.9 MB  Cuda     live     4878.3 MB  "collide:nn_last_partner"
[kp]    214.14s  dealloc      711.9 MB  Cuda     live     4166.3 MB  "collide:nn_last_partner"
[kp]    214.19s  alloc        711.9 MB  Cuda     live     4878.3 MB  "collide:nn_last_partner"
[kp]    214.19s  dealloc      711.9 MB  Cuda     live     4166.3 MB  "collide:nn_last_partner"
[kp]    214.24s  alloc        711.9 MB  Cuda     live     4878.3 MB  "collide:nn_last_partner"
[kp]    214.24s  dealloc      711.9 MB  Cuda     live     4166.3 MB  "collide:nn_last_partner"
[kp]    214.29s  alloc        711.9 MB  Cuda     live     4878.3 MB  "collide:nn_last_partner"
[kp]    214.29s  dealloc      711.9 MB  Cuda     live     4166.3 MB  "collide:nn_last_partner"
    3700    201.65867 5.8733957e-08    19.577985        3e-09 27417838   102455    52659        0        0    298.40438 
[kp]    214.45s  alloc        711.9 MB  Cuda     live     4878.3 MB  "collide:nn_last_partner"
[kp]    214.45s  dealloc      711.9 MB  Cuda     live     4166.3 MB  "collide:nn_last_partner"
[kp]    214.50s  alloc        711.9 MB  Cuda     live     4878.3 MB  "collide:nn_last_partner"
[kp]    214.50s  dealloc      711.9 MB  Cuda     live     4166.3 MB  "collide:nn_last_partner"
[kp]    214.55s  alloc        711.9 MB  Cuda     live     4878.3 MB  "collide:nn_last_partner"
[kp]    214.55s  dealloc      711.9 MB  Cuda     live     4166.3 MB  "collide:nn_last_partner"
[kp]    214.60s  alloc        711.9 MB  Cuda     live     4878.3 MB  "collide:nn_last_partner"
[kp]    214.60s  dealloc      711.9 MB  Cuda     live     4166.3 MB  "collide:nn_last_partner"
[kp]    214.65s  alloc        711.9 MB  Cuda     live     4878.3 MB  "collide:nn_last_partner"
[kp]    214.65s  dealloc      711.9 MB  Cuda     live     4166.3 MB  "collide:nn_last_partner"
[kp]    214.70s  alloc        711.9 MB  Cuda     live     4878.3 MB  "collide:nn_last_partner"
[kp]    214.70s  dealloc      711.9 MB  Cuda     live     4166.3 MB  "collide:nn_last_partner"
[kp]    214.75s  alloc        711.9 MB  Cuda     live     4878.3 MB  "collide:nn_last_partner"
[kp]    214.75s  dealloc      711.9 MB  Cuda     live     4166.3 MB  "collide:nn_last_partner"
[kp]    214.80s  alloc        711.9 MB  Cuda     live     4878.3 MB  "collide:nn_last_partner"
[kp]    214.80s  dealloc      711.9 MB  Cuda     live     4166.3 MB  "collide:nn_last_partner"
[kp]    214.85s  alloc        711.9 MB  Cuda     live     4878.3 MB  "collide:nn_last_partner"
[kp]    214.85s  dealloc      711.9 MB  Cuda     live     4166.3 MB  "collide:nn_last_partner"
[kp]    214.90s  alloc        711.9 MB  Cuda     live     4878.3 MB  "collide:nn_last_partner"
[kp]    214.90s  dealloc      711.9 MB  Cuda     live     4166.3 MB  "collide:nn_last_partner"
[kp]    214.95s  alloc        711.9 MB  Cuda     live     4878.3 MB  "collide:nn_last_partner"
[kp]    214.95s  dealloc      711.9 MB  Cuda     live     4166.3 MB  "collide:nn_last_partner"
[kp]    215.00s  alloc        711.9 MB  Cuda     live     4878.3 MB  "collide:nn_last_partner"
[kp]    215.00s  dealloc      711.9 MB  Cuda     live     4166.3 MB  "collide:nn_last_partner"
[kp]    215.05s  alloc        711.9 MB  Cuda     live     4878.3 MB  "collide:nn_last_partner"
[kp]    215.05s  dealloc      711.9 MB  Cuda     live     4166.3 MB  "collide:nn_last_partner"
[kp]    215.10s  alloc        711.9 MB  Cuda     live     4878.3 MB  "collide:nn_last_partner"
[kp]    215.10s  dealloc      711.9 MB  Cuda     live     4166.3 MB  "collide:nn_last_partner"
[kp]    215.15s  alloc        711.9 MB  Cuda     live     4878.3 MB  "collide:nn_last_partner"
[kp]    215.15s  dealloc      711.9 MB  Cuda     live     4166.3 MB  "collide:nn_last_partner"
[kp]    215.20s  alloc        711.9 MB  Cuda     live     4878.3 MB  "collide:nn_last_partner"
[kp]    215.20s  dealloc      711.9 MB  Cuda     live     4166.3 MB  "collide:nn_last_partner"
[kp]    215.25s  alloc        711.9 MB  Cuda     live     4878.3 MB  "collide:nn_last_partner"
[kp]    215.25s  dealloc      711.9 MB  Cuda     live     4166.3 MB  "collide:nn_last_partner"
[kp]    215.30s  alloc        711.9 MB  Cuda     live     4878.3 MB  "collide:nn_last_partner"
[kp]    215.30s  dealloc      711.9 MB  Cuda     live     4166.3 MB  "collide:nn_last_partner"
[kp]    215.35s  alloc        711.9 MB  Cuda     live     4878.3 MB  "collide:nn_last_partner"
[kp]    215.35s  dealloc      711.9 MB  Cuda     live     4166.3 MB  "collide:nn_last_partner"
[kp]    215.40s  alloc        711.9 MB  Cuda     live     4878.3 MB  "collide:nn_last_partner"
[kp]    215.40s  dealloc      711.9 MB  Cuda     live     4166.3 MB  "collide:nn_last_partner"
[kp]    215.45s  alloc        711.9 MB  Cuda     live     4878.3 MB  "collide:nn_last_partner"
[kp]    215.45s  dealloc      711.9 MB  Cuda     live     4166.3 MB  "collide:nn_last_partner"
[kp]    215.50s  alloc        711.9 MB  Cuda     live     4878.3 MB  "collide:nn_last_partner"
[kp]    215.50s  dealloc      711.9 MB  Cuda     live     4166.3 MB  "collide:nn_last_partner"
[kp]    215.55s  alloc        711.9 MB  Cuda     live     4878.3 MB  "collide:nn_last_partner"
[kp]    215.55s  dealloc      711.9 MB  Cuda     live     4166.3 MB  "collide:nn_last_partner"
[kp]    215.60s  alloc        711.9 MB  Cuda     live     4878.3 MB  "collide:nn_last_partner"
[kp]    215.60s  dealloc      711.9 MB  Cuda     live     4166.3 MB  "collide:nn_last_partner"
[kp]    215.65s  alloc        711.9 MB  Cuda     live     4878.3 MB  "collide:nn_last_partner"
[kp]    215.65s  dealloc      711.9 MB  Cuda     live     4166.3 MB  "collide:nn_last_partner"
[kp]    215.70s  alloc        711.9 MB  Cuda     live     4878.3 MB  "collide:nn_last_partner"
[kp]    215.70s  dealloc      711.9 MB  Cuda     live     4166.3 MB  "collide:nn_last_partner"
[kp]    215.75s  alloc        711.9 MB  Cuda     live     4878.3 MB  "collide:nn_last_partner"
[kp]    215.75s  dealloc      711.9 MB  Cuda     live     4166.3 MB  "collide:nn_last_partner"
[kp]    215.80s  alloc        711.9 MB  Cuda     live     4878.3 MB  "collide:nn_last_partner"
[kp]    215.80s  dealloc      711.9 MB  Cuda     live     4166.3 MB  "collide:nn_last_partner"
[kp]    215.85s  alloc        711.9 MB  Cuda     live     4878.3 MB  "collide:nn_last_partner"
[kp]    215.85s  dealloc      711.9 MB  Cuda     live     4166.3 MB  "collide:nn_last_partner"
[kp]    215.90s  alloc        711.9 MB  Cuda     live     4878.3 MB  "collide:nn_last_partner"
[kp]    215.90s  dealloc      711.9 MB  Cuda     live     4166.3 MB  "collide:nn_last_partner"
[kp]    215.95s  alloc        711.9 MB  Cuda     live     4878.3 MB  "collide:nn_last_partner"
[kp]    215.95s  dealloc      711.9 MB  Cuda     live     4166.3 MB  "collide:nn_last_partner"
[kp]    216.00s  alloc        711.9 MB  Cuda     live     4878.3 MB  "collide:nn_last_partner"
[kp]    216.00s  dealloc      711.9 MB  Cuda     live     4166.3 MB  "collide:nn_last_partner"
[kp]    216.05s  alloc        711.9 MB  Cuda     live     4878.3 MB  "collide:nn_last_partner"
[kp]    216.05s  dealloc      711.9 MB  Cuda     live     4166.3 MB  "collide:nn_last_partner"
[kp]    216.10s  alloc        711.9 MB  Cuda     live     4878.3 MB  "collide:nn_last_partner"
[kp]    216.10s  dealloc      711.9 MB  Cuda     live     4166.3 MB  "collide:nn_last_partner"
[kp]    216.15s  alloc        711.9 MB  Cuda     live     4878.3 MB  "collide:nn_last_partner"
[kp]    216.15s  dealloc      711.9 MB  Cuda     live     4166.3 MB  "collide:nn_last_partner"
[kp]    216.20s  alloc        711.9 MB  Cuda     live     4878.3 MB  "collide:nn_last_partner"
[kp]    216.20s  dealloc      711.9 MB  Cuda     live     4166.3 MB  "collide:nn_last_partner"
[kp]    216.25s  alloc        711.9 MB  Cuda     live     4878.3 MB  "collide:nn_last_partner"
[kp]    216.25s  dealloc      711.9 MB  Cuda     live     4166.3 MB  "collide:nn_last_partner"
[kp]    216.30s  alloc        711.9 MB  Cuda     live     4878.3 MB  "collide:nn_last_partner"
[kp]    216.30s  dealloc      711.9 MB  Cuda     live     4166.3 MB  "collide:nn_last_partner"
[kp]    216.35s  alloc        711.9 MB  Cuda     live     4878.3 MB  "collide:nn_last_partner"
[kp]    216.35s  dealloc      711.9 MB  Cuda     live     4166.3 MB  "collide:nn_last_partner"
[kp]    216.39s  alloc        711.9 MB  Cuda     live     4878.3 MB  "collide:nn_last_partner"
[kp]    216.40s  dealloc      711.9 MB  Cuda     live     4166.3 MB  "collide:nn_last_partner"
[kp]    216.44s  alloc        711.9 MB  Cuda     live     4878.3 MB  "collide:nn_last_partner"
[kp]    216.45s  dealloc      711.9 MB  Cuda     live     4166.3 MB  "collide:nn_last_partner"
[kp]    216.49s  alloc        711.9 MB  Cuda     live     4878.3 MB  "collide:nn_last_partner"
[kp]    216.50s  dealloc      711.9 MB  Cuda     live     4166.3 MB  "collide:nn_last_partner"
[kp]    216.54s  alloc        711.9 MB  Cuda     live     4878.3 MB  "collide:nn_last_partner"
[kp]    216.55s  dealloc      711.9 MB  Cuda     live     4166.3 MB  "collide:nn_last_partner"
[kp]    216.59s  alloc        711.9 MB  Cuda     live     4878.3 MB  "collide:nn_last_partner"
[kp]    216.60s  dealloc      711.9 MB  Cuda     live     4166.3 MB  "collide:nn_last_partner"
[kp]    216.64s  alloc        711.9 MB  Cuda     live     4878.3 MB  "collide:nn_last_partner"
[kp]    216.65s  dealloc      711.9 MB  Cuda     live     4166.3 MB  "collide:nn_last_partner"
[kp]    216.69s  alloc        711.9 MB  Cuda     live     4878.3 MB  "collide:nn_last_partner"
[kp]    216.70s  dealloc      711.9 MB  Cuda     live     4166.3 MB  "collide:nn_last_partner"
[kp]    216.74s  alloc        711.9 MB  Cuda     live     4878.3 MB  "collide:nn_last_partner"
[kp]    216.75s  dealloc      711.9 MB  Cuda     live     4166.3 MB  "collide:nn_last_partner"
[kp]    216.79s  alloc        711.9 MB  Cuda     live     4878.3 MB  "collide:nn_last_partner"
[kp]    216.80s  dealloc      711.9 MB  Cuda     live     4166.3 MB  "collide:nn_last_partner"
[kp]    216.84s  alloc        711.9 MB  Cuda     live     4878.3 MB  "collide:nn_last_partner"
[kp]    216.85s  dealloc      711.9 MB  Cuda     live     4166.3 MB  "collide:nn_last_partner"
[kp]    216.89s  alloc        711.9 MB  Cuda     live     4878.3 MB  "collide:nn_last_partner"
[kp]    216.90s  dealloc      711.9 MB  Cuda     live     4166.3 MB  "collide:nn_last_partner"
[kp]    216.94s  alloc        711.9 MB  Cuda     live     4878.3 MB  "collide:nn_last_partner"
[kp]    216.95s  dealloc      711.9 MB  Cuda     live     4166.3 MB  "collide:nn_last_partner"
[kp]    216.99s  alloc        711.9 MB  Cuda     live     4878.3 MB  "collide:nn_last_partner"
[kp]    216.99s  dealloc      711.9 MB  Cuda     live     4166.3 MB  "collide:nn_last_partner"
[kp]    217.04s  alloc        711.9 MB  Cuda     live     4878.3 MB  "collide:nn_last_partner"
[kp]    217.04s  dealloc      711.9 MB  Cuda     live     4166.3 MB  "collide:nn_last_partner"
[kp]    217.09s  alloc        711.9 MB  Cuda     live     4878.3 MB  "collide:nn_last_partner"
[kp]    217.09s  dealloc      711.9 MB  Cuda     live     4166.3 MB  "collide:nn_last_partner"
[kp]    217.14s  alloc        711.9 MB  Cuda     live     4878.3 MB  "collide:nn_last_partner"
[kp]    217.14s  dealloc      711.9 MB  Cuda     live     4166.3 MB  "collide:nn_last_partner"
[kp]    217.19s  alloc        711.9 MB  Cuda     live     4878.3 MB  "collide:nn_last_partner"
[kp]    217.19s  dealloc      711.9 MB  Cuda     live     4166.3 MB  "collide:nn_last_partner"
[kp]    217.24s  alloc        711.9 MB  Cuda     live     4878.3 MB  "collide:nn_last_partner"
[kp]    217.24s  dealloc      711.9 MB  Cuda     live     4166.3 MB  "collide:nn_last_partner"
[kp]    217.29s  alloc        711.9 MB  Cuda     live     4878.3 MB  "collide:nn_last_partner"
[kp]    217.29s  dealloc      711.9 MB  Cuda     live     4166.3 MB  "collide:nn_last_partner"
[kp]    217.34s  alloc        711.9 MB  Cuda     live     4878.3 MB  "collide:nn_last_partner"
[kp]    217.34s  dealloc      711.9 MB  Cuda     live     4166.3 MB  "collide:nn_last_partner"
[kp]    217.39s  alloc        711.9 MB  Cuda     live     4878.3 MB  "collide:nn_last_partner"
[kp]    217.39s  dealloc      711.9 MB  Cuda     live     4166.3 MB  "collide:nn_last_partner"
[kp]    217.44s  alloc        711.9 MB  Cuda     live     4878.3 MB  "collide:nn_last_partner"
[kp]    217.44s  dealloc      711.9 MB  Cuda     live     4166.3 MB  "collide:nn_last_partner"
[kp]    217.49s  alloc        711.9 MB  Cuda     live     4878.3 MB  "collide:nn_last_partner"
[kp]    217.49s  dealloc      711.9 MB  Cuda     live     4166.3 MB  "collide:nn_last_partner"
[kp]    217.54s  alloc        711.9 MB  Cuda     live     4878.3 MB  "collide:nn_last_partner"
[kp]    217.54s  dealloc      711.9 MB  Cuda     live     4166.3 MB  "collide:nn_last_partner"
[kp]    217.59s  alloc        711.9 MB  Cuda     live     4878.3 MB  "collide:nn_last_partner"
[kp]    217.59s  dealloc      711.9 MB  Cuda     live     4166.3 MB  "collide:nn_last_partner"
[kp]    217.64s  alloc        711.9 MB  Cuda     live     4878.3 MB  "collide:nn_last_partner"
[kp]    217.64s  dealloc      711.9 MB  Cuda     live     4166.3 MB  "collide:nn_last_partner"
[kp]    217.69s  alloc        711.9 MB  Cuda     live     4878.3 MB  "collide:nn_last_partner"
[kp]    217.69s  dealloc      711.9 MB  Cuda     live     4166.3 MB  "collide:nn_last_partner"
[kp]    217.74s  alloc        711.9 MB  Cuda     live     4878.3 MB  "collide:nn_last_partner"
[kp]    217.74s  dealloc      711.9 MB  Cuda     live     4166.3 MB  "collide:nn_last_partner"
[kp]    217.79s  alloc        711.9 MB  Cuda     live     4878.3 MB  "collide:nn_last_partner"
[kp]    217.79s  dealloc      711.9 MB  Cuda     live     4166.3 MB  "collide:nn_last_partner"
[kp]    217.84s  alloc        711.9 MB  Cuda     live     4878.3 MB  "collide:nn_last_partner"
[kp]    217.84s  dealloc      711.9 MB  Cuda     live     4166.3 MB  "collide:nn_last_partner"
[kp]    217.89s  alloc        711.9 MB  Cuda     live     4878.3 MB  "collide:nn_last_partner"
[kp]    217.89s  dealloc      711.9 MB  Cuda     live     4166.3 MB  "collide:nn_last_partner"
[kp]    217.94s  alloc        711.9 MB  Cuda     live     4878.3 MB  "collide:nn_last_partner"
[kp]    217.94s  dealloc      711.9 MB  Cuda     live     4166.3 MB  "collide:nn_last_partner"
[kp]    217.99s  alloc        711.9 MB  Cuda     live     4878.3 MB  "collide:nn_last_partner"
[kp]    217.99s  dealloc      711.9 MB  Cuda     live     4166.3 MB  "collide:nn_last_partner"
[kp]    218.04s  alloc        711.9 MB  Cuda     live     4878.3 MB  "collide:nn_last_partner"
[kp]    218.04s  dealloc      711.9 MB  Cuda     live     4166.3 MB  "collide:nn_last_partner"
[kp]    218.09s  alloc        711.9 MB  Cuda     live     4878.3 MB  "collide:nn_last_partner"
[kp]    218.09s  dealloc      711.9 MB  Cuda     live     4166.3 MB  "collide:nn_last_partner"
[kp]    218.14s  alloc        711.9 MB  Cuda     live     4878.3 MB  "collide:nn_last_partner"
[kp]    218.14s  dealloc      711.9 MB  Cuda     live     4166.3 MB  "collide:nn_last_partner"
[kp]    218.19s  alloc        711.9 MB  Cuda     live     4878.3 MB  "collide:nn_last_partner"
[kp]    218.19s  dealloc      711.9 MB  Cuda     live     4166.3 MB  "collide:nn_last_partner"
[kp]    218.24s  alloc        711.9 MB  Cuda     live     4878.3 MB  "collide:nn_last_partner"
[kp]    218.24s  dealloc      711.9 MB  Cuda     live     4166.3 MB  "collide:nn_last_partner"
[kp]    218.29s  alloc        711.9 MB  Cuda     live     4878.3 MB  "collide:nn_last_partner"
[kp]    218.29s  dealloc      711.9 MB  Cuda     live     4166.3 MB  "collide:nn_last_partner"
[kp]    218.34s  alloc        711.9 MB  Cuda     live     4878.3 MB  "collide:nn_last_partner"
[kp]    218.34s  dealloc      711.9 MB  Cuda     live     4166.3 MB  "collide:nn_last_partner"
[kp]    218.39s  alloc        711.9 MB  Cuda     live     4878.3 MB  "collide:nn_last_partner"
[kp]    218.39s  dealloc      711.9 MB  Cuda     live     4166.3 MB  "collide:nn_last_partner"
[kp]    218.44s  alloc        711.9 MB  Cuda     live     4878.3 MB  "collide:nn_last_partner"
[kp]    218.44s  dealloc      711.9 MB  Cuda     live     4166.3 MB  "collide:nn_last_partner"
[kp]    218.49s  alloc        711.9 MB  Cuda     live     4878.3 MB  "collide:nn_last_partner"
[kp]    218.49s  dealloc      711.9 MB  Cuda     live     4166.3 MB  "collide:nn_last_partner"
[kp]    218.54s  alloc        711.9 MB  Cuda     live     4878.3 MB  "collide:nn_last_partner"
[kp]    218.54s  dealloc      711.9 MB  Cuda     live     4166.3 MB  "collide:nn_last_partner"
[kp]    218.59s  alloc        711.9 MB  Cuda     live     4878.3 MB  "collide:nn_last_partner"
[kp]    218.59s  dealloc      711.9 MB  Cuda     live     4166.3 MB  "collide:nn_last_partner"
[kp]    218.64s  alloc        711.9 MB  Cuda     live     4878.3 MB  "collide:nn_last_partner"
[kp]    218.64s  dealloc      711.9 MB  Cuda     live     4166.3 MB  "collide:nn_last_partner"
[kp]    218.69s  alloc        711.9 MB  Cuda     live     4878.3 MB  "collide:nn_last_partner"
[kp]    218.69s  dealloc      711.9 MB  Cuda     live     4166.3 MB  "collide:nn_last_partner"
[kp]    218.74s  alloc        711.9 MB  Cuda     live     4878.3 MB  "collide:nn_last_partner"
[kp]    218.74s  dealloc      711.9 MB  Cuda     live     4166.3 MB  "collide:nn_last_partner"
[kp]    218.79s  alloc        711.9 MB  Cuda     live     4878.3 MB  "collide:nn_last_partner"
[kp]    218.79s  dealloc      711.9 MB  Cuda     live     4166.3 MB  "collide:nn_last_partner"
[kp]    218.84s  alloc        711.9 MB  Cuda     live     4878.3 MB  "collide:nn_last_partner"
[kp]    218.84s  dealloc      711.9 MB  Cuda     live     4166.3 MB  "collide:nn_last_partner"
[kp]    218.89s  alloc        711.9 MB  Cuda     live     4878.3 MB  "collide:nn_last_partner"
[kp]    218.89s  dealloc      711.9 MB  Cuda     live     4166.3 MB  "collide:nn_last_partner"
[kp]    218.94s  alloc        711.9 MB  Cuda     live     4878.3 MB  "collide:nn_last_partner"
[kp]    218.94s  dealloc      711.9 MB  Cuda     live     4166.3 MB  "collide:nn_last_partner"
[kp]    218.99s  alloc        711.9 MB  Cuda     live     4878.3 MB  "collide:nn_last_partner"
[kp]    218.99s  dealloc      711.9 MB  Cuda     live     4166.3 MB  "collide:nn_last_partner"
[kp]    219.04s  alloc        711.9 MB  Cuda     live     4878.3 MB  "collide:nn_last_partner"
[kp]    219.04s  dealloc      711.9 MB  Cuda     live     4166.3 MB  "collide:nn_last_partner"
[kp]    219.09s  alloc        711.9 MB  Cuda     live     4878.3 MB  "collide:nn_last_partner"
[kp]    219.09s  dealloc      711.9 MB  Cuda     live     4166.3 MB  "collide:nn_last_partner"
[kp]    219.14s  alloc        711.9 MB  Cuda     live     4878.3 MB  "collide:nn_last_partner"
[kp]    219.14s  dealloc      711.9 MB  Cuda     live     4166.3 MB  "collide:nn_last_partner"
[kp]    219.19s  alloc        711.9 MB  Cuda     live     4878.3 MB  "collide:nn_last_partner"
[kp]    219.19s  dealloc      711.9 MB  Cuda     live     4166.3 MB  "collide:nn_last_partner"
[kp]    219.24s  alloc        711.9 MB  Cuda     live     4878.3 MB  "collide:nn_last_partner"
[kp]    219.24s  dealloc      711.9 MB  Cuda     live     4166.3 MB  "collide:nn_last_partner"
[kp]    219.29s  alloc        711.9 MB  Cuda     live     4878.3 MB  "collide:nn_last_partner"
[kp]    219.29s  dealloc      711.9 MB  Cuda     live     4166.3 MB  "collide:nn_last_partner"
[kp]    219.34s  alloc        711.9 MB  Cuda     live     4878.3 MB  "collide:nn_last_partner"
[kp]    219.34s  dealloc      711.9 MB  Cuda     live     4166.3 MB  "collide:nn_last_partner"
[kp]    219.39s  alloc        711.9 MB  Cuda     live     4878.3 MB  "collide:nn_last_partner"
[kp]    219.39s  dealloc      711.9 MB  Cuda     live     4166.3 MB  "collide:nn_last_partner"
    3800    206.76363 5.8766352e-08    19.588784        3e-09 27399122   102609    52765        0        0    298.51449 
[kp]    219.55s  alloc        711.9 MB  Cuda     live     4878.3 MB  "collide:nn_last_partner"
[kp]    219.55s  dealloc      711.9 MB  Cuda     live     4166.3 MB  "collide:nn_last_partner"
[kp]    219.60s  alloc        711.9 MB  Cuda     live     4878.3 MB  "collide:nn_last_partner"
[kp]    219.60s  dealloc      711.9 MB  Cuda     live     4166.3 MB  "collide:nn_last_partner"
[kp]    219.65s  alloc        711.9 MB  Cuda     live     4878.3 MB  "collide:nn_last_partner"
[kp]    219.65s  dealloc      711.9 MB  Cuda     live     4166.3 MB  "collide:nn_last_partner"
[kp]    219.70s  alloc        711.9 MB  Cuda     live     4878.3 MB  "collide:nn_last_partner"
[kp]    219.70s  dealloc      711.9 MB  Cuda     live     4166.3 MB  "collide:nn_last_partner"
[kp]    219.75s  alloc        711.9 MB  Cuda     live     4878.3 MB  "collide:nn_last_partner"
[kp]    219.75s  dealloc      711.9 MB  Cuda     live     4166.3 MB  "collide:nn_last_partner"
[kp]    219.80s  alloc        711.9 MB  Cuda     live     4878.3 MB  "collide:nn_last_partner"
[kp]    219.80s  dealloc      711.9 MB  Cuda     live     4166.3 MB  "collide:nn_last_partner"
[kp]    219.85s  alloc        711.9 MB  Cuda     live     4878.3 MB  "collide:nn_last_partner"
[kp]    219.85s  dealloc      711.9 MB  Cuda     live     4166.3 MB  "collide:nn_last_partner"
[kp]    219.90s  alloc        711.9 MB  Cuda     live     4878.3 MB  "collide:nn_last_partner"
[kp]    219.90s  dealloc      711.9 MB  Cuda     live     4166.3 MB  "collide:nn_last_partner"
[kp]    219.95s  alloc        711.9 MB  Cuda     live     4878.3 MB  "collide:nn_last_partner"
[kp]    219.95s  dealloc      711.9 MB  Cuda     live     4166.3 MB  "collide:nn_last_partner"
[kp]    220.00s  alloc        711.9 MB  Cuda     live     4878.3 MB  "collide:nn_last_partner"
[kp]    220.00s  dealloc      711.9 MB  Cuda     live     4166.3 MB  "collide:nn_last_partner"
[kp]    220.05s  alloc        711.9 MB  Cuda     live     4878.3 MB  "collide:nn_last_partner"
[kp]    220.05s  dealloc      711.9 MB  Cuda     live     4166.3 MB  "collide:nn_last_partner"
[kp]    220.10s  alloc        711.9 MB  Cuda     live     4878.3 MB  "collide:nn_last_partner"
[kp]    220.10s  dealloc      711.9 MB  Cuda     live     4166.3 MB  "collide:nn_last_partner"
[kp]    220.15s  alloc        711.9 MB  Cuda     live     4878.3 MB  "collide:nn_last_partner"
[kp]    220.15s  dealloc      711.9 MB  Cuda     live     4166.3 MB  "collide:nn_last_partner"
[kp]    220.20s  alloc        711.9 MB  Cuda     live     4878.3 MB  "collide:nn_last_partner"
[kp]    220.20s  dealloc      711.9 MB  Cuda     live     4166.3 MB  "collide:nn_last_partner"
[kp]    220.25s  alloc        711.9 MB  Cuda     live     4878.3 MB  "collide:nn_last_partner"
[kp]    220.25s  dealloc      711.9 MB  Cuda     live     4166.3 MB  "collide:nn_last_partner"
[kp]    220.30s  alloc        711.9 MB  Cuda     live     4878.3 MB  "collide:nn_last_partner"
[kp]    220.30s  dealloc      711.9 MB  Cuda     live     4166.3 MB  "collide:nn_last_partner"
[kp]    220.35s  alloc        711.9 MB  Cuda     live     4878.3 MB  "collide:nn_last_partner"
[kp]    220.35s  dealloc      711.9 MB  Cuda     live     4166.3 MB  "collide:nn_last_partner"
[kp]    220.40s  alloc        711.9 MB  Cuda     live     4878.3 MB  "collide:nn_last_partner"
[kp]    220.40s  dealloc      711.9 MB  Cuda     live     4166.3 MB  "collide:nn_last_partner"
[kp]    220.45s  alloc        711.9 MB  Cuda     live     4878.3 MB  "collide:nn_last_partner"
[kp]    220.45s  dealloc      711.9 MB  Cuda     live     4166.3 MB  "collide:nn_last_partner"
[kp]    220.50s  alloc        711.9 MB  Cuda     live     4878.3 MB  "collide:nn_last_partner"
[kp]    220.50s  dealloc      711.9 MB  Cuda     live     4166.3 MB  "collide:nn_last_partner"
[kp]    220.55s  alloc        711.9 MB  Cuda     live     4878.3 MB  "collide:nn_last_partner"
[kp]    220.55s  dealloc      711.9 MB  Cuda     live     4166.3 MB  "collide:nn_last_partner"
[kp]    220.60s  alloc        711.9 MB  Cuda     live     4878.3 MB  "collide:nn_last_partner"
[kp]    220.60s  dealloc      711.9 MB  Cuda     live     4166.3 MB  "collide:nn_last_partner"
[kp]    220.65s  alloc        711.9 MB  Cuda     live     4878.3 MB  "collide:nn_last_partner"
[kp]    220.65s  dealloc      711.9 MB  Cuda     live     4166.3 MB  "collide:nn_last_partner"
[kp]    220.70s  alloc        711.9 MB  Cuda     live     4878.3 MB  "collide:nn_last_partner"
[kp]    220.70s  dealloc      711.9 MB  Cuda     live     4166.3 MB  "collide:nn_last_partner"
[kp]    220.75s  alloc        711.9 MB  Cuda     live     4878.3 MB  "collide:nn_last_partner"
[kp]    220.75s  dealloc      711.9 MB  Cuda     live     4166.3 MB  "collide:nn_last_partner"
[kp]    220.80s  alloc        711.9 MB  Cuda     live     4878.3 MB  "collide:nn_last_partner"
[kp]    220.80s  dealloc      711.9 MB  Cuda     live     4166.3 MB  "collide:nn_last_partner"
[kp]    220.85s  alloc        711.9 MB  Cuda     live     4878.3 MB  "collide:nn_last_partner"
[kp]    220.85s  dealloc      711.9 MB  Cuda     live     4166.3 MB  "collide:nn_last_partner"
[kp]    220.90s  alloc        711.9 MB  Cuda     live     4878.3 MB  "collide:nn_last_partner"
[kp]    220.90s  dealloc      711.9 MB  Cuda     live     4166.3 MB  "collide:nn_last_partner"
[kp]    220.95s  alloc        711.9 MB  Cuda     live     4878.3 MB  "collide:nn_last_partner"
[kp]    220.95s  dealloc      711.9 MB  Cuda     live     4166.3 MB  "collide:nn_last_partner"
[kp]    221.00s  alloc        711.9 MB  Cuda     live     4878.3 MB  "collide:nn_last_partner"
[kp]    221.00s  dealloc      711.9 MB  Cuda     live     4166.3 MB  "collide:nn_last_partner"
[kp]    221.05s  alloc        711.9 MB  Cuda     live     4878.3 MB  "collide:nn_last_partner"
[kp]    221.05s  dealloc      711.9 MB  Cuda     live     4166.3 MB  "collide:nn_last_partner"
[kp]    221.10s  alloc        711.9 MB  Cuda     live     4878.3 MB  "collide:nn_last_partner"
[kp]    221.10s  dealloc      711.9 MB  Cuda     live     4166.3 MB  "collide:nn_last_partner"
[kp]    221.15s  alloc        711.9 MB  Cuda     live     4878.3 MB  "collide:nn_last_partner"
[kp]    221.15s  dealloc      711.9 MB  Cuda     live     4166.3 MB  "collide:nn_last_partner"
[kp]    221.20s  alloc        711.9 MB  Cuda     live     4878.3 MB  "collide:nn_last_partner"
[kp]    221.20s  dealloc      711.9 MB  Cuda     live     4166.3 MB  "collide:nn_last_partner"
[kp]    221.25s  alloc        711.9 MB  Cuda     live     4878.3 MB  "collide:nn_last_partner"
[kp]    221.25s  dealloc      711.9 MB  Cuda     live     4166.3 MB  "collide:nn_last_partner"
[kp]    221.30s  alloc        711.9 MB  Cuda     live     4878.3 MB  "collide:nn_last_partner"
[kp]    221.30s  dealloc      711.9 MB  Cuda     live     4166.3 MB  "collide:nn_last_partner"
[kp]    221.35s  alloc        711.9 MB  Cuda     live     4878.3 MB  "collide:nn_last_partner"
[kp]    221.35s  dealloc      711.9 MB  Cuda     live     4166.3 MB  "collide:nn_last_partner"
[kp]    221.40s  alloc        711.9 MB  Cuda     live     4878.3 MB  "collide:nn_last_partner"
[kp]    221.40s  dealloc      711.9 MB  Cuda     live     4166.3 MB  "collide:nn_last_partner"
[kp]    221.45s  alloc        711.9 MB  Cuda     live     4878.3 MB  "collide:nn_last_partner"
[kp]    221.45s  dealloc      711.9 MB  Cuda     live     4166.3 MB  "collide:nn_last_partner"
[kp]    221.50s  alloc        711.9 MB  Cuda     live     4878.3 MB  "collide:nn_last_partner"
[kp]    221.50s  dealloc      711.9 MB  Cuda     live     4166.3 MB  "collide:nn_last_partner"
[kp]    221.55s  alloc        711.9 MB  Cuda     live     4878.3 MB  "collide:nn_last_partner"
[kp]    221.55s  dealloc      711.9 MB  Cuda     live     4166.3 MB  "collide:nn_last_partner"
[kp]    221.60s  alloc        711.9 MB  Cuda     live     4878.3 MB  "collide:nn_last_partner"
[kp]    221.60s  dealloc      711.9 MB  Cuda     live     4166.3 MB  "collide:nn_last_partner"
[kp]    221.65s  alloc        711.9 MB  Cuda     live     4878.3 MB  "collide:nn_last_partner"
[kp]    221.65s  dealloc      711.9 MB  Cuda     live     4166.3 MB  "collide:nn_last_partner"
[kp]    221.70s  alloc        711.9 MB  Cuda     live     4878.3 MB  "collide:nn_last_partner"
[kp]    221.70s  dealloc      711.9 MB  Cuda     live     4166.3 MB  "collide:nn_last_partner"
[kp]    221.75s  alloc        711.9 MB  Cuda     live     4878.3 MB  "collide:nn_last_partner"
[kp]    221.75s  dealloc      711.9 MB  Cuda     live     4166.3 MB  "collide:nn_last_partner"
[kp]    221.80s  alloc        711.9 MB  Cuda     live     4878.3 MB  "collide:nn_last_partner"
[kp]    221.80s  dealloc      711.9 MB  Cuda     live     4166.3 MB  "collide:nn_last_partner"
[kp]    221.85s  alloc        711.9 MB  Cuda     live     4878.3 MB  "collide:nn_last_partner"
[kp]    221.85s  dealloc      711.9 MB  Cuda     live     4166.3 MB  "collide:nn_last_partner"
[kp]    221.90s  alloc        711.9 MB  Cuda     live     4878.3 MB  "collide:nn_last_partner"
[kp]    221.90s  dealloc      711.9 MB  Cuda     live     4166.3 MB  "collide:nn_last_partner"
[kp]    221.95s  alloc        711.9 MB  Cuda     live     4878.3 MB  "collide:nn_last_partner"
[kp]    221.95s  dealloc      711.9 MB  Cuda     live     4166.3 MB  "collide:nn_last_partner"
[kp]    222.00s  alloc        711.9 MB  Cuda     live     4878.3 MB  "collide:nn_last_partner"
[kp]    222.00s  dealloc      711.9 MB  Cuda     live     4166.3 MB  "collide:nn_last_partner"
[kp]    222.05s  alloc        711.9 MB  Cuda     live     4878.3 MB  "collide:nn_last_partner"
[kp]    222.05s  dealloc      711.9 MB  Cuda     live     4166.3 MB  "collide:nn_last_partner"
[kp]    222.10s  alloc        711.9 MB  Cuda     live     4878.3 MB  "collide:nn_last_partner"
[kp]    222.10s  dealloc      711.9 MB  Cuda     live     4166.3 MB  "collide:nn_last_partner"
[kp]    222.15s  alloc        711.9 MB  Cuda     live     4878.3 MB  "collide:nn_last_partner"
[kp]    222.15s  dealloc      711.9 MB  Cuda     live     4166.3 MB  "collide:nn_last_partner"
[kp]    222.20s  alloc        711.9 MB  Cuda     live     4878.3 MB  "collide:nn_last_partner"
[kp]    222.20s  dealloc      711.9 MB  Cuda     live     4166.3 MB  "collide:nn_last_partner"
[kp]    222.25s  alloc        711.9 MB  Cuda     live     4878.3 MB  "collide:nn_last_partner"
[kp]    222.25s  dealloc      711.9 MB  Cuda     live     4166.3 MB  "collide:nn_last_partner"
[kp]    222.30s  alloc        711.9 MB  Cuda     live     4878.3 MB  "collide:nn_last_partner"
[kp]    222.30s  dealloc      711.9 MB  Cuda     live     4166.3 MB  "collide:nn_last_partner"
[kp]    222.35s  alloc        711.9 MB  Cuda     live     4878.3 MB  "collide:nn_last_partner"
[kp]    222.35s  dealloc      711.9 MB  Cuda     live     4166.3 MB  "collide:nn_last_partner"
[kp]    222.40s  alloc        711.9 MB  Cuda     live     4878.3 MB  "collide:nn_last_partner"
[kp]    222.40s  dealloc      711.9 MB  Cuda     live     4166.3 MB  "collide:nn_last_partner"
[kp]    222.45s  alloc        711.9 MB  Cuda     live     4878.3 MB  "collide:nn_last_partner"
[kp]    222.45s  dealloc      711.9 MB  Cuda     live     4166.3 MB  "collide:nn_last_partner"
[kp]    222.50s  alloc        711.9 MB  Cuda     live     4878.3 MB  "collide:nn_last_partner"
[kp]    222.50s  dealloc      711.9 MB  Cuda     live     4166.3 MB  "collide:nn_last_partner"
[kp]    222.55s  alloc        711.9 MB  Cuda     live     4878.3 MB  "collide:nn_last_partner"
[kp]    222.55s  dealloc      711.9 MB  Cuda     live     4166.3 MB  "collide:nn_last_partner"
[kp]    222.60s  alloc        711.9 MB  Cuda     live     4878.3 MB  "collide:nn_last_partner"
[kp]    222.60s  dealloc      711.9 MB  Cuda     live     4166.3 MB  "collide:nn_last_partner"
[kp]    222.65s  alloc        711.9 MB  Cuda     live     4878.3 MB  "collide:nn_last_partner"
[kp]    222.65s  dealloc      711.9 MB  Cuda     live     4166.3 MB  "collide:nn_last_partner"
[kp]    222.70s  alloc        711.9 MB  Cuda     live     4878.3 MB  "collide:nn_last_partner"
[kp]    222.70s  dealloc      711.9 MB  Cuda     live     4166.3 MB  "collide:nn_last_partner"
[kp]    222.75s  alloc        711.9 MB  Cuda     live     4878.3 MB  "collide:nn_last_partner"
[kp]    222.75s  dealloc      711.9 MB  Cuda     live     4166.3 MB  "collide:nn_last_partner"
[kp]    222.80s  alloc        711.9 MB  Cuda     live     4878.3 MB  "collide:nn_last_partner"
[kp]    222.80s  dealloc      711.9 MB  Cuda     live     4166.3 MB  "collide:nn_last_partner"
[kp]    222.85s  alloc        711.9 MB  Cuda     live     4878.3 MB  "collide:nn_last_partner"
[kp]    222.85s  dealloc      711.9 MB  Cuda     live     4166.3 MB  "collide:nn_last_partner"
[kp]    222.90s  alloc        711.9 MB  Cuda     live     4878.3 MB  "collide:nn_last_partner"
[kp]    222.90s  dealloc      711.9 MB  Cuda     live     4166.3 MB  "collide:nn_last_partner"
[kp]    222.95s  alloc        711.9 MB  Cuda     live     4878.3 MB  "collide:nn_last_partner"
[kp]    222.95s  dealloc      711.9 MB  Cuda     live     4166.3 MB  "collide:nn_last_partner"
[kp]    223.00s  alloc        711.9 MB  Cuda     live     4878.3 MB  "collide:nn_last_partner"
[kp]    223.00s  dealloc      711.9 MB  Cuda     live     4166.3 MB  "collide:nn_last_partner"
[kp]    223.05s  alloc        711.9 MB  Cuda     live     4878.3 MB  "collide:nn_last_partner"
[kp]    223.05s  dealloc      711.9 MB  Cuda     live     4166.3 MB  "collide:nn_last_partner"
[kp]    223.10s  alloc        711.9 MB  Cuda     live     4878.3 MB  "collide:nn_last_partner"
[kp]    223.10s  dealloc      711.9 MB  Cuda     live     4166.3 MB  "collide:nn_last_partner"
[kp]    223.15s  alloc        711.9 MB  Cuda     live     4878.3 MB  "collide:nn_last_partner"
[kp]    223.15s  dealloc      711.9 MB  Cuda     live     4166.3 MB  "collide:nn_last_partner"
[kp]    223.20s  alloc        711.9 MB  Cuda     live     4878.3 MB  "collide:nn_last_partner"
[kp]    223.20s  dealloc      711.9 MB  Cuda     live     4166.3 MB  "collide:nn_last_partner"
[kp]    223.25s  alloc        711.9 MB  Cuda     live     4878.3 MB  "collide:nn_last_partner"
[kp]    223.25s  dealloc      711.9 MB  Cuda     live     4166.3 MB  "collide:nn_last_partner"
[kp]    223.30s  alloc        711.9 MB  Cuda     live     4878.3 MB  "collide:nn_last_partner"
[kp]    223.30s  dealloc      711.9 MB  Cuda     live     4166.3 MB  "collide:nn_last_partner"
[kp]    223.35s  alloc        711.9 MB  Cuda     live     4878.3 MB  "collide:nn_last_partner"
[kp]    223.35s  dealloc      711.9 MB  Cuda     live     4166.3 MB  "collide:nn_last_partner"
[kp]    223.40s  alloc        711.9 MB  Cuda     live     4878.3 MB  "collide:nn_last_partner"
[kp]    223.40s  dealloc      711.9 MB  Cuda     live     4166.3 MB  "collide:nn_last_partner"
[kp]    223.44s  alloc        711.9 MB  Cuda     live     4878.3 MB  "collide:nn_last_partner"
[kp]    223.45s  dealloc      711.9 MB  Cuda     live     4166.3 MB  "collide:nn_last_partner"
[kp]    223.49s  alloc        711.9 MB  Cuda     live     4878.3 MB  "collide:nn_last_partner"
[kp]    223.50s  dealloc      711.9 MB  Cuda     live     4166.3 MB  "collide:nn_last_partner"
[kp]    223.54s  alloc        711.9 MB  Cuda     live     4878.3 MB  "collide:nn_last_partner"
[kp]    223.55s  dealloc      711.9 MB  Cuda     live     4166.3 MB  "collide:nn_last_partner"
[kp]    223.59s  alloc        711.9 MB  Cuda     live     4878.3 MB  "collide:nn_last_partner"
[kp]    223.60s  dealloc      711.9 MB  Cuda     live     4166.3 MB  "collide:nn_last_partner"
[kp]    223.64s  alloc        711.9 MB  Cuda     live     4878.3 MB  "collide:nn_last_partner"
[kp]    223.65s  dealloc      711.9 MB  Cuda     live     4166.3 MB  "collide:nn_last_partner"
[kp]    223.69s  alloc        711.9 MB  Cuda     live     4878.3 MB  "collide:nn_last_partner"
[kp]    223.70s  dealloc      711.9 MB  Cuda     live     4166.3 MB  "collide:nn_last_partner"
[kp]    223.74s  alloc        711.9 MB  Cuda     live     4878.3 MB  "collide:nn_last_partner"
[kp]    223.75s  dealloc      711.9 MB  Cuda     live     4166.3 MB  "collide:nn_last_partner"
[kp]    223.79s  alloc        711.9 MB  Cuda     live     4878.3 MB  "collide:nn_last_partner"
[kp]    223.80s  dealloc      711.9 MB  Cuda     live     4166.3 MB  "collide:nn_last_partner"
[kp]    223.84s  alloc        711.9 MB  Cuda     live     4878.3 MB  "collide:nn_last_partner"
[kp]    223.84s  dealloc      711.9 MB  Cuda     live     4166.3 MB  "collide:nn_last_partner"
[kp]    223.89s  alloc        711.9 MB  Cuda     live     4878.3 MB  "collide:nn_last_partner"
[kp]    223.89s  dealloc      711.9 MB  Cuda     live     4166.3 MB  "collide:nn_last_partner"
[kp]    223.94s  alloc        711.9 MB  Cuda     live     4878.3 MB  "collide:nn_last_partner"
[kp]    223.94s  dealloc      711.9 MB  Cuda     live     4166.3 MB  "collide:nn_last_partner"
[kp]    223.99s  alloc        711.9 MB  Cuda     live     4878.3 MB  "collide:nn_last_partner"
[kp]    223.99s  dealloc      711.9 MB  Cuda     live     4166.3 MB  "collide:nn_last_partner"
[kp]    224.04s  alloc        711.9 MB  Cuda     live     4878.3 MB  "collide:nn_last_partner"
[kp]    224.04s  dealloc      711.9 MB  Cuda     live     4166.3 MB  "collide:nn_last_partner"
[kp]    224.09s  alloc        711.9 MB  Cuda     live     4878.3 MB  "collide:nn_last_partner"
[kp]    224.09s  dealloc      711.9 MB  Cuda     live     4166.3 MB  "collide:nn_last_partner"
[kp]    224.14s  alloc        711.9 MB  Cuda     live     4878.3 MB  "collide:nn_last_partner"
[kp]    224.14s  dealloc      711.9 MB  Cuda     live     4166.3 MB  "collide:nn_last_partner"
[kp]    224.19s  alloc        711.9 MB  Cuda     live     4878.3 MB  "collide:nn_last_partner"
[kp]    224.19s  dealloc      711.9 MB  Cuda     live     4166.3 MB  "collide:nn_last_partner"
[kp]    224.24s  alloc        711.9 MB  Cuda     live     4878.3 MB  "collide:nn_last_partner"
[kp]    224.24s  dealloc      711.9 MB  Cuda     live     4166.3 MB  "collide:nn_last_partner"
[kp]    224.29s  alloc        711.9 MB  Cuda     live     4878.3 MB  "collide:nn_last_partner"
[kp]    224.29s  dealloc      711.9 MB  Cuda     live     4166.3 MB  "collide:nn_last_partner"
[kp]    224.34s  alloc        711.9 MB  Cuda     live     4878.3 MB  "collide:nn_last_partner"
[kp]    224.34s  dealloc      711.9 MB  Cuda     live     4166.3 MB  "collide:nn_last_partner"
[kp]    224.39s  alloc        711.9 MB  Cuda     live     4878.3 MB  "collide:nn_last_partner"
[kp]    224.39s  dealloc      711.9 MB  Cuda     live     4166.3 MB  "collide:nn_last_partner"
[kp]    224.44s  alloc        711.9 MB  Cuda     live     4878.3 MB  "collide:nn_last_partner"
[kp]    224.44s  dealloc      711.9 MB  Cuda     live     4166.3 MB  "collide:nn_last_partner"
[kp]    224.49s  alloc        711.9 MB  Cuda     live     4878.3 MB  "collide:nn_last_partner"
[kp]    224.49s  dealloc      711.9 MB  Cuda     live     4166.3 MB  "collide:nn_last_partner"
    3900    211.86492 5.8808582e-08    19.602861        3e-09 27379335   102273    52509        0        0    298.55158 
[kp]    224.65s  alloc        711.9 MB  Cuda     live     4878.3 MB  "collide:nn_last_partner"
[kp]    224.65s  dealloc      711.9 MB  Cuda     live     4166.3 MB  "collide:nn_last_partner"
[kp]    224.70s  alloc        711.9 MB  Cuda     live     4878.3 MB  "collide:nn_last_partner"
[kp]    224.70s  dealloc      711.9 MB  Cuda     live     4166.3 MB  "collide:nn_last_partner"
[kp]    224.75s  alloc        711.9 MB  Cuda     live     4878.3 MB  "collide:nn_last_partner"
[kp]    224.75s  dealloc      711.9 MB  Cuda     live     4166.3 MB  "collide:nn_last_partner"
[kp]    224.80s  alloc        711.9 MB  Cuda     live     4878.3 MB  "collide:nn_last_partner"
[kp]    224.80s  dealloc      711.9 MB  Cuda     live     4166.3 MB  "collide:nn_last_partner"
[kp]    224.85s  alloc        711.9 MB  Cuda     live     4878.3 MB  "collide:nn_last_partner"
[kp]    224.85s  dealloc      711.9 MB  Cuda     live     4166.3 MB  "collide:nn_last_partner"
[kp]    224.90s  alloc        711.9 MB  Cuda     live     4878.3 MB  "collide:nn_last_partner"
[kp]    224.90s  dealloc      711.9 MB  Cuda     live     4166.3 MB  "collide:nn_last_partner"
[kp]    224.95s  alloc        711.9 MB  Cuda     live     4878.3 MB  "collide:nn_last_partner"
[kp]    224.95s  dealloc      711.9 MB  Cuda     live     4166.3 MB  "collide:nn_last_partner"
[kp]    225.00s  alloc        711.9 MB  Cuda     live     4878.3 MB  "collide:nn_last_partner"
[kp]    225.00s  dealloc      711.9 MB  Cuda     live     4166.3 MB  "collide:nn_last_partner"
[kp]    225.05s  alloc        711.9 MB  Cuda     live     4878.3 MB  "collide:nn_last_partner"
[kp]    225.05s  dealloc      711.9 MB  Cuda     live     4166.3 MB  "collide:nn_last_partner"
[kp]    225.10s  alloc        711.9 MB  Cuda     live     4878.3 MB  "collide:nn_last_partner"
[kp]    225.10s  dealloc      711.9 MB  Cuda     live     4166.3 MB  "collide:nn_last_partner"
[kp]    225.15s  alloc        711.9 MB  Cuda     live     4878.3 MB  "collide:nn_last_partner"
[kp]    225.15s  dealloc      711.9 MB  Cuda     live     4166.3 MB  "collide:nn_last_partner"
[kp]    225.20s  alloc        711.9 MB  Cuda     live     4878.3 MB  "collide:nn_last_partner"
[kp]    225.20s  dealloc      711.9 MB  Cuda     live     4166.3 MB  "collide:nn_last_partner"
[kp]    225.25s  alloc        711.9 MB  Cuda     live     4878.3 MB  "collide:nn_last_partner"
[kp]    225.25s  dealloc      711.9 MB  Cuda     live     4166.3 MB  "collide:nn_last_partner"
[kp]    225.30s  alloc        711.9 MB  Cuda     live     4878.3 MB  "collide:nn_last_partner"
[kp]    225.30s  dealloc      711.9 MB  Cuda     live     4166.3 MB  "collide:nn_last_partner"
[kp]    225.35s  alloc        711.9 MB  Cuda     live     4878.3 MB  "collide:nn_last_partner"
[kp]    225.35s  dealloc      711.9 MB  Cuda     live     4166.3 MB  "collide:nn_last_partner"
[kp]    225.40s  alloc        711.9 MB  Cuda     live     4878.3 MB  "collide:nn_last_partner"
[kp]    225.40s  dealloc      711.9 MB  Cuda     live     4166.3 MB  "collide:nn_last_partner"
[kp]    225.45s  alloc        711.9 MB  Cuda     live     4878.3 MB  "collide:nn_last_partner"
[kp]    225.45s  dealloc      711.9 MB  Cuda     live     4166.3 MB  "collide:nn_last_partner"
[kp]    225.50s  alloc        711.9 MB  Cuda     live     4878.3 MB  "collide:nn_last_partner"
[kp]    225.50s  dealloc      711.9 MB  Cuda     live     4166.3 MB  "collide:nn_last_partner"
[kp]    225.55s  alloc        711.9 MB  Cuda     live     4878.3 MB  "collide:nn_last_partner"
[kp]    225.55s  dealloc      711.9 MB  Cuda     live     4166.3 MB  "collide:nn_last_partner"
[kp]    225.60s  alloc        711.9 MB  Cuda     live     4878.3 MB  "collide:nn_last_partner"
[kp]    225.60s  dealloc      711.9 MB  Cuda     live     4166.3 MB  "collide:nn_last_partner"
[kp]    225.65s  alloc        711.9 MB  Cuda     live     4878.3 MB  "collide:nn_last_partner"
[kp]    225.65s  dealloc      711.9 MB  Cuda     live     4166.3 MB  "collide:nn_last_partner"
[kp]    225.70s  alloc        711.9 MB  Cuda     live     4878.3 MB  "collide:nn_last_partner"
[kp]    225.70s  dealloc      711.9 MB  Cuda     live     4166.3 MB  "collide:nn_last_partner"
[kp]    225.75s  alloc        711.9 MB  Cuda     live     4878.3 MB  "collide:nn_last_partner"
[kp]    225.75s  dealloc      711.9 MB  Cuda     live     4166.3 MB  "collide:nn_last_partner"
[kp]    225.80s  alloc        711.9 MB  Cuda     live     4878.3 MB  "collide:nn_last_partner"
[kp]    225.80s  dealloc      711.9 MB  Cuda     live     4166.3 MB  "collide:nn_last_partner"
[kp]    225.85s  alloc        711.9 MB  Cuda     live     4878.3 MB  "collide:nn_last_partner"
[kp]    225.85s  dealloc      711.9 MB  Cuda     live     4166.3 MB  "collide:nn_last_partner"
[kp]    225.90s  alloc        711.9 MB  Cuda     live     4878.3 MB  "collide:nn_last_partner"
[kp]    225.90s  dealloc      711.9 MB  Cuda     live     4166.3 MB  "collide:nn_last_partner"
[kp]    225.95s  alloc        711.9 MB  Cuda     live     4878.3 MB  "collide:nn_last_partner"
[kp]    225.95s  dealloc      711.9 MB  Cuda     live     4166.3 MB  "collide:nn_last_partner"
[kp]    226.00s  alloc        711.9 MB  Cuda     live     4878.3 MB  "collide:nn_last_partner"
[kp]    226.00s  dealloc      711.9 MB  Cuda     live     4166.3 MB  "collide:nn_last_partner"
[kp]    226.05s  alloc        711.9 MB  Cuda     live     4878.3 MB  "collide:nn_last_partner"
[kp]    226.05s  dealloc      711.9 MB  Cuda     live     4166.3 MB  "collide:nn_last_partner"
[kp]    226.10s  alloc        711.9 MB  Cuda     live     4878.3 MB  "collide:nn_last_partner"
[kp]    226.10s  dealloc      711.9 MB  Cuda     live     4166.3 MB  "collide:nn_last_partner"
[kp]    226.15s  alloc        711.9 MB  Cuda     live     4878.3 MB  "collide:nn_last_partner"
[kp]    226.15s  dealloc      711.9 MB  Cuda     live     4166.3 MB  "collide:nn_last_partner"
[kp]    226.20s  alloc        711.9 MB  Cuda     live     4878.3 MB  "collide:nn_last_partner"
[kp]    226.20s  dealloc      711.9 MB  Cuda     live     4166.3 MB  "collide:nn_last_partner"
[kp]    226.25s  alloc        711.9 MB  Cuda     live     4878.3 MB  "collide:nn_last_partner"
[kp]    226.25s  dealloc      711.9 MB  Cuda     live     4166.3 MB  "collide:nn_last_partner"
[kp]    226.30s  alloc        711.9 MB  Cuda     live     4878.3 MB  "collide:nn_last_partner"
[kp]    226.30s  dealloc      711.9 MB  Cuda     live     4166.3 MB  "collide:nn_last_partner"
[kp]    226.35s  alloc        711.9 MB  Cuda     live     4878.3 MB  "collide:nn_last_partner"
[kp]    226.35s  dealloc      711.9 MB  Cuda     live     4166.3 MB  "collide:nn_last_partner"
[kp]    226.40s  alloc        711.9 MB  Cuda     live     4878.3 MB  "collide:nn_last_partner"
[kp]    226.40s  dealloc      711.9 MB  Cuda     live     4166.3 MB  "collide:nn_last_partner"
[kp]    226.45s  alloc        711.9 MB  Cuda     live     4878.3 MB  "collide:nn_last_partner"
[kp]    226.45s  dealloc      711.9 MB  Cuda     live     4166.3 MB  "collide:nn_last_partner"
[kp]    226.50s  alloc        711.9 MB  Cuda     live     4878.3 MB  "collide:nn_last_partner"
[kp]    226.50s  dealloc      711.9 MB  Cuda     live     4166.3 MB  "collide:nn_last_partner"
[kp]    226.55s  alloc        711.9 MB  Cuda     live     4878.3 MB  "collide:nn_last_partner"
[kp]    226.55s  dealloc      711.9 MB  Cuda     live     4166.3 MB  "collide:nn_last_partner"
[kp]    226.60s  alloc        711.9 MB  Cuda     live     4878.3 MB  "collide:nn_last_partner"
[kp]    226.60s  dealloc      711.9 MB  Cuda     live     4166.3 MB  "collide:nn_last_partner"
[kp]    226.65s  alloc        711.9 MB  Cuda     live     4878.3 MB  "collide:nn_last_partner"
[kp]    226.65s  dealloc      711.9 MB  Cuda     live     4166.3 MB  "collide:nn_last_partner"
[kp]    226.70s  alloc        711.9 MB  Cuda     live     4878.3 MB  "collide:nn_last_partner"
[kp]    226.70s  dealloc      711.9 MB  Cuda     live     4166.3 MB  "collide:nn_last_partner"
[kp]    226.75s  alloc        711.9 MB  Cuda     live     4878.3 MB  "collide:nn_last_partner"
[kp]    226.75s  dealloc      711.9 MB  Cuda     live     4166.3 MB  "collide:nn_last_partner"
[kp]    226.80s  alloc        711.9 MB  Cuda     live     4878.3 MB  "collide:nn_last_partner"
[kp]    226.80s  dealloc      711.9 MB  Cuda     live     4166.3 MB  "collide:nn_last_partner"
[kp]    226.85s  alloc        711.9 MB  Cuda     live     4878.3 MB  "collide:nn_last_partner"
[kp]    226.85s  dealloc      711.9 MB  Cuda     live     4166.3 MB  "collide:nn_last_partner"
[kp]    226.90s  alloc        711.9 MB  Cuda     live     4878.3 MB  "collide:nn_last_partner"
[kp]    226.90s  dealloc      711.9 MB  Cuda     live     4166.3 MB  "collide:nn_last_partner"
[kp]    226.95s  alloc        711.9 MB  Cuda     live     4878.3 MB  "collide:nn_last_partner"
[kp]    226.95s  dealloc      711.9 MB  Cuda     live     4166.3 MB  "collide:nn_last_partner"
[kp]    227.00s  alloc        711.9 MB  Cuda     live     4878.3 MB  "collide:nn_last_partner"
[kp]    227.00s  dealloc      711.9 MB  Cuda     live     4166.3 MB  "collide:nn_last_partner"
[kp]    227.05s  alloc        711.9 MB  Cuda     live     4878.3 MB  "collide:nn_last_partner"
[kp]    227.05s  dealloc      711.9 MB  Cuda     live     4166.3 MB  "collide:nn_last_partner"
[kp]    227.10s  alloc        711.9 MB  Cuda     live     4878.3 MB  "collide:nn_last_partner"
[kp]    227.10s  dealloc      711.9 MB  Cuda     live     4166.3 MB  "collide:nn_last_partner"
[kp]    227.15s  alloc        711.9 MB  Cuda     live     4878.3 MB  "collide:nn_last_partner"
[kp]    227.15s  dealloc      711.9 MB  Cuda     live     4166.3 MB  "collide:nn_last_partner"
[kp]    227.20s  alloc        711.9 MB  Cuda     live     4878.3 MB  "collide:nn_last_partner"
[kp]    227.20s  dealloc      711.9 MB  Cuda     live     4166.3 MB  "collide:nn_last_partner"
[kp]    227.25s  alloc        711.9 MB  Cuda     live     4878.3 MB  "collide:nn_last_partner"
[kp]    227.25s  dealloc      711.9 MB  Cuda     live     4166.3 MB  "collide:nn_last_partner"
[kp]    227.30s  alloc        711.9 MB  Cuda     live     4878.3 MB  "collide:nn_last_partner"
[kp]    227.30s  dealloc      711.9 MB  Cuda     live     4166.3 MB  "collide:nn_last_partner"
[kp]    227.35s  alloc        711.9 MB  Cuda     live     4878.3 MB  "collide:nn_last_partner"
[kp]    227.35s  dealloc      711.9 MB  Cuda     live     4166.3 MB  "collide:nn_last_partner"
[kp]    227.40s  alloc        711.9 MB  Cuda     live     4878.3 MB  "collide:nn_last_partner"
[kp]    227.40s  dealloc      711.9 MB  Cuda     live     4166.3 MB  "collide:nn_last_partner"
[kp]    227.45s  alloc        711.9 MB  Cuda     live     4878.3 MB  "collide:nn_last_partner"
[kp]    227.45s  dealloc      711.9 MB  Cuda     live     4166.3 MB  "collide:nn_last_partner"
[kp]    227.50s  alloc        711.9 MB  Cuda     live     4878.3 MB  "collide:nn_last_partner"
[kp]    227.50s  dealloc      711.9 MB  Cuda     live     4166.3 MB  "collide:nn_last_partner"
[kp]    227.55s  alloc        711.9 MB  Cuda     live     4878.3 MB  "collide:nn_last_partner"
[kp]    227.55s  dealloc      711.9 MB  Cuda     live     4166.3 MB  "collide:nn_last_partner"
[kp]    227.60s  alloc        711.9 MB  Cuda     live     4878.3 MB  "collide:nn_last_partner"
[kp]    227.60s  dealloc      711.9 MB  Cuda     live     4166.3 MB  "collide:nn_last_partner"
[kp]    227.65s  alloc        711.9 MB  Cuda     live     4878.3 MB  "collide:nn_last_partner"
[kp]    227.65s  dealloc      711.9 MB  Cuda     live     4166.3 MB  "collide:nn_last_partner"
[kp]    227.70s  alloc        711.9 MB  Cuda     live     4878.3 MB  "collide:nn_last_partner"
[kp]    227.70s  dealloc      711.9 MB  Cuda     live     4166.3 MB  "collide:nn_last_partner"
[kp]    227.75s  alloc        711.9 MB  Cuda     live     4878.3 MB  "collide:nn_last_partner"
[kp]    227.75s  dealloc      711.9 MB  Cuda     live     4166.3 MB  "collide:nn_last_partner"
[kp]    227.80s  alloc        711.9 MB  Cuda     live     4878.3 MB  "collide:nn_last_partner"
[kp]    227.80s  dealloc      711.9 MB  Cuda     live     4166.3 MB  "collide:nn_last_partner"
[kp]    227.85s  alloc        711.9 MB  Cuda     live     4878.3 MB  "collide:nn_last_partner"
[kp]    227.85s  dealloc      711.9 MB  Cuda     live     4166.3 MB  "collide:nn_last_partner"
[kp]    227.90s  alloc        711.9 MB  Cuda     live     4878.3 MB  "collide:nn_last_partner"
[kp]    227.90s  dealloc      711.9 MB  Cuda     live     4166.3 MB  "collide:nn_last_partner"
[kp]    227.95s  alloc        711.9 MB  Cuda     live     4878.3 MB  "collide:nn_last_partner"
[kp]    227.95s  dealloc      711.9 MB  Cuda     live     4166.3 MB  "collide:nn_last_partner"
[kp]    228.00s  alloc        711.9 MB  Cuda     live     4878.3 MB  "collide:nn_last_partner"
[kp]    228.00s  dealloc      711.9 MB  Cuda     live     4166.3 MB  "collide:nn_last_partner"
[kp]    228.05s  alloc        711.9 MB  Cuda     live     4878.3 MB  "collide:nn_last_partner"
[kp]    228.05s  dealloc      711.9 MB  Cuda     live     4166.3 MB  "collide:nn_last_partner"
[kp]    228.10s  alloc        711.9 MB  Cuda     live     4878.3 MB  "collide:nn_last_partner"
[kp]    228.10s  dealloc      711.9 MB  Cuda     live     4166.3 MB  "collide:nn_last_partner"
[kp]    228.14s  alloc        711.9 MB  Cuda     live     4878.3 MB  "collide:nn_last_partner"
[kp]    228.15s  dealloc      711.9 MB  Cuda     live     4166.3 MB  "collide:nn_last_partner"
[kp]    228.19s  alloc        711.9 MB  Cuda     live     4878.3 MB  "collide:nn_last_partner"
[kp]    228.20s  dealloc      711.9 MB  Cuda     live     4166.3 MB  "collide:nn_last_partner"
[kp]    228.24s  alloc        711.9 MB  Cuda     live     4878.3 MB  "collide:nn_last_partner"
[kp]    228.25s  dealloc      711.9 MB  Cuda     live     4166.3 MB  "collide:nn_last_partner"
[kp]    228.29s  alloc        711.9 MB  Cuda     live     4878.3 MB  "collide:nn_last_partner"
[kp]    228.30s  dealloc      711.9 MB  Cuda     live     4166.3 MB  "collide:nn_last_partner"
[kp]    228.34s  alloc        711.9 MB  Cuda     live     4878.3 MB  "collide:nn_last_partner"
[kp]    228.35s  dealloc      711.9 MB  Cuda     live     4166.3 MB  "collide:nn_last_partner"
[kp]    228.39s  alloc        711.9 MB  Cuda     live     4878.3 MB  "collide:nn_last_partner"
[kp]    228.40s  dealloc      711.9 MB  Cuda     live     4166.3 MB  "collide:nn_last_partner"
[kp]    228.44s  alloc        711.9 MB  Cuda     live     4878.3 MB  "collide:nn_last_partner"
[kp]    228.44s  dealloc      711.9 MB  Cuda     live     4166.3 MB  "collide:nn_last_partner"
[kp]    228.49s  alloc        711.9 MB  Cuda     live     4878.3 MB  "collide:nn_last_partner"
[kp]    228.49s  dealloc      711.9 MB  Cuda     live     4166.3 MB  "collide:nn_last_partner"
[kp]    228.54s  alloc        711.9 MB  Cuda     live     4878.3 MB  "collide:nn_last_partner"
[kp]    228.54s  dealloc      711.9 MB  Cuda     live     4166.3 MB  "collide:nn_last_partner"
[kp]    228.59s  alloc        711.9 MB  Cuda     live     4878.3 MB  "collide:nn_last_partner"
[kp]    228.59s  dealloc      711.9 MB  Cuda     live     4166.3 MB  "collide:nn_last_partner"
[kp]    228.64s  alloc        711.9 MB  Cuda     live     4878.3 MB  "collide:nn_last_partner"
[kp]    228.64s  dealloc      711.9 MB  Cuda     live     4166.3 MB  "collide:nn_last_partner"
[kp]    228.69s  alloc        711.9 MB  Cuda     live     4878.3 MB  "collide:nn_last_partner"
[kp]    228.69s  dealloc      711.9 MB  Cuda     live     4166.3 MB  "collide:nn_last_partner"
[kp]    228.74s  alloc        711.9 MB  Cuda     live     4878.3 MB  "collide:nn_last_partner"
[kp]    228.74s  dealloc      711.9 MB  Cuda     live     4166.3 MB  "collide:nn_last_partner"
[kp]    228.79s  alloc        711.9 MB  Cuda     live     4878.3 MB  "collide:nn_last_partner"
[kp]    228.79s  dealloc      711.9 MB  Cuda     live     4166.3 MB  "collide:nn_last_partner"
[kp]    228.84s  alloc        711.9 MB  Cuda     live     4878.3 MB  "collide:nn_last_partner"
[kp]    228.84s  dealloc      711.9 MB  Cuda     live     4166.3 MB  "collide:nn_last_partner"
[kp]    228.89s  alloc        711.9 MB  Cuda     live     4878.3 MB  "collide:nn_last_partner"
[kp]    228.89s  dealloc      711.9 MB  Cuda     live     4166.3 MB  "collide:nn_last_partner"
[kp]    228.94s  alloc        711.9 MB  Cuda     live     4878.3 MB  "collide:nn_last_partner"
[kp]    228.94s  dealloc      711.9 MB  Cuda     live     4166.3 MB  "collide:nn_last_partner"
[kp]    228.99s  alloc        711.9 MB  Cuda     live     4878.3 MB  "collide:nn_last_partner"
[kp]    228.99s  dealloc      711.9 MB  Cuda     live     4166.3 MB  "collide:nn_last_partner"
[kp]    229.04s  alloc        711.9 MB  Cuda     live     4878.3 MB  "collide:nn_last_partner"
[kp]    229.04s  dealloc      711.9 MB  Cuda     live     4166.3 MB  "collide:nn_last_partner"
[kp]    229.09s  alloc        711.9 MB  Cuda     live     4878.3 MB  "collide:nn_last_partner"
[kp]    229.09s  dealloc      711.9 MB  Cuda     live     4166.3 MB  "collide:nn_last_partner"
[kp]    229.14s  alloc        711.9 MB  Cuda     live     4878.3 MB  "collide:nn_last_partner"
[kp]    229.14s  dealloc      711.9 MB  Cuda     live     4166.3 MB  "collide:nn_last_partner"
[kp]    229.19s  alloc        711.9 MB  Cuda     live     4878.3 MB  "collide:nn_last_partner"
[kp]    229.19s  dealloc      711.9 MB  Cuda     live     4166.3 MB  "collide:nn_last_partner"
[kp]    229.24s  alloc        711.9 MB  Cuda     live     4878.3 MB  "collide:nn_last_partner"
[kp]    229.24s  dealloc      711.9 MB  Cuda     live     4166.3 MB  "collide:nn_last_partner"
[kp]    229.29s  alloc        711.9 MB  Cuda     live     4878.3 MB  "collide:nn_last_partner"
[kp]    229.29s  dealloc      711.9 MB  Cuda     live     4166.3 MB  "collide:nn_last_partner"
[kp]    229.34s  alloc        711.9 MB  Cuda     live     4878.3 MB  "collide:nn_last_partner"
[kp]    229.34s  dealloc      711.9 MB  Cuda     live     4166.3 MB  "collide:nn_last_partner"
[kp]    229.39s  alloc        711.9 MB  Cuda     live     4878.3 MB  "collide:nn_last_partner"
[kp]    229.39s  dealloc      711.9 MB  Cuda     live     4166.3 MB  "collide:nn_last_partner"
[kp]    229.44s  alloc        711.9 MB  Cuda     live     4878.3 MB  "collide:nn_last_partner"
[kp]    229.44s  dealloc      711.9 MB  Cuda     live     4166.3 MB  "collide:nn_last_partner"
[kp]    229.49s  alloc        711.9 MB  Cuda     live     4878.3 MB  "collide:nn_last_partner"
[kp]    229.49s  dealloc      711.9 MB  Cuda     live     4166.3 MB  "collide:nn_last_partner"
[kp]    229.54s  alloc        711.9 MB  Cuda     live     4878.3 MB  "collide:nn_last_partner"
[kp]    229.54s  dealloc      711.9 MB  Cuda     live     4166.3 MB  "collide:nn_last_partner"
[kp]    229.59s  alloc        711.9 MB  Cuda     live     4878.3 MB  "collide:nn_last_partner"
[kp]    229.59s  dealloc      711.9 MB  Cuda     live     4166.3 MB  "collide:nn_last_partner"
    4000    216.96304 5.8845296e-08    19.615099        3e-09 27359758   102291    52266        0        0    298.62108 
[kp]    229.75s  alloc        711.9 MB  Cuda     live     4878.3 MB  "collide:nn_last_partner"
[kp]    229.75s  dealloc      711.9 MB  Cuda     live     4166.3 MB  "collide:nn_last_partner"
[kp]    229.80s  alloc        711.9 MB  Cuda     live     4878.3 MB  "collide:nn_last_partner"
[kp]    229.80s  dealloc      711.9 MB  Cuda     live     4166.3 MB  "collide:nn_last_partner"
[kp]    229.85s  alloc        711.9 MB  Cuda     live     4878.3 MB  "collide:nn_last_partner"
[kp]    229.85s  dealloc      711.9 MB  Cuda     live     4166.3 MB  "collide:nn_last_partner"
[kp]    229.90s  alloc        711.9 MB  Cuda     live     4878.3 MB  "collide:nn_last_partner"
[kp]    229.90s  dealloc      711.9 MB  Cuda     live     4166.3 MB  "collide:nn_last_partner"
[kp]    229.95s  alloc        711.9 MB  Cuda     live     4878.3 MB  "collide:nn_last_partner"
[kp]    229.95s  dealloc      711.9 MB  Cuda     live     4166.3 MB  "collide:nn_last_partner"
[kp]    230.00s  alloc        711.9 MB  Cuda     live     4878.3 MB  "collide:nn_last_partner"
[kp]    230.00s  dealloc      711.9 MB  Cuda     live     4166.3 MB  "collide:nn_last_partner"
[kp]    230.05s  alloc        711.9 MB  Cuda     live     4878.3 MB  "collide:nn_last_partner"
[kp]    230.05s  dealloc      711.9 MB  Cuda     live     4166.3 MB  "collide:nn_last_partner"
[kp]    230.10s  alloc        711.9 MB  Cuda     live     4878.3 MB  "collide:nn_last_partner"
[kp]    230.10s  dealloc      711.9 MB  Cuda     live     4166.3 MB  "collide:nn_last_partner"
[kp]    230.15s  alloc        711.9 MB  Cuda     live     4878.3 MB  "collide:nn_last_partner"
[kp]    230.15s  dealloc      711.9 MB  Cuda     live     4166.3 MB  "collide:nn_last_partner"
[kp]    230.20s  alloc        711.9 MB  Cuda     live     4878.3 MB  "collide:nn_last_partner"
[kp]    230.20s  dealloc      711.9 MB  Cuda     live     4166.3 MB  "collide:nn_last_partner"
[kp]    230.25s  alloc        711.9 MB  Cuda     live     4878.3 MB  "collide:nn_last_partner"
[kp]    230.25s  dealloc      711.9 MB  Cuda     live     4166.3 MB  "collide:nn_last_partner"
[kp]    230.30s  alloc        711.9 MB  Cuda     live     4878.3 MB  "collide:nn_last_partner"
[kp]    230.30s  dealloc      711.9 MB  Cuda     live     4166.3 MB  "collide:nn_last_partner"
[kp]    230.35s  alloc        711.9 MB  Cuda     live     4878.3 MB  "collide:nn_last_partner"
[kp]    230.35s  dealloc      711.9 MB  Cuda     live     4166.3 MB  "collide:nn_last_partner"
[kp]    230.40s  alloc        711.9 MB  Cuda     live     4878.3 MB  "collide:nn_last_partner"
[kp]    230.40s  dealloc      711.9 MB  Cuda     live     4166.3 MB  "collide:nn_last_partner"
[kp]    230.45s  alloc        711.9 MB  Cuda     live     4878.3 MB  "collide:nn_last_partner"
[kp]    230.45s  dealloc      711.9 MB  Cuda     live     4166.3 MB  "collide:nn_last_partner"
[kp]    230.50s  alloc        711.9 MB  Cuda     live     4878.3 MB  "collide:nn_last_partner"
[kp]    230.50s  dealloc      711.9 MB  Cuda     live     4166.3 MB  "collide:nn_last_partner"
[kp]    230.55s  alloc        711.9 MB  Cuda     live     4878.3 MB  "collide:nn_last_partner"
[kp]    230.55s  dealloc      711.9 MB  Cuda     live     4166.3 MB  "collide:nn_last_partner"
[kp]    230.60s  alloc        711.9 MB  Cuda     live     4878.3 MB  "collide:nn_last_partner"
[kp]    230.60s  dealloc      711.9 MB  Cuda     live     4166.3 MB  "collide:nn_last_partner"
[kp]    230.65s  alloc        711.9 MB  Cuda     live     4878.3 MB  "collide:nn_last_partner"
[kp]    230.65s  dealloc      711.9 MB  Cuda     live     4166.3 MB  "collide:nn_last_partner"
[kp]    230.70s  alloc        711.9 MB  Cuda     live     4878.3 MB  "collide:nn_last_partner"
[kp]    230.70s  dealloc      711.9 MB  Cuda     live     4166.3 MB  "collide:nn_last_partner"
[kp]    230.75s  alloc        711.9 MB  Cuda     live     4878.3 MB  "collide:nn_last_partner"
[kp]    230.75s  dealloc      711.9 MB  Cuda     live     4166.3 MB  "collide:nn_last_partner"
[kp]    230.80s  alloc        711.9 MB  Cuda     live     4878.3 MB  "collide:nn_last_partner"
[kp]    230.80s  dealloc      711.9 MB  Cuda     live     4166.3 MB  "collide:nn_last_partner"
[kp]    230.85s  alloc        711.9 MB  Cuda     live     4878.3 MB  "collide:nn_last_partner"
[kp]    230.85s  dealloc      711.9 MB  Cuda     live     4166.3 MB  "collide:nn_last_partner"
[kp]    230.90s  alloc        711.9 MB  Cuda     live     4878.3 MB  "collide:nn_last_partner"
[kp]    230.90s  dealloc      711.9 MB  Cuda     live     4166.3 MB  "collide:nn_last_partner"
[kp]    230.95s  alloc        711.9 MB  Cuda     live     4878.3 MB  "collide:nn_last_partner"
[kp]    230.95s  dealloc      711.9 MB  Cuda     live     4166.3 MB  "collide:nn_last_partner"
[kp]    231.00s  alloc        711.9 MB  Cuda     live     4878.3 MB  "collide:nn_last_partner"
[kp]    231.00s  dealloc      711.9 MB  Cuda     live     4166.3 MB  "collide:nn_last_partner"
[kp]    231.05s  alloc        711.9 MB  Cuda     live     4878.3 MB  "collide:nn_last_partner"
[kp]    231.05s  dealloc      711.9 MB  Cuda     live     4166.3 MB  "collide:nn_last_partner"
[kp]    231.10s  alloc        711.9 MB  Cuda     live     4878.3 MB  "collide:nn_last_partner"
[kp]    231.10s  dealloc      711.9 MB  Cuda     live     4166.3 MB  "collide:nn_last_partner"
[kp]    231.15s  alloc        711.9 MB  Cuda     live     4878.3 MB  "collide:nn_last_partner"
[kp]    231.15s  dealloc      711.9 MB  Cuda     live     4166.3 MB  "collide:nn_last_partner"
[kp]    231.20s  alloc        711.9 MB  Cuda     live     4878.3 MB  "collide:nn_last_partner"
[kp]    231.20s  dealloc      711.9 MB  Cuda     live     4166.3 MB  "collide:nn_last_partner"
[kp]    231.25s  alloc        711.9 MB  Cuda     live     4878.3 MB  "collide:nn_last_partner"
[kp]    231.25s  dealloc      711.9 MB  Cuda     live     4166.3 MB  "collide:nn_last_partner"
[kp]    231.30s  alloc        711.9 MB  Cuda     live     4878.3 MB  "collide:nn_last_partner"
[kp]    231.30s  dealloc      711.9 MB  Cuda     live     4166.3 MB  "collide:nn_last_partner"
[kp]    231.35s  alloc        711.9 MB  Cuda     live     4878.3 MB  "collide:nn_last_partner"
[kp]    231.35s  dealloc      711.9 MB  Cuda     live     4166.3 MB  "collide:nn_last_partner"
[kp]    231.40s  alloc        711.9 MB  Cuda     live     4878.3 MB  "collide:nn_last_partner"
[kp]    231.40s  dealloc      711.9 MB  Cuda     live     4166.3 MB  "collide:nn_last_partner"
[kp]    231.45s  alloc        711.9 MB  Cuda     live     4878.3 MB  "collide:nn_last_partner"
[kp]    231.45s  dealloc      711.9 MB  Cuda     live     4166.3 MB  "collide:nn_last_partner"
[kp]    231.50s  alloc        711.9 MB  Cuda     live     4878.3 MB  "collide:nn_last_partner"
[kp]    231.50s  dealloc      711.9 MB  Cuda     live     4166.3 MB  "collide:nn_last_partner"
[kp]    231.55s  alloc        711.9 MB  Cuda     live     4878.3 MB  "collide:nn_last_partner"
[kp]    231.55s  dealloc      711.9 MB  Cuda     live     4166.3 MB  "collide:nn_last_partner"
[kp]    231.60s  alloc        711.9 MB  Cuda     live     4878.3 MB  "collide:nn_last_partner"
[kp]    231.60s  dealloc      711.9 MB  Cuda     live     4166.3 MB  "collide:nn_last_partner"
[kp]    231.65s  alloc        711.9 MB  Cuda     live     4878.3 MB  "collide:nn_last_partner"
[kp]    231.65s  dealloc      711.9 MB  Cuda     live     4166.3 MB  "collide:nn_last_partner"
[kp]    231.70s  alloc        711.9 MB  Cuda     live     4878.3 MB  "collide:nn_last_partner"
[kp]    231.70s  dealloc      711.9 MB  Cuda     live     4166.3 MB  "collide:nn_last_partner"
[kp]    231.75s  alloc        711.9 MB  Cuda     live     4878.3 MB  "collide:nn_last_partner"
[kp]    231.75s  dealloc      711.9 MB  Cuda     live     4166.3 MB  "collide:nn_last_partner"
[kp]    231.80s  alloc        711.9 MB  Cuda     live     4878.3 MB  "collide:nn_last_partner"
[kp]    231.80s  dealloc      711.9 MB  Cuda     live     4166.3 MB  "collide:nn_last_partner"
[kp]    231.85s  alloc        711.9 MB  Cuda     live     4878.3 MB  "collide:nn_last_partner"
[kp]    231.85s  dealloc      711.9 MB  Cuda     live     4166.3 MB  "collide:nn_last_partner"
[kp]    231.89s  alloc        711.9 MB  Cuda     live     4878.3 MB  "collide:nn_last_partner"
[kp]    231.90s  dealloc      711.9 MB  Cuda     live     4166.3 MB  "collide:nn_last_partner"
[kp]    231.94s  alloc        711.9 MB  Cuda     live     4878.3 MB  "collide:nn_last_partner"
[kp]    231.95s  dealloc      711.9 MB  Cuda     live     4166.3 MB  "collide:nn_last_partner"
[kp]    231.99s  alloc        711.9 MB  Cuda     live     4878.3 MB  "collide:nn_last_partner"
[kp]    232.00s  dealloc      711.9 MB  Cuda     live     4166.3 MB  "collide:nn_last_partner"
[kp]    232.04s  alloc        711.9 MB  Cuda     live     4878.3 MB  "collide:nn_last_partner"
[kp]    232.04s  dealloc      711.9 MB  Cuda     live     4166.3 MB  "collide:nn_last_partner"
[kp]    232.09s  alloc        711.9 MB  Cuda     live     4878.3 MB  "collide:nn_last_partner"
[kp]    232.09s  dealloc      711.9 MB  Cuda     live     4166.3 MB  "collide:nn_last_partner"
[kp]    232.14s  alloc        711.9 MB  Cuda     live     4878.3 MB  "collide:nn_last_partner"
[kp]    232.14s  dealloc      711.9 MB  Cuda     live     4166.3 MB  "collide:nn_last_partner"
[kp]    232.19s  alloc        711.9 MB  Cuda     live     4878.3 MB  "collide:nn_last_partner"
[kp]    232.20s  dealloc      711.9 MB  Cuda     live     4166.3 MB  "collide:nn_last_partner"
[kp]    232.24s  alloc        711.9 MB  Cuda     live     4878.3 MB  "collide:nn_last_partner"
[kp]    232.24s  dealloc      711.9 MB  Cuda     live     4166.3 MB  "collide:nn_last_partner"
[kp]    232.29s  alloc        711.9 MB  Cuda     live     4878.3 MB  "collide:nn_last_partner"
[kp]    232.29s  dealloc      711.9 MB  Cuda     live     4166.3 MB  "collide:nn_last_partner"
[kp]    232.34s  alloc        711.9 MB  Cuda     live     4878.3 MB  "collide:nn_last_partner"
[kp]    232.34s  dealloc      711.9 MB  Cuda     live     4166.3 MB  "collide:nn_last_partner"
[kp]    232.39s  alloc        711.9 MB  Cuda     live     4878.3 MB  "collide:nn_last_partner"
[kp]    232.39s  dealloc      711.9 MB  Cuda     live     4166.3 MB  "collide:nn_last_partner"
[kp]    232.44s  alloc        711.9 MB  Cuda     live     4878.3 MB  "collide:nn_last_partner"
[kp]    232.44s  dealloc      711.9 MB  Cuda     live     4166.3 MB  "collide:nn_last_partner"
[kp]    232.49s  alloc        711.9 MB  Cuda     live     4878.3 MB  "collide:nn_last_partner"
[kp]    232.49s  dealloc      711.9 MB  Cuda     live     4166.3 MB  "collide:nn_last_partner"
[kp]    232.54s  alloc        711.9 MB  Cuda     live     4878.3 MB  "collide:nn_last_partner"
[kp]    232.54s  dealloc      711.9 MB  Cuda     live     4166.3 MB  "collide:nn_last_partner"
[kp]    232.59s  alloc        711.9 MB  Cuda     live     4878.3 MB  "collide:nn_last_partner"
[kp]    232.59s  dealloc      711.9 MB  Cuda     live     4166.3 MB  "collide:nn_last_partner"
[kp]    232.64s  alloc        711.9 MB  Cuda     live     4878.3 MB  "collide:nn_last_partner"
[kp]    232.64s  dealloc      711.9 MB  Cuda     live     4166.3 MB  "collide:nn_last_partner"
[kp]    232.69s  alloc        711.9 MB  Cuda     live     4878.3 MB  "collide:nn_last_partner"
[kp]    232.69s  dealloc      711.9 MB  Cuda     live     4166.3 MB  "collide:nn_last_partner"
[kp]    232.74s  alloc        711.9 MB  Cuda     live     4878.3 MB  "collide:nn_last_partner"
[kp]    232.74s  dealloc      711.9 MB  Cuda     live     4166.3 MB  "collide:nn_last_partner"
[kp]    232.79s  alloc        711.9 MB  Cuda     live     4878.3 MB  "collide:nn_last_partner"
[kp]    232.79s  dealloc      711.9 MB  Cuda     live     4166.3 MB  "collide:nn_last_partner"
[kp]    232.84s  alloc        711.9 MB  Cuda     live     4878.3 MB  "collide:nn_last_partner"
[kp]    232.84s  dealloc      711.9 MB  Cuda     live     4166.3 MB  "collide:nn_last_partner"
[kp]    232.89s  alloc        711.9 MB  Cuda     live     4878.3 MB  "collide:nn_last_partner"
[kp]    232.89s  dealloc      711.9 MB  Cuda     live     4166.3 MB  "collide:nn_last_partner"
[kp]    232.94s  alloc        711.9 MB  Cuda     live     4878.3 MB  "collide:nn_last_partner"
[kp]    232.94s  dealloc      711.9 MB  Cuda     live     4166.3 MB  "collide:nn_last_partner"
[kp]    232.99s  alloc        711.9 MB  Cuda     live     4878.3 MB  "collide:nn_last_partner"
[kp]    232.99s  dealloc      711.9 MB  Cuda     live     4166.3 MB  "collide:nn_last_partner"
[kp]    233.04s  alloc        711.9 MB  Cuda     live     4878.3 MB  "collide:nn_last_partner"
[kp]    233.04s  dealloc      711.9 MB  Cuda     live     4166.3 MB  "collide:nn_last_partner"
[kp]    233.09s  alloc        711.9 MB  Cuda     live     4878.3 MB  "collide:nn_last_partner"
[kp]    233.09s  dealloc      711.9 MB  Cuda     live     4166.3 MB  "collide:nn_last_partner"
[kp]    233.14s  alloc        711.9 MB  Cuda     live     4878.3 MB  "collide:nn_last_partner"
[kp]    233.14s  dealloc      711.9 MB  Cuda     live     4166.3 MB  "collide:nn_last_partner"
[kp]    233.19s  alloc        711.9 MB  Cuda     live     4878.3 MB  "collide:nn_last_partner"
[kp]    233.19s  dealloc      711.9 MB  Cuda     live     4166.3 MB  "collide:nn_last_partner"
[kp]    233.24s  alloc        711.9 MB  Cuda     live     4878.3 MB  "collide:nn_last_partner"
[kp]    233.24s  dealloc      711.9 MB  Cuda     live     4166.3 MB  "collide:nn_last_partner"
[kp]    233.29s  alloc        711.9 MB  Cuda     live     4878.3 MB  "collide:nn_last_partner"
[kp]    233.29s  dealloc      711.9 MB  Cuda     live     4166.3 MB  "collide:nn_last_partner"
[kp]    233.34s  alloc        711.9 MB  Cuda     live     4878.3 MB  "collide:nn_last_partner"
[kp]    233.34s  dealloc      711.9 MB  Cuda     live     4166.3 MB  "collide:nn_last_partner"
[kp]    233.39s  alloc        711.9 MB  Cuda     live     4878.3 MB  "collide:nn_last_partner"
[kp]    233.39s  dealloc      711.9 MB  Cuda     live     4166.3 MB  "collide:nn_last_partner"
[kp]    233.44s  alloc        711.9 MB  Cuda     live     4878.3 MB  "collide:nn_last_partner"
[kp]    233.44s  dealloc      711.9 MB  Cuda     live     4166.3 MB  "collide:nn_last_partner"
[kp]    233.49s  alloc        711.9 MB  Cuda     live     4878.3 MB  "collide:nn_last_partner"
[kp]    233.49s  dealloc      711.9 MB  Cuda     live     4166.3 MB  "collide:nn_last_partner"
[kp]    233.54s  alloc        711.9 MB  Cuda     live     4878.3 MB  "collide:nn_last_partner"
[kp]    233.54s  dealloc      711.9 MB  Cuda     live     4166.3 MB  "collide:nn_last_partner"
[kp]    233.59s  alloc        711.9 MB  Cuda     live     4878.3 MB  "collide:nn_last_partner"
[kp]    233.59s  dealloc      711.9 MB  Cuda     live     4166.3 MB  "collide:nn_last_partner"
[kp]    233.64s  alloc        711.9 MB  Cuda     live     4878.3 MB  "collide:nn_last_partner"
[kp]    233.64s  dealloc      711.9 MB  Cuda     live     4166.3 MB  "collide:nn_last_partner"
[kp]    233.69s  alloc        711.9 MB  Cuda     live     4878.3 MB  "collide:nn_last_partner"
[kp]    233.69s  dealloc      711.9 MB  Cuda     live     4166.3 MB  "collide:nn_last_partner"
[kp]    233.74s  alloc        711.9 MB  Cuda     live     4878.3 MB  "collide:nn_last_partner"
[kp]    233.74s  dealloc      711.9 MB  Cuda     live     4166.3 MB  "collide:nn_last_partner"
[kp]    233.79s  alloc        711.9 MB  Cuda     live     4878.3 MB  "collide:nn_last_partner"
[kp]    233.79s  dealloc      711.9 MB  Cuda     live     4166.3 MB  "collide:nn_last_partner"
[kp]    233.84s  alloc        711.9 MB  Cuda     live     4878.3 MB  "collide:nn_last_partner"
[kp]    233.84s  dealloc      711.9 MB  Cuda     live     4166.3 MB  "collide:nn_last_partner"
[kp]    233.89s  alloc        711.9 MB  Cuda     live     4878.3 MB  "collide:nn_last_partner"
[kp]    233.89s  dealloc      711.9 MB  Cuda     live     4166.3 MB  "collide:nn_last_partner"
[kp]    233.94s  alloc        711.9 MB  Cuda     live     4878.3 MB  "collide:nn_last_partner"
[kp]    233.94s  dealloc      711.9 MB  Cuda     live     4166.3 MB  "collide:nn_last_partner"
[kp]    233.99s  alloc        711.9 MB  Cuda     live     4878.3 MB  "collide:nn_last_partner"
[kp]    233.99s  dealloc      711.9 MB  Cuda     live     4166.3 MB  "collide:nn_last_partner"
[kp]    234.04s  alloc        711.9 MB  Cuda     live     4878.3 MB  "collide:nn_last_partner"
[kp]    234.04s  dealloc      711.9 MB  Cuda     live     4166.3 MB  "collide:nn_last_partner"
[kp]    234.09s  alloc        711.9 MB  Cuda     live     4878.3 MB  "collide:nn_last_partner"
[kp]    234.09s  dealloc      711.9 MB  Cuda     live     4166.3 MB  "collide:nn_last_partner"
[kp]    234.14s  alloc        711.9 MB  Cuda     live     4878.3 MB  "collide:nn_last_partner"
[kp]    234.14s  dealloc      711.9 MB  Cuda     live     4166.3 MB  "collide:nn_last_partner"
[kp]    234.19s  alloc        711.9 MB  Cuda     live     4878.3 MB  "collide:nn_last_partner"
[kp]    234.19s  dealloc      711.9 MB  Cuda     live     4166.3 MB  "collide:nn_last_partner"
[kp]    234.24s  alloc        711.9 MB  Cuda     live     4878.3 MB  "collide:nn_last_partner"
[kp]    234.24s  dealloc      711.9 MB  Cuda     live     4166.3 MB  "collide:nn_last_partner"
[kp]    234.29s  alloc        711.9 MB  Cuda     live     4878.3 MB  "collide:nn_last_partner"
[kp]    234.29s  dealloc      711.9 MB  Cuda     live     4166.3 MB  "collide:nn_last_partner"
[kp]    234.34s  alloc        711.9 MB  Cuda     live     4878.3 MB  "collide:nn_last_partner"
[kp]    234.34s  dealloc      711.9 MB  Cuda     live     4166.3 MB  "collide:nn_last_partner"
[kp]    234.39s  alloc        711.9 MB  Cuda     live     4878.3 MB  "collide:nn_last_partner"
[kp]    234.39s  dealloc      711.9 MB  Cuda     live     4166.3 MB  "collide:nn_last_partner"
[kp]    234.44s  alloc        711.9 MB  Cuda     live     4878.3 MB  "collide:nn_last_partner"
[kp]    234.44s  dealloc      711.9 MB  Cuda     live     4166.3 MB  "collide:nn_last_partner"
[kp]    234.49s  alloc        711.9 MB  Cuda     live     4878.3 MB  "collide:nn_last_partner"
[kp]    234.49s  dealloc      711.9 MB  Cuda     live     4166.3 MB  "collide:nn_last_partner"
[kp]    234.54s  alloc        711.9 MB  Cuda     live     4878.3 MB  "collide:nn_last_partner"
[kp]    234.54s  dealloc      711.9 MB  Cuda     live     4166.3 MB  "collide:nn_last_partner"
[kp]    234.59s  alloc        711.9 MB  Cuda     live     4878.3 MB  "collide:nn_last_partner"
[kp]    234.59s  dealloc      711.9 MB  Cuda     live     4166.3 MB  "collide:nn_last_partner"
[kp]    234.64s  alloc        711.9 MB  Cuda     live     4878.3 MB  "collide:nn_last_partner"
[kp]    234.64s  dealloc      711.9 MB  Cuda     live     4166.3 MB  "collide:nn_last_partner"
[kp]    234.69s  alloc        711.9 MB  Cuda     live     4878.3 MB  "collide:nn_last_partner"
[kp]    234.69s  dealloc      711.9 MB  Cuda     live     4166.3 MB  "collide:nn_last_partner"
    4100     222.0583 5.8878284e-08    19.626095        3e-09 27340055   101895    51945        0        0    298.69864 
[kp]    234.85s  alloc        711.9 MB  Cuda     live     4878.3 MB  "collide:nn_last_partner"
[kp]    234.85s  dealloc      711.9 MB  Cuda     live     4166.3 MB  "collide:nn_last_partner"
[kp]    234.90s  alloc        711.9 MB  Cuda     live     4878.3 MB  "collide:nn_last_partner"
[kp]    234.90s  dealloc      711.9 MB  Cuda     live     4166.3 MB  "collide:nn_last_partner"
[kp]    234.95s  alloc        711.9 MB  Cuda     live     4878.3 MB  "collide:nn_last_partner"
[kp]    234.95s  dealloc      711.9 MB  Cuda     live     4166.3 MB  "collide:nn_last_partner"
[kp]    235.00s  alloc        711.9 MB  Cuda     live     4878.3 MB  "collide:nn_last_partner"
[kp]    235.00s  dealloc      711.9 MB  Cuda     live     4166.3 MB  "collide:nn_last_partner"
[kp]    235.05s  alloc        711.9 MB  Cuda     live     4878.3 MB  "collide:nn_last_partner"
[kp]    235.05s  dealloc      711.9 MB  Cuda     live     4166.3 MB  "collide:nn_last_partner"
[kp]    235.10s  alloc        711.9 MB  Cuda     live     4878.3 MB  "collide:nn_last_partner"
[kp]    235.10s  dealloc      711.9 MB  Cuda     live     4166.3 MB  "collide:nn_last_partner"
[kp]    235.15s  alloc        711.9 MB  Cuda     live     4878.3 MB  "collide:nn_last_partner"
[kp]    235.15s  dealloc      711.9 MB  Cuda     live     4166.3 MB  "collide:nn_last_partner"
[kp]    235.19s  alloc        711.9 MB  Cuda     live     4878.3 MB  "collide:nn_last_partner"
[kp]    235.20s  dealloc      711.9 MB  Cuda     live     4166.3 MB  "collide:nn_last_partner"
[kp]    235.24s  alloc        711.9 MB  Cuda     live     4878.3 MB  "collide:nn_last_partner"
[kp]    235.25s  dealloc      711.9 MB  Cuda     live     4166.3 MB  "collide:nn_last_partner"
[kp]    235.29s  alloc        711.9 MB  Cuda     live     4878.3 MB  "collide:nn_last_partner"
[kp]    235.30s  dealloc      711.9 MB  Cuda     live     4166.3 MB  "collide:nn_last_partner"
[kp]    235.34s  alloc        711.9 MB  Cuda     live     4878.3 MB  "collide:nn_last_partner"
[kp]    235.35s  dealloc      711.9 MB  Cuda     live     4166.3 MB  "collide:nn_last_partner"
[kp]    235.39s  alloc        711.9 MB  Cuda     live     4878.3 MB  "collide:nn_last_partner"
[kp]    235.39s  dealloc      711.9 MB  Cuda     live     4166.3 MB  "collide:nn_last_partner"
[kp]    235.44s  alloc        711.9 MB  Cuda     live     4878.3 MB  "collide:nn_last_partner"
[kp]    235.44s  dealloc      711.9 MB  Cuda     live     4166.3 MB  "collide:nn_last_partner"
[kp]    235.49s  alloc        711.9 MB  Cuda     live     4878.3 MB  "collide:nn_last_partner"
[kp]    235.49s  dealloc      711.9 MB  Cuda     live     4166.3 MB  "collide:nn_last_partner"
[kp]    235.54s  alloc        711.9 MB  Cuda     live     4878.3 MB  "collide:nn_last_partner"
[kp]    235.54s  dealloc      711.9 MB  Cuda     live     4166.3 MB  "collide:nn_last_partner"
[kp]    235.59s  alloc        711.9 MB  Cuda     live     4878.3 MB  "collide:nn_last_partner"
[kp]    235.59s  dealloc      711.9 MB  Cuda     live     4166.3 MB  "collide:nn_last_partner"
[kp]    235.64s  alloc        711.9 MB  Cuda     live     4878.3 MB  "collide:nn_last_partner"
[kp]    235.64s  dealloc      711.9 MB  Cuda     live     4166.3 MB  "collide:nn_last_partner"
[kp]    235.69s  alloc        711.9 MB  Cuda     live     4878.3 MB  "collide:nn_last_partner"
[kp]    235.69s  dealloc      711.9 MB  Cuda     live     4166.3 MB  "collide:nn_last_partner"
[kp]    235.74s  alloc        711.9 MB  Cuda     live     4878.3 MB  "collide:nn_last_partner"
[kp]    235.74s  dealloc      711.9 MB  Cuda     live     4166.3 MB  "collide:nn_last_partner"
[kp]    235.79s  alloc        711.9 MB  Cuda     live     4878.3 MB  "collide:nn_last_partner"
[kp]    235.79s  dealloc      711.9 MB  Cuda     live     4166.3 MB  "collide:nn_last_partner"
[kp]    235.84s  alloc        711.9 MB  Cuda     live     4878.3 MB  "collide:nn_last_partner"
[kp]    235.84s  dealloc      711.9 MB  Cuda     live     4166.3 MB  "collide:nn_last_partner"
[kp]    235.89s  alloc        711.9 MB  Cuda     live     4878.3 MB  "collide:nn_last_partner"
[kp]    235.89s  dealloc      711.9 MB  Cuda     live     4166.3 MB  "collide:nn_last_partner"
[kp]    235.94s  alloc        711.9 MB  Cuda     live     4878.3 MB  "collide:nn_last_partner"
[kp]    235.94s  dealloc      711.9 MB  Cuda     live     4166.3 MB  "collide:nn_last_partner"
[kp]    235.99s  alloc        711.9 MB  Cuda     live     4878.3 MB  "collide:nn_last_partner"
[kp]    235.99s  dealloc      711.9 MB  Cuda     live     4166.3 MB  "collide:nn_last_partner"
[kp]    236.04s  alloc        711.9 MB  Cuda     live     4878.3 MB  "collide:nn_last_partner"
[kp]    236.04s  dealloc      711.9 MB  Cuda     live     4166.3 MB  "collide:nn_last_partner"
[kp]    236.09s  alloc        711.9 MB  Cuda     live     4878.3 MB  "collide:nn_last_partner"
[kp]    236.09s  dealloc      711.9 MB  Cuda     live     4166.3 MB  "collide:nn_last_partner"
[kp]    236.14s  alloc        711.9 MB  Cuda     live     4878.3 MB  "collide:nn_last_partner"
[kp]    236.14s  dealloc      711.9 MB  Cuda     live     4166.3 MB  "collide:nn_last_partner"
[kp]    236.19s  alloc        711.9 MB  Cuda     live     4878.3 MB  "collide:nn_last_partner"
[kp]    236.19s  dealloc      711.9 MB  Cuda     live     4166.3 MB  "collide:nn_last_partner"
[kp]    236.24s  alloc        711.9 MB  Cuda     live     4878.3 MB  "collide:nn_last_partner"
[kp]    236.24s  dealloc      711.9 MB  Cuda     live     4166.3 MB  "collide:nn_last_partner"
[kp]    236.29s  alloc        711.9 MB  Cuda     live     4878.3 MB  "collide:nn_last_partner"
[kp]    236.29s  dealloc      711.9 MB  Cuda     live     4166.3 MB  "collide:nn_last_partner"
[kp]    236.34s  alloc        711.9 MB  Cuda     live     4878.3 MB  "collide:nn_last_partner"
[kp]    236.34s  dealloc      711.9 MB  Cuda     live     4166.3 MB  "collide:nn_last_partner"
[kp]    236.39s  alloc        711.9 MB  Cuda     live     4878.3 MB  "collide:nn_last_partner"
[kp]    236.39s  dealloc      711.9 MB  Cuda     live     4166.3 MB  "collide:nn_last_partner"
[kp]    236.44s  alloc        711.9 MB  Cuda     live     4878.3 MB  "collide:nn_last_partner"
[kp]    236.44s  dealloc      711.9 MB  Cuda     live     4166.3 MB  "collide:nn_last_partner"
[kp]    236.49s  alloc        711.9 MB  Cuda     live     4878.3 MB  "collide:nn_last_partner"
[kp]    236.49s  dealloc      711.9 MB  Cuda     live     4166.3 MB  "collide:nn_last_partner"
[kp]    236.54s  alloc        711.9 MB  Cuda     live     4878.3 MB  "collide:nn_last_partner"
[kp]    236.54s  dealloc      711.9 MB  Cuda     live     4166.3 MB  "collide:nn_last_partner"
[kp]    236.59s  alloc        711.9 MB  Cuda     live     4878.3 MB  "collide:nn_last_partner"
[kp]    236.59s  dealloc      711.9 MB  Cuda     live     4166.3 MB  "collide:nn_last_partner"
[kp]    236.64s  alloc        711.9 MB  Cuda     live     4878.3 MB  "collide:nn_last_partner"
[kp]    236.64s  dealloc      711.9 MB  Cuda     live     4166.3 MB  "collide:nn_last_partner"
[kp]    236.69s  alloc        711.9 MB  Cuda     live     4878.3 MB  "collide:nn_last_partner"
[kp]    236.69s  dealloc      711.9 MB  Cuda     live     4166.3 MB  "collide:nn_last_partner"
[kp]    236.74s  alloc        711.9 MB  Cuda     live     4878.3 MB  "collide:nn_last_partner"
[kp]    236.74s  dealloc      711.9 MB  Cuda     live     4166.3 MB  "collide:nn_last_partner"
[kp]    236.79s  alloc        711.9 MB  Cuda     live     4878.3 MB  "collide:nn_last_partner"
[kp]    236.79s  dealloc      711.9 MB  Cuda     live     4166.3 MB  "collide:nn_last_partner"
[kp]    236.84s  alloc        711.9 MB  Cuda     live     4878.3 MB  "collide:nn_last_partner"
[kp]    236.84s  dealloc      711.9 MB  Cuda     live     4166.3 MB  "collide:nn_last_partner"
[kp]    236.89s  alloc        711.9 MB  Cuda     live     4878.3 MB  "collide:nn_last_partner"
[kp]    236.89s  dealloc      711.9 MB  Cuda     live     4166.3 MB  "collide:nn_last_partner"
[kp]    236.94s  alloc        711.9 MB  Cuda     live     4878.3 MB  "collide:nn_last_partner"
[kp]    236.94s  dealloc      711.9 MB  Cuda     live     4166.3 MB  "collide:nn_last_partner"
[kp]    236.99s  alloc        711.9 MB  Cuda     live     4878.3 MB  "collide:nn_last_partner"
[kp]    236.99s  dealloc      711.9 MB  Cuda     live     4166.3 MB  "collide:nn_last_partner"
[kp]    237.04s  alloc        711.9 MB  Cuda     live     4878.3 MB  "collide:nn_last_partner"
[kp]    237.04s  dealloc      711.9 MB  Cuda     live     4166.3 MB  "collide:nn_last_partner"
[kp]    237.09s  alloc        711.9 MB  Cuda     live     4878.3 MB  "collide:nn_last_partner"
[kp]    237.09s  dealloc      711.9 MB  Cuda     live     4166.3 MB  "collide:nn_last_partner"
[kp]    237.14s  alloc        711.9 MB  Cuda     live     4878.3 MB  "collide:nn_last_partner"
[kp]    237.14s  dealloc      711.9 MB  Cuda     live     4166.3 MB  "collide:nn_last_partner"
[kp]    237.19s  alloc        711.9 MB  Cuda     live     4878.3 MB  "collide:nn_last_partner"
[kp]    237.19s  dealloc      711.9 MB  Cuda     live     4166.3 MB  "collide:nn_last_partner"
[kp]    237.24s  alloc        711.9 MB  Cuda     live     4878.3 MB  "collide:nn_last_partner"
[kp]    237.24s  dealloc      711.9 MB  Cuda     live     4166.3 MB  "collide:nn_last_partner"
[kp]    237.29s  alloc        711.9 MB  Cuda     live     4878.3 MB  "collide:nn_last_partner"
[kp]    237.29s  dealloc      711.9 MB  Cuda     live     4166.3 MB  "collide:nn_last_partner"
[kp]    237.34s  alloc        711.9 MB  Cuda     live     4878.3 MB  "collide:nn_last_partner"
[kp]    237.34s  dealloc      711.9 MB  Cuda     live     4166.3 MB  "collide:nn_last_partner"
[kp]    237.39s  alloc        711.9 MB  Cuda     live     4878.3 MB  "collide:nn_last_partner"
[kp]    237.39s  dealloc      711.9 MB  Cuda     live     4166.3 MB  "collide:nn_last_partner"
[kp]    237.44s  alloc        711.9 MB  Cuda     live     4878.3 MB  "collide:nn_last_partner"
[kp]    237.44s  dealloc      711.9 MB  Cuda     live     4166.3 MB  "collide:nn_last_partner"
[kp]    237.49s  alloc        711.9 MB  Cuda     live     4878.3 MB  "collide:nn_last_partner"
[kp]    237.49s  dealloc      711.9 MB  Cuda     live     4166.3 MB  "collide:nn_last_partner"
[kp]    237.54s  alloc        711.9 MB  Cuda     live     4878.3 MB  "collide:nn_last_partner"
[kp]    237.54s  dealloc      711.9 MB  Cuda     live     4166.3 MB  "collide:nn_last_partner"
[kp]    237.59s  alloc        711.9 MB  Cuda     live     4878.3 MB  "collide:nn_last_partner"
[kp]    237.59s  dealloc      711.9 MB  Cuda     live     4166.3 MB  "collide:nn_last_partner"
[kp]    237.64s  alloc        711.9 MB  Cuda     live     4878.3 MB  "collide:nn_last_partner"
[kp]    237.64s  dealloc      711.9 MB  Cuda     live     4166.3 MB  "collide:nn_last_partner"
[kp]    237.69s  alloc        711.9 MB  Cuda     live     4878.3 MB  "collide:nn_last_partner"
[kp]    237.69s  dealloc      711.9 MB  Cuda     live     4166.3 MB  "collide:nn_last_partner"
[kp]    237.74s  alloc        711.9 MB  Cuda     live     4878.3 MB  "collide:nn_last_partner"
[kp]    237.74s  dealloc      711.9 MB  Cuda     live     4166.3 MB  "collide:nn_last_partner"
[kp]    237.79s  alloc        711.9 MB  Cuda     live     4878.3 MB  "collide:nn_last_partner"
[kp]    237.79s  dealloc      711.9 MB  Cuda     live     4166.3 MB  "collide:nn_last_partner"
[kp]    237.84s  alloc        711.9 MB  Cuda     live     4878.3 MB  "collide:nn_last_partner"
[kp]    237.84s  dealloc      711.9 MB  Cuda     live     4166.3 MB  "collide:nn_last_partner"
[kp]    237.89s  alloc        711.9 MB  Cuda     live     4878.3 MB  "collide:nn_last_partner"
[kp]    237.89s  dealloc      711.9 MB  Cuda     live     4166.3 MB  "collide:nn_last_partner"
[kp]    237.93s  alloc        711.9 MB  Cuda     live     4878.3 MB  "collide:nn_last_partner"
[kp]    237.94s  dealloc      711.9 MB  Cuda     live     4166.3 MB  "collide:nn_last_partner"
[kp]    237.98s  alloc        711.9 MB  Cuda     live     4878.3 MB  "collide:nn_last_partner"
[kp]    237.99s  dealloc      711.9 MB  Cuda     live     4166.3 MB  "collide:nn_last_partner"
[kp]    238.03s  alloc        711.9 MB  Cuda     live     4878.3 MB  "collide:nn_last_partner"
[kp]    238.04s  dealloc      711.9 MB  Cuda     live     4166.3 MB  "collide:nn_last_partner"
[kp]    238.08s  alloc        711.9 MB  Cuda     live     4878.3 MB  "collide:nn_last_partner"
[kp]    238.08s  dealloc      711.9 MB  Cuda     live     4166.3 MB  "collide:nn_last_partner"
[kp]    238.13s  alloc        711.9 MB  Cuda     live     4878.3 MB  "collide:nn_last_partner"
[kp]    238.13s  dealloc      711.9 MB  Cuda     live     4166.3 MB  "collide:nn_last_partner"
[kp]    238.18s  alloc        711.9 MB  Cuda     live     4878.3 MB  "collide:nn_last_partner"
[kp]    238.18s  dealloc      711.9 MB  Cuda     live     4166.3 MB  "collide:nn_last_partner"
[kp]    238.23s  alloc        711.9 MB  Cuda     live     4878.3 MB  "collide:nn_last_partner"
[kp]    238.23s  dealloc      711.9 MB  Cuda     live     4166.3 MB  "collide:nn_last_partner"
[kp]    238.28s  alloc        711.9 MB  Cuda     live     4878.3 MB  "collide:nn_last_partner"
[kp]    238.28s  dealloc      711.9 MB  Cuda     live     4166.3 MB  "collide:nn_last_partner"
[kp]    238.33s  alloc        711.9 MB  Cuda     live     4878.3 MB  "collide:nn_last_partner"
[kp]    238.33s  dealloc      711.9 MB  Cuda     live     4166.3 MB  "collide:nn_last_partner"
[kp]    238.38s  alloc        711.9 MB  Cuda     live     4878.3 MB  "collide:nn_last_partner"
[kp]    238.38s  dealloc      711.9 MB  Cuda     live     4166.3 MB  "collide:nn_last_partner"
[kp]    238.43s  alloc        711.9 MB  Cuda     live     4878.3 MB  "collide:nn_last_partner"
[kp]    238.43s  dealloc      711.9 MB  Cuda     live     4166.3 MB  "collide:nn_last_partner"
[kp]    238.48s  alloc        711.9 MB  Cuda     live     4878.3 MB  "collide:nn_last_partner"
[kp]    238.48s  dealloc      711.9 MB  Cuda     live     4166.3 MB  "collide:nn_last_partner"
[kp]    238.53s  alloc        711.9 MB  Cuda     live     4878.3 MB  "collide:nn_last_partner"
[kp]    238.53s  dealloc      711.9 MB  Cuda     live     4166.3 MB  "collide:nn_last_partner"
[kp]    238.58s  alloc        711.9 MB  Cuda     live     4878.3 MB  "collide:nn_last_partner"
[kp]    238.58s  dealloc      711.9 MB  Cuda     live     4166.3 MB  "collide:nn_last_partner"
[kp]    238.63s  alloc        711.9 MB  Cuda     live     4878.3 MB  "collide:nn_last_partner"
[kp]    238.63s  dealloc      711.9 MB  Cuda     live     4166.3 MB  "collide:nn_last_partner"
[kp]    238.68s  alloc        711.9 MB  Cuda     live     4878.3 MB  "collide:nn_last_partner"
[kp]    238.68s  dealloc      711.9 MB  Cuda     live     4166.3 MB  "collide:nn_last_partner"
[kp]    238.73s  alloc        711.9 MB  Cuda     live     4878.3 MB  "collide:nn_last_partner"
[kp]    238.73s  dealloc      711.9 MB  Cuda     live     4166.3 MB  "collide:nn_last_partner"
[kp]    238.78s  alloc        711.9 MB  Cuda     live     4878.3 MB  "collide:nn_last_partner"
[kp]    238.78s  dealloc      711.9 MB  Cuda     live     4166.3 MB  "collide:nn_last_partner"
[kp]    238.83s  alloc        711.9 MB  Cuda     live     4878.3 MB  "collide:nn_last_partner"
[kp]    238.83s  dealloc      711.9 MB  Cuda     live     4166.3 MB  "collide:nn_last_partner"
[kp]    238.88s  alloc        711.9 MB  Cuda     live     4878.3 MB  "collide:nn_last_partner"
[kp]    238.88s  dealloc      711.9 MB  Cuda     live     4166.3 MB  "collide:nn_last_partner"
[kp]    238.93s  alloc        711.9 MB  Cuda     live     4878.3 MB  "collide:nn_last_partner"
[kp]    238.93s  dealloc      711.9 MB  Cuda     live     4166.3 MB  "collide:nn_last_partner"
[kp]    238.98s  alloc        711.9 MB  Cuda     live     4878.3 MB  "collide:nn_last_partner"
[kp]    238.98s  dealloc      711.9 MB  Cuda     live     4166.3 MB  "collide:nn_last_partner"
[kp]    239.03s  alloc        711.9 MB  Cuda     live     4878.3 MB  "collide:nn_last_partner"
[kp]    239.03s  dealloc      711.9 MB  Cuda     live     4166.3 MB  "collide:nn_last_partner"
[kp]    239.08s  alloc        711.9 MB  Cuda     live     4878.3 MB  "collide:nn_last_partner"
[kp]    239.08s  dealloc      711.9 MB  Cuda     live     4166.3 MB  "collide:nn_last_partner"
[kp]    239.13s  alloc        711.9 MB  Cuda     live     4878.3 MB  "collide:nn_last_partner"
[kp]    239.13s  dealloc      711.9 MB  Cuda     live     4166.3 MB  "collide:nn_last_partner"
[kp]    239.18s  alloc        711.9 MB  Cuda     live     4878.3 MB  "collide:nn_last_partner"
[kp]    239.18s  dealloc      711.9 MB  Cuda     live     4166.3 MB  "collide:nn_last_partner"
[kp]    239.23s  alloc        711.9 MB  Cuda     live     4878.3 MB  "collide:nn_last_partner"
[kp]    239.23s  dealloc      711.9 MB  Cuda     live     4166.3 MB  "collide:nn_last_partner"
[kp]    239.28s  alloc        711.9 MB  Cuda     live     4878.3 MB  "collide:nn_last_partner"
[kp]    239.28s  dealloc      711.9 MB  Cuda     live     4166.3 MB  "collide:nn_last_partner"
[kp]    239.33s  alloc        711.9 MB  Cuda     live     4878.3 MB  "collide:nn_last_partner"
[kp]    239.33s  dealloc      711.9 MB  Cuda     live     4166.3 MB  "collide:nn_last_partner"
[kp]    239.38s  alloc        711.9 MB  Cuda     live     4878.3 MB  "collide:nn_last_partner"
[kp]    239.38s  dealloc      711.9 MB  Cuda     live     4166.3 MB  "collide:nn_last_partner"
[kp]    239.43s  alloc        711.9 MB  Cuda     live     4878.3 MB  "collide:nn_last_partner"
[kp]    239.43s  dealloc      711.9 MB  Cuda     live     4166.3 MB  "collide:nn_last_partner"
[kp]    239.48s  alloc        711.9 MB  Cuda     live     4878.3 MB  "collide:nn_last_partner"
[kp]    239.48s  dealloc      711.9 MB  Cuda     live     4166.3 MB  "collide:nn_last_partner"
[kp]    239.53s  alloc        711.9 MB  Cuda     live     4878.3 MB  "collide:nn_last_partner"
[kp]    239.53s  dealloc      711.9 MB  Cuda     live     4166.3 MB  "collide:nn_last_partner"
[kp]    239.58s  alloc        711.9 MB  Cuda     live     4878.3 MB  "collide:nn_last_partner"
[kp]    239.58s  dealloc      711.9 MB  Cuda     live     4166.3 MB  "collide:nn_last_partner"
[kp]    239.63s  alloc        711.9 MB  Cuda     live     4878.3 MB  "collide:nn_last_partner"
[kp]    239.63s  dealloc      711.9 MB  Cuda     live     4166.3 MB  "collide:nn_last_partner"
[kp]    239.68s  alloc        711.9 MB  Cuda     live     4878.3 MB  "collide:nn_last_partner"
[kp]    239.68s  dealloc      711.9 MB  Cuda     live     4166.3 MB  "collide:nn_last_partner"
[kp]    239.73s  alloc        711.9 MB  Cuda     live     4878.3 MB  "collide:nn_last_partner"
[kp]    239.73s  dealloc      711.9 MB  Cuda     live     4166.3 MB  "collide:nn_last_partner"
[kp]    239.78s  alloc        711.9 MB  Cuda     live     4878.3 MB  "collide:nn_last_partner"
[kp]    239.78s  dealloc      711.9 MB  Cuda     live     4166.3 MB  "collide:nn_last_partner"
    4200    227.14997 5.8919704e-08    19.639899        3e-09 27320491   102755    52424        0        0    298.76493 
[kp]    239.94s  alloc        711.9 MB  Cuda     live     4878.3 MB  "collide:nn_last_partner"
[kp]    239.94s  dealloc      711.9 MB  Cuda     live     4166.3 MB  "collide:nn_last_partner"
[kp]    239.99s  alloc        711.9 MB  Cuda     live     4878.3 MB  "collide:nn_last_partner"
[kp]    239.99s  dealloc      711.9 MB  Cuda     live     4166.3 MB  "collide:nn_last_partner"
[kp]    240.04s  alloc        711.9 MB  Cuda     live     4878.3 MB  "collide:nn_last_partner"
[kp]    240.04s  dealloc      711.9 MB  Cuda     live     4166.3 MB  "collide:nn_last_partner"
[kp]    240.09s  alloc        711.9 MB  Cuda     live     4878.3 MB  "collide:nn_last_partner"
[kp]    240.09s  dealloc      711.9 MB  Cuda     live     4166.3 MB  "collide:nn_last_partner"
[kp]    240.14s  alloc        711.9 MB  Cuda     live     4878.3 MB  "collide:nn_last_partner"
[kp]    240.14s  dealloc      711.9 MB  Cuda     live     4166.3 MB  "collide:nn_last_partner"
[kp]    240.19s  alloc        711.9 MB  Cuda     live     4878.3 MB  "collide:nn_last_partner"
[kp]    240.19s  dealloc      711.9 MB  Cuda     live     4166.3 MB  "collide:nn_last_partner"
[kp]    240.24s  alloc        711.9 MB  Cuda     live     4878.3 MB  "collide:nn_last_partner"
[kp]    240.24s  dealloc      711.9 MB  Cuda     live     4166.3 MB  "collide:nn_last_partner"
[kp]    240.29s  alloc        711.9 MB  Cuda     live     4878.3 MB  "collide:nn_last_partner"
[kp]    240.29s  dealloc      711.9 MB  Cuda     live     4166.3 MB  "collide:nn_last_partner"
[kp]    240.34s  alloc        711.9 MB  Cuda     live     4878.3 MB  "collide:nn_last_partner"
[kp]    240.34s  dealloc      711.9 MB  Cuda     live     4166.3 MB  "collide:nn_last_partner"
[kp]    240.39s  alloc        711.9 MB  Cuda     live     4878.3 MB  "collide:nn_last_partner"
[kp]    240.39s  dealloc      711.9 MB  Cuda     live     4166.3 MB  "collide:nn_last_partner"
[kp]    240.44s  alloc        711.9 MB  Cuda     live     4878.3 MB  "collide:nn_last_partner"
[kp]    240.44s  dealloc      711.9 MB  Cuda     live     4166.3 MB  "collide:nn_last_partner"
[kp]    240.49s  alloc        711.9 MB  Cuda     live     4878.3 MB  "collide:nn_last_partner"
[kp]    240.49s  dealloc      711.9 MB  Cuda     live     4166.3 MB  "collide:nn_last_partner"
[kp]    240.54s  alloc        711.9 MB  Cuda     live     4878.3 MB  "collide:nn_last_partner"
[kp]    240.54s  dealloc      711.9 MB  Cuda     live     4166.3 MB  "collide:nn_last_partner"
[kp]    240.59s  alloc        711.9 MB  Cuda     live     4878.3 MB  "collide:nn_last_partner"
[kp]    240.59s  dealloc      711.9 MB  Cuda     live     4166.3 MB  "collide:nn_last_partner"
[kp]    240.64s  alloc        711.9 MB  Cuda     live     4878.3 MB  "collide:nn_last_partner"
[kp]    240.64s  dealloc      711.9 MB  Cuda     live     4166.3 MB  "collide:nn_last_partner"
[kp]    240.68s  alloc        711.9 MB  Cuda     live     4878.3 MB  "collide:nn_last_partner"
[kp]    240.69s  dealloc      711.9 MB  Cuda     live     4166.3 MB  "collide:nn_last_partner"
[kp]    240.73s  alloc        711.9 MB  Cuda     live     4878.3 MB  "collide:nn_last_partner"
[kp]    240.74s  dealloc      711.9 MB  Cuda     live     4166.3 MB  "collide:nn_last_partner"
[kp]    240.78s  alloc        711.9 MB  Cuda     live     4878.3 MB  "collide:nn_last_partner"
[kp]    240.79s  dealloc      711.9 MB  Cuda     live     4166.3 MB  "collide:nn_last_partner"
[kp]    240.83s  alloc        711.9 MB  Cuda     live     4878.3 MB  "collide:nn_last_partner"
[kp]    240.83s  dealloc      711.9 MB  Cuda     live     4166.3 MB  "collide:nn_last_partner"
[kp]    240.88s  alloc        711.9 MB  Cuda     live     4878.3 MB  "collide:nn_last_partner"
[kp]    240.88s  dealloc      711.9 MB  Cuda     live     4166.3 MB  "collide:nn_last_partner"
[kp]    240.93s  alloc        711.9 MB  Cuda     live     4878.3 MB  "collide:nn_last_partner"
[kp]    240.93s  dealloc      711.9 MB  Cuda     live     4166.3 MB  "collide:nn_last_partner"
[kp]    240.98s  alloc        711.9 MB  Cuda     live     4878.3 MB  "collide:nn_last_partner"
[kp]    240.98s  dealloc      711.9 MB  Cuda     live     4166.3 MB  "collide:nn_last_partner"
[kp]    241.03s  alloc        711.9 MB  Cuda     live     4878.3 MB  "collide:nn_last_partner"
[kp]    241.03s  dealloc      711.9 MB  Cuda     live     4166.3 MB  "collide:nn_last_partner"
[kp]    241.08s  alloc        711.9 MB  Cuda     live     4878.3 MB  "collide:nn_last_partner"
[kp]    241.08s  dealloc      711.9 MB  Cuda     live     4166.3 MB  "collide:nn_last_partner"
[kp]    241.13s  alloc        711.9 MB  Cuda     live     4878.3 MB  "collide:nn_last_partner"
[kp]    241.13s  dealloc      711.9 MB  Cuda     live     4166.3 MB  "collide:nn_last_partner"
[kp]    241.18s  alloc        711.9 MB  Cuda     live     4878.3 MB  "collide:nn_last_partner"
[kp]    241.18s  dealloc      711.9 MB  Cuda     live     4166.3 MB  "collide:nn_last_partner"
[kp]    241.23s  alloc        711.9 MB  Cuda     live     4878.3 MB  "collide:nn_last_partner"
[kp]    241.23s  dealloc      711.9 MB  Cuda     live     4166.3 MB  "collide:nn_last_partner"
[kp]    241.28s  alloc        711.9 MB  Cuda     live     4878.3 MB  "collide:nn_last_partner"
[kp]    241.28s  dealloc      711.9 MB  Cuda     live     4166.3 MB  "collide:nn_last_partner"
[kp]    241.33s  alloc        711.9 MB  Cuda     live     4878.3 MB  "collide:nn_last_partner"
[kp]    241.33s  dealloc      711.9 MB  Cuda     live     4166.3 MB  "collide:nn_last_partner"
[kp]    241.38s  alloc        711.9 MB  Cuda     live     4878.3 MB  "collide:nn_last_partner"
[kp]    241.38s  dealloc      711.9 MB  Cuda     live     4166.3 MB  "collide:nn_last_partner"
[kp]    241.43s  alloc        711.9 MB  Cuda     live     4878.3 MB  "collide:nn_last_partner"
[kp]    241.43s  dealloc      711.9 MB  Cuda     live     4166.3 MB  "collide:nn_last_partner"
[kp]    241.48s  alloc        711.9 MB  Cuda     live     4878.3 MB  "collide:nn_last_partner"
[kp]    241.48s  dealloc      711.9 MB  Cuda     live     4166.3 MB  "collide:nn_last_partner"
[kp]    241.53s  alloc        711.9 MB  Cuda     live     4878.3 MB  "collide:nn_last_partner"
[kp]    241.53s  dealloc      711.9 MB  Cuda     live     4166.3 MB  "collide:nn_last_partner"
[kp]    241.58s  alloc        711.9 MB  Cuda     live     4878.3 MB  "collide:nn_last_partner"
[kp]    241.58s  dealloc      711.9 MB  Cuda     live     4166.3 MB  "collide:nn_last_partner"
[kp]    241.63s  alloc        711.9 MB  Cuda     live     4878.3 MB  "collide:nn_last_partner"
[kp]    241.63s  dealloc      711.9 MB  Cuda     live     4166.3 MB  "collide:nn_last_partner"
[kp]    241.68s  alloc        711.9 MB  Cuda     live     4878.3 MB  "collide:nn_last_partner"
[kp]    241.68s  dealloc      711.9 MB  Cuda     live     4166.3 MB  "collide:nn_last_partner"
[kp]    241.73s  alloc        711.9 MB  Cuda     live     4878.3 MB  "collide:nn_last_partner"
[kp]    241.73s  dealloc      711.9 MB  Cuda     live     4166.3 MB  "collide:nn_last_partner"
[kp]    241.78s  alloc        711.9 MB  Cuda     live     4878.3 MB  "collide:nn_last_partner"
[kp]    241.78s  dealloc      711.9 MB  Cuda     live     4166.3 MB  "collide:nn_last_partner"
[kp]    241.83s  alloc        711.9 MB  Cuda     live     4878.3 MB  "collide:nn_last_partner"
[kp]    241.83s  dealloc      711.9 MB  Cuda     live     4166.3 MB  "collide:nn_last_partner"
[kp]    241.88s  alloc        711.9 MB  Cuda     live     4878.3 MB  "collide:nn_last_partner"
[kp]    241.88s  dealloc      711.9 MB  Cuda     live     4166.3 MB  "collide:nn_last_partner"
[kp]    241.93s  alloc        711.9 MB  Cuda     live     4878.3 MB  "collide:nn_last_partner"
[kp]    241.93s  dealloc      711.9 MB  Cuda     live     4166.3 MB  "collide:nn_last_partner"
[kp]    241.98s  alloc        711.9 MB  Cuda     live     4878.3 MB  "collide:nn_last_partner"
[kp]    241.98s  dealloc      711.9 MB  Cuda     live     4166.3 MB  "collide:nn_last_partner"
[kp]    242.03s  alloc        711.9 MB  Cuda     live     4878.3 MB  "collide:nn_last_partner"
[kp]    242.03s  dealloc      711.9 MB  Cuda     live     4166.3 MB  "collide:nn_last_partner"
[kp]    242.08s  alloc        711.9 MB  Cuda     live     4878.3 MB  "collide:nn_last_partner"
[kp]    242.08s  dealloc      711.9 MB  Cuda     live     4166.3 MB  "collide:nn_last_partner"
[kp]    242.13s  alloc        711.9 MB  Cuda     live     4878.3 MB  "collide:nn_last_partner"
[kp]    242.13s  dealloc      711.9 MB  Cuda     live     4166.3 MB  "collide:nn_last_partner"
[kp]    242.18s  alloc        711.9 MB  Cuda     live     4878.3 MB  "collide:nn_last_partner"
[kp]    242.18s  dealloc      711.9 MB  Cuda     live     4166.3 MB  "collide:nn_last_partner"
[kp]    242.23s  alloc        711.9 MB  Cuda     live     4878.3 MB  "collide:nn_last_partner"
[kp]    242.23s  dealloc      711.9 MB  Cuda     live     4166.3 MB  "collide:nn_last_partner"
[kp]    242.28s  alloc        711.9 MB  Cuda     live     4878.3 MB  "collide:nn_last_partner"
[kp]    242.28s  dealloc      711.9 MB  Cuda     live     4166.3 MB  "collide:nn_last_partner"
[kp]    242.33s  alloc        711.9 MB  Cuda     live     4878.3 MB  "collide:nn_last_partner"
[kp]    242.33s  dealloc      711.9 MB  Cuda     live     4166.3 MB  "collide:nn_last_partner"
[kp]    242.38s  alloc        711.9 MB  Cuda     live     4878.3 MB  "collide:nn_last_partner"
[kp]    242.38s  dealloc      711.9 MB  Cuda     live     4166.3 MB  "collide:nn_last_partner"
[kp]    242.43s  alloc        711.9 MB  Cuda     live     4878.3 MB  "collide:nn_last_partner"
[kp]    242.43s  dealloc      711.9 MB  Cuda     live     4166.3 MB  "collide:nn_last_partner"
[kp]    242.48s  alloc        711.9 MB  Cuda     live     4878.3 MB  "collide:nn_last_partner"
[kp]    242.48s  dealloc      711.9 MB  Cuda     live     4166.3 MB  "collide:nn_last_partner"
[kp]    242.53s  alloc        711.9 MB  Cuda     live     4878.3 MB  "collide:nn_last_partner"
[kp]    242.53s  dealloc      711.9 MB  Cuda     live     4166.3 MB  "collide:nn_last_partner"
[kp]    242.58s  alloc        711.9 MB  Cuda     live     4878.3 MB  "collide:nn_last_partner"
[kp]    242.58s  dealloc      711.9 MB  Cuda     live     4166.3 MB  "collide:nn_last_partner"
[kp]    242.63s  alloc        711.9 MB  Cuda     live     4878.3 MB  "collide:nn_last_partner"
[kp]    242.63s  dealloc      711.9 MB  Cuda     live     4166.3 MB  "collide:nn_last_partner"
[kp]    242.68s  alloc        711.9 MB  Cuda     live     4878.3 MB  "collide:nn_last_partner"
[kp]    242.68s  dealloc      711.9 MB  Cuda     live     4166.3 MB  "collide:nn_last_partner"
[kp]    242.73s  alloc        711.9 MB  Cuda     live     4878.3 MB  "collide:nn_last_partner"
[kp]    242.73s  dealloc      711.9 MB  Cuda     live     4166.3 MB  "collide:nn_last_partner"
[kp]    242.78s  alloc        711.9 MB  Cuda     live     4878.3 MB  "collide:nn_last_partner"
[kp]    242.78s  dealloc      711.9 MB  Cuda     live     4166.3 MB  "collide:nn_last_partner"
[kp]    242.83s  alloc        711.9 MB  Cuda     live     4878.3 MB  "collide:nn_last_partner"
[kp]    242.83s  dealloc      711.9 MB  Cuda     live     4166.3 MB  "collide:nn_last_partner"
[kp]    242.88s  alloc        711.9 MB  Cuda     live     4878.3 MB  "collide:nn_last_partner"
[kp]    242.88s  dealloc      711.9 MB  Cuda     live     4166.3 MB  "collide:nn_last_partner"
[kp]    242.93s  alloc        711.9 MB  Cuda     live     4878.3 MB  "collide:nn_last_partner"
[kp]    242.93s  dealloc      711.9 MB  Cuda     live     4166.3 MB  "collide:nn_last_partner"
[kp]    242.97s  alloc        711.9 MB  Cuda     live     4878.3 MB  "collide:nn_last_partner"
[kp]    242.98s  dealloc      711.9 MB  Cuda     live     4166.3 MB  "collide:nn_last_partner"
[kp]    243.02s  alloc        711.9 MB  Cuda     live     4878.3 MB  "collide:nn_last_partner"
[kp]    243.03s  dealloc      711.9 MB  Cuda     live     4166.3 MB  "collide:nn_last_partner"
[kp]    243.07s  alloc        711.9 MB  Cuda     live     4878.3 MB  "collide:nn_last_partner"
[kp]    243.08s  dealloc      711.9 MB  Cuda     live     4166.3 MB  "collide:nn_last_partner"
[kp]    243.12s  alloc        711.9 MB  Cuda     live     4878.3 MB  "collide:nn_last_partner"
[kp]    243.12s  dealloc      711.9 MB  Cuda     live     4166.3 MB  "collide:nn_last_partner"
[kp]    243.17s  alloc        711.9 MB  Cuda     live     4878.3 MB  "collide:nn_last_partner"
[kp]    243.17s  dealloc      711.9 MB  Cuda     live     4166.3 MB  "collide:nn_last_partner"
[kp]    243.22s  alloc        711.9 MB  Cuda     live     4878.3 MB  "collide:nn_last_partner"
[kp]    243.22s  dealloc      711.9 MB  Cuda     live     4166.3 MB  "collide:nn_last_partner"
[kp]    243.27s  alloc        711.9 MB  Cuda     live     4878.3 MB  "collide:nn_last_partner"
[kp]    243.27s  dealloc      711.9 MB  Cuda     live     4166.3 MB  "collide:nn_last_partner"
[kp]    243.32s  alloc        711.9 MB  Cuda     live     4878.3 MB  "collide:nn_last_partner"
[kp]    243.32s  dealloc      711.9 MB  Cuda     live     4166.3 MB  "collide:nn_last_partner"
[kp]    243.37s  alloc        711.9 MB  Cuda     live     4878.3 MB  "collide:nn_last_partner"
[kp]    243.37s  dealloc      711.9 MB  Cuda     live     4166.3 MB  "collide:nn_last_partner"
[kp]    243.42s  alloc        711.9 MB  Cuda     live     4878.3 MB  "collide:nn_last_partner"
[kp]    243.42s  dealloc      711.9 MB  Cuda     live     4166.3 MB  "collide:nn_last_partner"
[kp]    243.47s  alloc        711.9 MB  Cuda     live     4878.3 MB  "collide:nn_last_partner"
[kp]    243.47s  dealloc      711.9 MB  Cuda     live     4166.3 MB  "collide:nn_last_partner"
[kp]    243.52s  alloc        711.9 MB  Cuda     live     4878.3 MB  "collide:nn_last_partner"
[kp]    243.52s  dealloc      711.9 MB  Cuda     live     4166.3 MB  "collide:nn_last_partner"
[kp]    243.57s  alloc        711.9 MB  Cuda     live     4878.3 MB  "collide:nn_last_partner"
[kp]    243.57s  dealloc      711.9 MB  Cuda     live     4166.3 MB  "collide:nn_last_partner"
[kp]    243.62s  alloc        711.9 MB  Cuda     live     4878.3 MB  "collide:nn_last_partner"
[kp]    243.62s  dealloc      711.9 MB  Cuda     live     4166.3 MB  "collide:nn_last_partner"
[kp]    243.67s  alloc        711.9 MB  Cuda     live     4878.3 MB  "collide:nn_last_partner"
[kp]    243.67s  dealloc      711.9 MB  Cuda     live     4166.3 MB  "collide:nn_last_partner"
[kp]    243.72s  alloc        711.9 MB  Cuda     live     4878.3 MB  "collide:nn_last_partner"
[kp]    243.72s  dealloc      711.9 MB  Cuda     live     4166.3 MB  "collide:nn_last_partner"
[kp]    243.77s  alloc        711.9 MB  Cuda     live     4878.3 MB  "collide:nn_last_partner"
[kp]    243.77s  dealloc      711.9 MB  Cuda     live     4166.3 MB  "collide:nn_last_partner"
[kp]    243.82s  alloc        711.9 MB  Cuda     live     4878.3 MB  "collide:nn_last_partner"
[kp]    243.82s  dealloc      711.9 MB  Cuda     live     4166.3 MB  "collide:nn_last_partner"
[kp]    243.87s  alloc        711.9 MB  Cuda     live     4878.3 MB  "collide:nn_last_partner"
[kp]    243.87s  dealloc      711.9 MB  Cuda     live     4166.3 MB  "collide:nn_last_partner"
[kp]    243.92s  alloc        711.9 MB  Cuda     live     4878.3 MB  "collide:nn_last_partner"
[kp]    243.92s  dealloc      711.9 MB  Cuda     live     4166.3 MB  "collide:nn_last_partner"
[kp]    243.97s  alloc        711.9 MB  Cuda     live     4878.3 MB  "collide:nn_last_partner"
[kp]    243.97s  dealloc      711.9 MB  Cuda     live     4166.3 MB  "collide:nn_last_partner"
[kp]    244.02s  alloc        711.9 MB  Cuda     live     4878.3 MB  "collide:nn_last_partner"
[kp]    244.02s  dealloc      711.9 MB  Cuda     live     4166.3 MB  "collide:nn_last_partner"
[kp]    244.07s  alloc        711.9 MB  Cuda     live     4878.3 MB  "collide:nn_last_partner"
[kp]    244.07s  dealloc      711.9 MB  Cuda     live     4166.3 MB  "collide:nn_last_partner"
[kp]    244.12s  alloc        711.9 MB  Cuda     live     4878.3 MB  "collide:nn_last_partner"
[kp]    244.12s  dealloc      711.9 MB  Cuda     live     4166.3 MB  "collide:nn_last_partner"
[kp]    244.17s  alloc        711.9 MB  Cuda     live     4878.3 MB  "collide:nn_last_partner"
[kp]    244.17s  dealloc      711.9 MB  Cuda     live     4166.3 MB  "collide:nn_last_partner"
[kp]    244.22s  alloc        711.9 MB  Cuda     live     4878.3 MB  "collide:nn_last_partner"
[kp]    244.22s  dealloc      711.9 MB  Cuda     live     4166.3 MB  "collide:nn_last_partner"
[kp]    244.27s  alloc        711.9 MB  Cuda     live     4878.3 MB  "collide:nn_last_partner"
[kp]    244.27s  dealloc      711.9 MB  Cuda     live     4166.3 MB  "collide:nn_last_partner"
[kp]    244.32s  alloc        711.9 MB  Cuda     live     4878.3 MB  "collide:nn_last_partner"
[kp]    244.32s  dealloc      711.9 MB  Cuda     live     4166.3 MB  "collide:nn_last_partner"
[kp]    244.37s  alloc        711.9 MB  Cuda     live     4878.3 MB  "collide:nn_last_partner"
[kp]    244.37s  dealloc      711.9 MB  Cuda     live     4166.3 MB  "collide:nn_last_partner"
[kp]    244.42s  alloc        711.9 MB  Cuda     live     4878.3 MB  "collide:nn_last_partner"
[kp]    244.42s  dealloc      711.9 MB  Cuda     live     4166.3 MB  "collide:nn_last_partner"
[kp]    244.47s  alloc        711.9 MB  Cuda     live     4878.3 MB  "collide:nn_last_partner"
[kp]    244.47s  dealloc      711.9 MB  Cuda     live     4166.3 MB  "collide:nn_last_partner"
[kp]    244.52s  alloc        711.9 MB  Cuda     live     4878.3 MB  "collide:nn_last_partner"
[kp]    244.52s  dealloc      711.9 MB  Cuda     live     4166.3 MB  "collide:nn_last_partner"
[kp]    244.57s  alloc        711.9 MB  Cuda     live     4878.3 MB  "collide:nn_last_partner"
[kp]    244.57s  dealloc      711.9 MB  Cuda     live     4166.3 MB  "collide:nn_last_partner"
[kp]    244.62s  alloc        711.9 MB  Cuda     live     4878.3 MB  "collide:nn_last_partner"
[kp]    244.62s  dealloc      711.9 MB  Cuda     live     4166.3 MB  "collide:nn_last_partner"
[kp]    244.67s  alloc        711.9 MB  Cuda     live     4878.3 MB  "collide:nn_last_partner"
[kp]    244.67s  dealloc      711.9 MB  Cuda     live     4166.3 MB  "collide:nn_last_partner"
[kp]    244.72s  alloc        711.9 MB  Cuda     live     4878.3 MB  "collide:nn_last_partner"
[kp]    244.72s  dealloc      711.9 MB  Cuda     live     4166.3 MB  "collide:nn_last_partner"
[kp]    244.77s  alloc        711.9 MB  Cuda     live     4878.3 MB  "collide:nn_last_partner"
[kp]    244.77s  dealloc      711.9 MB  Cuda     live     4166.3 MB  "collide:nn_last_partner"
[kp]    244.82s  alloc        711.9 MB  Cuda     live     4878.3 MB  "collide:nn_last_partner"
[kp]    244.82s  dealloc      711.9 MB  Cuda     live     4166.3 MB  "collide:nn_last_partner"
[kp]    244.87s  alloc        711.9 MB  Cuda     live     4878.3 MB  "collide:nn_last_partner"
[kp]    244.87s  dealloc      711.9 MB  Cuda     live     4166.3 MB  "collide:nn_last_partner"
    4300    232.23943 5.8945391e-08    19.648466        3e-09 27300644   102168    52110        0        0      298.846 
[kp]    245.03s  alloc        711.9 MB  Cuda     live     4878.3 MB  "collide:nn_last_partner"
[kp]    245.03s  dealloc      711.9 MB  Cuda     live     4166.3 MB  "collide:nn_last_partner"
[kp]    245.08s  alloc        711.9 MB  Cuda     live     4878.3 MB  "collide:nn_last_partner"
[kp]    245.08s  dealloc      711.9 MB  Cuda     live     4166.3 MB  "collide:nn_last_partner"
[kp]    245.13s  alloc        711.9 MB  Cuda     live     4878.3 MB  "collide:nn_last_partner"
[kp]    245.13s  dealloc      711.9 MB  Cuda     live     4166.3 MB  "collide:nn_last_partner"
[kp]    245.18s  alloc        711.9 MB  Cuda     live     4878.3 MB  "collide:nn_last_partner"
[kp]    245.18s  dealloc      711.9 MB  Cuda     live     4166.3 MB  "collide:nn_last_partner"
[kp]    245.23s  alloc        711.9 MB  Cuda     live     4878.3 MB  "collide:nn_last_partner"
[kp]    245.23s  dealloc      711.9 MB  Cuda     live     4166.3 MB  "collide:nn_last_partner"
[kp]    245.28s  alloc        711.9 MB  Cuda     live     4878.3 MB  "collide:nn_last_partner"
[kp]    245.28s  dealloc      711.9 MB  Cuda     live     4166.3 MB  "collide:nn_last_partner"
[kp]    245.33s  alloc        711.9 MB  Cuda     live     4878.3 MB  "collide:nn_last_partner"
[kp]    245.33s  dealloc      711.9 MB  Cuda     live     4166.3 MB  "collide:nn_last_partner"
[kp]    245.38s  alloc        711.9 MB  Cuda     live     4878.3 MB  "collide:nn_last_partner"
[kp]    245.38s  dealloc      711.9 MB  Cuda     live     4166.3 MB  "collide:nn_last_partner"
[kp]    245.43s  alloc        711.9 MB  Cuda     live     4878.3 MB  "collide:nn_last_partner"
[kp]    245.43s  dealloc      711.9 MB  Cuda     live     4166.3 MB  "collide:nn_last_partner"
[kp]    245.48s  alloc        711.9 MB  Cuda     live     4878.3 MB  "collide:nn_last_partner"
[kp]    245.48s  dealloc      711.9 MB  Cuda     live     4166.3 MB  "collide:nn_last_partner"
[kp]    245.52s  alloc        711.9 MB  Cuda     live     4878.3 MB  "collide:nn_last_partner"
[kp]    245.53s  dealloc      711.9 MB  Cuda     live     4166.3 MB  "collide:nn_last_partner"
[kp]    245.57s  alloc        711.9 MB  Cuda     live     4878.3 MB  "collide:nn_last_partner"
[kp]    245.58s  dealloc      711.9 MB  Cuda     live     4166.3 MB  "collide:nn_last_partner"
[kp]    245.62s  alloc        711.9 MB  Cuda     live     4878.3 MB  "collide:nn_last_partner"
[kp]    245.63s  dealloc      711.9 MB  Cuda     live     4166.3 MB  "collide:nn_last_partner"
[kp]    245.67s  alloc        711.9 MB  Cuda     live     4878.3 MB  "collide:nn_last_partner"
[kp]    245.67s  dealloc      711.9 MB  Cuda     live     4166.3 MB  "collide:nn_last_partner"
[kp]    245.72s  alloc        711.9 MB  Cuda     live     4878.3 MB  "collide:nn_last_partner"
[kp]    245.72s  dealloc      711.9 MB  Cuda     live     4166.3 MB  "collide:nn_last_partner"
[kp]    245.77s  alloc        711.9 MB  Cuda     live     4878.3 MB  "collide:nn_last_partner"
[kp]    245.77s  dealloc      711.9 MB  Cuda     live     4166.3 MB  "collide:nn_last_partner"
[kp]    245.82s  alloc        711.9 MB  Cuda     live     4878.3 MB  "collide:nn_last_partner"
[kp]    245.82s  dealloc      711.9 MB  Cuda     live     4166.3 MB  "collide:nn_last_partner"
[kp]    245.87s  alloc        711.9 MB  Cuda     live     4878.3 MB  "collide:nn_last_partner"
[kp]    245.87s  dealloc      711.9 MB  Cuda     live     4166.3 MB  "collide:nn_last_partner"
[kp]    245.92s  alloc        711.9 MB  Cuda     live     4878.3 MB  "collide:nn_last_partner"
[kp]    245.92s  dealloc      711.9 MB  Cuda     live     4166.3 MB  "collide:nn_last_partner"
[kp]    245.97s  alloc        711.9 MB  Cuda     live     4878.3 MB  "collide:nn_last_partner"
[kp]    245.97s  dealloc      711.9 MB  Cuda     live     4166.3 MB  "collide:nn_last_partner"
[kp]    246.02s  alloc        711.9 MB  Cuda     live     4878.3 MB  "collide:nn_last_partner"
[kp]    246.02s  dealloc      711.9 MB  Cuda     live     4166.3 MB  "collide:nn_last_partner"
[kp]    246.07s  alloc        711.9 MB  Cuda     live     4878.3 MB  "collide:nn_last_partner"
[kp]    246.07s  dealloc      711.9 MB  Cuda     live     4166.3 MB  "collide:nn_last_partner"
[kp]    246.12s  alloc        711.9 MB  Cuda     live     4878.3 MB  "collide:nn_last_partner"
[kp]    246.12s  dealloc      711.9 MB  Cuda     live     4166.3 MB  "collide:nn_last_partner"
[kp]    246.17s  alloc        711.9 MB  Cuda     live     4878.3 MB  "collide:nn_last_partner"
[kp]    246.17s  dealloc      711.9 MB  Cuda     live     4166.3 MB  "collide:nn_last_partner"
[kp]    246.22s  alloc        711.9 MB  Cuda     live     4878.3 MB  "collide:nn_last_partner"
[kp]    246.22s  dealloc      711.9 MB  Cuda     live     4166.3 MB  "collide:nn_last_partner"
[kp]    246.27s  alloc        711.9 MB  Cuda     live     4878.3 MB  "collide:nn_last_partner"
[kp]    246.27s  dealloc      711.9 MB  Cuda     live     4166.3 MB  "collide:nn_last_partner"
[kp]    246.32s  alloc        711.9 MB  Cuda     live     4878.3 MB  "collide:nn_last_partner"
[kp]    246.32s  dealloc      711.9 MB  Cuda     live     4166.3 MB  "collide:nn_last_partner"
[kp]    246.37s  alloc        711.9 MB  Cuda     live     4878.3 MB  "collide:nn_last_partner"
[kp]    246.37s  dealloc      711.9 MB  Cuda     live     4166.3 MB  "collide:nn_last_partner"
[kp]    246.42s  alloc        711.9 MB  Cuda     live     4878.3 MB  "collide:nn_last_partner"
[kp]    246.42s  dealloc      711.9 MB  Cuda     live     4166.3 MB  "collide:nn_last_partner"
[kp]    246.47s  alloc        711.9 MB  Cuda     live     4878.3 MB  "collide:nn_last_partner"
[kp]    246.47s  dealloc      711.9 MB  Cuda     live     4166.3 MB  "collide:nn_last_partner"
[kp]    246.52s  alloc        711.9 MB  Cuda     live     4878.3 MB  "collide:nn_last_partner"
[kp]    246.52s  dealloc      711.9 MB  Cuda     live     4166.3 MB  "collide:nn_last_partner"
[kp]    246.57s  alloc        711.9 MB  Cuda     live     4878.3 MB  "collide:nn_last_partner"
[kp]    246.57s  dealloc      711.9 MB  Cuda     live     4166.3 MB  "collide:nn_last_partner"
[kp]    246.62s  alloc        711.9 MB  Cuda     live     4878.3 MB  "collide:nn_last_partner"
[kp]    246.62s  dealloc      711.9 MB  Cuda     live     4166.3 MB  "collide:nn_last_partner"
[kp]    246.67s  alloc        711.9 MB  Cuda     live     4878.3 MB  "collide:nn_last_partner"
[kp]    246.67s  dealloc      711.9 MB  Cuda     live     4166.3 MB  "collide:nn_last_partner"
[kp]    246.72s  alloc        711.9 MB  Cuda     live     4878.3 MB  "collide:nn_last_partner"
[kp]    246.72s  dealloc      711.9 MB  Cuda     live     4166.3 MB  "collide:nn_last_partner"
[kp]    246.77s  alloc        711.9 MB  Cuda     live     4878.3 MB  "collide:nn_last_partner"
[kp]    246.77s  dealloc      711.9 MB  Cuda     live     4166.3 MB  "collide:nn_last_partner"
[kp]    246.82s  alloc        711.9 MB  Cuda     live     4878.3 MB  "collide:nn_last_partner"
[kp]    246.82s  dealloc      711.9 MB  Cuda     live     4166.3 MB  "collide:nn_last_partner"
[kp]    246.87s  alloc        711.9 MB  Cuda     live     4878.3 MB  "collide:nn_last_partner"
[kp]    246.87s  dealloc      711.9 MB  Cuda     live     4166.3 MB  "collide:nn_last_partner"
[kp]    246.92s  alloc        711.9 MB  Cuda     live     4878.3 MB  "collide:nn_last_partner"
[kp]    246.92s  dealloc      711.9 MB  Cuda     live     4166.3 MB  "collide:nn_last_partner"
[kp]    246.97s  alloc        711.9 MB  Cuda     live     4878.3 MB  "collide:nn_last_partner"
[kp]    246.97s  dealloc      711.9 MB  Cuda     live     4166.3 MB  "collide:nn_last_partner"
[kp]    247.02s  alloc        711.9 MB  Cuda     live     4878.3 MB  "collide:nn_last_partner"
[kp]    247.02s  dealloc      711.9 MB  Cuda     live     4166.3 MB  "collide:nn_last_partner"
[kp]    247.07s  alloc        711.9 MB  Cuda     live     4878.3 MB  "collide:nn_last_partner"
[kp]    247.07s  dealloc      711.9 MB  Cuda     live     4166.3 MB  "collide:nn_last_partner"
[kp]    247.12s  alloc        711.9 MB  Cuda     live     4878.3 MB  "collide:nn_last_partner"
[kp]    247.12s  dealloc      711.9 MB  Cuda     live     4166.3 MB  "collide:nn_last_partner"
[kp]    247.17s  alloc        711.9 MB  Cuda     live     4878.3 MB  "collide:nn_last_partner"
[kp]    247.17s  dealloc      711.9 MB  Cuda     live     4166.3 MB  "collide:nn_last_partner"
[kp]    247.22s  alloc        711.9 MB  Cuda     live     4878.3 MB  "collide:nn_last_partner"
[kp]    247.22s  dealloc      711.9 MB  Cuda     live     4166.3 MB  "collide:nn_last_partner"
[kp]    247.27s  alloc        711.9 MB  Cuda     live     4878.3 MB  "collide:nn_last_partner"
[kp]    247.27s  dealloc      711.9 MB  Cuda     live     4166.3 MB  "collide:nn_last_partner"
[kp]    247.32s  alloc        711.9 MB  Cuda     live     4878.3 MB  "collide:nn_last_partner"
[kp]    247.32s  dealloc      711.9 MB  Cuda     live     4166.3 MB  "collide:nn_last_partner"
[kp]    247.37s  alloc        711.9 MB  Cuda     live     4878.3 MB  "collide:nn_last_partner"
[kp]    247.37s  dealloc      711.9 MB  Cuda     live     4166.3 MB  "collide:nn_last_partner"
[kp]    247.42s  alloc        711.9 MB  Cuda     live     4878.3 MB  "collide:nn_last_partner"
[kp]    247.42s  dealloc      711.9 MB  Cuda     live     4166.3 MB  "collide:nn_last_partner"
[kp]    247.47s  alloc        711.9 MB  Cuda     live     4878.3 MB  "collide:nn_last_partner"
[kp]    247.47s  dealloc      711.9 MB  Cuda     live     4166.3 MB  "collide:nn_last_partner"
[kp]    247.52s  alloc        711.9 MB  Cuda     live     4878.3 MB  "collide:nn_last_partner"
[kp]    247.52s  dealloc      711.9 MB  Cuda     live     4166.3 MB  "collide:nn_last_partner"
[kp]    247.56s  alloc        711.9 MB  Cuda     live     4878.3 MB  "collide:nn_last_partner"
[kp]    247.57s  dealloc      711.9 MB  Cuda     live     4166.3 MB  "collide:nn_last_partner"
[kp]    247.61s  alloc        711.9 MB  Cuda     live     4878.3 MB  "collide:nn_last_partner"
[kp]    247.62s  dealloc      711.9 MB  Cuda     live     4166.3 MB  "collide:nn_last_partner"
[kp]    247.66s  alloc        711.9 MB  Cuda     live     4878.3 MB  "collide:nn_last_partner"
[kp]    247.67s  dealloc      711.9 MB  Cuda     live     4166.3 MB  "collide:nn_last_partner"
[kp]    247.71s  alloc        711.9 MB  Cuda     live     4878.3 MB  "collide:nn_last_partner"
[kp]    247.71s  dealloc      711.9 MB  Cuda     live     4166.3 MB  "collide:nn_last_partner"
[kp]    247.76s  alloc        711.9 MB  Cuda     live     4878.3 MB  "collide:nn_last_partner"
[kp]    247.76s  dealloc      711.9 MB  Cuda     live     4166.3 MB  "collide:nn_last_partner"
[kp]    247.81s  alloc        711.9 MB  Cuda     live     4878.3 MB  "collide:nn_last_partner"
[kp]    247.81s  dealloc      711.9 MB  Cuda     live     4166.3 MB  "collide:nn_last_partner"
[kp]    247.86s  alloc        711.9 MB  Cuda     live     4878.3 MB  "collide:nn_last_partner"
[kp]    247.86s  dealloc      711.9 MB  Cuda     live     4166.3 MB  "collide:nn_last_partner"
[kp]    247.91s  alloc        711.9 MB  Cuda     live     4878.3 MB  "collide:nn_last_partner"
[kp]    247.91s  dealloc      711.9 MB  Cuda     live     4166.3 MB  "collide:nn_last_partner"
[kp]    247.96s  alloc        711.9 MB  Cuda     live     4878.3 MB  "collide:nn_last_partner"
[kp]    247.96s  dealloc      711.9 MB  Cuda     live     4166.3 MB  "collide:nn_last_partner"
[kp]    248.01s  alloc        711.9 MB  Cuda     live     4878.3 MB  "collide:nn_last_partner"
[kp]    248.01s  dealloc      711.9 MB  Cuda     live     4166.3 MB  "collide:nn_last_partner"
[kp]    248.06s  alloc        711.9 MB  Cuda     live     4878.3 MB  "collide:nn_last_partner"
[kp]    248.06s  dealloc      711.9 MB  Cuda     live     4166.3 MB  "collide:nn_last_partner"
[kp]    248.11s  alloc        711.9 MB  Cuda     live     4878.3 MB  "collide:nn_last_partner"
[kp]    248.11s  dealloc      711.9 MB  Cuda     live     4166.3 MB  "collide:nn_last_partner"
[kp]    248.16s  alloc        711.9 MB  Cuda     live     4878.3 MB  "collide:nn_last_partner"
[kp]    248.16s  dealloc      711.9 MB  Cuda     live     4166.3 MB  "collide:nn_last_partner"
[kp]    248.21s  alloc        711.9 MB  Cuda     live     4878.3 MB  "collide:nn_last_partner"
[kp]    248.21s  dealloc      711.9 MB  Cuda     live     4166.3 MB  "collide:nn_last_partner"
[kp]    248.26s  alloc        711.9 MB  Cuda     live     4878.3 MB  "collide:nn_last_partner"
[kp]    248.26s  dealloc      711.9 MB  Cuda     live     4166.3 MB  "collide:nn_last_partner"
[kp]    248.31s  alloc        711.9 MB  Cuda     live     4878.3 MB  "collide:nn_last_partner"
[kp]    248.31s  dealloc      711.9 MB  Cuda     live     4166.3 MB  "collide:nn_last_partner"
[kp]    248.36s  alloc        711.9 MB  Cuda     live     4878.3 MB  "collide:nn_last_partner"
[kp]    248.36s  dealloc      711.9 MB  Cuda     live     4166.3 MB  "collide:nn_last_partner"
[kp]    248.41s  alloc        711.9 MB  Cuda     live     4878.3 MB  "collide:nn_last_partner"
[kp]    248.41s  dealloc      711.9 MB  Cuda     live     4166.3 MB  "collide:nn_last_partner"
[kp]    248.46s  alloc        711.9 MB  Cuda     live     4878.3 MB  "collide:nn_last_partner"
[kp]    248.46s  dealloc      711.9 MB  Cuda     live     4166.3 MB  "collide:nn_last_partner"
[kp]    248.51s  alloc        711.9 MB  Cuda     live     4878.3 MB  "collide:nn_last_partner"
[kp]    248.51s  dealloc      711.9 MB  Cuda     live     4166.3 MB  "collide:nn_last_partner"
[kp]    248.56s  alloc        711.9 MB  Cuda     live     4878.3 MB  "collide:nn_last_partner"
[kp]    248.56s  dealloc      711.9 MB  Cuda     live     4166.3 MB  "collide:nn_last_partner"
[kp]    248.61s  alloc        711.9 MB  Cuda     live     4878.3 MB  "collide:nn_last_partner"
[kp]    248.61s  dealloc      711.9 MB  Cuda     live     4166.3 MB  "collide:nn_last_partner"
[kp]    248.66s  alloc        711.9 MB  Cuda     live     4878.3 MB  "collide:nn_last_partner"
[kp]    248.66s  dealloc      711.9 MB  Cuda     live     4166.3 MB  "collide:nn_last_partner"
[kp]    248.71s  alloc        711.9 MB  Cuda     live     4878.3 MB  "collide:nn_last_partner"
[kp]    248.71s  dealloc      711.9 MB  Cuda     live     4166.3 MB  "collide:nn_last_partner"
[kp]    248.76s  alloc        711.9 MB  Cuda     live     4878.3 MB  "collide:nn_last_partner"
[kp]    248.76s  dealloc      711.9 MB  Cuda     live     4166.3 MB  "collide:nn_last_partner"
[kp]    248.81s  alloc        711.9 MB  Cuda     live     4878.3 MB  "collide:nn_last_partner"
[kp]    248.81s  dealloc      711.9 MB  Cuda     live     4166.3 MB  "collide:nn_last_partner"
[kp]    248.86s  alloc        711.9 MB  Cuda     live     4878.3 MB  "collide:nn_last_partner"
[kp]    248.86s  dealloc      711.9 MB  Cuda     live     4166.3 MB  "collide:nn_last_partner"
[kp]    248.91s  alloc        711.9 MB  Cuda     live     4878.3 MB  "collide:nn_last_partner"
[kp]    248.91s  dealloc      711.9 MB  Cuda     live     4166.3 MB  "collide:nn_last_partner"
[kp]    248.96s  alloc        711.9 MB  Cuda     live     4878.3 MB  "collide:nn_last_partner"
[kp]    248.96s  dealloc      711.9 MB  Cuda     live     4166.3 MB  "collide:nn_last_partner"
[kp]    249.01s  alloc        711.9 MB  Cuda     live     4878.3 MB  "collide:nn_last_partner"
[kp]    249.01s  dealloc      711.9 MB  Cuda     live     4166.3 MB  "collide:nn_last_partner"
[kp]    249.06s  alloc        711.9 MB  Cuda     live     4878.3 MB  "collide:nn_last_partner"
[kp]    249.06s  dealloc      711.9 MB  Cuda     live     4166.3 MB  "collide:nn_last_partner"
[kp]    249.11s  alloc        711.9 MB  Cuda     live     4878.3 MB  "collide:nn_last_partner"
[kp]    249.11s  dealloc      711.9 MB  Cuda     live     4166.3 MB  "collide:nn_last_partner"
[kp]    249.16s  alloc        711.9 MB  Cuda     live     4878.3 MB  "collide:nn_last_partner"
[kp]    249.16s  dealloc      711.9 MB  Cuda     live     4166.3 MB  "collide:nn_last_partner"
[kp]    249.21s  alloc        711.9 MB  Cuda     live     4878.3 MB  "collide:nn_last_partner"
[kp]    249.21s  dealloc      711.9 MB  Cuda     live     4166.3 MB  "collide:nn_last_partner"
[kp]    249.26s  alloc        711.9 MB  Cuda     live     4878.3 MB  "collide:nn_last_partner"
[kp]    249.26s  dealloc      711.9 MB  Cuda     live     4166.3 MB  "collide:nn_last_partner"
[kp]    249.31s  alloc        711.9 MB  Cuda     live     4878.3 MB  "collide:nn_last_partner"
[kp]    249.31s  dealloc      711.9 MB  Cuda     live     4166.3 MB  "collide:nn_last_partner"
[kp]    249.36s  alloc        711.9 MB  Cuda     live     4878.3 MB  "collide:nn_last_partner"
[kp]    249.36s  dealloc      711.9 MB  Cuda     live     4166.3 MB  "collide:nn_last_partner"
[kp]    249.41s  alloc        711.9 MB  Cuda     live     4878.3 MB  "collide:nn_last_partner"
[kp]    249.41s  dealloc      711.9 MB  Cuda     live     4166.3 MB  "collide:nn_last_partner"
[kp]    249.46s  alloc        711.9 MB  Cuda     live     4878.3 MB  "collide:nn_last_partner"
[kp]    249.46s  dealloc      711.9 MB  Cuda     live     4166.3 MB  "collide:nn_last_partner"
[kp]    249.50s  alloc        711.9 MB  Cuda     live     4878.3 MB  "collide:nn_last_partner"
[kp]    249.51s  dealloc      711.9 MB  Cuda     live     4166.3 MB  "collide:nn_last_partner"
[kp]    249.55s  alloc        711.9 MB  Cuda     live     4878.3 MB  "collide:nn_last_partner"
[kp]    249.56s  dealloc      711.9 MB  Cuda     live     4166.3 MB  "collide:nn_last_partner"
[kp]    249.60s  alloc        711.9 MB  Cuda     live     4878.3 MB  "collide:nn_last_partner"
[kp]    249.60s  dealloc      711.9 MB  Cuda     live     4166.3 MB  "collide:nn_last_partner"
[kp]    249.65s  alloc        711.9 MB  Cuda     live     4878.3 MB  "collide:nn_last_partner"
[kp]    249.65s  dealloc      711.9 MB  Cuda     live     4166.3 MB  "collide:nn_last_partner"
[kp]    249.70s  alloc        711.9 MB  Cuda     live     4878.3 MB  "collide:nn_last_partner"
[kp]    249.70s  dealloc      711.9 MB  Cuda     live     4166.3 MB  "collide:nn_last_partner"
[kp]    249.75s  alloc        711.9 MB  Cuda     live     4878.3 MB  "collide:nn_last_partner"
[kp]    249.75s  dealloc      711.9 MB  Cuda     live     4166.3 MB  "collide:nn_last_partner"
[kp]    249.80s  alloc        711.9 MB  Cuda     live     4878.3 MB  "collide:nn_last_partner"
[kp]    249.80s  dealloc      711.9 MB  Cuda     live     4166.3 MB  "collide:nn_last_partner"
[kp]    249.85s  alloc        711.9 MB  Cuda     live     4878.3 MB  "collide:nn_last_partner"
[kp]    249.85s  dealloc      711.9 MB  Cuda     live     4166.3 MB  "collide:nn_last_partner"
[kp]    249.90s  alloc        711.9 MB  Cuda     live     4878.3 MB  "collide:nn_last_partner"
[kp]    249.90s  dealloc      711.9 MB  Cuda     live     4166.3 MB  "collide:nn_last_partner"
[kp]    249.95s  alloc        711.9 MB  Cuda     live     4878.3 MB  "collide:nn_last_partner"
[kp]    249.95s  dealloc      711.9 MB  Cuda     live     4166.3 MB  "collide:nn_last_partner"
    4400    237.32435 5.8997959e-08    19.665985        3e-09 27284055   102196    52184        0        0      298.939 
[kp]    250.11s  alloc        711.9 MB  Cuda     live     4878.3 MB  "collide:nn_last_partner"
[kp]    250.11s  dealloc      711.9 MB  Cuda     live     4166.3 MB  "collide:nn_last_partner"
[kp]    250.16s  alloc        711.9 MB  Cuda     live     4878.3 MB  "collide:nn_last_partner"
[kp]    250.16s  dealloc      711.9 MB  Cuda     live     4166.3 MB  "collide:nn_last_partner"
[kp]    250.21s  alloc        711.9 MB  Cuda     live     4878.3 MB  "collide:nn_last_partner"
[kp]    250.21s  dealloc      711.9 MB  Cuda     live     4166.3 MB  "collide:nn_last_partner"
[kp]    250.26s  alloc        711.9 MB  Cuda     live     4878.3 MB  "collide:nn_last_partner"
[kp]    250.26s  dealloc      711.9 MB  Cuda     live     4166.3 MB  "collide:nn_last_partner"
[kp]    250.31s  alloc        711.9 MB  Cuda     live     4878.3 MB  "collide:nn_last_partner"
[kp]    250.31s  dealloc      711.9 MB  Cuda     live     4166.3 MB  "collide:nn_last_partner"
[kp]    250.36s  alloc        711.9 MB  Cuda     live     4878.3 MB  "collide:nn_last_partner"
[kp]    250.36s  dealloc      711.9 MB  Cuda     live     4166.3 MB  "collide:nn_last_partner"
[kp]    250.41s  alloc        711.9 MB  Cuda     live     4878.3 MB  "collide:nn_last_partner"
[kp]    250.41s  dealloc      711.9 MB  Cuda     live     4166.3 MB  "collide:nn_last_partner"
[kp]    250.46s  alloc        711.9 MB  Cuda     live     4878.3 MB  "collide:nn_last_partner"
[kp]    250.46s  dealloc      711.9 MB  Cuda     live     4166.3 MB  "collide:nn_last_partner"
[kp]    250.51s  alloc        711.9 MB  Cuda     live     4878.3 MB  "collide:nn_last_partner"
[kp]    250.51s  dealloc      711.9 MB  Cuda     live     4166.3 MB  "collide:nn_last_partner"
[kp]    250.56s  alloc        711.9 MB  Cuda     live     4878.3 MB  "collide:nn_last_partner"
[kp]    250.56s  dealloc      711.9 MB  Cuda     live     4166.3 MB  "collide:nn_last_partner"
[kp]    250.61s  alloc        711.9 MB  Cuda     live     4878.3 MB  "collide:nn_last_partner"
[kp]    250.61s  dealloc      711.9 MB  Cuda     live     4166.3 MB  "collide:nn_last_partner"
[kp]    250.66s  alloc        711.9 MB  Cuda     live     4878.3 MB  "collide:nn_last_partner"
[kp]    250.66s  dealloc      711.9 MB  Cuda     live     4166.3 MB  "collide:nn_last_partner"
[kp]    250.71s  alloc        711.9 MB  Cuda     live     4878.3 MB  "collide:nn_last_partner"
[kp]    250.71s  dealloc      711.9 MB  Cuda     live     4166.3 MB  "collide:nn_last_partner"
[kp]    250.76s  alloc        711.9 MB  Cuda     live     4878.3 MB  "collide:nn_last_partner"
[kp]    250.76s  dealloc      711.9 MB  Cuda     live     4166.3 MB  "collide:nn_last_partner"
[kp]    250.81s  alloc        711.9 MB  Cuda     live     4878.3 MB  "collide:nn_last_partner"
[kp]    250.81s  dealloc      711.9 MB  Cuda     live     4166.3 MB  "collide:nn_last_partner"
[kp]    250.86s  alloc        711.9 MB  Cuda     live     4878.3 MB  "collide:nn_last_partner"
[kp]    250.86s  dealloc      711.9 MB  Cuda     live     4166.3 MB  "collide:nn_last_partner"
[kp]    250.91s  alloc        711.9 MB  Cuda     live     4878.3 MB  "collide:nn_last_partner"
[kp]    250.91s  dealloc      711.9 MB  Cuda     live     4166.3 MB  "collide:nn_last_partner"
[kp]    250.96s  alloc        711.9 MB  Cuda     live     4878.3 MB  "collide:nn_last_partner"
[kp]    250.96s  dealloc      711.9 MB  Cuda     live     4166.3 MB  "collide:nn_last_partner"
[kp]    251.01s  alloc        711.9 MB  Cuda     live     4878.3 MB  "collide:nn_last_partner"
[kp]    251.01s  dealloc      711.9 MB  Cuda     live     4166.3 MB  "collide:nn_last_partner"
[kp]    251.06s  alloc        711.9 MB  Cuda     live     4878.3 MB  "collide:nn_last_partner"
[kp]    251.06s  dealloc      711.9 MB  Cuda     live     4166.3 MB  "collide:nn_last_partner"
[kp]    251.11s  alloc        711.9 MB  Cuda     live     4878.3 MB  "collide:nn_last_partner"
[kp]    251.11s  dealloc      711.9 MB  Cuda     live     4166.3 MB  "collide:nn_last_partner"
[kp]    251.16s  alloc        711.9 MB  Cuda     live     4878.3 MB  "collide:nn_last_partner"
[kp]    251.16s  dealloc      711.9 MB  Cuda     live     4166.3 MB  "collide:nn_last_partner"
[kp]    251.21s  alloc        711.9 MB  Cuda     live     4878.3 MB  "collide:nn_last_partner"
[kp]    251.21s  dealloc      711.9 MB  Cuda     live     4166.3 MB  "collide:nn_last_partner"
[kp]    251.26s  alloc        711.9 MB  Cuda     live     4878.3 MB  "collide:nn_last_partner"
[kp]    251.26s  dealloc      711.9 MB  Cuda     live     4166.3 MB  "collide:nn_last_partner"
[kp]    251.31s  alloc        711.9 MB  Cuda     live     4878.3 MB  "collide:nn_last_partner"
[kp]    251.31s  dealloc      711.9 MB  Cuda     live     4166.3 MB  "collide:nn_last_partner"
[kp]    251.36s  alloc        711.9 MB  Cuda     live     4878.3 MB  "collide:nn_last_partner"
[kp]    251.36s  dealloc      711.9 MB  Cuda     live     4166.3 MB  "collide:nn_last_partner"
[kp]    251.41s  alloc        711.9 MB  Cuda     live     4878.3 MB  "collide:nn_last_partner"
[kp]    251.41s  dealloc      711.9 MB  Cuda     live     4166.3 MB  "collide:nn_last_partner"
[kp]    251.45s  alloc        711.9 MB  Cuda     live     4878.3 MB  "collide:nn_last_partner"
[kp]    251.46s  dealloc      711.9 MB  Cuda     live     4166.3 MB  "collide:nn_last_partner"
[kp]    251.50s  alloc        711.9 MB  Cuda     live     4878.3 MB  "collide:nn_last_partner"
[kp]    251.51s  dealloc      711.9 MB  Cuda     live     4166.3 MB  "collide:nn_last_partner"
[kp]    251.55s  alloc        711.9 MB  Cuda     live     4878.3 MB  "collide:nn_last_partner"
[kp]    251.55s  dealloc      711.9 MB  Cuda     live     4166.3 MB  "collide:nn_last_partner"
[kp]    251.60s  alloc        711.9 MB  Cuda     live     4878.3 MB  "collide:nn_last_partner"
[kp]    251.60s  dealloc      711.9 MB  Cuda     live     4166.3 MB  "collide:nn_last_partner"
[kp]    251.65s  alloc        711.9 MB  Cuda     live     4878.3 MB  "collide:nn_last_partner"
[kp]    251.65s  dealloc      711.9 MB  Cuda     live     4166.3 MB  "collide:nn_last_partner"
[kp]    251.70s  alloc        711.9 MB  Cuda     live     4878.3 MB  "collide:nn_last_partner"
[kp]    251.70s  dealloc      711.9 MB  Cuda     live     4166.3 MB  "collide:nn_last_partner"
[kp]    251.75s  alloc        711.9 MB  Cuda     live     4878.3 MB  "collide:nn_last_partner"
[kp]    251.75s  dealloc      711.9 MB  Cuda     live     4166.3 MB  "collide:nn_last_partner"
[kp]    251.80s  alloc        711.9 MB  Cuda     live     4878.3 MB  "collide:nn_last_partner"
[kp]    251.80s  dealloc      711.9 MB  Cuda     live     4166.3 MB  "collide:nn_last_partner"
[kp]    251.85s  alloc        711.9 MB  Cuda     live     4878.3 MB  "collide:nn_last_partner"
[kp]    251.85s  dealloc      711.9 MB  Cuda     live     4166.3 MB  "collide:nn_last_partner"
[kp]    251.90s  alloc        711.9 MB  Cuda     live     4878.3 MB  "collide:nn_last_partner"
[kp]    251.90s  dealloc      711.9 MB  Cuda     live     4166.3 MB  "collide:nn_last_partner"
[kp]    251.95s  alloc        711.9 MB  Cuda     live     4878.3 MB  "collide:nn_last_partner"
[kp]    251.95s  dealloc      711.9 MB  Cuda     live     4166.3 MB  "collide:nn_last_partner"
[kp]    252.00s  alloc        711.9 MB  Cuda     live     4878.3 MB  "collide:nn_last_partner"
[kp]    252.00s  dealloc      711.9 MB  Cuda     live     4166.3 MB  "collide:nn_last_partner"
[kp]    252.05s  alloc        711.9 MB  Cuda     live     4878.3 MB  "collide:nn_last_partner"
[kp]    252.05s  dealloc      711.9 MB  Cuda     live     4166.3 MB  "collide:nn_last_partner"
[kp]    252.10s  alloc        711.9 MB  Cuda     live     4878.3 MB  "collide:nn_last_partner"
[kp]    252.10s  dealloc      711.9 MB  Cuda     live     4166.3 MB  "collide:nn_last_partner"
[kp]    252.15s  alloc        711.9 MB  Cuda     live     4878.3 MB  "collide:nn_last_partner"
[kp]    252.15s  dealloc      711.9 MB  Cuda     live     4166.3 MB  "collide:nn_last_partner"
[kp]    252.20s  alloc        711.9 MB  Cuda     live     4878.3 MB  "collide:nn_last_partner"
[kp]    252.20s  dealloc      711.9 MB  Cuda     live     4166.3 MB  "collide:nn_last_partner"
[kp]    252.25s  alloc        711.9 MB  Cuda     live     4878.3 MB  "collide:nn_last_partner"
[kp]    252.25s  dealloc      711.9 MB  Cuda     live     4166.3 MB  "collide:nn_last_partner"
[kp]    252.30s  alloc        711.9 MB  Cuda     live     4878.3 MB  "collide:nn_last_partner"
[kp]    252.30s  dealloc      711.9 MB  Cuda     live     4166.3 MB  "collide:nn_last_partner"
[kp]    252.35s  alloc        711.9 MB  Cuda     live     4878.3 MB  "collide:nn_last_partner"
[kp]    252.35s  dealloc      711.9 MB  Cuda     live     4166.3 MB  "collide:nn_last_partner"
[kp]    252.40s  alloc        711.9 MB  Cuda     live     4878.3 MB  "collide:nn_last_partner"
[kp]    252.40s  dealloc      711.9 MB  Cuda     live     4166.3 MB  "collide:nn_last_partner"
[kp]    252.45s  alloc        711.9 MB  Cuda     live     4878.3 MB  "collide:nn_last_partner"
[kp]    252.45s  dealloc      711.9 MB  Cuda     live     4166.3 MB  "collide:nn_last_partner"
[kp]    252.50s  alloc        711.9 MB  Cuda     live     4878.3 MB  "collide:nn_last_partner"
[kp]    252.50s  dealloc      711.9 MB  Cuda     live     4166.3 MB  "collide:nn_last_partner"
[kp]    252.55s  alloc        711.9 MB  Cuda     live     4878.3 MB  "collide:nn_last_partner"
[kp]    252.55s  dealloc      711.9 MB  Cuda     live     4166.3 MB  "collide:nn_last_partner"
[kp]    252.60s  alloc        711.9 MB  Cuda     live     4878.3 MB  "collide:nn_last_partner"
[kp]    252.60s  dealloc      711.9 MB  Cuda     live     4166.3 MB  "collide:nn_last_partner"
[kp]    252.65s  alloc        711.9 MB  Cuda     live     4878.3 MB  "collide:nn_last_partner"
[kp]    252.65s  dealloc      711.9 MB  Cuda     live     4166.3 MB  "collide:nn_last_partner"
[kp]    252.70s  alloc        711.9 MB  Cuda     live     4878.3 MB  "collide:nn_last_partner"
[kp]    252.70s  dealloc      711.9 MB  Cuda     live     4166.3 MB  "collide:nn_last_partner"
[kp]    252.75s  alloc        711.9 MB  Cuda     live     4878.3 MB  "collide:nn_last_partner"
[kp]    252.75s  dealloc      711.9 MB  Cuda     live     4166.3 MB  "collide:nn_last_partner"
[kp]    252.80s  alloc        711.9 MB  Cuda     live     4878.3 MB  "collide:nn_last_partner"
[kp]    252.80s  dealloc      711.9 MB  Cuda     live     4166.3 MB  "collide:nn_last_partner"
[kp]    252.85s  alloc        711.9 MB  Cuda     live     4878.3 MB  "collide:nn_last_partner"
[kp]    252.85s  dealloc      711.9 MB  Cuda     live     4166.3 MB  "collide:nn_last_partner"
[kp]    252.90s  alloc        711.9 MB  Cuda     live     4878.3 MB  "collide:nn_last_partner"
[kp]    252.90s  dealloc      711.9 MB  Cuda     live     4166.3 MB  "collide:nn_last_partner"
[kp]    252.95s  alloc        711.9 MB  Cuda     live     4878.3 MB  "collide:nn_last_partner"
[kp]    252.95s  dealloc      711.9 MB  Cuda     live     4166.3 MB  "collide:nn_last_partner"
[kp]    253.00s  alloc        711.9 MB  Cuda     live     4878.3 MB  "collide:nn_last_partner"
[kp]    253.00s  dealloc      711.9 MB  Cuda     live     4166.3 MB  "collide:nn_last_partner"
[kp]    253.05s  alloc        711.9 MB  Cuda     live     4878.3 MB  "collide:nn_last_partner"
[kp]    253.05s  dealloc      711.9 MB  Cuda     live     4166.3 MB  "collide:nn_last_partner"
[kp]    253.09s  alloc        711.9 MB  Cuda     live     4878.3 MB  "collide:nn_last_partner"
[kp]    253.10s  dealloc      711.9 MB  Cuda     live     4166.3 MB  "collide:nn_last_partner"
[kp]    253.14s  alloc        711.9 MB  Cuda     live     4878.3 MB  "collide:nn_last_partner"
[kp]    253.15s  dealloc      711.9 MB  Cuda     live     4166.3 MB  "collide:nn_last_partner"
[kp]    253.19s  alloc        711.9 MB  Cuda     live     4878.3 MB  "collide:nn_last_partner"
[kp]    253.19s  dealloc      711.9 MB  Cuda     live     4166.3 MB  "collide:nn_last_partner"
[kp]    253.24s  alloc        711.9 MB  Cuda     live     4878.3 MB  "collide:nn_last_partner"
[kp]    253.24s  dealloc      711.9 MB  Cuda     live     4166.3 MB  "collide:nn_last_partner"
[kp]    253.29s  alloc        711.9 MB  Cuda     live     4878.3 MB  "collide:nn_last_partner"
[kp]    253.29s  dealloc      711.9 MB  Cuda     live     4166.3 MB  "collide:nn_last_partner"
[kp]    253.34s  alloc        711.9 MB  Cuda     live     4878.3 MB  "collide:nn_last_partner"
[kp]    253.34s  dealloc      711.9 MB  Cuda     live     4166.3 MB  "collide:nn_last_partner"
[kp]    253.39s  alloc        711.9 MB  Cuda     live     4878.3 MB  "collide:nn_last_partner"
[kp]    253.39s  dealloc      711.9 MB  Cuda     live     4166.3 MB  "collide:nn_last_partner"
[kp]    253.44s  alloc        711.9 MB  Cuda     live     4878.3 MB  "collide:nn_last_partner"
[kp]    253.44s  dealloc      711.9 MB  Cuda     live     4166.3 MB  "collide:nn_last_partner"
[kp]    253.49s  alloc        711.9 MB  Cuda     live     4878.3 MB  "collide:nn_last_partner"
[kp]    253.49s  dealloc      711.9 MB  Cuda     live     4166.3 MB  "collide:nn_last_partner"
[kp]    253.54s  alloc        711.9 MB  Cuda     live     4878.3 MB  "collide:nn_last_partner"
[kp]    253.54s  dealloc      711.9 MB  Cuda     live     4166.3 MB  "collide:nn_last_partner"
[kp]    253.59s  alloc        711.9 MB  Cuda     live     4878.3 MB  "collide:nn_last_partner"
[kp]    253.59s  dealloc      711.9 MB  Cuda     live     4166.3 MB  "collide:nn_last_partner"
[kp]    253.64s  alloc        711.9 MB  Cuda     live     4878.3 MB  "collide:nn_last_partner"
[kp]    253.64s  dealloc      711.9 MB  Cuda     live     4166.3 MB  "collide:nn_last_partner"
[kp]    253.69s  alloc        711.9 MB  Cuda     live     4878.3 MB  "collide:nn_last_partner"
[kp]    253.69s  dealloc      711.9 MB  Cuda     live     4166.3 MB  "collide:nn_last_partner"
[kp]    253.74s  alloc        711.9 MB  Cuda     live     4878.3 MB  "collide:nn_last_partner"
[kp]    253.74s  dealloc      711.9 MB  Cuda     live     4166.3 MB  "collide:nn_last_partner"
[kp]    253.79s  alloc        711.9 MB  Cuda     live     4878.3 MB  "collide:nn_last_partner"
[kp]    253.79s  dealloc      711.9 MB  Cuda     live     4166.3 MB  "collide:nn_last_partner"
[kp]    253.84s  alloc        711.9 MB  Cuda     live     4878.3 MB  "collide:nn_last_partner"
[kp]    253.84s  dealloc      711.9 MB  Cuda     live     4166.3 MB  "collide:nn_last_partner"
[kp]    253.89s  alloc        711.9 MB  Cuda     live     4878.3 MB  "collide:nn_last_partner"
[kp]    253.89s  dealloc      711.9 MB  Cuda     live     4166.3 MB  "collide:nn_last_partner"
[kp]    253.94s  alloc        711.9 MB  Cuda     live     4878.3 MB  "collide:nn_last_partner"
[kp]    253.94s  dealloc      711.9 MB  Cuda     live     4166.3 MB  "collide:nn_last_partner"
[kp]    253.99s  alloc        711.9 MB  Cuda     live     4878.3 MB  "collide:nn_last_partner"
[kp]    253.99s  dealloc      711.9 MB  Cuda     live     4166.3 MB  "collide:nn_last_partner"
[kp]    254.04s  alloc        711.9 MB  Cuda     live     4878.3 MB  "collide:nn_last_partner"
[kp]    254.04s  dealloc      711.9 MB  Cuda     live     4166.3 MB  "collide:nn_last_partner"
[kp]    254.09s  alloc        711.9 MB  Cuda     live     4878.3 MB  "collide:nn_last_partner"
[kp]    254.09s  dealloc      711.9 MB  Cuda     live     4166.3 MB  "collide:nn_last_partner"
[kp]    254.14s  alloc        711.9 MB  Cuda     live     4878.3 MB  "collide:nn_last_partner"
[kp]    254.14s  dealloc      711.9 MB  Cuda     live     4166.3 MB  "collide:nn_last_partner"
[kp]    254.19s  alloc        711.9 MB  Cuda     live     4878.3 MB  "collide:nn_last_partner"
[kp]    254.19s  dealloc      711.9 MB  Cuda     live     4166.3 MB  "collide:nn_last_partner"
[kp]    254.24s  alloc        711.9 MB  Cuda     live     4878.3 MB  "collide:nn_last_partner"
[kp]    254.24s  dealloc      711.9 MB  Cuda     live     4166.3 MB  "collide:nn_last_partner"
[kp]    254.29s  alloc        711.9 MB  Cuda     live     4878.3 MB  "collide:nn_last_partner"
[kp]    254.29s  dealloc      711.9 MB  Cuda     live     4166.3 MB  "collide:nn_last_partner"
[kp]    254.34s  alloc        711.9 MB  Cuda     live     4878.3 MB  "collide:nn_last_partner"
[kp]    254.34s  dealloc      711.9 MB  Cuda     live     4166.3 MB  "collide:nn_last_partner"
[kp]    254.39s  alloc        711.9 MB  Cuda     live     4878.3 MB  "collide:nn_last_partner"
[kp]    254.39s  dealloc      711.9 MB  Cuda     live     4166.3 MB  "collide:nn_last_partner"
[kp]    254.44s  alloc        711.9 MB  Cuda     live     4878.3 MB  "collide:nn_last_partner"
[kp]    254.44s  dealloc      711.9 MB  Cuda     live     4166.3 MB  "collide:nn_last_partner"
[kp]    254.49s  alloc        711.9 MB  Cuda     live     4878.3 MB  "collide:nn_last_partner"
[kp]    254.49s  dealloc      711.9 MB  Cuda     live     4166.3 MB  "collide:nn_last_partner"
[kp]    254.54s  alloc        711.9 MB  Cuda     live     4878.3 MB  "collide:nn_last_partner"
[kp]    254.54s  dealloc      711.9 MB  Cuda     live     4166.3 MB  "collide:nn_last_partner"
[kp]    254.59s  alloc        711.9 MB  Cuda     live     4878.3 MB  "collide:nn_last_partner"
[kp]    254.59s  dealloc      711.9 MB  Cuda     live     4166.3 MB  "collide:nn_last_partner"
[kp]    254.64s  alloc        711.9 MB  Cuda     live     4878.3 MB  "collide:nn_last_partner"
[kp]    254.64s  dealloc      711.9 MB  Cuda     live     4166.3 MB  "collide:nn_last_partner"
[kp]    254.69s  alloc        711.9 MB  Cuda     live     4878.3 MB  "collide:nn_last_partner"
[kp]    254.69s  dealloc      711.9 MB  Cuda     live     4166.3 MB  "collide:nn_last_partner"
[kp]    254.74s  alloc        711.9 MB  Cuda     live     4878.3 MB  "collide:nn_last_partner"
[kp]    254.74s  dealloc      711.9 MB  Cuda     live     4166.3 MB  "collide:nn_last_partner"
[kp]    254.79s  alloc        711.9 MB  Cuda     live     4878.3 MB  "collide:nn_last_partner"
[kp]    254.79s  dealloc      711.9 MB  Cuda     live     4166.3 MB  "collide:nn_last_partner"
[kp]    254.84s  alloc        711.9 MB  Cuda     live     4878.3 MB  "collide:nn_last_partner"
[kp]    254.84s  dealloc      711.9 MB  Cuda     live     4166.3 MB  "collide:nn_last_partner"
[kp]    254.88s  alloc        711.9 MB  Cuda     live     4878.3 MB  "collide:nn_last_partner"
[kp]    254.89s  dealloc      711.9 MB  Cuda     live     4166.3 MB  "collide:nn_last_partner"
[kp]    254.93s  alloc        711.9 MB  Cuda     live     4878.3 MB  "collide:nn_last_partner"
[kp]    254.94s  dealloc      711.9 MB  Cuda     live     4166.3 MB  "collide:nn_last_partner"
[kp]    254.98s  alloc        711.9 MB  Cuda     live     4878.3 MB  "collide:nn_last_partner"
[kp]    254.98s  dealloc      711.9 MB  Cuda     live     4166.3 MB  "collide:nn_last_partner"
[kp]    255.03s  alloc        711.9 MB  Cuda     live     4878.3 MB  "collide:nn_last_partner"
[kp]    255.03s  dealloc      711.9 MB  Cuda     live     4166.3 MB  "collide:nn_last_partner"
    4500    242.40642 5.9031011e-08    19.677001        3e-09 27267325   102359    52142        0        0    298.91713 
[kp]    255.19s  alloc        711.9 MB  Cuda     live     4878.3 MB  "collide:nn_last_partner"
[kp]    255.19s  dealloc      711.9 MB  Cuda     live     4166.3 MB  "collide:nn_last_partner"
[kp]    255.24s  alloc        711.9 MB  Cuda     live     4878.3 MB  "collide:nn_last_partner"
[kp]    255.24s  dealloc      711.9 MB  Cuda     live     4166.3 MB  "collide:nn_last_partner"
[kp]    255.29s  alloc        711.9 MB  Cuda     live     4878.3 MB  "collide:nn_last_partner"
[kp]    255.29s  dealloc      711.9 MB  Cuda     live     4166.3 MB  "collide:nn_last_partner"
[kp]    255.34s  alloc        711.9 MB  Cuda     live     4878.3 MB  "collide:nn_last_partner"
[kp]    255.34s  dealloc      711.9 MB  Cuda     live     4166.3 MB  "collide:nn_last_partner"
[kp]    255.39s  alloc        711.9 MB  Cuda     live     4878.3 MB  "collide:nn_last_partner"
[kp]    255.39s  dealloc      711.9 MB  Cuda     live     4166.3 MB  "collide:nn_last_partner"
[kp]    255.44s  alloc        711.9 MB  Cuda     live     4878.3 MB  "collide:nn_last_partner"
[kp]    255.44s  dealloc      711.9 MB  Cuda     live     4166.3 MB  "collide:nn_last_partner"
[kp]    255.49s  alloc        711.9 MB  Cuda     live     4878.3 MB  "collide:nn_last_partner"
[kp]    255.49s  dealloc      711.9 MB  Cuda     live     4166.3 MB  "collide:nn_last_partner"
[kp]    255.54s  alloc        711.9 MB  Cuda     live     4878.3 MB  "collide:nn_last_partner"
[kp]    255.54s  dealloc      711.9 MB  Cuda     live     4166.3 MB  "collide:nn_last_partner"
[kp]    255.59s  alloc        711.9 MB  Cuda     live     4878.3 MB  "collide:nn_last_partner"
[kp]    255.59s  dealloc      711.9 MB  Cuda     live     4166.3 MB  "collide:nn_last_partner"
[kp]    255.64s  alloc        711.9 MB  Cuda     live     4878.3 MB  "collide:nn_last_partner"
[kp]    255.64s  dealloc      711.9 MB  Cuda     live     4166.3 MB  "collide:nn_last_partner"
[kp]    255.69s  alloc        711.9 MB  Cuda     live     4878.3 MB  "collide:nn_last_partner"
[kp]    255.69s  dealloc      711.9 MB  Cuda     live     4166.3 MB  "collide:nn_last_partner"
[kp]    255.74s  alloc        711.9 MB  Cuda     live     4878.3 MB  "collide:nn_last_partner"
[kp]    255.74s  dealloc      711.9 MB  Cuda     live     4166.3 MB  "collide:nn_last_partner"
[kp]    255.79s  alloc        711.9 MB  Cuda     live     4878.3 MB  "collide:nn_last_partner"
[kp]    255.79s  dealloc      711.9 MB  Cuda     live     4166.3 MB  "collide:nn_last_partner"
[kp]    255.84s  alloc        711.9 MB  Cuda     live     4878.3 MB  "collide:nn_last_partner"
[kp]    255.84s  dealloc      711.9 MB  Cuda     live     4166.3 MB  "collide:nn_last_partner"
[kp]    255.89s  alloc        711.9 MB  Cuda     live     4878.3 MB  "collide:nn_last_partner"
[kp]    255.89s  dealloc      711.9 MB  Cuda     live     4166.3 MB  "collide:nn_last_partner"
[kp]    255.94s  alloc        711.9 MB  Cuda     live     4878.3 MB  "collide:nn_last_partner"
[kp]    255.94s  dealloc      711.9 MB  Cuda     live     4166.3 MB  "collide:nn_last_partner"
[kp]    255.99s  alloc        711.9 MB  Cuda     live     4878.3 MB  "collide:nn_last_partner"
[kp]    255.99s  dealloc      711.9 MB  Cuda     live     4166.3 MB  "collide:nn_last_partner"
[kp]    256.04s  alloc        711.9 MB  Cuda     live     4878.3 MB  "collide:nn_last_partner"
[kp]    256.04s  dealloc      711.9 MB  Cuda     live     4166.3 MB  "collide:nn_last_partner"
[kp]    256.09s  alloc        711.9 MB  Cuda     live     4878.3 MB  "collide:nn_last_partner"
[kp]    256.09s  dealloc      711.9 MB  Cuda     live     4166.3 MB  "collide:nn_last_partner"
[kp]    256.14s  alloc        711.9 MB  Cuda     live     4878.3 MB  "collide:nn_last_partner"
[kp]    256.14s  dealloc      711.9 MB  Cuda     live     4166.3 MB  "collide:nn_last_partner"
[kp]    256.19s  alloc        711.9 MB  Cuda     live     4878.3 MB  "collide:nn_last_partner"
[kp]    256.19s  dealloc      711.9 MB  Cuda     live     4166.3 MB  "collide:nn_last_partner"
[kp]    256.24s  alloc        711.9 MB  Cuda     live     4878.3 MB  "collide:nn_last_partner"
[kp]    256.24s  dealloc      711.9 MB  Cuda     live     4166.3 MB  "collide:nn_last_partner"
[kp]    256.29s  alloc        711.9 MB  Cuda     live     4878.3 MB  "collide:nn_last_partner"
[kp]    256.29s  dealloc      711.9 MB  Cuda     live     4166.3 MB  "collide:nn_last_partner"
[kp]    256.34s  alloc        711.9 MB  Cuda     live     4878.3 MB  "collide:nn_last_partner"
[kp]    256.34s  dealloc      711.9 MB  Cuda     live     4166.3 MB  "collide:nn_last_partner"
[kp]    256.39s  alloc        711.9 MB  Cuda     live     4878.3 MB  "collide:nn_last_partner"
[kp]    256.39s  dealloc      711.9 MB  Cuda     live     4166.3 MB  "collide:nn_last_partner"
[kp]    256.44s  alloc        711.9 MB  Cuda     live     4878.3 MB  "collide:nn_last_partner"
[kp]    256.44s  dealloc      711.9 MB  Cuda     live     4166.3 MB  "collide:nn_last_partner"
[kp]    256.49s  alloc        711.9 MB  Cuda     live     4878.3 MB  "collide:nn_last_partner"
[kp]    256.49s  dealloc      711.9 MB  Cuda     live     4166.3 MB  "collide:nn_last_partner"
[kp]    256.54s  alloc        711.9 MB  Cuda     live     4878.3 MB  "collide:nn_last_partner"
[kp]    256.54s  dealloc      711.9 MB  Cuda     live     4166.3 MB  "collide:nn_last_partner"
[kp]    256.59s  alloc        711.9 MB  Cuda     live     4878.3 MB  "collide:nn_last_partner"
[kp]    256.59s  dealloc      711.9 MB  Cuda     live     4166.3 MB  "collide:nn_last_partner"
[kp]    256.64s  alloc        711.9 MB  Cuda     live     4878.3 MB  "collide:nn_last_partner"
[kp]    256.64s  dealloc      711.9 MB  Cuda     live     4166.3 MB  "collide:nn_last_partner"
[kp]    256.69s  alloc        711.9 MB  Cuda     live     4878.3 MB  "collide:nn_last_partner"
[kp]    256.69s  dealloc      711.9 MB  Cuda     live     4166.3 MB  "collide:nn_last_partner"
[kp]    256.73s  alloc        711.9 MB  Cuda     live     4878.3 MB  "collide:nn_last_partner"
[kp]    256.74s  dealloc      711.9 MB  Cuda     live     4166.3 MB  "collide:nn_last_partner"
[kp]    256.78s  alloc        711.9 MB  Cuda     live     4878.3 MB  "collide:nn_last_partner"
[kp]    256.79s  dealloc      711.9 MB  Cuda     live     4166.3 MB  "collide:nn_last_partner"
[kp]    256.83s  alloc        711.9 MB  Cuda     live     4878.3 MB  "collide:nn_last_partner"
[kp]    256.83s  dealloc      711.9 MB  Cuda     live     4166.3 MB  "collide:nn_last_partner"
[kp]    256.88s  alloc        711.9 MB  Cuda     live     4878.3 MB  "collide:nn_last_partner"
[kp]    256.88s  dealloc      711.9 MB  Cuda     live     4166.3 MB  "collide:nn_last_partner"
[kp]    256.93s  alloc        711.9 MB  Cuda     live     4878.3 MB  "collide:nn_last_partner"
[kp]    256.93s  dealloc      711.9 MB  Cuda     live     4166.3 MB  "collide:nn_last_partner"
[kp]    256.98s  alloc        711.9 MB  Cuda     live     4878.3 MB  "collide:nn_last_partner"
[kp]    256.98s  dealloc      711.9 MB  Cuda     live     4166.3 MB  "collide:nn_last_partner"
[kp]    257.03s  alloc        711.9 MB  Cuda     live     4878.3 MB  "collide:nn_last_partner"
[kp]    257.03s  dealloc      711.9 MB  Cuda     live     4166.3 MB  "collide:nn_last_partner"
[kp]    257.08s  alloc        711.9 MB  Cuda     live     4878.3 MB  "collide:nn_last_partner"
[kp]    257.08s  dealloc      711.9 MB  Cuda     live     4166.3 MB  "collide:nn_last_partner"
[kp]    257.13s  alloc        711.9 MB  Cuda     live     4878.3 MB  "collide:nn_last_partner"
[kp]    257.13s  dealloc      711.9 MB  Cuda     live     4166.3 MB  "collide:nn_last_partner"
[kp]    257.18s  alloc        711.9 MB  Cuda     live     4878.3 MB  "collide:nn_last_partner"
[kp]    257.18s  dealloc      711.9 MB  Cuda     live     4166.3 MB  "collide:nn_last_partner"
[kp]    257.23s  alloc        711.9 MB  Cuda     live     4878.3 MB  "collide:nn_last_partner"
[kp]    257.23s  dealloc      711.9 MB  Cuda     live     4166.3 MB  "collide:nn_last_partner"
[kp]    257.28s  alloc        711.9 MB  Cuda     live     4878.3 MB  "collide:nn_last_partner"
[kp]    257.28s  dealloc      711.9 MB  Cuda     live     4166.3 MB  "collide:nn_last_partner"
[kp]    257.33s  alloc        711.9 MB  Cuda     live     4878.3 MB  "collide:nn_last_partner"
[kp]    257.33s  dealloc      711.9 MB  Cuda     live     4166.3 MB  "collide:nn_last_partner"
[kp]    257.38s  alloc        711.9 MB  Cuda     live     4878.3 MB  "collide:nn_last_partner"
[kp]    257.38s  dealloc      711.9 MB  Cuda     live     4166.3 MB  "collide:nn_last_partner"
[kp]    257.43s  alloc        711.9 MB  Cuda     live     4878.3 MB  "collide:nn_last_partner"
[kp]    257.43s  dealloc      711.9 MB  Cuda     live     4166.3 MB  "collide:nn_last_partner"
[kp]    257.48s  alloc        711.9 MB  Cuda     live     4878.3 MB  "collide:nn_last_partner"
[kp]    257.48s  dealloc      711.9 MB  Cuda     live     4166.3 MB  "collide:nn_last_partner"
[kp]    257.53s  alloc        711.9 MB  Cuda     live     4878.3 MB  "collide:nn_last_partner"
[kp]    257.53s  dealloc      711.9 MB  Cuda     live     4166.3 MB  "collide:nn_last_partner"
[kp]    257.58s  alloc        711.9 MB  Cuda     live     4878.3 MB  "collide:nn_last_partner"
[kp]    257.58s  dealloc      711.9 MB  Cuda     live     4166.3 MB  "collide:nn_last_partner"
[kp]    257.63s  alloc        711.9 MB  Cuda     live     4878.3 MB  "collide:nn_last_partner"
[kp]    257.63s  dealloc      711.9 MB  Cuda     live     4166.3 MB  "collide:nn_last_partner"
[kp]    257.68s  alloc        711.9 MB  Cuda     live     4878.3 MB  "collide:nn_last_partner"
[kp]    257.68s  dealloc      711.9 MB  Cuda     live     4166.3 MB  "collide:nn_last_partner"
[kp]    257.73s  alloc        711.9 MB  Cuda     live     4878.3 MB  "collide:nn_last_partner"
[kp]    257.73s  dealloc      711.9 MB  Cuda     live     4166.3 MB  "collide:nn_last_partner"
[kp]    257.78s  alloc        711.9 MB  Cuda     live     4878.3 MB  "collide:nn_last_partner"
[kp]    257.78s  dealloc      711.9 MB  Cuda     live     4166.3 MB  "collide:nn_last_partner"
[kp]    257.83s  alloc        711.9 MB  Cuda     live     4878.3 MB  "collide:nn_last_partner"
[kp]    257.83s  dealloc      711.9 MB  Cuda     live     4166.3 MB  "collide:nn_last_partner"
[kp]    257.88s  alloc        711.9 MB  Cuda     live     4878.3 MB  "collide:nn_last_partner"
[kp]    257.88s  dealloc      711.9 MB  Cuda     live     4166.3 MB  "collide:nn_last_partner"
[kp]    257.93s  alloc        711.9 MB  Cuda     live     4878.3 MB  "collide:nn_last_partner"
[kp]    257.93s  dealloc      711.9 MB  Cuda     live     4166.3 MB  "collide:nn_last_partner"
[kp]    257.98s  alloc        711.9 MB  Cuda     live     4878.3 MB  "collide:nn_last_partner"
[kp]    257.98s  dealloc      711.9 MB  Cuda     live     4166.3 MB  "collide:nn_last_partner"
[kp]    258.03s  alloc        711.9 MB  Cuda     live     4878.3 MB  "collide:nn_last_partner"
[kp]    258.03s  dealloc      711.9 MB  Cuda     live     4166.3 MB  "collide:nn_last_partner"
[kp]    258.08s  alloc        711.9 MB  Cuda     live     4878.3 MB  "collide:nn_last_partner"
[kp]    258.08s  dealloc      711.9 MB  Cuda     live     4166.3 MB  "collide:nn_last_partner"
[kp]    258.13s  alloc        711.9 MB  Cuda     live     4878.3 MB  "collide:nn_last_partner"
[kp]    258.13s  dealloc      711.9 MB  Cuda     live     4166.3 MB  "collide:nn_last_partner"
[kp]    258.18s  alloc        711.9 MB  Cuda     live     4878.3 MB  "collide:nn_last_partner"
[kp]    258.18s  dealloc      711.9 MB  Cuda     live     4166.3 MB  "collide:nn_last_partner"
[kp]    258.23s  alloc        711.9 MB  Cuda     live     4878.3 MB  "collide:nn_last_partner"
[kp]    258.23s  dealloc      711.9 MB  Cuda     live     4166.3 MB  "collide:nn_last_partner"
[kp]    258.28s  alloc        711.9 MB  Cuda     live     4878.3 MB  "collide:nn_last_partner"
[kp]    258.28s  dealloc      711.9 MB  Cuda     live     4166.3 MB  "collide:nn_last_partner"
[kp]    258.33s  alloc        711.9 MB  Cuda     live     4878.3 MB  "collide:nn_last_partner"
[kp]    258.33s  dealloc      711.9 MB  Cuda     live     4166.3 MB  "collide:nn_last_partner"
[kp]    258.37s  alloc        711.9 MB  Cuda     live     4878.3 MB  "collide:nn_last_partner"
[kp]    258.38s  dealloc      711.9 MB  Cuda     live     4166.3 MB  "collide:nn_last_partner"
[kp]    258.42s  alloc        711.9 MB  Cuda     live     4878.3 MB  "collide:nn_last_partner"
[kp]    258.42s  dealloc      711.9 MB  Cuda     live     4166.3 MB  "collide:nn_last_partner"
[kp]    258.47s  alloc        711.9 MB  Cuda     live     4878.3 MB  "collide:nn_last_partner"
[kp]    258.47s  dealloc      711.9 MB  Cuda     live     4166.3 MB  "collide:nn_last_partner"
[kp]    258.52s  alloc        711.9 MB  Cuda     live     4878.3 MB  "collide:nn_last_partner"
[kp]    258.52s  dealloc      711.9 MB  Cuda     live     4166.3 MB  "collide:nn_last_partner"
[kp]    258.57s  alloc        711.9 MB  Cuda     live     4878.3 MB  "collide:nn_last_partner"
[kp]    258.57s  dealloc      711.9 MB  Cuda     live     4166.3 MB  "collide:nn_last_partner"
[kp]    258.62s  alloc        711.9 MB  Cuda     live     4878.3 MB  "collide:nn_last_partner"
[kp]    258.62s  dealloc      711.9 MB  Cuda     live     4166.3 MB  "collide:nn_last_partner"
[kp]    258.67s  alloc        711.9 MB  Cuda     live     4878.3 MB  "collide:nn_last_partner"
[kp]    258.67s  dealloc      711.9 MB  Cuda     live     4166.3 MB  "collide:nn_last_partner"
[kp]    258.72s  alloc        711.9 MB  Cuda     live     4878.3 MB  "collide:nn_last_partner"
[kp]    258.72s  dealloc      711.9 MB  Cuda     live     4166.3 MB  "collide:nn_last_partner"
[kp]    258.77s  alloc        711.9 MB  Cuda     live     4878.3 MB  "collide:nn_last_partner"
[kp]    258.77s  dealloc      711.9 MB  Cuda     live     4166.3 MB  "collide:nn_last_partner"
[kp]    258.82s  alloc        711.9 MB  Cuda     live     4878.3 MB  "collide:nn_last_partner"
[kp]    258.82s  dealloc      711.9 MB  Cuda     live     4166.3 MB  "collide:nn_last_partner"
[kp]    258.87s  alloc        711.9 MB  Cuda     live     4878.3 MB  "collide:nn_last_partner"
[kp]    258.87s  dealloc      711.9 MB  Cuda     live     4166.3 MB  "collide:nn_last_partner"
[kp]    258.92s  alloc        711.9 MB  Cuda     live     4878.3 MB  "collide:nn_last_partner"
[kp]    258.92s  dealloc      711.9 MB  Cuda     live     4166.3 MB  "collide:nn_last_partner"
[kp]    258.97s  alloc        711.9 MB  Cuda     live     4878.3 MB  "collide:nn_last_partner"
[kp]    258.97s  dealloc      711.9 MB  Cuda     live     4166.3 MB  "collide:nn_last_partner"
[kp]    259.02s  alloc        711.9 MB  Cuda     live     4878.3 MB  "collide:nn_last_partner"
[kp]    259.02s  dealloc      711.9 MB  Cuda     live     4166.3 MB  "collide:nn_last_partner"
[kp]    259.07s  alloc        711.9 MB  Cuda     live     4878.3 MB  "collide:nn_last_partner"
[kp]    259.07s  dealloc      711.9 MB  Cuda     live     4166.3 MB  "collide:nn_last_partner"
[kp]    259.12s  alloc        711.9 MB  Cuda     live     4878.3 MB  "collide:nn_last_partner"
[kp]    259.12s  dealloc      711.9 MB  Cuda     live     4166.3 MB  "collide:nn_last_partner"
[kp]    259.17s  alloc        711.9 MB  Cuda     live     4878.3 MB  "collide:nn_last_partner"
[kp]    259.17s  dealloc      711.9 MB  Cuda     live     4166.3 MB  "collide:nn_last_partner"
[kp]    259.22s  alloc        711.9 MB  Cuda     live     4878.3 MB  "collide:nn_last_partner"
[kp]    259.22s  dealloc      711.9 MB  Cuda     live     4166.3 MB  "collide:nn_last_partner"
[kp]    259.27s  alloc        711.9 MB  Cuda     live     4878.3 MB  "collide:nn_last_partner"
[kp]    259.27s  dealloc      711.9 MB  Cuda     live     4166.3 MB  "collide:nn_last_partner"
[kp]    259.32s  alloc        711.9 MB  Cuda     live     4878.3 MB  "collide:nn_last_partner"
[kp]    259.32s  dealloc      711.9 MB  Cuda     live     4166.3 MB  "collide:nn_last_partner"
[kp]    259.37s  alloc        711.9 MB  Cuda     live     4878.3 MB  "collide:nn_last_partner"
[kp]    259.37s  dealloc      711.9 MB  Cuda     live     4166.3 MB  "collide:nn_last_partner"
[kp]    259.42s  alloc        711.9 MB  Cuda     live     4878.3 MB  "collide:nn_last_partner"
[kp]    259.42s  dealloc      711.9 MB  Cuda     live     4166.3 MB  "collide:nn_last_partner"
[kp]    259.47s  alloc        711.9 MB  Cuda     live     4878.3 MB  "collide:nn_last_partner"
[kp]    259.47s  dealloc      711.9 MB  Cuda     live     4166.3 MB  "collide:nn_last_partner"
[kp]    259.52s  alloc        711.9 MB  Cuda     live     4878.3 MB  "collide:nn_last_partner"
[kp]    259.52s  dealloc      711.9 MB  Cuda     live     4166.3 MB  "collide:nn_last_partner"
[kp]    259.57s  alloc        711.9 MB  Cuda     live     4878.3 MB  "collide:nn_last_partner"
[kp]    259.57s  dealloc      711.9 MB  Cuda     live     4166.3 MB  "collide:nn_last_partner"
[kp]    259.62s  alloc        711.9 MB  Cuda     live     4878.3 MB  "collide:nn_last_partner"
[kp]    259.62s  dealloc      711.9 MB  Cuda     live     4166.3 MB  "collide:nn_last_partner"
[kp]    259.67s  alloc        711.9 MB  Cuda     live     4878.3 MB  "collide:nn_last_partner"
[kp]    259.67s  dealloc      711.9 MB  Cuda     live     4166.3 MB  "collide:nn_last_partner"
[kp]    259.72s  alloc        711.9 MB  Cuda     live     4878.3 MB  "collide:nn_last_partner"
[kp]    259.72s  dealloc      711.9 MB  Cuda     live     4166.3 MB  "collide:nn_last_partner"
[kp]    259.77s  alloc        711.9 MB  Cuda     live     4878.3 MB  "collide:nn_last_partner"
[kp]    259.77s  dealloc      711.9 MB  Cuda     live     4166.3 MB  "collide:nn_last_partner"
[kp]    259.82s  alloc        711.9 MB  Cuda     live     4878.3 MB  "collide:nn_last_partner"
[kp]    259.82s  dealloc      711.9 MB  Cuda     live     4166.3 MB  "collide:nn_last_partner"
[kp]    259.86s  alloc        711.9 MB  Cuda     live     4878.3 MB  "collide:nn_last_partner"
[kp]    259.87s  dealloc      711.9 MB  Cuda     live     4166.3 MB  "collide:nn_last_partner"
[kp]    259.91s  alloc        711.9 MB  Cuda     live     4878.3 MB  "collide:nn_last_partner"
[kp]    259.92s  dealloc      711.9 MB  Cuda     live     4166.3 MB  "collide:nn_last_partner"
[kp]    259.96s  alloc        711.9 MB  Cuda     live     4878.3 MB  "collide:nn_last_partner"
[kp]    259.96s  dealloc      711.9 MB  Cuda     live     4166.3 MB  "collide:nn_last_partner"
[kp]    260.01s  alloc        711.9 MB  Cuda     live     4878.3 MB  "collide:nn_last_partner"
[kp]    260.01s  dealloc      711.9 MB  Cuda     live     4166.3 MB  "collide:nn_last_partner"
[kp]    260.06s  alloc        711.9 MB  Cuda     live     4878.3 MB  "collide:nn_last_partner"
[kp]    260.06s  dealloc      711.9 MB  Cuda     live     4166.3 MB  "collide:nn_last_partner"
[kp]    260.11s  alloc        711.9 MB  Cuda     live     4878.3 MB  "collide:nn_last_partner"
[kp]    260.11s  dealloc      711.9 MB  Cuda     live     4166.3 MB  "collide:nn_last_partner"
    4600     247.4855 5.9065887e-08    19.688632        3e-09 27251569   102277    52105        0        0    299.00622 
[kp]    260.27s  alloc        711.9 MB  Cuda     live     4878.3 MB  "collide:nn_last_partner"
[kp]    260.27s  dealloc      711.9 MB  Cuda     live     4166.3 MB  "collide:nn_last_partner"
[kp]    260.32s  alloc        711.9 MB  Cuda     live     4878.3 MB  "collide:nn_last_partner"
[kp]    260.32s  dealloc      711.9 MB  Cuda     live     4166.3 MB  "collide:nn_last_partner"
[kp]    260.37s  alloc        711.9 MB  Cuda     live     4878.3 MB  "collide:nn_last_partner"
[kp]    260.37s  dealloc      711.9 MB  Cuda     live     4166.3 MB  "collide:nn_last_partner"
[kp]    260.42s  alloc        711.9 MB  Cuda     live     4878.3 MB  "collide:nn_last_partner"
[kp]    260.42s  dealloc      711.9 MB  Cuda     live     4166.3 MB  "collide:nn_last_partner"
[kp]    260.47s  alloc        711.9 MB  Cuda     live     4878.3 MB  "collide:nn_last_partner"
[kp]    260.47s  dealloc      711.9 MB  Cuda     live     4166.3 MB  "collide:nn_last_partner"
[kp]    260.52s  alloc        711.9 MB  Cuda     live     4878.3 MB  "collide:nn_last_partner"
[kp]    260.52s  dealloc      711.9 MB  Cuda     live     4166.3 MB  "collide:nn_last_partner"
[kp]    260.57s  alloc        711.9 MB  Cuda     live     4878.3 MB  "collide:nn_last_partner"
[kp]    260.57s  dealloc      711.9 MB  Cuda     live     4166.3 MB  "collide:nn_last_partner"
[kp]    260.62s  alloc        711.9 MB  Cuda     live     4878.3 MB  "collide:nn_last_partner"
[kp]    260.62s  dealloc      711.9 MB  Cuda     live     4166.3 MB  "collide:nn_last_partner"
[kp]    260.67s  alloc        711.9 MB  Cuda     live     4878.3 MB  "collide:nn_last_partner"
[kp]    260.67s  dealloc      711.9 MB  Cuda     live     4166.3 MB  "collide:nn_last_partner"
[kp]    260.72s  alloc        711.9 MB  Cuda     live     4878.3 MB  "collide:nn_last_partner"
[kp]    260.72s  dealloc      711.9 MB  Cuda     live     4166.3 MB  "collide:nn_last_partner"
[kp]    260.77s  alloc        711.9 MB  Cuda     live     4878.3 MB  "collide:nn_last_partner"
[kp]    260.77s  dealloc      711.9 MB  Cuda     live     4166.3 MB  "collide:nn_last_partner"
[kp]    260.82s  alloc        711.9 MB  Cuda     live     4878.3 MB  "collide:nn_last_partner"
[kp]    260.82s  dealloc      711.9 MB  Cuda     live     4166.3 MB  "collide:nn_last_partner"
[kp]    260.87s  alloc        711.9 MB  Cuda     live     4878.3 MB  "collide:nn_last_partner"
[kp]    260.87s  dealloc      711.9 MB  Cuda     live     4166.3 MB  "collide:nn_last_partner"
[kp]    260.92s  alloc        711.9 MB  Cuda     live     4878.3 MB  "collide:nn_last_partner"
[kp]    260.92s  dealloc      711.9 MB  Cuda     live     4166.3 MB  "collide:nn_last_partner"
[kp]    260.97s  alloc        711.9 MB  Cuda     live     4878.3 MB  "collide:nn_last_partner"
[kp]    260.97s  dealloc      711.9 MB  Cuda     live     4166.3 MB  "collide:nn_last_partner"
[kp]    261.02s  alloc        711.9 MB  Cuda     live     4878.3 MB  "collide:nn_last_partner"
[kp]    261.02s  dealloc      711.9 MB  Cuda     live     4166.3 MB  "collide:nn_last_partner"
[kp]    261.07s  alloc        711.9 MB  Cuda     live     4878.3 MB  "collide:nn_last_partner"
[kp]    261.07s  dealloc      711.9 MB  Cuda     live     4166.3 MB  "collide:nn_last_partner"
[kp]    261.12s  alloc        711.9 MB  Cuda     live     4878.3 MB  "collide:nn_last_partner"
[kp]    261.12s  dealloc      711.9 MB  Cuda     live     4166.3 MB  "collide:nn_last_partner"
[kp]    261.17s  alloc        711.9 MB  Cuda     live     4878.3 MB  "collide:nn_last_partner"
[kp]    261.17s  dealloc      711.9 MB  Cuda     live     4166.3 MB  "collide:nn_last_partner"
[kp]    261.22s  alloc        711.9 MB  Cuda     live     4878.3 MB  "collide:nn_last_partner"
[kp]    261.22s  dealloc      711.9 MB  Cuda     live     4166.3 MB  "collide:nn_last_partner"
[kp]    261.27s  alloc        711.9 MB  Cuda     live     4878.3 MB  "collide:nn_last_partner"
[kp]    261.27s  dealloc      711.9 MB  Cuda     live     4166.3 MB  "collide:nn_last_partner"
[kp]    261.32s  alloc        711.9 MB  Cuda     live     4878.3 MB  "collide:nn_last_partner"
[kp]    261.32s  dealloc      711.9 MB  Cuda     live     4166.3 MB  "collide:nn_last_partner"
[kp]    261.37s  alloc        711.9 MB  Cuda     live     4878.3 MB  "collide:nn_last_partner"
[kp]    261.37s  dealloc      711.9 MB  Cuda     live     4166.3 MB  "collide:nn_last_partner"
[kp]    261.42s  alloc        711.9 MB  Cuda     live     4878.3 MB  "collide:nn_last_partner"
[kp]    261.42s  dealloc      711.9 MB  Cuda     live     4166.3 MB  "collide:nn_last_partner"
[kp]    261.47s  alloc        711.9 MB  Cuda     live     4878.3 MB  "collide:nn_last_partner"
[kp]    261.47s  dealloc      711.9 MB  Cuda     live     4166.3 MB  "collide:nn_last_partner"
[kp]    261.52s  alloc        711.9 MB  Cuda     live     4878.3 MB  "collide:nn_last_partner"
[kp]    261.52s  dealloc      711.9 MB  Cuda     live     4166.3 MB  "collide:nn_last_partner"
[kp]    261.57s  alloc        711.9 MB  Cuda     live     4878.3 MB  "collide:nn_last_partner"
[kp]    261.57s  dealloc      711.9 MB  Cuda     live     4166.3 MB  "collide:nn_last_partner"
[kp]    261.62s  alloc        711.9 MB  Cuda     live     4878.3 MB  "collide:nn_last_partner"
[kp]    261.62s  dealloc      711.9 MB  Cuda     live     4166.3 MB  "collide:nn_last_partner"
[kp]    261.66s  alloc        711.9 MB  Cuda     live     4878.3 MB  "collide:nn_last_partner"
[kp]    261.67s  dealloc      711.9 MB  Cuda     live     4166.3 MB  "collide:nn_last_partner"
[kp]    261.71s  alloc        711.9 MB  Cuda     live     4878.3 MB  "collide:nn_last_partner"
[kp]    261.72s  dealloc      711.9 MB  Cuda     live     4166.3 MB  "collide:nn_last_partner"
[kp]    261.76s  alloc        711.9 MB  Cuda     live     4878.3 MB  "collide:nn_last_partner"
[kp]    261.76s  dealloc      711.9 MB  Cuda     live     4166.3 MB  "collide:nn_last_partner"
[kp]    261.81s  alloc        711.9 MB  Cuda     live     4878.3 MB  "collide:nn_last_partner"
[kp]    261.81s  dealloc      711.9 MB  Cuda     live     4166.3 MB  "collide:nn_last_partner"
[kp]    261.86s  alloc        711.9 MB  Cuda     live     4878.3 MB  "collide:nn_last_partner"
[kp]    261.86s  dealloc      711.9 MB  Cuda     live     4166.3 MB  "collide:nn_last_partner"
[kp]    261.91s  alloc        711.9 MB  Cuda     live     4878.3 MB  "collide:nn_last_partner"
[kp]    261.91s  dealloc      711.9 MB  Cuda     live     4166.3 MB  "collide:nn_last_partner"
[kp]    261.96s  alloc        711.9 MB  Cuda     live     4878.3 MB  "collide:nn_last_partner"
[kp]    261.96s  dealloc      711.9 MB  Cuda     live     4166.3 MB  "collide:nn_last_partner"
[kp]    262.01s  alloc        711.9 MB  Cuda     live     4878.3 MB  "collide:nn_last_partner"
[kp]    262.01s  dealloc      711.9 MB  Cuda     live     4166.3 MB  "collide:nn_last_partner"
[kp]    262.06s  alloc        711.9 MB  Cuda     live     4878.3 MB  "collide:nn_last_partner"
[kp]    262.06s  dealloc      711.9 MB  Cuda     live     4166.3 MB  "collide:nn_last_partner"
[kp]    262.11s  alloc        711.9 MB  Cuda     live     4878.3 MB  "collide:nn_last_partner"
[kp]    262.11s  dealloc      711.9 MB  Cuda     live     4166.3 MB  "collide:nn_last_partner"
[kp]    262.16s  alloc        711.9 MB  Cuda     live     4878.3 MB  "collide:nn_last_partner"
[kp]    262.16s  dealloc      711.9 MB  Cuda     live     4166.3 MB  "collide:nn_last_partner"
[kp]    262.21s  alloc        711.9 MB  Cuda     live     4878.3 MB  "collide:nn_last_partner"
[kp]    262.21s  dealloc      711.9 MB  Cuda     live     4166.3 MB  "collide:nn_last_partner"
[kp]    262.26s  alloc        711.9 MB  Cuda     live     4878.3 MB  "collide:nn_last_partner"
[kp]    262.26s  dealloc      711.9 MB  Cuda     live     4166.3 MB  "collide:nn_last_partner"
[kp]    262.31s  alloc        711.9 MB  Cuda     live     4878.3 MB  "collide:nn_last_partner"
[kp]    262.31s  dealloc      711.9 MB  Cuda     live     4166.3 MB  "collide:nn_last_partner"
[kp]    262.36s  alloc        711.9 MB  Cuda     live     4878.3 MB  "collide:nn_last_partner"
[kp]    262.36s  dealloc      711.9 MB  Cuda     live     4166.3 MB  "collide:nn_last_partner"
[kp]    262.41s  alloc        711.9 MB  Cuda     live     4878.3 MB  "collide:nn_last_partner"
[kp]    262.41s  dealloc      711.9 MB  Cuda     live     4166.3 MB  "collide:nn_last_partner"
[kp]    262.46s  alloc        711.9 MB  Cuda     live     4878.3 MB  "collide:nn_last_partner"
[kp]    262.46s  dealloc      711.9 MB  Cuda     live     4166.3 MB  "collide:nn_last_partner"
[kp]    262.51s  alloc        711.9 MB  Cuda     live     4878.3 MB  "collide:nn_last_partner"
[kp]    262.51s  dealloc      711.9 MB  Cuda     live     4166.3 MB  "collide:nn_last_partner"
[kp]    262.56s  alloc        711.9 MB  Cuda     live     4878.3 MB  "collide:nn_last_partner"
[kp]    262.56s  dealloc      711.9 MB  Cuda     live     4166.3 MB  "collide:nn_last_partner"
[kp]    262.61s  alloc        711.9 MB  Cuda     live     4878.3 MB  "collide:nn_last_partner"
[kp]    262.61s  dealloc      711.9 MB  Cuda     live     4166.3 MB  "collide:nn_last_partner"
[kp]    262.66s  alloc        711.9 MB  Cuda     live     4878.3 MB  "collide:nn_last_partner"
[kp]    262.66s  dealloc      711.9 MB  Cuda     live     4166.3 MB  "collide:nn_last_partner"
[kp]    262.71s  alloc        711.9 MB  Cuda     live     4878.3 MB  "collide:nn_last_partner"
[kp]    262.71s  dealloc      711.9 MB  Cuda     live     4166.3 MB  "collide:nn_last_partner"
[kp]    262.76s  alloc        711.9 MB  Cuda     live     4878.3 MB  "collide:nn_last_partner"
[kp]    262.76s  dealloc      711.9 MB  Cuda     live     4166.3 MB  "collide:nn_last_partner"
[kp]    262.81s  alloc        711.9 MB  Cuda     live     4878.3 MB  "collide:nn_last_partner"
[kp]    262.81s  dealloc      711.9 MB  Cuda     live     4166.3 MB  "collide:nn_last_partner"
[kp]    262.86s  alloc        711.9 MB  Cuda     live     4878.3 MB  "collide:nn_last_partner"
[kp]    262.86s  dealloc      711.9 MB  Cuda     live     4166.3 MB  "collide:nn_last_partner"
[kp]    262.91s  alloc        711.9 MB  Cuda     live     4878.3 MB  "collide:nn_last_partner"
[kp]    262.91s  dealloc      711.9 MB  Cuda     live     4166.3 MB  "collide:nn_last_partner"
[kp]    262.96s  alloc        711.9 MB  Cuda     live     4878.3 MB  "collide:nn_last_partner"
[kp]    262.96s  dealloc      711.9 MB  Cuda     live     4166.3 MB  "collide:nn_last_partner"
[kp]    263.01s  alloc        711.9 MB  Cuda     live     4878.3 MB  "collide:nn_last_partner"
[kp]    263.01s  dealloc      711.9 MB  Cuda     live     4166.3 MB  "collide:nn_last_partner"
[kp]    263.06s  alloc        711.9 MB  Cuda     live     4878.3 MB  "collide:nn_last_partner"
[kp]    263.06s  dealloc      711.9 MB  Cuda     live     4166.3 MB  "collide:nn_last_partner"
[kp]    263.11s  alloc        711.9 MB  Cuda     live     4878.3 MB  "collide:nn_last_partner"
[kp]    263.11s  dealloc      711.9 MB  Cuda     live     4166.3 MB  "collide:nn_last_partner"
[kp]    263.15s  alloc        711.9 MB  Cuda     live     4878.3 MB  "collide:nn_last_partner"
[kp]    263.16s  dealloc      711.9 MB  Cuda     live     4166.3 MB  "collide:nn_last_partner"
[kp]    263.20s  alloc        711.9 MB  Cuda     live     4878.3 MB  "collide:nn_last_partner"
[kp]    263.21s  dealloc      711.9 MB  Cuda     live     4166.3 MB  "collide:nn_last_partner"
[kp]    263.25s  alloc        711.9 MB  Cuda     live     4878.3 MB  "collide:nn_last_partner"
[kp]    263.25s  dealloc      711.9 MB  Cuda     live     4166.3 MB  "collide:nn_last_partner"
[kp]    263.30s  alloc        711.9 MB  Cuda     live     4878.3 MB  "collide:nn_last_partner"
[kp]    263.30s  dealloc      711.9 MB  Cuda     live     4166.3 MB  "collide:nn_last_partner"
[kp]    263.35s  alloc        711.9 MB  Cuda     live     4878.3 MB  "collide:nn_last_partner"
[kp]    263.35s  dealloc      711.9 MB  Cuda     live     4166.3 MB  "collide:nn_last_partner"
[kp]    263.40s  alloc        711.9 MB  Cuda     live     4878.3 MB  "collide:nn_last_partner"
[kp]    263.40s  dealloc      711.9 MB  Cuda     live     4166.3 MB  "collide:nn_last_partner"
[kp]    263.45s  alloc        711.9 MB  Cuda     live     4878.3 MB  "collide:nn_last_partner"
[kp]    263.45s  dealloc      711.9 MB  Cuda     live     4166.3 MB  "collide:nn_last_partner"
[kp]    263.50s  alloc        711.9 MB  Cuda     live     4878.3 MB  "collide:nn_last_partner"
[kp]    263.50s  dealloc      711.9 MB  Cuda     live     4166.3 MB  "collide:nn_last_partner"
[kp]    263.55s  alloc        711.9 MB  Cuda     live     4878.3 MB  "collide:nn_last_partner"
[kp]    263.55s  dealloc      711.9 MB  Cuda     live     4166.3 MB  "collide:nn_last_partner"
[kp]    263.60s  alloc        711.9 MB  Cuda     live     4878.3 MB  "collide:nn_last_partner"
[kp]    263.60s  dealloc      711.9 MB  Cuda     live     4166.3 MB  "collide:nn_last_partner"
[kp]    263.65s  alloc        711.9 MB  Cuda     live     4878.3 MB  "collide:nn_last_partner"
[kp]    263.65s  dealloc      711.9 MB  Cuda     live     4166.3 MB  "collide:nn_last_partner"
[kp]    263.70s  alloc        711.9 MB  Cuda     live     4878.3 MB  "collide:nn_last_partner"
[kp]    263.70s  dealloc      711.9 MB  Cuda     live     4166.3 MB  "collide:nn_last_partner"
[kp]    263.75s  alloc        711.9 MB  Cuda     live     4878.3 MB  "collide:nn_last_partner"
[kp]    263.75s  dealloc      711.9 MB  Cuda     live     4166.3 MB  "collide:nn_last_partner"
[kp]    263.80s  alloc        711.9 MB  Cuda     live     4878.3 MB  "collide:nn_last_partner"
[kp]    263.80s  dealloc      711.9 MB  Cuda     live     4166.3 MB  "collide:nn_last_partner"
[kp]    263.85s  alloc        711.9 MB  Cuda     live     4878.3 MB  "collide:nn_last_partner"
[kp]    263.85s  dealloc      711.9 MB  Cuda     live     4166.3 MB  "collide:nn_last_partner"
[kp]    263.90s  alloc        711.9 MB  Cuda     live     4878.3 MB  "collide:nn_last_partner"
[kp]    263.90s  dealloc      711.9 MB  Cuda     live     4166.3 MB  "collide:nn_last_partner"
[kp]    263.95s  alloc        711.9 MB  Cuda     live     4878.3 MB  "collide:nn_last_partner"
[kp]    263.95s  dealloc      711.9 MB  Cuda     live     4166.3 MB  "collide:nn_last_partner"
[kp]    264.00s  alloc        711.9 MB  Cuda     live     4878.3 MB  "collide:nn_last_partner"
[kp]    264.00s  dealloc      711.9 MB  Cuda     live     4166.3 MB  "collide:nn_last_partner"
[kp]    264.05s  alloc        711.9 MB  Cuda     live     4878.3 MB  "collide:nn_last_partner"
[kp]    264.05s  dealloc      711.9 MB  Cuda     live     4166.3 MB  "collide:nn_last_partner"
[kp]    264.10s  alloc        711.9 MB  Cuda     live     4878.3 MB  "collide:nn_last_partner"
[kp]    264.10s  dealloc      711.9 MB  Cuda     live     4166.3 MB  "collide:nn_last_partner"
[kp]    264.15s  alloc        711.9 MB  Cuda     live     4878.3 MB  "collide:nn_last_partner"
[kp]    264.15s  dealloc      711.9 MB  Cuda     live     4166.3 MB  "collide:nn_last_partner"
[kp]    264.20s  alloc        711.9 MB  Cuda     live     4878.3 MB  "collide:nn_last_partner"
[kp]    264.20s  dealloc      711.9 MB  Cuda     live     4166.3 MB  "collide:nn_last_partner"
[kp]    264.25s  alloc        711.9 MB  Cuda     live     4878.3 MB  "collide:nn_last_partner"
[kp]    264.25s  dealloc      711.9 MB  Cuda     live     4166.3 MB  "collide:nn_last_partner"
[kp]    264.30s  alloc        711.9 MB  Cuda     live     4878.3 MB  "collide:nn_last_partner"
[kp]    264.30s  dealloc      711.9 MB  Cuda     live     4166.3 MB  "collide:nn_last_partner"
[kp]    264.35s  alloc        711.9 MB  Cuda     live     4878.3 MB  "collide:nn_last_partner"
[kp]    264.35s  dealloc      711.9 MB  Cuda     live     4166.3 MB  "collide:nn_last_partner"
[kp]    264.40s  alloc        711.9 MB  Cuda     live     4878.3 MB  "collide:nn_last_partner"
[kp]    264.40s  dealloc      711.9 MB  Cuda     live     4166.3 MB  "collide:nn_last_partner"
[kp]    264.45s  alloc        711.9 MB  Cuda     live     4878.3 MB  "collide:nn_last_partner"
[kp]    264.45s  dealloc      711.9 MB  Cuda     live     4166.3 MB  "collide:nn_last_partner"
[kp]    264.50s  alloc        711.9 MB  Cuda     live     4878.3 MB  "collide:nn_last_partner"
[kp]    264.50s  dealloc      711.9 MB  Cuda     live     4166.3 MB  "collide:nn_last_partner"
[kp]    264.55s  alloc        711.9 MB  Cuda     live     4878.3 MB  "collide:nn_last_partner"
[kp]    264.55s  dealloc      711.9 MB  Cuda     live     4166.3 MB  "collide:nn_last_partner"
[kp]    264.60s  alloc        711.9 MB  Cuda     live     4878.3 MB  "collide:nn_last_partner"
[kp]    264.60s  dealloc      711.9 MB  Cuda     live     4166.3 MB  "collide:nn_last_partner"
[kp]    264.64s  alloc        711.9 MB  Cuda     live     4878.3 MB  "collide:nn_last_partner"
[kp]    264.65s  dealloc      711.9 MB  Cuda     live     4166.3 MB  "collide:nn_last_partner"
[kp]    264.69s  alloc        711.9 MB  Cuda     live     4878.3 MB  "collide:nn_last_partner"
[kp]    264.70s  dealloc      711.9 MB  Cuda     live     4166.3 MB  "collide:nn_last_partner"
[kp]    264.74s  alloc        711.9 MB  Cuda     live     4878.3 MB  "collide:nn_last_partner"
[kp]    264.74s  dealloc      711.9 MB  Cuda     live     4166.3 MB  "collide:nn_last_partner"
[kp]    264.79s  alloc        711.9 MB  Cuda     live     4878.3 MB  "collide:nn_last_partner"
[kp]    264.79s  dealloc      711.9 MB  Cuda     live     4166.3 MB  "collide:nn_last_partner"
[kp]    264.84s  alloc        711.9 MB  Cuda     live     4878.3 MB  "collide:nn_last_partner"
[kp]    264.84s  dealloc      711.9 MB  Cuda     live     4166.3 MB  "collide:nn_last_partner"
[kp]    264.89s  alloc        711.9 MB  Cuda     live     4878.3 MB  "collide:nn_last_partner"
[kp]    264.89s  dealloc      711.9 MB  Cuda     live     4166.3 MB  "collide:nn_last_partner"
[kp]    264.94s  alloc        711.9 MB  Cuda     live     4878.3 MB  "collide:nn_last_partner"
[kp]    264.94s  dealloc      711.9 MB  Cuda     live     4166.3 MB  "collide:nn_last_partner"
[kp]    264.99s  alloc        711.9 MB  Cuda     live     4878.3 MB  "collide:nn_last_partner"
[kp]    264.99s  dealloc      711.9 MB  Cuda     live     4166.3 MB  "collide:nn_last_partner"
[kp]    265.04s  alloc        711.9 MB  Cuda     live     4878.3 MB  "collide:nn_last_partner"
[kp]    265.04s  dealloc      711.9 MB  Cuda     live     4166.3 MB  "collide:nn_last_partner"
[kp]    265.09s  alloc        711.9 MB  Cuda     live     4878.3 MB  "collide:nn_last_partner"
[kp]    265.09s  dealloc      711.9 MB  Cuda     live     4166.3 MB  "collide:nn_last_partner"
[kp]    265.14s  alloc        711.9 MB  Cuda     live     4878.3 MB  "collide:nn_last_partner"
[kp]    265.14s  dealloc      711.9 MB  Cuda     live     4166.3 MB  "collide:nn_last_partner"
[kp]    265.19s  alloc        711.9 MB  Cuda     live     4878.3 MB  "collide:nn_last_partner"
[kp]    265.19s  dealloc      711.9 MB  Cuda     live     4166.3 MB  "collide:nn_last_partner"
    4700     252.5632 5.9081897e-08    19.693967        3e-09 27238252   102070    52005        0        0    299.11853 
[kp]    265.35s  alloc        711.9 MB  Cuda     live     4878.3 MB  "collide:nn_last_partner"
[kp]    265.35s  dealloc      711.9 MB  Cuda     live     4166.3 MB  "collide:nn_last_partner"
[kp]    265.40s  alloc        711.9 MB  Cuda     live     4878.3 MB  "collide:nn_last_partner"
[kp]    265.40s  dealloc      711.9 MB  Cuda     live     4166.3 MB  "collide:nn_last_partner"
[kp]    265.45s  alloc        711.9 MB  Cuda     live     4878.3 MB  "collide:nn_last_partner"
[kp]    265.45s  dealloc      711.9 MB  Cuda     live     4166.3 MB  "collide:nn_last_partner"
[kp]    265.50s  alloc        711.9 MB  Cuda     live     4878.3 MB  "collide:nn_last_partner"
[kp]    265.50s  dealloc      711.9 MB  Cuda     live     4166.3 MB  "collide:nn_last_partner"
[kp]    265.55s  alloc        711.9 MB  Cuda     live     4878.3 MB  "collide:nn_last_partner"
[kp]    265.55s  dealloc      711.9 MB  Cuda     live     4166.3 MB  "collide:nn_last_partner"
[kp]    265.60s  alloc        711.9 MB  Cuda     live     4878.3 MB  "collide:nn_last_partner"
[kp]    265.60s  dealloc      711.9 MB  Cuda     live     4166.3 MB  "collide:nn_last_partner"
[kp]    265.65s  alloc        711.9 MB  Cuda     live     4878.3 MB  "collide:nn_last_partner"
[kp]    265.65s  dealloc      711.9 MB  Cuda     live     4166.3 MB  "collide:nn_last_partner"
[kp]    265.70s  alloc        711.9 MB  Cuda     live     4878.3 MB  "collide:nn_last_partner"
[kp]    265.70s  dealloc      711.9 MB  Cuda     live     4166.3 MB  "collide:nn_last_partner"
[kp]    265.75s  alloc        711.9 MB  Cuda     live     4878.3 MB  "collide:nn_last_partner"
[kp]    265.75s  dealloc      711.9 MB  Cuda     live     4166.3 MB  "collide:nn_last_partner"
[kp]    265.80s  alloc        711.9 MB  Cuda     live     4878.3 MB  "collide:nn_last_partner"
[kp]    265.80s  dealloc      711.9 MB  Cuda     live     4166.3 MB  "collide:nn_last_partner"
[kp]    265.85s  alloc        711.9 MB  Cuda     live     4878.3 MB  "collide:nn_last_partner"
[kp]    265.85s  dealloc      711.9 MB  Cuda     live     4166.3 MB  "collide:nn_last_partner"
[kp]    265.90s  alloc        711.9 MB  Cuda     live     4878.3 MB  "collide:nn_last_partner"
[kp]    265.90s  dealloc      711.9 MB  Cuda     live     4166.3 MB  "collide:nn_last_partner"
[kp]    265.95s  alloc        711.9 MB  Cuda     live     4878.3 MB  "collide:nn_last_partner"
[kp]    265.95s  dealloc      711.9 MB  Cuda     live     4166.3 MB  "collide:nn_last_partner"
[kp]    266.00s  alloc        711.9 MB  Cuda     live     4878.3 MB  "collide:nn_last_partner"
[kp]    266.00s  dealloc      711.9 MB  Cuda     live     4166.3 MB  "collide:nn_last_partner"
[kp]    266.05s  alloc        711.9 MB  Cuda     live     4878.3 MB  "collide:nn_last_partner"
[kp]    266.05s  dealloc      711.9 MB  Cuda     live     4166.3 MB  "collide:nn_last_partner"
[kp]    266.10s  alloc        711.9 MB  Cuda     live     4878.3 MB  "collide:nn_last_partner"
[kp]    266.10s  dealloc      711.9 MB  Cuda     live     4166.3 MB  "collide:nn_last_partner"
[kp]    266.15s  alloc        711.9 MB  Cuda     live     4878.3 MB  "collide:nn_last_partner"
[kp]    266.15s  dealloc      711.9 MB  Cuda     live     4166.3 MB  "collide:nn_last_partner"
[kp]    266.20s  alloc        711.9 MB  Cuda     live     4878.3 MB  "collide:nn_last_partner"
[kp]    266.20s  dealloc      711.9 MB  Cuda     live     4166.3 MB  "collide:nn_last_partner"
[kp]    266.24s  alloc        711.9 MB  Cuda     live     4878.3 MB  "collide:nn_last_partner"
[kp]    266.25s  dealloc      711.9 MB  Cuda     live     4166.3 MB  "collide:nn_last_partner"
[kp]    266.29s  alloc        711.9 MB  Cuda     live     4878.3 MB  "collide:nn_last_partner"
[kp]    266.29s  dealloc      711.9 MB  Cuda     live     4166.3 MB  "collide:nn_last_partner"
[kp]    266.34s  alloc        711.9 MB  Cuda     live     4878.3 MB  "collide:nn_last_partner"
[kp]    266.34s  dealloc      711.9 MB  Cuda     live     4166.3 MB  "collide:nn_last_partner"
[kp]    266.39s  alloc        711.9 MB  Cuda     live     4878.3 MB  "collide:nn_last_partner"
[kp]    266.39s  dealloc      711.9 MB  Cuda     live     4166.3 MB  "collide:nn_last_partner"
[kp]    266.44s  alloc        711.9 MB  Cuda     live     4878.3 MB  "collide:nn_last_partner"
[kp]    266.44s  dealloc      711.9 MB  Cuda     live     4166.3 MB  "collide:nn_last_partner"
[kp]    266.49s  alloc        711.9 MB  Cuda     live     4878.3 MB  "collide:nn_last_partner"
[kp]    266.49s  dealloc      711.9 MB  Cuda     live     4166.3 MB  "collide:nn_last_partner"
[kp]    266.54s  alloc        711.9 MB  Cuda     live     4878.3 MB  "collide:nn_last_partner"
[kp]    266.54s  dealloc      711.9 MB  Cuda     live     4166.3 MB  "collide:nn_last_partner"
[kp]    266.59s  alloc        711.9 MB  Cuda     live     4878.3 MB  "collide:nn_last_partner"
[kp]    266.59s  dealloc      711.9 MB  Cuda     live     4166.3 MB  "collide:nn_last_partner"
[kp]    266.64s  alloc        711.9 MB  Cuda     live     4878.3 MB  "collide:nn_last_partner"
[kp]    266.64s  dealloc      711.9 MB  Cuda     live     4166.3 MB  "collide:nn_last_partner"
[kp]    266.69s  alloc        711.9 MB  Cuda     live     4878.3 MB  "collide:nn_last_partner"
[kp]    266.69s  dealloc      711.9 MB  Cuda     live     4166.3 MB  "collide:nn_last_partner"
[kp]    266.74s  alloc        711.9 MB  Cuda     live     4878.3 MB  "collide:nn_last_partner"
[kp]    266.74s  dealloc      711.9 MB  Cuda     live     4166.3 MB  "collide:nn_last_partner"
[kp]    266.79s  alloc        711.9 MB  Cuda     live     4878.3 MB  "collide:nn_last_partner"
[kp]    266.79s  dealloc      711.9 MB  Cuda     live     4166.3 MB  "collide:nn_last_partner"
[kp]    266.84s  alloc        711.9 MB  Cuda     live     4878.3 MB  "collide:nn_last_partner"
[kp]    266.84s  dealloc      711.9 MB  Cuda     live     4166.3 MB  "collide:nn_last_partner"
[kp]    266.89s  alloc        711.9 MB  Cuda     live     4878.3 MB  "collide:nn_last_partner"
[kp]    266.89s  dealloc      711.9 MB  Cuda     live     4166.3 MB  "collide:nn_last_partner"
[kp]    266.94s  alloc        711.9 MB  Cuda     live     4878.3 MB  "collide:nn_last_partner"
[kp]    266.94s  dealloc      711.9 MB  Cuda     live     4166.3 MB  "collide:nn_last_partner"
[kp]    266.99s  alloc        711.9 MB  Cuda     live     4878.3 MB  "collide:nn_last_partner"
[kp]    266.99s  dealloc      711.9 MB  Cuda     live     4166.3 MB  "collide:nn_last_partner"
[kp]    267.04s  alloc        711.9 MB  Cuda     live     4878.3 MB  "collide:nn_last_partner"
[kp]    267.04s  dealloc      711.9 MB  Cuda     live     4166.3 MB  "collide:nn_last_partner"
[kp]    267.09s  alloc        711.9 MB  Cuda     live     4878.3 MB  "collide:nn_last_partner"
[kp]    267.09s  dealloc      711.9 MB  Cuda     live     4166.3 MB  "collide:nn_last_partner"
[kp]    267.14s  alloc        711.9 MB  Cuda     live     4878.3 MB  "collide:nn_last_partner"
[kp]    267.14s  dealloc      711.9 MB  Cuda     live     4166.3 MB  "collide:nn_last_partner"
[kp]    267.19s  alloc        711.9 MB  Cuda     live     4878.3 MB  "collide:nn_last_partner"
[kp]    267.19s  dealloc      711.9 MB  Cuda     live     4166.3 MB  "collide:nn_last_partner"
[kp]    267.24s  alloc        711.9 MB  Cuda     live     4878.3 MB  "collide:nn_last_partner"
[kp]    267.24s  dealloc      711.9 MB  Cuda     live     4166.3 MB  "collide:nn_last_partner"
[kp]    267.29s  alloc        711.9 MB  Cuda     live     4878.3 MB  "collide:nn_last_partner"
[kp]    267.29s  dealloc      711.9 MB  Cuda     live     4166.3 MB  "collide:nn_last_partner"
[kp]    267.34s  alloc        711.9 MB  Cuda     live     4878.3 MB  "collide:nn_last_partner"
[kp]    267.34s  dealloc      711.9 MB  Cuda     live     4166.3 MB  "collide:nn_last_partner"
[kp]    267.39s  alloc        711.9 MB  Cuda     live     4878.3 MB  "collide:nn_last_partner"
[kp]    267.39s  dealloc      711.9 MB  Cuda     live     4166.3 MB  "collide:nn_last_partner"
[kp]    267.44s  alloc        711.9 MB  Cuda     live     4878.3 MB  "collide:nn_last_partner"
[kp]    267.44s  dealloc      711.9 MB  Cuda     live     4166.3 MB  "collide:nn_last_partner"
[kp]    267.49s  alloc        711.9 MB  Cuda     live     4878.3 MB  "collide:nn_last_partner"
[kp]    267.49s  dealloc      711.9 MB  Cuda     live     4166.3 MB  "collide:nn_last_partner"
[kp]    267.54s  alloc        711.9 MB  Cuda     live     4878.3 MB  "collide:nn_last_partner"
[kp]    267.54s  dealloc      711.9 MB  Cuda     live     4166.3 MB  "collide:nn_last_partner"
[kp]    267.59s  alloc        711.9 MB  Cuda     live     4878.3 MB  "collide:nn_last_partner"
[kp]    267.59s  dealloc      711.9 MB  Cuda     live     4166.3 MB  "collide:nn_last_partner"
[kp]    267.63s  alloc        711.9 MB  Cuda     live     4878.3 MB  "collide:nn_last_partner"
[kp]    267.64s  dealloc      711.9 MB  Cuda     live     4166.3 MB  "collide:nn_last_partner"
[kp]    267.68s  alloc        711.9 MB  Cuda     live     4878.3 MB  "collide:nn_last_partner"
[kp]    267.69s  dealloc      711.9 MB  Cuda     live     4166.3 MB  "collide:nn_last_partner"
[kp]    267.73s  alloc        711.9 MB  Cuda     live     4878.3 MB  "collide:nn_last_partner"
[kp]    267.73s  dealloc      711.9 MB  Cuda     live     4166.3 MB  "collide:nn_last_partner"
[kp]    267.78s  alloc        711.9 MB  Cuda     live     4878.3 MB  "collide:nn_last_partner"
[kp]    267.78s  dealloc      711.9 MB  Cuda     live     4166.3 MB  "collide:nn_last_partner"
[kp]    267.83s  alloc        711.9 MB  Cuda     live     4878.3 MB  "collide:nn_last_partner"
[kp]    267.83s  dealloc      711.9 MB  Cuda     live     4166.3 MB  "collide:nn_last_partner"
[kp]    267.88s  alloc        711.9 MB  Cuda     live     4878.3 MB  "collide:nn_last_partner"
[kp]    267.88s  dealloc      711.9 MB  Cuda     live     4166.3 MB  "collide:nn_last_partner"
[kp]    267.93s  alloc        711.9 MB  Cuda     live     4878.3 MB  "collide:nn_last_partner"
[kp]    267.93s  dealloc      711.9 MB  Cuda     live     4166.3 MB  "collide:nn_last_partner"
[kp]    267.98s  alloc        711.9 MB  Cuda     live     4878.3 MB  "collide:nn_last_partner"
[kp]    267.98s  dealloc      711.9 MB  Cuda     live     4166.3 MB  "collide:nn_last_partner"
[kp]    268.03s  alloc        711.9 MB  Cuda     live     4878.3 MB  "collide:nn_last_partner"
[kp]    268.03s  dealloc      711.9 MB  Cuda     live     4166.3 MB  "collide:nn_last_partner"
[kp]    268.08s  alloc        711.9 MB  Cuda     live     4878.3 MB  "collide:nn_last_partner"
[kp]    268.08s  dealloc      711.9 MB  Cuda     live     4166.3 MB  "collide:nn_last_partner"
[kp]    268.13s  alloc        711.9 MB  Cuda     live     4878.3 MB  "collide:nn_last_partner"
[kp]    268.13s  dealloc      711.9 MB  Cuda     live     4166.3 MB  "collide:nn_last_partner"
[kp]    268.18s  alloc        711.9 MB  Cuda     live     4878.3 MB  "collide:nn_last_partner"
[kp]    268.18s  dealloc      711.9 MB  Cuda     live     4166.3 MB  "collide:nn_last_partner"
[kp]    268.23s  alloc        711.9 MB  Cuda     live     4878.3 MB  "collide:nn_last_partner"
[kp]    268.23s  dealloc      711.9 MB  Cuda     live     4166.3 MB  "collide:nn_last_partner"
[kp]    268.28s  alloc        711.9 MB  Cuda     live     4878.3 MB  "collide:nn_last_partner"
[kp]    268.28s  dealloc      711.9 MB  Cuda     live     4166.3 MB  "collide:nn_last_partner"
[kp]    268.33s  alloc        711.9 MB  Cuda     live     4878.3 MB  "collide:nn_last_partner"
[kp]    268.33s  dealloc      711.9 MB  Cuda     live     4166.3 MB  "collide:nn_last_partner"
[kp]    268.38s  alloc        711.9 MB  Cuda     live     4878.3 MB  "collide:nn_last_partner"
[kp]    268.38s  dealloc      711.9 MB  Cuda     live     4166.3 MB  "collide:nn_last_partner"
[kp]    268.43s  alloc        711.9 MB  Cuda     live     4878.3 MB  "collide:nn_last_partner"
[kp]    268.43s  dealloc      711.9 MB  Cuda     live     4166.3 MB  "collide:nn_last_partner"
[kp]    268.48s  alloc        711.9 MB  Cuda     live     4878.3 MB  "collide:nn_last_partner"
[kp]    268.48s  dealloc      711.9 MB  Cuda     live     4166.3 MB  "collide:nn_last_partner"
[kp]    268.53s  alloc        711.9 MB  Cuda     live     4878.3 MB  "collide:nn_last_partner"
[kp]    268.53s  dealloc      711.9 MB  Cuda     live     4166.3 MB  "collide:nn_last_partner"
[kp]    268.58s  alloc        711.9 MB  Cuda     live     4878.3 MB  "collide:nn_last_partner"
[kp]    268.58s  dealloc      711.9 MB  Cuda     live     4166.3 MB  "collide:nn_last_partner"
[kp]    268.63s  alloc        711.9 MB  Cuda     live     4878.3 MB  "collide:nn_last_partner"
[kp]    268.63s  dealloc      711.9 MB  Cuda     live     4166.3 MB  "collide:nn_last_partner"
[kp]    268.68s  alloc        711.9 MB  Cuda     live     4878.3 MB  "collide:nn_last_partner"
[kp]    268.68s  dealloc      711.9 MB  Cuda     live     4166.3 MB  "collide:nn_last_partner"
[kp]    268.73s  alloc        711.9 MB  Cuda     live     4878.3 MB  "collide:nn_last_partner"
[kp]    268.73s  dealloc      711.9 MB  Cuda     live     4166.3 MB  "collide:nn_last_partner"
[kp]    268.78s  alloc        711.9 MB  Cuda     live     4878.3 MB  "collide:nn_last_partner"
[kp]    268.78s  dealloc      711.9 MB  Cuda     live     4166.3 MB  "collide:nn_last_partner"
[kp]    268.83s  alloc        711.9 MB  Cuda     live     4878.3 MB  "collide:nn_last_partner"
[kp]    268.83s  dealloc      711.9 MB  Cuda     live     4166.3 MB  "collide:nn_last_partner"
[kp]    268.88s  alloc        711.9 MB  Cuda     live     4878.3 MB  "collide:nn_last_partner"
[kp]    268.88s  dealloc      711.9 MB  Cuda     live     4166.3 MB  "collide:nn_last_partner"
[kp]    268.93s  alloc        711.9 MB  Cuda     live     4878.3 MB  "collide:nn_last_partner"
[kp]    268.93s  dealloc      711.9 MB  Cuda     live     4166.3 MB  "collide:nn_last_partner"
[kp]    268.98s  alloc        711.9 MB  Cuda     live     4878.3 MB  "collide:nn_last_partner"
[kp]    268.98s  dealloc      711.9 MB  Cuda     live     4166.3 MB  "collide:nn_last_partner"
[kp]    269.02s  alloc        711.9 MB  Cuda     live     4878.3 MB  "collide:nn_last_partner"
[kp]    269.03s  dealloc      711.9 MB  Cuda     live     4166.3 MB  "collide:nn_last_partner"
[kp]    269.07s  alloc        711.9 MB  Cuda     live     4878.3 MB  "collide:nn_last_partner"
[kp]    269.08s  dealloc      711.9 MB  Cuda     live     4166.3 MB  "collide:nn_last_partner"
[kp]    269.12s  alloc        711.9 MB  Cuda     live     4878.3 MB  "collide:nn_last_partner"
[kp]    269.12s  dealloc      711.9 MB  Cuda     live     4166.3 MB  "collide:nn_last_partner"
[kp]    269.17s  alloc        711.9 MB  Cuda     live     4878.3 MB  "collide:nn_last_partner"
[kp]    269.17s  dealloc      711.9 MB  Cuda     live     4166.3 MB  "collide:nn_last_partner"
[kp]    269.22s  alloc        711.9 MB  Cuda     live     4878.3 MB  "collide:nn_last_partner"
[kp]    269.22s  dealloc      711.9 MB  Cuda     live     4166.3 MB  "collide:nn_last_partner"
[kp]    269.27s  alloc        711.9 MB  Cuda     live     4878.3 MB  "collide:nn_last_partner"
[kp]    269.27s  dealloc      711.9 MB  Cuda     live     4166.3 MB  "collide:nn_last_partner"
[kp]    269.32s  alloc        711.9 MB  Cuda     live     4878.3 MB  "collide:nn_last_partner"
[kp]    269.32s  dealloc      711.9 MB  Cuda     live     4166.3 MB  "collide:nn_last_partner"
[kp]    269.37s  alloc        711.9 MB  Cuda     live     4878.3 MB  "collide:nn_last_partner"
[kp]    269.37s  dealloc      711.9 MB  Cuda     live     4166.3 MB  "collide:nn_last_partner"
[kp]    269.42s  alloc        711.9 MB  Cuda     live     4878.3 MB  "collide:nn_last_partner"
[kp]    269.42s  dealloc      711.9 MB  Cuda     live     4166.3 MB  "collide:nn_last_partner"
[kp]    269.47s  alloc        711.9 MB  Cuda     live     4878.3 MB  "collide:nn_last_partner"
[kp]    269.47s  dealloc      711.9 MB  Cuda     live     4166.3 MB  "collide:nn_last_partner"
[kp]    269.52s  alloc        711.9 MB  Cuda     live     4878.3 MB  "collide:nn_last_partner"
[kp]    269.52s  dealloc      711.9 MB  Cuda     live     4166.3 MB  "collide:nn_last_partner"
[kp]    269.57s  alloc        711.9 MB  Cuda     live     4878.3 MB  "collide:nn_last_partner"
[kp]    269.57s  dealloc      711.9 MB  Cuda     live     4166.3 MB  "collide:nn_last_partner"
[kp]    269.62s  alloc        711.9 MB  Cuda     live     4878.3 MB  "collide:nn_last_partner"
[kp]    269.62s  dealloc      711.9 MB  Cuda     live     4166.3 MB  "collide:nn_last_partner"
[kp]    269.67s  alloc        711.9 MB  Cuda     live     4878.3 MB  "collide:nn_last_partner"
[kp]    269.67s  dealloc      711.9 MB  Cuda     live     4166.3 MB  "collide:nn_last_partner"
[kp]    269.72s  alloc        711.9 MB  Cuda     live     4878.3 MB  "collide:nn_last_partner"
[kp]    269.72s  dealloc      711.9 MB  Cuda     live     4166.3 MB  "collide:nn_last_partner"
[kp]    269.77s  alloc        711.9 MB  Cuda     live     4878.3 MB  "collide:nn_last_partner"
[kp]    269.77s  dealloc      711.9 MB  Cuda     live     4166.3 MB  "collide:nn_last_partner"
[kp]    269.82s  alloc        711.9 MB  Cuda     live     4878.3 MB  "collide:nn_last_partner"
[kp]    269.82s  dealloc      711.9 MB  Cuda     live     4166.3 MB  "collide:nn_last_partner"
[kp]    269.87s  alloc        711.9 MB  Cuda     live     4878.3 MB  "collide:nn_last_partner"
[kp]    269.87s  dealloc      711.9 MB  Cuda     live     4166.3 MB  "collide:nn_last_partner"
[kp]    269.92s  alloc        711.9 MB  Cuda     live     4878.3 MB  "collide:nn_last_partner"
[kp]    269.92s  dealloc      711.9 MB  Cuda     live     4166.3 MB  "collide:nn_last_partner"
[kp]    269.97s  alloc        711.9 MB  Cuda     live     4878.3 MB  "collide:nn_last_partner"
[kp]    269.97s  dealloc      711.9 MB  Cuda     live     4166.3 MB  "collide:nn_last_partner"
[kp]    270.02s  alloc        711.9 MB  Cuda     live     4878.3 MB  "collide:nn_last_partner"
[kp]    270.02s  dealloc      711.9 MB  Cuda     live     4166.3 MB  "collide:nn_last_partner"
[kp]    270.07s  alloc        711.9 MB  Cuda     live     4878.3 MB  "collide:nn_last_partner"
[kp]    270.07s  dealloc      711.9 MB  Cuda     live     4166.3 MB  "collide:nn_last_partner"
[kp]    270.12s  alloc        711.9 MB  Cuda     live     4878.3 MB  "collide:nn_last_partner"
[kp]    270.12s  dealloc      711.9 MB  Cuda     live     4166.3 MB  "collide:nn_last_partner"
[kp]    270.17s  alloc        711.9 MB  Cuda     live     4878.3 MB  "collide:nn_last_partner"
[kp]    270.17s  dealloc      711.9 MB  Cuda     live     4166.3 MB  "collide:nn_last_partner"
[kp]    270.22s  alloc        711.9 MB  Cuda     live     4878.3 MB  "collide:nn_last_partner"
[kp]    270.22s  dealloc      711.9 MB  Cuda     live     4166.3 MB  "collide:nn_last_partner"
[kp]    270.27s  alloc        711.9 MB  Cuda     live     4878.3 MB  "collide:nn_last_partner"
[kp]    270.27s  dealloc      711.9 MB  Cuda     live     4166.3 MB  "collide:nn_last_partner"
    4800    257.63924 5.9101158e-08    19.700382        3e-09 27222912   102340    52136        0        0     299.1666 
[kp]    270.43s  alloc        711.9 MB  Cuda     live     4878.3 MB  "collide:nn_last_partner"
[kp]    270.43s  dealloc      711.9 MB  Cuda     live     4166.3 MB  "collide:nn_last_partner"
[kp]    270.48s  alloc        711.9 MB  Cuda     live     4878.3 MB  "collide:nn_last_partner"
[kp]    270.48s  dealloc      711.9 MB  Cuda     live     4166.3 MB  "collide:nn_last_partner"
[kp]    270.53s  alloc        711.9 MB  Cuda     live     4878.3 MB  "collide:nn_last_partner"
[kp]    270.53s  dealloc      711.9 MB  Cuda     live     4166.3 MB  "collide:nn_last_partner"
[kp]    270.58s  alloc        711.9 MB  Cuda     live     4878.3 MB  "collide:nn_last_partner"
[kp]    270.58s  dealloc      711.9 MB  Cuda     live     4166.3 MB  "collide:nn_last_partner"
[kp]    270.63s  alloc        711.9 MB  Cuda     live     4878.3 MB  "collide:nn_last_partner"
[kp]    270.63s  dealloc      711.9 MB  Cuda     live     4166.3 MB  "collide:nn_last_partner"
[kp]    270.68s  alloc        711.9 MB  Cuda     live     4878.3 MB  "collide:nn_last_partner"
[kp]    270.68s  dealloc      711.9 MB  Cuda     live     4166.3 MB  "collide:nn_last_partner"
[kp]    270.72s  alloc        711.9 MB  Cuda     live     4878.3 MB  "collide:nn_last_partner"
[kp]    270.73s  dealloc      711.9 MB  Cuda     live     4166.3 MB  "collide:nn_last_partner"
[kp]    270.77s  alloc        711.9 MB  Cuda     live     4878.3 MB  "collide:nn_last_partner"
[kp]    270.78s  dealloc      711.9 MB  Cuda     live     4166.3 MB  "collide:nn_last_partner"
[kp]    270.82s  alloc        711.9 MB  Cuda     live     4878.3 MB  "collide:nn_last_partner"
[kp]    270.82s  dealloc      711.9 MB  Cuda     live     4166.3 MB  "collide:nn_last_partner"
[kp]    270.87s  alloc        711.9 MB  Cuda     live     4878.3 MB  "collide:nn_last_partner"
[kp]    270.87s  dealloc      711.9 MB  Cuda     live     4166.3 MB  "collide:nn_last_partner"
[kp]    270.92s  alloc        711.9 MB  Cuda     live     4878.3 MB  "collide:nn_last_partner"
[kp]    270.92s  dealloc      711.9 MB  Cuda     live     4166.3 MB  "collide:nn_last_partner"
[kp]    270.97s  alloc        711.9 MB  Cuda     live     4878.3 MB  "collide:nn_last_partner"
[kp]    270.97s  dealloc      711.9 MB  Cuda     live     4166.3 MB  "collide:nn_last_partner"
[kp]    271.02s  alloc        711.9 MB  Cuda     live     4878.3 MB  "collide:nn_last_partner"
[kp]    271.02s  dealloc      711.9 MB  Cuda     live     4166.3 MB  "collide:nn_last_partner"
[kp]    271.07s  alloc        711.9 MB  Cuda     live     4878.3 MB  "collide:nn_last_partner"
[kp]    271.07s  dealloc      711.9 MB  Cuda     live     4166.3 MB  "collide:nn_last_partner"
[kp]    271.12s  alloc        711.9 MB  Cuda     live     4878.3 MB  "collide:nn_last_partner"
[kp]    271.12s  dealloc      711.9 MB  Cuda     live     4166.3 MB  "collide:nn_last_partner"
[kp]    271.17s  alloc        711.9 MB  Cuda     live     4878.3 MB  "collide:nn_last_partner"
[kp]    271.17s  dealloc      711.9 MB  Cuda     live     4166.3 MB  "collide:nn_last_partner"
[kp]    271.22s  alloc        711.9 MB  Cuda     live     4878.3 MB  "collide:nn_last_partner"
[kp]    271.22s  dealloc      711.9 MB  Cuda     live     4166.3 MB  "collide:nn_last_partner"
[kp]    271.27s  alloc        711.9 MB  Cuda     live     4878.3 MB  "collide:nn_last_partner"
[kp]    271.27s  dealloc      711.9 MB  Cuda     live     4166.3 MB  "collide:nn_last_partner"
[kp]    271.32s  alloc        711.9 MB  Cuda     live     4878.3 MB  "collide:nn_last_partner"
[kp]    271.32s  dealloc      711.9 MB  Cuda     live     4166.3 MB  "collide:nn_last_partner"
[kp]    271.37s  alloc        711.9 MB  Cuda     live     4878.3 MB  "collide:nn_last_partner"
[kp]    271.37s  dealloc      711.9 MB  Cuda     live     4166.3 MB  "collide:nn_last_partner"
[kp]    271.42s  alloc        711.9 MB  Cuda     live     4878.3 MB  "collide:nn_last_partner"
[kp]    271.42s  dealloc      711.9 MB  Cuda     live     4166.3 MB  "collide:nn_last_partner"
[kp]    271.47s  alloc        711.9 MB  Cuda     live     4878.3 MB  "collide:nn_last_partner"
[kp]    271.47s  dealloc      711.9 MB  Cuda     live     4166.3 MB  "collide:nn_last_partner"
[kp]    271.52s  alloc        711.9 MB  Cuda     live     4878.3 MB  "collide:nn_last_partner"
[kp]    271.52s  dealloc      711.9 MB  Cuda     live     4166.3 MB  "collide:nn_last_partner"
[kp]    271.57s  alloc        711.9 MB  Cuda     live     4878.3 MB  "collide:nn_last_partner"
[kp]    271.57s  dealloc      711.9 MB  Cuda     live     4166.3 MB  "collide:nn_last_partner"
[kp]    271.62s  alloc        711.9 MB  Cuda     live     4878.3 MB  "collide:nn_last_partner"
[kp]    271.62s  dealloc      711.9 MB  Cuda     live     4166.3 MB  "collide:nn_last_partner"
[kp]    271.67s  alloc        711.9 MB  Cuda     live     4878.3 MB  "collide:nn_last_partner"
[kp]    271.67s  dealloc      711.9 MB  Cuda     live     4166.3 MB  "collide:nn_last_partner"
[kp]    271.72s  alloc        711.9 MB  Cuda     live     4878.3 MB  "collide:nn_last_partner"
[kp]    271.72s  dealloc      711.9 MB  Cuda     live     4166.3 MB  "collide:nn_last_partner"
[kp]    271.77s  alloc        711.9 MB  Cuda     live     4878.3 MB  "collide:nn_last_partner"
[kp]    271.77s  dealloc      711.9 MB  Cuda     live     4166.3 MB  "collide:nn_last_partner"
[kp]    271.82s  alloc        711.9 MB  Cuda     live     4878.3 MB  "collide:nn_last_partner"
[kp]    271.82s  dealloc      711.9 MB  Cuda     live     4166.3 MB  "collide:nn_last_partner"
[kp]    271.87s  alloc        711.9 MB  Cuda     live     4878.3 MB  "collide:nn_last_partner"
[kp]    271.87s  dealloc      711.9 MB  Cuda     live     4166.3 MB  "collide:nn_last_partner"
[kp]    271.92s  alloc        711.9 MB  Cuda     live     4878.3 MB  "collide:nn_last_partner"
[kp]    271.92s  dealloc      711.9 MB  Cuda     live     4166.3 MB  "collide:nn_last_partner"
[kp]    271.97s  alloc        711.9 MB  Cuda     live     4878.3 MB  "collide:nn_last_partner"
[kp]    271.97s  dealloc      711.9 MB  Cuda     live     4166.3 MB  "collide:nn_last_partner"
[kp]    272.02s  alloc        711.9 MB  Cuda     live     4878.3 MB  "collide:nn_last_partner"
[kp]    272.02s  dealloc      711.9 MB  Cuda     live     4166.3 MB  "collide:nn_last_partner"
[kp]    272.06s  alloc        711.9 MB  Cuda     live     4878.3 MB  "collide:nn_last_partner"
[kp]    272.07s  dealloc      711.9 MB  Cuda     live     4166.3 MB  "collide:nn_last_partner"
[kp]    272.11s  alloc        711.9 MB  Cuda     live     4878.3 MB  "collide:nn_last_partner"
[kp]    272.11s  dealloc      711.9 MB  Cuda     live     4166.3 MB  "collide:nn_last_partner"
[kp]    272.16s  alloc        711.9 MB  Cuda     live     4878.3 MB  "collide:nn_last_partner"
[kp]    272.16s  dealloc      711.9 MB  Cuda     live     4166.3 MB  "collide:nn_last_partner"
[kp]    272.21s  alloc        711.9 MB  Cuda     live     4878.3 MB  "collide:nn_last_partner"
[kp]    272.21s  dealloc      711.9 MB  Cuda     live     4166.3 MB  "collide:nn_last_partner"
[kp]    272.26s  alloc        711.9 MB  Cuda     live     4878.3 MB  "collide:nn_last_partner"
[kp]    272.26s  dealloc      711.9 MB  Cuda     live     4166.3 MB  "collide:nn_last_partner"
[kp]    272.31s  alloc        711.9 MB  Cuda     live     4878.3 MB  "collide:nn_last_partner"
[kp]    272.31s  dealloc      711.9 MB  Cuda     live     4166.3 MB  "collide:nn_last_partner"
[kp]    272.36s  alloc        711.9 MB  Cuda     live     4878.3 MB  "collide:nn_last_partner"
[kp]    272.36s  dealloc      711.9 MB  Cuda     live     4166.3 MB  "collide:nn_last_partner"
[kp]    272.41s  alloc        711.9 MB  Cuda     live     4878.3 MB  "collide:nn_last_partner"
[kp]    272.41s  dealloc      711.9 MB  Cuda     live     4166.3 MB  "collide:nn_last_partner"
[kp]    272.46s  alloc        711.9 MB  Cuda     live     4878.3 MB  "collide:nn_last_partner"
[kp]    272.46s  dealloc      711.9 MB  Cuda     live     4166.3 MB  "collide:nn_last_partner"
[kp]    272.51s  alloc        711.9 MB  Cuda     live     4878.3 MB  "collide:nn_last_partner"
[kp]    272.51s  dealloc      711.9 MB  Cuda     live     4166.3 MB  "collide:nn_last_partner"
[kp]    272.56s  alloc        711.9 MB  Cuda     live     4878.3 MB  "collide:nn_last_partner"
[kp]    272.56s  dealloc      711.9 MB  Cuda     live     4166.3 MB  "collide:nn_last_partner"
[kp]    272.61s  alloc        711.9 MB  Cuda     live     4878.3 MB  "collide:nn_last_partner"
[kp]    272.61s  dealloc      711.9 MB  Cuda     live     4166.3 MB  "collide:nn_last_partner"
[kp]    272.66s  alloc        711.9 MB  Cuda     live     4878.3 MB  "collide:nn_last_partner"
[kp]    272.66s  dealloc      711.9 MB  Cuda     live     4166.3 MB  "collide:nn_last_partner"
[kp]    272.71s  alloc        711.9 MB  Cuda     live     4878.3 MB  "collide:nn_last_partner"
[kp]    272.71s  dealloc      711.9 MB  Cuda     live     4166.3 MB  "collide:nn_last_partner"
[kp]    272.76s  alloc        711.9 MB  Cuda     live     4878.3 MB  "collide:nn_last_partner"
[kp]    272.76s  dealloc      711.9 MB  Cuda     live     4166.3 MB  "collide:nn_last_partner"
[kp]    272.81s  alloc        711.9 MB  Cuda     live     4878.3 MB  "collide:nn_last_partner"
[kp]    272.81s  dealloc      711.9 MB  Cuda     live     4166.3 MB  "collide:nn_last_partner"
[kp]    272.86s  alloc        711.9 MB  Cuda     live     4878.3 MB  "collide:nn_last_partner"
[kp]    272.86s  dealloc      711.9 MB  Cuda     live     4166.3 MB  "collide:nn_last_partner"
[kp]    272.91s  alloc        711.9 MB  Cuda     live     4878.3 MB  "collide:nn_last_partner"
[kp]    272.91s  dealloc      711.9 MB  Cuda     live     4166.3 MB  "collide:nn_last_partner"
[kp]    272.96s  alloc        711.9 MB  Cuda     live     4878.3 MB  "collide:nn_last_partner"
[kp]    272.96s  dealloc      711.9 MB  Cuda     live     4166.3 MB  "collide:nn_last_partner"
[kp]    273.01s  alloc        711.9 MB  Cuda     live     4878.3 MB  "collide:nn_last_partner"
[kp]    273.01s  dealloc      711.9 MB  Cuda     live     4166.3 MB  "collide:nn_last_partner"
[kp]    273.06s  alloc        711.9 MB  Cuda     live     4878.3 MB  "collide:nn_last_partner"
[kp]    273.06s  dealloc      711.9 MB  Cuda     live     4166.3 MB  "collide:nn_last_partner"
[kp]    273.11s  alloc        711.9 MB  Cuda     live     4878.3 MB  "collide:nn_last_partner"
[kp]    273.11s  dealloc      711.9 MB  Cuda     live     4166.3 MB  "collide:nn_last_partner"
[kp]    273.16s  alloc        711.9 MB  Cuda     live     4878.3 MB  "collide:nn_last_partner"
[kp]    273.16s  dealloc      711.9 MB  Cuda     live     4166.3 MB  "collide:nn_last_partner"
[kp]    273.21s  alloc        711.9 MB  Cuda     live     4878.3 MB  "collide:nn_last_partner"
[kp]    273.21s  dealloc      711.9 MB  Cuda     live     4166.3 MB  "collide:nn_last_partner"
[kp]    273.26s  alloc        711.9 MB  Cuda     live     4878.3 MB  "collide:nn_last_partner"
[kp]    273.26s  dealloc      711.9 MB  Cuda     live     4166.3 MB  "collide:nn_last_partner"
[kp]    273.30s  alloc        711.9 MB  Cuda     live     4878.3 MB  "collide:nn_last_partner"
[kp]    273.31s  dealloc      711.9 MB  Cuda     live     4166.3 MB  "collide:nn_last_partner"
[kp]    273.35s  alloc        711.9 MB  Cuda     live     4878.3 MB  "collide:nn_last_partner"
[kp]    273.36s  dealloc      711.9 MB  Cuda     live     4166.3 MB  "collide:nn_last_partner"
[kp]    273.40s  alloc        711.9 MB  Cuda     live     4878.3 MB  "collide:nn_last_partner"
[kp]    273.40s  dealloc      711.9 MB  Cuda     live     4166.3 MB  "collide:nn_last_partner"
[kp]    273.45s  alloc        711.9 MB  Cuda     live     4878.3 MB  "collide:nn_last_partner"
[kp]    273.45s  dealloc      711.9 MB  Cuda     live     4166.3 MB  "collide:nn_last_partner"
[kp]    273.50s  alloc        711.9 MB  Cuda     live     4878.3 MB  "collide:nn_last_partner"
[kp]    273.50s  dealloc      711.9 MB  Cuda     live     4166.3 MB  "collide:nn_last_partner"
[kp]    273.55s  alloc        711.9 MB  Cuda     live     4878.3 MB  "collide:nn_last_partner"
[kp]    273.55s  dealloc      711.9 MB  Cuda     live     4166.3 MB  "collide:nn_last_partner"
[kp]    273.60s  alloc        711.9 MB  Cuda     live     4878.3 MB  "collide:nn_last_partner"
[kp]    273.60s  dealloc      711.9 MB  Cuda     live     4166.3 MB  "collide:nn_last_partner"
[kp]    273.65s  alloc        711.9 MB  Cuda     live     4878.3 MB  "collide:nn_last_partner"
[kp]    273.65s  dealloc      711.9 MB  Cuda     live     4166.3 MB  "collide:nn_last_partner"
[kp]    273.70s  alloc        711.9 MB  Cuda     live     4878.3 MB  "collide:nn_last_partner"
[kp]    273.70s  dealloc      711.9 MB  Cuda     live     4166.3 MB  "collide:nn_last_partner"
[kp]    273.75s  alloc        711.9 MB  Cuda     live     4878.3 MB  "collide:nn_last_partner"
[kp]    273.75s  dealloc      711.9 MB  Cuda     live     4166.3 MB  "collide:nn_last_partner"
[kp]    273.80s  alloc        711.9 MB  Cuda     live     4878.3 MB  "collide:nn_last_partner"
[kp]    273.80s  dealloc      711.9 MB  Cuda     live     4166.3 MB  "collide:nn_last_partner"
[kp]    273.85s  alloc        711.9 MB  Cuda     live     4878.3 MB  "collide:nn_last_partner"
[kp]    273.85s  dealloc      711.9 MB  Cuda     live     4166.3 MB  "collide:nn_last_partner"
[kp]    273.90s  alloc        711.9 MB  Cuda     live     4878.3 MB  "collide:nn_last_partner"
[kp]    273.90s  dealloc      711.9 MB  Cuda     live     4166.3 MB  "collide:nn_last_partner"
[kp]    273.95s  alloc        711.9 MB  Cuda     live     4878.3 MB  "collide:nn_last_partner"
[kp]    273.95s  dealloc      711.9 MB  Cuda     live     4166.3 MB  "collide:nn_last_partner"
[kp]    274.00s  alloc        711.9 MB  Cuda     live     4878.3 MB  "collide:nn_last_partner"
[kp]    274.00s  dealloc      711.9 MB  Cuda     live     4166.3 MB  "collide:nn_last_partner"
[kp]    274.05s  alloc        711.9 MB  Cuda     live     4878.3 MB  "collide:nn_last_partner"
[kp]    274.05s  dealloc      711.9 MB  Cuda     live     4166.3 MB  "collide:nn_last_partner"
[kp]    274.10s  alloc        711.9 MB  Cuda     live     4878.3 MB  "collide:nn_last_partner"
[kp]    274.10s  dealloc      711.9 MB  Cuda     live     4166.3 MB  "collide:nn_last_partner"
[kp]    274.15s  alloc        711.9 MB  Cuda     live     4878.3 MB  "collide:nn_last_partner"
[kp]    274.15s  dealloc      711.9 MB  Cuda     live     4166.3 MB  "collide:nn_last_partner"
[kp]    274.20s  alloc        711.9 MB  Cuda     live     4878.3 MB  "collide:nn_last_partner"
[kp]    274.20s  dealloc      711.9 MB  Cuda     live     4166.3 MB  "collide:nn_last_partner"
[kp]    274.25s  alloc        711.9 MB  Cuda     live     4878.3 MB  "collide:nn_last_partner"
[kp]    274.25s  dealloc      711.9 MB  Cuda     live     4166.3 MB  "collide:nn_last_partner"
[kp]    274.30s  alloc        711.9 MB  Cuda     live     4878.3 MB  "collide:nn_last_partner"
[kp]    274.30s  dealloc      711.9 MB  Cuda     live     4166.3 MB  "collide:nn_last_partner"
[kp]    274.35s  alloc        711.9 MB  Cuda     live     4878.3 MB  "collide:nn_last_partner"
[kp]    274.35s  dealloc      711.9 MB  Cuda     live     4166.3 MB  "collide:nn_last_partner"
[kp]    274.40s  alloc        711.9 MB  Cuda     live     4878.3 MB  "collide:nn_last_partner"
[kp]    274.40s  dealloc      711.9 MB  Cuda     live     4166.3 MB  "collide:nn_last_partner"
[kp]    274.45s  alloc        711.9 MB  Cuda     live     4878.3 MB  "collide:nn_last_partner"
[kp]    274.45s  dealloc      711.9 MB  Cuda     live     4166.3 MB  "collide:nn_last_partner"
[kp]    274.50s  alloc        711.9 MB  Cuda     live     4878.3 MB  "collide:nn_last_partner"
[kp]    274.50s  dealloc      711.9 MB  Cuda     live     4166.3 MB  "collide:nn_last_partner"
[kp]    274.55s  alloc        711.9 MB  Cuda     live     4878.3 MB  "collide:nn_last_partner"
[kp]    274.55s  dealloc      711.9 MB  Cuda     live     4166.3 MB  "collide:nn_last_partner"
[kp]    274.59s  alloc        711.9 MB  Cuda     live     4878.3 MB  "collide:nn_last_partner"
[kp]    274.60s  dealloc      711.9 MB  Cuda     live     4166.3 MB  "collide:nn_last_partner"
[kp]    274.64s  alloc        711.9 MB  Cuda     live     4878.3 MB  "collide:nn_last_partner"
[kp]    274.65s  dealloc      711.9 MB  Cuda     live     4166.3 MB  "collide:nn_last_partner"
[kp]    274.69s  alloc        711.9 MB  Cuda     live     4878.3 MB  "collide:nn_last_partner"
[kp]    274.69s  dealloc      711.9 MB  Cuda     live     4166.3 MB  "collide:nn_last_partner"
[kp]    274.74s  alloc        711.9 MB  Cuda     live     4878.3 MB  "collide:nn_last_partner"
[kp]    274.74s  dealloc      711.9 MB  Cuda     live     4166.3 MB  "collide:nn_last_partner"
[kp]    274.79s  alloc        711.9 MB  Cuda     live     4878.3 MB  "collide:nn_last_partner"
[kp]    274.79s  dealloc      711.9 MB  Cuda     live     4166.3 MB  "collide:nn_last_partner"
[kp]    274.84s  alloc        711.9 MB  Cuda     live     4878.3 MB  "collide:nn_last_partner"
[kp]    274.84s  dealloc      711.9 MB  Cuda     live     4166.3 MB  "collide:nn_last_partner"
[kp]    274.89s  alloc        711.9 MB  Cuda     live     4878.3 MB  "collide:nn_last_partner"
[kp]    274.89s  dealloc      711.9 MB  Cuda     live     4166.3 MB  "collide:nn_last_partner"
[kp]    274.94s  alloc        711.9 MB  Cuda     live     4878.3 MB  "collide:nn_last_partner"
[kp]    274.94s  dealloc      711.9 MB  Cuda     live     4166.3 MB  "collide:nn_last_partner"
[kp]    274.99s  alloc        711.9 MB  Cuda     live     4878.3 MB  "collide:nn_last_partner"
[kp]    274.99s  dealloc      711.9 MB  Cuda     live     4166.3 MB  "collide:nn_last_partner"
[kp]    275.04s  alloc        711.9 MB  Cuda     live     4878.3 MB  "collide:nn_last_partner"
[kp]    275.04s  dealloc      711.9 MB  Cuda     live     4166.3 MB  "collide:nn_last_partner"
[kp]    275.09s  alloc        711.9 MB  Cuda     live     4878.3 MB  "collide:nn_last_partner"
[kp]    275.09s  dealloc      711.9 MB  Cuda     live     4166.3 MB  "collide:nn_last_partner"
[kp]    275.14s  alloc        711.9 MB  Cuda     live     4878.3 MB  "collide:nn_last_partner"
[kp]    275.14s  dealloc      711.9 MB  Cuda     live     4166.3 MB  "collide:nn_last_partner"
[kp]    275.19s  alloc        711.9 MB  Cuda     live     4878.3 MB  "collide:nn_last_partner"
[kp]    275.19s  dealloc      711.9 MB  Cuda     live     4166.3 MB  "collide:nn_last_partner"
[kp]    275.24s  alloc        711.9 MB  Cuda     live     4878.3 MB  "collide:nn_last_partner"
[kp]    275.24s  dealloc      711.9 MB  Cuda     live     4166.3 MB  "collide:nn_last_partner"
[kp]    275.29s  alloc        711.9 MB  Cuda     live     4878.3 MB  "collide:nn_last_partner"
[kp]    275.29s  dealloc      711.9 MB  Cuda     live     4166.3 MB  "collide:nn_last_partner"
[kp]    275.34s  alloc        711.9 MB  Cuda     live     4878.3 MB  "collide:nn_last_partner"
[kp]    275.34s  dealloc      711.9 MB  Cuda     live     4166.3 MB  "collide:nn_last_partner"
    4900    262.71135 5.9146915e-08    19.715642        3e-09 27209431   102277    52212        0        0    299.24717 
[kp]    275.50s  alloc        711.9 MB  Cuda     live     4878.3 MB  "collide:nn_last_partner"
[kp]    275.50s  dealloc      711.9 MB  Cuda     live     4166.3 MB  "collide:nn_last_partner"
[kp]    275.55s  alloc        711.9 MB  Cuda     live     4878.3 MB  "collide:nn_last_partner"
[kp]    275.55s  dealloc      711.9 MB  Cuda     live     4166.3 MB  "collide:nn_last_partner"
[kp]    275.60s  alloc        711.9 MB  Cuda     live     4878.3 MB  "collide:nn_last_partner"
[kp]    275.60s  dealloc      711.9 MB  Cuda     live     4166.3 MB  "collide:nn_last_partner"
[kp]    275.65s  alloc        711.9 MB  Cuda     live     4878.3 MB  "collide:nn_last_partner"
[kp]    275.65s  dealloc      711.9 MB  Cuda     live     4166.3 MB  "collide:nn_last_partner"
[kp]    275.70s  alloc        711.9 MB  Cuda     live     4878.3 MB  "collide:nn_last_partner"
[kp]    275.70s  dealloc      711.9 MB  Cuda     live     4166.3 MB  "collide:nn_last_partner"
[kp]    275.75s  alloc        711.9 MB  Cuda     live     4878.3 MB  "collide:nn_last_partner"
[kp]    275.75s  dealloc      711.9 MB  Cuda     live     4166.3 MB  "collide:nn_last_partner"
[kp]    275.80s  alloc        711.9 MB  Cuda     live     4878.3 MB  "collide:nn_last_partner"
[kp]    275.80s  dealloc      711.9 MB  Cuda     live     4166.3 MB  "collide:nn_last_partner"
[kp]    275.85s  alloc        711.9 MB  Cuda     live     4878.3 MB  "collide:nn_last_partner"
[kp]    275.85s  dealloc      711.9 MB  Cuda     live     4166.3 MB  "collide:nn_last_partner"
[kp]    275.90s  alloc        711.9 MB  Cuda     live     4878.3 MB  "collide:nn_last_partner"
[kp]    275.90s  dealloc      711.9 MB  Cuda     live     4166.3 MB  "collide:nn_last_partner"
[kp]    275.95s  alloc        711.9 MB  Cuda     live     4878.3 MB  "collide:nn_last_partner"
[kp]    275.95s  dealloc      711.9 MB  Cuda     live     4166.3 MB  "collide:nn_last_partner"
[kp]    276.00s  alloc        711.9 MB  Cuda     live     4878.3 MB  "collide:nn_last_partner"
[kp]    276.00s  dealloc      711.9 MB  Cuda     live     4166.3 MB  "collide:nn_last_partner"
[kp]    276.04s  alloc        711.9 MB  Cuda     live     4878.3 MB  "collide:nn_last_partner"
[kp]    276.05s  dealloc      711.9 MB  Cuda     live     4166.3 MB  "collide:nn_last_partner"
[kp]    276.09s  alloc        711.9 MB  Cuda     live     4878.3 MB  "collide:nn_last_partner"
[kp]    276.10s  dealloc      711.9 MB  Cuda     live     4166.3 MB  "collide:nn_last_partner"
[kp]    276.14s  alloc        711.9 MB  Cuda     live     4878.3 MB  "collide:nn_last_partner"
[kp]    276.14s  dealloc      711.9 MB  Cuda     live     4166.3 MB  "collide:nn_last_partner"
[kp]    276.19s  alloc        711.9 MB  Cuda     live     4878.3 MB  "collide:nn_last_partner"
[kp]    276.19s  dealloc      711.9 MB  Cuda     live     4166.3 MB  "collide:nn_last_partner"
[kp]    276.24s  alloc        711.9 MB  Cuda     live     4878.3 MB  "collide:nn_last_partner"
[kp]    276.24s  dealloc      711.9 MB  Cuda     live     4166.3 MB  "collide:nn_last_partner"
[kp]    276.29s  alloc        711.9 MB  Cuda     live     4878.3 MB  "collide:nn_last_partner"
[kp]    276.29s  dealloc      711.9 MB  Cuda     live     4166.3 MB  "collide:nn_last_partner"
[kp]    276.34s  alloc        711.9 MB  Cuda     live     4878.3 MB  "collide:nn_last_partner"
[kp]    276.34s  dealloc      711.9 MB  Cuda     live     4166.3 MB  "collide:nn_last_partner"
[kp]    276.39s  alloc        711.9 MB  Cuda     live     4878.3 MB  "collide:nn_last_partner"
[kp]    276.39s  dealloc      711.9 MB  Cuda     live     4166.3 MB  "collide:nn_last_partner"
[kp]    276.44s  alloc        711.9 MB  Cuda     live     4878.3 MB  "collide:nn_last_partner"
[kp]    276.44s  dealloc      711.9 MB  Cuda     live     4166.3 MB  "collide:nn_last_partner"
[kp]    276.49s  alloc        711.9 MB  Cuda     live     4878.3 MB  "collide:nn_last_partner"
[kp]    276.49s  dealloc      711.9 MB  Cuda     live     4166.3 MB  "collide:nn_last_partner"
[kp]    276.54s  alloc        711.9 MB  Cuda     live     4878.3 MB  "collide:nn_last_partner"
[kp]    276.54s  dealloc      711.9 MB  Cuda     live     4166.3 MB  "collide:nn_last_partner"
[kp]    276.59s  alloc        711.9 MB  Cuda     live     4878.3 MB  "collide:nn_last_partner"
[kp]    276.59s  dealloc      711.9 MB  Cuda     live     4166.3 MB  "collide:nn_last_partner"
[kp]    276.64s  alloc        711.9 MB  Cuda     live     4878.3 MB  "collide:nn_last_partner"
[kp]    276.64s  dealloc      711.9 MB  Cuda     live     4166.3 MB  "collide:nn_last_partner"
[kp]    276.69s  alloc        711.9 MB  Cuda     live     4878.3 MB  "collide:nn_last_partner"
[kp]    276.69s  dealloc      711.9 MB  Cuda     live     4166.3 MB  "collide:nn_last_partner"
[kp]    276.74s  alloc        711.9 MB  Cuda     live     4878.3 MB  "collide:nn_last_partner"
[kp]    276.74s  dealloc      711.9 MB  Cuda     live     4166.3 MB  "collide:nn_last_partner"
[kp]    276.79s  alloc        711.9 MB  Cuda     live     4878.3 MB  "collide:nn_last_partner"
[kp]    276.79s  dealloc      711.9 MB  Cuda     live     4166.3 MB  "collide:nn_last_partner"
[kp]    276.84s  alloc        711.9 MB  Cuda     live     4878.3 MB  "collide:nn_last_partner"
[kp]    276.84s  dealloc      711.9 MB  Cuda     live     4166.3 MB  "collide:nn_last_partner"
[kp]    276.89s  alloc        711.9 MB  Cuda     live     4878.3 MB  "collide:nn_last_partner"
[kp]    276.89s  dealloc      711.9 MB  Cuda     live     4166.3 MB  "collide:nn_last_partner"
[kp]    276.94s  alloc        711.9 MB  Cuda     live     4878.3 MB  "collide:nn_last_partner"
[kp]    276.94s  dealloc      711.9 MB  Cuda     live     4166.3 MB  "collide:nn_last_partner"
[kp]    276.99s  alloc        711.9 MB  Cuda     live     4878.3 MB  "collide:nn_last_partner"
[kp]    276.99s  dealloc      711.9 MB  Cuda     live     4166.3 MB  "collide:nn_last_partner"
[kp]    277.04s  alloc        711.9 MB  Cuda     live     4878.3 MB  "collide:nn_last_partner"
[kp]    277.04s  dealloc      711.9 MB  Cuda     live     4166.3 MB  "collide:nn_last_partner"
[kp]    277.09s  alloc        711.9 MB  Cuda     live     4878.3 MB  "collide:nn_last_partner"
[kp]    277.09s  dealloc      711.9 MB  Cuda     live     4166.3 MB  "collide:nn_last_partner"
[kp]    277.14s  alloc        711.9 MB  Cuda     live     4878.3 MB  "collide:nn_last_partner"
[kp]    277.14s  dealloc      711.9 MB  Cuda     live     4166.3 MB  "collide:nn_last_partner"
[kp]    277.19s  alloc        711.9 MB  Cuda     live     4878.3 MB  "collide:nn_last_partner"
[kp]    277.19s  dealloc      711.9 MB  Cuda     live     4166.3 MB  "collide:nn_last_partner"
[kp]    277.24s  alloc        711.9 MB  Cuda     live     4878.3 MB  "collide:nn_last_partner"
[kp]    277.24s  dealloc      711.9 MB  Cuda     live     4166.3 MB  "collide:nn_last_partner"
[kp]    277.29s  alloc        711.9 MB  Cuda     live     4878.3 MB  "collide:nn_last_partner"
[kp]    277.29s  dealloc      711.9 MB  Cuda     live     4166.3 MB  "collide:nn_last_partner"
[kp]    277.33s  alloc        711.9 MB  Cuda     live     4878.3 MB  "collide:nn_last_partner"
[kp]    277.34s  dealloc      711.9 MB  Cuda     live     4166.3 MB  "collide:nn_last_partner"
[kp]    277.38s  alloc        711.9 MB  Cuda     live     4878.3 MB  "collide:nn_last_partner"
[kp]    277.38s  dealloc      711.9 MB  Cuda     live     4166.3 MB  "collide:nn_last_partner"
[kp]    277.43s  alloc        711.9 MB  Cuda     live     4878.3 MB  "collide:nn_last_partner"
[kp]    277.43s  dealloc      711.9 MB  Cuda     live     4166.3 MB  "collide:nn_last_partner"
[kp]    277.48s  alloc        711.9 MB  Cuda     live     4878.3 MB  "collide:nn_last_partner"
[kp]    277.48s  dealloc      711.9 MB  Cuda     live     4166.3 MB  "collide:nn_last_partner"
[kp]    277.53s  alloc        711.9 MB  Cuda     live     4878.3 MB  "collide:nn_last_partner"
[kp]    277.53s  dealloc      711.9 MB  Cuda     live     4166.3 MB  "collide:nn_last_partner"
[kp]    277.58s  alloc        711.9 MB  Cuda     live     4878.3 MB  "collide:nn_last_partner"
[kp]    277.58s  dealloc      711.9 MB  Cuda     live     4166.3 MB  "collide:nn_last_partner"
[kp]    277.63s  alloc        711.9 MB  Cuda     live     4878.3 MB  "collide:nn_last_partner"
[kp]    277.63s  dealloc      711.9 MB  Cuda     live     4166.3 MB  "collide:nn_last_partner"
[kp]    277.68s  alloc        711.9 MB  Cuda     live     4878.3 MB  "collide:nn_last_partner"
[kp]    277.68s  dealloc      711.9 MB  Cuda     live     4166.3 MB  "collide:nn_last_partner"
[kp]    277.73s  alloc        711.9 MB  Cuda     live     4878.3 MB  "collide:nn_last_partner"
[kp]    277.73s  dealloc      711.9 MB  Cuda     live     4166.3 MB  "collide:nn_last_partner"
[kp]    277.78s  alloc        711.9 MB  Cuda     live     4878.3 MB  "collide:nn_last_partner"
[kp]    277.78s  dealloc      711.9 MB  Cuda     live     4166.3 MB  "collide:nn_last_partner"
[kp]    277.83s  alloc        711.9 MB  Cuda     live     4878.3 MB  "collide:nn_last_partner"
[kp]    277.83s  dealloc      711.9 MB  Cuda     live     4166.3 MB  "collide:nn_last_partner"
[kp]    277.88s  alloc        711.9 MB  Cuda     live     4878.3 MB  "collide:nn_last_partner"
[kp]    277.88s  dealloc      711.9 MB  Cuda     live     4166.3 MB  "collide:nn_last_partner"
[kp]    277.93s  alloc        711.9 MB  Cuda     live     4878.3 MB  "collide:nn_last_partner"
[kp]    277.93s  dealloc      711.9 MB  Cuda     live     4166.3 MB  "collide:nn_last_partner"
[kp]    277.98s  alloc        711.9 MB  Cuda     live     4878.3 MB  "collide:nn_last_partner"
[kp]    277.98s  dealloc      711.9 MB  Cuda     live     4166.3 MB  "collide:nn_last_partner"
[kp]    278.03s  alloc        711.9 MB  Cuda     live     4878.3 MB  "collide:nn_last_partner"
[kp]    278.03s  dealloc      711.9 MB  Cuda     live     4166.3 MB  "collide:nn_last_partner"
[kp]    278.08s  alloc        711.9 MB  Cuda     live     4878.3 MB  "collide:nn_last_partner"
[kp]    278.08s  dealloc      711.9 MB  Cuda     live     4166.3 MB  "collide:nn_last_partner"
[kp]    278.13s  alloc        711.9 MB  Cuda     live     4878.3 MB  "collide:nn_last_partner"
[kp]    278.13s  dealloc      711.9 MB  Cuda     live     4166.3 MB  "collide:nn_last_partner"
[kp]    278.18s  alloc        711.9 MB  Cuda     live     4878.3 MB  "collide:nn_last_partner"
[kp]    278.18s  dealloc      711.9 MB  Cuda     live     4166.3 MB  "collide:nn_last_partner"
[kp]    278.23s  alloc        711.9 MB  Cuda     live     4878.3 MB  "collide:nn_last_partner"
[kp]    278.23s  dealloc      711.9 MB  Cuda     live     4166.3 MB  "collide:nn_last_partner"
[kp]    278.28s  alloc        711.9 MB  Cuda     live     4878.3 MB  "collide:nn_last_partner"
[kp]    278.28s  dealloc      711.9 MB  Cuda     live     4166.3 MB  "collide:nn_last_partner"
[kp]    278.33s  alloc        711.9 MB  Cuda     live     4878.3 MB  "collide:nn_last_partner"
[kp]    278.33s  dealloc      711.9 MB  Cuda     live     4166.3 MB  "collide:nn_last_partner"
[kp]    278.38s  alloc        711.9 MB  Cuda     live     4878.3 MB  "collide:nn_last_partner"
[kp]    278.38s  dealloc      711.9 MB  Cuda     live     4166.3 MB  "collide:nn_last_partner"
[kp]    278.43s  alloc        711.9 MB  Cuda     live     4878.3 MB  "collide:nn_last_partner"
[kp]    278.43s  dealloc      711.9 MB  Cuda     live     4166.3 MB  "collide:nn_last_partner"
[kp]    278.48s  alloc        711.9 MB  Cuda     live     4878.3 MB  "collide:nn_last_partner"
[kp]    278.48s  dealloc      711.9 MB  Cuda     live     4166.3 MB  "collide:nn_last_partner"
[kp]    278.52s  alloc        711.9 MB  Cuda     live     4878.3 MB  "collide:nn_last_partner"
[kp]    278.53s  dealloc      711.9 MB  Cuda     live     4166.3 MB  "collide:nn_last_partner"
[kp]    278.57s  alloc        711.9 MB  Cuda     live     4878.3 MB  "collide:nn_last_partner"
[kp]    278.58s  dealloc      711.9 MB  Cuda     live     4166.3 MB  "collide:nn_last_partner"
[kp]    278.62s  alloc        711.9 MB  Cuda     live     4878.3 MB  "collide:nn_last_partner"
[kp]    278.62s  dealloc      711.9 MB  Cuda     live     4166.3 MB  "collide:nn_last_partner"
[kp]    278.67s  alloc        711.9 MB  Cuda     live     4878.3 MB  "collide:nn_last_partner"
[kp]    278.67s  dealloc      711.9 MB  Cuda     live     4166.3 MB  "collide:nn_last_partner"
[kp]    278.72s  alloc        711.9 MB  Cuda     live     4878.3 MB  "collide:nn_last_partner"
[kp]    278.72s  dealloc      711.9 MB  Cuda     live     4166.3 MB  "collide:nn_last_partner"
[kp]    278.77s  alloc        711.9 MB  Cuda     live     4878.3 MB  "collide:nn_last_partner"
[kp]    278.77s  dealloc      711.9 MB  Cuda     live     4166.3 MB  "collide:nn_last_partner"
[kp]    278.82s  alloc        711.9 MB  Cuda     live     4878.3 MB  "collide:nn_last_partner"
[kp]    278.82s  dealloc      711.9 MB  Cuda     live     4166.3 MB  "collide:nn_last_partner"
[kp]    278.87s  alloc        711.9 MB  Cuda     live     4878.3 MB  "collide:nn_last_partner"
[kp]    278.87s  dealloc      711.9 MB  Cuda     live     4166.3 MB  "collide:nn_last_partner"
[kp]    278.92s  alloc        711.9 MB  Cuda     live     4878.3 MB  "collide:nn_last_partner"
[kp]    278.92s  dealloc      711.9 MB  Cuda     live     4166.3 MB  "collide:nn_last_partner"
[kp]    278.97s  alloc        711.9 MB  Cuda     live     4878.3 MB  "collide:nn_last_partner"
[kp]    278.97s  dealloc      711.9 MB  Cuda     live     4166.3 MB  "collide:nn_last_partner"
[kp]    279.02s  alloc        711.9 MB  Cuda     live     4878.3 MB  "collide:nn_last_partner"
[kp]    279.02s  dealloc      711.9 MB  Cuda     live     4166.3 MB  "collide:nn_last_partner"
[kp]    279.07s  alloc        711.9 MB  Cuda     live     4878.3 MB  "collide:nn_last_partner"
[kp]    279.07s  dealloc      711.9 MB  Cuda     live     4166.3 MB  "collide:nn_last_partner"
[kp]    279.12s  alloc        711.9 MB  Cuda     live     4878.3 MB  "collide:nn_last_partner"
[kp]    279.12s  dealloc      711.9 MB  Cuda     live     4166.3 MB  "collide:nn_last_partner"
[kp]    279.17s  alloc        711.9 MB  Cuda     live     4878.3 MB  "collide:nn_last_partner"
[kp]    279.17s  dealloc      711.9 MB  Cuda     live     4166.3 MB  "collide:nn_last_partner"
[kp]    279.22s  alloc        711.9 MB  Cuda     live     4878.3 MB  "collide:nn_last_partner"
[kp]    279.22s  dealloc      711.9 MB  Cuda     live     4166.3 MB  "collide:nn_last_partner"
[kp]    279.27s  alloc        711.9 MB  Cuda     live     4878.3 MB  "collide:nn_last_partner"
[kp]    279.27s  dealloc      711.9 MB  Cuda     live     4166.3 MB  "collide:nn_last_partner"
[kp]    279.32s  alloc        711.9 MB  Cuda     live     4878.3 MB  "collide:nn_last_partner"
[kp]    279.32s  dealloc      711.9 MB  Cuda     live     4166.3 MB  "collide:nn_last_partner"
[kp]    279.37s  alloc        711.9 MB  Cuda     live     4878.3 MB  "collide:nn_last_partner"
[kp]    279.37s  dealloc      711.9 MB  Cuda     live     4166.3 MB  "collide:nn_last_partner"
[kp]    279.42s  alloc        711.9 MB  Cuda     live     4878.3 MB  "collide:nn_last_partner"
[kp]    279.42s  dealloc      711.9 MB  Cuda     live     4166.3 MB  "collide:nn_last_partner"
[kp]    279.47s  alloc        711.9 MB  Cuda     live     4878.3 MB  "collide:nn_last_partner"
[kp]    279.47s  dealloc      711.9 MB  Cuda     live     4166.3 MB  "collide:nn_last_partner"
[kp]    279.52s  alloc        711.9 MB  Cuda     live     4878.3 MB  "collide:nn_last_partner"
[kp]    279.52s  dealloc      711.9 MB  Cuda     live     4166.3 MB  "collide:nn_last_partner"
[kp]    279.57s  alloc        711.9 MB  Cuda     live     4878.3 MB  "collide:nn_last_partner"
[kp]    279.57s  dealloc      711.9 MB  Cuda     live     4166.3 MB  "collide:nn_last_partner"
[kp]    279.62s  alloc        711.9 MB  Cuda     live     4878.3 MB  "collide:nn_last_partner"
[kp]    279.62s  dealloc      711.9 MB  Cuda     live     4166.3 MB  "collide:nn_last_partner"
[kp]    279.67s  alloc        711.9 MB  Cuda     live     4878.3 MB  "collide:nn_last_partner"
[kp]    279.67s  dealloc      711.9 MB  Cuda     live     4166.3 MB  "collide:nn_last_partner"
[kp]    279.72s  alloc        711.9 MB  Cuda     live     4878.3 MB  "collide:nn_last_partner"
[kp]    279.72s  dealloc      711.9 MB  Cuda     live     4166.3 MB  "collide:nn_last_partner"
[kp]    279.76s  alloc        711.9 MB  Cuda     live     4878.3 MB  "collide:nn_last_partner"
[kp]    279.77s  dealloc      711.9 MB  Cuda     live     4166.3 MB  "collide:nn_last_partner"
[kp]    279.81s  alloc        711.9 MB  Cuda     live     4878.3 MB  "collide:nn_last_partner"
[kp]    279.82s  dealloc      711.9 MB  Cuda     live     4166.3 MB  "collide:nn_last_partner"
[kp]    279.86s  alloc        711.9 MB  Cuda     live     4878.3 MB  "collide:nn_last_partner"
[kp]    279.86s  dealloc      711.9 MB  Cuda     live     4166.3 MB  "collide:nn_last_partner"
[kp]    279.91s  alloc        711.9 MB  Cuda     live     4878.3 MB  "collide:nn_last_partner"
[kp]    279.91s  dealloc      711.9 MB  Cuda     live     4166.3 MB  "collide:nn_last_partner"
[kp]    279.96s  alloc        711.9 MB  Cuda     live     4878.3 MB  "collide:nn_last_partner"
[kp]    279.96s  dealloc      711.9 MB  Cuda     live     4166.3 MB  "collide:nn_last_partner"
[kp]    280.01s  alloc        711.9 MB  Cuda     live     4878.3 MB  "collide:nn_last_partner"
[kp]    280.01s  dealloc      711.9 MB  Cuda     live     4166.3 MB  "collide:nn_last_partner"
[kp]    280.06s  alloc        711.9 MB  Cuda     live     4878.3 MB  "collide:nn_last_partner"
[kp]    280.06s  dealloc      711.9 MB  Cuda     live     4166.3 MB  "collide:nn_last_partner"
[kp]    280.11s  alloc        711.9 MB  Cuda     live     4878.3 MB  "collide:nn_last_partner"
[kp]    280.11s  dealloc      711.9 MB  Cuda     live     4166.3 MB  "collide:nn_last_partner"
[kp]    280.16s  alloc        711.9 MB  Cuda     live     4878.3 MB  "collide:nn_last_partner"
[kp]    280.16s  dealloc      711.9 MB  Cuda     live     4166.3 MB  "collide:nn_last_partner"
[kp]    280.21s  alloc        711.9 MB  Cuda     live     4878.3 MB  "collide:nn_last_partner"
[kp]    280.21s  dealloc      711.9 MB  Cuda     live     4166.3 MB  "collide:nn_last_partner"
[kp]    280.26s  alloc        711.9 MB  Cuda     live     4878.3 MB  "collide:nn_last_partner"
[kp]    280.26s  dealloc      711.9 MB  Cuda     live     4166.3 MB  "collide:nn_last_partner"
[kp]    280.31s  alloc        711.9 MB  Cuda     live     4878.3 MB  "collide:nn_last_partner"
[kp]    280.31s  dealloc      711.9 MB  Cuda     live     4166.3 MB  "collide:nn_last_partner"
[kp]    280.36s  alloc        711.9 MB  Cuda     live     4878.3 MB  "collide:nn_last_partner"
[kp]    280.36s  dealloc      711.9 MB  Cuda     live     4166.3 MB  "collide:nn_last_partner"
[kp]    280.41s  alloc        711.9 MB  Cuda     live     4878.3 MB  "collide:nn_last_partner"
[kp]    280.41s  dealloc      711.9 MB  Cuda     live     4166.3 MB  "collide:nn_last_partner"
    5000    267.78178 5.9166593e-08    19.722197        3e-09 27196492   102036    51801        0        0    299.34562 
[kp]    280.57s  alloc        711.9 MB  Cuda     live     4878.3 MB  "collide:nn_last_partner"
[kp]    280.57s  dealloc      711.9 MB  Cuda     live     4166.3 MB  "collide:nn_last_partner"
[kp]    280.62s  alloc        711.9 MB  Cuda     live     4878.3 MB  "collide:nn_last_partner"
[kp]    280.62s  dealloc      711.9 MB  Cuda     live     4166.3 MB  "collide:nn_last_partner"
[kp]    280.67s  alloc        711.9 MB  Cuda     live     4878.3 MB  "collide:nn_last_partner"
[kp]    280.67s  dealloc      711.9 MB  Cuda     live     4166.3 MB  "collide:nn_last_partner"
[kp]    280.72s  alloc        711.9 MB  Cuda     live     4878.3 MB  "collide:nn_last_partner"
[kp]    280.72s  dealloc      711.9 MB  Cuda     live     4166.3 MB  "collide:nn_last_partner"
[kp]    280.77s  alloc        711.9 MB  Cuda     live     4878.3 MB  "collide:nn_last_partner"
[kp]    280.77s  dealloc      711.9 MB  Cuda     live     4166.3 MB  "collide:nn_last_partner"
[kp]    280.95s  alloc        711.9 MB  Cuda     live     4878.3 MB  "collide:nn_last_partner"
[kp]    280.95s  dealloc      711.9 MB  Cuda     live     4166.3 MB  "collide:nn_last_partner"
[kp]    281.07s  alloc        711.9 MB  Cuda     live     4878.3 MB  "collide:nn_last_partner"
[kp]    281.07s  dealloc      711.9 MB  Cuda     live     4166.3 MB  "collide:nn_last_partner"
[kp]    281.33s  alloc        711.9 MB  Cuda     live     4878.3 MB  "collide:nn_last_partner"
[kp]    281.33s  dealloc      711.9 MB  Cuda     live     4166.3 MB  "collide:nn_last_partner"
[kp]    281.97s  alloc        711.9 MB  Cuda     live     4878.3 MB  "collide:nn_last_partner"
[kp]    281.97s  dealloc      711.9 MB  Cuda     live     4166.3 MB  "collide:nn_last_partner"
[kp]    282.32s  alloc        711.9 MB  Cuda     live     4878.3 MB  "collide:nn_last_partner"
[kp]    282.32s  dealloc      711.9 MB  Cuda     live     4166.3 MB  "collide:nn_last_partner"
[kp]    282.39s  alloc        711.9 MB  Cuda     live     4878.3 MB  "collide:nn_last_partner"
[kp]    282.39s  dealloc      711.9 MB  Cuda     live     4166.3 MB  "collide:nn_last_partner"
[kp]    282.44s  alloc        711.9 MB  Cuda     live     4878.3 MB  "collide:nn_last_partner"
[kp]    282.44s  dealloc      711.9 MB  Cuda     live     4166.3 MB  "collide:nn_last_partner"
[kp]    282.50s  alloc        711.9 MB  Cuda     live     4878.3 MB  "collide:nn_last_partner"
[kp]    282.50s  dealloc      711.9 MB  Cuda     live     4166.3 MB  "collide:nn_last_partner"
[kp]    282.55s  alloc        711.9 MB  Cuda     live     4878.3 MB  "collide:nn_last_partner"
[kp]    282.55s  dealloc      711.9 MB  Cuda     live     4166.3 MB  "collide:nn_last_partner"
[kp]    282.60s  alloc        711.9 MB  Cuda     live     4878.3 MB  "collide:nn_last_partner"
[kp]    282.60s  dealloc      711.9 MB  Cuda     live     4166.3 MB  "collide:nn_last_partner"
[kp]    282.65s  alloc        711.9 MB  Cuda     live     4878.3 MB  "collide:nn_last_partner"
[kp]    282.65s  dealloc      711.9 MB  Cuda     live     4166.3 MB  "collide:nn_last_partner"
[kp]    282.70s  alloc        711.9 MB  Cuda     live     4878.3 MB  "collide:nn_last_partner"
[kp]    282.70s  dealloc      711.9 MB  Cuda     live     4166.3 MB  "collide:nn_last_partner"
[kp]    282.75s  alloc        711.9 MB  Cuda     live     4878.3 MB  "collide:nn_last_partner"
[kp]    282.75s  dealloc      711.9 MB  Cuda     live     4166.3 MB  "collide:nn_last_partner"
[kp]    282.80s  alloc        711.9 MB  Cuda     live     4878.3 MB  "collide:nn_last_partner"
[kp]    282.80s  dealloc      711.9 MB  Cuda     live     4166.3 MB  "collide:nn_last_partner"
[kp]    282.85s  alloc        711.9 MB  Cuda     live     4878.3 MB  "collide:nn_last_partner"
[kp]    282.85s  dealloc      711.9 MB  Cuda     live     4166.3 MB  "collide:nn_last_partner"
[kp]    282.90s  alloc        711.9 MB  Cuda     live     4878.3 MB  "collide:nn_last_partner"
[kp]    282.90s  dealloc      711.9 MB  Cuda     live     4166.3 MB  "collide:nn_last_partner"
[kp]    282.95s  alloc        711.9 MB  Cuda     live     4878.3 MB  "collide:nn_last_partner"
[kp]    282.95s  dealloc      711.9 MB  Cuda     live     4166.3 MB  "collide:nn_last_partner"
[kp]    283.00s  alloc        711.9 MB  Cuda     live     4878.3 MB  "collide:nn_last_partner"
[kp]    283.00s  dealloc      711.9 MB  Cuda     live     4166.3 MB  "collide:nn_last_partner"
[kp]    283.05s  alloc        711.9 MB  Cuda     live     4878.3 MB  "collide:nn_last_partner"
[kp]    283.05s  dealloc      711.9 MB  Cuda     live     4166.3 MB  "collide:nn_last_partner"
[kp]    283.10s  alloc        711.9 MB  Cuda     live     4878.3 MB  "collide:nn_last_partner"
[kp]    283.10s  dealloc      711.9 MB  Cuda     live     4166.3 MB  "collide:nn_last_partner"
[kp]    283.15s  alloc        711.9 MB  Cuda     live     4878.3 MB  "collide:nn_last_partner"
[kp]    283.15s  dealloc      711.9 MB  Cuda     live     4166.3 MB  "collide:nn_last_partner"
[kp]    283.20s  alloc        711.9 MB  Cuda     live     4878.3 MB  "collide:nn_last_partner"
[kp]    283.20s  dealloc      711.9 MB  Cuda     live     4166.3 MB  "collide:nn_last_partner"
[kp]    283.25s  alloc        711.9 MB  Cuda     live     4878.3 MB  "collide:nn_last_partner"
[kp]    283.25s  dealloc      711.9 MB  Cuda     live     4166.3 MB  "collide:nn_last_partner"
[kp]    283.30s  alloc        711.9 MB  Cuda     live     4878.3 MB  "collide:nn_last_partner"
[kp]    283.30s  dealloc      711.9 MB  Cuda     live     4166.3 MB  "collide:nn_last_partner"
[kp]    283.35s  alloc        711.9 MB  Cuda     live     4878.3 MB  "collide:nn_last_partner"
[kp]    283.35s  dealloc      711.9 MB  Cuda     live     4166.3 MB  "collide:nn_last_partner"
[kp]    283.40s  alloc        711.9 MB  Cuda     live     4878.3 MB  "collide:nn_last_partner"
[kp]    283.40s  dealloc      711.9 MB  Cuda     live     4166.3 MB  "collide:nn_last_partner"
[kp]    283.61s  alloc        711.9 MB  Cuda     live     4878.3 MB  "collide:nn_last_partner"
[kp]    283.61s  dealloc      711.9 MB  Cuda     live     4166.3 MB  "collide:nn_last_partner"
[kp]    283.70s  alloc        711.9 MB  Cuda     live     4878.3 MB  "collide:nn_last_partner"
[kp]    283.70s  dealloc      711.9 MB  Cuda     live     4166.3 MB  "collide:nn_last_partner"
[kp]    283.75s  alloc        711.9 MB  Cuda     live     4878.3 MB  "collide:nn_last_partner"
[kp]    283.75s  dealloc      711.9 MB  Cuda     live     4166.3 MB  "collide:nn_last_partner"
[kp]    283.80s  alloc        711.9 MB  Cuda     live     4878.3 MB  "collide:nn_last_partner"
[kp]    283.80s  dealloc      711.9 MB  Cuda     live     4166.3 MB  "collide:nn_last_partner"
[kp]    283.85s  alloc        711.9 MB  Cuda     live     4878.3 MB  "collide:nn_last_partner"
[kp]    283.85s  dealloc      711.9 MB  Cuda     live     4166.3 MB  "collide:nn_last_partner"
[kp]    283.90s  alloc        711.9 MB  Cuda     live     4878.3 MB  "collide:nn_last_partner"
[kp]    283.90s  dealloc      711.9 MB  Cuda     live     4166.3 MB  "collide:nn_last_partner"
[kp]    284.04s  alloc        711.9 MB  Cuda     live     4878.3 MB  "collide:nn_last_partner"
[kp]    284.04s  dealloc      711.9 MB  Cuda     live     4166.3 MB  "collide:nn_last_partner"
[kp]    284.14s  alloc        711.9 MB  Cuda     live     4878.3 MB  "collide:nn_last_partner"
[kp]    284.14s  dealloc      711.9 MB  Cuda     live     4166.3 MB  "collide:nn_last_partner"
[kp]    284.41s  alloc        711.9 MB  Cuda     live     4878.3 MB  "collide:nn_last_partner"
[kp]    284.41s  dealloc      711.9 MB  Cuda     live     4166.3 MB  "collide:nn_last_partner"
[kp]    285.06s  alloc        711.9 MB  Cuda     live     4878.3 MB  "collide:nn_last_partner"
[kp]    285.06s  dealloc      711.9 MB  Cuda     live     4166.3 MB  "collide:nn_last_partner"
[kp]    285.41s  alloc        711.9 MB  Cuda     live     4878.3 MB  "collide:nn_last_partner"
[kp]    285.41s  dealloc      711.9 MB  Cuda     live     4166.3 MB  "collide:nn_last_partner"
[kp]    285.47s  alloc        711.9 MB  Cuda     live     4878.3 MB  "collide:nn_last_partner"
[kp]    285.47s  dealloc      711.9 MB  Cuda     live     4166.3 MB  "collide:nn_last_partner"
[kp]    285.52s  alloc        711.9 MB  Cuda     live     4878.3 MB  "collide:nn_last_partner"
[kp]    285.52s  dealloc      711.9 MB  Cuda     live     4166.3 MB  "collide:nn_last_partner"
[kp]    285.57s  alloc        711.9 MB  Cuda     live     4878.3 MB  "collide:nn_last_partner"
[kp]    285.58s  dealloc      711.9 MB  Cuda     live     4166.3 MB  "collide:nn_last_partner"
[kp]    285.63s  alloc        711.9 MB  Cuda     live     4878.3 MB  "collide:nn_last_partner"
[kp]    285.63s  dealloc      711.9 MB  Cuda     live     4166.3 MB  "collide:nn_last_partner"
[kp]    285.68s  alloc        711.9 MB  Cuda     live     4878.3 MB  "collide:nn_last_partner"
[kp]    285.68s  dealloc      711.9 MB  Cuda     live     4166.3 MB  "collide:nn_last_partner"
[kp]    285.73s  alloc        711.9 MB  Cuda     live     4878.3 MB  "collide:nn_last_partner"
[kp]    285.73s  dealloc      711.9 MB  Cuda     live     4166.3 MB  "collide:nn_last_partner"
[kp]    285.78s  alloc        711.9 MB  Cuda     live     4878.3 MB  "collide:nn_last_partner"
[kp]    285.78s  dealloc      711.9 MB  Cuda     live     4166.3 MB  "collide:nn_last_partner"
[kp]    285.83s  alloc        711.9 MB  Cuda     live     4878.3 MB  "collide:nn_last_partner"
[kp]    285.83s  dealloc      711.9 MB  Cuda     live     4166.3 MB  "collide:nn_last_partner"
[kp]    285.88s  alloc        711.9 MB  Cuda     live     4878.3 MB  "collide:nn_last_partner"
[kp]    285.88s  dealloc      711.9 MB  Cuda     live     4166.3 MB  "collide:nn_last_partner"
[kp]    285.92s  alloc        711.9 MB  Cuda     live     4878.3 MB  "collide:nn_last_partner"
[kp]    285.93s  dealloc      711.9 MB  Cuda     live     4166.3 MB  "collide:nn_last_partner"
[kp]    285.97s  alloc        711.9 MB  Cuda     live     4878.3 MB  "collide:nn_last_partner"
[kp]    285.97s  dealloc      711.9 MB  Cuda     live     4166.3 MB  "collide:nn_last_partner"
[kp]    286.02s  alloc        711.9 MB  Cuda     live     4878.3 MB  "collide:nn_last_partner"
[kp]    286.02s  dealloc      711.9 MB  Cuda     live     4166.3 MB  "collide:nn_last_partner"
[kp]    286.07s  alloc        711.9 MB  Cuda     live     4878.3 MB  "collide:nn_last_partner"
[kp]    286.07s  dealloc      711.9 MB  Cuda     live     4166.3 MB  "collide:nn_last_partner"
[kp]    286.12s  alloc        711.9 MB  Cuda     live     4878.3 MB  "collide:nn_last_partner"
[kp]    286.12s  dealloc      711.9 MB  Cuda     live     4166.3 MB  "collide:nn_last_partner"
[kp]    286.17s  alloc        711.9 MB  Cuda     live     4878.3 MB  "collide:nn_last_partner"
[kp]    286.17s  dealloc      711.9 MB  Cuda     live     4166.3 MB  "collide:nn_last_partner"
[kp]    286.22s  alloc        711.9 MB  Cuda     live     4878.3 MB  "collide:nn_last_partner"
[kp]    286.22s  dealloc      711.9 MB  Cuda     live     4166.3 MB  "collide:nn_last_partner"
[kp]    286.27s  alloc        711.9 MB  Cuda     live     4878.3 MB  "collide:nn_last_partner"
[kp]    286.27s  dealloc      711.9 MB  Cuda     live     4166.3 MB  "collide:nn_last_partner"
[kp]    286.32s  alloc        711.9 MB  Cuda     live     4878.3 MB  "collide:nn_last_partner"
[kp]    286.32s  dealloc      711.9 MB  Cuda     live     4166.3 MB  "collide:nn_last_partner"
[kp]    286.37s  alloc        711.9 MB  Cuda     live     4878.3 MB  "collide:nn_last_partner"
[kp]    286.37s  dealloc      711.9 MB  Cuda     live     4166.3 MB  "collide:nn_last_partner"
[kp]    286.42s  alloc        711.9 MB  Cuda     live     4878.3 MB  "collide:nn_last_partner"
[kp]    286.42s  dealloc      711.9 MB  Cuda     live     4166.3 MB  "collide:nn_last_partner"
[kp]    286.47s  alloc        711.9 MB  Cuda     live     4878.3 MB  "collide:nn_last_partner"
[kp]    286.47s  dealloc      711.9 MB  Cuda     live     4166.3 MB  "collide:nn_last_partner"
[kp]    286.71s  alloc        711.9 MB  Cuda     live     4878.3 MB  "collide:nn_last_partner"
[kp]    286.71s  dealloc      711.9 MB  Cuda     live     4166.3 MB  "collide:nn_last_partner"
[kp]    286.76s  alloc        711.9 MB  Cuda     live     4878.3 MB  "collide:nn_last_partner"
[kp]    286.76s  dealloc      711.9 MB  Cuda     live     4166.3 MB  "collide:nn_last_partner"
[kp]    286.82s  alloc        711.9 MB  Cuda     live     4878.3 MB  "collide:nn_last_partner"
[kp]    286.82s  dealloc      711.9 MB  Cuda     live     4166.3 MB  "collide:nn_last_partner"
[kp]    286.95s  alloc        711.9 MB  Cuda     live     4878.3 MB  "collide:nn_last_partner"
[kp]    286.95s  dealloc      711.9 MB  Cuda     live     4166.3 MB  "collide:nn_last_partner"
[kp]    287.06s  alloc        711.9 MB  Cuda     live     4878.3 MB  "collide:nn_last_partner"
[kp]    287.07s  dealloc      711.9 MB  Cuda     live     4166.3 MB  "collide:nn_last_partner"
[kp]    287.98s  alloc        711.9 MB  Cuda     live     4878.3 MB  "collide:nn_last_partner"
[kp]    287.98s  dealloc      711.9 MB  Cuda     live     4166.3 MB  "collide:nn_last_partner"
[kp]    288.34s  alloc        711.9 MB  Cuda     live     4878.3 MB  "collide:nn_last_partner"
[kp]    288.34s  dealloc      711.9 MB  Cuda     live     4166.3 MB  "collide:nn_last_partner"
[kp]    288.41s  alloc        711.9 MB  Cuda     live     4878.3 MB  "collide:nn_last_partner"
[kp]    288.41s  dealloc      711.9 MB  Cuda     live     4166.3 MB  "collide:nn_last_partner"
[kp]    288.46s  alloc        711.9 MB  Cuda     live     4878.3 MB  "collide:nn_last_partner"
[kp]    288.46s  dealloc      711.9 MB  Cuda     live     4166.3 MB  "collide:nn_last_partner"
[kp]    288.51s  alloc        711.9 MB  Cuda     live     4878.3 MB  "collide:nn_last_partner"
[kp]    288.51s  dealloc      711.9 MB  Cuda     live     4166.3 MB  "collide:nn_last_partner"
[kp]    288.57s  alloc        711.9 MB  Cuda     live     4878.3 MB  "collide:nn_last_partner"
[kp]    288.57s  dealloc      711.9 MB  Cuda     live     4166.3 MB  "collide:nn_last_partner"
terminate called after throwing an instance of 'Kokkos::Experimental::BadAlloc'
  what():  Kokkos ERROR: Cuda memory space failed to allocate 711.9 MiB (label="collide:nn_last_partner").
[an6006:2137183] *** Process received signal ***
[an6006:2137183] Signal: Aborted (6)
[an6006:2137183] Signal code:  (-6)
[an6006:2137183] [ 0] /lib64/libpthread.so.0(+0x12990)[0x15555235b990]
[an6006:2137183] [ 1] /lib64/libc.so.6(gsignal+0x10f)[0x1555515b95af]
[an6006:2137183] [ 2] /lib64/libc.so.6(abort+0x127)[0x15555158cee5]
[an6006:2137183] [ 3] /cm/local/apps/gcc/13.1.0/lib64/libstdc++.so.6(+0xac93b)[0x155551f9393b]
[an6006:2137183] [ 4] /cm/local/apps/gcc/13.1.0/lib64/libstdc++.so.6(+0xbc0ea)[0x155551fa30ea]
[an6006:2137183] [ 5] /cm/local/apps/gcc/13.1.0/lib64/libstdc++.so.6(+0xbc155)[0x155551fa3155]
[an6006:2137183] [ 6] /cm/local/apps/gcc/13.1.0/lib64/libstdc++.so.6(+0xbc3a8)[0x155551fa33a8]
[an6006:2137183] [ 7] /hpc/data/cfd-students/nnoventa/sparta/install_h200/bin/spa_kokkos_cuda[0x44ea77]
[an6006:2137183] [ 8] /hpc/data/cfd-students/nnoventa/sparta/install_h200/bin/spa_kokkos_cuda[0xc5a7b5]
[an6006:2137183] [ 9] /hpc/data/cfd-students/nnoventa/sparta/install_h200/bin/spa_kokkos_cuda[0xc5d608]
[an6006:2137183] [10] /hpc/data/cfd-students/nnoventa/sparta/install_h200/bin/spa_kokkos_cuda[0x668c10]
[an6006:2137183] [11] /hpc/data/cfd-students/nnoventa/sparta/install_h200/bin/spa_kokkos_cuda[0x66900c]
[an6006:2137183] [12] /hpc/data/cfd-students/nnoventa/sparta/install_h200/bin/spa_kokkos_cuda[0x6e10d9]
[an6006:2137183] [13] /hpc/data/cfd-students/nnoventa/sparta/install_h200/bin/spa_kokkos_cuda[0x659b29]
[an6006:2137183] [14] /hpc/data/cfd-students/nnoventa/sparta/install_h200/bin/spa_kokkos_cuda[0xbc35ed]
[an6006:2137183] [15] /hpc/data/cfd-students/nnoventa/sparta/install_h200/bin/spa_kokkos_cuda[0x4b88d4]
[an6006:2137183] [16] /hpc/data/cfd-students/nnoventa/sparta/install_h200/bin/spa_kokkos_cuda[0x47f21c]
[an6006:2137183] [17] /hpc/data/cfd-students/nnoventa/sparta/install_h200/bin/spa_kokkos_cuda[0x47f8f0]
[an6006:2137183] [18] /hpc/data/cfd-students/nnoventa/sparta/install_h200/bin/spa_kokkos_cuda[0x44fae8]
[an6006:2137183] [19] /lib64/libc.so.6(__libc_start_main+0xe5)[0x1555515a5865]
[an6006:2137183] [20] /hpc/data/cfd-students/nnoventa/sparta/install_h200/bin/spa_kokkos_cuda[0x479e4e]
[an6006:2137183] *** End of error message ***
--------------------------------------------------------------------------
Primary job  terminated normally, but 1 process returned
a non-zero exit code. Per user-direction, the job has been aborted.
--------------------------------------------------------------------------
--------------------------------------------------------------------------
mpirun noticed that process rank 0 with PID 0 on node an6006 exited on signal 6 (Aborted).
--------------------------------------------------------------------------
