job        1211010.pbs60
date       2026-09-22T10:34:10+02:00
arch       cpu
nodes      8
ranks      1536 (192 per node)
nsteps     1000
npart      120000000
gpu_aware  1
balance    part
input      /hpc/data/cfd-students/nnoventa/sparta/nicola/results/scaling/cpu_n8_balpart_1211010/in.deck
commit     4e70c241cd24f712c2d1477854b733445a378520
build      arch    cpu-zen4 commit  a93d3916c57c611b1ff0aea6dd1908d4951cbee7 date    2026-09-22T10:00:43+02:00 
exe        /hpc/data/cfd-students/nnoventa/sparta/install_cpu/bin/spa_kokkos_mpi_only
hosts      pn6363.cm.cluster pn6367.cm.cluster pn6372.cm.cluster pn6373.cm.cluster pn6377.cm.cluster pn6382.cm.cluster pn6383.cm.cluster pn6395.cm.cluster 
[LOG_CAT_SBGP] libnuma.so: cannot open shared object file: No such file or directory
[LOG_CAT_SBGP] libnuma.so: cannot open shared object file: No such file or directory
[LOG_CAT_SBGP] Failed to dlopen libnuma.so. Fallback to GROUP_BY_SOCKET manual.
[LOG_CAT_SBGP] libnuma.so: cannot open shared object file: No such file or directory
[LOG_CAT_SBGP] Failed to dlopen libnuma.so. Fallback to GROUP_BY_SOCKET manual.
[LOG_CAT_SBGP] libnuma.so: cannot open shared object file: No such file or directory
[LOG_CAT_SBGP] Failed to dlopen libnuma.so. Fallback to GROUP_BY_SOCKET manual.
[LOG_CAT_SBGP] libnuma.so: cannot open shared object file: No such file or directory
[LOG_CAT_SBGP] Failed to dlopen libnuma.so. Fallback to GROUP_BY_SOCKET manual.
[LOG_CAT_SBGP] libnuma.so: cannot open shared object file: No such file or directory
[LOG_CAT_SBGP] Failed to dlopen libnuma.so. Fallback to GROUP_BY_SOCKET manual.
[LOG_CAT_SBGP] libnuma.so: cannot open shared object file: No such file or directory
[LOG_CAT_SBGP] Failed to dlopen libnuma.so. Fallback to GROUP_BY_SOCKET manual.
[LOG_CAT_SBGP] libnuma.so: cannot open shared object file: No such file or directory
[LOG_CAT_SBGP] Failed to dlopen libnuma.so. Fallback to GROUP_BY_SOCKET manual.
[LOG_CAT_SBGP] libnuma.so: cannot open shared object file: No such file or directory
[LOG_CAT_SBGP] Failed to dlopen libnuma.so. Fallback to GROUP_BY_SOCKET manual.
[LOG_CAT_SBGP] libnuma.so: cannot open shared object file: No such file or directory
[LOG_CAT_SBGP] Failed to dlopen libnuma.so. Fallback to GROUP_BY_SOCKET manual.
[LOG_CAT_SBGP] libnuma.so: cannot open shared object file: No such file or directory
[LOG_CAT_SBGP] libnuma.so: cannot open shared object file: No such file or directory
[LOG_CAT_SBGP] Failed to dlopen libnuma.so. Fallback to GROUP_BY_SOCKET manual.
[LOG_CAT_SBGP] libnuma.so: cannot open shared object file: No such file or directory
[LOG_CAT_SBGP] Failed to dlopen libnuma.so. Fallback to GROUP_BY_SOCKET manual.
[LOG_CAT_SBGP] libnuma.so: cannot open shared object file: No such file or directory
[LOG_CAT_SBGP] libnuma.so: cannot open shared object file: No such file or directory
[LOG_CAT_SBGP] libnuma.so: cannot open shared object file: No such file or directory
[LOG_CAT_SBGP] Failed to dlopen libnuma.so. Fallback to GROUP_BY_SOCKET manual.
[LOG_CAT_SBGP] libnuma.so: cannot open shared object file: No such file or directory
[LOG_CAT_SBGP] Failed to dlopen libnuma.so. Fallback to GROUP_BY_SOCKET manual.
[LOG_CAT_SBGP] libnuma.so: cannot open shared object file: No such file or directory
[LOG_CAT_SBGP] Failed to dlopen libnuma.so. Fallback to GROUP_BY_SOCKET manual.
[LOG_CAT_SBGP] libnuma.so: cannot open shared object file: No such file or directory
[LOG_CAT_SBGP] libnuma.so: cannot open shared object file: No such file or directory
[LOG_CAT_SBGP] Failed to dlopen libnuma.so. Fallback to GROUP_BY_SOCKET manual.
[LOG_CAT_SBGP] Failed to dlopen libnuma.so. Fallback to GROUP_BY_SOCKET manual.
[LOG_CAT_SBGP] libnuma.so: cannot open shared object file: No such file or directory
[LOG_CAT_SBGP] Failed to dlopen libnuma.so. Fallback to GROUP_BY_SOCKET manual.
[LOG_CAT_SBGP] libnuma.so: cannot open shared object file: No such file or directory
[LOG_CAT_SBGP] Failed to dlopen libnuma.so. Fallback to GROUP_BY_SOCKET manual.
[LOG_CAT_SBGP] libnuma.so: cannot open shared object file: No such file or directory
[LOG_CAT_SBGP] Failed to dlopen libnuma.so. Fallback to GROUP_BY_SOCKET manual.
[LOG_CAT_SBGP] libnuma.so: cannot open shared object file: No such file or directory
[LOG_CAT_SBGP] Failed to dlopen libnuma.so. Fallback to GROUP_BY_SOCKET manual.
[LOG_CAT_SBGP] libnuma.so: cannot open shared object file: No such file or directory
[LOG_CAT_SBGP] Failed to dlopen libnuma.so. Fallback to GROUP_BY_SOCKET manual.
[LOG_CAT_SBGP] Failed to dlopen libnuma.so. Fallback to GROUP_BY_SOCKET manual.
[LOG_CAT_SBGP] libnuma.so: cannot open shared object file: No such file or directory
[LOG_CAT_SBGP] Failed to dlopen libnuma.so. Fallback to GROUP_BY_SOCKET manual.
[LOG_CAT_SBGP] libnuma.so: cannot open shared object file: No such file or directory
[LOG_CAT_SBGP] Failed to dlopen libnuma.so. Fallback to GROUP_BY_SOCKET manual.
[LOG_CAT_SBGP] libnuma.so: cannot open shared object file: No such file or directory
[LOG_CAT_SBGP] Failed to dlopen libnuma.so. Fallback to GROUP_BY_SOCKET manual.
[LOG_CAT_SBGP] libnuma.so: cannot open shared object file: No such file or directory
[LOG_CAT_SBGP] Failed to dlopen libnuma.so. Fallback to GROUP_BY_SOCKET manual.
[LOG_CAT_SBGP] libnuma.so: cannot open shared object file: No such file or directory
[LOG_CAT_SBGP] Failed to dlopen libnuma.so. Fallback to GROUP_BY_SOCKET manual.
[LOG_CAT_SBGP] libnuma.so: cannot open shared object file: No such file or directory
[LOG_CAT_SBGP] Failed to dlopen libnuma.so. Fallback to GROUP_BY_SOCKET manual.
[LOG_CAT_SBGP] libnuma.so: cannot open shared object file: No such file or directory
[LOG_CAT_SBGP] Failed to dlopen libnuma.so. Fallback to GROUP_BY_SOCKET manual.
[LOG_CAT_SBGP] libnuma.so: cannot open shared object file: No such file or directory
[LOG_CAT_SBGP] libnuma.so: cannot open shared object file: No such file or directory
[LOG_CAT_SBGP] Failed to dlopen libnuma.so. Fallback to GROUP_BY_SOCKET manual.
[LOG_CAT_SBGP] libnuma.so: cannot open shared object file: No such file or directory
[LOG_CAT_SBGP] libnuma.so: cannot open shared object file: No such file or directory
[LOG_CAT_SBGP] Failed to dlopen libnuma.so. Fallback to GROUP_BY_SOCKET manual.
[LOG_CAT_SBGP] Failed to dlopen libnuma.so. Fallback to GROUP_BY_SOCKET manual.
[LOG_CAT_SBGP] libnuma.so: cannot open shared object file: No such file or directory
[LOG_CAT_SBGP] Failed to dlopen libnuma.so. Fallback to GROUP_BY_SOCKET manual.
[LOG_CAT_SBGP] libnuma.so: cannot open shared object file: No such file or directory
[LOG_CAT_SBGP] Failed to dlopen libnuma.so. Fallback to GROUP_BY_SOCKET manual.
[LOG_CAT_SBGP] libnuma.so: cannot open shared object file: No such file or directory
[LOG_CAT_SBGP] Failed to dlopen libnuma.so. Fallback to GROUP_BY_SOCKET manual.
[LOG_CAT_SBGP] libnuma.so: cannot open shared object file: No such file or directory
[LOG_CAT_SBGP] Failed to dlopen libnuma.so. Fallback to GROUP_BY_SOCKET manual.
[LOG_CAT_SBGP] libnuma.so: cannot open shared object file: No such file or directory
[LOG_CAT_SBGP] Failed to dlopen libnuma.so. Fallback to GROUP_BY_SOCKET manual.
[LOG_CAT_SBGP] libnuma.so: cannot open shared object file: No such file or directory
[LOG_CAT_SBGP] Failed to dlopen libnuma.so. Fallback to GROUP_BY_SOCKET manual.
[LOG_CAT_SBGP] libnuma.so: cannot open shared object file: No such file or directory
[LOG_CAT_SBGP] Failed to dlopen libnuma.so. Fallback to GROUP_BY_SOCKET manual.
[LOG_CAT_SBGP] libnuma.so: cannot open shared object file: No such file or directory
[LOG_CAT_SBGP] Failed to dlopen libnuma.so. Fallback to GROUP_BY_SOCKET manual.
[LOG_CAT_SBGP] libnuma.so: cannot open shared object file: No such file or directory
[LOG_CAT_SBGP] Failed to dlopen libnuma.so. Fallback to GROUP_BY_SOCKET manual.
[LOG_CAT_SBGP] libnuma.so: cannot open shared object file: No such file or directory
[LOG_CAT_SBGP] Failed to dlopen libnuma.so. Fallback to GROUP_BY_SOCKET manual.
[LOG_CAT_SBGP] libnuma.so: cannot open shared object file: No such file or directory
[LOG_CAT_SBGP] Failed to dlopen libnuma.so. Fallback to GROUP_BY_SOCKET manual.
[LOG_CAT_SBGP] libnuma.so: cannot open shared object file: No such file or directory
[LOG_CAT_SBGP] Failed to dlopen libnuma.so. Fallback to GROUP_BY_SOCKET manual.
[LOG_CAT_SBGP] libnuma.so: cannot open shared object file: No such file or directory
[LOG_CAT_SBGP] Failed to dlopen libnuma.so. Fallback to GROUP_BY_SOCKET manual.
[LOG_CAT_SBGP] libnuma.so: cannot open shared object file: No such file or directory
[LOG_CAT_SBGP] Failed to dlopen libnuma.so. Fallback to GROUP_BY_SOCKET manual.
[LOG_CAT_SBGP] libnuma.so: cannot open shared object file: No such file or directory
[LOG_CAT_SBGP] Failed to dlopen libnuma.so. Fallback to GROUP_BY_SOCKET manual.
[LOG_CAT_SBGP] libnuma.so: cannot open shared object file: No such file or directory
[LOG_CAT_SBGP] Failed to dlopen libnuma.so. Fallback to GROUP_BY_SOCKET manual.
[LOG_CAT_SBGP] libnuma.so: cannot open shared object file: No such file or directory
[LOG_CAT_SBGP] Failed to dlopen libnuma.so. Fallback to GROUP_BY_SOCKET manual.
[LOG_CAT_SBGP] libnuma.so: cannot open shared object file: No such file or directory
[LOG_CAT_SBGP] Failed to dlopen libnuma.so. Fallback to GROUP_BY_SOCKET manual.
[LOG_CAT_SBGP] libnuma.so: cannot open shared object file: No such file or directory
[LOG_CAT_SBGP] Failed to dlopen libnuma.so. Fallback to GROUP_BY_SOCKET manual.
[LOG_CAT_SBGP] libnuma.so: cannot open shared object file: No such file or directory
[LOG_CAT_SBGP] Failed to dlopen libnuma.so. Fallback to GROUP_BY_SOCKET manual.
[LOG_CAT_SBGP] libnuma.so: cannot open shared object file: No such file or directory
[LOG_CAT_SBGP] Failed to dlopen libnuma.so. Fallback to GROUP_BY_SOCKET manual.
[LOG_CAT_SBGP] libnuma.so: cannot open shared object file: No such file or directory
[LOG_CAT_SBGP] Failed to dlopen libnuma.so. Fallback to GROUP_BY_SOCKET manual.
[LOG_CAT_SBGP] libnuma.so: cannot open shared object file: No such file or directory
[LOG_CAT_SBGP] Failed to dlopen libnuma.so. Fallback to GROUP_BY_SOCKET manual.
[LOG_CAT_SBGP] libnuma.so: cannot open shared object file: No such file or directory
[LOG_CAT_SBGP] Failed to dlopen libnuma.so. Fallback to GROUP_BY_SOCKET manual.
[LOG_CAT_SBGP] libnuma.so: cannot open shared object file: No such file or directory
[LOG_CAT_SBGP] Failed to dlopen libnuma.so. Fallback to GROUP_BY_SOCKET manual.
[LOG_CAT_SBGP] libnuma.so: cannot open shared object file: No such file or directory
[LOG_CAT_SBGP] Failed to dlopen libnuma.so. Fallback to GROUP_BY_SOCKET manual.
[LOG_CAT_SBGP] libnuma.so: cannot open shared object file: No such file or directory
[LOG_CAT_SBGP] Failed to dlopen libnuma.so. Fallback to GROUP_BY_SOCKET manual.
[LOG_CAT_SBGP] libnuma.so: cannot open shared object file: No such file or directory
[LOG_CAT_SBGP] Failed to dlopen libnuma.so. Fallback to GROUP_BY_SOCKET manual.
[LOG_CAT_SBGP] libnuma.so: cannot open shared object file: No such file or directory
[LOG_CAT_SBGP] Failed to dlopen libnuma.so. Fallback to GROUP_BY_SOCKET manual.
[LOG_CAT_SBGP] Failed to dlopen libnuma.so. Fallback to GROUP_BY_SOCKET manual.
[LOG_CAT_SBGP] libnuma.so: cannot open shared object file: No such file or directory
[LOG_CAT_SBGP] Failed to dlopen libnuma.so. Fallback to GROUP_BY_SOCKET manual.
[LOG_CAT_SBGP] Failed to dlopen libnuma.so. Fallback to GROUP_BY_SOCKET manual.
[LOG_CAT_SBGP] libnuma.so: cannot open shared object file: No such file or directory
[LOG_CAT_SBGP] Failed to dlopen libnuma.so. Fallback to GROUP_BY_SOCKET manual.
[LOG_CAT_SBGP] libnuma.so: cannot open shared object file: No such file or directory
[LOG_CAT_SBGP] libnuma.so: cannot open shared object file: No such file or directory
[LOG_CAT_SBGP] libnuma.so: cannot open shared object file: No such file or directory
[LOG_CAT_SBGP] Failed to dlopen libnuma.so. Fallback to GROUP_BY_SOCKET manual.
[LOG_CAT_SBGP] libnuma.so: cannot open shared object file: No such file or directory
[LOG_CAT_SBGP] libnuma.so: cannot open shared object file: No such file or directory
[LOG_CAT_SBGP] Failed to dlopen libnuma.so. Fallback to GROUP_BY_SOCKET manual.
[LOG_CAT_SBGP] libnuma.so: cannot open shared object file: No such file or directory
[LOG_CAT_SBGP] Failed to dlopen libnuma.so. Fallback to GROUP_BY_SOCKET manual.
[LOG_CAT_SBGP] libnuma.so: cannot open shared object file: No such file or directory
[LOG_CAT_SBGP] Failed to dlopen libnuma.so. Fallback to GROUP_BY_SOCKET manual.
[LOG_CAT_SBGP] libnuma.so: cannot open shared object file: No such file or directory
[LOG_CAT_SBGP] Failed to dlopen libnuma.so. Fallback to GROUP_BY_SOCKET manual.
[LOG_CAT_SBGP] libnuma.so: cannot open shared object file: No such file or directory
[LOG_CAT_SBGP] Failed to dlopen libnuma.so. Fallback to GROUP_BY_SOCKET manual.
[LOG_CAT_SBGP] libnuma.so: cannot open shared object file: No such file or directory
[LOG_CAT_SBGP] Failed to dlopen libnuma.so. Fallback to GROUP_BY_SOCKET manual.
[LOG_CAT_SBGP] libnuma.so: cannot open shared object file: No such file or directory
[LOG_CAT_SBGP] Failed to dlopen libnuma.so. Fallback to GROUP_BY_SOCKET manual.
[LOG_CAT_SBGP] libnuma.so: cannot open shared object file: No such file or directory
[LOG_CAT_SBGP] Failed to dlopen libnuma.so. Fallback to GROUP_BY_SOCKET manual.
[LOG_CAT_SBGP] libnuma.so: cannot open shared object file: No such file or directory
[LOG_CAT_SBGP] Failed to dlopen libnuma.so. Fallback to GROUP_BY_SOCKET manual.
[LOG_CAT_SBGP] libnuma.so: cannot open shared object file: No such file or directory
[LOG_CAT_SBGP] Failed to dlopen libnuma.so. Fallback to GROUP_BY_SOCKET manual.
[LOG_CAT_SBGP] libnuma.so: cannot open shared object file: No such file or directory
[LOG_CAT_SBGP] Failed to dlopen libnuma.so. Fallback to GROUP_BY_SOCKET manual.
[LOG_CAT_SBGP] libnuma.so: cannot open shared object file: No such file or directory
[LOG_CAT_SBGP] Failed to dlopen libnuma.so. Fallback to GROUP_BY_SOCKET manual.
[LOG_CAT_SBGP] libnuma.so: cannot open shared object file: No such file or directory
[LOG_CAT_SBGP] Failed to dlopen libnuma.so. Fallback to GROUP_BY_SOCKET manual.
[LOG_CAT_SBGP] libnuma.so: cannot open shared object file: No such file or directory
[LOG_CAT_SBGP] Failed to dlopen libnuma.so. Fallback to GROUP_BY_SOCKET manual.
[LOG_CAT_SBGP] libnuma.so: cannot open shared object file: No such file or directory
[LOG_CAT_SBGP] Failed to dlopen libnuma.so. Fallback to GROUP_BY_SOCKET manual.
[LOG_CAT_SBGP] libnuma.so: cannot open shared object file: No such file or directory
[LOG_CAT_SBGP] Failed to dlopen libnuma.so. Fallback to GROUP_BY_SOCKET manual.
[LOG_CAT_SBGP] libnuma.so: cannot open shared object file: No such file or directory
[LOG_CAT_SBGP] Failed to dlopen libnuma.so. Fallback to GROUP_BY_SOCKET manual.
[LOG_CAT_SBGP] libnuma.so: cannot open shared object file: No such file or directory
[LOG_CAT_SBGP] Failed to dlopen libnuma.so. Fallback to GROUP_BY_SOCKET manual.
[LOG_CAT_SBGP] libnuma.so: cannot open shared object file: No such file or directory
[LOG_CAT_SBGP] Failed to dlopen libnuma.so. Fallback to GROUP_BY_SOCKET manual.
[LOG_CAT_SBGP] libnuma.so: cannot open shared object file: No such file or directory
[LOG_CAT_SBGP] Failed to dlopen libnuma.so. Fallback to GROUP_BY_SOCKET manual.
[LOG_CAT_SBGP] libnuma.so: cannot open shared object file: No such file or directory
[LOG_CAT_SBGP] Failed to dlopen libnuma.so. Fallback to GROUP_BY_SOCKET manual.
[LOG_CAT_SBGP] libnuma.so: cannot open shared object file: No such file or directory
[LOG_CAT_SBGP] Failed to dlopen libnuma.so. Fallback to GROUP_BY_SOCKET manual.
[LOG_CAT_SBGP] libnuma.so: cannot open shared object file: No such file or directory
[LOG_CAT_SBGP] Failed to dlopen libnuma.so. Fallback to GROUP_BY_SOCKET manual.
[LOG_CAT_SBGP] libnuma.so: cannot open shared object file: No such file or directory
[LOG_CAT_SBGP] Failed to dlopen libnuma.so. Fallback to GROUP_BY_SOCKET manual.
[LOG_CAT_SBGP] libnuma.so: cannot open shared object file: No such file or directory
[LOG_CAT_SBGP] Failed to dlopen libnuma.so. Fallback to GROUP_BY_SOCKET manual.
[LOG_CAT_SBGP] libnuma.so: cannot open shared object file: No such file or directory
[LOG_CAT_SBGP] Failed to dlopen libnuma.so. Fallback to GROUP_BY_SOCKET manual.
[LOG_CAT_SBGP] libnuma.so: cannot open shared object file: No such file or directory
[LOG_CAT_SBGP] Failed to dlopen libnuma.so. Fallback to GROUP_BY_SOCKET manual.
[LOG_CAT_SBGP] libnuma.so: cannot open shared object file: No such file or directory
[LOG_CAT_SBGP] Failed to dlopen libnuma.so. Fallback to GROUP_BY_SOCKET manual.
[LOG_CAT_SBGP] libnuma.so: cannot open shared object file: No such file or directory
[LOG_CAT_SBGP] Failed to dlopen libnuma.so. Fallback to GROUP_BY_SOCKET manual.
[LOG_CAT_SBGP] libnuma.so: cannot open shared object file: No such file or directory
[LOG_CAT_SBGP] Failed to dlopen libnuma.so. Fallback to GROUP_BY_SOCKET manual.
[LOG_CAT_SBGP] libnuma.so: cannot open shared object file: No such file or directory
[LOG_CAT_SBGP] Failed to dlopen libnuma.so. Fallback to GROUP_BY_SOCKET manual.
[LOG_CAT_SBGP] Failed to dlopen libnuma.so. Fallback to GROUP_BY_SOCKET manual.
[LOG_CAT_SBGP] libnuma.so: cannot open shared object file: No such file or directory
[LOG_CAT_SBGP] Failed to dlopen libnuma.so. Fallback to GROUP_BY_SOCKET manual.
[LOG_CAT_SBGP] libnuma.so: cannot open shared object file: No such file or directory
[LOG_CAT_SBGP] libnuma.so: cannot open shared object file: No such file or directory
[LOG_CAT_SBGP] libnuma.so: cannot open shared object file: No such file or directory
[LOG_CAT_SBGP] Failed to dlopen libnuma.so. Fallback to GROUP_BY_SOCKET manual.
[LOG_CAT_SBGP] libnuma.so: cannot open shared object file: No such file or directory
[LOG_CAT_SBGP] Failed to dlopen libnuma.so. Fallback to GROUP_BY_SOCKET manual.
[LOG_CAT_SBGP] libnuma.so: cannot open shared object file: No such file or directory
[LOG_CAT_SBGP] Failed to dlopen libnuma.so. Fallback to GROUP_BY_SOCKET manual.
[LOG_CAT_SBGP] libnuma.so: cannot open shared object file: No such file or directory
[LOG_CAT_SBGP] libnuma.so: cannot open shared object file: No such file or directory
[LOG_CAT_SBGP] Failed to dlopen libnuma.so. Fallback to GROUP_BY_SOCKET manual.
[LOG_CAT_SBGP] libnuma.so: cannot open shared object file: No such file or directory
[LOG_CAT_SBGP] Failed to dlopen libnuma.so. Fallback to GROUP_BY_SOCKET manual.
[LOG_CAT_SBGP] Failed to dlopen libnuma.so. Fallback to GROUP_BY_SOCKET manual.
[LOG_CAT_SBGP] libnuma.so: cannot open shared object file: No such file or directory
[LOG_CAT_SBGP] Failed to dlopen libnuma.so. Fallback to GROUP_BY_SOCKET manual.
[LOG_CAT_SBGP] Failed to dlopen libnuma.so. Fallback to GROUP_BY_SOCKET manual.
[LOG_CAT_SBGP] libnuma.so: cannot open shared object file: No such file or directory
[LOG_CAT_SBGP] Failed to dlopen libnuma.so. Fallback to GROUP_BY_SOCKET manual.
[LOG_CAT_SBGP] Failed to dlopen libnuma.so. Fallback to GROUP_BY_SOCKET manual.
[LOG_CAT_SBGP] libnuma.so: cannot open shared object file: No such file or directory
[LOG_CAT_SBGP] Failed to dlopen libnuma.so. Fallback to GROUP_BY_SOCKET manual.
[LOG_CAT_SBGP] libnuma.so: cannot open shared object file: No such file or directory
[LOG_CAT_SBGP] libnuma.so: cannot open shared object file: No such file or directory
[LOG_CAT_SBGP] Failed to dlopen libnuma.so. Fallback to GROUP_BY_SOCKET manual.
[LOG_CAT_SBGP] libnuma.so: cannot open shared object file: No such file or directory
[LOG_CAT_SBGP] Failed to dlopen libnuma.so. Fallback to GROUP_BY_SOCKET manual.
[LOG_CAT_SBGP] libnuma.so: cannot open shared object file: No such file or directory
[LOG_CAT_SBGP] Failed to dlopen libnuma.so. Fallback to GROUP_BY_SOCKET manual.
[LOG_CAT_SBGP] libnuma.so: cannot open shared object file: No such file or directory
[LOG_CAT_SBGP] Failed to dlopen libnuma.so. Fallback to GROUP_BY_SOCKET manual.
[LOG_CAT_SBGP] libnuma.so: cannot open shared object file: No such file or directory
[LOG_CAT_SBGP] Failed to dlopen libnuma.so. Fallback to GROUP_BY_SOCKET manual.
[LOG_CAT_SBGP] libnuma.so: cannot open shared object file: No such file or directory
[LOG_CAT_SBGP] Failed to dlopen libnuma.so. Fallback to GROUP_BY_SOCKET manual.
[LOG_CAT_SBGP] libnuma.so: cannot open shared object file: No such file or directory
[LOG_CAT_SBGP] Failed to dlopen libnuma.so. Fallback to GROUP_BY_SOCKET manual.
[LOG_CAT_SBGP] libnuma.so: cannot open shared object file: No such file or directory
[LOG_CAT_SBGP] Failed to dlopen libnuma.so. Fallback to GROUP_BY_SOCKET manual.
[LOG_CAT_SBGP] libnuma.so: cannot open shared object file: No such file or directory
[LOG_CAT_SBGP] Failed to dlopen libnuma.so. Fallback to GROUP_BY_SOCKET manual.
[LOG_CAT_SBGP] libnuma.so: cannot open shared object file: No such file or directory
[LOG_CAT_SBGP] Failed to dlopen libnuma.so. Fallback to GROUP_BY_SOCKET manual.
[LOG_CAT_SBGP] libnuma.so: cannot open shared object file: No such file or directory
[LOG_CAT_SBGP] Failed to dlopen libnuma.so. Fallback to GROUP_BY_SOCKET manual.
[LOG_CAT_SBGP] libnuma.so: cannot open shared object file: No such file or directory
[LOG_CAT_SBGP] Failed to dlopen libnuma.so. Fallback to GROUP_BY_SOCKET manual.
[LOG_CAT_SBGP] libnuma.so: cannot open shared object file: No such file or directory
[LOG_CAT_SBGP] Failed to dlopen libnuma.so. Fallback to GROUP_BY_SOCKET manual.
[LOG_CAT_SBGP] libnuma.so: cannot open shared object file: No such file or directory
[LOG_CAT_SBGP] Failed to dlopen libnuma.so. Fallback to GROUP_BY_SOCKET manual.
[LOG_CAT_SBGP] libnuma.so: cannot open shared object file: No such file or directory
[LOG_CAT_SBGP] Failed to dlopen libnuma.so. Fallback to GROUP_BY_SOCKET manual.
[LOG_CAT_SBGP] Failed to dlopen libnuma.so. Fallback to GROUP_BY_SOCKET manual.
[LOG_CAT_SBGP] libnuma.so: cannot open shared object file: No such file or directory
[LOG_CAT_SBGP] Failed to dlopen libnuma.so. Fallback to GROUP_BY_SOCKET manual.
[LOG_CAT_SBGP] libnuma.so: cannot open shared object file: No such file or directory
[LOG_CAT_SBGP] Failed to dlopen libnuma.so. Fallback to GROUP_BY_SOCKET manual.
[LOG_CAT_SBGP] libnuma.so: cannot open shared object file: No such file or directory
[LOG_CAT_SBGP] Failed to dlopen libnuma.so. Fallback to GROUP_BY_SOCKET manual.
[LOG_CAT_SBGP] libnuma.so: cannot open shared object file: No such file or directory
[LOG_CAT_SBGP] Failed to dlopen libnuma.so. Fallback to GROUP_BY_SOCKET manual.
[LOG_CAT_SBGP] libnuma.so: cannot open shared object file: No such file or directory
[LOG_CAT_SBGP] Failed to dlopen libnuma.so. Fallback to GROUP_BY_SOCKET manual.
[LOG_CAT_SBGP] libnuma.so: cannot open shared object file: No such file or directory
[LOG_CAT_SBGP] Failed to dlopen libnuma.so. Fallback to GROUP_BY_SOCKET manual.
[LOG_CAT_SBGP] libnuma.so: cannot open shared object file: No such file or directory
[LOG_CAT_SBGP] libnuma.so: cannot open shared object file: No such file or directory
[LOG_CAT_SBGP] Failed to dlopen libnuma.so. Fallback to GROUP_BY_SOCKET manual.
[LOG_CAT_SBGP] libnuma.so: cannot open shared object file: No such file or directory
[LOG_CAT_SBGP] Failed to dlopen libnuma.so. Fallback to GROUP_BY_SOCKET manual.
[LOG_CAT_SBGP] libnuma.so: cannot open shared object file: No such file or directory
[LOG_CAT_SBGP] Failed to dlopen libnuma.so. Fallback to GROUP_BY_SOCKET manual.
[LOG_CAT_SBGP] libnuma.so: cannot open shared object file: No such file or directory
[LOG_CAT_SBGP] Failed to dlopen libnuma.so. Fallback to GROUP_BY_SOCKET manual.
[LOG_CAT_SBGP] libnuma.so: cannot open shared object file: No such file or directory
[LOG_CAT_SBGP] Failed to dlopen libnuma.so. Fallback to GROUP_BY_SOCKET manual.
[LOG_CAT_SBGP] libnuma.so: cannot open shared object file: No such file or directory
[LOG_CAT_SBGP] Failed to dlopen libnuma.so. Fallback to GROUP_BY_SOCKET manual.
[LOG_CAT_SBGP] libnuma.so: cannot open shared object file: No such file or directory
[LOG_CAT_SBGP] Failed to dlopen libnuma.so. Fallback to GROUP_BY_SOCKET manual.
[LOG_CAT_SBGP] libnuma.so: cannot open shared object file: No such file or directory
[LOG_CAT_SBGP] Failed to dlopen libnuma.so. Fallback to GROUP_BY_SOCKET manual.
[LOG_CAT_SBGP] libnuma.so: cannot open shared object file: No such file or directory
[LOG_CAT_SBGP] Failed to dlopen libnuma.so. Fallback to GROUP_BY_SOCKET manual.
[LOG_CAT_SBGP] libnuma.so: cannot open shared object file: No such file or directory
[LOG_CAT_SBGP] Failed to dlopen libnuma.so. Fallback to GROUP_BY_SOCKET manual.
[LOG_CAT_SBGP] libnuma.so: cannot open shared object file: No such file or directory
[LOG_CAT_SBGP] Failed to dlopen libnuma.so. Fallback to GROUP_BY_SOCKET manual.
[LOG_CAT_SBGP] libnuma.so: cannot open shared object file: No such file or directory
[LOG_CAT_SBGP] Failed to dlopen libnuma.so. Fallback to GROUP_BY_SOCKET manual.
[LOG_CAT_SBGP] libnuma.so: cannot open shared object file: No such file or directory
[LOG_CAT_SBGP] Failed to dlopen libnuma.so. Fallback to GROUP_BY_SOCKET manual.
[LOG_CAT_SBGP] libnuma.so: cannot open shared object file: No such file or directory
[LOG_CAT_SBGP] Failed to dlopen libnuma.so. Fallback to GROUP_BY_SOCKET manual.
[LOG_CAT_SBGP] libnuma.so: cannot open shared object file: No such file or directory
[LOG_CAT_SBGP] Failed to dlopen libnuma.so. Fallback to GROUP_BY_SOCKET manual.
[LOG_CAT_SBGP] libnuma.so: cannot open shared object file: No such file or directory
[LOG_CAT_SBGP] Failed to dlopen libnuma.so. Fallback to GROUP_BY_SOCKET manual.
[LOG_CAT_SBGP] libnuma.so: cannot open shared object file: No such file or directory
[LOG_CAT_SBGP] Failed to dlopen libnuma.so. Fallback to GROUP_BY_SOCKET manual.
[LOG_CAT_SBGP] libnuma.so: cannot open shared object file: No such file or directory
[LOG_CAT_SBGP] Failed to dlopen libnuma.so. Fallback to GROUP_BY_SOCKET manual.
[LOG_CAT_SBGP] libnuma.so: cannot open shared object file: No such file or directory
[LOG_CAT_SBGP] Failed to dlopen libnuma.so. Fallback to GROUP_BY_SOCKET manual.
[LOG_CAT_SBGP] libnuma.so: cannot open shared object file: No such file or directory
[LOG_CAT_SBGP] Failed to dlopen libnuma.so. Fallback to GROUP_BY_SOCKET manual.
[LOG_CAT_SBGP] libnuma.so: cannot open shared object file: No such file or directory
[LOG_CAT_SBGP] Failed to dlopen libnuma.so. Fallback to GROUP_BY_SOCKET manual.
[LOG_CAT_SBGP] libnuma.so: cannot open shared object file: No such file or directory
[LOG_CAT_SBGP] Failed to dlopen libnuma.so. Fallback to GROUP_BY_SOCKET manual.
[LOG_CAT_SBGP] libnuma.so: cannot open shared object file: No such file or directory
[LOG_CAT_SBGP] Failed to dlopen libnuma.so. Fallback to GROUP_BY_SOCKET manual.
[LOG_CAT_SBGP] libnuma.so: cannot open shared object file: No such file or directory
[LOG_CAT_SBGP] Failed to dlopen libnuma.so. Fallback to GROUP_BY_SOCKET manual.
[LOG_CAT_SBGP] libnuma.so: cannot open shared object file: No such file or directory
[LOG_CAT_SBGP] Failed to dlopen libnuma.so. Fallback to GROUP_BY_SOCKET manual.
[LOG_CAT_SBGP] libnuma.so: cannot open shared object file: No such file or directory
[LOG_CAT_SBGP] Failed to dlopen libnuma.so. Fallback to GROUP_BY_SOCKET manual.
[LOG_CAT_SBGP] libnuma.so: cannot open shared object file: No such file or directory
[LOG_CAT_SBGP] Failed to dlopen libnuma.so. Fallback to GROUP_BY_SOCKET manual.
[LOG_CAT_SBGP] libnuma.so: cannot open shared object file: No such file or directory
[LOG_CAT_SBGP] Failed to dlopen libnuma.so. Fallback to GROUP_BY_SOCKET manual.
[LOG_CAT_SBGP] libnuma.so: cannot open shared object file: No such file or directory
[LOG_CAT_SBGP] Failed to dlopen libnuma.so. Fallback to GROUP_BY_SOCKET manual.
[LOG_CAT_SBGP] libnuma.so: cannot open shared object file: No such file or directory
[LOG_CAT_SBGP] Failed to dlopen libnuma.so. Fallback to GROUP_BY_SOCKET manual.
[LOG_CAT_SBGP] libnuma.so: cannot open shared object file: No such file or directory
[LOG_CAT_SBGP] Failed to dlopen libnuma.so. Fallback to GROUP_BY_SOCKET manual.
[LOG_CAT_SBGP] libnuma.so: cannot open shared object file: No such file or directory
[LOG_CAT_SBGP] Failed to dlopen libnuma.so. Fallback to GROUP_BY_SOCKET manual.
[LOG_CAT_SBGP] libnuma.so: cannot open shared object file: No such file or directory
[LOG_CAT_SBGP] Failed to dlopen libnuma.so. Fallback to GROUP_BY_SOCKET manual.
[LOG_CAT_SBGP] libnuma.so: cannot open shared object file: No such file or directory
[LOG_CAT_SBGP] Failed to dlopen libnuma.so. Fallback to GROUP_BY_SOCKET manual.
[LOG_CAT_SBGP] libnuma.so: cannot open shared object file: No such file or directory
[LOG_CAT_SBGP] Failed to dlopen libnuma.so. Fallback to GROUP_BY_SOCKET manual.
[LOG_CAT_SBGP] libnuma.so: cannot open shared object file: No such file or directory
[LOG_CAT_SBGP] Failed to dlopen libnuma.so. Fallback to GROUP_BY_SOCKET manual.
[LOG_CAT_SBGP] libnuma.so: cannot open shared object file: No such file or directory
[LOG_CAT_SBGP] Failed to dlopen libnuma.so. Fallback to GROUP_BY_SOCKET manual.
[LOG_CAT_SBGP] libnuma.so: cannot open shared object file: No such file or directory
[LOG_CAT_SBGP] Failed to dlopen libnuma.so. Fallback to GROUP_BY_SOCKET manual.
[LOG_CAT_SBGP] libnuma.so: cannot open shared object file: No such file or directory
[LOG_CAT_SBGP] Failed to dlopen libnuma.so. Fallback to GROUP_BY_SOCKET manual.
[LOG_CAT_SBGP] libnuma.so: cannot open shared object file: No such file or directory
[LOG_CAT_SBGP] Failed to dlopen libnuma.so. Fallback to GROUP_BY_SOCKET manual.
[LOG_CAT_SBGP] libnuma.so: cannot open shared object file: No such file or directory
[LOG_CAT_SBGP] Failed to dlopen libnuma.so. Fallback to GROUP_BY_SOCKET manual.
[LOG_CAT_SBGP] libnuma.so: cannot open shared object file: No such file or directory
[LOG_CAT_SBGP] Failed to dlopen libnuma.so. Fallback to GROUP_BY_SOCKET manual.
[LOG_CAT_SBGP] libnuma.so: cannot open shared object file: No such file or directory
[LOG_CAT_SBGP] Failed to dlopen libnuma.so. Fallback to GROUP_BY_SOCKET manual.
[LOG_CAT_SBGP] libnuma.so: cannot open shared object file: No such file or directory
[LOG_CAT_SBGP] Failed to dlopen libnuma.so. Fallback to GROUP_BY_SOCKET manual.
[LOG_CAT_SBGP] libnuma.so: cannot open shared object file: No such file or directory
[LOG_CAT_SBGP] Failed to dlopen libnuma.so. Fallback to GROUP_BY_SOCKET manual.
[LOG_CAT_SBGP] libnuma.so: cannot open shared object file: No such file or directory
[LOG_CAT_SBGP] Failed to dlopen libnuma.so. Fallback to GROUP_BY_SOCKET manual.
[LOG_CAT_SBGP] libnuma.so: cannot open shared object file: No such file or directory
[LOG_CAT_SBGP] Failed to dlopen libnuma.so. Fallback to GROUP_BY_SOCKET manual.
[LOG_CAT_SBGP] libnuma.so: cannot open shared object file: No such file or directory
[LOG_CAT_SBGP] Failed to dlopen libnuma.so. Fallback to GROUP_BY_SOCKET manual.
[LOG_CAT_SBGP] libnuma.so: cannot open shared object file: No such file or directory
[LOG_CAT_SBGP] Failed to dlopen libnuma.so. Fallback to GROUP_BY_SOCKET manual.
[LOG_CAT_SBGP] libnuma.so: cannot open shared object file: No such file or directory
[LOG_CAT_SBGP] Failed to dlopen libnuma.so. Fallback to GROUP_BY_SOCKET manual.
[LOG_CAT_SBGP] libnuma.so: cannot open shared object file: No such file or directory
[LOG_CAT_SBGP] Failed to dlopen libnuma.so. Fallback to GROUP_BY_SOCKET manual.
[LOG_CAT_SBGP] libnuma.so: cannot open shared object file: No such file or directory
[LOG_CAT_SBGP] Failed to dlopen libnuma.so. Fallback to GROUP_BY_SOCKET manual.
[LOG_CAT_SBGP] libnuma.so: cannot open shared object file: No such file or directory
[LOG_CAT_SBGP] Failed to dlopen libnuma.so. Fallback to GROUP_BY_SOCKET manual.
[LOG_CAT_SBGP] libnuma.so: cannot open shared object file: No such file or directory
[LOG_CAT_SBGP] Failed to dlopen libnuma.so. Fallback to GROUP_BY_SOCKET manual.
[LOG_CAT_SBGP] libnuma.so: cannot open shared object file: No such file or directory
[LOG_CAT_SBGP] Failed to dlopen libnuma.so. Fallback to GROUP_BY_SOCKET manual.
[LOG_CAT_SBGP] libnuma.so: cannot open shared object file: No such file or directory
[LOG_CAT_SBGP] Failed to dlopen libnuma.so. Fallback to GROUP_BY_SOCKET manual.
[LOG_CAT_SBGP] libnuma.so: cannot open shared object file: No such file or directory
[LOG_CAT_SBGP] Failed to dlopen libnuma.so. Fallback to GROUP_BY_SOCKET manual.
[LOG_CAT_SBGP] libnuma.so: cannot open shared object file: No such file or directory
[LOG_CAT_SBGP] Failed to dlopen libnuma.so. Fallback to GROUP_BY_SOCKET manual.
[LOG_CAT_SBGP] libnuma.so: cannot open shared object file: No such file or directory
[LOG_CAT_SBGP] Failed to dlopen libnuma.so. Fallback to GROUP_BY_SOCKET manual.
[LOG_CAT_SBGP] libnuma.so: cannot open shared object file: No such file or directory
[LOG_CAT_SBGP] Failed to dlopen libnuma.so. Fallback to GROUP_BY_SOCKET manual.
[LOG_CAT_SBGP] libnuma.so: cannot open shared object file: No such file or directory
[LOG_CAT_SBGP] Failed to dlopen libnuma.so. Fallback to GROUP_BY_SOCKET manual.
[LOG_CAT_SBGP] libnuma.so: cannot open shared object file: No such file or directory
[LOG_CAT_SBGP] Failed to dlopen libnuma.so. Fallback to GROUP_BY_SOCKET manual.
[LOG_CAT_SBGP] libnuma.so: cannot open shared object file: No such file or directory
[LOG_CAT_SBGP] Failed to dlopen libnuma.so. Fallback to GROUP_BY_SOCKET manual.
[LOG_CAT_SBGP] libnuma.so: cannot open shared object file: No such file or directory
[LOG_CAT_SBGP] Failed to dlopen libnuma.so. Fallback to GROUP_BY_SOCKET manual.
[LOG_CAT_SBGP] libnuma.so: cannot open shared object file: No such file or directory
[LOG_CAT_SBGP] Failed to dlopen libnuma.so. Fallback to GROUP_BY_SOCKET manual.
[LOG_CAT_SBGP] libnuma.so: cannot open shared object file: No such file or directory
[LOG_CAT_SBGP] Failed to dlopen libnuma.so. Fallback to GROUP_BY_SOCKET manual.
[LOG_CAT_SBGP] libnuma.so: cannot open shared object file: No such file or directory
[LOG_CAT_SBGP] Failed to dlopen libnuma.so. Fallback to GROUP_BY_SOCKET manual.
[LOG_CAT_SBGP] libnuma.so: cannot open shared object file: No such file or directory
[LOG_CAT_SBGP] Failed to dlopen libnuma.so. Fallback to GROUP_BY_SOCKET manual.
[LOG_CAT_SBGP] libnuma.so: cannot open shared object file: No such file or directory
[LOG_CAT_SBGP] Failed to dlopen libnuma.so. Fallback to GROUP_BY_SOCKET manual.
[LOG_CAT_SBGP] libnuma.so: cannot open shared object file: No such file or directory
[LOG_CAT_SBGP] Failed to dlopen libnuma.so. Fallback to GROUP_BY_SOCKET manual.
[LOG_CAT_SBGP] libnuma.so: cannot open shared object file: No such file or directory
[LOG_CAT_SBGP] Failed to dlopen libnuma.so. Fallback to GROUP_BY_SOCKET manual.
[LOG_CAT_SBGP] libnuma.so: cannot open shared object file: No such file or directory
[LOG_CAT_SBGP] Failed to dlopen libnuma.so. Fallback to GROUP_BY_SOCKET manual.
[LOG_CAT_SBGP] libnuma.so: cannot open shared object file: No such file or directory
[LOG_CAT_SBGP] Failed to dlopen libnuma.so. Fallback to GROUP_BY_SOCKET manual.
[LOG_CAT_SBGP] libnuma.so: cannot open shared object file: No such file or directory
[LOG_CAT_SBGP] Failed to dlopen libnuma.so. Fallback to GROUP_BY_SOCKET manual.
[LOG_CAT_SBGP] libnuma.so: cannot open shared object file: No such file or directory
[LOG_CAT_SBGP] Failed to dlopen libnuma.so. Fallback to GROUP_BY_SOCKET manual.
[LOG_CAT_SBGP] libnuma.so: cannot open shared object file: No such file or directory
[LOG_CAT_SBGP] Failed to dlopen libnuma.so. Fallback to GROUP_BY_SOCKET manual.
[LOG_CAT_SBGP] libnuma.so: cannot open shared object file: No such file or directory
[LOG_CAT_SBGP] Failed to dlopen libnuma.so. Fallback to GROUP_BY_SOCKET manual.
[LOG_CAT_SBGP] libnuma.so: cannot open shared object file: No such file or directory
[LOG_CAT_SBGP] Failed to dlopen libnuma.so. Fallback to GROUP_BY_SOCKET manual.
[LOG_CAT_SBGP] libnuma.so: cannot open shared object file: No such file or directory
[LOG_CAT_SBGP] Failed to dlopen libnuma.so. Fallback to GROUP_BY_SOCKET manual.
[LOG_CAT_SBGP] libnuma.so: cannot open shared object file: No such file or directory
[LOG_CAT_SBGP] Failed to dlopen libnuma.so. Fallback to GROUP_BY_SOCKET manual.
[LOG_CAT_SBGP] libnuma.so: cannot open shared object file: No such file or directory
[LOG_CAT_SBGP] Failed to dlopen libnuma.so. Fallback to GROUP_BY_SOCKET manual.
[LOG_CAT_SBGP] libnuma.so: cannot open shared object file: No such file or directory
[LOG_CAT_SBGP] Failed to dlopen libnuma.so. Fallback to GROUP_BY_SOCKET manual.
[LOG_CAT_SBGP] libnuma.so: cannot open shared object file: No such file or directory
[LOG_CAT_SBGP] Failed to dlopen libnuma.so. Fallback to GROUP_BY_SOCKET manual.
[LOG_CAT_SBGP] libnuma.so: cannot open shared object file: No such file or directory
[LOG_CAT_SBGP] Failed to dlopen libnuma.so. Fallback to GROUP_BY_SOCKET manual.
[LOG_CAT_SBGP] libnuma.so: cannot open shared object file: No such file or directory
[LOG_CAT_SBGP] Failed to dlopen libnuma.so. Fallback to GROUP_BY_SOCKET manual.
[LOG_CAT_SBGP] libnuma.so: cannot open shared object file: No such file or directory
[LOG_CAT_SBGP] Failed to dlopen libnuma.so. Fallback to GROUP_BY_SOCKET manual.
[LOG_CAT_SBGP] libnuma.so: cannot open shared object file: No such file or directory
[LOG_CAT_SBGP] Failed to dlopen libnuma.so. Fallback to GROUP_BY_SOCKET manual.
[LOG_CAT_SBGP] libnuma.so: cannot open shared object file: No such file or directory
[LOG_CAT_SBGP] Failed to dlopen libnuma.so. Fallback to GROUP_BY_SOCKET manual.
[LOG_CAT_SBGP] libnuma.so: cannot open shared object file: No such file or directory
[LOG_CAT_SBGP] Failed to dlopen libnuma.so. Fallback to GROUP_BY_SOCKET manual.
[LOG_CAT_SBGP] libnuma.so: cannot open shared object file: No such file or directory
[LOG_CAT_SBGP] Failed to dlopen libnuma.so. Fallback to GROUP_BY_SOCKET manual.
[LOG_CAT_SBGP] libnuma.so: cannot open shared object file: No such file or directory
[LOG_CAT_SBGP] Failed to dlopen libnuma.so. Fallback to GROUP_BY_SOCKET manual.
[LOG_CAT_SBGP] libnuma.so: cannot open shared object file: No such file or directory
[LOG_CAT_SBGP] Failed to dlopen libnuma.so. Fallback to GROUP_BY_SOCKET manual.
[LOG_CAT_SBGP] libnuma.so: cannot open shared object file: No such file or directory
[LOG_CAT_SBGP] Failed to dlopen libnuma.so. Fallback to GROUP_BY_SOCKET manual.
[LOG_CAT_SBGP] libnuma.so: cannot open shared object file: No such file or directory
[LOG_CAT_SBGP] Failed to dlopen libnuma.so. Fallback to GROUP_BY_SOCKET manual.
[LOG_CAT_SBGP] libnuma.so: cannot open shared object file: No such file or directory
[LOG_CAT_SBGP] Failed to dlopen libnuma.so. Fallback to GROUP_BY_SOCKET manual.
[LOG_CAT_SBGP] libnuma.so: cannot open shared object file: No such file or directory
[LOG_CAT_SBGP] Failed to dlopen libnuma.so. Fallback to GROUP_BY_SOCKET manual.
[LOG_CAT_SBGP] libnuma.so: cannot open shared object file: No such file or directory
[LOG_CAT_SBGP] libnuma.so: cannot open shared object file: No such file or directory
[LOG_CAT_SBGP] Failed to dlopen libnuma.so. Fallback to GROUP_BY_SOCKET manual.
[LOG_CAT_SBGP] libnuma.so: cannot open shared object file: No such file or directory
[LOG_CAT_SBGP] Failed to dlopen libnuma.so. Fallback to GROUP_BY_SOCKET manual.
[LOG_CAT_SBGP] libnuma.so: cannot open shared object file: No such file or directory
[LOG_CAT_SBGP] Failed to dlopen libnuma.so. Fallback to GROUP_BY_SOCKET manual.
[LOG_CAT_SBGP] libnuma.so: cannot open shared object file: No such file or directory
[LOG_CAT_SBGP] Failed to dlopen libnuma.so. Fallback to GROUP_BY_SOCKET manual.
[LOG_CAT_SBGP] libnuma.so: cannot open shared object file: No such file or directory
[LOG_CAT_SBGP] Failed to dlopen libnuma.so. Fallback to GROUP_BY_SOCKET manual.
[LOG_CAT_SBGP] libnuma.so: cannot open shared object file: No such file or directory
[LOG_CAT_SBGP] Failed to dlopen libnuma.so. Fallback to GROUP_BY_SOCKET manual.
[LOG_CAT_SBGP] libnuma.so: cannot open shared object file: No such file or directory
[LOG_CAT_SBGP] Failed to dlopen libnuma.so. Fallback to GROUP_BY_SOCKET manual.
[LOG_CAT_SBGP] libnuma.so: cannot open shared object file: No such file or directory
[LOG_CAT_SBGP] Failed to dlopen libnuma.so. Fallback to GROUP_BY_SOCKET manual.
[LOG_CAT_SBGP] libnuma.so: cannot open shared object file: No such file or directory
[LOG_CAT_SBGP] Failed to dlopen libnuma.so. Fallback to GROUP_BY_SOCKET manual.
[LOG_CAT_SBGP] libnuma.so: cannot open shared object file: No such file or directory
[LOG_CAT_SBGP] Failed to dlopen libnuma.so. Fallback to GROUP_BY_SOCKET manual.
[LOG_CAT_SBGP] libnuma.so: cannot open shared object file: No such file or directory
[LOG_CAT_SBGP] Failed to dlopen libnuma.so. Fallback to GROUP_BY_SOCKET manual.
[LOG_CAT_SBGP] libnuma.so: cannot open shared object file: No such file or directory
[LOG_CAT_SBGP] Failed to dlopen libnuma.so. Fallback to GROUP_BY_SOCKET manual.
[LOG_CAT_SBGP] libnuma.so: cannot open shared object file: No such file or directory
[LOG_CAT_SBGP] Failed to dlopen libnuma.so. Fallback to GROUP_BY_SOCKET manual.
[LOG_CAT_SBGP] libnuma.so: cannot open shared object file: No such file or directory
[LOG_CAT_SBGP] Failed to dlopen libnuma.so. Fallback to GROUP_BY_SOCKET manual.
[LOG_CAT_SBGP] libnuma.so: cannot open shared object file: No such file or directory
[LOG_CAT_SBGP] Failed to dlopen libnuma.so. Fallback to GROUP_BY_SOCKET manual.
[LOG_CAT_SBGP] libnuma.so: cannot open shared object file: No such file or directory
[LOG_CAT_SBGP] Failed to dlopen libnuma.so. Fallback to GROUP_BY_SOCKET manual.
[LOG_CAT_SBGP] libnuma.so: cannot open shared object file: No such file or directory
[LOG_CAT_SBGP] Failed to dlopen libnuma.so. Fallback to GROUP_BY_SOCKET manual.
[LOG_CAT_SBGP] libnuma.so: cannot open shared object file: No such file or directory
[LOG_CAT_SBGP] Failed to dlopen libnuma.so. Fallback to GROUP_BY_SOCKET manual.
[LOG_CAT_SBGP] libnuma.so: cannot open shared object file: No such file or directory
[LOG_CAT_SBGP] Failed to dlopen libnuma.so. Fallback to GROUP_BY_SOCKET manual.
[LOG_CAT_SBGP] libnuma.so: cannot open shared object file: No such file or directory
[LOG_CAT_SBGP] Failed to dlopen libnuma.so. Fallback to GROUP_BY_SOCKET manual.
[LOG_CAT_SBGP] libnuma.so: cannot open shared object file: No such file or directory
[LOG_CAT_SBGP] Failed to dlopen libnuma.so. Fallback to GROUP_BY_SOCKET manual.
[LOG_CAT_SBGP] libnuma.so: cannot open shared object file: No such file or directory
[LOG_CAT_SBGP] Failed to dlopen libnuma.so. Fallback to GROUP_BY_SOCKET manual.
[LOG_CAT_SBGP] libnuma.so: cannot open shared object file: No such file or directory
[LOG_CAT_SBGP] Failed to dlopen libnuma.so. Fallback to GROUP_BY_SOCKET manual.
[LOG_CAT_SBGP] libnuma.so: cannot open shared object file: No such file or directory
[LOG_CAT_SBGP] Failed to dlopen libnuma.so. Fallback to GROUP_BY_SOCKET manual.
[LOG_CAT_SBGP] libnuma.so: cannot open shared object file: No such file or directory
[LOG_CAT_SBGP] Failed to dlopen libnuma.so. Fallback to GROUP_BY_SOCKET manual.
[LOG_CAT_SBGP] libnuma.so: cannot open shared object file: No such file or directory
[LOG_CAT_SBGP] Failed to dlopen libnuma.so. Fallback to GROUP_BY_SOCKET manual.
[LOG_CAT_SBGP] libnuma.so: cannot open shared object file: No such file or directory
[LOG_CAT_SBGP] Failed to dlopen libnuma.so. Fallback to GROUP_BY_SOCKET manual.
[LOG_CAT_SBGP] libnuma.so: cannot open shared object file: No such file or directory
[LOG_CAT_SBGP] Failed to dlopen libnuma.so. Fallback to GROUP_BY_SOCKET manual.
[LOG_CAT_SBGP] libnuma.so: cannot open shared object file: No such file or directory
[LOG_CAT_SBGP] Failed to dlopen libnuma.so. Fallback to GROUP_BY_SOCKET manual.
[LOG_CAT_SBGP] libnuma.so: cannot open shared object file: No such file or directory
[LOG_CAT_SBGP] Failed to dlopen libnuma.so. Fallback to GROUP_BY_SOCKET manual.
[LOG_CAT_SBGP] libnuma.so: cannot open shared object file: No such file or directory
[LOG_CAT_SBGP] Failed to dlopen libnuma.so. Fallback to GROUP_BY_SOCKET manual.
[LOG_CAT_SBGP] libnuma.so: cannot open shared object file: No such file or directory
[LOG_CAT_SBGP] Failed to dlopen libnuma.so. Fallback to GROUP_BY_SOCKET manual.
[LOG_CAT_SBGP] libnuma.so: cannot open shared object file: No such file or directory
[LOG_CAT_SBGP] Failed to dlopen libnuma.so. Fallback to GROUP_BY_SOCKET manual.
[LOG_CAT_SBGP] libnuma.so: cannot open shared object file: No such file or directory
[LOG_CAT_SBGP] Failed to dlopen libnuma.so. Fallback to GROUP_BY_SOCKET manual.
[LOG_CAT_SBGP] libnuma.so: cannot open shared object file: No such file or directory
[LOG_CAT_SBGP] Failed to dlopen libnuma.so. Fallback to GROUP_BY_SOCKET manual.
[LOG_CAT_SBGP] libnuma.so: cannot open shared object file: No such file or directory
[LOG_CAT_SBGP] Failed to dlopen libnuma.so. Fallback to GROUP_BY_SOCKET manual.
[LOG_CAT_SBGP] libnuma.so: cannot open shared object file: No such file or directory
[LOG_CAT_SBGP] Failed to dlopen libnuma.so. Fallback to GROUP_BY_SOCKET manual.
[LOG_CAT_SBGP] libnuma.so: cannot open shared object file: No such file or directory
[LOG_CAT_SBGP] Failed to dlopen libnuma.so. Fallback to GROUP_BY_SOCKET manual.
[LOG_CAT_SBGP] libnuma.so: cannot open shared object file: No such file or directory
[LOG_CAT_SBGP] Failed to dlopen libnuma.so. Fallback to GROUP_BY_SOCKET manual.
[LOG_CAT_SBGP] libnuma.so: cannot open shared object file: No such file or directory
[LOG_CAT_SBGP] Failed to dlopen libnuma.so. Fallback to GROUP_BY_SOCKET manual.
[LOG_CAT_SBGP] libnuma.so: cannot open shared object file: No such file or directory
[LOG_CAT_SBGP] Failed to dlopen libnuma.so. Fallback to GROUP_BY_SOCKET manual.
[LOG_CAT_SBGP] libnuma.so: cannot open shared object file: No such file or directory
[LOG_CAT_SBGP] Failed to dlopen libnuma.so. Fallback to GROUP_BY_SOCKET manual.
[LOG_CAT_SBGP] libnuma.so: cannot open shared object file: No such file or directory
[LOG_CAT_SBGP] Failed to dlopen libnuma.so. Fallback to GROUP_BY_SOCKET manual.
[LOG_CAT_SBGP] libnuma.so: cannot open shared object file: No such file or directory
[LOG_CAT_SBGP] Failed to dlopen libnuma.so. Fallback to GROUP_BY_SOCKET manual.
[LOG_CAT_SBGP] libnuma.so: cannot open shared object file: No such file or directory
[LOG_CAT_SBGP] Failed to dlopen libnuma.so. Fallback to GROUP_BY_SOCKET manual.
[LOG_CAT_SBGP] libnuma.so: cannot open shared object file: No such file or directory
[LOG_CAT_SBGP] Failed to dlopen libnuma.so. Fallback to GROUP_BY_SOCKET manual.
[LOG_CAT_SBGP] libnuma.so: cannot open shared object file: No such file or directory
[LOG_CAT_SBGP] Failed to dlopen libnuma.so. Fallback to GROUP_BY_SOCKET manual.
[LOG_CAT_SBGP] libnuma.so: cannot open shared object file: No such file or directory
[LOG_CAT_SBGP] Failed to dlopen libnuma.so. Fallback to GROUP_BY_SOCKET manual.
[LOG_CAT_SBGP] libnuma.so: cannot open shared object file: No such file or directory
[LOG_CAT_SBGP] Failed to dlopen libnuma.so. Fallback to GROUP_BY_SOCKET manual.
[LOG_CAT_SBGP] libnuma.so: cannot open shared object file: No such file or directory
[LOG_CAT_SBGP] Failed to dlopen libnuma.so. Fallback to GROUP_BY_SOCKET manual.
[LOG_CAT_SBGP] libnuma.so: cannot open shared object file: No such file or directory
[LOG_CAT_SBGP] Failed to dlopen libnuma.so. Fallback to GROUP_BY_SOCKET manual.
[LOG_CAT_SBGP] libnuma.so: cannot open shared object file: No such file or directory
[LOG_CAT_SBGP] Failed to dlopen libnuma.so. Fallback to GROUP_BY_SOCKET manual.
[LOG_CAT_SBGP] libnuma.so: cannot open shared object file: No such file or directory
[LOG_CAT_SBGP] Failed to dlopen libnuma.so. Fallback to GROUP_BY_SOCKET manual.
[LOG_CAT_SBGP] libnuma.so: cannot open shared object file: No such file or directory
[LOG_CAT_SBGP] Failed to dlopen libnuma.so. Fallback to GROUP_BY_SOCKET manual.
[LOG_CAT_SBGP] libnuma.so: cannot open shared object file: No such file or directory
[LOG_CAT_SBGP] Failed to dlopen libnuma.so. Fallback to GROUP_BY_SOCKET manual.
[LOG_CAT_SBGP] libnuma.so: cannot open shared object file: No such file or directory
[LOG_CAT_SBGP] Failed to dlopen libnuma.so. Fallback to GROUP_BY_SOCKET manual.
[LOG_CAT_SBGP] libnuma.so: cannot open shared object file: No such file or directory
[LOG_CAT_SBGP] Failed to dlopen libnuma.so. Fallback to GROUP_BY_SOCKET manual.
[LOG_CAT_SBGP] libnuma.so: cannot open shared object file: No such file or directory
[LOG_CAT_SBGP] Failed to dlopen libnuma.so. Fallback to GROUP_BY_SOCKET manual.
[LOG_CAT_SBGP] libnuma.so: cannot open shared object file: No such file or directory
[LOG_CAT_SBGP] Failed to dlopen libnuma.so. Fallback to GROUP_BY_SOCKET manual.
[LOG_CAT_SBGP] libnuma.so: cannot open shared object file: No such file or directory
[LOG_CAT_SBGP] Failed to dlopen libnuma.so. Fallback to GROUP_BY_SOCKET manual.
[LOG_CAT_SBGP] libnuma.so: cannot open shared object file: No such file or directory
[LOG_CAT_SBGP] Failed to dlopen libnuma.so. Fallback to GROUP_BY_SOCKET manual.
[LOG_CAT_SBGP] libnuma.so: cannot open shared object file: No such file or directory
[LOG_CAT_SBGP] Failed to dlopen libnuma.so. Fallback to GROUP_BY_SOCKET manual.
[LOG_CAT_SBGP] libnuma.so: cannot open shared object file: No such file or directory
[LOG_CAT_SBGP] Failed to dlopen libnuma.so. Fallback to GROUP_BY_SOCKET manual.
[LOG_CAT_SBGP] libnuma.so: cannot open shared object file: No such file or directory
[LOG_CAT_SBGP] Failed to dlopen libnuma.so. Fallback to GROUP_BY_SOCKET manual.
[LOG_CAT_SBGP] libnuma.so: cannot open shared object file: No such file or directory
[LOG_CAT_SBGP] Failed to dlopen libnuma.so. Fallback to GROUP_BY_SOCKET manual.
[LOG_CAT_SBGP] libnuma.so: cannot open shared object file: No such file or directory
[LOG_CAT_SBGP] Failed to dlopen libnuma.so. Fallback to GROUP_BY_SOCKET manual.
[LOG_CAT_SBGP] libnuma.so: cannot open shared object file: No such file or directory
[LOG_CAT_SBGP] Failed to dlopen libnuma.so. Fallback to GROUP_BY_SOCKET manual.
[LOG_CAT_SBGP] libnuma.so: cannot open shared object file: No such file or directory
[LOG_CAT_SBGP] Failed to dlopen libnuma.so. Fallback to GROUP_BY_SOCKET manual.
[LOG_CAT_SBGP] libnuma.so: cannot open shared object file: No such file or directory
[LOG_CAT_SBGP] Failed to dlopen libnuma.so. Fallback to GROUP_BY_SOCKET manual.
[LOG_CAT_SBGP] libnuma.so: cannot open shared object file: No such file or directory
[LOG_CAT_SBGP] Failed to dlopen libnuma.so. Fallback to GROUP_BY_SOCKET manual.
[LOG_CAT_SBGP] libnuma.so: cannot open shared object file: No such file or directory
[LOG_CAT_SBGP] Failed to dlopen libnuma.so. Fallback to GROUP_BY_SOCKET manual.
[LOG_CAT_SBGP] libnuma.so: cannot open shared object file: No such file or directory
[LOG_CAT_SBGP] Failed to dlopen libnuma.so. Fallback to GROUP_BY_SOCKET manual.
[LOG_CAT_SBGP] libnuma.so: cannot open shared object file: No such file or directory
[LOG_CAT_SBGP] Failed to dlopen libnuma.so. Fallback to GROUP_BY_SOCKET manual.
[LOG_CAT_SBGP] libnuma.so: cannot open shared object file: No such file or directory
[LOG_CAT_SBGP] Failed to dlopen libnuma.so. Fallback to GROUP_BY_SOCKET manual.
[LOG_CAT_SBGP] libnuma.so: cannot open shared object file: No such file or directory
[LOG_CAT_SBGP] Failed to dlopen libnuma.so. Fallback to GROUP_BY_SOCKET manual.
[LOG_CAT_SBGP] libnuma.so: cannot open shared object file: No such file or directory
[LOG_CAT_SBGP] Failed to dlopen libnuma.so. Fallback to GROUP_BY_SOCKET manual.
[LOG_CAT_SBGP] libnuma.so: cannot open shared object file: No such file or directory
[LOG_CAT_SBGP] Failed to dlopen libnuma.so. Fallback to GROUP_BY_SOCKET manual.
[LOG_CAT_SBGP] libnuma.so: cannot open shared object file: No such file or directory
[LOG_CAT_SBGP] Failed to dlopen libnuma.so. Fallback to GROUP_BY_SOCKET manual.
[LOG_CAT_SBGP] libnuma.so: cannot open shared object file: No such file or directory
[LOG_CAT_SBGP] Failed to dlopen libnuma.so. Fallback to GROUP_BY_SOCKET manual.
[LOG_CAT_SBGP] libnuma.so: cannot open shared object file: No such file or directory
[LOG_CAT_SBGP] Failed to dlopen libnuma.so. Fallback to GROUP_BY_SOCKET manual.
[LOG_CAT_SBGP] libnuma.so: cannot open shared object file: No such file or directory
[LOG_CAT_SBGP] Failed to dlopen libnuma.so. Fallback to GROUP_BY_SOCKET manual.
[LOG_CAT_SBGP] libnuma.so: cannot open shared object file: No such file or directory
[LOG_CAT_SBGP] Failed to dlopen libnuma.so. Fallback to GROUP_BY_SOCKET manual.
[LOG_CAT_SBGP] libnuma.so: cannot open shared object file: No such file or directory
[LOG_CAT_SBGP] Failed to dlopen libnuma.so. Fallback to GROUP_BY_SOCKET manual.
[LOG_CAT_SBGP] libnuma.so: cannot open shared object file: No such file or directory
[LOG_CAT_SBGP] Failed to dlopen libnuma.so. Fallback to GROUP_BY_SOCKET manual.
[LOG_CAT_SBGP] libnuma.so: cannot open shared object file: No such file or directory
[LOG_CAT_SBGP] Failed to dlopen libnuma.so. Fallback to GROUP_BY_SOCKET manual.
[LOG_CAT_SBGP] libnuma.so: cannot open shared object file: No such file or directory
[LOG_CAT_SBGP] Failed to dlopen libnuma.so. Fallback to GROUP_BY_SOCKET manual.
[LOG_CAT_SBGP] libnuma.so: cannot open shared object file: No such file or directory
[LOG_CAT_SBGP] Failed to dlopen libnuma.so. Fallback to GROUP_BY_SOCKET manual.
[LOG_CAT_SBGP] libnuma.so: cannot open shared object file: No such file or directory
[LOG_CAT_SBGP] Failed to dlopen libnuma.so. Fallback to GROUP_BY_SOCKET manual.
[LOG_CAT_SBGP] libnuma.so: cannot open shared object file: No such file or directory
[LOG_CAT_SBGP] Failed to dlopen libnuma.so. Fallback to GROUP_BY_SOCKET manual.
[LOG_CAT_SBGP] libnuma.so: cannot open shared object file: No such file or directory
[LOG_CAT_SBGP] Failed to dlopen libnuma.so. Fallback to GROUP_BY_SOCKET manual.
[LOG_CAT_SBGP] libnuma.so: cannot open shared object file: No such file or directory
[LOG_CAT_SBGP] Failed to dlopen libnuma.so. Fallback to GROUP_BY_SOCKET manual.
[LOG_CAT_SBGP] libnuma.so: cannot open shared object file: No such file or directory
[LOG_CAT_SBGP] Failed to dlopen libnuma.so. Fallback to GROUP_BY_SOCKET manual.
[LOG_CAT_SBGP] libnuma.so: cannot open shared object file: No such file or directory
[LOG_CAT_SBGP] Failed to dlopen libnuma.so. Fallback to GROUP_BY_SOCKET manual.
[LOG_CAT_SBGP] libnuma.so: cannot open shared object file: No such file or directory
[LOG_CAT_SBGP] Failed to dlopen libnuma.so. Fallback to GROUP_BY_SOCKET manual.
[LOG_CAT_SBGP] libnuma.so: cannot open shared object file: No such file or directory
[LOG_CAT_SBGP] Failed to dlopen libnuma.so. Fallback to GROUP_BY_SOCKET manual.
[LOG_CAT_SBGP] libnuma.so: cannot open shared object file: No such file or directory
[LOG_CAT_SBGP] Failed to dlopen libnuma.so. Fallback to GROUP_BY_SOCKET manual.
[LOG_CAT_SBGP] libnuma.so: cannot open shared object file: No such file or directory
[LOG_CAT_SBGP] Failed to dlopen libnuma.so. Fallback to GROUP_BY_SOCKET manual.
[LOG_CAT_SBGP] libnuma.so: cannot open shared object file: No such file or directory
[LOG_CAT_SBGP] Failed to dlopen libnuma.so. Fallback to GROUP_BY_SOCKET manual.
[LOG_CAT_SBGP] libnuma.so: cannot open shared object file: No such file or directory
[LOG_CAT_SBGP] Failed to dlopen libnuma.so. Fallback to GROUP_BY_SOCKET manual.
[LOG_CAT_SBGP] Failed to dlopen libnuma.so. Fallback to GROUP_BY_SOCKET manual.
[LOG_CAT_SBGP] libnuma.so: cannot open shared object file: No such file or directory
[LOG_CAT_SBGP] Failed to dlopen libnuma.so. Fallback to GROUP_BY_SOCKET manual.
[LOG_CAT_SBGP] libnuma.so: cannot open shared object file: No such file or directory
[LOG_CAT_SBGP] Failed to dlopen libnuma.so. Fallback to GROUP_BY_SOCKET manual.
[LOG_CAT_SBGP] libnuma.so: cannot open shared object file: No such file or directory
[LOG_CAT_SBGP] Failed to dlopen libnuma.so. Fallback to GROUP_BY_SOCKET manual.
[LOG_CAT_SBGP] libnuma.so: cannot open shared object file: No such file or directory
[LOG_CAT_SBGP] Failed to dlopen libnuma.so. Fallback to GROUP_BY_SOCKET manual.
[LOG_CAT_SBGP] libnuma.so: cannot open shared object file: No such file or directory
[LOG_CAT_SBGP] Failed to dlopen libnuma.so. Fallback to GROUP_BY_SOCKET manual.
[LOG_CAT_SBGP] libnuma.so: cannot open shared object file: No such file or directory
[LOG_CAT_SBGP] Failed to dlopen libnuma.so. Fallback to GROUP_BY_SOCKET manual.
[LOG_CAT_SBGP] libnuma.so: cannot open shared object file: No such file or directory
[LOG_CAT_SBGP] libnuma.so: cannot open shared object file: No such file or directory
[LOG_CAT_SBGP] Failed to dlopen libnuma.so. Fallback to GROUP_BY_SOCKET manual.
[LOG_CAT_SBGP] libnuma.so: cannot open shared object file: No such file or directory
[LOG_CAT_SBGP] Failed to dlopen libnuma.so. Fallback to GROUP_BY_SOCKET manual.
[LOG_CAT_SBGP] libnuma.so: cannot open shared object file: No such file or directory
[LOG_CAT_SBGP] Failed to dlopen libnuma.so. Fallback to GROUP_BY_SOCKET manual.
[LOG_CAT_SBGP] libnuma.so: cannot open shared object file: No such file or directory
[LOG_CAT_SBGP] Failed to dlopen libnuma.so. Fallback to GROUP_BY_SOCKET manual.
[LOG_CAT_SBGP] libnuma.so: cannot open shared object file: No such file or directory
[LOG_CAT_SBGP] Failed to dlopen libnuma.so. Fallback to GROUP_BY_SOCKET manual.
[LOG_CAT_SBGP] libnuma.so: cannot open shared object file: No such file or directory
[LOG_CAT_SBGP] Failed to dlopen libnuma.so. Fallback to GROUP_BY_SOCKET manual.
[LOG_CAT_SBGP] libnuma.so: cannot open shared object file: No such file or directory
[LOG_CAT_SBGP] Failed to dlopen libnuma.so. Fallback to GROUP_BY_SOCKET manual.
[LOG_CAT_SBGP] libnuma.so: cannot open shared object file: No such file or directory
[LOG_CAT_SBGP] Failed to dlopen libnuma.so. Fallback to GROUP_BY_SOCKET manual.
[LOG_CAT_SBGP] libnuma.so: cannot open shared object file: No such file or directory
[LOG_CAT_SBGP] Failed to dlopen libnuma.so. Fallback to GROUP_BY_SOCKET manual.
[LOG_CAT_SBGP] libnuma.so: cannot open shared object file: No such file or directory
[LOG_CAT_SBGP] Failed to dlopen libnuma.so. Fallback to GROUP_BY_SOCKET manual.
[LOG_CAT_SBGP] libnuma.so: cannot open shared object file: No such file or directory
[LOG_CAT_SBGP] Failed to dlopen libnuma.so. Fallback to GROUP_BY_SOCKET manual.
[LOG_CAT_SBGP] libnuma.so: cannot open shared object file: No such file or directory
[LOG_CAT_SBGP] Failed to dlopen libnuma.so. Fallback to GROUP_BY_SOCKET manual.
[LOG_CAT_SBGP] libnuma.so: cannot open shared object file: No such file or directory
[LOG_CAT_SBGP] Failed to dlopen libnuma.so. Fallback to GROUP_BY_SOCKET manual.
[LOG_CAT_SBGP] libnuma.so: cannot open shared object file: No such file or directory
[LOG_CAT_SBGP] Failed to dlopen libnuma.so. Fallback to GROUP_BY_SOCKET manual.
[LOG_CAT_SBGP] libnuma.so: cannot open shared object file: No such file or directory
[LOG_CAT_SBGP] Failed to dlopen libnuma.so. Fallback to GROUP_BY_SOCKET manual.
[LOG_CAT_SBGP] libnuma.so: cannot open shared object file: No such file or directory
[LOG_CAT_SBGP] Failed to dlopen libnuma.so. Fallback to GROUP_BY_SOCKET manual.
[LOG_CAT_SBGP] libnuma.so: cannot open shared object file: No such file or directory
[LOG_CAT_SBGP] Failed to dlopen libnuma.so. Fallback to GROUP_BY_SOCKET manual.
[LOG_CAT_SBGP] libnuma.so: cannot open shared object file: No such file or directory
[LOG_CAT_SBGP] Failed to dlopen libnuma.so. Fallback to GROUP_BY_SOCKET manual.
[LOG_CAT_SBGP] libnuma.so: cannot open shared object file: No such file or directory
[LOG_CAT_SBGP] Failed to dlopen libnuma.so. Fallback to GROUP_BY_SOCKET manual.
[LOG_CAT_SBGP] libnuma.so: cannot open shared object file: No such file or directory
[LOG_CAT_SBGP] Failed to dlopen libnuma.so. Fallback to GROUP_BY_SOCKET manual.
[LOG_CAT_SBGP] libnuma.so: cannot open shared object file: No such file or directory
[LOG_CAT_SBGP] Failed to dlopen libnuma.so. Fallback to GROUP_BY_SOCKET manual.
[LOG_CAT_SBGP] libnuma.so: cannot open shared object file: No such file or directory
[LOG_CAT_SBGP] Failed to dlopen libnuma.so. Fallback to GROUP_BY_SOCKET manual.
[LOG_CAT_SBGP] libnuma.so: cannot open shared object file: No such file or directory
[LOG_CAT_SBGP] Failed to dlopen libnuma.so. Fallback to GROUP_BY_SOCKET manual.
[LOG_CAT_SBGP] libnuma.so: cannot open shared object file: No such file or directory
[LOG_CAT_SBGP] Failed to dlopen libnuma.so. Fallback to GROUP_BY_SOCKET manual.
[LOG_CAT_SBGP] libnuma.so: cannot open shared object file: No such file or directory
[LOG_CAT_SBGP] Failed to dlopen libnuma.so. Fallback to GROUP_BY_SOCKET manual.
[LOG_CAT_SBGP] libnuma.so: cannot open shared object file: No such file or directory
[LOG_CAT_SBGP] Failed to dlopen libnuma.so. Fallback to GROUP_BY_SOCKET manual.
[LOG_CAT_SBGP] libnuma.so: cannot open shared object file: No such file or directory
[LOG_CAT_SBGP] Failed to dlopen libnuma.so. Fallback to GROUP_BY_SOCKET manual.
[LOG_CAT_SBGP] libnuma.so: cannot open shared object file: No such file or directory
[LOG_CAT_SBGP] Failed to dlopen libnuma.so. Fallback to GROUP_BY_SOCKET manual.
[LOG_CAT_SBGP] libnuma.so: cannot open shared object file: No such file or directory
[LOG_CAT_SBGP] Failed to dlopen libnuma.so. Fallback to GROUP_BY_SOCKET manual.
[LOG_CAT_SBGP] libnuma.so: cannot open shared object file: No such file or directory
[LOG_CAT_SBGP] Failed to dlopen libnuma.so. Fallback to GROUP_BY_SOCKET manual.
[LOG_CAT_SBGP] libnuma.so: cannot open shared object file: No such file or directory
[LOG_CAT_SBGP] Failed to dlopen libnuma.so. Fallback to GROUP_BY_SOCKET manual.
[LOG_CAT_SBGP] libnuma.so: cannot open shared object file: No such file or directory
[LOG_CAT_SBGP] Failed to dlopen libnuma.so. Fallback to GROUP_BY_SOCKET manual.
[LOG_CAT_SBGP] libnuma.so: cannot open shared object file: No such file or directory
[LOG_CAT_SBGP] Failed to dlopen libnuma.so. Fallback to GROUP_BY_SOCKET manual.
[LOG_CAT_SBGP] libnuma.so: cannot open shared object file: No such file or directory
[LOG_CAT_SBGP] Failed to dlopen libnuma.so. Fallback to GROUP_BY_SOCKET manual.
[LOG_CAT_SBGP] libnuma.so: cannot open shared object file: No such file or directory
[LOG_CAT_SBGP] Failed to dlopen libnuma.so. Fallback to GROUP_BY_SOCKET manual.
[LOG_CAT_SBGP] libnuma.so: cannot open shared object file: No such file or directory
[LOG_CAT_SBGP] Failed to dlopen libnuma.so. Fallback to GROUP_BY_SOCKET manual.
[LOG_CAT_SBGP] libnuma.so: cannot open shared object file: No such file or directory
[LOG_CAT_SBGP] Failed to dlopen libnuma.so. Fallback to GROUP_BY_SOCKET manual.
[LOG_CAT_SBGP] libnuma.so: cannot open shared object file: No such file or directory
[LOG_CAT_SBGP] Failed to dlopen libnuma.so. Fallback to GROUP_BY_SOCKET manual.
[LOG_CAT_SBGP] libnuma.so: cannot open shared object file: No such file or directory
[LOG_CAT_SBGP] Failed to dlopen libnuma.so. Fallback to GROUP_BY_SOCKET manual.
[LOG_CAT_SBGP] libnuma.so: cannot open shared object file: No such file or directory
[LOG_CAT_SBGP] Failed to dlopen libnuma.so. Fallback to GROUP_BY_SOCKET manual.
[LOG_CAT_SBGP] libnuma.so: cannot open shared object file: No such file or directory
[LOG_CAT_SBGP] Failed to dlopen libnuma.so. Fallback to GROUP_BY_SOCKET manual.
[LOG_CAT_SBGP] libnuma.so: cannot open shared object file: No such file or directory
[LOG_CAT_SBGP] Failed to dlopen libnuma.so. Fallback to GROUP_BY_SOCKET manual.
[LOG_CAT_SBGP] libnuma.so: cannot open shared object file: No such file or directory
[LOG_CAT_SBGP] Failed to dlopen libnuma.so. Fallback to GROUP_BY_SOCKET manual.
[LOG_CAT_SBGP] libnuma.so: cannot open shared object file: No such file or directory
[LOG_CAT_SBGP] Failed to dlopen libnuma.so. Fallback to GROUP_BY_SOCKET manual.
[LOG_CAT_SBGP] libnuma.so: cannot open shared object file: No such file or directory
[LOG_CAT_SBGP] Failed to dlopen libnuma.so. Fallback to GROUP_BY_SOCKET manual.
[LOG_CAT_SBGP] libnuma.so: cannot open shared object file: No such file or directory
[LOG_CAT_SBGP] Failed to dlopen libnuma.so. Fallback to GROUP_BY_SOCKET manual.
[LOG_CAT_SBGP] libnuma.so: cannot open shared object file: No such file or directory
[LOG_CAT_SBGP] Failed to dlopen libnuma.so. Fallback to GROUP_BY_SOCKET manual.
[LOG_CAT_SBGP] libnuma.so: cannot open shared object file: No such file or directory
[LOG_CAT_SBGP] Failed to dlopen libnuma.so. Fallback to GROUP_BY_SOCKET manual.
[LOG_CAT_SBGP] libnuma.so: cannot open shared object file: No such file or directory
[LOG_CAT_SBGP] Failed to dlopen libnuma.so. Fallback to GROUP_BY_SOCKET manual.
[LOG_CAT_SBGP] libnuma.so: cannot open shared object file: No such file or directory
[LOG_CAT_SBGP] Failed to dlopen libnuma.so. Fallback to GROUP_BY_SOCKET manual.
[LOG_CAT_SBGP] libnuma.so: cannot open shared object file: No such file or directory
[LOG_CAT_SBGP] Failed to dlopen libnuma.so. Fallback to GROUP_BY_SOCKET manual.
[LOG_CAT_SBGP] libnuma.so: cannot open shared object file: No such file or directory
[LOG_CAT_SBGP] Failed to dlopen libnuma.so. Fallback to GROUP_BY_SOCKET manual.
[LOG_CAT_SBGP] libnuma.so: cannot open shared object file: No such file or directory
[LOG_CAT_SBGP] Failed to dlopen libnuma.so. Fallback to GROUP_BY_SOCKET manual.
[LOG_CAT_SBGP] libnuma.so: cannot open shared object file: No such file or directory
[LOG_CAT_SBGP] Failed to dlopen libnuma.so. Fallback to GROUP_BY_SOCKET manual.
[LOG_CAT_SBGP] libnuma.so: cannot open shared object file: No such file or directory
[LOG_CAT_SBGP] Failed to dlopen libnuma.so. Fallback to GROUP_BY_SOCKET manual.
[LOG_CAT_SBGP] libnuma.so: cannot open shared object file: No such file or directory
[LOG_CAT_SBGP] Failed to dlopen libnuma.so. Fallback to GROUP_BY_SOCKET manual.
[LOG_CAT_SBGP] Failed to dlopen libnuma.so. Fallback to GROUP_BY_SOCKET manual.
[LOG_CAT_SBGP] libnuma.so: cannot open shared object file: No such file or directory
[LOG_CAT_SBGP] Failed to dlopen libnuma.so. Fallback to GROUP_BY_SOCKET manual.
[LOG_CAT_SBGP] libnuma.so: cannot open shared object file: No such file or directory
[LOG_CAT_SBGP] Failed to dlopen libnuma.so. Fallback to GROUP_BY_SOCKET manual.
[LOG_CAT_SBGP] libnuma.so: cannot open shared object file: No such file or directory
[LOG_CAT_SBGP] Failed to dlopen libnuma.so. Fallback to GROUP_BY_SOCKET manual.
[LOG_CAT_SBGP] Failed to dlopen libnuma.so. Fallback to GROUP_BY_SOCKET manual.
[LOG_CAT_SBGP] libnuma.so: cannot open shared object file: No such file or directory
[LOG_CAT_SBGP] Failed to dlopen libnuma.so. Fallback to GROUP_BY_SOCKET manual.
[LOG_CAT_SBGP] libnuma.so: cannot open shared object file: No such file or directory
[LOG_CAT_SBGP] Failed to dlopen libnuma.so. Fallback to GROUP_BY_SOCKET manual.
[LOG_CAT_SBGP] libnuma.so: cannot open shared object file: No such file or directory
[LOG_CAT_SBGP] Failed to dlopen libnuma.so. Fallback to GROUP_BY_SOCKET manual.
[LOG_CAT_SBGP] libnuma.so: cannot open shared object file: No such file or directory
[LOG_CAT_SBGP] Failed to dlopen libnuma.so. Fallback to GROUP_BY_SOCKET manual.
[LOG_CAT_SBGP] libnuma.so: cannot open shared object file: No such file or directory
[LOG_CAT_SBGP] Failed to dlopen libnuma.so. Fallback to GROUP_BY_SOCKET manual.
[LOG_CAT_SBGP] libnuma.so: cannot open shared object file: No such file or directory
[LOG_CAT_SBGP] Failed to dlopen libnuma.so. Fallback to GROUP_BY_SOCKET manual.
[LOG_CAT_SBGP] libnuma.so: cannot open shared object file: No such file or directory
[LOG_CAT_SBGP] Failed to dlopen libnuma.so. Fallback to GROUP_BY_SOCKET manual.
[LOG_CAT_SBGP] libnuma.so: cannot open shared object file: No such file or directory
[LOG_CAT_SBGP] Failed to dlopen libnuma.so. Fallback to GROUP_BY_SOCKET manual.
[LOG_CAT_SBGP] libnuma.so: cannot open shared object file: No such file or directory
[LOG_CAT_SBGP] Failed to dlopen libnuma.so. Fallback to GROUP_BY_SOCKET manual.
[LOG_CAT_SBGP] libnuma.so: cannot open shared object file: No such file or directory
[LOG_CAT_SBGP] Failed to dlopen libnuma.so. Fallback to GROUP_BY_SOCKET manual.
[LOG_CAT_SBGP] libnuma.so: cannot open shared object file: No such file or directory
[LOG_CAT_SBGP] Failed to dlopen libnuma.so. Fallback to GROUP_BY_SOCKET manual.
[LOG_CAT_SBGP] libnuma.so: cannot open shared object file: No such file or directory
[LOG_CAT_SBGP] Failed to dlopen libnuma.so. Fallback to GROUP_BY_SOCKET manual.
[LOG_CAT_SBGP] libnuma.so: cannot open shared object file: No such file or directory
[LOG_CAT_SBGP] Failed to dlopen libnuma.so. Fallback to GROUP_BY_SOCKET manual.
[LOG_CAT_SBGP] libnuma.so: cannot open shared object file: No such file or directory
[LOG_CAT_SBGP] Failed to dlopen libnuma.so. Fallback to GROUP_BY_SOCKET manual.
[LOG_CAT_SBGP] libnuma.so: cannot open shared object file: No such file or directory
[LOG_CAT_SBGP] Failed to dlopen libnuma.so. Fallback to GROUP_BY_SOCKET manual.
[LOG_CAT_SBGP] libnuma.so: cannot open shared object file: No such file or directory
[LOG_CAT_SBGP] Failed to dlopen libnuma.so. Fallback to GROUP_BY_SOCKET manual.
[LOG_CAT_SBGP] libnuma.so: cannot open shared object file: No such file or directory
[LOG_CAT_SBGP] Failed to dlopen libnuma.so. Fallback to GROUP_BY_SOCKET manual.
[LOG_CAT_SBGP] libnuma.so: cannot open shared object file: No such file or directory
[LOG_CAT_SBGP] Failed to dlopen libnuma.so. Fallback to GROUP_BY_SOCKET manual.
[LOG_CAT_SBGP] libnuma.so: cannot open shared object file: No such file or directory
[LOG_CAT_SBGP] Failed to dlopen libnuma.so. Fallback to GROUP_BY_SOCKET manual.
[LOG_CAT_SBGP] libnuma.so: cannot open shared object file: No such file or directory
[LOG_CAT_SBGP] Failed to dlopen libnuma.so. Fallback to GROUP_BY_SOCKET manual.
[LOG_CAT_SBGP] libnuma.so: cannot open shared object file: No such file or directory
[LOG_CAT_SBGP] Failed to dlopen libnuma.so. Fallback to GROUP_BY_SOCKET manual.
[LOG_CAT_SBGP] libnuma.so: cannot open shared object file: No such file or directory
[LOG_CAT_SBGP] Failed to dlopen libnuma.so. Fallback to GROUP_BY_SOCKET manual.
[LOG_CAT_SBGP] libnuma.so: cannot open shared object file: No such file or directory
[LOG_CAT_SBGP] Failed to dlopen libnuma.so. Fallback to GROUP_BY_SOCKET manual.
[LOG_CAT_SBGP] libnuma.so: cannot open shared object file: No such file or directory
[LOG_CAT_SBGP] Failed to dlopen libnuma.so. Fallback to GROUP_BY_SOCKET manual.
[LOG_CAT_SBGP] libnuma.so: cannot open shared object file: No such file or directory
[LOG_CAT_SBGP] Failed to dlopen libnuma.so. Fallback to GROUP_BY_SOCKET manual.
[LOG_CAT_SBGP] libnuma.so: cannot open shared object file: No such file or directory
[LOG_CAT_SBGP] Failed to dlopen libnuma.so. Fallback to GROUP_BY_SOCKET manual.
[LOG_CAT_SBGP] libnuma.so: cannot open shared object file: No such file or directory
[LOG_CAT_SBGP] Failed to dlopen libnuma.so. Fallback to GROUP_BY_SOCKET manual.
[LOG_CAT_SBGP] libnuma.so: cannot open shared object file: No such file or directory
[LOG_CAT_SBGP] Failed to dlopen libnuma.so. Fallback to GROUP_BY_SOCKET manual.
[LOG_CAT_SBGP] libnuma.so: cannot open shared object file: No such file or directory
[LOG_CAT_SBGP] Failed to dlopen libnuma.so. Fallback to GROUP_BY_SOCKET manual.
[LOG_CAT_SBGP] libnuma.so: cannot open shared object file: No such file or directory
[LOG_CAT_SBGP] Failed to dlopen libnuma.so. Fallback to GROUP_BY_SOCKET manual.
[LOG_CAT_SBGP] libnuma.so: cannot open shared object file: No such file or directory
[LOG_CAT_SBGP] Failed to dlopen libnuma.so. Fallback to GROUP_BY_SOCKET manual.
[LOG_CAT_SBGP] libnuma.so: cannot open shared object file: No such file or directory
[LOG_CAT_SBGP] Failed to dlopen libnuma.so. Fallback to GROUP_BY_SOCKET manual.
[LOG_CAT_SBGP] libnuma.so: cannot open shared object file: No such file or directory
[LOG_CAT_SBGP] Failed to dlopen libnuma.so. Fallback to GROUP_BY_SOCKET manual.
[LOG_CAT_SBGP] libnuma.so: cannot open shared object file: No such file or directory
[LOG_CAT_SBGP] Failed to dlopen libnuma.so. Fallback to GROUP_BY_SOCKET manual.
[LOG_CAT_SBGP] libnuma.so: cannot open shared object file: No such file or directory
[LOG_CAT_SBGP] Failed to dlopen libnuma.so. Fallback to GROUP_BY_SOCKET manual.
[LOG_CAT_SBGP] libnuma.so: cannot open shared object file: No such file or directory
[LOG_CAT_SBGP] Failed to dlopen libnuma.so. Fallback to GROUP_BY_SOCKET manual.
[LOG_CAT_SBGP] libnuma.so: cannot open shared object file: No such file or directory
[LOG_CAT_SBGP] Failed to dlopen libnuma.so. Fallback to GROUP_BY_SOCKET manual.
[LOG_CAT_SBGP] libnuma.so: cannot open shared object file: No such file or directory
[LOG_CAT_SBGP] Failed to dlopen libnuma.so. Fallback to GROUP_BY_SOCKET manual.
[LOG_CAT_SBGP] libnuma.so: cannot open shared object file: No such file or directory
[LOG_CAT_SBGP] Failed to dlopen libnuma.so. Fallback to GROUP_BY_SOCKET manual.
[LOG_CAT_SBGP] libnuma.so: cannot open shared object file: No such file or directory
[LOG_CAT_SBGP] Failed to dlopen libnuma.so. Fallback to GROUP_BY_SOCKET manual.
[LOG_CAT_SBGP] libnuma.so: cannot open shared object file: No such file or directory
[LOG_CAT_SBGP] Failed to dlopen libnuma.so. Fallback to GROUP_BY_SOCKET manual.
[LOG_CAT_SBGP] libnuma.so: cannot open shared object file: No such file or directory
[LOG_CAT_SBGP] Failed to dlopen libnuma.so. Fallback to GROUP_BY_SOCKET manual.
[LOG_CAT_SBGP] libnuma.so: cannot open shared object file: No such file or directory
[LOG_CAT_SBGP] Failed to dlopen libnuma.so. Fallback to GROUP_BY_SOCKET manual.
[LOG_CAT_SBGP] libnuma.so: cannot open shared object file: No such file or directory
[LOG_CAT_SBGP] Failed to dlopen libnuma.so. Fallback to GROUP_BY_SOCKET manual.
[LOG_CAT_SBGP] libnuma.so: cannot open shared object file: No such file or directory
[LOG_CAT_SBGP] Failed to dlopen libnuma.so. Fallback to GROUP_BY_SOCKET manual.
[LOG_CAT_SBGP] libnuma.so: cannot open shared object file: No such file or directory
[LOG_CAT_SBGP] Failed to dlopen libnuma.so. Fallback to GROUP_BY_SOCKET manual.
[LOG_CAT_SBGP] libnuma.so: cannot open shared object file: No such file or directory
[LOG_CAT_SBGP] Failed to dlopen libnuma.so. Fallback to GROUP_BY_SOCKET manual.
[LOG_CAT_SBGP] libnuma.so: cannot open shared object file: No such file or directory
[LOG_CAT_SBGP] Failed to dlopen libnuma.so. Fallback to GROUP_BY_SOCKET manual.
[LOG_CAT_SBGP] libnuma.so: cannot open shared object file: No such file or directory
[LOG_CAT_SBGP] Failed to dlopen libnuma.so. Fallback to GROUP_BY_SOCKET manual.
[LOG_CAT_SBGP] libnuma.so: cannot open shared object file: No such file or directory
[LOG_CAT_SBGP] Failed to dlopen libnuma.so. Fallback to GROUP_BY_SOCKET manual.
[LOG_CAT_SBGP] libnuma.so: cannot open shared object file: No such file or directory
[LOG_CAT_SBGP] Failed to dlopen libnuma.so. Fallback to GROUP_BY_SOCKET manual.
[LOG_CAT_SBGP] libnuma.so: cannot open shared object file: No such file or directory
[LOG_CAT_SBGP] Failed to dlopen libnuma.so. Fallback to GROUP_BY_SOCKET manual.
[LOG_CAT_SBGP] libnuma.so: cannot open shared object file: No such file or directory
[LOG_CAT_SBGP] Failed to dlopen libnuma.so. Fallback to GROUP_BY_SOCKET manual.
[LOG_CAT_SBGP] libnuma.so: cannot open shared object file: No such file or directory
[LOG_CAT_SBGP] Failed to dlopen libnuma.so. Fallback to GROUP_BY_SOCKET manual.
[LOG_CAT_SBGP] libnuma.so: cannot open shared object file: No such file or directory
[LOG_CAT_SBGP] Failed to dlopen libnuma.so. Fallback to GROUP_BY_SOCKET manual.
[LOG_CAT_SBGP] libnuma.so: cannot open shared object file: No such file or directory
[LOG_CAT_SBGP] Failed to dlopen libnuma.so. Fallback to GROUP_BY_SOCKET manual.
[LOG_CAT_SBGP] libnuma.so: cannot open shared object file: No such file or directory
[LOG_CAT_SBGP] Failed to dlopen libnuma.so. Fallback to GROUP_BY_SOCKET manual.
[LOG_CAT_SBGP] libnuma.so: cannot open shared object file: No such file or directory
[LOG_CAT_SBGP] Failed to dlopen libnuma.so. Fallback to GROUP_BY_SOCKET manual.
[LOG_CAT_SBGP] libnuma.so: cannot open shared object file: No such file or directory
[LOG_CAT_SBGP] Failed to dlopen libnuma.so. Fallback to GROUP_BY_SOCKET manual.
[LOG_CAT_SBGP] libnuma.so: cannot open shared object file: No such file or directory
[LOG_CAT_SBGP] Failed to dlopen libnuma.so. Fallback to GROUP_BY_SOCKET manual.
[LOG_CAT_SBGP] libnuma.so: cannot open shared object file: No such file or directory
[LOG_CAT_SBGP] Failed to dlopen libnuma.so. Fallback to GROUP_BY_SOCKET manual.
[LOG_CAT_SBGP] libnuma.so: cannot open shared object file: No such file or directory
[LOG_CAT_SBGP] Failed to dlopen libnuma.so. Fallback to GROUP_BY_SOCKET manual.
[LOG_CAT_SBGP] libnuma.so: cannot open shared object file: No such file or directory
[LOG_CAT_SBGP] Failed to dlopen libnuma.so. Fallback to GROUP_BY_SOCKET manual.
[LOG_CAT_SBGP] libnuma.so: cannot open shared object file: No such file or directory
[LOG_CAT_SBGP] Failed to dlopen libnuma.so. Fallback to GROUP_BY_SOCKET manual.
[LOG_CAT_SBGP] libnuma.so: cannot open shared object file: No such file or directory
[LOG_CAT_SBGP] Failed to dlopen libnuma.so. Fallback to GROUP_BY_SOCKET manual.
[LOG_CAT_SBGP] libnuma.so: cannot open shared object file: No such file or directory
[LOG_CAT_SBGP] Failed to dlopen libnuma.so. Fallback to GROUP_BY_SOCKET manual.
[LOG_CAT_SBGP] libnuma.so: cannot open shared object file: No such file or directory
[LOG_CAT_SBGP] Failed to dlopen libnuma.so. Fallback to GROUP_BY_SOCKET manual.
[LOG_CAT_SBGP] libnuma.so: cannot open shared object file: No such file or directory
[LOG_CAT_SBGP] Failed to dlopen libnuma.so. Fallback to GROUP_BY_SOCKET manual.
[LOG_CAT_SBGP] libnuma.so: cannot open shared object file: No such file or directory
[LOG_CAT_SBGP] Failed to dlopen libnuma.so. Fallback to GROUP_BY_SOCKET manual.
[LOG_CAT_SBGP] libnuma.so: cannot open shared object file: No such file or directory
[LOG_CAT_SBGP] Failed to dlopen libnuma.so. Fallback to GROUP_BY_SOCKET manual.
[LOG_CAT_SBGP] libnuma.so: cannot open shared object file: No such file or directory
[LOG_CAT_SBGP] Failed to dlopen libnuma.so. Fallback to GROUP_BY_SOCKET manual.
[LOG_CAT_SBGP] libnuma.so: cannot open shared object file: No such file or directory
[LOG_CAT_SBGP] Failed to dlopen libnuma.so. Fallback to GROUP_BY_SOCKET manual.
[LOG_CAT_SBGP] libnuma.so: cannot open shared object file: No such file or directory
[LOG_CAT_SBGP] Failed to dlopen libnuma.so. Fallback to GROUP_BY_SOCKET manual.
[LOG_CAT_SBGP] libnuma.so: cannot open shared object file: No such file or directory
[LOG_CAT_SBGP] Failed to dlopen libnuma.so. Fallback to GROUP_BY_SOCKET manual.
[LOG_CAT_SBGP] libnuma.so: cannot open shared object file: No such file or directory
[LOG_CAT_SBGP] Failed to dlopen libnuma.so. Fallback to GROUP_BY_SOCKET manual.
[LOG_CAT_SBGP] libnuma.so: cannot open shared object file: No such file or directory
[LOG_CAT_SBGP] Failed to dlopen libnuma.so. Fallback to GROUP_BY_SOCKET manual.
[LOG_CAT_SBGP] libnuma.so: cannot open shared object file: No such file or directory
[LOG_CAT_SBGP] Failed to dlopen libnuma.so. Fallback to GROUP_BY_SOCKET manual.
[LOG_CAT_SBGP] libnuma.so: cannot open shared object file: No such file or directory
[LOG_CAT_SBGP] Failed to dlopen libnuma.so. Fallback to GROUP_BY_SOCKET manual.
[LOG_CAT_SBGP] libnuma.so: cannot open shared object file: No such file or directory
[LOG_CAT_SBGP] Failed to dlopen libnuma.so. Fallback to GROUP_BY_SOCKET manual.
[LOG_CAT_SBGP] libnuma.so: cannot open shared object file: No such file or directory
[LOG_CAT_SBGP] Failed to dlopen libnuma.so. Fallback to GROUP_BY_SOCKET manual.
[LOG_CAT_SBGP] libnuma.so: cannot open shared object file: No such file or directory
[LOG_CAT_SBGP] Failed to dlopen libnuma.so. Fallback to GROUP_BY_SOCKET manual.
[LOG_CAT_SBGP] libnuma.so: cannot open shared object file: No such file or directory
[LOG_CAT_SBGP] Failed to dlopen libnuma.so. Fallback to GROUP_BY_SOCKET manual.
[LOG_CAT_SBGP] libnuma.so: cannot open shared object file: No such file or directory
[LOG_CAT_SBGP] Failed to dlopen libnuma.so. Fallback to GROUP_BY_SOCKET manual.
[LOG_CAT_SBGP] libnuma.so: cannot open shared object file: No such file or directory
[LOG_CAT_SBGP] Failed to dlopen libnuma.so. Fallback to GROUP_BY_SOCKET manual.
[LOG_CAT_SBGP] libnuma.so: cannot open shared object file: No such file or directory
[LOG_CAT_SBGP] Failed to dlopen libnuma.so. Fallback to GROUP_BY_SOCKET manual.
[LOG_CAT_SBGP] libnuma.so: cannot open shared object file: No such file or directory
[LOG_CAT_SBGP] Failed to dlopen libnuma.so. Fallback to GROUP_BY_SOCKET manual.
[LOG_CAT_SBGP] libnuma.so: cannot open shared object file: No such file or directory
[LOG_CAT_SBGP] Failed to dlopen libnuma.so. Fallback to GROUP_BY_SOCKET manual.
[LOG_CAT_SBGP] libnuma.so: cannot open shared object file: No such file or directory
[LOG_CAT_SBGP] Failed to dlopen libnuma.so. Fallback to GROUP_BY_SOCKET manual.
[LOG_CAT_SBGP] libnuma.so: cannot open shared object file: No such file or directory
[LOG_CAT_SBGP] Failed to dlopen libnuma.so. Fallback to GROUP_BY_SOCKET manual.
[LOG_CAT_SBGP] libnuma.so: cannot open shared object file: No such file or directory
[LOG_CAT_SBGP] Failed to dlopen libnuma.so. Fallback to GROUP_BY_SOCKET manual.
[LOG_CAT_SBGP] libnuma.so: cannot open shared object file: No such file or directory
[LOG_CAT_SBGP] Failed to dlopen libnuma.so. Fallback to GROUP_BY_SOCKET manual.
[LOG_CAT_SBGP] libnuma.so: cannot open shared object file: No such file or directory
[LOG_CAT_SBGP] Failed to dlopen libnuma.so. Fallback to GROUP_BY_SOCKET manual.
[LOG_CAT_SBGP] libnuma.so: cannot open shared object file: No such file or directory
[LOG_CAT_SBGP] Failed to dlopen libnuma.so. Fallback to GROUP_BY_SOCKET manual.
[LOG_CAT_SBGP] libnuma.so: cannot open shared object file: No such file or directory
[LOG_CAT_SBGP] Failed to dlopen libnuma.so. Fallback to GROUP_BY_SOCKET manual.
[LOG_CAT_SBGP] libnuma.so: cannot open shared object file: No such file or directory
[LOG_CAT_SBGP] Failed to dlopen libnuma.so. Fallback to GROUP_BY_SOCKET manual.
[LOG_CAT_SBGP] libnuma.so: cannot open shared object file: No such file or directory
[LOG_CAT_SBGP] Failed to dlopen libnuma.so. Fallback to GROUP_BY_SOCKET manual.
[LOG_CAT_SBGP] libnuma.so: cannot open shared object file: No such file or directory
[LOG_CAT_SBGP] Failed to dlopen libnuma.so. Fallback to GROUP_BY_SOCKET manual.
[LOG_CAT_SBGP] libnuma.so: cannot open shared object file: No such file or directory
[LOG_CAT_SBGP] Failed to dlopen libnuma.so. Fallback to GROUP_BY_SOCKET manual.
[LOG_CAT_SBGP] libnuma.so: cannot open shared object file: No such file or directory
[LOG_CAT_SBGP] Failed to dlopen libnuma.so. Fallback to GROUP_BY_SOCKET manual.
[LOG_CAT_SBGP] libnuma.so: cannot open shared object file: No such file or directory
[LOG_CAT_SBGP] Failed to dlopen libnuma.so. Fallback to GROUP_BY_SOCKET manual.
[LOG_CAT_SBGP] libnuma.so: cannot open shared object file: No such file or directory
[LOG_CAT_SBGP] Failed to dlopen libnuma.so. Fallback to GROUP_BY_SOCKET manual.
[LOG_CAT_SBGP] libnuma.so: cannot open shared object file: No such file or directory
[LOG_CAT_SBGP] Failed to dlopen libnuma.so. Fallback to GROUP_BY_SOCKET manual.
[LOG_CAT_SBGP] libnuma.so: cannot open shared object file: No such file or directory
[LOG_CAT_SBGP] Failed to dlopen libnuma.so. Fallback to GROUP_BY_SOCKET manual.
[LOG_CAT_SBGP] libnuma.so: cannot open shared object file: No such file or directory
[LOG_CAT_SBGP] Failed to dlopen libnuma.so. Fallback to GROUP_BY_SOCKET manual.
[LOG_CAT_SBGP] libnuma.so: cannot open shared object file: No such file or directory
[LOG_CAT_SBGP] Failed to dlopen libnuma.so. Fallback to GROUP_BY_SOCKET manual.
[LOG_CAT_SBGP] libnuma.so: cannot open shared object file: No such file or directory
[LOG_CAT_SBGP] Failed to dlopen libnuma.so. Fallback to GROUP_BY_SOCKET manual.
[LOG_CAT_SBGP] libnuma.so: cannot open shared object file: No such file or directory
[LOG_CAT_SBGP] Failed to dlopen libnuma.so. Fallback to GROUP_BY_SOCKET manual.
[LOG_CAT_SBGP] libnuma.so: cannot open shared object file: No such file or directory
[LOG_CAT_SBGP] Failed to dlopen libnuma.so. Fallback to GROUP_BY_SOCKET manual.
[LOG_CAT_SBGP] libnuma.so: cannot open shared object file: No such file or directory
[LOG_CAT_SBGP] Failed to dlopen libnuma.so. Fallback to GROUP_BY_SOCKET manual.
[LOG_CAT_SBGP] libnuma.so: cannot open shared object file: No such file or directory
[LOG_CAT_SBGP] Failed to dlopen libnuma.so. Fallback to GROUP_BY_SOCKET manual.
[LOG_CAT_SBGP] libnuma.so: cannot open shared object file: No such file or directory
[LOG_CAT_SBGP] Failed to dlopen libnuma.so. Fallback to GROUP_BY_SOCKET manual.
[LOG_CAT_SBGP] libnuma.so: cannot open shared object file: No such file or directory
[LOG_CAT_SBGP] Failed to dlopen libnuma.so. Fallback to GROUP_BY_SOCKET manual.
[LOG_CAT_SBGP] libnuma.so: cannot open shared object file: No such file or directory
[LOG_CAT_SBGP] Failed to dlopen libnuma.so. Fallback to GROUP_BY_SOCKET manual.
[LOG_CAT_SBGP] libnuma.so: cannot open shared object file: No such file or directory
[LOG_CAT_SBGP] Failed to dlopen libnuma.so. Fallback to GROUP_BY_SOCKET manual.
[LOG_CAT_SBGP] libnuma.so: cannot open shared object file: No such file or directory
[LOG_CAT_SBGP] Failed to dlopen libnuma.so. Fallback to GROUP_BY_SOCKET manual.
[LOG_CAT_SBGP] libnuma.so: cannot open shared object file: No such file or directory
[LOG_CAT_SBGP] Failed to dlopen libnuma.so. Fallback to GROUP_BY_SOCKET manual.
[LOG_CAT_SBGP] libnuma.so: cannot open shared object file: No such file or directory
[LOG_CAT_SBGP] Failed to dlopen libnuma.so. Fallback to GROUP_BY_SOCKET manual.
[LOG_CAT_SBGP] libnuma.so: cannot open shared object file: No such file or directory
[LOG_CAT_SBGP] Failed to dlopen libnuma.so. Fallback to GROUP_BY_SOCKET manual.
[LOG_CAT_SBGP] libnuma.so: cannot open shared object file: No such file or directory
[LOG_CAT_SBGP] Failed to dlopen libnuma.so. Fallback to GROUP_BY_SOCKET manual.
[LOG_CAT_SBGP] libnuma.so: cannot open shared object file: No such file or directory
[LOG_CAT_SBGP] Failed to dlopen libnuma.so. Fallback to GROUP_BY_SOCKET manual.
[LOG_CAT_SBGP] libnuma.so: cannot open shared object file: No such file or directory
[LOG_CAT_SBGP] Failed to dlopen libnuma.so. Fallback to GROUP_BY_SOCKET manual.
[LOG_CAT_SBGP] libnuma.so: cannot open shared object file: No such file or directory
[LOG_CAT_SBGP] Failed to dlopen libnuma.so. Fallback to GROUP_BY_SOCKET manual.
[LOG_CAT_SBGP] libnuma.so: cannot open shared object file: No such file or directory
[LOG_CAT_SBGP] Failed to dlopen libnuma.so. Fallback to GROUP_BY_SOCKET manual.
[LOG_CAT_SBGP] libnuma.so: cannot open shared object file: No such file or directory
[LOG_CAT_SBGP] Failed to dlopen libnuma.so. Fallback to GROUP_BY_SOCKET manual.
[LOG_CAT_SBGP] libnuma.so: cannot open shared object file: No such file or directory
[LOG_CAT_SBGP] Failed to dlopen libnuma.so. Fallback to GROUP_BY_SOCKET manual.
[LOG_CAT_SBGP] libnuma.so: cannot open shared object file: No such file or directory
[LOG_CAT_SBGP] Failed to dlopen libnuma.so. Fallback to GROUP_BY_SOCKET manual.
[LOG_CAT_SBGP] libnuma.so: cannot open shared object file: No such file or directory
[LOG_CAT_SBGP] Failed to dlopen libnuma.so. Fallback to GROUP_BY_SOCKET manual.
[LOG_CAT_SBGP] libnuma.so: cannot open shared object file: No such file or directory
[LOG_CAT_SBGP] Failed to dlopen libnuma.so. Fallback to GROUP_BY_SOCKET manual.
[LOG_CAT_SBGP] libnuma.so: cannot open shared object file: No such file or directory
[LOG_CAT_SBGP] Failed to dlopen libnuma.so. Fallback to GROUP_BY_SOCKET manual.
[LOG_CAT_SBGP] libnuma.so: cannot open shared object file: No such file or directory
[LOG_CAT_SBGP] Failed to dlopen libnuma.so. Fallback to GROUP_BY_SOCKET manual.
[LOG_CAT_SBGP] libnuma.so: cannot open shared object file: No such file or directory
[LOG_CAT_SBGP] Failed to dlopen libnuma.so. Fallback to GROUP_BY_SOCKET manual.
[LOG_CAT_SBGP] libnuma.so: cannot open shared object file: No such file or directory
[LOG_CAT_SBGP] Failed to dlopen libnuma.so. Fallback to GROUP_BY_SOCKET manual.
[LOG_CAT_SBGP] libnuma.so: cannot open shared object file: No such file or directory
[LOG_CAT_SBGP] Failed to dlopen libnuma.so. Fallback to GROUP_BY_SOCKET manual.
[LOG_CAT_SBGP] libnuma.so: cannot open shared object file: No such file or directory
[LOG_CAT_SBGP] Failed to dlopen libnuma.so. Fallback to GROUP_BY_SOCKET manual.
[LOG_CAT_SBGP] libnuma.so: cannot open shared object file: No such file or directory
[LOG_CAT_SBGP] Failed to dlopen libnuma.so. Fallback to GROUP_BY_SOCKET manual.
[LOG_CAT_SBGP] libnuma.so: cannot open shared object file: No such file or directory
[LOG_CAT_SBGP] Failed to dlopen libnuma.so. Fallback to GROUP_BY_SOCKET manual.
[LOG_CAT_SBGP] libnuma.so: cannot open shared object file: No such file or directory
[LOG_CAT_SBGP] Failed to dlopen libnuma.so. Fallback to GROUP_BY_SOCKET manual.
[LOG_CAT_SBGP] libnuma.so: cannot open shared object file: No such file or directory
[LOG_CAT_SBGP] Failed to dlopen libnuma.so. Fallback to GROUP_BY_SOCKET manual.
[LOG_CAT_SBGP] libnuma.so: cannot open shared object file: No such file or directory
[LOG_CAT_SBGP] Failed to dlopen libnuma.so. Fallback to GROUP_BY_SOCKET manual.
[LOG_CAT_SBGP] libnuma.so: cannot open shared object file: No such file or directory
[LOG_CAT_SBGP] Failed to dlopen libnuma.so. Fallback to GROUP_BY_SOCKET manual.
[LOG_CAT_SBGP] libnuma.so: cannot open shared object file: No such file or directory
[LOG_CAT_SBGP] Failed to dlopen libnuma.so. Fallback to GROUP_BY_SOCKET manual.
[LOG_CAT_SBGP] libnuma.so: cannot open shared object file: No such file or directory
[LOG_CAT_SBGP] Failed to dlopen libnuma.so. Fallback to GROUP_BY_SOCKET manual.
[LOG_CAT_SBGP] libnuma.so: cannot open shared object file: No such file or directory
[LOG_CAT_SBGP] Failed to dlopen libnuma.so. Fallback to GROUP_BY_SOCKET manual.
[LOG_CAT_SBGP] libnuma.so: cannot open shared object file: No such file or directory
[LOG_CAT_SBGP] Failed to dlopen libnuma.so. Fallback to GROUP_BY_SOCKET manual.
[LOG_CAT_SBGP] libnuma.so: cannot open shared object file: No such file or directory
[LOG_CAT_SBGP] Failed to dlopen libnuma.so. Fallback to GROUP_BY_SOCKET manual.
[LOG_CAT_SBGP] libnuma.so: cannot open shared object file: No such file or directory
[LOG_CAT_SBGP] Failed to dlopen libnuma.so. Fallback to GROUP_BY_SOCKET manual.
[LOG_CAT_SBGP] libnuma.so: cannot open shared object file: No such file or directory
[LOG_CAT_SBGP] Failed to dlopen libnuma.so. Fallback to GROUP_BY_SOCKET manual.
[LOG_CAT_SBGP] libnuma.so: cannot open shared object file: No such file or directory
[LOG_CAT_SBGP] Failed to dlopen libnuma.so. Fallback to GROUP_BY_SOCKET manual.
[LOG_CAT_SBGP] libnuma.so: cannot open shared object file: No such file or directory
[LOG_CAT_SBGP] Failed to dlopen libnuma.so. Fallback to GROUP_BY_SOCKET manual.
[LOG_CAT_SBGP] libnuma.so: cannot open shared object file: No such file or directory
[LOG_CAT_SBGP] Failed to dlopen libnuma.so. Fallback to GROUP_BY_SOCKET manual.
[LOG_CAT_SBGP] libnuma.so: cannot open shared object file: No such file or directory
[LOG_CAT_SBGP] Failed to dlopen libnuma.so. Fallback to GROUP_BY_SOCKET manual.
[LOG_CAT_SBGP] libnuma.so: cannot open shared object file: No such file or directory
[LOG_CAT_SBGP] Failed to dlopen libnuma.so. Fallback to GROUP_BY_SOCKET manual.
[LOG_CAT_SBGP] libnuma.so: cannot open shared object file: No such file or directory
[LOG_CAT_SBGP] Failed to dlopen libnuma.so. Fallback to GROUP_BY_SOCKET manual.
[LOG_CAT_SBGP] libnuma.so: cannot open shared object file: No such file or directory
[LOG_CAT_SBGP] Failed to dlopen libnuma.so. Fallback to GROUP_BY_SOCKET manual.
[LOG_CAT_SBGP] libnuma.so: cannot open shared object file: No such file or directory
[LOG_CAT_SBGP] Failed to dlopen libnuma.so. Fallback to GROUP_BY_SOCKET manual.
[LOG_CAT_SBGP] libnuma.so: cannot open shared object file: No such file or directory
[LOG_CAT_SBGP] Failed to dlopen libnuma.so. Fallback to GROUP_BY_SOCKET manual.
[LOG_CAT_SBGP] libnuma.so: cannot open shared object file: No such file or directory
[LOG_CAT_SBGP] Failed to dlopen libnuma.so. Fallback to GROUP_BY_SOCKET manual.
[LOG_CAT_SBGP] libnuma.so: cannot open shared object file: No such file or directory
[LOG_CAT_SBGP] Failed to dlopen libnuma.so. Fallback to GROUP_BY_SOCKET manual.
[LOG_CAT_SBGP] libnuma.so: cannot open shared object file: No such file or directory
[LOG_CAT_SBGP] Failed to dlopen libnuma.so. Fallback to GROUP_BY_SOCKET manual.
[LOG_CAT_SBGP] libnuma.so: cannot open shared object file: No such file or directory
[LOG_CAT_SBGP] Failed to dlopen libnuma.so. Fallback to GROUP_BY_SOCKET manual.
[LOG_CAT_SBGP] libnuma.so: cannot open shared object file: No such file or directory
[LOG_CAT_SBGP] Failed to dlopen libnuma.so. Fallback to GROUP_BY_SOCKET manual.
[LOG_CAT_SBGP] libnuma.so: cannot open shared object file: No such file or directory
[LOG_CAT_SBGP] Failed to dlopen libnuma.so. Fallback to GROUP_BY_SOCKET manual.
[LOG_CAT_SBGP] libnuma.so: cannot open shared object file: No such file or directory
[LOG_CAT_SBGP] Failed to dlopen libnuma.so. Fallback to GROUP_BY_SOCKET manual.
[LOG_CAT_SBGP] libnuma.so: cannot open shared object file: No such file or directory
[LOG_CAT_SBGP] Failed to dlopen libnuma.so. Fallback to GROUP_BY_SOCKET manual.
[LOG_CAT_SBGP] libnuma.so: cannot open shared object file: No such file or directory
[LOG_CAT_SBGP] Failed to dlopen libnuma.so. Fallback to GROUP_BY_SOCKET manual.
[LOG_CAT_SBGP] libnuma.so: cannot open shared object file: No such file or directory
[LOG_CAT_SBGP] Failed to dlopen libnuma.so. Fallback to GROUP_BY_SOCKET manual.
[LOG_CAT_SBGP] libnuma.so: cannot open shared object file: No such file or directory
[LOG_CAT_SBGP] Failed to dlopen libnuma.so. Fallback to GROUP_BY_SOCKET manual.
[LOG_CAT_SBGP] libnuma.so: cannot open shared object file: No such file or directory
[LOG_CAT_SBGP] Failed to dlopen libnuma.so. Fallback to GROUP_BY_SOCKET manual.
[LOG_CAT_SBGP] libnuma.so: cannot open shared object file: No such file or directory
[LOG_CAT_SBGP] Failed to dlopen libnuma.so. Fallback to GROUP_BY_SOCKET manual.
[LOG_CAT_SBGP] libnuma.so: cannot open shared object file: No such file or directory
[LOG_CAT_SBGP] Failed to dlopen libnuma.so. Fallback to GROUP_BY_SOCKET manual.
[LOG_CAT_SBGP] libnuma.so: cannot open shared object file: No such file or directory
[LOG_CAT_SBGP] Failed to dlopen libnuma.so. Fallback to GROUP_BY_SOCKET manual.
[LOG_CAT_SBGP] libnuma.so: cannot open shared object file: No such file or directory
[LOG_CAT_SBGP] Failed to dlopen libnuma.so. Fallback to GROUP_BY_SOCKET manual.
[LOG_CAT_SBGP] libnuma.so: cannot open shared object file: No such file or directory
[LOG_CAT_SBGP] Failed to dlopen libnuma.so. Fallback to GROUP_BY_SOCKET manual.
[LOG_CAT_SBGP] libnuma.so: cannot open shared object file: No such file or directory
[LOG_CAT_SBGP] Failed to dlopen libnuma.so. Fallback to GROUP_BY_SOCKET manual.
[LOG_CAT_SBGP] libnuma.so: cannot open shared object file: No such file or directory
[LOG_CAT_SBGP] Failed to dlopen libnuma.so. Fallback to GROUP_BY_SOCKET manual.
[LOG_CAT_SBGP] libnuma.so: cannot open shared object file: No such file or directory
[LOG_CAT_SBGP] Failed to dlopen libnuma.so. Fallback to GROUP_BY_SOCKET manual.
[LOG_CAT_SBGP] libnuma.so: cannot open shared object file: No such file or directory
[LOG_CAT_SBGP] Failed to dlopen libnuma.so. Fallback to GROUP_BY_SOCKET manual.
[LOG_CAT_SBGP] libnuma.so: cannot open shared object file: No such file or directory
[LOG_CAT_SBGP] Failed to dlopen libnuma.so. Fallback to GROUP_BY_SOCKET manual.
[LOG_CAT_SBGP] libnuma.so: cannot open shared object file: No such file or directory
[LOG_CAT_SBGP] Failed to dlopen libnuma.so. Fallback to GROUP_BY_SOCKET manual.
[LOG_CAT_SBGP] libnuma.so: cannot open shared object file: No such file or directory
[LOG_CAT_SBGP] Failed to dlopen libnuma.so. Fallback to GROUP_BY_SOCKET manual.
[LOG_CAT_SBGP] libnuma.so: cannot open shared object file: No such file or directory
[LOG_CAT_SBGP] Failed to dlopen libnuma.so. Fallback to GROUP_BY_SOCKET manual.
[LOG_CAT_SBGP] libnuma.so: cannot open shared object file: No such file or directory
[LOG_CAT_SBGP] Failed to dlopen libnuma.so. Fallback to GROUP_BY_SOCKET manual.
[LOG_CAT_SBGP] libnuma.so: cannot open shared object file: No such file or directory
[LOG_CAT_SBGP] Failed to dlopen libnuma.so. Fallback to GROUP_BY_SOCKET manual.
[LOG_CAT_SBGP] libnuma.so: cannot open shared object file: No such file or directory
[LOG_CAT_SBGP] Failed to dlopen libnuma.so. Fallback to GROUP_BY_SOCKET manual.
[LOG_CAT_SBGP] libnuma.so: cannot open shared object file: No such file or directory
[LOG_CAT_SBGP] Failed to dlopen libnuma.so. Fallback to GROUP_BY_SOCKET manual.
[LOG_CAT_SBGP] libnuma.so: cannot open shared object file: No such file or directory
[LOG_CAT_SBGP] Failed to dlopen libnuma.so. Fallback to GROUP_BY_SOCKET manual.
[LOG_CAT_SBGP] libnuma.so: cannot open shared object file: No such file or directory
[LOG_CAT_SBGP] Failed to dlopen libnuma.so. Fallback to GROUP_BY_SOCKET manual.
[LOG_CAT_SBGP] libnuma.so: cannot open shared object file: No such file or directory
[LOG_CAT_SBGP] Failed to dlopen libnuma.so. Fallback to GROUP_BY_SOCKET manual.
[LOG_CAT_SBGP] libnuma.so: cannot open shared object file: No such file or directory
[LOG_CAT_SBGP] Failed to dlopen libnuma.so. Fallback to GROUP_BY_SOCKET manual.
[LOG_CAT_SBGP] libnuma.so: cannot open shared object file: No such file or directory
[LOG_CAT_SBGP] Failed to dlopen libnuma.so. Fallback to GROUP_BY_SOCKET manual.
[LOG_CAT_SBGP] libnuma.so: cannot open shared object file: No such file or directory
[LOG_CAT_SBGP] Failed to dlopen libnuma.so. Fallback to GROUP_BY_SOCKET manual.
[LOG_CAT_SBGP] libnuma.so: cannot open shared object file: No such file or directory
[LOG_CAT_SBGP] Failed to dlopen libnuma.so. Fallback to GROUP_BY_SOCKET manual.
[LOG_CAT_SBGP] libnuma.so: cannot open shared object file: No such file or directory
[LOG_CAT_SBGP] Failed to dlopen libnuma.so. Fallback to GROUP_BY_SOCKET manual.
[LOG_CAT_SBGP] libnuma.so: cannot open shared object file: No such file or directory
[LOG_CAT_SBGP] Failed to dlopen libnuma.so. Fallback to GROUP_BY_SOCKET manual.
[LOG_CAT_SBGP] libnuma.so: cannot open shared object file: No such file or directory
[LOG_CAT_SBGP] Failed to dlopen libnuma.so. Fallback to GROUP_BY_SOCKET manual.
[LOG_CAT_SBGP] libnuma.so: cannot open shared object file: No such file or directory
[LOG_CAT_SBGP] Failed to dlopen libnuma.so. Fallback to GROUP_BY_SOCKET manual.
[LOG_CAT_SBGP] libnuma.so: cannot open shared object file: No such file or directory
[LOG_CAT_SBGP] Failed to dlopen libnuma.so. Fallback to GROUP_BY_SOCKET manual.
[LOG_CAT_SBGP] libnuma.so: cannot open shared object file: No such file or directory
[LOG_CAT_SBGP] Failed to dlopen libnuma.so. Fallback to GROUP_BY_SOCKET manual.
[LOG_CAT_SBGP] libnuma.so: cannot open shared object file: No such file or directory
[LOG_CAT_SBGP] Failed to dlopen libnuma.so. Fallback to GROUP_BY_SOCKET manual.
[LOG_CAT_SBGP] libnuma.so: cannot open shared object file: No such file or directory
[LOG_CAT_SBGP] Failed to dlopen libnuma.so. Fallback to GROUP_BY_SOCKET manual.
[LOG_CAT_SBGP] libnuma.so: cannot open shared object file: No such file or directory
[LOG_CAT_SBGP] Failed to dlopen libnuma.so. Fallback to GROUP_BY_SOCKET manual.
[LOG_CAT_SBGP] libnuma.so: cannot open shared object file: No such file or directory
[LOG_CAT_SBGP] Failed to dlopen libnuma.so. Fallback to GROUP_BY_SOCKET manual.
[LOG_CAT_SBGP] libnuma.so: cannot open shared object file: No such file or directory
[LOG_CAT_SBGP] Failed to dlopen libnuma.so. Fallback to GROUP_BY_SOCKET manual.
[LOG_CAT_SBGP] libnuma.so: cannot open shared object file: No such file or directory
[LOG_CAT_SBGP] Failed to dlopen libnuma.so. Fallback to GROUP_BY_SOCKET manual.
[LOG_CAT_SBGP] libnuma.so: cannot open shared object file: No such file or directory
[LOG_CAT_SBGP] Failed to dlopen libnuma.so. Fallback to GROUP_BY_SOCKET manual.
[LOG_CAT_SBGP] libnuma.so: cannot open shared object file: No such file or directory
[LOG_CAT_SBGP] Failed to dlopen libnuma.so. Fallback to GROUP_BY_SOCKET manual.
[LOG_CAT_SBGP] libnuma.so: cannot open shared object file: No such file or directory
[LOG_CAT_SBGP] Failed to dlopen libnuma.so. Fallback to GROUP_BY_SOCKET manual.
[LOG_CAT_SBGP] libnuma.so: cannot open shared object file: No such file or directory
[LOG_CAT_SBGP] Failed to dlopen libnuma.so. Fallback to GROUP_BY_SOCKET manual.
[LOG_CAT_SBGP] libnuma.so: cannot open shared object file: No such file or directory
[LOG_CAT_SBGP] Failed to dlopen libnuma.so. Fallback to GROUP_BY_SOCKET manual.
[LOG_CAT_SBGP] libnuma.so: cannot open shared object file: No such file or directory
[LOG_CAT_SBGP] Failed to dlopen libnuma.so. Fallback to GROUP_BY_SOCKET manual.
[LOG_CAT_SBGP] libnuma.so: cannot open shared object file: No such file or directory
[LOG_CAT_SBGP] Failed to dlopen libnuma.so. Fallback to GROUP_BY_SOCKET manual.
[LOG_CAT_SBGP] libnuma.so: cannot open shared object file: No such file or directory
[LOG_CAT_SBGP] Failed to dlopen libnuma.so. Fallback to GROUP_BY_SOCKET manual.
[LOG_CAT_SBGP] libnuma.so: cannot open shared object file: No such file or directory
[LOG_CAT_SBGP] Failed to dlopen libnuma.so. Fallback to GROUP_BY_SOCKET manual.
[LOG_CAT_SBGP] libnuma.so: cannot open shared object file: No such file or directory
[LOG_CAT_SBGP] Failed to dlopen libnuma.so. Fallback to GROUP_BY_SOCKET manual.
[LOG_CAT_SBGP] libnuma.so: cannot open shared object file: No such file or directory
[LOG_CAT_SBGP] Failed to dlopen libnuma.so. Fallback to GROUP_BY_SOCKET manual.
[LOG_CAT_SBGP] libnuma.so: cannot open shared object file: No such file or directory
[LOG_CAT_SBGP] Failed to dlopen libnuma.so. Fallback to GROUP_BY_SOCKET manual.
[LOG_CAT_SBGP] libnuma.so: cannot open shared object file: No such file or directory
[LOG_CAT_SBGP] Failed to dlopen libnuma.so. Fallback to GROUP_BY_SOCKET manual.
[LOG_CAT_SBGP] libnuma.so: cannot open shared object file: No such file or directory
[LOG_CAT_SBGP] Failed to dlopen libnuma.so. Fallback to GROUP_BY_SOCKET manual.
[LOG_CAT_SBGP] libnuma.so: cannot open shared object file: No such file or directory
[LOG_CAT_SBGP] Failed to dlopen libnuma.so. Fallback to GROUP_BY_SOCKET manual.
[LOG_CAT_SBGP] libnuma.so: cannot open shared object file: No such file or directory
[LOG_CAT_SBGP] Failed to dlopen libnuma.so. Fallback to GROUP_BY_SOCKET manual.
[LOG_CAT_SBGP] libnuma.so: cannot open shared object file: No such file or directory
[LOG_CAT_SBGP] Failed to dlopen libnuma.so. Fallback to GROUP_BY_SOCKET manual.
[LOG_CAT_SBGP] libnuma.so: cannot open shared object file: No such file or directory
[LOG_CAT_SBGP] Failed to dlopen libnuma.so. Fallback to GROUP_BY_SOCKET manual.
[LOG_CAT_SBGP] libnuma.so: cannot open shared object file: No such file or directory
[LOG_CAT_SBGP] Failed to dlopen libnuma.so. Fallback to GROUP_BY_SOCKET manual.
[LOG_CAT_SBGP] libnuma.so: cannot open shared object file: No such file or directory
[LOG_CAT_SBGP] Failed to dlopen libnuma.so. Fallback to GROUP_BY_SOCKET manual.
[LOG_CAT_SBGP] libnuma.so: cannot open shared object file: No such file or directory
[LOG_CAT_SBGP] Failed to dlopen libnuma.so. Fallback to GROUP_BY_SOCKET manual.
[LOG_CAT_SBGP] libnuma.so: cannot open shared object file: No such file or directory
[LOG_CAT_SBGP] Failed to dlopen libnuma.so. Fallback to GROUP_BY_SOCKET manual.
[LOG_CAT_SBGP] libnuma.so: cannot open shared object file: No such file or directory
[LOG_CAT_SBGP] Failed to dlopen libnuma.so. Fallback to GROUP_BY_SOCKET manual.
[LOG_CAT_SBGP] libnuma.so: cannot open shared object file: No such file or directory
[LOG_CAT_SBGP] Failed to dlopen libnuma.so. Fallback to GROUP_BY_SOCKET manual.
[LOG_CAT_SBGP] libnuma.so: cannot open shared object file: No such file or directory
[LOG_CAT_SBGP] Failed to dlopen libnuma.so. Fallback to GROUP_BY_SOCKET manual.
[LOG_CAT_SBGP] libnuma.so: cannot open shared object file: No such file or directory
[LOG_CAT_SBGP] Failed to dlopen libnuma.so. Fallback to GROUP_BY_SOCKET manual.
[LOG_CAT_SBGP] libnuma.so: cannot open shared object file: No such file or directory
[LOG_CAT_SBGP] Failed to dlopen libnuma.so. Fallback to GROUP_BY_SOCKET manual.
[LOG_CAT_SBGP] libnuma.so: cannot open shared object file: No such file or directory
[LOG_CAT_SBGP] Failed to dlopen libnuma.so. Fallback to GROUP_BY_SOCKET manual.
[LOG_CAT_SBGP] libnuma.so: cannot open shared object file: No such file or directory
[LOG_CAT_SBGP] Failed to dlopen libnuma.so. Fallback to GROUP_BY_SOCKET manual.
[LOG_CAT_SBGP] libnuma.so: cannot open shared object file: No such file or directory
[LOG_CAT_SBGP] Failed to dlopen libnuma.so. Fallback to GROUP_BY_SOCKET manual.
[LOG_CAT_SBGP] libnuma.so: cannot open shared object file: No such file or directory
[LOG_CAT_SBGP] Failed to dlopen libnuma.so. Fallback to GROUP_BY_SOCKET manual.
[LOG_CAT_SBGP] libnuma.so: cannot open shared object file: No such file or directory
[LOG_CAT_SBGP] Failed to dlopen libnuma.so. Fallback to GROUP_BY_SOCKET manual.
[LOG_CAT_SBGP] libnuma.so: cannot open shared object file: No such file or directory
[LOG_CAT_SBGP] Failed to dlopen libnuma.so. Fallback to GROUP_BY_SOCKET manual.
[LOG_CAT_SBGP] libnuma.so: cannot open shared object file: No such file or directory
[LOG_CAT_SBGP] Failed to dlopen libnuma.so. Fallback to GROUP_BY_SOCKET manual.
[LOG_CAT_SBGP] libnuma.so: cannot open shared object file: No such file or directory
[LOG_CAT_SBGP] Failed to dlopen libnuma.so. Fallback to GROUP_BY_SOCKET manual.
[LOG_CAT_SBGP] libnuma.so: cannot open shared object file: No such file or directory
[LOG_CAT_SBGP] Failed to dlopen libnuma.so. Fallback to GROUP_BY_SOCKET manual.
[LOG_CAT_SBGP] libnuma.so: cannot open shared object file: No such file or directory
[LOG_CAT_SBGP] Failed to dlopen libnuma.so. Fallback to GROUP_BY_SOCKET manual.
[LOG_CAT_SBGP] libnuma.so: cannot open shared object file: No such file or directory
[LOG_CAT_SBGP] Failed to dlopen libnuma.so. Fallback to GROUP_BY_SOCKET manual.
[LOG_CAT_SBGP] libnuma.so: cannot open shared object file: No such file or directory
[LOG_CAT_SBGP] Failed to dlopen libnuma.so. Fallback to GROUP_BY_SOCKET manual.
[LOG_CAT_SBGP] libnuma.so: cannot open shared object file: No such file or directory
[LOG_CAT_SBGP] Failed to dlopen libnuma.so. Fallback to GROUP_BY_SOCKET manual.
[LOG_CAT_SBGP] libnuma.so: cannot open shared object file: No such file or directory
[LOG_CAT_SBGP] Failed to dlopen libnuma.so. Fallback to GROUP_BY_SOCKET manual.
[LOG_CAT_SBGP] libnuma.so: cannot open shared object file: No such file or directory
[LOG_CAT_SBGP] Failed to dlopen libnuma.so. Fallback to GROUP_BY_SOCKET manual.
[LOG_CAT_SBGP] libnuma.so: cannot open shared object file: No such file or directory
[LOG_CAT_SBGP] Failed to dlopen libnuma.so. Fallback to GROUP_BY_SOCKET manual.
[LOG_CAT_SBGP] libnuma.so: cannot open shared object file: No such file or directory
[LOG_CAT_SBGP] Failed to dlopen libnuma.so. Fallback to GROUP_BY_SOCKET manual.
[LOG_CAT_SBGP] libnuma.so: cannot open shared object file: No such file or directory
[LOG_CAT_SBGP] Failed to dlopen libnuma.so. Fallback to GROUP_BY_SOCKET manual.
[LOG_CAT_SBGP] libnuma.so: cannot open shared object file: No such file or directory
[LOG_CAT_SBGP] Failed to dlopen libnuma.so. Fallback to GROUP_BY_SOCKET manual.
[LOG_CAT_SBGP] libnuma.so: cannot open shared object file: No such file or directory
[LOG_CAT_SBGP] Failed to dlopen libnuma.so. Fallback to GROUP_BY_SOCKET manual.
[LOG_CAT_SBGP] libnuma.so: cannot open shared object file: No such file or directory
[LOG_CAT_SBGP] Failed to dlopen libnuma.so. Fallback to GROUP_BY_SOCKET manual.
[LOG_CAT_SBGP] libnuma.so: cannot open shared object file: No such file or directory
[LOG_CAT_SBGP] Failed to dlopen libnuma.so. Fallback to GROUP_BY_SOCKET manual.
[LOG_CAT_SBGP] libnuma.so: cannot open shared object file: No such file or directory
[LOG_CAT_SBGP] Failed to dlopen libnuma.so. Fallback to GROUP_BY_SOCKET manual.
[LOG_CAT_SBGP] libnuma.so: cannot open shared object file: No such file or directory
[LOG_CAT_SBGP] Failed to dlopen libnuma.so. Fallback to GROUP_BY_SOCKET manual.
[LOG_CAT_SBGP] libnuma.so: cannot open shared object file: No such file or directory
[LOG_CAT_SBGP] Failed to dlopen libnuma.so. Fallback to GROUP_BY_SOCKET manual.
[LOG_CAT_SBGP] libnuma.so: cannot open shared object file: No such file or directory
[LOG_CAT_SBGP] Failed to dlopen libnuma.so. Fallback to GROUP_BY_SOCKET manual.
[LOG_CAT_SBGP] libnuma.so: cannot open shared object file: No such file or directory
[LOG_CAT_SBGP] Failed to dlopen libnuma.so. Fallback to GROUP_BY_SOCKET manual.
[LOG_CAT_SBGP] libnuma.so: cannot open shared object file: No such file or directory
[LOG_CAT_SBGP] Failed to dlopen libnuma.so. Fallback to GROUP_BY_SOCKET manual.
[LOG_CAT_SBGP] libnuma.so: cannot open shared object file: No such file or directory
[LOG_CAT_SBGP] Failed to dlopen libnuma.so. Fallback to GROUP_BY_SOCKET manual.
[LOG_CAT_SBGP] libnuma.so: cannot open shared object file: No such file or directory
[LOG_CAT_SBGP] Failed to dlopen libnuma.so. Fallback to GROUP_BY_SOCKET manual.
[LOG_CAT_SBGP] libnuma.so: cannot open shared object file: No such file or directory
[LOG_CAT_SBGP] Failed to dlopen libnuma.so. Fallback to GROUP_BY_SOCKET manual.
[LOG_CAT_SBGP] libnuma.so: cannot open shared object file: No such file or directory
[LOG_CAT_SBGP] Failed to dlopen libnuma.so. Fallback to GROUP_BY_SOCKET manual.
[LOG_CAT_SBGP] libnuma.so: cannot open shared object file: No such file or directory
[LOG_CAT_SBGP] Failed to dlopen libnuma.so. Fallback to GROUP_BY_SOCKET manual.
[LOG_CAT_SBGP] libnuma.so: cannot open shared object file: No such file or directory
[LOG_CAT_SBGP] Failed to dlopen libnuma.so. Fallback to GROUP_BY_SOCKET manual.
[LOG_CAT_SBGP] libnuma.so: cannot open shared object file: No such file or directory
[LOG_CAT_SBGP] Failed to dlopen libnuma.so. Fallback to GROUP_BY_SOCKET manual.
[LOG_CAT_SBGP] libnuma.so: cannot open shared object file: No such file or directory
[LOG_CAT_SBGP] Failed to dlopen libnuma.so. Fallback to GROUP_BY_SOCKET manual.
[LOG_CAT_SBGP] libnuma.so: cannot open shared object file: No such file or directory
[LOG_CAT_SBGP] Failed to dlopen libnuma.so. Fallback to GROUP_BY_SOCKET manual.
[LOG_CAT_SBGP] libnuma.so: cannot open shared object file: No such file or directory
[LOG_CAT_SBGP] Failed to dlopen libnuma.so. Fallback to GROUP_BY_SOCKET manual.
[LOG_CAT_SBGP] libnuma.so: cannot open shared object file: No such file or directory
[LOG_CAT_SBGP] Failed to dlopen libnuma.so. Fallback to GROUP_BY_SOCKET manual.
[LOG_CAT_SBGP] libnuma.so: cannot open shared object file: No such file or directory
[LOG_CAT_SBGP] Failed to dlopen libnuma.so. Fallback to GROUP_BY_SOCKET manual.
[LOG_CAT_SBGP] libnuma.so: cannot open shared object file: No such file or directory
[LOG_CAT_SBGP] Failed to dlopen libnuma.so. Fallback to GROUP_BY_SOCKET manual.
[LOG_CAT_SBGP] libnuma.so: cannot open shared object file: No such file or directory
[LOG_CAT_SBGP] Failed to dlopen libnuma.so. Fallback to GROUP_BY_SOCKET manual.
[LOG_CAT_SBGP] libnuma.so: cannot open shared object file: No such file or directory
[LOG_CAT_SBGP] Failed to dlopen libnuma.so. Fallback to GROUP_BY_SOCKET manual.
[LOG_CAT_SBGP] libnuma.so: cannot open shared object file: No such file or directory
[LOG_CAT_SBGP] Failed to dlopen libnuma.so. Fallback to GROUP_BY_SOCKET manual.
[LOG_CAT_SBGP] libnuma.so: cannot open shared object file: No such file or directory
[LOG_CAT_SBGP] Failed to dlopen libnuma.so. Fallback to GROUP_BY_SOCKET manual.
[LOG_CAT_SBGP] libnuma.so: cannot open shared object file: No such file or directory
[LOG_CAT_SBGP] Failed to dlopen libnuma.so. Fallback to GROUP_BY_SOCKET manual.
[LOG_CAT_SBGP] libnuma.so: cannot open shared object file: No such file or directory
[LOG_CAT_SBGP] Failed to dlopen libnuma.so. Fallback to GROUP_BY_SOCKET manual.
[LOG_CAT_SBGP] libnuma.so: cannot open shared object file: No such file or directory
[LOG_CAT_SBGP] Failed to dlopen libnuma.so. Fallback to GROUP_BY_SOCKET manual.
[LOG_CAT_SBGP] libnuma.so: cannot open shared object file: No such file or directory
[LOG_CAT_SBGP] Failed to dlopen libnuma.so. Fallback to GROUP_BY_SOCKET manual.
[LOG_CAT_SBGP] libnuma.so: cannot open shared object file: No such file or directory
[LOG_CAT_SBGP] Failed to dlopen libnuma.so. Fallback to GROUP_BY_SOCKET manual.
[LOG_CAT_SBGP] libnuma.so: cannot open shared object file: No such file or directory
[LOG_CAT_SBGP] Failed to dlopen libnuma.so. Fallback to GROUP_BY_SOCKET manual.
[LOG_CAT_SBGP] libnuma.so: cannot open shared object file: No such file or directory
[LOG_CAT_SBGP] Failed to dlopen libnuma.so. Fallback to GROUP_BY_SOCKET manual.
[LOG_CAT_SBGP] libnuma.so: cannot open shared object file: No such file or directory
[LOG_CAT_SBGP] Failed to dlopen libnuma.so. Fallback to GROUP_BY_SOCKET manual.
[LOG_CAT_SBGP] libnuma.so: cannot open shared object file: No such file or directory
[LOG_CAT_SBGP] Failed to dlopen libnuma.so. Fallback to GROUP_BY_SOCKET manual.
[LOG_CAT_SBGP] libnuma.so: cannot open shared object file: No such file or directory
[LOG_CAT_SBGP] Failed to dlopen libnuma.so. Fallback to GROUP_BY_SOCKET manual.
[LOG_CAT_SBGP] libnuma.so: cannot open shared object file: No such file or directory
[LOG_CAT_SBGP] Failed to dlopen libnuma.so. Fallback to GROUP_BY_SOCKET manual.
[LOG_CAT_SBGP] libnuma.so: cannot open shared object file: No such file or directory
[LOG_CAT_SBGP] Failed to dlopen libnuma.so. Fallback to GROUP_BY_SOCKET manual.
[LOG_CAT_SBGP] libnuma.so: cannot open shared object file: No such file or directory
[LOG_CAT_SBGP] Failed to dlopen libnuma.so. Fallback to GROUP_BY_SOCKET manual.
[LOG_CAT_SBGP] libnuma.so: cannot open shared object file: No such file or directory
[LOG_CAT_SBGP] Failed to dlopen libnuma.so. Fallback to GROUP_BY_SOCKET manual.
[LOG_CAT_SBGP] libnuma.so: cannot open shared object file: No such file or directory
[LOG_CAT_SBGP] Failed to dlopen libnuma.so. Fallback to GROUP_BY_SOCKET manual.
[LOG_CAT_SBGP] libnuma.so: cannot open shared object file: No such file or directory
[LOG_CAT_SBGP] Failed to dlopen libnuma.so. Fallback to GROUP_BY_SOCKET manual.
[LOG_CAT_SBGP] libnuma.so: cannot open shared object file: No such file or directory
[LOG_CAT_SBGP] Failed to dlopen libnuma.so. Fallback to GROUP_BY_SOCKET manual.
[LOG_CAT_SBGP] libnuma.so: cannot open shared object file: No such file or directory
[LOG_CAT_SBGP] Failed to dlopen libnuma.so. Fallback to GROUP_BY_SOCKET manual.
[LOG_CAT_SBGP] libnuma.so: cannot open shared object file: No such file or directory
[LOG_CAT_SBGP] Failed to dlopen libnuma.so. Fallback to GROUP_BY_SOCKET manual.
[LOG_CAT_SBGP] libnuma.so: cannot open shared object file: No such file or directory
[LOG_CAT_SBGP] Failed to dlopen libnuma.so. Fallback to GROUP_BY_SOCKET manual.
[LOG_CAT_SBGP] libnuma.so: cannot open shared object file: No such file or directory
[LOG_CAT_SBGP] Failed to dlopen libnuma.so. Fallback to GROUP_BY_SOCKET manual.
[LOG_CAT_SBGP] libnuma.so: cannot open shared object file: No such file or directory
[LOG_CAT_SBGP] Failed to dlopen libnuma.so. Fallback to GROUP_BY_SOCKET manual.
[LOG_CAT_SBGP] libnuma.so: cannot open shared object file: No such file or directory
[LOG_CAT_SBGP] Failed to dlopen libnuma.so. Fallback to GROUP_BY_SOCKET manual.
[LOG_CAT_SBGP] libnuma.so: cannot open shared object file: No such file or directory
[LOG_CAT_SBGP] Failed to dlopen libnuma.so. Fallback to GROUP_BY_SOCKET manual.
[LOG_CAT_SBGP] libnuma.so: cannot open shared object file: No such file or directory
[LOG_CAT_SBGP] Failed to dlopen libnuma.so. Fallback to GROUP_BY_SOCKET manual.
[LOG_CAT_SBGP] libnuma.so: cannot open shared object file: No such file or directory
[LOG_CAT_SBGP] Failed to dlopen libnuma.so. Fallback to GROUP_BY_SOCKET manual.
[LOG_CAT_SBGP] libnuma.so: cannot open shared object file: No such file or directory
[LOG_CAT_SBGP] Failed to dlopen libnuma.so. Fallback to GROUP_BY_SOCKET manual.
[LOG_CAT_SBGP] libnuma.so: cannot open shared object file: No such file or directory
[LOG_CAT_SBGP] Failed to dlopen libnuma.so. Fallback to GROUP_BY_SOCKET manual.
[LOG_CAT_SBGP] libnuma.so: cannot open shared object file: No such file or directory
[LOG_CAT_SBGP] Failed to dlopen libnuma.so. Fallback to GROUP_BY_SOCKET manual.
[LOG_CAT_SBGP] libnuma.so: cannot open shared object file: No such file or directory
[LOG_CAT_SBGP] Failed to dlopen libnuma.so. Fallback to GROUP_BY_SOCKET manual.
[LOG_CAT_SBGP] libnuma.so: cannot open shared object file: No such file or directory
[LOG_CAT_SBGP] Failed to dlopen libnuma.so. Fallback to GROUP_BY_SOCKET manual.
[LOG_CAT_SBGP] libnuma.so: cannot open shared object file: No such file or directory
[LOG_CAT_SBGP] Failed to dlopen libnuma.so. Fallback to GROUP_BY_SOCKET manual.
[LOG_CAT_SBGP] libnuma.so: cannot open shared object file: No such file or directory
[LOG_CAT_SBGP] Failed to dlopen libnuma.so. Fallback to GROUP_BY_SOCKET manual.
[LOG_CAT_SBGP] libnuma.so: cannot open shared object file: No such file or directory
[LOG_CAT_SBGP] Failed to dlopen libnuma.so. Fallback to GROUP_BY_SOCKET manual.
[LOG_CAT_SBGP] libnuma.so: cannot open shared object file: No such file or directory
[LOG_CAT_SBGP] Failed to dlopen libnuma.so. Fallback to GROUP_BY_SOCKET manual.
[LOG_CAT_SBGP] libnuma.so: cannot open shared object file: No such file or directory
[LOG_CAT_SBGP] Failed to dlopen libnuma.so. Fallback to GROUP_BY_SOCKET manual.
[LOG_CAT_SBGP] libnuma.so: cannot open shared object file: No such file or directory
[LOG_CAT_SBGP] Failed to dlopen libnuma.so. Fallback to GROUP_BY_SOCKET manual.
[LOG_CAT_SBGP] libnuma.so: cannot open shared object file: No such file or directory
[LOG_CAT_SBGP] Failed to dlopen libnuma.so. Fallback to GROUP_BY_SOCKET manual.
[LOG_CAT_SBGP] libnuma.so: cannot open shared object file: No such file or directory
[LOG_CAT_SBGP] Failed to dlopen libnuma.so. Fallback to GROUP_BY_SOCKET manual.
[LOG_CAT_SBGP] libnuma.so: cannot open shared object file: No such file or directory
[LOG_CAT_SBGP] Failed to dlopen libnuma.so. Fallback to GROUP_BY_SOCKET manual.
[LOG_CAT_SBGP] libnuma.so: cannot open shared object file: No such file or directory
[LOG_CAT_SBGP] Failed to dlopen libnuma.so. Fallback to GROUP_BY_SOCKET manual.
[LOG_CAT_SBGP] libnuma.so: cannot open shared object file: No such file or directory
[LOG_CAT_SBGP] Failed to dlopen libnuma.so. Fallback to GROUP_BY_SOCKET manual.
[LOG_CAT_SBGP] libnuma.so: cannot open shared object file: No such file or directory
[LOG_CAT_SBGP] Failed to dlopen libnuma.so. Fallback to GROUP_BY_SOCKET manual.
[LOG_CAT_SBGP] libnuma.so: cannot open shared object file: No such file or directory
[LOG_CAT_SBGP] Failed to dlopen libnuma.so. Fallback to GROUP_BY_SOCKET manual.
[LOG_CAT_SBGP] libnuma.so: cannot open shared object file: No such file or directory
[LOG_CAT_SBGP] Failed to dlopen libnuma.so. Fallback to GROUP_BY_SOCKET manual.
[LOG_CAT_SBGP] libnuma.so: cannot open shared object file: No such file or directory
[LOG_CAT_SBGP] Failed to dlopen libnuma.so. Fallback to GROUP_BY_SOCKET manual.
[LOG_CAT_SBGP] libnuma.so: cannot open shared object file: No such file or directory
[LOG_CAT_SBGP] Failed to dlopen libnuma.so. Fallback to GROUP_BY_SOCKET manual.
[LOG_CAT_SBGP] libnuma.so: cannot open shared object file: No such file or directory
[LOG_CAT_SBGP] Failed to dlopen libnuma.so. Fallback to GROUP_BY_SOCKET manual.
[LOG_CAT_SBGP] libnuma.so: cannot open shared object file: No such file or directory
[LOG_CAT_SBGP] Failed to dlopen libnuma.so. Fallback to GROUP_BY_SOCKET manual.
[LOG_CAT_SBGP] libnuma.so: cannot open shared object file: No such file or directory
[LOG_CAT_SBGP] Failed to dlopen libnuma.so. Fallback to GROUP_BY_SOCKET manual.
[LOG_CAT_SBGP] libnuma.so: cannot open shared object file: No such file or directory
[LOG_CAT_SBGP] Failed to dlopen libnuma.so. Fallback to GROUP_BY_SOCKET manual.
[LOG_CAT_SBGP] libnuma.so: cannot open shared object file: No such file or directory
[LOG_CAT_SBGP] Failed to dlopen libnuma.so. Fallback to GROUP_BY_SOCKET manual.
[LOG_CAT_SBGP] libnuma.so: cannot open shared object file: No such file or directory
[LOG_CAT_SBGP] Failed to dlopen libnuma.so. Fallback to GROUP_BY_SOCKET manual.
[LOG_CAT_SBGP] libnuma.so: cannot open shared object file: No such file or directory
[LOG_CAT_SBGP] Failed to dlopen libnuma.so. Fallback to GROUP_BY_SOCKET manual.
[LOG_CAT_SBGP] libnuma.so: cannot open shared object file: No such file or directory
[LOG_CAT_SBGP] Failed to dlopen libnuma.so. Fallback to GROUP_BY_SOCKET manual.
[LOG_CAT_SBGP] libnuma.so: cannot open shared object file: No such file or directory
[LOG_CAT_SBGP] Failed to dlopen libnuma.so. Fallback to GROUP_BY_SOCKET manual.
[LOG_CAT_SBGP] libnuma.so: cannot open shared object file: No such file or directory
[LOG_CAT_SBGP] Failed to dlopen libnuma.so. Fallback to GROUP_BY_SOCKET manual.
[LOG_CAT_SBGP] libnuma.so: cannot open shared object file: No such file or directory
[LOG_CAT_SBGP] Failed to dlopen libnuma.so. Fallback to GROUP_BY_SOCKET manual.
[LOG_CAT_SBGP] libnuma.so: cannot open shared object file: No such file or directory
[LOG_CAT_SBGP] Failed to dlopen libnuma.so. Fallback to GROUP_BY_SOCKET manual.
[LOG_CAT_SBGP] libnuma.so: cannot open shared object file: No such file or directory
[LOG_CAT_SBGP] Failed to dlopen libnuma.so. Fallback to GROUP_BY_SOCKET manual.
[LOG_CAT_SBGP] libnuma.so: cannot open shared object file: No such file or directory
[LOG_CAT_SBGP] Failed to dlopen libnuma.so. Fallback to GROUP_BY_SOCKET manual.
[LOG_CAT_SBGP] libnuma.so: cannot open shared object file: No such file or directory
[LOG_CAT_SBGP] Failed to dlopen libnuma.so. Fallback to GROUP_BY_SOCKET manual.
[LOG_CAT_SBGP] libnuma.so: cannot open shared object file: No such file or directory
[LOG_CAT_SBGP] Failed to dlopen libnuma.so. Fallback to GROUP_BY_SOCKET manual.
[LOG_CAT_SBGP] libnuma.so: cannot open shared object file: No such file or directory
[LOG_CAT_SBGP] Failed to dlopen libnuma.so. Fallback to GROUP_BY_SOCKET manual.
[LOG_CAT_SBGP] libnuma.so: cannot open shared object file: No such file or directory
[LOG_CAT_SBGP] Failed to dlopen libnuma.so. Fallback to GROUP_BY_SOCKET manual.
[LOG_CAT_SBGP] libnuma.so: cannot open shared object file: No such file or directory
[LOG_CAT_SBGP] Failed to dlopen libnuma.so. Fallback to GROUP_BY_SOCKET manual.
[LOG_CAT_SBGP] libnuma.so: cannot open shared object file: No such file or directory
[LOG_CAT_SBGP] Failed to dlopen libnuma.so. Fallback to GROUP_BY_SOCKET manual.
[LOG_CAT_SBGP] libnuma.so: cannot open shared object file: No such file or directory
[LOG_CAT_SBGP] Failed to dlopen libnuma.so. Fallback to GROUP_BY_SOCKET manual.
[LOG_CAT_SBGP] libnuma.so: cannot open shared object file: No such file or directory
[LOG_CAT_SBGP] Failed to dlopen libnuma.so. Fallback to GROUP_BY_SOCKET manual.
[LOG_CAT_SBGP] libnuma.so: cannot open shared object file: No such file or directory
[LOG_CAT_SBGP] Failed to dlopen libnuma.so. Fallback to GROUP_BY_SOCKET manual.
[LOG_CAT_SBGP] libnuma.so: cannot open shared object file: No such file or directory
[LOG_CAT_SBGP] Failed to dlopen libnuma.so. Fallback to GROUP_BY_SOCKET manual.
[LOG_CAT_SBGP] libnuma.so: cannot open shared object file: No such file or directory
[LOG_CAT_SBGP] Failed to dlopen libnuma.so. Fallback to GROUP_BY_SOCKET manual.
[LOG_CAT_SBGP] libnuma.so: cannot open shared object file: No such file or directory
[LOG_CAT_SBGP] Failed to dlopen libnuma.so. Fallback to GROUP_BY_SOCKET manual.
[LOG_CAT_SBGP] libnuma.so: cannot open shared object file: No such file or directory
[LOG_CAT_SBGP] Failed to dlopen libnuma.so. Fallback to GROUP_BY_SOCKET manual.
[LOG_CAT_SBGP] libnuma.so: cannot open shared object file: No such file or directory
[LOG_CAT_SBGP] Failed to dlopen libnuma.so. Fallback to GROUP_BY_SOCKET manual.
[LOG_CAT_SBGP] libnuma.so: cannot open shared object file: No such file or directory
[LOG_CAT_SBGP] Failed to dlopen libnuma.so. Fallback to GROUP_BY_SOCKET manual.
[LOG_CAT_SBGP] libnuma.so: cannot open shared object file: No such file or directory
[LOG_CAT_SBGP] Failed to dlopen libnuma.so. Fallback to GROUP_BY_SOCKET manual.
[LOG_CAT_SBGP] libnuma.so: cannot open shared object file: No such file or directory
[LOG_CAT_SBGP] Failed to dlopen libnuma.so. Fallback to GROUP_BY_SOCKET manual.
[LOG_CAT_SBGP] libnuma.so: cannot open shared object file: No such file or directory
[LOG_CAT_SBGP] Failed to dlopen libnuma.so. Fallback to GROUP_BY_SOCKET manual.
[LOG_CAT_SBGP] libnuma.so: cannot open shared object file: No such file or directory
[LOG_CAT_SBGP] Failed to dlopen libnuma.so. Fallback to GROUP_BY_SOCKET manual.
[LOG_CAT_SBGP] libnuma.so: cannot open shared object file: No such file or directory
[LOG_CAT_SBGP] Failed to dlopen libnuma.so. Fallback to GROUP_BY_SOCKET manual.
[LOG_CAT_SBGP] libnuma.so: cannot open shared object file: No such file or directory
[LOG_CAT_SBGP] Failed to dlopen libnuma.so. Fallback to GROUP_BY_SOCKET manual.
[LOG_CAT_SBGP] libnuma.so: cannot open shared object file: No such file or directory
[LOG_CAT_SBGP] Failed to dlopen libnuma.so. Fallback to GROUP_BY_SOCKET manual.
[LOG_CAT_SBGP] libnuma.so: cannot open shared object file: No such file or directory
[LOG_CAT_SBGP] Failed to dlopen libnuma.so. Fallback to GROUP_BY_SOCKET manual.
[LOG_CAT_SBGP] libnuma.so: cannot open shared object file: No such file or directory
[LOG_CAT_SBGP] Failed to dlopen libnuma.so. Fallback to GROUP_BY_SOCKET manual.
[LOG_CAT_SBGP] libnuma.so: cannot open shared object file: No such file or directory
[LOG_CAT_SBGP] Failed to dlopen libnuma.so. Fallback to GROUP_BY_SOCKET manual.
[LOG_CAT_SBGP] libnuma.so: cannot open shared object file: No such file or directory
[LOG_CAT_SBGP] Failed to dlopen libnuma.so. Fallback to GROUP_BY_SOCKET manual.
[LOG_CAT_SBGP] libnuma.so: cannot open shared object file: No such file or directory
[LOG_CAT_SBGP] Failed to dlopen libnuma.so. Fallback to GROUP_BY_SOCKET manual.
[LOG_CAT_SBGP] libnuma.so: cannot open shared object file: No such file or directory
[LOG_CAT_SBGP] Failed to dlopen libnuma.so. Fallback to GROUP_BY_SOCKET manual.
[LOG_CAT_SBGP] libnuma.so: cannot open shared object file: No such file or directory
[LOG_CAT_SBGP] Failed to dlopen libnuma.so. Fallback to GROUP_BY_SOCKET manual.
[LOG_CAT_SBGP] libnuma.so: cannot open shared object file: No such file or directory
[LOG_CAT_SBGP] Failed to dlopen libnuma.so. Fallback to GROUP_BY_SOCKET manual.
[LOG_CAT_SBGP] libnuma.so: cannot open shared object file: No such file or directory
[LOG_CAT_SBGP] Failed to dlopen libnuma.so. Fallback to GROUP_BY_SOCKET manual.
[LOG_CAT_SBGP] libnuma.so: cannot open shared object file: No such file or directory
[LOG_CAT_SBGP] Failed to dlopen libnuma.so. Fallback to GROUP_BY_SOCKET manual.
[LOG_CAT_SBGP] libnuma.so: cannot open shared object file: No such file or directory
[LOG_CAT_SBGP] Failed to dlopen libnuma.so. Fallback to GROUP_BY_SOCKET manual.
[LOG_CAT_SBGP] libnuma.so: cannot open shared object file: No such file or directory
[LOG_CAT_SBGP] Failed to dlopen libnuma.so. Fallback to GROUP_BY_SOCKET manual.
[LOG_CAT_SBGP] libnuma.so: cannot open shared object file: No such file or directory
[LOG_CAT_SBGP] Failed to dlopen libnuma.so. Fallback to GROUP_BY_SOCKET manual.
[LOG_CAT_SBGP] libnuma.so: cannot open shared object file: No such file or directory
[LOG_CAT_SBGP] Failed to dlopen libnuma.so. Fallback to GROUP_BY_SOCKET manual.
[LOG_CAT_SBGP] libnuma.so: cannot open shared object file: No such file or directory
[LOG_CAT_SBGP] Failed to dlopen libnuma.so. Fallback to GROUP_BY_SOCKET manual.
[LOG_CAT_SBGP] libnuma.so: cannot open shared object file: No such file or directory
[LOG_CAT_SBGP] Failed to dlopen libnuma.so. Fallback to GROUP_BY_SOCKET manual.
[LOG_CAT_SBGP] libnuma.so: cannot open shared object file: No such file or directory
[LOG_CAT_SBGP] Failed to dlopen libnuma.so. Fallback to GROUP_BY_SOCKET manual.
[LOG_CAT_SBGP] libnuma.so: cannot open shared object file: No such file or directory
[LOG_CAT_SBGP] Failed to dlopen libnuma.so. Fallback to GROUP_BY_SOCKET manual.
[LOG_CAT_SBGP] libnuma.so: cannot open shared object file: No such file or directory
[LOG_CAT_SBGP] Failed to dlopen libnuma.so. Fallback to GROUP_BY_SOCKET manual.
[LOG_CAT_SBGP] libnuma.so: cannot open shared object file: No such file or directory
[LOG_CAT_SBGP] Failed to dlopen libnuma.so. Fallback to GROUP_BY_SOCKET manual.
[LOG_CAT_SBGP] libnuma.so: cannot open shared object file: No such file or directory
[LOG_CAT_SBGP] Failed to dlopen libnuma.so. Fallback to GROUP_BY_SOCKET manual.
[LOG_CAT_SBGP] libnuma.so: cannot open shared object file: No such file or directory
[LOG_CAT_SBGP] Failed to dlopen libnuma.so. Fallback to GROUP_BY_SOCKET manual.
[LOG_CAT_SBGP] libnuma.so: cannot open shared object file: No such file or directory
[LOG_CAT_SBGP] Failed to dlopen libnuma.so. Fallback to GROUP_BY_SOCKET manual.
[LOG_CAT_SBGP] libnuma.so: cannot open shared object file: No such file or directory
[LOG_CAT_SBGP] Failed to dlopen libnuma.so. Fallback to GROUP_BY_SOCKET manual.
[LOG_CAT_SBGP] libnuma.so: cannot open shared object file: No such file or directory
[LOG_CAT_SBGP] Failed to dlopen libnuma.so. Fallback to GROUP_BY_SOCKET manual.
[LOG_CAT_SBGP] libnuma.so: cannot open shared object file: No such file or directory
[LOG_CAT_SBGP] Failed to dlopen libnuma.so. Fallback to GROUP_BY_SOCKET manual.
[LOG_CAT_SBGP] libnuma.so: cannot open shared object file: No such file or directory
[LOG_CAT_SBGP] Failed to dlopen libnuma.so. Fallback to GROUP_BY_SOCKET manual.
[LOG_CAT_SBGP] libnuma.so: cannot open shared object file: No such file or directory
[LOG_CAT_SBGP] Failed to dlopen libnuma.so. Fallback to GROUP_BY_SOCKET manual.
[LOG_CAT_SBGP] libnuma.so: cannot open shared object file: No such file or directory
[LOG_CAT_SBGP] Failed to dlopen libnuma.so. Fallback to GROUP_BY_SOCKET manual.
[LOG_CAT_SBGP] libnuma.so: cannot open shared object file: No such file or directory
[LOG_CAT_SBGP] Failed to dlopen libnuma.so. Fallback to GROUP_BY_SOCKET manual.
[LOG_CAT_SBGP] libnuma.so: cannot open shared object file: No such file or directory
[LOG_CAT_SBGP] Failed to dlopen libnuma.so. Fallback to GROUP_BY_SOCKET manual.
[LOG_CAT_SBGP] libnuma.so: cannot open shared object file: No such file or directory
[LOG_CAT_SBGP] Failed to dlopen libnuma.so. Fallback to GROUP_BY_SOCKET manual.
[LOG_CAT_SBGP] libnuma.so: cannot open shared object file: No such file or directory
[LOG_CAT_SBGP] Failed to dlopen libnuma.so. Fallback to GROUP_BY_SOCKET manual.
[LOG_CAT_SBGP] libnuma.so: cannot open shared object file: No such file or directory
[LOG_CAT_SBGP] Failed to dlopen libnuma.so. Fallback to GROUP_BY_SOCKET manual.
[LOG_CAT_SBGP] libnuma.so: cannot open shared object file: No such file or directory
[LOG_CAT_SBGP] Failed to dlopen libnuma.so. Fallback to GROUP_BY_SOCKET manual.
[LOG_CAT_SBGP] libnuma.so: cannot open shared object file: No such file or directory
[LOG_CAT_SBGP] Failed to dlopen libnuma.so. Fallback to GROUP_BY_SOCKET manual.
[LOG_CAT_SBGP] libnuma.so: cannot open shared object file: No such file or directory
[LOG_CAT_SBGP] Failed to dlopen libnuma.so. Fallback to GROUP_BY_SOCKET manual.
[LOG_CAT_SBGP] libnuma.so: cannot open shared object file: No such file or directory
[LOG_CAT_SBGP] Failed to dlopen libnuma.so. Fallback to GROUP_BY_SOCKET manual.
[LOG_CAT_SBGP] libnuma.so: cannot open shared object file: No such file or directory
[LOG_CAT_SBGP] Failed to dlopen libnuma.so. Fallback to GROUP_BY_SOCKET manual.
[LOG_CAT_SBGP] libnuma.so: cannot open shared object file: No such file or directory
[LOG_CAT_SBGP] Failed to dlopen libnuma.so. Fallback to GROUP_BY_SOCKET manual.
[LOG_CAT_SBGP] libnuma.so: cannot open shared object file: No such file or directory
[LOG_CAT_SBGP] Failed to dlopen libnuma.so. Fallback to GROUP_BY_SOCKET manual.
[LOG_CAT_SBGP] libnuma.so: cannot open shared object file: No such file or directory
[LOG_CAT_SBGP] Failed to dlopen libnuma.so. Fallback to GROUP_BY_SOCKET manual.
[LOG_CAT_SBGP] libnuma.so: cannot open shared object file: No such file or directory
[LOG_CAT_SBGP] Failed to dlopen libnuma.so. Fallback to GROUP_BY_SOCKET manual.
[LOG_CAT_SBGP] libnuma.so: cannot open shared object file: No such file or directory
[LOG_CAT_SBGP] Failed to dlopen libnuma.so. Fallback to GROUP_BY_SOCKET manual.
[LOG_CAT_SBGP] libnuma.so: cannot open shared object file: No such file or directory
[LOG_CAT_SBGP] Failed to dlopen libnuma.so. Fallback to GROUP_BY_SOCKET manual.
[LOG_CAT_SBGP] libnuma.so: cannot open shared object file: No such file or directory
[LOG_CAT_SBGP] Failed to dlopen libnuma.so. Fallback to GROUP_BY_SOCKET manual.
[LOG_CAT_SBGP] libnuma.so: cannot open shared object file: No such file or directory
[LOG_CAT_SBGP] Failed to dlopen libnuma.so. Fallback to GROUP_BY_SOCKET manual.
[LOG_CAT_SBGP] libnuma.so: cannot open shared object file: No such file or directory
[LOG_CAT_SBGP] Failed to dlopen libnuma.so. Fallback to GROUP_BY_SOCKET manual.
[LOG_CAT_SBGP] libnuma.so: cannot open shared object file: No such file or directory
[LOG_CAT_SBGP] Failed to dlopen libnuma.so. Fallback to GROUP_BY_SOCKET manual.
[LOG_CAT_SBGP] libnuma.so: cannot open shared object file: No such file or directory
[LOG_CAT_SBGP] Failed to dlopen libnuma.so. Fallback to GROUP_BY_SOCKET manual.
[LOG_CAT_SBGP] libnuma.so: cannot open shared object file: No such file or directory
[LOG_CAT_SBGP] Failed to dlopen libnuma.so. Fallback to GROUP_BY_SOCKET manual.
[LOG_CAT_SBGP] libnuma.so: cannot open shared object file: No such file or directory
[LOG_CAT_SBGP] Failed to dlopen libnuma.so. Fallback to GROUP_BY_SOCKET manual.
[LOG_CAT_SBGP] libnuma.so: cannot open shared object file: No such file or directory
[LOG_CAT_SBGP] Failed to dlopen libnuma.so. Fallback to GROUP_BY_SOCKET manual.
[LOG_CAT_SBGP] libnuma.so: cannot open shared object file: No such file or directory
[LOG_CAT_SBGP] Failed to dlopen libnuma.so. Fallback to GROUP_BY_SOCKET manual.
[LOG_CAT_SBGP] libnuma.so: cannot open shared object file: No such file or directory
[LOG_CAT_SBGP] Failed to dlopen libnuma.so. Fallback to GROUP_BY_SOCKET manual.
[LOG_CAT_SBGP] libnuma.so: cannot open shared object file: No such file or directory
[LOG_CAT_SBGP] Failed to dlopen libnuma.so. Fallback to GROUP_BY_SOCKET manual.
[LOG_CAT_SBGP] libnuma.so: cannot open shared object file: No such file or directory
[LOG_CAT_SBGP] Failed to dlopen libnuma.so. Fallback to GROUP_BY_SOCKET manual.
[LOG_CAT_SBGP] libnuma.so: cannot open shared object file: No such file or directory
[LOG_CAT_SBGP] Failed to dlopen libnuma.so. Fallback to GROUP_BY_SOCKET manual.
[LOG_CAT_SBGP] libnuma.so: cannot open shared object file: No such file or directory
[LOG_CAT_SBGP] Failed to dlopen libnuma.so. Fallback to GROUP_BY_SOCKET manual.
[LOG_CAT_SBGP] libnuma.so: cannot open shared object file: No such file or directory
[LOG_CAT_SBGP] Failed to dlopen libnuma.so. Fallback to GROUP_BY_SOCKET manual.
[LOG_CAT_SBGP] libnuma.so: cannot open shared object file: No such file or directory
[LOG_CAT_SBGP] Failed to dlopen libnuma.so. Fallback to GROUP_BY_SOCKET manual.
[LOG_CAT_SBGP] libnuma.so: cannot open shared object file: No such file or directory
[LOG_CAT_SBGP] Failed to dlopen libnuma.so. Fallback to GROUP_BY_SOCKET manual.
[LOG_CAT_SBGP] libnuma.so: cannot open shared object file: No such file or directory
[LOG_CAT_SBGP] Failed to dlopen libnuma.so. Fallback to GROUP_BY_SOCKET manual.
[LOG_CAT_SBGP] libnuma.so: cannot open shared object file: No such file or directory
[LOG_CAT_SBGP] Failed to dlopen libnuma.so. Fallback to GROUP_BY_SOCKET manual.
[LOG_CAT_SBGP] libnuma.so: cannot open shared object file: No such file or directory
[LOG_CAT_SBGP] Failed to dlopen libnuma.so. Fallback to GROUP_BY_SOCKET manual.
[LOG_CAT_SBGP] libnuma.so: cannot open shared object file: No such file or directory
[LOG_CAT_SBGP] Failed to dlopen libnuma.so. Fallback to GROUP_BY_SOCKET manual.
[LOG_CAT_SBGP] libnuma.so: cannot open shared object file: No such file or directory
[LOG_CAT_SBGP] Failed to dlopen libnuma.so. Fallback to GROUP_BY_SOCKET manual.
[LOG_CAT_SBGP] libnuma.so: cannot open shared object file: No such file or directory
[LOG_CAT_SBGP] Failed to dlopen libnuma.so. Fallback to GROUP_BY_SOCKET manual.
[LOG_CAT_SBGP] libnuma.so: cannot open shared object file: No such file or directory
[LOG_CAT_SBGP] Failed to dlopen libnuma.so. Fallback to GROUP_BY_SOCKET manual.
[LOG_CAT_SBGP] libnuma.so: cannot open shared object file: No such file or directory
[LOG_CAT_SBGP] Failed to dlopen libnuma.so. Fallback to GROUP_BY_SOCKET manual.
[LOG_CAT_SBGP] libnuma.so: cannot open shared object file: No such file or directory
[LOG_CAT_SBGP] Failed to dlopen libnuma.so. Fallback to GROUP_BY_SOCKET manual.
[LOG_CAT_SBGP] libnuma.so: cannot open shared object file: No such file or directory
[LOG_CAT_SBGP] Failed to dlopen libnuma.so. Fallback to GROUP_BY_SOCKET manual.
[LOG_CAT_SBGP] libnuma.so: cannot open shared object file: No such file or directory
[LOG_CAT_SBGP] Failed to dlopen libnuma.so. Fallback to GROUP_BY_SOCKET manual.
[LOG_CAT_SBGP] libnuma.so: cannot open shared object file: No such file or directory
[LOG_CAT_SBGP] Failed to dlopen libnuma.so. Fallback to GROUP_BY_SOCKET manual.
[LOG_CAT_SBGP] libnuma.so: cannot open shared object file: No such file or directory
[LOG_CAT_SBGP] Failed to dlopen libnuma.so. Fallback to GROUP_BY_SOCKET manual.
[LOG_CAT_SBGP] libnuma.so: cannot open shared object file: No such file or directory
[LOG_CAT_SBGP] Failed to dlopen libnuma.so. Fallback to GROUP_BY_SOCKET manual.
[LOG_CAT_SBGP] libnuma.so: cannot open shared object file: No such file or directory
[LOG_CAT_SBGP] Failed to dlopen libnuma.so. Fallback to GROUP_BY_SOCKET manual.
[LOG_CAT_SBGP] libnuma.so: cannot open shared object file: No such file or directory
[LOG_CAT_SBGP] Failed to dlopen libnuma.so. Fallback to GROUP_BY_SOCKET manual.
[LOG_CAT_SBGP] libnuma.so: cannot open shared object file: No such file or directory
[LOG_CAT_SBGP] Failed to dlopen libnuma.so. Fallback to GROUP_BY_SOCKET manual.
[LOG_CAT_SBGP] libnuma.so: cannot open shared object file: No such file or directory
[LOG_CAT_SBGP] Failed to dlopen libnuma.so. Fallback to GROUP_BY_SOCKET manual.
[LOG_CAT_SBGP] libnuma.so: cannot open shared object file: No such file or directory
[LOG_CAT_SBGP] Failed to dlopen libnuma.so. Fallback to GROUP_BY_SOCKET manual.
[LOG_CAT_SBGP] libnuma.so: cannot open shared object file: No such file or directory
[LOG_CAT_SBGP] Failed to dlopen libnuma.so. Fallback to GROUP_BY_SOCKET manual.
[LOG_CAT_SBGP] libnuma.so: cannot open shared object file: No such file or directory
[LOG_CAT_SBGP] Failed to dlopen libnuma.so. Fallback to GROUP_BY_SOCKET manual.
[LOG_CAT_SBGP] libnuma.so: cannot open shared object file: No such file or directory
[LOG_CAT_SBGP] Failed to dlopen libnuma.so. Fallback to GROUP_BY_SOCKET manual.
[LOG_CAT_SBGP] libnuma.so: cannot open shared object file: No such file or directory
[LOG_CAT_SBGP] Failed to dlopen libnuma.so. Fallback to GROUP_BY_SOCKET manual.
[LOG_CAT_SBGP] libnuma.so: cannot open shared object file: No such file or directory
[LOG_CAT_SBGP] Failed to dlopen libnuma.so. Fallback to GROUP_BY_SOCKET manual.
[LOG_CAT_SBGP] libnuma.so: cannot open shared object file: No such file or directory
[LOG_CAT_SBGP] Failed to dlopen libnuma.so. Fallback to GROUP_BY_SOCKET manual.
[LOG_CAT_SBGP] libnuma.so: cannot open shared object file: No such file or directory
[LOG_CAT_SBGP] Failed to dlopen libnuma.so. Fallback to GROUP_BY_SOCKET manual.
[LOG_CAT_SBGP] libnuma.so: cannot open shared object file: No such file or directory
[LOG_CAT_SBGP] Failed to dlopen libnuma.so. Fallback to GROUP_BY_SOCKET manual.
[LOG_CAT_SBGP] libnuma.so: cannot open shared object file: No such file or directory
[LOG_CAT_SBGP] Failed to dlopen libnuma.so. Fallback to GROUP_BY_SOCKET manual.
[LOG_CAT_SBGP] libnuma.so: cannot open shared object file: No such file or directory
[LOG_CAT_SBGP] Failed to dlopen libnuma.so. Fallback to GROUP_BY_SOCKET manual.
[LOG_CAT_SBGP] libnuma.so: cannot open shared object file: No such file or directory
[LOG_CAT_SBGP] Failed to dlopen libnuma.so. Fallback to GROUP_BY_SOCKET manual.
[LOG_CAT_SBGP] libnuma.so: cannot open shared object file: No such file or directory
[LOG_CAT_SBGP] Failed to dlopen libnuma.so. Fallback to GROUP_BY_SOCKET manual.
[LOG_CAT_SBGP] libnuma.so: cannot open shared object file: No such file or directory
[LOG_CAT_SBGP] Failed to dlopen libnuma.so. Fallback to GROUP_BY_SOCKET manual.
[LOG_CAT_SBGP] libnuma.so: cannot open shared object file: No such file or directory
[LOG_CAT_SBGP] Failed to dlopen libnuma.so. Fallback to GROUP_BY_SOCKET manual.
[LOG_CAT_SBGP] libnuma.so: cannot open shared object file: No such file or directory
[LOG_CAT_SBGP] Failed to dlopen libnuma.so. Fallback to GROUP_BY_SOCKET manual.
[LOG_CAT_SBGP] libnuma.so: cannot open shared object file: No such file or directory
[LOG_CAT_SBGP] Failed to dlopen libnuma.so. Fallback to GROUP_BY_SOCKET manual.
[LOG_CAT_SBGP] libnuma.so: cannot open shared object file: No such file or directory
[LOG_CAT_SBGP] Failed to dlopen libnuma.so. Fallback to GROUP_BY_SOCKET manual.
[LOG_CAT_SBGP] libnuma.so: cannot open shared object file: No such file or directory
[LOG_CAT_SBGP] Failed to dlopen libnuma.so. Fallback to GROUP_BY_SOCKET manual.
[LOG_CAT_SBGP] libnuma.so: cannot open shared object file: No such file or directory
[LOG_CAT_SBGP] Failed to dlopen libnuma.so. Fallback to GROUP_BY_SOCKET manual.
[LOG_CAT_SBGP] libnuma.so: cannot open shared object file: No such file or directory
[LOG_CAT_SBGP] Failed to dlopen libnuma.so. Fallback to GROUP_BY_SOCKET manual.
[LOG_CAT_SBGP] libnuma.so: cannot open shared object file: No such file or directory
[LOG_CAT_SBGP] Failed to dlopen libnuma.so. Fallback to GROUP_BY_SOCKET manual.
[LOG_CAT_SBGP] libnuma.so: cannot open shared object file: No such file or directory
[LOG_CAT_SBGP] Failed to dlopen libnuma.so. Fallback to GROUP_BY_SOCKET manual.
[LOG_CAT_SBGP] libnuma.so: cannot open shared object file: No such file or directory
[LOG_CAT_SBGP] Failed to dlopen libnuma.so. Fallback to GROUP_BY_SOCKET manual.
[LOG_CAT_SBGP] libnuma.so: cannot open shared object file: No such file or directory
[LOG_CAT_SBGP] Failed to dlopen libnuma.so. Fallback to GROUP_BY_SOCKET manual.
[LOG_CAT_SBGP] libnuma.so: cannot open shared object file: No such file or directory
[LOG_CAT_SBGP] Failed to dlopen libnuma.so. Fallback to GROUP_BY_SOCKET manual.
[LOG_CAT_SBGP] libnuma.so: cannot open shared object file: No such file or directory
[LOG_CAT_SBGP] Failed to dlopen libnuma.so. Fallback to GROUP_BY_SOCKET manual.
[LOG_CAT_SBGP] libnuma.so: cannot open shared object file: No such file or directory
[LOG_CAT_SBGP] Failed to dlopen libnuma.so. Fallback to GROUP_BY_SOCKET manual.
[LOG_CAT_SBGP] libnuma.so: cannot open shared object file: No such file or directory
[LOG_CAT_SBGP] Failed to dlopen libnuma.so. Fallback to GROUP_BY_SOCKET manual.
[LOG_CAT_SBGP] libnuma.so: cannot open shared object file: No such file or directory
[LOG_CAT_SBGP] Failed to dlopen libnuma.so. Fallback to GROUP_BY_SOCKET manual.
[LOG_CAT_SBGP] libnuma.so: cannot open shared object file: No such file or directory
[LOG_CAT_SBGP] Failed to dlopen libnuma.so. Fallback to GROUP_BY_SOCKET manual.
[LOG_CAT_SBGP] libnuma.so: cannot open shared object file: No such file or directory
[LOG_CAT_SBGP] Failed to dlopen libnuma.so. Fallback to GROUP_BY_SOCKET manual.
[LOG_CAT_SBGP] libnuma.so: cannot open shared object file: No such file or directory
[LOG_CAT_SBGP] Failed to dlopen libnuma.so. Fallback to GROUP_BY_SOCKET manual.
[LOG_CAT_SBGP] libnuma.so: cannot open shared object file: No such file or directory
[LOG_CAT_SBGP] Failed to dlopen libnuma.so. Fallback to GROUP_BY_SOCKET manual.
[LOG_CAT_SBGP] libnuma.so: cannot open shared object file: No such file or directory
[LOG_CAT_SBGP] Failed to dlopen libnuma.so. Fallback to GROUP_BY_SOCKET manual.
[LOG_CAT_SBGP] libnuma.so: cannot open shared object file: No such file or directory
[LOG_CAT_SBGP] Failed to dlopen libnuma.so. Fallback to GROUP_BY_SOCKET manual.
[LOG_CAT_SBGP] libnuma.so: cannot open shared object file: No such file or directory
[LOG_CAT_SBGP] Failed to dlopen libnuma.so. Fallback to GROUP_BY_SOCKET manual.
[LOG_CAT_SBGP] libnuma.so: cannot open shared object file: No such file or directory
[LOG_CAT_SBGP] Failed to dlopen libnuma.so. Fallback to GROUP_BY_SOCKET manual.
[LOG_CAT_SBGP] libnuma.so: cannot open shared object file: No such file or directory
[LOG_CAT_SBGP] Failed to dlopen libnuma.so. Fallback to GROUP_BY_SOCKET manual.
[LOG_CAT_SBGP] libnuma.so: cannot open shared object file: No such file or directory
[LOG_CAT_SBGP] Failed to dlopen libnuma.so. Fallback to GROUP_BY_SOCKET manual.
[LOG_CAT_SBGP] libnuma.so: cannot open shared object file: No such file or directory
[LOG_CAT_SBGP] Failed to dlopen libnuma.so. Fallback to GROUP_BY_SOCKET manual.
[LOG_CAT_SBGP] libnuma.so: cannot open shared object file: No such file or directory
[LOG_CAT_SBGP] Failed to dlopen libnuma.so. Fallback to GROUP_BY_SOCKET manual.
[LOG_CAT_SBGP] libnuma.so: cannot open shared object file: No such file or directory
[LOG_CAT_SBGP] Failed to dlopen libnuma.so. Fallback to GROUP_BY_SOCKET manual.
[LOG_CAT_SBGP] libnuma.so: cannot open shared object file: No such file or directory
[LOG_CAT_SBGP] Failed to dlopen libnuma.so. Fallback to GROUP_BY_SOCKET manual.
[LOG_CAT_SBGP] libnuma.so: cannot open shared object file: No such file or directory
[LOG_CAT_SBGP] Failed to dlopen libnuma.so. Fallback to GROUP_BY_SOCKET manual.
[LOG_CAT_SBGP] libnuma.so: cannot open shared object file: No such file or directory
[LOG_CAT_SBGP] Failed to dlopen libnuma.so. Fallback to GROUP_BY_SOCKET manual.
[LOG_CAT_SBGP] libnuma.so: cannot open shared object file: No such file or directory
[LOG_CAT_SBGP] Failed to dlopen libnuma.so. Fallback to GROUP_BY_SOCKET manual.
[LOG_CAT_SBGP] libnuma.so: cannot open shared object file: No such file or directory
[LOG_CAT_SBGP] Failed to dlopen libnuma.so. Fallback to GROUP_BY_SOCKET manual.
[LOG_CAT_SBGP] libnuma.so: cannot open shared object file: No such file or directory
[LOG_CAT_SBGP] Failed to dlopen libnuma.so. Fallback to GROUP_BY_SOCKET manual.
[LOG_CAT_SBGP] libnuma.so: cannot open shared object file: No such file or directory
[LOG_CAT_SBGP] Failed to dlopen libnuma.so. Fallback to GROUP_BY_SOCKET manual.
[LOG_CAT_SBGP] libnuma.so: cannot open shared object file: No such file or directory
[LOG_CAT_SBGP] Failed to dlopen libnuma.so. Fallback to GROUP_BY_SOCKET manual.
[LOG_CAT_SBGP] libnuma.so: cannot open shared object file: No such file or directory
[LOG_CAT_SBGP] Failed to dlopen libnuma.so. Fallback to GROUP_BY_SOCKET manual.
[LOG_CAT_SBGP] libnuma.so: cannot open shared object file: No such file or directory
[LOG_CAT_SBGP] Failed to dlopen libnuma.so. Fallback to GROUP_BY_SOCKET manual.
[LOG_CAT_SBGP] libnuma.so: cannot open shared object file: No such file or directory
[LOG_CAT_SBGP] Failed to dlopen libnuma.so. Fallback to GROUP_BY_SOCKET manual.
[LOG_CAT_SBGP] libnuma.so: cannot open shared object file: No such file or directory
[LOG_CAT_SBGP] Failed to dlopen libnuma.so. Fallback to GROUP_BY_SOCKET manual.
[LOG_CAT_SBGP] libnuma.so: cannot open shared object file: No such file or directory
[LOG_CAT_SBGP] Failed to dlopen libnuma.so. Fallback to GROUP_BY_SOCKET manual.
[LOG_CAT_SBGP] libnuma.so: cannot open shared object file: No such file or directory
[LOG_CAT_SBGP] Failed to dlopen libnuma.so. Fallback to GROUP_BY_SOCKET manual.
[LOG_CAT_SBGP] libnuma.so: cannot open shared object file: No such file or directory
[LOG_CAT_SBGP] Failed to dlopen libnuma.so. Fallback to GROUP_BY_SOCKET manual.
[LOG_CAT_SBGP] libnuma.so: cannot open shared object file: No such file or directory
[LOG_CAT_SBGP] Failed to dlopen libnuma.so. Fallback to GROUP_BY_SOCKET manual.
[LOG_CAT_SBGP] libnuma.so: cannot open shared object file: No such file or directory
[LOG_CAT_SBGP] Failed to dlopen libnuma.so. Fallback to GROUP_BY_SOCKET manual.
[LOG_CAT_SBGP] libnuma.so: cannot open shared object file: No such file or directory
[LOG_CAT_SBGP] Failed to dlopen libnuma.so. Fallback to GROUP_BY_SOCKET manual.
[LOG_CAT_SBGP] libnuma.so: cannot open shared object file: No such file or directory
[LOG_CAT_SBGP] Failed to dlopen libnuma.so. Fallback to GROUP_BY_SOCKET manual.
[LOG_CAT_SBGP] libnuma.so: cannot open shared object file: No such file or directory
[LOG_CAT_SBGP] Failed to dlopen libnuma.so. Fallback to GROUP_BY_SOCKET manual.
[LOG_CAT_SBGP] libnuma.so: cannot open shared object file: No such file or directory
[LOG_CAT_SBGP] Failed to dlopen libnuma.so. Fallback to GROUP_BY_SOCKET manual.
[LOG_CAT_SBGP] libnuma.so: cannot open shared object file: No such file or directory
[LOG_CAT_SBGP] Failed to dlopen libnuma.so. Fallback to GROUP_BY_SOCKET manual.
[LOG_CAT_SBGP] libnuma.so: cannot open shared object file: No such file or directory
[LOG_CAT_SBGP] Failed to dlopen libnuma.so. Fallback to GROUP_BY_SOCKET manual.
[LOG_CAT_SBGP] libnuma.so: cannot open shared object file: No such file or directory
[LOG_CAT_SBGP] Failed to dlopen libnuma.so. Fallback to GROUP_BY_SOCKET manual.
[LOG_CAT_SBGP] libnuma.so: cannot open shared object file: No such file or directory
[LOG_CAT_SBGP] Failed to dlopen libnuma.so. Fallback to GROUP_BY_SOCKET manual.
[LOG_CAT_SBGP] libnuma.so: cannot open shared object file: No such file or directory
[LOG_CAT_SBGP] Failed to dlopen libnuma.so. Fallback to GROUP_BY_SOCKET manual.
[LOG_CAT_SBGP] libnuma.so: cannot open shared object file: No such file or directory
[LOG_CAT_SBGP] Failed to dlopen libnuma.so. Fallback to GROUP_BY_SOCKET manual.
[LOG_CAT_SBGP] libnuma.so: cannot open shared object file: No such file or directory
[LOG_CAT_SBGP] Failed to dlopen libnuma.so. Fallback to GROUP_BY_SOCKET manual.
[LOG_CAT_SBGP] libnuma.so: cannot open shared object file: No such file or directory
[LOG_CAT_SBGP] Failed to dlopen libnuma.so. Fallback to GROUP_BY_SOCKET manual.
[LOG_CAT_SBGP] libnuma.so: cannot open shared object file: No such file or directory
[LOG_CAT_SBGP] Failed to dlopen libnuma.so. Fallback to GROUP_BY_SOCKET manual.
[LOG_CAT_SBGP] libnuma.so: cannot open shared object file: No such file or directory
[LOG_CAT_SBGP] Failed to dlopen libnuma.so. Fallback to GROUP_BY_SOCKET manual.
[LOG_CAT_SBGP] libnuma.so: cannot open shared object file: No such file or directory
[LOG_CAT_SBGP] Failed to dlopen libnuma.so. Fallback to GROUP_BY_SOCKET manual.
[LOG_CAT_SBGP] libnuma.so: cannot open shared object file: No such file or directory
[LOG_CAT_SBGP] Failed to dlopen libnuma.so. Fallback to GROUP_BY_SOCKET manual.
[LOG_CAT_SBGP] libnuma.so: cannot open shared object file: No such file or directory
[LOG_CAT_SBGP] Failed to dlopen libnuma.so. Fallback to GROUP_BY_SOCKET manual.
[LOG_CAT_SBGP] libnuma.so: cannot open shared object file: No such file or directory
[LOG_CAT_SBGP] Failed to dlopen libnuma.so. Fallback to GROUP_BY_SOCKET manual.
[LOG_CAT_SBGP] libnuma.so: cannot open shared object file: No such file or directory
[LOG_CAT_SBGP] Failed to dlopen libnuma.so. Fallback to GROUP_BY_SOCKET manual.
[LOG_CAT_SBGP] libnuma.so: cannot open shared object file: No such file or directory
[LOG_CAT_SBGP] Failed to dlopen libnuma.so. Fallback to GROUP_BY_SOCKET manual.
[LOG_CAT_SBGP] libnuma.so: cannot open shared object file: No such file or directory
[LOG_CAT_SBGP] Failed to dlopen libnuma.so. Fallback to GROUP_BY_SOCKET manual.
[LOG_CAT_SBGP] libnuma.so: cannot open shared object file: No such file or directory
[LOG_CAT_SBGP] Failed to dlopen libnuma.so. Fallback to GROUP_BY_SOCKET manual.
[LOG_CAT_SBGP] libnuma.so: cannot open shared object file: No such file or directory
[LOG_CAT_SBGP] Failed to dlopen libnuma.so. Fallback to GROUP_BY_SOCKET manual.
[LOG_CAT_SBGP] libnuma.so: cannot open shared object file: No such file or directory
[LOG_CAT_SBGP] Failed to dlopen libnuma.so. Fallback to GROUP_BY_SOCKET manual.
[LOG_CAT_SBGP] libnuma.so: cannot open shared object file: No such file or directory
[LOG_CAT_SBGP] Failed to dlopen libnuma.so. Fallback to GROUP_BY_SOCKET manual.
[LOG_CAT_SBGP] libnuma.so: cannot open shared object file: No such file or directory
[LOG_CAT_SBGP] Failed to dlopen libnuma.so. Fallback to GROUP_BY_SOCKET manual.
[LOG_CAT_SBGP] libnuma.so: cannot open shared object file: No such file or directory
[LOG_CAT_SBGP] Failed to dlopen libnuma.so. Fallback to GROUP_BY_SOCKET manual.
[LOG_CAT_SBGP] libnuma.so: cannot open shared object file: No such file or directory
[LOG_CAT_SBGP] Failed to dlopen libnuma.so. Fallback to GROUP_BY_SOCKET manual.
[LOG_CAT_SBGP] libnuma.so: cannot open shared object file: No such file or directory
[LOG_CAT_SBGP] Failed to dlopen libnuma.so. Fallback to GROUP_BY_SOCKET manual.
[LOG_CAT_SBGP] libnuma.so: cannot open shared object file: No such file or directory
[LOG_CAT_SBGP] Failed to dlopen libnuma.so. Fallback to GROUP_BY_SOCKET manual.
[LOG_CAT_SBGP] libnuma.so: cannot open shared object file: No such file or directory
[LOG_CAT_SBGP] Failed to dlopen libnuma.so. Fallback to GROUP_BY_SOCKET manual.
[LOG_CAT_SBGP] libnuma.so: cannot open shared object file: No such file or directory
[LOG_CAT_SBGP] Failed to dlopen libnuma.so. Fallback to GROUP_BY_SOCKET manual.
[LOG_CAT_SBGP] libnuma.so: cannot open shared object file: No such file or directory
[LOG_CAT_SBGP] Failed to dlopen libnuma.so. Fallback to GROUP_BY_SOCKET manual.
[LOG_CAT_SBGP] libnuma.so: cannot open shared object file: No such file or directory
[LOG_CAT_SBGP] Failed to dlopen libnuma.so. Fallback to GROUP_BY_SOCKET manual.
[LOG_CAT_SBGP] libnuma.so: cannot open shared object file: No such file or directory
[LOG_CAT_SBGP] Failed to dlopen libnuma.so. Fallback to GROUP_BY_SOCKET manual.
[LOG_CAT_SBGP] libnuma.so: cannot open shared object file: No such file or directory
[LOG_CAT_SBGP] Failed to dlopen libnuma.so. Fallback to GROUP_BY_SOCKET manual.
[LOG_CAT_SBGP] libnuma.so: cannot open shared object file: No such file or directory
[LOG_CAT_SBGP] Failed to dlopen libnuma.so. Fallback to GROUP_BY_SOCKET manual.
[LOG_CAT_SBGP] libnuma.so: cannot open shared object file: No such file or directory
[LOG_CAT_SBGP] Failed to dlopen libnuma.so. Fallback to GROUP_BY_SOCKET manual.
[LOG_CAT_SBGP] libnuma.so: cannot open shared object file: No such file or directory
[LOG_CAT_SBGP] Failed to dlopen libnuma.so. Fallback to GROUP_BY_SOCKET manual.
[LOG_CAT_SBGP] libnuma.so: cannot open shared object file: No such file or directory
[LOG_CAT_SBGP] Failed to dlopen libnuma.so. Fallback to GROUP_BY_SOCKET manual.
[LOG_CAT_SBGP] libnuma.so: cannot open shared object file: No such file or directory
[LOG_CAT_SBGP] Failed to dlopen libnuma.so. Fallback to GROUP_BY_SOCKET manual.
[LOG_CAT_SBGP] libnuma.so: cannot open shared object file: No such file or directory
[LOG_CAT_SBGP] Failed to dlopen libnuma.so. Fallback to GROUP_BY_SOCKET manual.
[LOG_CAT_SBGP] libnuma.so: cannot open shared object file: No such file or directory
[LOG_CAT_SBGP] Failed to dlopen libnuma.so. Fallback to GROUP_BY_SOCKET manual.
[LOG_CAT_SBGP] libnuma.so: cannot open shared object file: No such file or directory
[LOG_CAT_SBGP] Failed to dlopen libnuma.so. Fallback to GROUP_BY_SOCKET manual.
[LOG_CAT_SBGP] libnuma.so: cannot open shared object file: No such file or directory
[LOG_CAT_SBGP] Failed to dlopen libnuma.so. Fallback to GROUP_BY_SOCKET manual.
[LOG_CAT_SBGP] libnuma.so: cannot open shared object file: No such file or directory
[LOG_CAT_SBGP] Failed to dlopen libnuma.so. Fallback to GROUP_BY_SOCKET manual.
[LOG_CAT_SBGP] libnuma.so: cannot open shared object file: No such file or directory
[LOG_CAT_SBGP] Failed to dlopen libnuma.so. Fallback to GROUP_BY_SOCKET manual.
[LOG_CAT_SBGP] libnuma.so: cannot open shared object file: No such file or directory
[LOG_CAT_SBGP] Failed to dlopen libnuma.so. Fallback to GROUP_BY_SOCKET manual.
[LOG_CAT_SBGP] libnuma.so: cannot open shared object file: No such file or directory
[LOG_CAT_SBGP] Failed to dlopen libnuma.so. Fallback to GROUP_BY_SOCKET manual.
[LOG_CAT_SBGP] libnuma.so: cannot open shared object file: No such file or directory
[LOG_CAT_SBGP] Failed to dlopen libnuma.so. Fallback to GROUP_BY_SOCKET manual.
[LOG_CAT_SBGP] libnuma.so: cannot open shared object file: No such file or directory
[LOG_CAT_SBGP] Failed to dlopen libnuma.so. Fallback to GROUP_BY_SOCKET manual.
[LOG_CAT_SBGP] libnuma.so: cannot open shared object file: No such file or directory
[LOG_CAT_SBGP] Failed to dlopen libnuma.so. Fallback to GROUP_BY_SOCKET manual.
[LOG_CAT_SBGP] libnuma.so: cannot open shared object file: No such file or directory
[LOG_CAT_SBGP] Failed to dlopen libnuma.so. Fallback to GROUP_BY_SOCKET manual.
[LOG_CAT_SBGP] libnuma.so: cannot open shared object file: No such file or directory
[LOG_CAT_SBGP] Failed to dlopen libnuma.so. Fallback to GROUP_BY_SOCKET manual.
[LOG_CAT_SBGP] libnuma.so: cannot open shared object file: No such file or directory
[LOG_CAT_SBGP] Failed to dlopen libnuma.so. Fallback to GROUP_BY_SOCKET manual.
[LOG_CAT_SBGP] libnuma.so: cannot open shared object file: No such file or directory
[LOG_CAT_SBGP] Failed to dlopen libnuma.so. Fallback to GROUP_BY_SOCKET manual.
[LOG_CAT_SBGP] libnuma.so: cannot open shared object file: No such file or directory
[LOG_CAT_SBGP] Failed to dlopen libnuma.so. Fallback to GROUP_BY_SOCKET manual.
[LOG_CAT_SBGP] libnuma.so: cannot open shared object file: No such file or directory
[LOG_CAT_SBGP] Failed to dlopen libnuma.so. Fallback to GROUP_BY_SOCKET manual.
[LOG_CAT_SBGP] libnuma.so: cannot open shared object file: No such file or directory
[LOG_CAT_SBGP] Failed to dlopen libnuma.so. Fallback to GROUP_BY_SOCKET manual.
[LOG_CAT_SBGP] libnuma.so: cannot open shared object file: No such file or directory
[LOG_CAT_SBGP] Failed to dlopen libnuma.so. Fallback to GROUP_BY_SOCKET manual.
[LOG_CAT_SBGP] libnuma.so: cannot open shared object file: No such file or directory
[LOG_CAT_SBGP] Failed to dlopen libnuma.so. Fallback to GROUP_BY_SOCKET manual.
[LOG_CAT_SBGP] libnuma.so: cannot open shared object file: No such file or directory
[LOG_CAT_SBGP] Failed to dlopen libnuma.so. Fallback to GROUP_BY_SOCKET manual.
[LOG_CAT_SBGP] libnuma.so: cannot open shared object file: No such file or directory
[LOG_CAT_SBGP] Failed to dlopen libnuma.so. Fallback to GROUP_BY_SOCKET manual.
[LOG_CAT_SBGP] libnuma.so: cannot open shared object file: No such file or directory
[LOG_CAT_SBGP] Failed to dlopen libnuma.so. Fallback to GROUP_BY_SOCKET manual.
[LOG_CAT_SBGP] libnuma.so: cannot open shared object file: No such file or directory
[LOG_CAT_SBGP] Failed to dlopen libnuma.so. Fallback to GROUP_BY_SOCKET manual.
[LOG_CAT_SBGP] libnuma.so: cannot open shared object file: No such file or directory
[LOG_CAT_SBGP] Failed to dlopen libnuma.so. Fallback to GROUP_BY_SOCKET manual.
[LOG_CAT_SBGP] libnuma.so: cannot open shared object file: No such file or directory
[LOG_CAT_SBGP] Failed to dlopen libnuma.so. Fallback to GROUP_BY_SOCKET manual.
[LOG_CAT_SBGP] libnuma.so: cannot open shared object file: No such file or directory
[LOG_CAT_SBGP] Failed to dlopen libnuma.so. Fallback to GROUP_BY_SOCKET manual.
[LOG_CAT_SBGP] libnuma.so: cannot open shared object file: No such file or directory
[LOG_CAT_SBGP] Failed to dlopen libnuma.so. Fallback to GROUP_BY_SOCKET manual.
[LOG_CAT_SBGP] libnuma.so: cannot open shared object file: No such file or directory
[LOG_CAT_SBGP] Failed to dlopen libnuma.so. Fallback to GROUP_BY_SOCKET manual.
[LOG_CAT_SBGP] libnuma.so: cannot open shared object file: No such file or directory
[LOG_CAT_SBGP] Failed to dlopen libnuma.so. Fallback to GROUP_BY_SOCKET manual.
[LOG_CAT_SBGP] libnuma.so: cannot open shared object file: No such file or directory
[LOG_CAT_SBGP] Failed to dlopen libnuma.so. Fallback to GROUP_BY_SOCKET manual.
[LOG_CAT_SBGP] libnuma.so: cannot open shared object file: No such file or directory
[LOG_CAT_SBGP] Failed to dlopen libnuma.so. Fallback to GROUP_BY_SOCKET manual.
[LOG_CAT_SBGP] libnuma.so: cannot open shared object file: No such file or directory
[LOG_CAT_SBGP] Failed to dlopen libnuma.so. Fallback to GROUP_BY_SOCKET manual.
[LOG_CAT_SBGP] libnuma.so: cannot open shared object file: No such file or directory
[LOG_CAT_SBGP] Failed to dlopen libnuma.so. Fallback to GROUP_BY_SOCKET manual.
[LOG_CAT_SBGP] libnuma.so: cannot open shared object file: No such file or directory
[LOG_CAT_SBGP] Failed to dlopen libnuma.so. Fallback to GROUP_BY_SOCKET manual.
[LOG_CAT_SBGP] libnuma.so: cannot open shared object file: No such file or directory
[LOG_CAT_SBGP] Failed to dlopen libnuma.so. Fallback to GROUP_BY_SOCKET manual.
[LOG_CAT_SBGP] libnuma.so: cannot open shared object file: No such file or directory
[LOG_CAT_SBGP] Failed to dlopen libnuma.so. Fallback to GROUP_BY_SOCKET manual.
[LOG_CAT_SBGP] libnuma.so: cannot open shared object file: No such file or directory
[LOG_CAT_SBGP] Failed to dlopen libnuma.so. Fallback to GROUP_BY_SOCKET manual.
[LOG_CAT_SBGP] libnuma.so: cannot open shared object file: No such file or directory
[LOG_CAT_SBGP] Failed to dlopen libnuma.so. Fallback to GROUP_BY_SOCKET manual.
[LOG_CAT_SBGP] libnuma.so: cannot open shared object file: No such file or directory
[LOG_CAT_SBGP] Failed to dlopen libnuma.so. Fallback to GROUP_BY_SOCKET manual.
[LOG_CAT_SBGP] libnuma.so: cannot open shared object file: No such file or directory
[LOG_CAT_SBGP] Failed to dlopen libnuma.so. Fallback to GROUP_BY_SOCKET manual.
[LOG_CAT_SBGP] libnuma.so: cannot open shared object file: No such file or directory
[LOG_CAT_SBGP] Failed to dlopen libnuma.so. Fallback to GROUP_BY_SOCKET manual.
[LOG_CAT_SBGP] libnuma.so: cannot open shared object file: No such file or directory
[LOG_CAT_SBGP] Failed to dlopen libnuma.so. Fallback to GROUP_BY_SOCKET manual.
[LOG_CAT_SBGP] libnuma.so: cannot open shared object file: No such file or directory
[LOG_CAT_SBGP] Failed to dlopen libnuma.so. Fallback to GROUP_BY_SOCKET manual.
[LOG_CAT_SBGP] libnuma.so: cannot open shared object file: No such file or directory
[LOG_CAT_SBGP] Failed to dlopen libnuma.so. Fallback to GROUP_BY_SOCKET manual.
[LOG_CAT_SBGP] libnuma.so: cannot open shared object file: No such file or directory
[LOG_CAT_SBGP] Failed to dlopen libnuma.so. Fallback to GROUP_BY_SOCKET manual.
[LOG_CAT_SBGP] libnuma.so: cannot open shared object file: No such file or directory
[LOG_CAT_SBGP] Failed to dlopen libnuma.so. Fallback to GROUP_BY_SOCKET manual.
[LOG_CAT_SBGP] libnuma.so: cannot open shared object file: No such file or directory
[LOG_CAT_SBGP] Failed to dlopen libnuma.so. Fallback to GROUP_BY_SOCKET manual.
[LOG_CAT_SBGP] libnuma.so: cannot open shared object file: No such file or directory
[LOG_CAT_SBGP] Failed to dlopen libnuma.so. Fallback to GROUP_BY_SOCKET manual.
[LOG_CAT_SBGP] libnuma.so: cannot open shared object file: No such file or directory
[LOG_CAT_SBGP] Failed to dlopen libnuma.so. Fallback to GROUP_BY_SOCKET manual.
[LOG_CAT_SBGP] libnuma.so: cannot open shared object file: No such file or directory
[LOG_CAT_SBGP] Failed to dlopen libnuma.so. Fallback to GROUP_BY_SOCKET manual.
[LOG_CAT_SBGP] libnuma.so: cannot open shared object file: No such file or directory
[LOG_CAT_SBGP] Failed to dlopen libnuma.so. Fallback to GROUP_BY_SOCKET manual.
[LOG_CAT_SBGP] libnuma.so: cannot open shared object file: No such file or directory
[LOG_CAT_SBGP] Failed to dlopen libnuma.so. Fallback to GROUP_BY_SOCKET manual.
[LOG_CAT_SBGP] libnuma.so: cannot open shared object file: No such file or directory
[LOG_CAT_SBGP] Failed to dlopen libnuma.so. Fallback to GROUP_BY_SOCKET manual.
[LOG_CAT_SBGP] libnuma.so: cannot open shared object file: No such file or directory
[LOG_CAT_SBGP] Failed to dlopen libnuma.so. Fallback to GROUP_BY_SOCKET manual.
[LOG_CAT_SBGP] libnuma.so: cannot open shared object file: No such file or directory
[LOG_CAT_SBGP] Failed to dlopen libnuma.so. Fallback to GROUP_BY_SOCKET manual.
[LOG_CAT_SBGP] libnuma.so: cannot open shared object file: No such file or directory
[LOG_CAT_SBGP] Failed to dlopen libnuma.so. Fallback to GROUP_BY_SOCKET manual.
[LOG_CAT_SBGP] libnuma.so: cannot open shared object file: No such file or directory
[LOG_CAT_SBGP] Failed to dlopen libnuma.so. Fallback to GROUP_BY_SOCKET manual.
[LOG_CAT_SBGP] libnuma.so: cannot open shared object file: No such file or directory
[LOG_CAT_SBGP] Failed to dlopen libnuma.so. Fallback to GROUP_BY_SOCKET manual.
[LOG_CAT_SBGP] libnuma.so: cannot open shared object file: No such file or directory
[LOG_CAT_SBGP] Failed to dlopen libnuma.so. Fallback to GROUP_BY_SOCKET manual.
[LOG_CAT_SBGP] libnuma.so: cannot open shared object file: No such file or directory
[LOG_CAT_SBGP] Failed to dlopen libnuma.so. Fallback to GROUP_BY_SOCKET manual.
[LOG_CAT_SBGP] libnuma.so: cannot open shared object file: No such file or directory
[LOG_CAT_SBGP] Failed to dlopen libnuma.so. Fallback to GROUP_BY_SOCKET manual.
[LOG_CAT_SBGP] libnuma.so: cannot open shared object file: No such file or directory
[LOG_CAT_SBGP] Failed to dlopen libnuma.so. Fallback to GROUP_BY_SOCKET manual.
[LOG_CAT_SBGP] libnuma.so: cannot open shared object file: No such file or directory
[LOG_CAT_SBGP] Failed to dlopen libnuma.so. Fallback to GROUP_BY_SOCKET manual.
[LOG_CAT_SBGP] libnuma.so: cannot open shared object file: No such file or directory
[LOG_CAT_SBGP] Failed to dlopen libnuma.so. Fallback to GROUP_BY_SOCKET manual.
[LOG_CAT_SBGP] libnuma.so: cannot open shared object file: No such file or directory
[LOG_CAT_SBGP] Failed to dlopen libnuma.so. Fallback to GROUP_BY_SOCKET manual.
[LOG_CAT_SBGP] libnuma.so: cannot open shared object file: No such file or directory
[LOG_CAT_SBGP] Failed to dlopen libnuma.so. Fallback to GROUP_BY_SOCKET manual.
[LOG_CAT_SBGP] libnuma.so: cannot open shared object file: No such file or directory
[LOG_CAT_SBGP] Failed to dlopen libnuma.so. Fallback to GROUP_BY_SOCKET manual.
[LOG_CAT_SBGP] libnuma.so: cannot open shared object file: No such file or directory
[LOG_CAT_SBGP] Failed to dlopen libnuma.so. Fallback to GROUP_BY_SOCKET manual.
[LOG_CAT_SBGP] libnuma.so: cannot open shared object file: No such file or directory
[LOG_CAT_SBGP] Failed to dlopen libnuma.so. Fallback to GROUP_BY_SOCKET manual.
[LOG_CAT_SBGP] libnuma.so: cannot open shared object file: No such file or directory
[LOG_CAT_SBGP] Failed to dlopen libnuma.so. Fallback to GROUP_BY_SOCKET manual.
[LOG_CAT_SBGP] libnuma.so: cannot open shared object file: No such file or directory
[LOG_CAT_SBGP] Failed to dlopen libnuma.so. Fallback to GROUP_BY_SOCKET manual.
[LOG_CAT_SBGP] libnuma.so: cannot open shared object file: No such file or directory
[LOG_CAT_SBGP] Failed to dlopen libnuma.so. Fallback to GROUP_BY_SOCKET manual.
[LOG_CAT_SBGP] libnuma.so: cannot open shared object file: No such file or directory
[LOG_CAT_SBGP] Failed to dlopen libnuma.so. Fallback to GROUP_BY_SOCKET manual.
[LOG_CAT_SBGP] libnuma.so: cannot open shared object file: No such file or directory
[LOG_CAT_SBGP] Failed to dlopen libnuma.so. Fallback to GROUP_BY_SOCKET manual.
[LOG_CAT_SBGP] libnuma.so: cannot open shared object file: No such file or directory
[LOG_CAT_SBGP] Failed to dlopen libnuma.so. Fallback to GROUP_BY_SOCKET manual.
[LOG_CAT_SBGP] libnuma.so: cannot open shared object file: No such file or directory
[LOG_CAT_SBGP] Failed to dlopen libnuma.so. Fallback to GROUP_BY_SOCKET manual.
[LOG_CAT_SBGP] libnuma.so: cannot open shared object file: No such file or directory
[LOG_CAT_SBGP] Failed to dlopen libnuma.so. Fallback to GROUP_BY_SOCKET manual.
[LOG_CAT_SBGP] libnuma.so: cannot open shared object file: No such file or directory
[LOG_CAT_SBGP] Failed to dlopen libnuma.so. Fallback to GROUP_BY_SOCKET manual.
[LOG_CAT_SBGP] libnuma.so: cannot open shared object file: No such file or directory
[LOG_CAT_SBGP] Failed to dlopen libnuma.so. Fallback to GROUP_BY_SOCKET manual.
[LOG_CAT_SBGP] libnuma.so: cannot open shared object file: No such file or directory
[LOG_CAT_SBGP] Failed to dlopen libnuma.so. Fallback to GROUP_BY_SOCKET manual.
[LOG_CAT_SBGP] libnuma.so: cannot open shared object file: No such file or directory
[LOG_CAT_SBGP] Failed to dlopen libnuma.so. Fallback to GROUP_BY_SOCKET manual.
[LOG_CAT_SBGP] libnuma.so: cannot open shared object file: No such file or directory
[LOG_CAT_SBGP] Failed to dlopen libnuma.so. Fallback to GROUP_BY_SOCKET manual.
[LOG_CAT_SBGP] libnuma.so: cannot open shared object file: No such file or directory
[LOG_CAT_SBGP] Failed to dlopen libnuma.so. Fallback to GROUP_BY_SOCKET manual.
[LOG_CAT_SBGP] libnuma.so: cannot open shared object file: No such file or directory
[LOG_CAT_SBGP] Failed to dlopen libnuma.so. Fallback to GROUP_BY_SOCKET manual.
[LOG_CAT_SBGP] libnuma.so: cannot open shared object file: No such file or directory
[LOG_CAT_SBGP] Failed to dlopen libnuma.so. Fallback to GROUP_BY_SOCKET manual.
[LOG_CAT_SBGP] libnuma.so: cannot open shared object file: No such file or directory
[LOG_CAT_SBGP] Failed to dlopen libnuma.so. Fallback to GROUP_BY_SOCKET manual.
[LOG_CAT_SBGP] libnuma.so: cannot open shared object file: No such file or directory
[LOG_CAT_SBGP] Failed to dlopen libnuma.so. Fallback to GROUP_BY_SOCKET manual.
[LOG_CAT_SBGP] libnuma.so: cannot open shared object file: No such file or directory
[LOG_CAT_SBGP] Failed to dlopen libnuma.so. Fallback to GROUP_BY_SOCKET manual.
[LOG_CAT_SBGP] libnuma.so: cannot open shared object file: No such file or directory
[LOG_CAT_SBGP] Failed to dlopen libnuma.so. Fallback to GROUP_BY_SOCKET manual.
[LOG_CAT_SBGP] libnuma.so: cannot open shared object file: No such file or directory
[LOG_CAT_SBGP] Failed to dlopen libnuma.so. Fallback to GROUP_BY_SOCKET manual.
[LOG_CAT_SBGP] libnuma.so: cannot open shared object file: No such file or directory
[LOG_CAT_SBGP] Failed to dlopen libnuma.so. Fallback to GROUP_BY_SOCKET manual.
[LOG_CAT_SBGP] libnuma.so: cannot open shared object file: No such file or directory
[LOG_CAT_SBGP] Failed to dlopen libnuma.so. Fallback to GROUP_BY_SOCKET manual.
[LOG_CAT_SBGP] libnuma.so: cannot open shared object file: No such file or directory
[LOG_CAT_SBGP] Failed to dlopen libnuma.so. Fallback to GROUP_BY_SOCKET manual.
[LOG_CAT_SBGP] libnuma.so: cannot open shared object file: No such file or directory
[LOG_CAT_SBGP] Failed to dlopen libnuma.so. Fallback to GROUP_BY_SOCKET manual.
[LOG_CAT_SBGP] libnuma.so: cannot open shared object file: No such file or directory
[LOG_CAT_SBGP] Failed to dlopen libnuma.so. Fallback to GROUP_BY_SOCKET manual.
[LOG_CAT_SBGP] libnuma.so: cannot open shared object file: No such file or directory
[LOG_CAT_SBGP] Failed to dlopen libnuma.so. Fallback to GROUP_BY_SOCKET manual.
[LOG_CAT_SBGP] libnuma.so: cannot open shared object file: No such file or directory
[LOG_CAT_SBGP] Failed to dlopen libnuma.so. Fallback to GROUP_BY_SOCKET manual.
[LOG_CAT_SBGP] libnuma.so: cannot open shared object file: No such file or directory
[LOG_CAT_SBGP] Failed to dlopen libnuma.so. Fallback to GROUP_BY_SOCKET manual.
[LOG_CAT_SBGP] libnuma.so: cannot open shared object file: No such file or directory
[LOG_CAT_SBGP] Failed to dlopen libnuma.so. Fallback to GROUP_BY_SOCKET manual.
[LOG_CAT_SBGP] libnuma.so: cannot open shared object file: No such file or directory
[LOG_CAT_SBGP] Failed to dlopen libnuma.so. Fallback to GROUP_BY_SOCKET manual.
[LOG_CAT_SBGP] libnuma.so: cannot open shared object file: No such file or directory
[LOG_CAT_SBGP] Failed to dlopen libnuma.so. Fallback to GROUP_BY_SOCKET manual.
[LOG_CAT_SBGP] libnuma.so: cannot open shared object file: No such file or directory
[LOG_CAT_SBGP] Failed to dlopen libnuma.so. Fallback to GROUP_BY_SOCKET manual.
[LOG_CAT_SBGP] libnuma.so: cannot open shared object file: No such file or directory
[LOG_CAT_SBGP] Failed to dlopen libnuma.so. Fallback to GROUP_BY_SOCKET manual.
[LOG_CAT_SBGP] libnuma.so: cannot open shared object file: No such file or directory
[LOG_CAT_SBGP] Failed to dlopen libnuma.so. Fallback to GROUP_BY_SOCKET manual.
[LOG_CAT_SBGP] libnuma.so: cannot open shared object file: No such file or directory
[LOG_CAT_SBGP] Failed to dlopen libnuma.so. Fallback to GROUP_BY_SOCKET manual.
[LOG_CAT_SBGP] libnuma.so: cannot open shared object file: No such file or directory
[LOG_CAT_SBGP] Failed to dlopen libnuma.so. Fallback to GROUP_BY_SOCKET manual.
[LOG_CAT_SBGP] libnuma.so: cannot open shared object file: No such file or directory
[LOG_CAT_SBGP] Failed to dlopen libnuma.so. Fallback to GROUP_BY_SOCKET manual.
[LOG_CAT_SBGP] libnuma.so: cannot open shared object file: No such file or directory
[LOG_CAT_SBGP] Failed to dlopen libnuma.so. Fallback to GROUP_BY_SOCKET manual.
[LOG_CAT_SBGP] libnuma.so: cannot open shared object file: No such file or directory
[LOG_CAT_SBGP] Failed to dlopen libnuma.so. Fallback to GROUP_BY_SOCKET manual.
[LOG_CAT_SBGP] libnuma.so: cannot open shared object file: No such file or directory
[LOG_CAT_SBGP] Failed to dlopen libnuma.so. Fallback to GROUP_BY_SOCKET manual.
[LOG_CAT_SBGP] libnuma.so: cannot open shared object file: No such file or directory
[LOG_CAT_SBGP] Failed to dlopen libnuma.so. Fallback to GROUP_BY_SOCKET manual.
[LOG_CAT_SBGP] libnuma.so: cannot open shared object file: No such file or directory
[LOG_CAT_SBGP] Failed to dlopen libnuma.so. Fallback to GROUP_BY_SOCKET manual.
[LOG_CAT_SBGP] libnuma.so: cannot open shared object file: No such file or directory
[LOG_CAT_SBGP] Failed to dlopen libnuma.so. Fallback to GROUP_BY_SOCKET manual.
[LOG_CAT_SBGP] libnuma.so: cannot open shared object file: No such file or directory
[LOG_CAT_SBGP] Failed to dlopen libnuma.so. Fallback to GROUP_BY_SOCKET manual.
[LOG_CAT_SBGP] libnuma.so: cannot open shared object file: No such file or directory
[LOG_CAT_SBGP] Failed to dlopen libnuma.so. Fallback to GROUP_BY_SOCKET manual.
[LOG_CAT_SBGP] libnuma.so: cannot open shared object file: No such file or directory
[LOG_CAT_SBGP] Failed to dlopen libnuma.so. Fallback to GROUP_BY_SOCKET manual.
[LOG_CAT_SBGP] libnuma.so: cannot open shared object file: No such file or directory
[LOG_CAT_SBGP] Failed to dlopen libnuma.so. Fallback to GROUP_BY_SOCKET manual.
[LOG_CAT_SBGP] libnuma.so: cannot open shared object file: No such file or directory
[LOG_CAT_SBGP] Failed to dlopen libnuma.so. Fallback to GROUP_BY_SOCKET manual.
[LOG_CAT_SBGP] libnuma.so: cannot open shared object file: No such file or directory
[LOG_CAT_SBGP] Failed to dlopen libnuma.so. Fallback to GROUP_BY_SOCKET manual.
[LOG_CAT_SBGP] libnuma.so: cannot open shared object file: No such file or directory
[LOG_CAT_SBGP] Failed to dlopen libnuma.so. Fallback to GROUP_BY_SOCKET manual.
[LOG_CAT_SBGP] libnuma.so: cannot open shared object file: No such file or directory
[LOG_CAT_SBGP] Failed to dlopen libnuma.so. Fallback to GROUP_BY_SOCKET manual.
[LOG_CAT_SBGP] libnuma.so: cannot open shared object file: No such file or directory
[LOG_CAT_SBGP] Failed to dlopen libnuma.so. Fallback to GROUP_BY_SOCKET manual.
[LOG_CAT_SBGP] libnuma.so: cannot open shared object file: No such file or directory
[LOG_CAT_SBGP] Failed to dlopen libnuma.so. Fallback to GROUP_BY_SOCKET manual.
[LOG_CAT_SBGP] libnuma.so: cannot open shared object file: No such file or directory
[LOG_CAT_SBGP] Failed to dlopen libnuma.so. Fallback to GROUP_BY_SOCKET manual.
[LOG_CAT_SBGP] libnuma.so: cannot open shared object file: No such file or directory
[LOG_CAT_SBGP] Failed to dlopen libnuma.so. Fallback to GROUP_BY_SOCKET manual.
[LOG_CAT_SBGP] libnuma.so: cannot open shared object file: No such file or directory
[LOG_CAT_SBGP] Failed to dlopen libnuma.so. Fallback to GROUP_BY_SOCKET manual.
[LOG_CAT_SBGP] libnuma.so: cannot open shared object file: No such file or directory
[LOG_CAT_SBGP] Failed to dlopen libnuma.so. Fallback to GROUP_BY_SOCKET manual.
[LOG_CAT_SBGP] libnuma.so: cannot open shared object file: No such file or directory
[LOG_CAT_SBGP] Failed to dlopen libnuma.so. Fallback to GROUP_BY_SOCKET manual.
[LOG_CAT_SBGP] libnuma.so: cannot open shared object file: No such file or directory
[LOG_CAT_SBGP] Failed to dlopen libnuma.so. Fallback to GROUP_BY_SOCKET manual.
[LOG_CAT_SBGP] libnuma.so: cannot open shared object file: No such file or directory
[LOG_CAT_SBGP] Failed to dlopen libnuma.so. Fallback to GROUP_BY_SOCKET manual.
[LOG_CAT_SBGP] libnuma.so: cannot open shared object file: No such file or directory
[LOG_CAT_SBGP] Failed to dlopen libnuma.so. Fallback to GROUP_BY_SOCKET manual.
[LOG_CAT_SBGP] libnuma.so: cannot open shared object file: No such file or directory
[LOG_CAT_SBGP] Failed to dlopen libnuma.so. Fallback to GROUP_BY_SOCKET manual.
[LOG_CAT_SBGP] libnuma.so: cannot open shared object file: No such file or directory
[LOG_CAT_SBGP] Failed to dlopen libnuma.so. Fallback to GROUP_BY_SOCKET manual.
[LOG_CAT_SBGP] libnuma.so: cannot open shared object file: No such file or directory
[LOG_CAT_SBGP] Failed to dlopen libnuma.so. Fallback to GROUP_BY_SOCKET manual.
[LOG_CAT_SBGP] libnuma.so: cannot open shared object file: No such file or directory
[LOG_CAT_SBGP] Failed to dlopen libnuma.so. Fallback to GROUP_BY_SOCKET manual.
[LOG_CAT_SBGP] libnuma.so: cannot open shared object file: No such file or directory
[LOG_CAT_SBGP] Failed to dlopen libnuma.so. Fallback to GROUP_BY_SOCKET manual.
[LOG_CAT_SBGP] libnuma.so: cannot open shared object file: No such file or directory
[LOG_CAT_SBGP] Failed to dlopen libnuma.so. Fallback to GROUP_BY_SOCKET manual.
[LOG_CAT_SBGP] libnuma.so: cannot open shared object file: No such file or directory
[LOG_CAT_SBGP] Failed to dlopen libnuma.so. Fallback to GROUP_BY_SOCKET manual.
[LOG_CAT_SBGP] libnuma.so: cannot open shared object file: No such file or directory
[LOG_CAT_SBGP] Failed to dlopen libnuma.so. Fallback to GROUP_BY_SOCKET manual.
[LOG_CAT_SBGP] libnuma.so: cannot open shared object file: No such file or directory
[LOG_CAT_SBGP] Failed to dlopen libnuma.so. Fallback to GROUP_BY_SOCKET manual.
[LOG_CAT_SBGP] libnuma.so: cannot open shared object file: No such file or directory
[LOG_CAT_SBGP] Failed to dlopen libnuma.so. Fallback to GROUP_BY_SOCKET manual.
[LOG_CAT_SBGP] libnuma.so: cannot open shared object file: No such file or directory
[LOG_CAT_SBGP] Failed to dlopen libnuma.so. Fallback to GROUP_BY_SOCKET manual.
[LOG_CAT_SBGP] libnuma.so: cannot open shared object file: No such file or directory
[LOG_CAT_SBGP] Failed to dlopen libnuma.so. Fallback to GROUP_BY_SOCKET manual.
[LOG_CAT_SBGP] libnuma.so: cannot open shared object file: No such file or directory
[LOG_CAT_SBGP] Failed to dlopen libnuma.so. Fallback to GROUP_BY_SOCKET manual.
[LOG_CAT_SBGP] libnuma.so: cannot open shared object file: No such file or directory
[LOG_CAT_SBGP] Failed to dlopen libnuma.so. Fallback to GROUP_BY_SOCKET manual.
[LOG_CAT_SBGP] libnuma.so: cannot open shared object file: No such file or directory
[LOG_CAT_SBGP] Failed to dlopen libnuma.so. Fallback to GROUP_BY_SOCKET manual.
[LOG_CAT_SBGP] libnuma.so: cannot open shared object file: No such file or directory
[LOG_CAT_SBGP] Failed to dlopen libnuma.so. Fallback to GROUP_BY_SOCKET manual.
[LOG_CAT_SBGP] libnuma.so: cannot open shared object file: No such file or directory
[LOG_CAT_SBGP] Failed to dlopen libnuma.so. Fallback to GROUP_BY_SOCKET manual.
[LOG_CAT_SBGP] libnuma.so: cannot open shared object file: No such file or directory
[LOG_CAT_SBGP] Failed to dlopen libnuma.so. Fallback to GROUP_BY_SOCKET manual.
[LOG_CAT_SBGP] libnuma.so: cannot open shared object file: No such file or directory
[LOG_CAT_SBGP] Failed to dlopen libnuma.so. Fallback to GROUP_BY_SOCKET manual.
[LOG_CAT_SBGP] libnuma.so: cannot open shared object file: No such file or directory
[LOG_CAT_SBGP] Failed to dlopen libnuma.so. Fallback to GROUP_BY_SOCKET manual.
[LOG_CAT_SBGP] libnuma.so: cannot open shared object file: No such file or directory
[LOG_CAT_SBGP] Failed to dlopen libnuma.so. Fallback to GROUP_BY_SOCKET manual.
[LOG_CAT_SBGP] libnuma.so: cannot open shared object file: No such file or directory
[LOG_CAT_SBGP] Failed to dlopen libnuma.so. Fallback to GROUP_BY_SOCKET manual.
[LOG_CAT_SBGP] libnuma.so: cannot open shared object file: No such file or directory
[LOG_CAT_SBGP] Failed to dlopen libnuma.so. Fallback to GROUP_BY_SOCKET manual.
[LOG_CAT_SBGP] libnuma.so: cannot open shared object file: No such file or directory
[LOG_CAT_SBGP] Failed to dlopen libnuma.so. Fallback to GROUP_BY_SOCKET manual.
[LOG_CAT_SBGP] libnuma.so: cannot open shared object file: No such file or directory
[LOG_CAT_SBGP] Failed to dlopen libnuma.so. Fallback to GROUP_BY_SOCKET manual.
[LOG_CAT_SBGP] libnuma.so: cannot open shared object file: No such file or directory
[LOG_CAT_SBGP] Failed to dlopen libnuma.so. Fallback to GROUP_BY_SOCKET manual.
[LOG_CAT_SBGP] libnuma.so: cannot open shared object file: No such file or directory
[LOG_CAT_SBGP] Failed to dlopen libnuma.so. Fallback to GROUP_BY_SOCKET manual.
[LOG_CAT_SBGP] libnuma.so: cannot open shared object file: No such file or directory
[LOG_CAT_SBGP] Failed to dlopen libnuma.so. Fallback to GROUP_BY_SOCKET manual.
[LOG_CAT_SBGP] libnuma.so: cannot open shared object file: No such file or directory
[LOG_CAT_SBGP] Failed to dlopen libnuma.so. Fallback to GROUP_BY_SOCKET manual.
[LOG_CAT_SBGP] libnuma.so: cannot open shared object file: No such file or directory
[LOG_CAT_SBGP] Failed to dlopen libnuma.so. Fallback to GROUP_BY_SOCKET manual.
[LOG_CAT_SBGP] libnuma.so: cannot open shared object file: No such file or directory
[LOG_CAT_SBGP] Failed to dlopen libnuma.so. Fallback to GROUP_BY_SOCKET manual.
[LOG_CAT_SBGP] libnuma.so: cannot open shared object file: No such file or directory
[LOG_CAT_SBGP] Failed to dlopen libnuma.so. Fallback to GROUP_BY_SOCKET manual.
[LOG_CAT_SBGP] libnuma.so: cannot open shared object file: No such file or directory
[LOG_CAT_SBGP] Failed to dlopen libnuma.so. Fallback to GROUP_BY_SOCKET manual.
[LOG_CAT_SBGP] libnuma.so: cannot open shared object file: No such file or directory
[LOG_CAT_SBGP] Failed to dlopen libnuma.so. Fallback to GROUP_BY_SOCKET manual.
[LOG_CAT_SBGP] libnuma.so: cannot open shared object file: No such file or directory
[LOG_CAT_SBGP] Failed to dlopen libnuma.so. Fallback to GROUP_BY_SOCKET manual.
[LOG_CAT_SBGP] libnuma.so: cannot open shared object file: No such file or directory
[LOG_CAT_SBGP] Failed to dlopen libnuma.so. Fallback to GROUP_BY_SOCKET manual.
[LOG_CAT_SBGP] libnuma.so: cannot open shared object file: No such file or directory
[LOG_CAT_SBGP] Failed to dlopen libnuma.so. Fallback to GROUP_BY_SOCKET manual.
[LOG_CAT_SBGP] libnuma.so: cannot open shared object file: No such file or directory
[LOG_CAT_SBGP] Failed to dlopen libnuma.so. Fallback to GROUP_BY_SOCKET manual.
[LOG_CAT_SBGP] libnuma.so: cannot open shared object file: No such file or directory
[LOG_CAT_SBGP] Failed to dlopen libnuma.so. Fallback to GROUP_BY_SOCKET manual.
[LOG_CAT_SBGP] libnuma.so: cannot open shared object file: No such file or directory
[LOG_CAT_SBGP] Failed to dlopen libnuma.so. Fallback to GROUP_BY_SOCKET manual.
[LOG_CAT_SBGP] libnuma.so: cannot open shared object file: No such file or directory
[LOG_CAT_SBGP] Failed to dlopen libnuma.so. Fallback to GROUP_BY_SOCKET manual.
[LOG_CAT_SBGP] libnuma.so: cannot open shared object file: No such file or directory
[LOG_CAT_SBGP] Failed to dlopen libnuma.so. Fallback to GROUP_BY_SOCKET manual.
[LOG_CAT_SBGP] libnuma.so: cannot open shared object file: No such file or directory
[LOG_CAT_SBGP] Failed to dlopen libnuma.so. Fallback to GROUP_BY_SOCKET manual.
[LOG_CAT_SBGP] libnuma.so: cannot open shared object file: No such file or directory
[LOG_CAT_SBGP] Failed to dlopen libnuma.so. Fallback to GROUP_BY_SOCKET manual.
[LOG_CAT_SBGP] libnuma.so: cannot open shared object file: No such file or directory
[LOG_CAT_SBGP] Failed to dlopen libnuma.so. Fallback to GROUP_BY_SOCKET manual.
[LOG_CAT_SBGP] libnuma.so: cannot open shared object file: No such file or directory
[LOG_CAT_SBGP] Failed to dlopen libnuma.so. Fallback to GROUP_BY_SOCKET manual.
[LOG_CAT_SBGP] libnuma.so: cannot open shared object file: No such file or directory
[LOG_CAT_SBGP] Failed to dlopen libnuma.so. Fallback to GROUP_BY_SOCKET manual.
[LOG_CAT_SBGP] libnuma.so: cannot open shared object file: No such file or directory
[LOG_CAT_SBGP] Failed to dlopen libnuma.so. Fallback to GROUP_BY_SOCKET manual.
[LOG_CAT_SBGP] libnuma.so: cannot open shared object file: No such file or directory
[LOG_CAT_SBGP] Failed to dlopen libnuma.so. Fallback to GROUP_BY_SOCKET manual.
[LOG_CAT_SBGP] libnuma.so: cannot open shared object file: No such file or directory
[LOG_CAT_SBGP] Failed to dlopen libnuma.so. Fallback to GROUP_BY_SOCKET manual.
[LOG_CAT_SBGP] libnuma.so: cannot open shared object file: No such file or directory
[LOG_CAT_SBGP] Failed to dlopen libnuma.so. Fallback to GROUP_BY_SOCKET manual.
[LOG_CAT_SBGP] libnuma.so: cannot open shared object file: No such file or directory
[LOG_CAT_SBGP] Failed to dlopen libnuma.so. Fallback to GROUP_BY_SOCKET manual.
[LOG_CAT_SBGP] libnuma.so: cannot open shared object file: No such file or directory
[LOG_CAT_SBGP] Failed to dlopen libnuma.so. Fallback to GROUP_BY_SOCKET manual.
[LOG_CAT_SBGP] libnuma.so: cannot open shared object file: No such file or directory
[LOG_CAT_SBGP] Failed to dlopen libnuma.so. Fallback to GROUP_BY_SOCKET manual.
[LOG_CAT_SBGP] libnuma.so: cannot open shared object file: No such file or directory
[LOG_CAT_SBGP] Failed to dlopen libnuma.so. Fallback to GROUP_BY_SOCKET manual.
[LOG_CAT_SBGP] libnuma.so: cannot open shared object file: No such file or directory
[LOG_CAT_SBGP] Failed to dlopen libnuma.so. Fallback to GROUP_BY_SOCKET manual.
[LOG_CAT_SBGP] libnuma.so: cannot open shared object file: No such file or directory
[LOG_CAT_SBGP] Failed to dlopen libnuma.so. Fallback to GROUP_BY_SOCKET manual.
[LOG_CAT_SBGP] libnuma.so: cannot open shared object file: No such file or directory
[LOG_CAT_SBGP] Failed to dlopen libnuma.so. Fallback to GROUP_BY_SOCKET manual.
[LOG_CAT_SBGP] libnuma.so: cannot open shared object file: No such file or directory
[LOG_CAT_SBGP] Failed to dlopen libnuma.so. Fallback to GROUP_BY_SOCKET manual.
[LOG_CAT_SBGP] libnuma.so: cannot open shared object file: No such file or directory
[LOG_CAT_SBGP] Failed to dlopen libnuma.so. Fallback to GROUP_BY_SOCKET manual.
[LOG_CAT_SBGP] libnuma.so: cannot open shared object file: No such file or directory
[LOG_CAT_SBGP] Failed to dlopen libnuma.so. Fallback to GROUP_BY_SOCKET manual.
[LOG_CAT_SBGP] libnuma.so: cannot open shared object file: No such file or directory
[LOG_CAT_SBGP] Failed to dlopen libnuma.so. Fallback to GROUP_BY_SOCKET manual.
[LOG_CAT_SBGP] libnuma.so: cannot open shared object file: No such file or directory
[LOG_CAT_SBGP] Failed to dlopen libnuma.so. Fallback to GROUP_BY_SOCKET manual.
[LOG_CAT_SBGP] libnuma.so: cannot open shared object file: No such file or directory
[LOG_CAT_SBGP] Failed to dlopen libnuma.so. Fallback to GROUP_BY_SOCKET manual.
[LOG_CAT_SBGP] libnuma.so: cannot open shared object file: No such file or directory
[LOG_CAT_SBGP] Failed to dlopen libnuma.so. Fallback to GROUP_BY_SOCKET manual.
[LOG_CAT_SBGP] libnuma.so: cannot open shared object file: No such file or directory
[LOG_CAT_SBGP] Failed to dlopen libnuma.so. Fallback to GROUP_BY_SOCKET manual.
[LOG_CAT_SBGP] libnuma.so: cannot open shared object file: No such file or directory
[LOG_CAT_SBGP] Failed to dlopen libnuma.so. Fallback to GROUP_BY_SOCKET manual.
[LOG_CAT_SBGP] libnuma.so: cannot open shared object file: No such file or directory
[LOG_CAT_SBGP] Failed to dlopen libnuma.so. Fallback to GROUP_BY_SOCKET manual.
[LOG_CAT_SBGP] libnuma.so: cannot open shared object file: No such file or directory
[LOG_CAT_SBGP] Failed to dlopen libnuma.so. Fallback to GROUP_BY_SOCKET manual.
[LOG_CAT_SBGP] libnuma.so: cannot open shared object file: No such file or directory
[LOG_CAT_SBGP] Failed to dlopen libnuma.so. Fallback to GROUP_BY_SOCKET manual.
[LOG_CAT_SBGP] libnuma.so: cannot open shared object file: No such file or directory
[LOG_CAT_SBGP] Failed to dlopen libnuma.so. Fallback to GROUP_BY_SOCKET manual.
[LOG_CAT_SBGP] libnuma.so: cannot open shared object file: No such file or directory
[LOG_CAT_SBGP] Failed to dlopen libnuma.so. Fallback to GROUP_BY_SOCKET manual.
[LOG_CAT_SBGP] libnuma.so: cannot open shared object file: No such file or directory
[LOG_CAT_SBGP] Failed to dlopen libnuma.so. Fallback to GROUP_BY_SOCKET manual.
[LOG_CAT_SBGP] libnuma.so: cannot open shared object file: No such file or directory
[LOG_CAT_SBGP] Failed to dlopen libnuma.so. Fallback to GROUP_BY_SOCKET manual.
[LOG_CAT_SBGP] libnuma.so: cannot open shared object file: No such file or directory
[LOG_CAT_SBGP] Failed to dlopen libnuma.so. Fallback to GROUP_BY_SOCKET manual.
[LOG_CAT_SBGP] libnuma.so: cannot open shared object file: No such file or directory
[LOG_CAT_SBGP] Failed to dlopen libnuma.so. Fallback to GROUP_BY_SOCKET manual.
[LOG_CAT_SBGP] libnuma.so: cannot open shared object file: No such file or directory
[LOG_CAT_SBGP] Failed to dlopen libnuma.so. Fallback to GROUP_BY_SOCKET manual.
[LOG_CAT_SBGP] libnuma.so: cannot open shared object file: No such file or directory
[LOG_CAT_SBGP] Failed to dlopen libnuma.so. Fallback to GROUP_BY_SOCKET manual.
[LOG_CAT_SBGP] libnuma.so: cannot open shared object file: No such file or directory
[LOG_CAT_SBGP] Failed to dlopen libnuma.so. Fallback to GROUP_BY_SOCKET manual.
[LOG_CAT_SBGP] libnuma.so: cannot open shared object file: No such file or directory
[LOG_CAT_SBGP] Failed to dlopen libnuma.so. Fallback to GROUP_BY_SOCKET manual.
[LOG_CAT_SBGP] libnuma.so: cannot open shared object file: No such file or directory
[LOG_CAT_SBGP] Failed to dlopen libnuma.so. Fallback to GROUP_BY_SOCKET manual.
[LOG_CAT_SBGP] libnuma.so: cannot open shared object file: No such file or directory
[LOG_CAT_SBGP] Failed to dlopen libnuma.so. Fallback to GROUP_BY_SOCKET manual.
[LOG_CAT_SBGP] libnuma.so: cannot open shared object file: No such file or directory
[LOG_CAT_SBGP] Failed to dlopen libnuma.so. Fallback to GROUP_BY_SOCKET manual.
[LOG_CAT_SBGP] libnuma.so: cannot open shared object file: No such file or directory
[LOG_CAT_SBGP] Failed to dlopen libnuma.so. Fallback to GROUP_BY_SOCKET manual.
[LOG_CAT_SBGP] libnuma.so: cannot open shared object file: No such file or directory
[LOG_CAT_SBGP] Failed to dlopen libnuma.so. Fallback to GROUP_BY_SOCKET manual.
[LOG_CAT_SBGP] libnuma.so: cannot open shared object file: No such file or directory
[LOG_CAT_SBGP] Failed to dlopen libnuma.so. Fallback to GROUP_BY_SOCKET manual.
[LOG_CAT_SBGP] libnuma.so: cannot open shared object file: No such file or directory
[LOG_CAT_SBGP] Failed to dlopen libnuma.so. Fallback to GROUP_BY_SOCKET manual.
[LOG_CAT_SBGP] libnuma.so: cannot open shared object file: No such file or directory
[LOG_CAT_SBGP] Failed to dlopen libnuma.so. Fallback to GROUP_BY_SOCKET manual.
[LOG_CAT_SBGP] libnuma.so: cannot open shared object file: No such file or directory
[LOG_CAT_SBGP] Failed to dlopen libnuma.so. Fallback to GROUP_BY_SOCKET manual.
[LOG_CAT_SBGP] libnuma.so: cannot open shared object file: No such file or directory
[LOG_CAT_SBGP] Failed to dlopen libnuma.so. Fallback to GROUP_BY_SOCKET manual.
[LOG_CAT_SBGP] libnuma.so: cannot open shared object file: No such file or directory
[LOG_CAT_SBGP] Failed to dlopen libnuma.so. Fallback to GROUP_BY_SOCKET manual.
[LOG_CAT_SBGP] libnuma.so: cannot open shared object file: No such file or directory
[LOG_CAT_SBGP] Failed to dlopen libnuma.so. Fallback to GROUP_BY_SOCKET manual.
[LOG_CAT_SBGP] libnuma.so: cannot open shared object file: No such file or directory
[LOG_CAT_SBGP] Failed to dlopen libnuma.so. Fallback to GROUP_BY_SOCKET manual.
[LOG_CAT_SBGP] libnuma.so: cannot open shared object file: No such file or directory
[LOG_CAT_SBGP] Failed to dlopen libnuma.so. Fallback to GROUP_BY_SOCKET manual.
[LOG_CAT_SBGP] libnuma.so: cannot open shared object file: No such file or directory
[LOG_CAT_SBGP] Failed to dlopen libnuma.so. Fallback to GROUP_BY_SOCKET manual.
[LOG_CAT_SBGP] libnuma.so: cannot open shared object file: No such file or directory
[LOG_CAT_SBGP] Failed to dlopen libnuma.so. Fallback to GROUP_BY_SOCKET manual.
[LOG_CAT_SBGP] libnuma.so: cannot open shared object file: No such file or directory
[LOG_CAT_SBGP] Failed to dlopen libnuma.so. Fallback to GROUP_BY_SOCKET manual.
[LOG_CAT_SBGP] libnuma.so: cannot open shared object file: No such file or directory
[LOG_CAT_SBGP] Failed to dlopen libnuma.so. Fallback to GROUP_BY_SOCKET manual.
[LOG_CAT_SBGP] libnuma.so: cannot open shared object file: No such file or directory
[LOG_CAT_SBGP] Failed to dlopen libnuma.so. Fallback to GROUP_BY_SOCKET manual.
[LOG_CAT_SBGP] libnuma.so: cannot open shared object file: No such file or directory
[LOG_CAT_SBGP] Failed to dlopen libnuma.so. Fallback to GROUP_BY_SOCKET manual.
[LOG_CAT_SBGP] libnuma.so: cannot open shared object file: No such file or directory
[LOG_CAT_SBGP] Failed to dlopen libnuma.so. Fallback to GROUP_BY_SOCKET manual.
[LOG_CAT_SBGP] libnuma.so: cannot open shared object file: No such file or directory
[LOG_CAT_SBGP] Failed to dlopen libnuma.so. Fallback to GROUP_BY_SOCKET manual.
[LOG_CAT_SBGP] libnuma.so: cannot open shared object file: No such file or directory
[LOG_CAT_SBGP] Failed to dlopen libnuma.so. Fallback to GROUP_BY_SOCKET manual.
[LOG_CAT_SBGP] libnuma.so: cannot open shared object file: No such file or directory
[LOG_CAT_SBGP] Failed to dlopen libnuma.so. Fallback to GROUP_BY_SOCKET manual.
[LOG_CAT_SBGP] libnuma.so: cannot open shared object file: No such file or directory
[LOG_CAT_SBGP] Failed to dlopen libnuma.so. Fallback to GROUP_BY_SOCKET manual.
[LOG_CAT_SBGP] libnuma.so: cannot open shared object file: No such file or directory
[LOG_CAT_SBGP] Failed to dlopen libnuma.so. Fallback to GROUP_BY_SOCKET manual.
[LOG_CAT_SBGP] libnuma.so: cannot open shared object file: No such file or directory
[LOG_CAT_SBGP] Failed to dlopen libnuma.so. Fallback to GROUP_BY_SOCKET manual.
[LOG_CAT_SBGP] libnuma.so: cannot open shared object file: No such file or directory
[LOG_CAT_SBGP] Failed to dlopen libnuma.so. Fallback to GROUP_BY_SOCKET manual.
[LOG_CAT_SBGP] libnuma.so: cannot open shared object file: No such file or directory
[LOG_CAT_SBGP] Failed to dlopen libnuma.so. Fallback to GROUP_BY_SOCKET manual.
[LOG_CAT_SBGP] libnuma.so: cannot open shared object file: No such file or directory
[LOG_CAT_SBGP] Failed to dlopen libnuma.so. Fallback to GROUP_BY_SOCKET manual.
[LOG_CAT_SBGP] libnuma.so: cannot open shared object file: No such file or directory
[LOG_CAT_SBGP] Failed to dlopen libnuma.so. Fallback to GROUP_BY_SOCKET manual.
[LOG_CAT_SBGP] libnuma.so: cannot open shared object file: No such file or directory
[LOG_CAT_SBGP] Failed to dlopen libnuma.so. Fallback to GROUP_BY_SOCKET manual.
[LOG_CAT_SBGP] libnuma.so: cannot open shared object file: No such file or directory
[LOG_CAT_SBGP] Failed to dlopen libnuma.so. Fallback to GROUP_BY_SOCKET manual.
[LOG_CAT_SBGP] libnuma.so: cannot open shared object file: No such file or directory
[LOG_CAT_SBGP] Failed to dlopen libnuma.so. Fallback to GROUP_BY_SOCKET manual.
[LOG_CAT_SBGP] libnuma.so: cannot open shared object file: No such file or directory
[LOG_CAT_SBGP] Failed to dlopen libnuma.so. Fallback to GROUP_BY_SOCKET manual.
[LOG_CAT_SBGP] libnuma.so: cannot open shared object file: No such file or directory
[LOG_CAT_SBGP] Failed to dlopen libnuma.so. Fallback to GROUP_BY_SOCKET manual.
[LOG_CAT_SBGP] libnuma.so: cannot open shared object file: No such file or directory
[LOG_CAT_SBGP] Failed to dlopen libnuma.so. Fallback to GROUP_BY_SOCKET manual.
[LOG_CAT_SBGP] libnuma.so: cannot open shared object file: No such file or directory
[LOG_CAT_SBGP] Failed to dlopen libnuma.so. Fallback to GROUP_BY_SOCKET manual.
[LOG_CAT_SBGP] libnuma.so: cannot open shared object file: No such file or directory
[LOG_CAT_SBGP] Failed to dlopen libnuma.so. Fallback to GROUP_BY_SOCKET manual.
[LOG_CAT_SBGP] libnuma.so: cannot open shared object file: No such file or directory
[LOG_CAT_SBGP] Failed to dlopen libnuma.so. Fallback to GROUP_BY_SOCKET manual.
[LOG_CAT_SBGP] libnuma.so: cannot open shared object file: No such file or directory
[LOG_CAT_SBGP] Failed to dlopen libnuma.so. Fallback to GROUP_BY_SOCKET manual.
[LOG_CAT_SBGP] libnuma.so: cannot open shared object file: No such file or directory
[LOG_CAT_SBGP] Failed to dlopen libnuma.so. Fallback to GROUP_BY_SOCKET manual.
[LOG_CAT_SBGP] libnuma.so: cannot open shared object file: No such file or directory
[LOG_CAT_SBGP] Failed to dlopen libnuma.so. Fallback to GROUP_BY_SOCKET manual.
[LOG_CAT_SBGP] libnuma.so: cannot open shared object file: No such file or directory
[LOG_CAT_SBGP] Failed to dlopen libnuma.so. Fallback to GROUP_BY_SOCKET manual.
[LOG_CAT_SBGP] libnuma.so: cannot open shared object file: No such file or directory
[LOG_CAT_SBGP] Failed to dlopen libnuma.so. Fallback to GROUP_BY_SOCKET manual.
[LOG_CAT_SBGP] libnuma.so: cannot open shared object file: No such file or directory
[LOG_CAT_SBGP] Failed to dlopen libnuma.so. Fallback to GROUP_BY_SOCKET manual.
[LOG_CAT_SBGP] libnuma.so: cannot open shared object file: No such file or directory
[LOG_CAT_SBGP] Failed to dlopen libnuma.so. Fallback to GROUP_BY_SOCKET manual.
[LOG_CAT_SBGP] libnuma.so: cannot open shared object file: No such file or directory
[LOG_CAT_SBGP] Failed to dlopen libnuma.so. Fallback to GROUP_BY_SOCKET manual.
[LOG_CAT_SBGP] libnuma.so: cannot open shared object file: No such file or directory
[LOG_CAT_SBGP] Failed to dlopen libnuma.so. Fallback to GROUP_BY_SOCKET manual.
[LOG_CAT_SBGP] libnuma.so: cannot open shared object file: No such file or directory
[LOG_CAT_SBGP] Failed to dlopen libnuma.so. Fallback to GROUP_BY_SOCKET manual.
[LOG_CAT_SBGP] libnuma.so: cannot open shared object file: No such file or directory
[LOG_CAT_SBGP] Failed to dlopen libnuma.so. Fallback to GROUP_BY_SOCKET manual.
[LOG_CAT_SBGP] libnuma.so: cannot open shared object file: No such file or directory
[LOG_CAT_SBGP] Failed to dlopen libnuma.so. Fallback to GROUP_BY_SOCKET manual.
[LOG_CAT_SBGP] libnuma.so: cannot open shared object file: No such file or directory
[LOG_CAT_SBGP] Failed to dlopen libnuma.so. Fallback to GROUP_BY_SOCKET manual.
[LOG_CAT_SBGP] libnuma.so: cannot open shared object file: No such file or directory
[LOG_CAT_SBGP] Failed to dlopen libnuma.so. Fallback to GROUP_BY_SOCKET manual.
[LOG_CAT_SBGP] libnuma.so: cannot open shared object file: No such file or directory
[LOG_CAT_SBGP] Failed to dlopen libnuma.so. Fallback to GROUP_BY_SOCKET manual.
[LOG_CAT_SBGP] libnuma.so: cannot open shared object file: No such file or directory
[LOG_CAT_SBGP] Failed to dlopen libnuma.so. Fallback to GROUP_BY_SOCKET manual.
[LOG_CAT_SBGP] libnuma.so: cannot open shared object file: No such file or directory
[LOG_CAT_SBGP] Failed to dlopen libnuma.so. Fallback to GROUP_BY_SOCKET manual.
[LOG_CAT_SBGP] libnuma.so: cannot open shared object file: No such file or directory
[LOG_CAT_SBGP] Failed to dlopen libnuma.so. Fallback to GROUP_BY_SOCKET manual.
[LOG_CAT_SBGP] libnuma.so: cannot open shared object file: No such file or directory
[LOG_CAT_SBGP] Failed to dlopen libnuma.so. Fallback to GROUP_BY_SOCKET manual.
[LOG_CAT_SBGP] libnuma.so: cannot open shared object file: No such file or directory
[LOG_CAT_SBGP] Failed to dlopen libnuma.so. Fallback to GROUP_BY_SOCKET manual.
[LOG_CAT_SBGP] libnuma.so: cannot open shared object file: No such file or directory
[LOG_CAT_SBGP] Failed to dlopen libnuma.so. Fallback to GROUP_BY_SOCKET manual.
[LOG_CAT_SBGP] libnuma.so: cannot open shared object file: No such file or directory
[LOG_CAT_SBGP] Failed to dlopen libnuma.so. Fallback to GROUP_BY_SOCKET manual.
[LOG_CAT_SBGP] libnuma.so: cannot open shared object file: No such file or directory
[LOG_CAT_SBGP] Failed to dlopen libnuma.so. Fallback to GROUP_BY_SOCKET manual.
[LOG_CAT_SBGP] libnuma.so: cannot open shared object file: No such file or directory
[LOG_CAT_SBGP] Failed to dlopen libnuma.so. Fallback to GROUP_BY_SOCKET manual.
[LOG_CAT_SBGP] libnuma.so: cannot open shared object file: No such file or directory
[LOG_CAT_SBGP] Failed to dlopen libnuma.so. Fallback to GROUP_BY_SOCKET manual.
[LOG_CAT_SBGP] libnuma.so: cannot open shared object file: No such file or directory
[LOG_CAT_SBGP] Failed to dlopen libnuma.so. Fallback to GROUP_BY_SOCKET manual.
[LOG_CAT_SBGP] libnuma.so: cannot open shared object file: No such file or directory
[LOG_CAT_SBGP] Failed to dlopen libnuma.so. Fallback to GROUP_BY_SOCKET manual.
[LOG_CAT_SBGP] libnuma.so: cannot open shared object file: No such file or directory
[LOG_CAT_SBGP] Failed to dlopen libnuma.so. Fallback to GROUP_BY_SOCKET manual.
[LOG_CAT_SBGP] libnuma.so: cannot open shared object file: No such file or directory
[LOG_CAT_SBGP] Failed to dlopen libnuma.so. Fallback to GROUP_BY_SOCKET manual.
[LOG_CAT_SBGP] libnuma.so: cannot open shared object file: No such file or directory
[LOG_CAT_SBGP] Failed to dlopen libnuma.so. Fallback to GROUP_BY_SOCKET manual.
[LOG_CAT_SBGP] libnuma.so: cannot open shared object file: No such file or directory
[LOG_CAT_SBGP] Failed to dlopen libnuma.so. Fallback to GROUP_BY_SOCKET manual.
[LOG_CAT_SBGP] libnuma.so: cannot open shared object file: No such file or directory
[LOG_CAT_SBGP] Failed to dlopen libnuma.so. Fallback to GROUP_BY_SOCKET manual.
[LOG_CAT_SBGP] libnuma.so: cannot open shared object file: No such file or directory
[LOG_CAT_SBGP] Failed to dlopen libnuma.so. Fallback to GROUP_BY_SOCKET manual.
[LOG_CAT_SBGP] libnuma.so: cannot open shared object file: No such file or directory
[LOG_CAT_SBGP] Failed to dlopen libnuma.so. Fallback to GROUP_BY_SOCKET manual.
[LOG_CAT_SBGP] libnuma.so: cannot open shared object file: No such file or directory
[LOG_CAT_SBGP] Failed to dlopen libnuma.so. Fallback to GROUP_BY_SOCKET manual.
[LOG_CAT_SBGP] libnuma.so: cannot open shared object file: No such file or directory
[LOG_CAT_SBGP] Failed to dlopen libnuma.so. Fallback to GROUP_BY_SOCKET manual.
[LOG_CAT_SBGP] libnuma.so: cannot open shared object file: No such file or directory
[LOG_CAT_SBGP] Failed to dlopen libnuma.so. Fallback to GROUP_BY_SOCKET manual.
[LOG_CAT_SBGP] libnuma.so: cannot open shared object file: No such file or directory
[LOG_CAT_SBGP] Failed to dlopen libnuma.so. Fallback to GROUP_BY_SOCKET manual.
[LOG_CAT_SBGP] libnuma.so: cannot open shared object file: No such file or directory
[LOG_CAT_SBGP] Failed to dlopen libnuma.so. Fallback to GROUP_BY_SOCKET manual.
[LOG_CAT_SBGP] libnuma.so: cannot open shared object file: No such file or directory
[LOG_CAT_SBGP] Failed to dlopen libnuma.so. Fallback to GROUP_BY_SOCKET manual.
[LOG_CAT_SBGP] libnuma.so: cannot open shared object file: No such file or directory
[LOG_CAT_SBGP] Failed to dlopen libnuma.so. Fallback to GROUP_BY_SOCKET manual.
[LOG_CAT_SBGP] libnuma.so: cannot open shared object file: No such file or directory
[LOG_CAT_SBGP] Failed to dlopen libnuma.so. Fallback to GROUP_BY_SOCKET manual.
[LOG_CAT_SBGP] libnuma.so: cannot open shared object file: No such file or directory
[LOG_CAT_SBGP] Failed to dlopen libnuma.so. Fallback to GROUP_BY_SOCKET manual.
[LOG_CAT_SBGP] libnuma.so: cannot open shared object file: No such file or directory
[LOG_CAT_SBGP] Failed to dlopen libnuma.so. Fallback to GROUP_BY_SOCKET manual.
[LOG_CAT_SBGP] libnuma.so: cannot open shared object file: No such file or directory
[LOG_CAT_SBGP] Failed to dlopen libnuma.so. Fallback to GROUP_BY_SOCKET manual.
[LOG_CAT_SBGP] libnuma.so: cannot open shared object file: No such file or directory
[LOG_CAT_SBGP] Failed to dlopen libnuma.so. Fallback to GROUP_BY_SOCKET manual.
[LOG_CAT_SBGP] libnuma.so: cannot open shared object file: No such file or directory
[LOG_CAT_SBGP] Failed to dlopen libnuma.so. Fallback to GROUP_BY_SOCKET manual.
[LOG_CAT_SBGP] libnuma.so: cannot open shared object file: No such file or directory
[LOG_CAT_SBGP] Failed to dlopen libnuma.so. Fallback to GROUP_BY_SOCKET manual.
[LOG_CAT_SBGP] libnuma.so: cannot open shared object file: No such file or directory
[LOG_CAT_SBGP] Failed to dlopen libnuma.so. Fallback to GROUP_BY_SOCKET manual.
[LOG_CAT_SBGP] libnuma.so: cannot open shared object file: No such file or directory
[LOG_CAT_SBGP] Failed to dlopen libnuma.so. Fallback to GROUP_BY_SOCKET manual.
[LOG_CAT_SBGP] libnuma.so: cannot open shared object file: No such file or directory
[LOG_CAT_SBGP] Failed to dlopen libnuma.so. Fallback to GROUP_BY_SOCKET manual.
[LOG_CAT_SBGP] libnuma.so: cannot open shared object file: No such file or directory
[LOG_CAT_SBGP] Failed to dlopen libnuma.so. Fallback to GROUP_BY_SOCKET manual.
[LOG_CAT_SBGP] libnuma.so: cannot open shared object file: No such file or directory
[LOG_CAT_SBGP] Failed to dlopen libnuma.so. Fallback to GROUP_BY_SOCKET manual.
[LOG_CAT_SBGP] libnuma.so: cannot open shared object file: No such file or directory
[LOG_CAT_SBGP] Failed to dlopen libnuma.so. Fallback to GROUP_BY_SOCKET manual.
[LOG_CAT_SBGP] libnuma.so: cannot open shared object file: No such file or directory
[LOG_CAT_SBGP] Failed to dlopen libnuma.so. Fallback to GROUP_BY_SOCKET manual.
[LOG_CAT_SBGP] libnuma.so: cannot open shared object file: No such file or directory
[LOG_CAT_SBGP] Failed to dlopen libnuma.so. Fallback to GROUP_BY_SOCKET manual.
[LOG_CAT_SBGP] libnuma.so: cannot open shared object file: No such file or directory
[LOG_CAT_SBGP] Failed to dlopen libnuma.so. Fallback to GROUP_BY_SOCKET manual.
[LOG_CAT_SBGP] libnuma.so: cannot open shared object file: No such file or directory
[LOG_CAT_SBGP] Failed to dlopen libnuma.so. Fallback to GROUP_BY_SOCKET manual.
[LOG_CAT_SBGP] libnuma.so: cannot open shared object file: No such file or directory
[LOG_CAT_SBGP] Failed to dlopen libnuma.so. Fallback to GROUP_BY_SOCKET manual.
[LOG_CAT_SBGP] libnuma.so: cannot open shared object file: No such file or directory
[LOG_CAT_SBGP] Failed to dlopen libnuma.so. Fallback to GROUP_BY_SOCKET manual.
[LOG_CAT_SBGP] libnuma.so: cannot open shared object file: No such file or directory
[LOG_CAT_SBGP] Failed to dlopen libnuma.so. Fallback to GROUP_BY_SOCKET manual.
[LOG_CAT_SBGP] libnuma.so: cannot open shared object file: No such file or directory
[LOG_CAT_SBGP] Failed to dlopen libnuma.so. Fallback to GROUP_BY_SOCKET manual.
[LOG_CAT_SBGP] libnuma.so: cannot open shared object file: No such file or directory
[LOG_CAT_SBGP] Failed to dlopen libnuma.so. Fallback to GROUP_BY_SOCKET manual.
[LOG_CAT_SBGP] libnuma.so: cannot open shared object file: No such file or directory
[LOG_CAT_SBGP] Failed to dlopen libnuma.so. Fallback to GROUP_BY_SOCKET manual.
[LOG_CAT_SBGP] libnuma.so: cannot open shared object file: No such file or directory
[LOG_CAT_SBGP] Failed to dlopen libnuma.so. Fallback to GROUP_BY_SOCKET manual.
[LOG_CAT_SBGP] libnuma.so: cannot open shared object file: No such file or directory
[LOG_CAT_SBGP] Failed to dlopen libnuma.so. Fallback to GROUP_BY_SOCKET manual.
[LOG_CAT_SBGP] libnuma.so: cannot open shared object file: No such file or directory
[LOG_CAT_SBGP] Failed to dlopen libnuma.so. Fallback to GROUP_BY_SOCKET manual.
[LOG_CAT_SBGP] libnuma.so: cannot open shared object file: No such file or directory
[LOG_CAT_SBGP] Failed to dlopen libnuma.so. Fallback to GROUP_BY_SOCKET manual.
[LOG_CAT_SBGP] libnuma.so: cannot open shared object file: No such file or directory
[LOG_CAT_SBGP] Failed to dlopen libnuma.so. Fallback to GROUP_BY_SOCKET manual.
[LOG_CAT_SBGP] libnuma.so: cannot open shared object file: No such file or directory
[LOG_CAT_SBGP] Failed to dlopen libnuma.so. Fallback to GROUP_BY_SOCKET manual.
[LOG_CAT_SBGP] libnuma.so: cannot open shared object file: No such file or directory
[LOG_CAT_SBGP] Failed to dlopen libnuma.so. Fallback to GROUP_BY_SOCKET manual.
[LOG_CAT_SBGP] libnuma.so: cannot open shared object file: No such file or directory
[LOG_CAT_SBGP] Failed to dlopen libnuma.so. Fallback to GROUP_BY_SOCKET manual.
[LOG_CAT_SBGP] libnuma.so: cannot open shared object file: No such file or directory
[LOG_CAT_SBGP] Failed to dlopen libnuma.so. Fallback to GROUP_BY_SOCKET manual.
[LOG_CAT_SBGP] libnuma.so: cannot open shared object file: No such file or directory
[LOG_CAT_SBGP] Failed to dlopen libnuma.so. Fallback to GROUP_BY_SOCKET manual.
[LOG_CAT_SBGP] libnuma.so: cannot open shared object file: No such file or directory
[LOG_CAT_SBGP] Failed to dlopen libnuma.so. Fallback to GROUP_BY_SOCKET manual.
[LOG_CAT_SBGP] libnuma.so: cannot open shared object file: No such file or directory
[LOG_CAT_SBGP] Failed to dlopen libnuma.so. Fallback to GROUP_BY_SOCKET manual.
[LOG_CAT_SBGP] libnuma.so: cannot open shared object file: No such file or directory
[LOG_CAT_SBGP] Failed to dlopen libnuma.so. Fallback to GROUP_BY_SOCKET manual.
[LOG_CAT_SBGP] libnuma.so: cannot open shared object file: No such file or directory
[LOG_CAT_SBGP] Failed to dlopen libnuma.so. Fallback to GROUP_BY_SOCKET manual.
[LOG_CAT_SBGP] libnuma.so: cannot open shared object file: No such file or directory
[LOG_CAT_SBGP] Failed to dlopen libnuma.so. Fallback to GROUP_BY_SOCKET manual.
[LOG_CAT_SBGP] libnuma.so: cannot open shared object file: No such file or directory
[LOG_CAT_SBGP] Failed to dlopen libnuma.so. Fallback to GROUP_BY_SOCKET manual.
[LOG_CAT_SBGP] libnuma.so: cannot open shared object file: No such file or directory
[LOG_CAT_SBGP] Failed to dlopen libnuma.so. Fallback to GROUP_BY_SOCKET manual.
[LOG_CAT_SBGP] libnuma.so: cannot open shared object file: No such file or directory
[LOG_CAT_SBGP] Failed to dlopen libnuma.so. Fallback to GROUP_BY_SOCKET manual.
[LOG_CAT_SBGP] libnuma.so: cannot open shared object file: No such file or directory
[LOG_CAT_SBGP] Failed to dlopen libnuma.so. Fallback to GROUP_BY_SOCKET manual.
[LOG_CAT_SBGP] libnuma.so: cannot open shared object file: No such file or directory
[LOG_CAT_SBGP] Failed to dlopen libnuma.so. Fallback to GROUP_BY_SOCKET manual.
[LOG_CAT_SBGP] libnuma.so: cannot open shared object file: No such file or directory
[LOG_CAT_SBGP] Failed to dlopen libnuma.so. Fallback to GROUP_BY_SOCKET manual.
[LOG_CAT_SBGP] libnuma.so: cannot open shared object file: No such file or directory
[LOG_CAT_SBGP] Failed to dlopen libnuma.so. Fallback to GROUP_BY_SOCKET manual.
[LOG_CAT_SBGP] libnuma.so: cannot open shared object file: No such file or directory
[LOG_CAT_SBGP] Failed to dlopen libnuma.so. Fallback to GROUP_BY_SOCKET manual.
[LOG_CAT_SBGP] libnuma.so: cannot open shared object file: No such file or directory
[LOG_CAT_SBGP] Failed to dlopen libnuma.so. Fallback to GROUP_BY_SOCKET manual.
[LOG_CAT_SBGP] libnuma.so: cannot open shared object file: No such file or directory
[LOG_CAT_SBGP] Failed to dlopen libnuma.so. Fallback to GROUP_BY_SOCKET manual.
[LOG_CAT_SBGP] libnuma.so: cannot open shared object file: No such file or directory
[LOG_CAT_SBGP] Failed to dlopen libnuma.so. Fallback to GROUP_BY_SOCKET manual.
[LOG_CAT_SBGP] libnuma.so: cannot open shared object file: No such file or directory
[LOG_CAT_SBGP] Failed to dlopen libnuma.so. Fallback to GROUP_BY_SOCKET manual.
[LOG_CAT_SBGP] libnuma.so: cannot open shared object file: No such file or directory
[LOG_CAT_SBGP] Failed to dlopen libnuma.so. Fallback to GROUP_BY_SOCKET manual.
[LOG_CAT_SBGP] libnuma.so: cannot open shared object file: No such file or directory
[LOG_CAT_SBGP] Failed to dlopen libnuma.so. Fallback to GROUP_BY_SOCKET manual.
[LOG_CAT_SBGP] libnuma.so: cannot open shared object file: No such file or directory
[LOG_CAT_SBGP] Failed to dlopen libnuma.so. Fallback to GROUP_BY_SOCKET manual.
[LOG_CAT_SBGP] libnuma.so: cannot open shared object file: No such file or directory
[LOG_CAT_SBGP] Failed to dlopen libnuma.so. Fallback to GROUP_BY_SOCKET manual.
[LOG_CAT_SBGP] libnuma.so: cannot open shared object file: No such file or directory
[LOG_CAT_SBGP] Failed to dlopen libnuma.so. Fallback to GROUP_BY_SOCKET manual.
[LOG_CAT_SBGP] libnuma.so: cannot open shared object file: No such file or directory
[LOG_CAT_SBGP] Failed to dlopen libnuma.so. Fallback to GROUP_BY_SOCKET manual.
[LOG_CAT_SBGP] libnuma.so: cannot open shared object file: No such file or directory
[LOG_CAT_SBGP] Failed to dlopen libnuma.so. Fallback to GROUP_BY_SOCKET manual.
[LOG_CAT_SBGP] libnuma.so: cannot open shared object file: No such file or directory
[LOG_CAT_SBGP] Failed to dlopen libnuma.so. Fallback to GROUP_BY_SOCKET manual.
[LOG_CAT_SBGP] libnuma.so: cannot open shared object file: No such file or directory
[LOG_CAT_SBGP] Failed to dlopen libnuma.so. Fallback to GROUP_BY_SOCKET manual.
[LOG_CAT_SBGP] libnuma.so: cannot open shared object file: No such file or directory
[LOG_CAT_SBGP] Failed to dlopen libnuma.so. Fallback to GROUP_BY_SOCKET manual.
[LOG_CAT_SBGP] libnuma.so: cannot open shared object file: No such file or directory
[LOG_CAT_SBGP] Failed to dlopen libnuma.so. Fallback to GROUP_BY_SOCKET manual.
[LOG_CAT_SBGP] libnuma.so: cannot open shared object file: No such file or directory
[LOG_CAT_SBGP] Failed to dlopen libnuma.so. Fallback to GROUP_BY_SOCKET manual.
[LOG_CAT_SBGP] libnuma.so: cannot open shared object file: No such file or directory
[LOG_CAT_SBGP] Failed to dlopen libnuma.so. Fallback to GROUP_BY_SOCKET manual.
[LOG_CAT_SBGP] libnuma.so: cannot open shared object file: No such file or directory
[LOG_CAT_SBGP] Failed to dlopen libnuma.so. Fallback to GROUP_BY_SOCKET manual.
[LOG_CAT_SBGP] libnuma.so: cannot open shared object file: No such file or directory
[LOG_CAT_SBGP] Failed to dlopen libnuma.so. Fallback to GROUP_BY_SOCKET manual.
[LOG_CAT_SBGP] libnuma.so: cannot open shared object file: No such file or directory
[LOG_CAT_SBGP] Failed to dlopen libnuma.so. Fallback to GROUP_BY_SOCKET manual.
[LOG_CAT_SBGP] libnuma.so: cannot open shared object file: No such file or directory
[LOG_CAT_SBGP] Failed to dlopen libnuma.so. Fallback to GROUP_BY_SOCKET manual.
[LOG_CAT_SBGP] libnuma.so: cannot open shared object file: No such file or directory
[LOG_CAT_SBGP] Failed to dlopen libnuma.so. Fallback to GROUP_BY_SOCKET manual.
[LOG_CAT_SBGP] libnuma.so: cannot open shared object file: No such file or directory
[LOG_CAT_SBGP] Failed to dlopen libnuma.so. Fallback to GROUP_BY_SOCKET manual.
[LOG_CAT_SBGP] libnuma.so: cannot open shared object file: No such file or directory
[LOG_CAT_SBGP] Failed to dlopen libnuma.so. Fallback to GROUP_BY_SOCKET manual.
[LOG_CAT_SBGP] libnuma.so: cannot open shared object file: No such file or directory
[LOG_CAT_SBGP] Failed to dlopen libnuma.so. Fallback to GROUP_BY_SOCKET manual.
[LOG_CAT_SBGP] libnuma.so: cannot open shared object file: No such file or directory
[LOG_CAT_SBGP] Failed to dlopen libnuma.so. Fallback to GROUP_BY_SOCKET manual.
[LOG_CAT_SBGP] libnuma.so: cannot open shared object file: No such file or directory
[LOG_CAT_SBGP] Failed to dlopen libnuma.so. Fallback to GROUP_BY_SOCKET manual.
[LOG_CAT_SBGP] libnuma.so: cannot open shared object file: No such file or directory
[LOG_CAT_SBGP] Failed to dlopen libnuma.so. Fallback to GROUP_BY_SOCKET manual.
[LOG_CAT_SBGP] libnuma.so: cannot open shared object file: No such file or directory
[LOG_CAT_SBGP] Failed to dlopen libnuma.so. Fallback to GROUP_BY_SOCKET manual.
[LOG_CAT_SBGP] libnuma.so: cannot open shared object file: No such file or directory
[LOG_CAT_SBGP] Failed to dlopen libnuma.so. Fallback to GROUP_BY_SOCKET manual.
[LOG_CAT_SBGP] libnuma.so: cannot open shared object file: No such file or directory
[LOG_CAT_SBGP] Failed to dlopen libnuma.so. Fallback to GROUP_BY_SOCKET manual.
[LOG_CAT_SBGP] libnuma.so: cannot open shared object file: No such file or directory
[LOG_CAT_SBGP] Failed to dlopen libnuma.so. Fallback to GROUP_BY_SOCKET manual.
[LOG_CAT_SBGP] libnuma.so: cannot open shared object file: No such file or directory
[LOG_CAT_SBGP] Failed to dlopen libnuma.so. Fallback to GROUP_BY_SOCKET manual.
[LOG_CAT_SBGP] libnuma.so: cannot open shared object file: No such file or directory
[LOG_CAT_SBGP] Failed to dlopen libnuma.so. Fallback to GROUP_BY_SOCKET manual.
[LOG_CAT_SBGP] libnuma.so: cannot open shared object file: No such file or directory
[LOG_CAT_SBGP] Failed to dlopen libnuma.so. Fallback to GROUP_BY_SOCKET manual.
[LOG_CAT_SBGP] libnuma.so: cannot open shared object file: No such file or directory
[LOG_CAT_SBGP] Failed to dlopen libnuma.so. Fallback to GROUP_BY_SOCKET manual.
[LOG_CAT_SBGP] libnuma.so: cannot open shared object file: No such file or directory
[LOG_CAT_SBGP] Failed to dlopen libnuma.so. Fallback to GROUP_BY_SOCKET manual.
[LOG_CAT_SBGP] libnuma.so: cannot open shared object file: No such file or directory
[LOG_CAT_SBGP] Failed to dlopen libnuma.so. Fallback to GROUP_BY_SOCKET manual.
[LOG_CAT_SBGP] libnuma.so: cannot open shared object file: No such file or directory
[LOG_CAT_SBGP] Failed to dlopen libnuma.so. Fallback to GROUP_BY_SOCKET manual.
[LOG_CAT_SBGP] libnuma.so: cannot open shared object file: No such file or directory
[LOG_CAT_SBGP] Failed to dlopen libnuma.so. Fallback to GROUP_BY_SOCKET manual.
[LOG_CAT_SBGP] libnuma.so: cannot open shared object file: No such file or directory
[LOG_CAT_SBGP] Failed to dlopen libnuma.so. Fallback to GROUP_BY_SOCKET manual.
[LOG_CAT_SBGP] libnuma.so: cannot open shared object file: No such file or directory
[LOG_CAT_SBGP] Failed to dlopen libnuma.so. Fallback to GROUP_BY_SOCKET manual.
[LOG_CAT_SBGP] libnuma.so: cannot open shared object file: No such file or directory
[LOG_CAT_SBGP] Failed to dlopen libnuma.so. Fallback to GROUP_BY_SOCKET manual.
[LOG_CAT_SBGP] libnuma.so: cannot open shared object file: No such file or directory
[LOG_CAT_SBGP] Failed to dlopen libnuma.so. Fallback to GROUP_BY_SOCKET manual.
[LOG_CAT_SBGP] libnuma.so: cannot open shared object file: No such file or directory
[LOG_CAT_SBGP] Failed to dlopen libnuma.so. Fallback to GROUP_BY_SOCKET manual.
[LOG_CAT_SBGP] libnuma.so: cannot open shared object file: No such file or directory
[LOG_CAT_SBGP] Failed to dlopen libnuma.so. Fallback to GROUP_BY_SOCKET manual.
[LOG_CAT_SBGP] libnuma.so: cannot open shared object file: No such file or directory
[LOG_CAT_SBGP] Failed to dlopen libnuma.so. Fallback to GROUP_BY_SOCKET manual.
[LOG_CAT_SBGP] libnuma.so: cannot open shared object file: No such file or directory
[LOG_CAT_SBGP] Failed to dlopen libnuma.so. Fallback to GROUP_BY_SOCKET manual.
[LOG_CAT_SBGP] libnuma.so: cannot open shared object file: No such file or directory
[LOG_CAT_SBGP] Failed to dlopen libnuma.so. Fallback to GROUP_BY_SOCKET manual.
[LOG_CAT_SBGP] libnuma.so: cannot open shared object file: No such file or directory
[LOG_CAT_SBGP] Failed to dlopen libnuma.so. Fallback to GROUP_BY_SOCKET manual.
[LOG_CAT_SBGP] libnuma.so: cannot open shared object file: No such file or directory
[LOG_CAT_SBGP] Failed to dlopen libnuma.so. Fallback to GROUP_BY_SOCKET manual.
[LOG_CAT_SBGP] libnuma.so: cannot open shared object file: No such file or directory
[LOG_CAT_SBGP] Failed to dlopen libnuma.so. Fallback to GROUP_BY_SOCKET manual.
[LOG_CAT_SBGP] libnuma.so: cannot open shared object file: No such file or directory
[LOG_CAT_SBGP] Failed to dlopen libnuma.so. Fallback to GROUP_BY_SOCKET manual.
[LOG_CAT_SBGP] libnuma.so: cannot open shared object file: No such file or directory
[LOG_CAT_SBGP] Failed to dlopen libnuma.so. Fallback to GROUP_BY_SOCKET manual.
[LOG_CAT_SBGP] libnuma.so: cannot open shared object file: No such file or directory
[LOG_CAT_SBGP] Failed to dlopen libnuma.so. Fallback to GROUP_BY_SOCKET manual.
[LOG_CAT_SBGP] libnuma.so: cannot open shared object file: No such file or directory
[LOG_CAT_SBGP] Failed to dlopen libnuma.so. Fallback to GROUP_BY_SOCKET manual.
[LOG_CAT_SBGP] libnuma.so: cannot open shared object file: No such file or directory
[LOG_CAT_SBGP] Failed to dlopen libnuma.so. Fallback to GROUP_BY_SOCKET manual.
[LOG_CAT_SBGP] libnuma.so: cannot open shared object file: No such file or directory
[LOG_CAT_SBGP] Failed to dlopen libnuma.so. Fallback to GROUP_BY_SOCKET manual.
[LOG_CAT_SBGP] libnuma.so: cannot open shared object file: No such file or directory
[LOG_CAT_SBGP] Failed to dlopen libnuma.so. Fallback to GROUP_BY_SOCKET manual.
[LOG_CAT_SBGP] libnuma.so: cannot open shared object file: No such file or directory
[LOG_CAT_SBGP] Failed to dlopen libnuma.so. Fallback to GROUP_BY_SOCKET manual.
[LOG_CAT_SBGP] libnuma.so: cannot open shared object file: No such file or directory
[LOG_CAT_SBGP] Failed to dlopen libnuma.so. Fallback to GROUP_BY_SOCKET manual.
[LOG_CAT_SBGP] libnuma.so: cannot open shared object file: No such file or directory
[LOG_CAT_SBGP] Failed to dlopen libnuma.so. Fallback to GROUP_BY_SOCKET manual.
[LOG_CAT_SBGP] libnuma.so: cannot open shared object file: No such file or directory
[LOG_CAT_SBGP] Failed to dlopen libnuma.so. Fallback to GROUP_BY_SOCKET manual.
[LOG_CAT_SBGP] libnuma.so: cannot open shared object file: No such file or directory
[LOG_CAT_SBGP] Failed to dlopen libnuma.so. Fallback to GROUP_BY_SOCKET manual.
[LOG_CAT_SBGP] libnuma.so: cannot open shared object file: No such file or directory
[LOG_CAT_SBGP] Failed to dlopen libnuma.so. Fallback to GROUP_BY_SOCKET manual.
[LOG_CAT_SBGP] libnuma.so: cannot open shared object file: No such file or directory
[LOG_CAT_SBGP] Failed to dlopen libnuma.so. Fallback to GROUP_BY_SOCKET manual.
[LOG_CAT_SBGP] libnuma.so: cannot open shared object file: No such file or directory
[LOG_CAT_SBGP] Failed to dlopen libnuma.so. Fallback to GROUP_BY_SOCKET manual.
[LOG_CAT_SBGP] libnuma.so: cannot open shared object file: No such file or directory
[LOG_CAT_SBGP] Failed to dlopen libnuma.so. Fallback to GROUP_BY_SOCKET manual.
[LOG_CAT_SBGP] libnuma.so: cannot open shared object file: No such file or directory
[LOG_CAT_SBGP] Failed to dlopen libnuma.so. Fallback to GROUP_BY_SOCKET manual.
[LOG_CAT_SBGP] libnuma.so: cannot open shared object file: No such file or directory
[LOG_CAT_SBGP] Failed to dlopen libnuma.so. Fallback to GROUP_BY_SOCKET manual.
[LOG_CAT_SBGP] libnuma.so: cannot open shared object file: No such file or directory
[LOG_CAT_SBGP] Failed to dlopen libnuma.so. Fallback to GROUP_BY_SOCKET manual.
[LOG_CAT_SBGP] libnuma.so: cannot open shared object file: No such file or directory
[LOG_CAT_SBGP] Failed to dlopen libnuma.so. Fallback to GROUP_BY_SOCKET manual.
[LOG_CAT_SBGP] libnuma.so: cannot open shared object file: No such file or directory
[LOG_CAT_SBGP] Failed to dlopen libnuma.so. Fallback to GROUP_BY_SOCKET manual.
[LOG_CAT_SBGP] libnuma.so: cannot open shared object file: No such file or directory
[LOG_CAT_SBGP] Failed to dlopen libnuma.so. Fallback to GROUP_BY_SOCKET manual.
[LOG_CAT_SBGP] libnuma.so: cannot open shared object file: No such file or directory
[LOG_CAT_SBGP] Failed to dlopen libnuma.so. Fallback to GROUP_BY_SOCKET manual.
[LOG_CAT_SBGP] libnuma.so: cannot open shared object file: No such file or directory
[LOG_CAT_SBGP] Failed to dlopen libnuma.so. Fallback to GROUP_BY_SOCKET manual.
[LOG_CAT_SBGP] libnuma.so: cannot open shared object file: No such file or directory
[LOG_CAT_SBGP] Failed to dlopen libnuma.so. Fallback to GROUP_BY_SOCKET manual.
[LOG_CAT_SBGP] libnuma.so: cannot open shared object file: No such file or directory
[LOG_CAT_SBGP] Failed to dlopen libnuma.so. Fallback to GROUP_BY_SOCKET manual.
[LOG_CAT_SBGP] libnuma.so: cannot open shared object file: No such file or directory
[LOG_CAT_SBGP] Failed to dlopen libnuma.so. Fallback to GROUP_BY_SOCKET manual.
[LOG_CAT_SBGP] libnuma.so: cannot open shared object file: No such file or directory
[LOG_CAT_SBGP] Failed to dlopen libnuma.so. Fallback to GROUP_BY_SOCKET manual.
[LOG_CAT_SBGP] libnuma.so: cannot open shared object file: No such file or directory
[LOG_CAT_SBGP] Failed to dlopen libnuma.so. Fallback to GROUP_BY_SOCKET manual.
[LOG_CAT_SBGP] libnuma.so: cannot open shared object file: No such file or directory
[LOG_CAT_SBGP] Failed to dlopen libnuma.so. Fallback to GROUP_BY_SOCKET manual.
[LOG_CAT_SBGP] libnuma.so: cannot open shared object file: No such file or directory
[LOG_CAT_SBGP] Failed to dlopen libnuma.so. Fallback to GROUP_BY_SOCKET manual.
[LOG_CAT_SBGP] libnuma.so: cannot open shared object file: No such file or directory
[LOG_CAT_SBGP] Failed to dlopen libnuma.so. Fallback to GROUP_BY_SOCKET manual.
[LOG_CAT_SBGP] libnuma.so: cannot open shared object file: No such file or directory
[LOG_CAT_SBGP] Failed to dlopen libnuma.so. Fallback to GROUP_BY_SOCKET manual.
[LOG_CAT_SBGP] libnuma.so: cannot open shared object file: No such file or directory
[LOG_CAT_SBGP] Failed to dlopen libnuma.so. Fallback to GROUP_BY_SOCKET manual.
[LOG_CAT_SBGP] libnuma.so: cannot open shared object file: No such file or directory
[LOG_CAT_SBGP] Failed to dlopen libnuma.so. Fallback to GROUP_BY_SOCKET manual.
[LOG_CAT_SBGP] libnuma.so: cannot open shared object file: No such file or directory
[LOG_CAT_SBGP] Failed to dlopen libnuma.so. Fallback to GROUP_BY_SOCKET manual.
[LOG_CAT_SBGP] libnuma.so: cannot open shared object file: No such file or directory
[LOG_CAT_SBGP] Failed to dlopen libnuma.so. Fallback to GROUP_BY_SOCKET manual.
[LOG_CAT_SBGP] libnuma.so: cannot open shared object file: No such file or directory
[LOG_CAT_SBGP] Failed to dlopen libnuma.so. Fallback to GROUP_BY_SOCKET manual.
[LOG_CAT_SBGP] libnuma.so: cannot open shared object file: No such file or directory
[LOG_CAT_SBGP] Failed to dlopen libnuma.so. Fallback to GROUP_BY_SOCKET manual.
[LOG_CAT_SBGP] libnuma.so: cannot open shared object file: No such file or directory
[LOG_CAT_SBGP] Failed to dlopen libnuma.so. Fallback to GROUP_BY_SOCKET manual.
[LOG_CAT_SBGP] libnuma.so: cannot open shared object file: No such file or directory
[LOG_CAT_SBGP] Failed to dlopen libnuma.so. Fallback to GROUP_BY_SOCKET manual.
[LOG_CAT_SBGP] libnuma.so: cannot open shared object file: No such file or directory
[LOG_CAT_SBGP] Failed to dlopen libnuma.so. Fallback to GROUP_BY_SOCKET manual.
[LOG_CAT_SBGP] libnuma.so: cannot open shared object file: No such file or directory
[LOG_CAT_SBGP] Failed to dlopen libnuma.so. Fallback to GROUP_BY_SOCKET manual.
[LOG_CAT_SBGP] libnuma.so: cannot open shared object file: No such file or directory
[LOG_CAT_SBGP] Failed to dlopen libnuma.so. Fallback to GROUP_BY_SOCKET manual.
[LOG_CAT_SBGP] libnuma.so: cannot open shared object file: No such file or directory
[LOG_CAT_SBGP] Failed to dlopen libnuma.so. Fallback to GROUP_BY_SOCKET manual.
[LOG_CAT_SBGP] libnuma.so: cannot open shared object file: No such file or directory
[LOG_CAT_SBGP] Failed to dlopen libnuma.so. Fallback to GROUP_BY_SOCKET manual.
[LOG_CAT_SBGP] libnuma.so: cannot open shared object file: No such file or directory
[LOG_CAT_SBGP] Failed to dlopen libnuma.so. Fallback to GROUP_BY_SOCKET manual.
[LOG_CAT_SBGP] libnuma.so: cannot open shared object file: No such file or directory
[LOG_CAT_SBGP] Failed to dlopen libnuma.so. Fallback to GROUP_BY_SOCKET manual.
[LOG_CAT_SBGP] libnuma.so: cannot open shared object file: No such file or directory
[LOG_CAT_SBGP] Failed to dlopen libnuma.so. Fallback to GROUP_BY_SOCKET manual.
[LOG_CAT_SBGP] libnuma.so: cannot open shared object file: No such file or directory
[LOG_CAT_SBGP] Failed to dlopen libnuma.so. Fallback to GROUP_BY_SOCKET manual.
[LOG_CAT_SBGP] libnuma.so: cannot open shared object file: No such file or directory
[LOG_CAT_SBGP] Failed to dlopen libnuma.so. Fallback to GROUP_BY_SOCKET manual.
[LOG_CAT_SBGP] libnuma.so: cannot open shared object file: No such file or directory
[LOG_CAT_SBGP] Failed to dlopen libnuma.so. Fallback to GROUP_BY_SOCKET manual.
[LOG_CAT_SBGP] libnuma.so: cannot open shared object file: No such file or directory
[LOG_CAT_SBGP] Failed to dlopen libnuma.so. Fallback to GROUP_BY_SOCKET manual.
[LOG_CAT_SBGP] libnuma.so: cannot open shared object file: No such file or directory
[LOG_CAT_SBGP] Failed to dlopen libnuma.so. Fallback to GROUP_BY_SOCKET manual.
[LOG_CAT_SBGP] libnuma.so: cannot open shared object file: No such file or directory
[LOG_CAT_SBGP] Failed to dlopen libnuma.so. Fallback to GROUP_BY_SOCKET manual.
[LOG_CAT_SBGP] libnuma.so: cannot open shared object file: No such file or directory
[LOG_CAT_SBGP] Failed to dlopen libnuma.so. Fallback to GROUP_BY_SOCKET manual.
[LOG_CAT_SBGP] libnuma.so: cannot open shared object file: No such file or directory
[LOG_CAT_SBGP] Failed to dlopen libnuma.so. Fallback to GROUP_BY_SOCKET manual.
[LOG_CAT_SBGP] libnuma.so: cannot open shared object file: No such file or directory
[LOG_CAT_SBGP] Failed to dlopen libnuma.so. Fallback to GROUP_BY_SOCKET manual.
[LOG_CAT_SBGP] libnuma.so: cannot open shared object file: No such file or directory
[LOG_CAT_SBGP] Failed to dlopen libnuma.so. Fallback to GROUP_BY_SOCKET manual.
[LOG_CAT_SBGP] libnuma.so: cannot open shared object file: No such file or directory
[LOG_CAT_SBGP] Failed to dlopen libnuma.so. Fallback to GROUP_BY_SOCKET manual.
[LOG_CAT_SBGP] libnuma.so: cannot open shared object file: No such file or directory
[LOG_CAT_SBGP] Failed to dlopen libnuma.so. Fallback to GROUP_BY_SOCKET manual.
[LOG_CAT_SBGP] libnuma.so: cannot open shared object file: No such file or directory
[LOG_CAT_SBGP] Failed to dlopen libnuma.so. Fallback to GROUP_BY_SOCKET manual.
[LOG_CAT_SBGP] libnuma.so: cannot open shared object file: No such file or directory
[LOG_CAT_SBGP] Failed to dlopen libnuma.so. Fallback to GROUP_BY_SOCKET manual.
[LOG_CAT_SBGP] libnuma.so: cannot open shared object file: No such file or directory
[LOG_CAT_SBGP] Failed to dlopen libnuma.so. Fallback to GROUP_BY_SOCKET manual.
[LOG_CAT_SBGP] libnuma.so: cannot open shared object file: No such file or directory
[LOG_CAT_SBGP] Failed to dlopen libnuma.so. Fallback to GROUP_BY_SOCKET manual.
[LOG_CAT_SBGP] libnuma.so: cannot open shared object file: No such file or directory
[LOG_CAT_SBGP] Failed to dlopen libnuma.so. Fallback to GROUP_BY_SOCKET manual.
[LOG_CAT_SBGP] libnuma.so: cannot open shared object file: No such file or directory
[LOG_CAT_SBGP] Failed to dlopen libnuma.so. Fallback to GROUP_BY_SOCKET manual.
[LOG_CAT_SBGP] libnuma.so: cannot open shared object file: No such file or directory
[LOG_CAT_SBGP] Failed to dlopen libnuma.so. Fallback to GROUP_BY_SOCKET manual.
[LOG_CAT_SBGP] libnuma.so: cannot open shared object file: No such file or directory
[LOG_CAT_SBGP] Failed to dlopen libnuma.so. Fallback to GROUP_BY_SOCKET manual.
[LOG_CAT_SBGP] libnuma.so: cannot open shared object file: No such file or directory
[LOG_CAT_SBGP] Failed to dlopen libnuma.so. Fallback to GROUP_BY_SOCKET manual.
[LOG_CAT_SBGP] libnuma.so: cannot open shared object file: No such file or directory
[LOG_CAT_SBGP] Failed to dlopen libnuma.so. Fallback to GROUP_BY_SOCKET manual.
[LOG_CAT_SBGP] libnuma.so: cannot open shared object file: No such file or directory
[LOG_CAT_SBGP] Failed to dlopen libnuma.so. Fallback to GROUP_BY_SOCKET manual.
[LOG_CAT_SBGP] libnuma.so: cannot open shared object file: No such file or directory
[LOG_CAT_SBGP] Failed to dlopen libnuma.so. Fallback to GROUP_BY_SOCKET manual.
[LOG_CAT_SBGP] libnuma.so: cannot open shared object file: No such file or directory
[LOG_CAT_SBGP] Failed to dlopen libnuma.so. Fallback to GROUP_BY_SOCKET manual.
[LOG_CAT_SBGP] libnuma.so: cannot open shared object file: No such file or directory
[LOG_CAT_SBGP] Failed to dlopen libnuma.so. Fallback to GROUP_BY_SOCKET manual.
[LOG_CAT_SBGP] libnuma.so: cannot open shared object file: No such file or directory
[LOG_CAT_SBGP] Failed to dlopen libnuma.so. Fallback to GROUP_BY_SOCKET manual.
[LOG_CAT_SBGP] libnuma.so: cannot open shared object file: No such file or directory
[LOG_CAT_SBGP] Failed to dlopen libnuma.so. Fallback to GROUP_BY_SOCKET manual.
[LOG_CAT_SBGP] libnuma.so: cannot open shared object file: No such file or directory
[LOG_CAT_SBGP] Failed to dlopen libnuma.so. Fallback to GROUP_BY_SOCKET manual.
[LOG_CAT_SBGP] libnuma.so: cannot open shared object file: No such file or directory
[LOG_CAT_SBGP] Failed to dlopen libnuma.so. Fallback to GROUP_BY_SOCKET manual.
[LOG_CAT_SBGP] libnuma.so: cannot open shared object file: No such file or directory
[LOG_CAT_SBGP] Failed to dlopen libnuma.so. Fallback to GROUP_BY_SOCKET manual.
[LOG_CAT_SBGP] libnuma.so: cannot open shared object file: No such file or directory
[LOG_CAT_SBGP] Failed to dlopen libnuma.so. Fallback to GROUP_BY_SOCKET manual.
[LOG_CAT_SBGP] libnuma.so: cannot open shared object file: No such file or directory
[LOG_CAT_SBGP] Failed to dlopen libnuma.so. Fallback to GROUP_BY_SOCKET manual.
[LOG_CAT_SBGP] libnuma.so: cannot open shared object file: No such file or directory
[LOG_CAT_SBGP] Failed to dlopen libnuma.so. Fallback to GROUP_BY_SOCKET manual.
[LOG_CAT_SBGP] libnuma.so: cannot open shared object file: No such file or directory
[LOG_CAT_SBGP] Failed to dlopen libnuma.so. Fallback to GROUP_BY_SOCKET manual.
[LOG_CAT_SBGP] libnuma.so: cannot open shared object file: No such file or directory
[LOG_CAT_SBGP] Failed to dlopen libnuma.so. Fallback to GROUP_BY_SOCKET manual.
[LOG_CAT_SBGP] libnuma.so: cannot open shared object file: No such file or directory
[LOG_CAT_SBGP] Failed to dlopen libnuma.so. Fallback to GROUP_BY_SOCKET manual.
[LOG_CAT_SBGP] libnuma.so: cannot open shared object file: No such file or directory
[LOG_CAT_SBGP] Failed to dlopen libnuma.so. Fallback to GROUP_BY_SOCKET manual.
[LOG_CAT_SBGP] libnuma.so: cannot open shared object file: No such file or directory
[LOG_CAT_SBGP] Failed to dlopen libnuma.so. Fallback to GROUP_BY_SOCKET manual.
[LOG_CAT_SBGP] libnuma.so: cannot open shared object file: No such file or directory
[LOG_CAT_SBGP] Failed to dlopen libnuma.so. Fallback to GROUP_BY_SOCKET manual.
[LOG_CAT_SBGP] libnuma.so: cannot open shared object file: No such file or directory
[LOG_CAT_SBGP] Failed to dlopen libnuma.so. Fallback to GROUP_BY_SOCKET manual.
[LOG_CAT_SBGP] libnuma.so: cannot open shared object file: No such file or directory
[LOG_CAT_SBGP] Failed to dlopen libnuma.so. Fallback to GROUP_BY_SOCKET manual.
[LOG_CAT_SBGP] libnuma.so: cannot open shared object file: No such file or directory
[LOG_CAT_SBGP] Failed to dlopen libnuma.so. Fallback to GROUP_BY_SOCKET manual.
[LOG_CAT_SBGP] libnuma.so: cannot open shared object file: No such file or directory
[LOG_CAT_SBGP] Failed to dlopen libnuma.so. Fallback to GROUP_BY_SOCKET manual.
[LOG_CAT_SBGP] libnuma.so: cannot open shared object file: No such file or directory
[LOG_CAT_SBGP] Failed to dlopen libnuma.so. Fallback to GROUP_BY_SOCKET manual.
[LOG_CAT_SBGP] libnuma.so: cannot open shared object file: No such file or directory
[LOG_CAT_SBGP] Failed to dlopen libnuma.so. Fallback to GROUP_BY_SOCKET manual.
[LOG_CAT_SBGP] libnuma.so: cannot open shared object file: No such file or directory
[LOG_CAT_SBGP] Failed to dlopen libnuma.so. Fallback to GROUP_BY_SOCKET manual.
[LOG_CAT_SBGP] libnuma.so: cannot open shared object file: No such file or directory
[LOG_CAT_SBGP] Failed to dlopen libnuma.so. Fallback to GROUP_BY_SOCKET manual.
[LOG_CAT_SBGP] libnuma.so: cannot open shared object file: No such file or directory
[LOG_CAT_SBGP] Failed to dlopen libnuma.so. Fallback to GROUP_BY_SOCKET manual.
[LOG_CAT_SBGP] libnuma.so: cannot open shared object file: No such file or directory
[LOG_CAT_SBGP] Failed to dlopen libnuma.so. Fallback to GROUP_BY_SOCKET manual.
[LOG_CAT_SBGP] libnuma.so: cannot open shared object file: No such file or directory
[LOG_CAT_SBGP] Failed to dlopen libnuma.so. Fallback to GROUP_BY_SOCKET manual.
[LOG_CAT_SBGP] libnuma.so: cannot open shared object file: No such file or directory
[LOG_CAT_SBGP] Failed to dlopen libnuma.so. Fallback to GROUP_BY_SOCKET manual.
[LOG_CAT_SBGP] libnuma.so: cannot open shared object file: No such file or directory
[LOG_CAT_SBGP] Failed to dlopen libnuma.so. Fallback to GROUP_BY_SOCKET manual.
[LOG_CAT_SBGP] libnuma.so: cannot open shared object file: No such file or directory
[LOG_CAT_SBGP] Failed to dlopen libnuma.so. Fallback to GROUP_BY_SOCKET manual.
[LOG_CAT_SBGP] libnuma.so: cannot open shared object file: No such file or directory
[LOG_CAT_SBGP] Failed to dlopen libnuma.so. Fallback to GROUP_BY_SOCKET manual.
[LOG_CAT_SBGP] libnuma.so: cannot open shared object file: No such file or directory
[LOG_CAT_SBGP] Failed to dlopen libnuma.so. Fallback to GROUP_BY_SOCKET manual.
[LOG_CAT_SBGP] libnuma.so: cannot open shared object file: No such file or directory
[LOG_CAT_SBGP] Failed to dlopen libnuma.so. Fallback to GROUP_BY_SOCKET manual.
[LOG_CAT_SBGP] libnuma.so: cannot open shared object file: No such file or directory
[LOG_CAT_SBGP] Failed to dlopen libnuma.so. Fallback to GROUP_BY_SOCKET manual.
[LOG_CAT_SBGP] libnuma.so: cannot open shared object file: No such file or directory
[LOG_CAT_SBGP] Failed to dlopen libnuma.so. Fallback to GROUP_BY_SOCKET manual.
[LOG_CAT_SBGP] libnuma.so: cannot open shared object file: No such file or directory
[LOG_CAT_SBGP] Failed to dlopen libnuma.so. Fallback to GROUP_BY_SOCKET manual.
[LOG_CAT_SBGP] libnuma.so: cannot open shared object file: No such file or directory
[LOG_CAT_SBGP] Failed to dlopen libnuma.so. Fallback to GROUP_BY_SOCKET manual.
[LOG_CAT_SBGP] libnuma.so: cannot open shared object file: No such file or directory
[LOG_CAT_SBGP] Failed to dlopen libnuma.so. Fallback to GROUP_BY_SOCKET manual.
[LOG_CAT_SBGP] libnuma.so: cannot open shared object file: No such file or directory
[LOG_CAT_SBGP] Failed to dlopen libnuma.so. Fallback to GROUP_BY_SOCKET manual.
[LOG_CAT_SBGP] libnuma.so: cannot open shared object file: No such file or directory
[LOG_CAT_SBGP] Failed to dlopen libnuma.so. Fallback to GROUP_BY_SOCKET manual.
[LOG_CAT_SBGP] libnuma.so: cannot open shared object file: No such file or directory
[LOG_CAT_SBGP] Failed to dlopen libnuma.so. Fallback to GROUP_BY_SOCKET manual.
[LOG_CAT_SBGP] libnuma.so: cannot open shared object file: No such file or directory
[LOG_CAT_SBGP] Failed to dlopen libnuma.so. Fallback to GROUP_BY_SOCKET manual.
[LOG_CAT_SBGP] libnuma.so: cannot open shared object file: No such file or directory
[LOG_CAT_SBGP] Failed to dlopen libnuma.so. Fallback to GROUP_BY_SOCKET manual.
[LOG_CAT_SBGP] libnuma.so: cannot open shared object file: No such file or directory
[LOG_CAT_SBGP] Failed to dlopen libnuma.so. Fallback to GROUP_BY_SOCKET manual.
[LOG_CAT_SBGP] libnuma.so: cannot open shared object file: No such file or directory
[LOG_CAT_SBGP] Failed to dlopen libnuma.so. Fallback to GROUP_BY_SOCKET manual.
[LOG_CAT_SBGP] libnuma.so: cannot open shared object file: No such file or directory
[LOG_CAT_SBGP] Failed to dlopen libnuma.so. Fallback to GROUP_BY_SOCKET manual.
[LOG_CAT_SBGP] libnuma.so: cannot open shared object file: No such file or directory
[LOG_CAT_SBGP] Failed to dlopen libnuma.so. Fallback to GROUP_BY_SOCKET manual.
[LOG_CAT_SBGP] libnuma.so: cannot open shared object file: No such file or directory
[LOG_CAT_SBGP] Failed to dlopen libnuma.so. Fallback to GROUP_BY_SOCKET manual.
[LOG_CAT_SBGP] libnuma.so: cannot open shared object file: No such file or directory
[LOG_CAT_SBGP] Failed to dlopen libnuma.so. Fallback to GROUP_BY_SOCKET manual.
[LOG_CAT_SBGP] libnuma.so: cannot open shared object file: No such file or directory
[LOG_CAT_SBGP] Failed to dlopen libnuma.so. Fallback to GROUP_BY_SOCKET manual.
[LOG_CAT_SBGP] libnuma.so: cannot open shared object file: No such file or directory
[LOG_CAT_SBGP] Failed to dlopen libnuma.so. Fallback to GROUP_BY_SOCKET manual.
[LOG_CAT_SBGP] libnuma.so: cannot open shared object file: No such file or directory
[LOG_CAT_SBGP] Failed to dlopen libnuma.so. Fallback to GROUP_BY_SOCKET manual.
[LOG_CAT_SBGP] libnuma.so: cannot open shared object file: No such file or directory
[LOG_CAT_SBGP] Failed to dlopen libnuma.so. Fallback to GROUP_BY_SOCKET manual.
[LOG_CAT_SBGP] libnuma.so: cannot open shared object file: No such file or directory
[LOG_CAT_SBGP] Failed to dlopen libnuma.so. Fallback to GROUP_BY_SOCKET manual.
[LOG_CAT_SBGP] libnuma.so: cannot open shared object file: No such file or directory
[LOG_CAT_SBGP] Failed to dlopen libnuma.so. Fallback to GROUP_BY_SOCKET manual.
[LOG_CAT_SBGP] libnuma.so: cannot open shared object file: No such file or directory
[LOG_CAT_SBGP] Failed to dlopen libnuma.so. Fallback to GROUP_BY_SOCKET manual.
[LOG_CAT_SBGP] libnuma.so: cannot open shared object file: No such file or directory
[LOG_CAT_SBGP] Failed to dlopen libnuma.so. Fallback to GROUP_BY_SOCKET manual.
[LOG_CAT_SBGP] libnuma.so: cannot open shared object file: No such file or directory
[LOG_CAT_SBGP] Failed to dlopen libnuma.so. Fallback to GROUP_BY_SOCKET manual.
[LOG_CAT_SBGP] libnuma.so: cannot open shared object file: No such file or directory
[LOG_CAT_SBGP] Failed to dlopen libnuma.so. Fallback to GROUP_BY_SOCKET manual.
[LOG_CAT_SBGP] libnuma.so: cannot open shared object file: No such file or directory
[LOG_CAT_SBGP] Failed to dlopen libnuma.so. Fallback to GROUP_BY_SOCKET manual.
[LOG_CAT_SBGP] libnuma.so: cannot open shared object file: No such file or directory
[LOG_CAT_SBGP] Failed to dlopen libnuma.so. Fallback to GROUP_BY_SOCKET manual.
[LOG_CAT_SBGP] libnuma.so: cannot open shared object file: No such file or directory
[LOG_CAT_SBGP] Failed to dlopen libnuma.so. Fallback to GROUP_BY_SOCKET manual.
[LOG_CAT_SBGP] libnuma.so: cannot open shared object file: No such file or directory
[LOG_CAT_SBGP] Failed to dlopen libnuma.so. Fallback to GROUP_BY_SOCKET manual.
[LOG_CAT_SBGP] libnuma.so: cannot open shared object file: No such file or directory
[LOG_CAT_SBGP] Failed to dlopen libnuma.so. Fallback to GROUP_BY_SOCKET manual.
[LOG_CAT_SBGP] libnuma.so: cannot open shared object file: No such file or directory
[LOG_CAT_SBGP] Failed to dlopen libnuma.so. Fallback to GROUP_BY_SOCKET manual.
[LOG_CAT_SBGP] libnuma.so: cannot open shared object file: No such file or directory
[LOG_CAT_SBGP] Failed to dlopen libnuma.so. Fallback to GROUP_BY_SOCKET manual.
[LOG_CAT_SBGP] libnuma.so: cannot open shared object file: No such file or directory
[LOG_CAT_SBGP] Failed to dlopen libnuma.so. Fallback to GROUP_BY_SOCKET manual.
[LOG_CAT_SBGP] libnuma.so: cannot open shared object file: No such file or directory
[LOG_CAT_SBGP] Failed to dlopen libnuma.so. Fallback to GROUP_BY_SOCKET manual.
[LOG_CAT_SBGP] libnuma.so: cannot open shared object file: No such file or directory
[LOG_CAT_SBGP] Failed to dlopen libnuma.so. Fallback to GROUP_BY_SOCKET manual.
[LOG_CAT_SBGP] libnuma.so: cannot open shared object file: No such file or directory
[LOG_CAT_SBGP] Failed to dlopen libnuma.so. Fallback to GROUP_BY_SOCKET manual.
[LOG_CAT_SBGP] libnuma.so: cannot open shared object file: No such file or directory
[LOG_CAT_SBGP] Failed to dlopen libnuma.so. Fallback to GROUP_BY_SOCKET manual.
[LOG_CAT_SBGP] libnuma.so: cannot open shared object file: No such file or directory
[LOG_CAT_SBGP] Failed to dlopen libnuma.so. Fallback to GROUP_BY_SOCKET manual.
[LOG_CAT_SBGP] libnuma.so: cannot open shared object file: No such file or directory
[LOG_CAT_SBGP] Failed to dlopen libnuma.so. Fallback to GROUP_BY_SOCKET manual.
[LOG_CAT_SBGP] libnuma.so: cannot open shared object file: No such file or directory
[LOG_CAT_SBGP] Failed to dlopen libnuma.so. Fallback to GROUP_BY_SOCKET manual.
[LOG_CAT_SBGP] libnuma.so: cannot open shared object file: No such file or directory
[LOG_CAT_SBGP] Failed to dlopen libnuma.so. Fallback to GROUP_BY_SOCKET manual.
[LOG_CAT_SBGP] libnuma.so: cannot open shared object file: No such file or directory
[LOG_CAT_SBGP] Failed to dlopen libnuma.so. Fallback to GROUP_BY_SOCKET manual.
[LOG_CAT_SBGP] Failed to dlopen libnuma.so. Fallback to GROUP_BY_SOCKET manual.
[LOG_CAT_SBGP] libnuma.so: cannot open shared object file: No such file or directory
[LOG_CAT_SBGP] Failed to dlopen libnuma.so. Fallback to GROUP_BY_SOCKET manual.
[LOG_CAT_SBGP] libnuma.so: cannot open shared object file: No such file or directory
[LOG_CAT_SBGP] Failed to dlopen libnuma.so. Fallback to GROUP_BY_SOCKET manual.
[LOG_CAT_SBGP] libnuma.so: cannot open shared object file: No such file or directory
[LOG_CAT_SBGP] Failed to dlopen libnuma.so. Fallback to GROUP_BY_SOCKET manual.
[LOG_CAT_SBGP] libnuma.so: cannot open shared object file: No such file or directory
[LOG_CAT_SBGP] Failed to dlopen libnuma.so. Fallback to GROUP_BY_SOCKET manual.
[LOG_CAT_SBGP] libnuma.so: cannot open shared object file: No such file or directory
[LOG_CAT_SBGP] Failed to dlopen libnuma.so. Fallback to GROUP_BY_SOCKET manual.
[LOG_CAT_SBGP] libnuma.so: cannot open shared object file: No such file or directory
[LOG_CAT_SBGP] Failed to dlopen libnuma.so. Fallback to GROUP_BY_SOCKET manual.
[LOG_CAT_SBGP] libnuma.so: cannot open shared object file: No such file or directory
[LOG_CAT_SBGP] Failed to dlopen libnuma.so. Fallback to GROUP_BY_SOCKET manual.
[LOG_CAT_SBGP] libnuma.so: cannot open shared object file: No such file or directory
[LOG_CAT_SBGP] Failed to dlopen libnuma.so. Fallback to GROUP_BY_SOCKET manual.
[LOG_CAT_SBGP] libnuma.so: cannot open shared object file: No such file or directory
[LOG_CAT_SBGP] Failed to dlopen libnuma.so. Fallback to GROUP_BY_SOCKET manual.
[LOG_CAT_SBGP] libnuma.so: cannot open shared object file: No such file or directory
[LOG_CAT_SBGP] Failed to dlopen libnuma.so. Fallback to GROUP_BY_SOCKET manual.
[LOG_CAT_SBGP] libnuma.so: cannot open shared object file: No such file or directory
[LOG_CAT_SBGP] Failed to dlopen libnuma.so. Fallback to GROUP_BY_SOCKET manual.
[LOG_CAT_SBGP] libnuma.so: cannot open shared object file: No such file or directory
[LOG_CAT_SBGP] Failed to dlopen libnuma.so. Fallback to GROUP_BY_SOCKET manual.
[LOG_CAT_SBGP] libnuma.so: cannot open shared object file: No such file or directory
[LOG_CAT_SBGP] libnuma.so: cannot open shared object file: No such file or directory
[LOG_CAT_SBGP] Failed to dlopen libnuma.so. Fallback to GROUP_BY_SOCKET manual.
[LOG_CAT_SBGP] libnuma.so: cannot open shared object file: No such file or directory
[LOG_CAT_SBGP] Failed to dlopen libnuma.so. Fallback to GROUP_BY_SOCKET manual.
[LOG_CAT_SBGP] Failed to dlopen libnuma.so. Fallback to GROUP_BY_SOCKET manual.
[LOG_CAT_SBGP] libnuma.so: cannot open shared object file: No such file or directory
[LOG_CAT_SBGP] Failed to dlopen libnuma.so. Fallback to GROUP_BY_SOCKET manual.
[LOG_CAT_SBGP] libnuma.so: cannot open shared object file: No such file or directory
[LOG_CAT_SBGP] Failed to dlopen libnuma.so. Fallback to GROUP_BY_SOCKET manual.
[LOG_CAT_SBGP] libnuma.so: cannot open shared object file: No such file or directory
[LOG_CAT_SBGP] Failed to dlopen libnuma.so. Fallback to GROUP_BY_SOCKET manual.
[LOG_CAT_SBGP] libnuma.so: cannot open shared object file: No such file or directory
[LOG_CAT_SBGP] Failed to dlopen libnuma.so. Fallback to GROUP_BY_SOCKET manual.
[LOG_CAT_SBGP] libnuma.so: cannot open shared object file: No such file or directory
[LOG_CAT_SBGP] Failed to dlopen libnuma.so. Fallback to GROUP_BY_SOCKET manual.
[LOG_CAT_SBGP] libnuma.so: cannot open shared object file: No such file or directory
[LOG_CAT_SBGP] Failed to dlopen libnuma.so. Fallback to GROUP_BY_SOCKET manual.
[LOG_CAT_SBGP] libnuma.so: cannot open shared object file: No such file or directory
[LOG_CAT_SBGP] Failed to dlopen libnuma.so. Fallback to GROUP_BY_SOCKET manual.
[LOG_CAT_SBGP] libnuma.so: cannot open shared object file: No such file or directory
[LOG_CAT_SBGP] Failed to dlopen libnuma.so. Fallback to GROUP_BY_SOCKET manual.
[LOG_CAT_SBGP] libnuma.so: cannot open shared object file: No such file or directory
[LOG_CAT_SBGP] Failed to dlopen libnuma.so. Fallback to GROUP_BY_SOCKET manual.
[LOG_CAT_SBGP] libnuma.so: cannot open shared object file: No such file or directory
[LOG_CAT_SBGP] Failed to dlopen libnuma.so. Fallback to GROUP_BY_SOCKET manual.
[LOG_CAT_SBGP] libnuma.so: cannot open shared object file: No such file or directory
[LOG_CAT_SBGP] Failed to dlopen libnuma.so. Fallback to GROUP_BY_SOCKET manual.
[LOG_CAT_SBGP] libnuma.so: cannot open shared object file: No such file or directory
[LOG_CAT_SBGP] Failed to dlopen libnuma.so. Fallback to GROUP_BY_SOCKET manual.
[LOG_CAT_SBGP] libnuma.so: cannot open shared object file: No such file or directory
[LOG_CAT_SBGP] Failed to dlopen libnuma.so. Fallback to GROUP_BY_SOCKET manual.
[LOG_CAT_SBGP] libnuma.so: cannot open shared object file: No such file or directory
[LOG_CAT_SBGP] Failed to dlopen libnuma.so. Fallback to GROUP_BY_SOCKET manual.
[LOG_CAT_SBGP] libnuma.so: cannot open shared object file: No such file or directory
[LOG_CAT_SBGP] Failed to dlopen libnuma.so. Fallback to GROUP_BY_SOCKET manual.
[LOG_CAT_SBGP] libnuma.so: cannot open shared object file: No such file or directory
[LOG_CAT_SBGP] Failed to dlopen libnuma.so. Fallback to GROUP_BY_SOCKET manual.
[LOG_CAT_SBGP] libnuma.so: cannot open shared object file: No such file or directory
[LOG_CAT_SBGP] Failed to dlopen libnuma.so. Fallback to GROUP_BY_SOCKET manual.
[LOG_CAT_SBGP] libnuma.so: cannot open shared object file: No such file or directory
[LOG_CAT_SBGP] Failed to dlopen libnuma.so. Fallback to GROUP_BY_SOCKET manual.
[LOG_CAT_SBGP] libnuma.so: cannot open shared object file: No such file or directory
[LOG_CAT_SBGP] Failed to dlopen libnuma.so. Fallback to GROUP_BY_SOCKET manual.
[LOG_CAT_SBGP] libnuma.so: cannot open shared object file: No such file or directory
[LOG_CAT_SBGP] Failed to dlopen libnuma.so. Fallback to GROUP_BY_SOCKET manual.
[LOG_CAT_SBGP] libnuma.so: cannot open shared object file: No such file or directory
[LOG_CAT_SBGP] Failed to dlopen libnuma.so. Fallback to GROUP_BY_SOCKET manual.
[LOG_CAT_SBGP] libnuma.so: cannot open shared object file: No such file or directory
[LOG_CAT_SBGP] Failed to dlopen libnuma.so. Fallback to GROUP_BY_SOCKET manual.
[LOG_CAT_SBGP] libnuma.so: cannot open shared object file: No such file or directory
[LOG_CAT_SBGP] Failed to dlopen libnuma.so. Fallback to GROUP_BY_SOCKET manual.
[LOG_CAT_SBGP] libnuma.so: cannot open shared object file: No such file or directory
[LOG_CAT_SBGP] Failed to dlopen libnuma.so. Fallback to GROUP_BY_SOCKET manual.
[LOG_CAT_SBGP] libnuma.so: cannot open shared object file: No such file or directory
[LOG_CAT_SBGP] Failed to dlopen libnuma.so. Fallback to GROUP_BY_SOCKET manual.
[LOG_CAT_SBGP] libnuma.so: cannot open shared object file: No such file or directory
[LOG_CAT_SBGP] Failed to dlopen libnuma.so. Fallback to GROUP_BY_SOCKET manual.
[LOG_CAT_SBGP] libnuma.so: cannot open shared object file: No such file or directory
[LOG_CAT_SBGP] Failed to dlopen libnuma.so. Fallback to GROUP_BY_SOCKET manual.
[LOG_CAT_SBGP] libnuma.so: cannot open shared object file: No such file or directory
[LOG_CAT_SBGP] Failed to dlopen libnuma.so. Fallback to GROUP_BY_SOCKET manual.
[LOG_CAT_SBGP] libnuma.so: cannot open shared object file: No such file or directory
[LOG_CAT_SBGP] Failed to dlopen libnuma.so. Fallback to GROUP_BY_SOCKET manual.
[LOG_CAT_SBGP] libnuma.so: cannot open shared object file: No such file or directory
[LOG_CAT_SBGP] Failed to dlopen libnuma.so. Fallback to GROUP_BY_SOCKET manual.
[LOG_CAT_SBGP] Failed to dlopen libnuma.so. Fallback to GROUP_BY_SOCKET manual.
[LOG_CAT_SBGP] libnuma.so: cannot open shared object file: No such file or directory
[LOG_CAT_SBGP] Failed to dlopen libnuma.so. Fallback to GROUP_BY_SOCKET manual.
[LOG_CAT_SBGP] libnuma.so: cannot open shared object file: No such file or directory
[LOG_CAT_SBGP] Failed to dlopen libnuma.so. Fallback to GROUP_BY_SOCKET manual.
[LOG_CAT_SBGP] libnuma.so: cannot open shared object file: No such file or directory
[LOG_CAT_SBGP] Failed to dlopen libnuma.so. Fallback to GROUP_BY_SOCKET manual.
[LOG_CAT_SBGP] libnuma.so: cannot open shared object file: No such file or directory
[LOG_CAT_SBGP] Failed to dlopen libnuma.so. Fallback to GROUP_BY_SOCKET manual.
[LOG_CAT_SBGP] libnuma.so: cannot open shared object file: No such file or directory
[LOG_CAT_SBGP] Failed to dlopen libnuma.so. Fallback to GROUP_BY_SOCKET manual.
[LOG_CAT_SBGP] libnuma.so: cannot open shared object file: No such file or directory
[LOG_CAT_SBGP] Failed to dlopen libnuma.so. Fallback to GROUP_BY_SOCKET manual.
[LOG_CAT_SBGP] libnuma.so: cannot open shared object file: No such file or directory
[LOG_CAT_SBGP] Failed to dlopen libnuma.so. Fallback to GROUP_BY_SOCKET manual.
[LOG_CAT_SBGP] libnuma.so: cannot open shared object file: No such file or directory
[LOG_CAT_SBGP] Failed to dlopen libnuma.so. Fallback to GROUP_BY_SOCKET manual.
[LOG_CAT_SBGP] libnuma.so: cannot open shared object file: No such file or directory
[LOG_CAT_SBGP] Failed to dlopen libnuma.so. Fallback to GROUP_BY_SOCKET manual.
[LOG_CAT_SBGP] libnuma.so: cannot open shared object file: No such file or directory
[LOG_CAT_SBGP] Failed to dlopen libnuma.so. Fallback to GROUP_BY_SOCKET manual.
[LOG_CAT_SBGP] libnuma.so: cannot open shared object file: No such file or directory
[LOG_CAT_SBGP] Failed to dlopen libnuma.so. Fallback to GROUP_BY_SOCKET manual.
[LOG_CAT_SBGP] libnuma.so: cannot open shared object file: No such file or directory
[LOG_CAT_SBGP] Failed to dlopen libnuma.so. Fallback to GROUP_BY_SOCKET manual.
[LOG_CAT_SBGP] Failed to dlopen libnuma.so. Fallback to GROUP_BY_SOCKET manual.
[LOG_CAT_SBGP] Failed to dlopen libnuma.so. Fallback to GROUP_BY_SOCKET manual.
SPARTA (27 Aug 2026)
KOKKOS mode is enabled (/hpc/data/cfd-students/nnoventa/sparta/src/KOKKOS/kokkos.cpp:50)
  requested 0 GPU(s) per node
  requested 1 thread(s) per MPI task
Running on 1536 MPI task(s)
Created orthogonal box = (-0.002001 -1e-06 -1e-06) to (0.02801 0.003001 0.087501)
WARNING: Per-processor grid cell memory will be large because global gridcut < 0.0 (/hpc/data/cfd-students/nnoventa/sparta/src/grid.cpp:518)
Created 864000 child grid cells
  CPU time = 0.542565 secs
  create/ghost percent = 0.394192 99.6058
Balance grid migrated 863517 cells
  CPU time = 1.35653 secs
  reassign/sort/migrate/ghost percent = 91.3506 0.00171423 1.93736 6.71029
Reading surface file ...
  80998 triangles
  clipped to 80998 tris
  -0.002 0.028 xlo xhi
  0 0.003 ylo yhi
  0 0.0875 zlo zhi
  0.000245331 min triangle edge length
  3.15715e-08 min triangle area
  43848 0 = cells overlapping surfs, overlap cells with unmarked corner pts
  25 tiny edges removed
  269352 550800 43848 = cells outside/inside/overlapping surfs
  43848 = surf cells with 1,2,etc splits
  2.7234375e-06 2.7234375e-06 = cell-wise and global flow volume
  CPU time = 0.624561 secs
  read/check/sort/surf2grid/ghost/inout/particle percent = 8.23054 63.8813 0.282356 19.1045 8.50133 16.9485 0.00141908
  surf2grid time = 0.119319 secs
  map/comm1/comm2/comm3/comm4/split percent = 0.872141 12.7105 77.2347 0.856117 4.26771 2.87058
0 = initial surface count in group inlet
382 = final surface count in group inlet
0 = initial surface count in group outlet
690 = final surface count in group outlet
0 = initial surface count in group yminus
41336 = final surface count in group yminus
0 = initial surface count in group yplus
33810 = final surface count in group yplus
0 = initial surface count in group yplus_inlet
382 = final surface count in group yplus_inlet
0 = initial surface count in group yplus_inlet_wall
1314 = final surface count in group yplus_inlet_wall
0 = initial surface count in group yplus_outlet
718 = final surface count in group yplus_outlet
0 = initial surface count in group yplus_outlet_wall
1598 = final surface count in group yplus_outlet_wall
0 = initial surface count in group zminus
393 = final surface count in group zminus
0 = initial surface count in group zplus
375 = final surface count in group zplus
Creating particles ...
WARNING: Created unexpected # of particles: 119999558 versus 120000000 (/hpc/data/cfd-students/nnoventa/sparta/src/create_particles.cpp:445)
Created 119999558 particles
  CPU time = 0.0855737 secs
Balance grid migrated 813679 cells
  CPU time = 0.307561 secs
  reassign/sort/migrate/ghost percent = 29.5421 1.09326 45.3687 23.9959
Memory usage per proc in Mbytes:
  particles (ave,min,max) = 10.6122 7.81269 22.8766
  grid      (ave,min,max) = 138.033 138.025 138.057
  surf      (ave,min,max) = 10.309 10.309 10.309
  modify    (ave,min,max) = 0.145912 0.0503235 0.608032
  total     (ave,min,max) = 159.1 156.197 171.268
Step CPU T/CPU S/CPU Dt Np Natt Ncoll Nbound Nexit c_temp 
       0            0            0            0        3e-09 119999558        0        0        0        0    299.98144 
     100    1.4230396 2.1081561e-07     70.27179        3e-09 117879248  1749281   929430        0        0    297.68643 
     200    3.3924679 1.5232867e-07    50.776236        3e-09 115512501  1739047   895744        0        0    296.00087 
     300    4.6784637 2.332818e-07    77.760553        3e-09 113119714  1703514   863476        0        0    294.60853 
     400     5.906936 2.4420593e-07    81.402004        3e-09 110734824  1658159   829063        0        0    293.53505 
     500    7.1109861 2.4915908e-07    83.053021        3e-09 108372632  1609735   798624        0        0    292.73588 
     600    8.1116672 2.9979577e-07    99.931946        3e-09 106039635  1559874   767856        0        0     292.1974 
     700    9.3628689 2.3976975e-07    79.923267        3e-09 103753204  1511469   739845        0        0     291.7792 
     800    10.417793 2.843799e-07    94.793281        3e-09 101529109  1465424   713894        0        0    291.51358 
     900    11.067115 4.6202117e-07    154.00709        3e-09 99381493  1422845   691268        0        0    291.30283 
    1000    11.724917 4.5606421e-07    152.02139        3e-09 97327857  1383068   670437        0        0    291.16681 
Loop time of 11.7251 on 1536 procs for 1000 steps with 97327857 particles
Performance: 85.287 timesteps/s, 8.301 Gparticle-step/s

MPI task timing breakdown:
Section |  min time  |  avg time  |  max time  |%varavg| %total
---------------------------------------------------------------
Move    | 0.94949    | 1.653      | 3.5168     |  31.6 | 14.10
Coll    | 0.15801    | 0.34611    | 0.51158    |  13.4 |  2.95
Sort    | 0.18895    | 0.29686    | 0.37651    |   7.1 |  2.53
Comm    | 0.6681     | 0.79903    | 1.2936     |  10.5 |  6.81
Modify  | 0.78352    | 1.0171     | 1.3431     |  11.9 |  8.67
Output  | 0.003461   | 0.0059179  | 0.0089245  |   1.6 |  0.05
MPI Sync| 5.8378     | 7.6065     | 8.3777     |  14.9 | 64.87
Other   |            | 0.000646   |            |       |  0.01

Particle moves    = 108490203136 (108B)
Cells touched     = 121278545269 (121B)
Particle comms    = 2347034118 (2.35B)
Boundary collides = 0 (0K)
Boundary exits    = 0 (0K)
SurfColl checks   = 81365740341 (81.4B)
SurfColl occurs   = 337296862 (337M)
Surf reactions    = 0 (0K)
Collide attempts  = 1591990773 (1.59B)
Collide occurs    = 804326852 (804M)
Gas reactions     = 0 (0K)
Particles stuck   = 0
Axisymm bad moves = 0

Particle-moves/CPUsec/proc: 6.02396e+06
Particle-moves/step: 1.0849e+08
Cell-touches/particle/step: 1.11788
Particle comm iterations/step: 3.668
Particle fraction communicated: 0.0216336
Particle fraction colliding with boundary: 0
Particle fraction exiting boundary: 0
Surface-checks/particle/step: 0.749982
Surface-collisions/particle/step: 0.00310901
Surface-reactions/particle/step: 0
Collision-attempts/particle/step: 0.0146741
Collisions/particle/step: 0.00741382
Gas-reactions/particle/step: 0

Particles: 63364.5 ave 79106 max 33829 min
Histogram: 102 192 95 163 66 21 26 61 43 767
Cells:     562.5 ave 2344 max 194 min
Histogram: 1118 39 58 23 10 40 18 39 168 23
GhostCell: 1611.74 ave 6053 max 218 min
Histogram: 439 610 108 41 57 79 77 65 58 2
EmptyCell: 1234.9 ave 3674 max 204 min
Histogram: 258 670 192 41 49 34 25 22 192 53
Surfs:     80998 ave 80998 max 80998 min
Histogram: 1536 0 0 0 0 0 0 0 0 0
GhostSurf: 0 ave 0 max 0 min
Histogram: 1536 0 0 0 0 0 0 0 0 0
sparta exit status: 0
