timestamp, index, utilization.gpu [%], utilization.memory [%], memory.used [MiB], power.draw [W]
2026/09/23 13:29:34.433, 0, 0 %, 0 %, 107 MiB, 44.47 W
2026/09/23 13:29:34.434, 1, 0 %, 0 %, 107 MiB, 42.49 W
2026/09/23 13:29:34.436, 2, 0 %, 0 %, 107 MiB, 43.04 W
2026/09/23 13:29:34.438, 3, 0 %, 0 %, 107 MiB, 42.52 W
2026/09/23 13:29:35.440, 0, 0 %, 0 %, 421 MiB, 62.34 W
2026/09/23 13:29:35.441, 1, 3 %, 0 %, 421 MiB, 59.38 W
2026/09/23 13:29:35.442, 2, 0 %, 0 %, 421 MiB, 60.47 W
2026/09/23 13:29:35.443, 3, 3 %, 0 %, 421 MiB, 59.95 W
2026/09/23 13:29:36.446, 0, 0 %, 0 %, 429 MiB, 62.38 W
2026/09/23 13:29:36.447, 1, 0 %, 0 %, 429 MiB, 59.87 W
2026/09/23 13:29:36.448, 2, 0 %, 0 %, 429 MiB, 60.47 W
2026/09/23 13:29:36.449, 3, 0 %, 0 %, 429 MiB, 59.95 W
2026/09/23 13:29:37.451, 0, 27 %, 2 %, 611 MiB, 62.83 W
2026/09/23 13:29:37.452, 1, 27 %, 2 %, 611 MiB, 60.36 W
2026/09/23 13:29:37.453, 2, 27 %, 2 %, 611 MiB, 60.96 W
2026/09/23 13:29:37.454, 3, 24 %, 2 %, 713 MiB, 60.40 W
2026/09/23 13:29:38.457, 0, 26 %, 2 %, 955 MiB, 62.83 W
2026/09/23 13:29:38.458, 1, 27 %, 2 %, 955 MiB, 60.36 W
2026/09/23 13:29:38.459, 2, 24 %, 2 %, 955 MiB, 61.45 W
2026/09/23 13:29:38.460, 3, 25 %, 2 %, 717 MiB, 60.88 W
2026/09/23 13:29:39.462, 0, 31 %, 2 %, 1167 MiB, 62.83 W
2026/09/23 13:29:39.463, 1, 26 %, 1 %, 849 MiB, 59.87 W
2026/09/23 13:29:39.464, 2, 27 %, 2 %, 1167 MiB, 60.96 W
2026/09/23 13:29:39.466, 3, 21 %, 1 %, 1167 MiB, 60.40 W
2026/09/23 13:29:40.468, 0, 26 %, 2 %, 963 MiB, 62.87 W
2026/09/23 13:29:40.469, 1, 24 %, 1 %, 963 MiB, 59.35 W
2026/09/23 13:29:40.470, 2, 24 %, 2 %, 963 MiB, 61.45 W
2026/09/23 13:29:40.471, 3, 25 %, 2 %, 1385 MiB, 60.44 W
2026/09/23 13:29:41.473, 0, 20 %, 2 %, 1061 MiB, 63.31 W
2026/09/23 13:29:41.474, 1, 35 %, 3 %, 1679 MiB, 61.29 W
2026/09/23 13:29:41.476, 2, 20 %, 2 %, 1061 MiB, 61.45 W
2026/09/23 13:29:41.477, 3, 21 %, 1 %, 1061 MiB, 60.40 W
2026/09/23 13:29:42.479, 0, 20 %, 2 %, 1179 MiB, 63.31 W
2026/09/23 13:29:42.480, 1, 36 %, 2 %, 1927 MiB, 69.49 W
2026/09/23 13:29:42.481, 2, 19 %, 2 %, 1179 MiB, 61.45 W
2026/09/23 13:29:42.483, 3, 20 %, 1 %, 1179 MiB, 59.91 W
2026/09/23 13:29:43.485, 0, 25 %, 1 %, 2069 MiB, 62.83 W
2026/09/23 13:29:43.486, 1, 28 %, 2 %, 1321 MiB, 59.87 W
2026/09/23 13:29:43.488, 2, 21 %, 1 %, 2069 MiB, 60.96 W
2026/09/23 13:29:43.489, 3, 32 %, 4 %, 2069 MiB, 60.40 W
2026/09/23 13:29:44.491, 0, 9 %, 0 %, 1403 MiB, 63.31 W
2026/09/23 13:29:44.492, 1, 40 %, 5 %, 2397 MiB, 62.26 W
2026/09/23 13:29:44.493, 2, 12 %, 1 %, 1403 MiB, 61.45 W
2026/09/23 13:29:44.494, 3, 31 %, 2 %, 1403 MiB, 59.91 W
2026/09/23 13:29:45.496, 0, 39 %, 5 %, 2587 MiB, 62.83 W
2026/09/23 13:29:45.498, 1, 25 %, 1 %, 2587 MiB, 59.83 W
2026/09/23 13:29:45.499, 2, 36 %, 5 %, 2587 MiB, 60.96 W
2026/09/23 13:29:45.501, 3, 13 %, 1 %, 1493 MiB, 60.88 W
2026/09/23 13:29:46.503, 0, 31 %, 4 %, 2797 MiB, 62.83 W
2026/09/23 13:29:46.504, 1, 24 %, 1 %, 2797 MiB, 60.80 W
2026/09/23 13:29:46.505, 2, 25 %, 4 %, 2797 MiB, 60.92 W
2026/09/23 13:29:46.506, 3, 39 %, 2 %, 2797 MiB, 60.88 W
2026/09/23 13:29:47.509, 0, 31 %, 5 %, 3027 MiB, 62.83 W
2026/09/23 13:29:47.510, 1, 25 %, 1 %, 3027 MiB, 60.80 W
2026/09/23 13:29:47.511, 2, 22 %, 3 %, 3027 MiB, 60.96 W
2026/09/23 13:29:47.513, 3, 38 %, 2 %, 3027 MiB, 60.44 W
2026/09/23 13:29:48.515, 0, 37 %, 6 %, 3279 MiB, 62.83 W
2026/09/23 13:29:48.517, 1, 24 %, 1 %, 3279 MiB, 60.80 W
2026/09/23 13:29:48.518, 2, 32 %, 5 %, 3279 MiB, 60.96 W
2026/09/23 13:29:48.519, 3, 27 %, 1 %, 1823 MiB, 60.88 W
2026/09/23 13:29:49.521, 0, 39 %, 2 %, 1955 MiB, 63.31 W
2026/09/23 13:29:49.522, 1, 32 %, 6 %, 3557 MiB, 64.20 W
2026/09/23 13:29:49.523, 2, 39 %, 2 %, 1955 MiB, 61.45 W
2026/09/23 13:29:49.524, 3, 0 %, 0 %, 1955 MiB, 60.88 W
2026/09/23 13:29:50.527, 0, 0 %, 0 %, 2101 MiB, 62.83 W
2026/09/23 13:29:50.528, 1, 38 %, 2 %, 2101 MiB, 64.68 W
2026/09/23 13:29:50.530, 2, 0 %, 0 %, 2101 MiB, 61.45 W
2026/09/23 13:29:50.531, 3, 21 %, 1 %, 2101 MiB, 59.91 W
2026/09/23 13:29:51.533, 0, 25 %, 1 %, 3863 MiB, 62.83 W
2026/09/23 13:29:51.535, 1, 38 %, 4 %, 2261 MiB, 63.76 W
2026/09/23 13:29:51.536, 2, 21 %, 1 %, 3863 MiB, 60.96 W
2026/09/23 13:29:51.537, 3, 20 %, 1 %, 3863 MiB, 60.40 W
2026/09/23 13:29:52.540, 0, 25 %, 1 %, 4199 MiB, 70.56 W
2026/09/23 13:29:52.542, 1, 25 %, 1 %, 4199 MiB, 65.61 W
2026/09/23 13:29:52.543, 2, 29 %, 6 %, 4199 MiB, 60.96 W
2026/09/23 13:29:52.544, 3, 38 %, 2 %, 2261 MiB, 64.28 W
2026/09/23 13:29:53.547, 0, 18 %, 1 %, 2437 MiB, 73.47 W
2026/09/23 13:29:53.548, 1, 40 %, 2 %, 2437 MiB, 72.40 W
2026/09/23 13:29:53.549, 2, 0 %, 0 %, 2437 MiB, 61.41 W
2026/09/23 13:29:53.550, 3, 31 %, 2 %, 2437 MiB, 63.27 W
2026/09/23 13:29:54.552, 0, 24 %, 1 %, 4569 MiB, 72.99 W
2026/09/23 13:29:54.553, 1, 24 %, 1 %, 4569 MiB, 72.40 W
2026/09/23 13:29:54.554, 2, 21 %, 1 %, 4569 MiB, 60.92 W
2026/09/23 13:29:54.555, 3, 20 %, 1 %, 4569 MiB, 63.31 W
2026/09/23 13:29:55.558, 0, 39 %, 2 %, 2631 MiB, 73.47 W
2026/09/23 13:29:55.559, 1, 41 %, 6 %, 4975 MiB, 75.32 W
2026/09/23 13:29:55.560, 2, 38 %, 2 %, 2631 MiB, 61.41 W
2026/09/23 13:29:55.561, 3, 0 %, 0 %, 2631 MiB, 63.76 W
2026/09/23 13:29:56.563, 0, 25 %, 1 %, 2843 MiB, 75.90 W
2026/09/23 13:29:56.565, 1, 49 %, 5 %, 2843 MiB, 71.87 W
2026/09/23 13:29:56.566, 2, 21 %, 1 %, 4975 MiB, 60.96 W
2026/09/23 13:29:56.567, 3, 20 %, 1 %, 4975 MiB, 63.27 W
2026/09/23 13:29:57.569, 0, 41 %, 10 %, 5423 MiB, 75.90 W
2026/09/23 13:29:57.571, 1, 37 %, 9 %, 5423 MiB, 72.36 W
2026/09/23 13:29:57.572, 2, 38 %, 2 %, 2843 MiB, 63.84 W
2026/09/23 13:29:57.573, 3, 38 %, 2 %, 2843 MiB, 66.18 W
2026/09/23 13:29:58.575, 0, 24 %, 1 %, 3079 MiB, 78.33 W
2026/09/23 13:29:58.576, 1, 39 %, 3 %, 3079 MiB, 72.36 W
2026/09/23 13:29:58.577, 2, 21 %, 1 %, 5423 MiB, 63.35 W
2026/09/23 13:29:58.579, 3, 20 %, 1 %, 5423 MiB, 65.70 W
2026/09/23 13:29:59.581, 0, 39 %, 2 %, 3079 MiB, 75.80 W
2026/09/23 13:29:59.583, 1, 39 %, 2 %, 5915 MiB, 104.63 W
2026/09/23 13:29:59.584, 2, 39 %, 2 %, 3079 MiB, 73.96 W
2026/09/23 13:29:59.585, 3, 26 %, 1 %, 3079 MiB, 72.89 W
2026/09/23 13:30:00.588, 0, 24 %, 1 %, 5915 MiB, 75.46 W
2026/09/23 13:30:00.589, 1, 24 %, 1 %, 5915 MiB, 72.40 W
2026/09/23 13:30:00.590, 2, 21 %, 1 %, 5915 MiB, 73.52 W
2026/09/23 13:30:00.591, 3, 20 %, 1 %, 5915 MiB, 72.99 W
2026/09/23 13:30:01.593, 0, 39 %, 2 %, 3335 MiB, 75.85 W
2026/09/23 13:30:01.594, 1, 39 %, 2 %, 3335 MiB, 72.84 W
2026/09/23 13:30:01.596, 2, 17 %, 1 %, 3335 MiB, 74.01 W
2026/09/23 13:30:01.597, 3, 0 %, 0 %, 3335 MiB, 71.97 W
2026/09/23 13:30:02.600, 0, 24 %, 1 %, 6455 MiB, 75.41 W
2026/09/23 13:30:02.601, 1, 24 %, 1 %, 6455 MiB, 72.36 W
2026/09/23 13:30:02.602, 2, 21 %, 1 %, 6455 MiB, 73.57 W
2026/09/23 13:30:02.603, 3, 20 %, 1 %, 6455 MiB, 72.99 W
2026/09/23 13:30:03.605, 0, 0 %, 0 %, 3619 MiB, 74.93 W
2026/09/23 13:30:03.606, 1, 0 %, 0 %, 3619 MiB, 71.87 W
2026/09/23 13:30:03.607, 2, 40 %, 5 %, 3619 MiB, 73.03 W
2026/09/23 13:30:03.609, 3, 20 %, 1 %, 6455 MiB, 72.50 W
2026/09/23 13:30:04.612, 0, 38 %, 12 %, 7051 MiB, 75.32 W
2026/09/23 13:30:04.613, 1, 32 %, 11 %, 7051 MiB, 72.31 W
2026/09/23 13:30:04.614, 2, 38 %, 2 %, 7051 MiB, 128.02 W
2026/09/23 13:30:04.615, 3, 38 %, 2 %, 3619 MiB, 72.89 W
2026/09/23 13:30:05.617, 0, 24 %, 1 %, 7051 MiB, 75.41 W
2026/09/23 13:30:05.618, 1, 24 %, 1 %, 7051 MiB, 72.89 W
2026/09/23 13:30:05.619, 2, 21 %, 1 %, 7051 MiB, 73.52 W
2026/09/23 13:30:05.621, 3, 20 %, 1 %, 7051 MiB, 72.45 W
2026/09/23 13:30:06.623, 0, 15 %, 1 %, 3931 MiB, 76.33 W
2026/09/23 13:30:06.624, 1, 32 %, 2 %, 3931 MiB, 72.84 W
2026/09/23 13:30:06.625, 2, 0 %, 0 %, 3931 MiB, 73.52 W
2026/09/23 13:30:06.626, 3, 0 %, 0 %, 3931 MiB, 72.01 W
2026/09/23 13:30:07.629, 0, 24 %, 1 %, 7707 MiB, 75.85 W
2026/09/23 13:30:07.630, 1, 24 %, 1 %, 7707 MiB, 72.36 W
2026/09/23 13:30:07.631, 2, 35 %, 12 %, 7707 MiB, 73.52 W
2026/09/23 13:30:07.632, 3, 39 %, 2 %, 3931 MiB, 72.94 W
2026/09/23 13:30:08.635, 0, 24 %, 1 %, 7707 MiB, 75.41 W
2026/09/23 13:30:08.636, 1, 24 %, 1 %, 7707 MiB, 72.40 W
2026/09/23 13:30:08.637, 2, 21 %, 1 %, 7707 MiB, 74.01 W
2026/09/23 13:30:08.639, 3, 20 %, 1 %, 7707 MiB, 72.99 W
2026/09/23 13:30:09.641, 0, 13 %, 1 %, 4275 MiB, 75.85 W
2026/09/23 13:30:09.642, 1, 39 %, 2 %, 4275 MiB, 72.84 W
2026/09/23 13:30:09.643, 2, 0 %, 0 %, 4275 MiB, 74.01 W
2026/09/23 13:30:09.644, 3, 0 %, 0 %, 4275 MiB, 72.45 W
2026/09/23 13:30:10.646, 0, 24 %, 1 %, 8427 MiB, 75.36 W
2026/09/23 13:30:10.648, 1, 24 %, 1 %, 8427 MiB, 72.40 W
2026/09/23 13:30:10.649, 2, 42 %, 14 %, 8427 MiB, 74.01 W
2026/09/23 13:30:10.650, 3, 39 %, 2 %, 4275 MiB, 72.94 W
2026/09/23 13:30:11.652, 0, 24 %, 1 %, 8427 MiB, 75.41 W
2026/09/23 13:30:11.653, 1, 24 %, 1 %, 8427 MiB, 72.36 W
2026/09/23 13:30:11.654, 2, 21 %, 1 %, 8427 MiB, 74.05 W
2026/09/23 13:30:11.655, 3, 20 %, 1 %, 8427 MiB, 72.45 W
2026/09/23 13:30:12.658, 0, 0 %, 0 %, 4651 MiB, 75.41 W
2026/09/23 13:30:12.661, 1, 0 %, 0 %, 4651 MiB, 71.92 W
2026/09/23 13:30:12.662, 2, 0 %, 0 %, 4651 MiB, 73.08 W
2026/09/23 13:30:12.663, 3, 43 %, 4 %, 4651 MiB, 75.90 W
2026/09/23 13:30:13.665, 0, 39 %, 2 %, 4651 MiB, 76.33 W
2026/09/23 13:30:13.666, 1, 38 %, 2 %, 9219 MiB, 77.69 W
2026/09/23 13:30:13.667, 2, 38 %, 2 %, 4651 MiB, 74.49 W
2026/09/23 13:30:13.668, 3, 38 %, 2 %, 4651 MiB, 73.42 W
2026/09/23 13:30:14.670, 0, 24 %, 1 %, 9219 MiB, 75.90 W
2026/09/23 13:30:14.672, 1, 24 %, 1 %, 9219 MiB, 72.40 W
2026/09/23 13:30:14.673, 2, 21 %, 1 %, 9219 MiB, 74.01 W
2026/09/23 13:30:14.674, 3, 21 %, 1 %, 9219 MiB, 72.99 W
2026/09/23 13:30:15.676, 0, 48 %, 5 %, 5067 MiB, 75.36 W
2026/09/23 13:30:15.677, 1, 52 %, 7 %, 5067 MiB, 72.45 W
2026/09/23 13:30:15.678, 2, 21 %, 1 %, 9219 MiB, 73.52 W
2026/09/23 13:30:15.679, 3, 21 %, 1 %, 9219 MiB, 72.99 W
2026/09/23 13:30:16.682, 0, 39 %, 2 %, 5067 MiB, 75.85 W
2026/09/23 13:30:16.684, 1, 39 %, 2 %, 5067 MiB, 72.84 W
2026/09/23 13:30:16.685, 2, 8 %, 0 %, 5067 MiB, 74.49 W
2026/09/23 13:30:16.686, 3, 0 %, 0 %, 5067 MiB, 72.50 W
2026/09/23 13:30:17.689, 0, 25 %, 1 %, 10091 MiB, 75.90 W
2026/09/23 13:30:17.690, 1, 24 %, 1 %, 10091 MiB, 72.40 W
2026/09/23 13:30:17.692, 2, 38 %, 2 %, 10091 MiB, 74.01 W
2026/09/23 13:30:17.693, 3, 38 %, 2 %, 5067 MiB, 73.47 W
2026/09/23 13:30:18.695, 0, 24 %, 1 %, 10091 MiB, 75.90 W
2026/09/23 13:30:18.696, 1, 24 %, 1 %, 10091 MiB, 72.36 W
2026/09/23 13:30:18.697, 2, 21 %, 1 %, 10091 MiB, 74.01 W
2026/09/23 13:30:18.699, 3, 20 %, 1 %, 10091 MiB, 72.99 W
2026/09/23 13:30:19.701, 0, 65 %, 9 %, 5523 MiB, 75.41 W
2026/09/23 13:30:19.702, 1, 0 %, 0 %, 5523 MiB, 72.40 W
2026/09/23 13:30:19.703, 2, 21 %, 1 %, 5523 MiB, 76.92 W
2026/09/23 13:30:19.704, 3, 20 %, 1 %, 10091 MiB, 72.99 W
2026/09/23 13:30:20.706, 0, 34 %, 2 %, 5591 MiB, 76.33 W
2026/09/23 13:30:20.708, 1, 38 %, 2 %, 5591 MiB, 72.84 W
2026/09/23 13:30:20.709, 2, 25 %, 1 %, 5591 MiB, 74.49 W
2026/09/23 13:30:20.710, 3, 38 %, 2 %, 5591 MiB, 73.42 W
2026/09/23 13:30:21.712, 0, 38 %, 2 %, 5741 MiB, 75.41 W
2026/09/23 13:30:21.714, 1, 32 %, 2 %, 5743 MiB, 72.40 W
2026/09/23 13:30:21.715, 2, 38 %, 2 %, 5741 MiB, 73.57 W
2026/09/23 13:30:21.716, 3, 29 %, 2 %, 5741 MiB, 72.50 W
2026/09/23 13:30:22.720, 0, 39 %, 2 %, 5741 MiB, 76.33 W
2026/09/23 13:30:22.721, 1, 38 %, 2 %, 5743 MiB, 73.33 W
2026/09/23 13:30:22.724, 2, 38 %, 2 %, 5741 MiB, 74.49 W
2026/09/23 13:30:22.726, 3, 38 %, 2 %, 5741 MiB, 72.94 W
2026/09/23 13:30:23.728, 0, 95 %, 24 %, 6711 MiB, 121.08 W
2026/09/23 13:30:23.730, 1, 96 %, 21 %, 6717 MiB, 116.01 W
2026/09/23 13:30:23.731, 2, 97 %, 26 %, 6707 MiB, 105.32 W
2026/09/23 13:30:23.732, 3, 98 %, 25 %, 6703 MiB, 106.57 W
2026/09/23 13:30:24.734, 0, 98 %, 23 %, 6711 MiB, 121.48 W
2026/09/23 13:30:24.735, 1, 99 %, 22 %, 6717 MiB, 117.46 W
2026/09/23 13:30:24.736, 2, 98 %, 22 %, 6707 MiB, 119.71 W
2026/09/23 13:30:24.738, 3, 96 %, 26 %, 6703 MiB, 118.10 W
2026/09/23 13:30:25.740, 0, 96 %, 27 %, 6711 MiB, 122.37 W
2026/09/23 13:30:25.741, 1, 98 %, 24 %, 6717 MiB, 121.24 W
2026/09/23 13:30:25.742, 2, 96 %, 26 %, 6707 MiB, 122.13 W
2026/09/23 13:30:25.743, 3, 98 %, 22 %, 6703 MiB, 122.37 W
2026/09/23 13:30:26.746, 0, 96 %, 26 %, 6711 MiB, 127.69 W
2026/09/23 13:30:26.747, 1, 97 %, 27 %, 6717 MiB, 122.13 W
2026/09/23 13:30:26.748, 2, 96 %, 27 %, 6707 MiB, 123.50 W
2026/09/23 13:30:26.749, 3, 98 %, 23 %, 6703 MiB, 125.35 W
2026/09/23 13:30:27.751, 0, 97 %, 23 %, 6711 MiB, 128.25 W
2026/09/23 13:30:27.752, 1, 96 %, 28 %, 6719 MiB, 123.25 W
2026/09/23 13:30:27.755, 2, 96 %, 27 %, 6707 MiB, 126.97 W
2026/09/23 13:30:27.756, 3, 99 %, 24 %, 6703 MiB, 124.22 W
2026/09/23 13:30:28.758, 0, 98 %, 23 %, 6711 MiB, 123.82 W
2026/09/23 13:30:28.760, 1, 97 %, 27 %, 6719 MiB, 121.73 W
2026/09/23 13:30:28.761, 2, 97 %, 24 %, 6707 MiB, 125.12 W
2026/09/23 13:30:28.762, 3, 97 %, 27 %, 6703 MiB, 110.36 W
2026/09/23 13:30:29.764, 0, 98 %, 24 %, 6711 MiB, 128.17 W
2026/09/23 13:30:29.765, 1, 98 %, 23 %, 6719 MiB, 125.02 W
2026/09/23 13:30:29.766, 2, 98 %, 23 %, 6707 MiB, 126.89 W
2026/09/23 13:30:29.767, 3, 96 %, 28 %, 6703 MiB, 125.75 W
2026/09/23 13:30:30.769, 0, 98 %, 25 %, 6711 MiB, 129.53 W
2026/09/23 13:30:30.770, 1, 98 %, 24 %, 6719 MiB, 125.02 W
2026/09/23 13:30:30.771, 2, 98 %, 30 %, 6857 MiB, 128.82 W
2026/09/23 13:30:30.773, 3, 96 %, 27 %, 6703 MiB, 126.64 W
2026/09/23 13:30:31.775, 0, 96 %, 28 %, 7765 MiB, 136.20 W
2026/09/23 13:30:31.776, 1, 95 %, 26 %, 7477 MiB, 122.21 W
2026/09/23 13:30:31.779, 2, 98 %, 23 %, 6857 MiB, 120.27 W
2026/09/23 13:30:31.780, 3, 98 %, 23 %, 7745 MiB, 112.86 W
2026/09/23 13:30:32.782, 0, 98 %, 25 %, 6861 MiB, 131.46 W
2026/09/23 13:30:32.783, 1, 98 %, 26 %, 6871 MiB, 126.95 W
2026/09/23 13:30:32.785, 2, 97 %, 28 %, 6857 MiB, 129.31 W
2026/09/23 13:30:32.786, 3, 95 %, 29 %, 6851 MiB, 128.57 W
2026/09/23 13:30:33.793, 0, 96 %, 30 %, 6861 MiB, 129.13 W
2026/09/23 13:30:33.794, 1, 96 %, 29 %, 6871 MiB, 125.50 W
2026/09/23 13:30:33.795, 2, 98 %, 28 %, 6857 MiB, 127.86 W
2026/09/23 13:30:33.796, 3, 97 %, 26 %, 6851 MiB, 127.60 W
2026/09/23 13:30:34.799, 0, 97 %, 26 %, 6861 MiB, 130.98 W
2026/09/23 13:30:34.800, 1, 98 %, 24 %, 6871 MiB, 127.43 W
2026/09/23 13:30:34.801, 2, 98 %, 25 %, 6857 MiB, 130.27 W
2026/09/23 13:30:34.802, 3, 98 %, 26 %, 6851 MiB, 129.05 W
2026/09/23 13:30:35.806, 0, 44 %, 1 %, 6861 MiB, 76.82 W
2026/09/23 13:30:35.807, 1, 44 %, 1 %, 6871 MiB, 73.81 W
2026/09/23 13:30:35.809, 2, 37 %, 1 %, 6857 MiB, 74.98 W
2026/09/23 13:30:35.810, 3, 37 %, 1 %, 6851 MiB, 73.42 W
2026/09/23 13:30:36.812, 0, 96 %, 28 %, 6861 MiB, 131.95 W
2026/09/23 13:30:36.813, 1, 97 %, 27 %, 6871 MiB, 128.40 W
2026/09/23 13:30:36.814, 2, 98 %, 26 %, 6857 MiB, 130.19 W
2026/09/23 13:30:36.816, 3, 98 %, 25 %, 6851 MiB, 129.05 W
2026/09/23 13:30:37.818, 0, 98 %, 27 %, 6861 MiB, 131.46 W
2026/09/23 13:30:37.819, 1, 98 %, 26 %, 6871 MiB, 128.31 W
2026/09/23 13:30:37.821, 2, 97 %, 28 %, 6857 MiB, 130.67 W
2026/09/23 13:30:37.822, 3, 97 %, 28 %, 6851 MiB, 130.01 W
2026/09/23 13:30:38.824, 0, 98 %, 25 %, 6861 MiB, 131.95 W
2026/09/23 13:30:38.825, 1, 97 %, 28 %, 6871 MiB, 127.35 W
2026/09/23 13:30:38.826, 2, 98 %, 27 %, 6857 MiB, 131.24 W
2026/09/23 13:30:38.827, 3, 97 %, 27 %, 6851 MiB, 129.53 W
2026/09/23 13:30:39.829, 0, 96 %, 29 %, 6861 MiB, 126.64 W
2026/09/23 13:30:39.830, 1, 97 %, 28 %, 6871 MiB, 126.95 W
2026/09/23 13:30:39.832, 2, 98 %, 25 %, 6857 MiB, 133.18 W
2026/09/23 13:30:39.833, 3, 98 %, 25 %, 6851 MiB, 131.38 W
2026/09/23 13:30:40.835, 0, 97 %, 27 %, 6861 MiB, 130.98 W
2026/09/23 13:30:40.836, 1, 98 %, 25 %, 6871 MiB, 128.40 W
2026/09/23 13:30:40.837, 2, 97 %, 29 %, 6857 MiB, 130.76 W
2026/09/23 13:30:40.838, 3, 97 %, 27 %, 6851 MiB, 129.53 W
2026/09/23 13:30:41.842, 0, 98 %, 25 %, 6861 MiB, 132.91 W
2026/09/23 13:30:41.843, 1, 98 %, 25 %, 6871 MiB, 129.27 W
2026/09/23 13:30:41.844, 2, 97 %, 30 %, 6857 MiB, 131.15 W
2026/09/23 13:30:41.846, 3, 96 %, 30 %, 6851 MiB, 130.50 W
2026/09/23 13:30:42.848, 0, 98 %, 25 %, 6861 MiB, 133.40 W
2026/09/23 13:30:42.849, 1, 96 %, 29 %, 6871 MiB, 128.31 W
2026/09/23 13:30:42.850, 2, 98 %, 26 %, 6857 MiB, 132.21 W
2026/09/23 13:30:42.851, 3, 97 %, 27 %, 6851 MiB, 130.50 W
2026/09/23 13:30:43.853, 0, 97 %, 27 %, 6861 MiB, 133.40 W
2026/09/23 13:30:43.854, 1, 97 %, 31 %, 6871 MiB, 129.84 W
2026/09/23 13:30:43.855, 2, 98 %, 25 %, 6857 MiB, 131.64 W
2026/09/23 13:30:43.856, 3, 98 %, 25 %, 6851 MiB, 130.98 W
2026/09/23 13:30:44.858, 0, 96 %, 29 %, 6861 MiB, 135.24 W
2026/09/23 13:30:44.859, 1, 97 %, 27 %, 6871 MiB, 131.68 W
2026/09/23 13:30:44.860, 2, 98 %, 25 %, 6857 MiB, 134.54 W
2026/09/23 13:30:44.862, 3, 98 %, 25 %, 6851 MiB, 130.59 W
2026/09/23 13:30:45.864, 0, 95 %, 31 %, 6861 MiB, 124.30 W
2026/09/23 13:30:45.865, 1, 98 %, 26 %, 6871 MiB, 123.17 W
2026/09/23 13:30:45.866, 2, 98 %, 26 %, 6857 MiB, 125.52 W
2026/09/23 13:30:45.867, 3, 98 %, 25 %, 6851 MiB, 125.75 W
2026/09/23 13:30:46.870, 0, 97 %, 29 %, 6861 MiB, 131.95 W
2026/09/23 13:30:46.871, 1, 98 %, 25 %, 6871 MiB, 129.27 W
2026/09/23 13:30:46.872, 2, 98 %, 28 %, 6857 MiB, 131.73 W
2026/09/23 13:30:46.874, 3, 97 %, 26 %, 6851 MiB, 130.50 W
2026/09/23 13:30:47.876, 0, 96 %, 28 %, 6861 MiB, 134.84 W
2026/09/23 13:30:47.885, 1, 97 %, 25 %, 6871 MiB, 130.24 W
2026/09/23 13:30:47.887, 2, 97 %, 29 %, 6857 MiB, 132.12 W
2026/09/23 13:30:47.888, 3, 98 %, 27 %, 6851 MiB, 130.01 W
2026/09/23 13:30:48.890, 0, 44 %, 1 %, 6861 MiB, 77.79 W
2026/09/23 13:30:48.891, 1, 44 %, 1 %, 6871 MiB, 74.30 W
2026/09/23 13:30:48.892, 2, 36 %, 1 %, 6857 MiB, 75.46 W
2026/09/23 13:30:48.894, 3, 36 %, 1 %, 6851 MiB, 73.47 W
2026/09/23 13:30:49.896, 0, 95 %, 29 %, 6861 MiB, 125.35 W
2026/09/23 13:30:49.897, 1, 96 %, 28 %, 6871 MiB, 120.20 W
2026/09/23 13:30:49.898, 2, 98 %, 25 %, 6857 MiB, 125.52 W
2026/09/23 13:30:49.901, 3, 98 %, 25 %, 6851 MiB, 126.24 W
2026/09/23 13:30:50.904, 0, 95 %, 29 %, 6861 MiB, 129.13 W
2026/09/23 13:30:50.905, 1, 97 %, 28 %, 6871 MiB, 125.02 W
2026/09/23 13:30:50.906, 2, 96 %, 30 %, 6857 MiB, 126.89 W
2026/09/23 13:30:50.907, 3, 98 %, 25 %, 6851 MiB, 126.15 W
2026/09/23 13:30:51.909, 0, 95 %, 29 %, 6861 MiB, 127.12 W
2026/09/23 13:30:51.910, 1, 96 %, 28 %, 6869 MiB, 124.54 W
2026/09/23 13:30:51.911, 2, 97 %, 30 %, 6857 MiB, 126.89 W
2026/09/23 13:30:51.912, 3, 98 %, 25 %, 6851 MiB, 126.64 W
2026/09/23 13:30:52.914, 0, 96 %, 29 %, 6861 MiB, 125.75 W
2026/09/23 13:30:52.916, 1, 96 %, 29 %, 6869 MiB, 123.09 W
2026/09/23 13:30:52.917, 2, 97 %, 29 %, 6857 MiB, 126.97 W
2026/09/23 13:30:52.918, 3, 98 %, 25 %, 6851 MiB, 125.75 W
2026/09/23 13:30:53.920, 0, 97 %, 28 %, 6861 MiB, 122.45 W
2026/09/23 13:30:53.921, 1, 96 %, 30 %, 6869 MiB, 116.09 W
2026/09/23 13:30:53.922, 2, 97 %, 29 %, 6857 MiB, 115.50 W
2026/09/23 13:30:53.923, 3, 98 %, 25 %, 6851 MiB, 109.06 W
2026/09/23 13:30:54.925, 0, 96 %, 26 %, 6861 MiB, 134.36 W
2026/09/23 13:30:54.926, 1, 95 %, 30 %, 6869 MiB, 129.76 W
2026/09/23 13:30:54.927, 2, 98 %, 27 %, 6857 MiB, 132.21 W
2026/09/23 13:30:54.928, 3, 98 %, 26 %, 7745 MiB, 124.30 W
2026/09/23 13:30:55.931, 0, 98 %, 25 %, 6861 MiB, 132.43 W
2026/09/23 13:30:55.932, 1, 95 %, 29 %, 6869 MiB, 128.88 W
2026/09/23 13:30:55.935, 2, 98 %, 25 %, 6857 MiB, 132.60 W
2026/09/23 13:30:55.936, 3, 98 %, 27 %, 6851 MiB, 130.50 W
2026/09/23 13:30:56.938, 0, 98 %, 25 %, 6861 MiB, 135.33 W
2026/09/23 13:30:56.939, 1, 96 %, 27 %, 6869 MiB, 131.68 W
2026/09/23 13:30:56.940, 2, 98 %, 25 %, 6857 MiB, 133.09 W
2026/09/23 13:30:56.941, 3, 97 %, 28 %, 6851 MiB, 130.50 W
2026/09/23 13:30:57.943, 0, 98 %, 25 %, 6861 MiB, 135.81 W
2026/09/23 13:30:57.944, 1, 98 %, 25 %, 6869 MiB, 130.72 W
2026/09/23 13:30:57.945, 2, 98 %, 25 %, 6857 MiB, 133.57 W
2026/09/23 13:30:57.946, 3, 96 %, 30 %, 6851 MiB, 131.95 W
2026/09/23 13:30:58.949, 0, 98 %, 27 %, 6861 MiB, 134.84 W
2026/09/23 13:30:58.950, 1, 97 %, 25 %, 6869 MiB, 130.72 W
2026/09/23 13:30:58.951, 2, 98 %, 27 %, 6857 MiB, 133.09 W
2026/09/23 13:30:58.952, 3, 97 %, 29 %, 6851 MiB, 130.98 W
2026/09/23 13:30:59.954, 0, 97 %, 29 %, 6861 MiB, 135.33 W
2026/09/23 13:30:59.955, 1, 98 %, 26 %, 6869 MiB, 130.24 W
2026/09/23 13:30:59.956, 2, 97 %, 29 %, 6857 MiB, 133.09 W
2026/09/23 13:30:59.957, 3, 97 %, 25 %, 6851 MiB, 130.98 W
2026/09/23 13:31:00.959, 0, 95 %, 29 %, 6861 MiB, 135.33 W
2026/09/23 13:31:00.960, 1, 97 %, 28 %, 6869 MiB, 131.20 W
2026/09/23 13:31:00.961, 2, 96 %, 30 %, 6857 MiB, 133.09 W
2026/09/23 13:31:00.963, 3, 98 %, 25 %, 6851 MiB, 131.46 W
2026/09/23 13:31:01.966, 0, 96 %, 26 %, 6861 MiB, 123.02 W
2026/09/23 13:31:01.967, 1, 95 %, 30 %, 6869 MiB, 118.91 W
2026/09/23 13:31:01.968, 2, 98 %, 27 %, 6857 MiB, 113.00 W
2026/09/23 13:31:01.969, 3, 98 %, 26 %, 6851 MiB, 122.45 W
2026/09/23 13:31:02.971, 0, 44 %, 1 %, 6861 MiB, 78.28 W
2026/09/23 13:31:02.973, 1, 44 %, 1 %, 6869 MiB, 74.30 W
2026/09/23 13:31:02.974, 2, 37 %, 1 %, 6857 MiB, 75.46 W
2026/09/23 13:31:02.975, 3, 36 %, 1 %, 6851 MiB, 73.91 W
2026/09/23 13:31:03.977, 0, 98 %, 27 %, 6861 MiB, 134.84 W
2026/09/23 13:31:03.979, 1, 97 %, 26 %, 6869 MiB, 131.68 W
2026/09/23 13:31:03.980, 2, 98 %, 27 %, 6857 MiB, 133.57 W
2026/09/23 13:31:03.981, 3, 98 %, 29 %, 6851 MiB, 131.46 W
2026/09/23 13:31:04.983, 0, 97 %, 30 %, 6861 MiB, 135.33 W
2026/09/23 13:31:04.984, 1, 97 %, 27 %, 6869 MiB, 132.17 W
2026/09/23 13:31:04.985, 2, 97 %, 30 %, 6857 MiB, 133.57 W
2026/09/23 13:31:04.986, 3, 98 %, 25 %, 6851 MiB, 130.98 W
2026/09/23 13:31:05.988, 0, 96 %, 27 %, 6861 MiB, 133.88 W
2026/09/23 13:31:05.989, 1, 96 %, 30 %, 6869 MiB, 130.24 W
2026/09/23 13:31:05.991, 2, 97 %, 28 %, 6857 MiB, 132.60 W
2026/09/23 13:31:05.993, 3, 98 %, 26 %, 6851 MiB, 130.50 W
2026/09/23 13:31:06.997, 0, 96 %, 28 %, 6861 MiB, 133.40 W
2026/09/23 13:31:06.998, 1, 96 %, 28 %, 6869 MiB, 127.83 W
2026/09/23 13:31:06.999, 2, 98 %, 26 %, 6857 MiB, 131.24 W
2026/09/23 13:31:07.000, 3, 96 %, 28 %, 7745 MiB, 122.93 W
2026/09/23 13:31:08.003, 0, 97 %, 26 %, 6861 MiB, 135.81 W
2026/09/23 13:31:08.004, 1, 98 %, 26 %, 6869 MiB, 132.17 W
2026/09/23 13:31:08.005, 2, 98 %, 27 %, 6857 MiB, 134.06 W
2026/09/23 13:31:08.006, 3, 97 %, 29 %, 6851 MiB, 131.95 W
2026/09/23 13:31:09.008, 0, 97 %, 27 %, 6861 MiB, 137.17 W
2026/09/23 13:31:09.009, 1, 97 %, 27 %, 6871 MiB, 132.17 W
2026/09/23 13:31:09.010, 2, 97 %, 31 %, 6857 MiB, 134.54 W
2026/09/23 13:31:09.012, 3, 98 %, 26 %, 6851 MiB, 133.40 W
2026/09/23 13:31:10.014, 0, 97 %, 31 %, 6861 MiB, 133.40 W
2026/09/23 13:31:10.015, 1, 95 %, 30 %, 6871 MiB, 129.84 W
2026/09/23 13:31:10.016, 2, 97 %, 26 %, 6857 MiB, 131.24 W
2026/09/23 13:31:10.017, 3, 98 %, 26 %, 6851 MiB, 129.53 W
2026/09/23 13:31:11.019, 0, 97 %, 26 %, 6861 MiB, 131.95 W
2026/09/23 13:31:11.020, 1, 98 %, 26 %, 6871 MiB, 127.35 W
2026/09/23 13:31:11.021, 2, 98 %, 26 %, 6857 MiB, 132.21 W
2026/09/23 13:31:11.023, 3, 97 %, 30 %, 6851 MiB, 130.01 W
2026/09/23 13:31:12.025, 0, 98 %, 26 %, 6861 MiB, 135.81 W
2026/09/23 13:31:12.026, 1, 98 %, 26 %, 6871 MiB, 132.65 W
2026/09/23 13:31:12.027, 2, 97 %, 30 %, 6857 MiB, 134.06 W
2026/09/23 13:31:12.028, 3, 98 %, 26 %, 6851 MiB, 131.95 W
2026/09/23 13:31:13.031, 0, 96 %, 30 %, 6861 MiB, 135.81 W
2026/09/23 13:31:13.032, 1, 96 %, 31 %, 6871 MiB, 131.20 W
2026/09/23 13:31:13.033, 2, 98 %, 27 %, 6857 MiB, 133.57 W
2026/09/23 13:31:13.034, 3, 98 %, 26 %, 6851 MiB, 133.31 W
2026/09/23 13:31:14.036, 0, 98 %, 26 %, 6861 MiB, 132.52 W
2026/09/23 13:31:14.037, 1, 97 %, 26 %, 6871 MiB, 126.95 W
2026/09/23 13:31:14.038, 2, 98 %, 26 %, 6857 MiB, 131.24 W
2026/09/23 13:31:14.040, 3, 97 %, 30 %, 6851 MiB, 130.01 W
2026/09/23 13:31:15.042, 0, 98 %, 26 %, 6861 MiB, 136.68 W
2026/09/23 13:31:15.043, 1, 98 %, 27 %, 6871 MiB, 132.65 W
2026/09/23 13:31:15.044, 2, 97 %, 30 %, 6857 MiB, 135.02 W
2026/09/23 13:31:15.045, 3, 98 %, 26 %, 6851 MiB, 133.88 W
2026/09/23 13:31:16.047, 0, 96 %, 30 %, 6861 MiB, 137.26 W
2026/09/23 13:31:16.048, 1, 95 %, 30 %, 6871 MiB, 132.17 W
2026/09/23 13:31:16.049, 2, 98 %, 26 %, 6857 MiB, 133.57 W
2026/09/23 13:31:16.050, 3, 98 %, 27 %, 6851 MiB, 133.88 W
2026/09/23 13:31:17.053, 0, 41 %, 1 %, 6861 MiB, 78.76 W
2026/09/23 13:31:17.054, 1, 41 %, 1 %, 6871 MiB, 74.78 W
2026/09/23 13:31:17.057, 2, 36 %, 1 %, 6857 MiB, 75.95 W
2026/09/23 13:31:17.058, 3, 37 %, 1 %, 6851 MiB, 75.36 W
2026/09/23 13:31:18.061, 0, 98 %, 26 %, 6861 MiB, 136.68 W
2026/09/23 13:31:18.067, 1, 97 %, 26 %, 6871 MiB, 131.12 W
2026/09/23 13:31:18.069, 2, 96 %, 29 %, 6857 MiB, 134.54 W
2026/09/23 13:31:18.070, 3, 98 %, 27 %, 6851 MiB, 132.82 W
2026/09/23 13:31:19.072, 0, 96 %, 30 %, 6861 MiB, 137.17 W
2026/09/23 13:31:19.073, 1, 96 %, 30 %, 6871 MiB, 131.68 W
2026/09/23 13:31:19.074, 2, 98 %, 27 %, 6857 MiB, 134.54 W
2026/09/23 13:31:19.075, 3, 98 %, 26 %, 6851 MiB, 133.88 W
2026/09/23 13:31:20.077, 0, 97 %, 26 %, 7765 MiB, 128.25 W
2026/09/23 13:31:20.079, 1, 96 %, 30 %, 6871 MiB, 118.02 W
2026/09/23 13:31:20.081, 2, 98 %, 26 %, 6857 MiB, 117.36 W
2026/09/23 13:31:20.082, 3, 97 %, 30 %, 6851 MiB, 113.90 W
2026/09/23 13:31:21.084, 0, 98 %, 28 %, 6861 MiB, 138.62 W
2026/09/23 13:31:21.085, 1, 97 %, 26 %, 6871 MiB, 131.68 W
2026/09/23 13:31:21.086, 2, 97 %, 30 %, 6857 MiB, 135.02 W
2026/09/23 13:31:21.087, 3, 98 %, 26 %, 6851 MiB, 135.72 W
2026/09/23 13:31:22.091, 0, 96 %, 28 %, 6861 MiB, 137.17 W
2026/09/23 13:31:22.092, 1, 96 %, 30 %, 6871 MiB, 132.17 W
2026/09/23 13:31:22.093, 2, 98 %, 26 %, 6857 MiB, 134.06 W
2026/09/23 13:31:22.094, 3, 97 %, 28 %, 6851 MiB, 133.88 W
2026/09/23 13:31:23.097, 0, 98 %, 26 %, 6861 MiB, 128.65 W
2026/09/23 13:31:23.098, 1, 97 %, 26 %, 6871 MiB, 124.06 W
2026/09/23 13:31:23.099, 2, 97 %, 29 %, 6857 MiB, 131.24 W
2026/09/23 13:31:23.100, 3, 98 %, 27 %, 6851 MiB, 130.50 W
2026/09/23 13:31:24.102, 0, 96 %, 30 %, 6861 MiB, 136.68 W
2026/09/23 13:31:24.103, 1, 97 %, 28 %, 6871 MiB, 133.13 W
2026/09/23 13:31:24.104, 2, 98 %, 26 %, 6857 MiB, 135.51 W
2026/09/23 13:31:24.105, 3, 98 %, 26 %, 6851 MiB, 134.76 W
2026/09/23 13:31:25.107, 0, 97 %, 26 %, 7765 MiB, 128.25 W
2026/09/23 13:31:25.109, 1, 96 %, 28 %, 7781 MiB, 117.94 W
2026/09/23 13:31:25.110, 2, 98 %, 28 %, 7757 MiB, 127.94 W
2026/09/23 13:31:25.112, 3, 97 %, 30 %, 7745 MiB, 124.39 W
2026/09/23 13:31:26.114, 0, 97 %, 30 %, 6861 MiB, 137.17 W
2026/09/23 13:31:26.115, 1, 97 %, 27 %, 6871 MiB, 133.13 W
2026/09/23 13:31:26.116, 2, 97 %, 28 %, 6857 MiB, 135.51 W
2026/09/23 13:31:26.117, 3, 98 %, 26 %, 6851 MiB, 135.33 W
2026/09/23 13:31:27.119, 0, 98 %, 26 %, 6861 MiB, 127.77 W
2026/09/23 13:31:27.121, 1, 96 %, 29 %, 6871 MiB, 124.14 W
2026/09/23 13:31:27.122, 2, 98 %, 27 %, 6857 MiB, 126.49 W
2026/09/23 13:31:27.123, 3, 96 %, 30 %, 6851 MiB, 126.64 W
2026/09/23 13:31:28.126, 0, 96 %, 29 %, 6861 MiB, 138.13 W
2026/09/23 13:31:28.127, 1, 97 %, 26 %, 6871 MiB, 132.17 W
2026/09/23 13:31:28.129, 2, 98 %, 29 %, 6857 MiB, 135.51 W
2026/09/23 13:31:28.130, 3, 98 %, 26 %, 6851 MiB, 136.20 W
2026/09/23 13:31:29.132, 0, 97 %, 26 %, 6861 MiB, 135.33 W
2026/09/23 13:31:29.133, 1, 96 %, 29 %, 6869 MiB, 130.72 W
2026/09/23 13:31:29.134, 2, 98 %, 26 %, 6857 MiB, 132.60 W
2026/09/23 13:31:29.135, 3, 96 %, 30 %, 6851 MiB, 132.91 W
2026/09/23 13:31:30.137, 0, 97 %, 29 %, 6861 MiB, 138.62 W
2026/09/23 13:31:30.138, 1, 97 %, 26 %, 6869 MiB, 132.65 W
2026/09/23 13:31:30.139, 2, 96 %, 30 %, 6857 MiB, 135.51 W
2026/09/23 13:31:30.140, 3, 98 %, 26 %, 6851 MiB, 135.24 W
2026/09/23 13:31:31.143, 0, 41 %, 1 %, 6861 MiB, 79.25 W
2026/09/23 13:31:31.144, 1, 41 %, 1 %, 6869 MiB, 75.26 W
2026/09/23 13:31:31.145, 2, 36 %, 1 %, 6857 MiB, 76.44 W
2026/09/23 13:31:31.146, 3, 51 %, 7 %, 6851 MiB, 75.90 W
2026/09/23 13:31:32.148, 0, 41 %, 9 %, 6861 MiB, 119.55 W
2026/09/23 13:31:32.150, 1, 60 %, 13 %, 6869 MiB, 110.70 W
2026/09/23 13:31:32.151, 2, 53 %, 10 %, 6857 MiB, 111.14 W
2026/09/23 13:31:32.152, 3, 37 %, 1 %, 6851 MiB, 108.09 W
2026/09/23 13:31:33.154, 0, 95 %, 30 %, 6861 MiB, 138.13 W
2026/09/23 13:31:33.155, 1, 97 %, 29 %, 6869 MiB, 132.08 W
2026/09/23 13:31:33.157, 2, 98 %, 27 %, 6857 MiB, 135.51 W
2026/09/23 13:31:33.158, 3, 98 %, 27 %, 6851 MiB, 133.79 W
2026/09/23 13:31:34.160, 0, 97 %, 26 %, 6861 MiB, 122.05 W
2026/09/23 13:31:34.161, 1, 97 %, 26 %, 6869 MiB, 116.09 W
2026/09/23 13:31:34.162, 2, 98 %, 28 %, 6859 MiB, 115.02 W
2026/09/23 13:31:34.163, 3, 97 %, 28 %, 6851 MiB, 113.97 W
2026/09/23 13:31:35.165, 0, 96 %, 29 %, 6861 MiB, 138.62 W
2026/09/23 13:31:35.167, 1, 96 %, 29 %, 6869 MiB, 133.13 W
2026/09/23 13:31:35.168, 2, 98 %, 27 %, 6859 MiB, 135.51 W
2026/09/23 13:31:35.169, 3, 98 %, 28 %, 6851 MiB, 134.27 W
2026/09/23 13:31:36.171, 0, 97 %, 26 %, 7765 MiB, 128.17 W
2026/09/23 13:31:36.172, 1, 97 %, 27 %, 7779 MiB, 115.93 W
2026/09/23 13:31:36.173, 2, 97 %, 30 %, 7759 MiB, 127.46 W
2026/09/23 13:31:36.174, 3, 98 %, 28 %, 7745 MiB, 127.20 W
2026/09/23 13:31:37.177, 0, 95 %, 29 %, 6861 MiB, 139.58 W
2026/09/23 13:31:37.178, 1, 96 %, 30 %, 6869 MiB, 132.56 W
2026/09/23 13:31:37.179, 2, 98 %, 27 %, 6859 MiB, 135.99 W
2026/09/23 13:31:37.180, 3, 98 %, 27 %, 6853 MiB, 135.24 W
2026/09/23 13:31:38.182, 0, 98 %, 26 %, 6861 MiB, 132.03 W
2026/09/23 13:31:38.183, 1, 98 %, 27 %, 6869 MiB, 126.47 W
2026/09/23 13:31:38.184, 2, 97 %, 30 %, 6859 MiB, 130.27 W
2026/09/23 13:31:38.185, 3, 97 %, 28 %, 6853 MiB, 130.01 W
2026/09/23 13:31:39.187, 0, 97 %, 31 %, 6861 MiB, 137.65 W
2026/09/23 13:31:39.188, 1, 96 %, 31 %, 6869 MiB, 133.61 W
2026/09/23 13:31:39.190, 2, 98 %, 27 %, 6859 MiB, 135.99 W
2026/09/23 13:31:39.191, 3, 98 %, 26 %, 6853 MiB, 135.72 W
2026/09/23 13:31:40.194, 0, 98 %, 26 %, 6861 MiB, 132.43 W
2026/09/23 13:31:40.196, 1, 98 %, 27 %, 6869 MiB, 126.47 W
2026/09/23 13:31:40.197, 2, 96 %, 30 %, 6859 MiB, 131.24 W
2026/09/23 13:31:40.198, 3, 97 %, 31 %, 6853 MiB, 130.50 W
2026/09/23 13:31:41.201, 0, 96 %, 29 %, 6861 MiB, 138.13 W
2026/09/23 13:31:41.202, 1, 95 %, 30 %, 6869 MiB, 132.65 W
2026/09/23 13:31:41.203, 2, 98 %, 27 %, 6859 MiB, 135.51 W
2026/09/23 13:31:41.206, 3, 98 %, 27 %, 6853 MiB, 134.76 W
2026/09/23 13:31:42.209, 0, 97 %, 27 %, 6861 MiB, 136.29 W
2026/09/23 13:31:42.210, 1, 97 %, 27 %, 6871 MiB, 123.17 W
2026/09/23 13:31:42.211, 2, 97 %, 30 %, 6859 MiB, 125.52 W
2026/09/23 13:31:42.212, 3, 97 %, 30 %, 6853 MiB, 124.95 W
2026/09/23 13:31:43.215, 0, 96 %, 30 %, 6861 MiB, 137.17 W
2026/09/23 13:31:43.216, 1, 96 %, 30 %, 6871 MiB, 132.65 W
2026/09/23 13:31:43.217, 2, 98 %, 27 %, 6859 MiB, 134.06 W
2026/09/23 13:31:43.218, 3, 98 %, 27 %, 6853 MiB, 134.27 W
2026/09/23 13:31:44.221, 0, 97 %, 27 %, 6861 MiB, 139.10 W
2026/09/23 13:31:44.222, 1, 98 %, 27 %, 6871 MiB, 133.13 W
2026/09/23 13:31:44.223, 2, 97 %, 29 %, 6859 MiB, 135.99 W
2026/09/23 13:31:44.224, 3, 97 %, 29 %, 6853 MiB, 135.72 W
2026/09/23 13:31:45.226, 0, 95 %, 29 %, 6861 MiB, 125.27 W
2026/09/23 13:31:45.227, 1, 94 %, 30 %, 6871 MiB, 121.64 W
2026/09/23 13:31:45.228, 2, 98 %, 27 %, 6859 MiB, 124.47 W
2026/09/23 13:31:45.229, 3, 98 %, 28 %, 6853 MiB, 126.32 W
2026/09/23 13:31:46.231, 0, 45 %, 1 %, 6861 MiB, 79.73 W
2026/09/23 13:31:46.232, 1, 44 %, 1 %, 6869 MiB, 74.78 W
2026/09/23 13:31:46.233, 2, 36 %, 1 %, 6859 MiB, 76.44 W
2026/09/23 13:31:46.234, 3, 36 %, 1 %, 6853 MiB, 75.85 W
2026/09/23 13:31:47.238, 0, 96 %, 29 %, 6861 MiB, 138.62 W
2026/09/23 13:31:47.240, 1, 97 %, 27 %, 6869 MiB, 132.17 W
2026/09/23 13:31:47.241, 2, 97 %, 29 %, 6859 MiB, 134.54 W
2026/09/23 13:31:47.242, 3, 98 %, 27 %, 6853 MiB, 135.72 W
2026/09/23 13:31:48.244, 0, 90 %, 25 %, 6861 MiB, 137.65 W
2026/09/23 13:31:48.245, 1, 97 %, 27 %, 6869 MiB, 132.65 W
2026/09/23 13:31:48.246, 2, 89 %, 27 %, 6859 MiB, 135.99 W
2026/09/23 13:31:48.248, 3, 98 %, 27 %, 6853 MiB, 134.76 W
2026/09/23 13:31:49.250, 0, 97 %, 27 %, 6861 MiB, 132.03 W
2026/09/23 13:31:49.251, 1, 95 %, 29 %, 6869 MiB, 125.50 W
2026/09/23 13:31:49.252, 2, 98 %, 27 %, 6859 MiB, 129.31 W
2026/09/23 13:31:49.253, 3, 97 %, 30 %, 6853 MiB, 129.13 W
2026/09/23 13:31:50.255, 0, 96 %, 30 %, 6861 MiB, 139.10 W
2026/09/23 13:31:50.256, 1, 97 %, 28 %, 6869 MiB, 132.65 W
2026/09/23 13:31:50.258, 2, 97 %, 28 %, 6859 MiB, 135.99 W
2026/09/23 13:31:50.259, 3, 98 %, 27 %, 6853 MiB, 134.76 W
2026/09/23 13:31:51.261, 0, 97 %, 27 %, 6861 MiB, 138.13 W
2026/09/23 13:31:51.262, 1, 97 %, 27 %, 6869 MiB, 133.13 W
2026/09/23 13:31:51.263, 2, 98 %, 29 %, 6859 MiB, 135.51 W
2026/09/23 13:31:51.264, 3, 97 %, 29 %, 6853 MiB, 134.27 W
2026/09/23 13:31:52.266, 0, 95 %, 28 %, 6861 MiB, 132.91 W
2026/09/23 13:31:52.267, 1, 96 %, 30 %, 6869 MiB, 128.31 W
2026/09/23 13:31:52.269, 2, 98 %, 27 %, 6859 MiB, 131.73 W
2026/09/23 13:31:52.270, 3, 98 %, 29 %, 6853 MiB, 131.95 W
2026/09/23 13:31:53.273, 0, 97 %, 29 %, 6861 MiB, 138.62 W
2026/09/23 13:31:53.274, 1, 97 %, 27 %, 6869 MiB, 133.13 W
2026/09/23 13:31:53.275, 2, 97 %, 30 %, 6859 MiB, 135.51 W
2026/09/23 13:31:53.276, 3, 98 %, 27 %, 6853 MiB, 136.20 W
2026/09/23 13:31:54.278, 0, 97 %, 27 %, 6861 MiB, 132.43 W
2026/09/23 13:31:54.279, 1, 95 %, 28 %, 6869 MiB, 125.50 W
2026/09/23 13:31:54.280, 2, 98 %, 28 %, 6859 MiB, 129.31 W
2026/09/23 13:31:54.282, 3, 97 %, 31 %, 6853 MiB, 129.53 W
2026/09/23 13:31:55.284, 0, 95 %, 30 %, 6861 MiB, 139.10 W
2026/09/23 13:31:55.285, 1, 96 %, 30 %, 6869 MiB, 132.56 W
2026/09/23 13:31:55.286, 2, 98 %, 27 %, 6859 MiB, 135.99 W
2026/09/23 13:31:55.289, 3, 98 %, 27 %, 6853 MiB, 136.20 W
2026/09/23 13:31:56.291, 0, 97 %, 28 %, 6861 MiB, 139.10 W
2026/09/23 13:31:56.293, 1, 97 %, 27 %, 6871 MiB, 133.13 W
2026/09/23 13:31:56.294, 2, 97 %, 30 %, 6859 MiB, 135.99 W
2026/09/23 13:31:56.295, 3, 98 %, 27 %, 6853 MiB, 135.72 W
2026/09/23 13:31:57.298, 0, 97 %, 27 %, 6861 MiB, 120.11 W
2026/09/23 13:31:57.300, 1, 95 %, 29 %, 6871 MiB, 109.40 W
2026/09/23 13:31:57.302, 2, 98 %, 27 %, 6859 MiB, 110.73 W
2026/09/23 13:31:57.303, 3, 97 %, 30 %, 6853 MiB, 106.71 W
2026/09/23 13:31:58.305, 0, 95 %, 30 %, 6861 MiB, 139.10 W
2026/09/23 13:31:58.306, 1, 96 %, 29 %, 6871 MiB, 133.52 W
2026/09/23 13:31:58.307, 2, 98 %, 27 %, 6859 MiB, 136.96 W
2026/09/23 13:31:58.309, 3, 98 %, 27 %, 6853 MiB, 136.29 W
2026/09/23 13:31:59.311, 0, 97 %, 28 %, 6861 MiB, 139.10 W
2026/09/23 13:31:59.312, 1, 97 %, 27 %, 6871 MiB, 133.52 W
2026/09/23 13:31:59.313, 2, 97 %, 30 %, 6861 MiB, 135.51 W
2026/09/23 13:31:59.314, 3, 98 %, 27 %, 6853 MiB, 134.76 W
2026/09/23 13:32:00.316, 0, 97 %, 27 %, 6861 MiB, 106.22 W
2026/09/23 13:32:00.317, 1, 95 %, 29 %, 6871 MiB, 97.86 W
2026/09/23 13:32:00.318, 2, 98 %, 27 %, 6861 MiB, 100.12 W
2026/09/23 13:32:00.319, 3, 97 %, 30 %, 6853 MiB, 97.08 W
2026/09/23 13:32:01.322, 0, 45 %, 1 %, 6861 MiB, 97.99 W
2026/09/23 13:32:01.323, 1, 44 %, 1 %, 6871 MiB, 103.18 W
2026/09/23 13:32:01.324, 2, 36 %, 1 %, 6861 MiB, 76.39 W
2026/09/23 13:32:01.325, 3, 36 %, 1 %, 6853 MiB, 75.80 W
2026/09/23 13:32:02.327, 0, 95 %, 28 %, 6861 MiB, 139.10 W
2026/09/23 13:32:02.330, 1, 96 %, 30 %, 6871 MiB, 133.61 W
2026/09/23 13:32:02.332, 2, 98 %, 27 %, 6861 MiB, 135.51 W
2026/09/23 13:32:02.333, 3, 98 %, 29 %, 6853 MiB, 134.76 W
2026/09/23 13:32:03.335, 0, 97 %, 29 %, 6861 MiB, 139.58 W
2026/09/23 13:32:03.336, 1, 97 %, 27 %, 6871 MiB, 133.13 W
2026/09/23 13:32:03.337, 2, 97 %, 30 %, 6861 MiB, 135.99 W
2026/09/23 13:32:03.338, 3, 98 %, 27 %, 6853 MiB, 136.68 W
2026/09/23 13:32:04.340, 0, 97 %, 27 %, 7765 MiB, 128.17 W
2026/09/23 13:32:04.341, 1, 95 %, 30 %, 6869 MiB, 117.46 W
2026/09/23 13:32:04.344, 2, 98 %, 29 %, 6861 MiB, 114.53 W
2026/09/23 13:32:04.346, 3, 98 %, 30 %, 7747 MiB, 107.61 W
2026/09/23 13:32:05.348, 0, 96 %, 27 %, 6861 MiB, 138.62 W
2026/09/23 13:32:05.349, 1, 97 %, 29 %, 6871 MiB, 133.61 W
2026/09/23 13:32:05.351, 2, 98 %, 27 %, 6861 MiB, 135.51 W
2026/09/23 13:32:05.352, 3, 98 %, 29 %, 6853 MiB, 135.24 W
2026/09/23 13:32:06.354, 0, 96 %, 30 %, 7041 MiB, 140.06 W
2026/09/23 13:32:06.355, 1, 97 %, 28 %, 6871 MiB, 133.52 W
2026/09/23 13:32:06.356, 2, 98 %, 27 %, 6861 MiB, 136.47 W
2026/09/23 13:32:06.357, 3, 98 %, 28 %, 6853 MiB, 137.17 W
2026/09/23 13:32:07.359, 0, 96 %, 30 %, 7041 MiB, 139.10 W
2026/09/23 13:32:07.360, 1, 97 %, 27 %, 6871 MiB, 134.01 W
2026/09/23 13:32:07.361, 2, 98 %, 27 %, 6861 MiB, 136.96 W
2026/09/23 13:32:07.362, 3, 98 %, 28 %, 7031 MiB, 136.68 W
2026/09/23 13:32:08.364, 0, 97 %, 29 %, 7041 MiB, 130.50 W
2026/09/23 13:32:08.365, 1, 97 %, 27 %, 6871 MiB, 123.57 W
2026/09/23 13:32:08.367, 2, 96 %, 30 %, 6861 MiB, 128.82 W
2026/09/23 13:32:08.368, 3, 98 %, 27 %, 7031 MiB, 129.53 W
2026/09/23 13:32:09.370, 0, 97 %, 28 %, 7041 MiB, 131.55 W
2026/09/23 13:32:09.371, 1, 94 %, 27 %, 6871 MiB, 124.06 W
2026/09/23 13:32:09.372, 2, 97 %, 30 %, 7039 MiB, 128.82 W
2026/09/23 13:32:09.373, 3, 98 %, 28 %, 7031 MiB, 127.69 W
2026/09/23 13:32:10.376, 0, 97 %, 28 %, 7041 MiB, 137.65 W
2026/09/23 13:32:10.377, 1, 95 %, 30 %, 6871 MiB, 132.65 W
2026/09/23 13:32:10.378, 2, 98 %, 28 %, 7039 MiB, 135.02 W
2026/09/23 13:32:10.379, 3, 97 %, 30 %, 7031 MiB, 134.76 W
2026/09/23 13:32:11.381, 0, 96 %, 29 %, 7041 MiB, 140.55 W
2026/09/23 13:32:11.382, 1, 96 %, 28 %, 6871 MiB, 133.52 W
2026/09/23 13:32:11.383, 2, 98 %, 28 %, 7039 MiB, 136.96 W
2026/09/23 13:32:11.385, 3, 98 %, 29 %, 7031 MiB, 136.20 W
2026/09/23 13:32:12.387, 0, 96 %, 30 %, 7041 MiB, 140.06 W
2026/09/23 13:32:12.388, 1, 96 %, 27 %, 6871 MiB, 134.01 W
2026/09/23 13:32:12.389, 2, 97 %, 29 %, 7039 MiB, 136.47 W
2026/09/23 13:32:12.390, 3, 98 %, 28 %, 7031 MiB, 134.76 W
2026/09/23 13:32:13.392, 0, 97 %, 28 %, 7041 MiB, 131.07 W
2026/09/23 13:32:13.393, 1, 94 %, 27 %, 7781 MiB, 121.73 W
2026/09/23 13:32:13.395, 2, 96 %, 30 %, 8117 MiB, 124.15 W
2026/09/23 13:32:13.396, 3, 98 %, 28 %, 7031 MiB, 110.99 W
2026/09/23 13:32:14.400, 0, 97 %, 28 %, 7041 MiB, 138.22 W
2026/09/23 13:32:14.401, 1, 96 %, 31 %, 6871 MiB, 132.65 W
2026/09/23 13:32:14.402, 2, 98 %, 29 %, 7039 MiB, 134.54 W
2026/09/23 13:32:14.403, 3, 97 %, 30 %, 7031 MiB, 134.76 W
2026/09/23 13:32:15.405, 0, 97 %, 28 %, 7041 MiB, 85.56 W
2026/09/23 13:32:15.406, 1, 95 %, 30 %, 7051 MiB, 80.11 W
2026/09/23 13:32:15.407, 2, 98 %, 29 %, 7039 MiB, 81.30 W
2026/09/23 13:32:15.410, 3, 96 %, 25 %, 7031 MiB, 79.79 W
2026/09/23 13:32:16.412, 0, 41 %, 1 %, 7041 MiB, 81.68 W
2026/09/23 13:32:16.413, 1, 43 %, 6 %, 7051 MiB, 76.72 W
2026/09/23 13:32:16.414, 2, 36 %, 1 %, 7039 MiB, 76.44 W
2026/09/23 13:32:16.415, 3, 37 %, 1 %, 7031 MiB, 75.85 W
2026/09/23 13:32:17.418, 0, 97 %, 28 %, 7041 MiB, 139.10 W
2026/09/23 13:32:17.420, 1, 95 %, 30 %, 7051 MiB, 133.52 W
2026/09/23 13:32:17.421, 2, 97 %, 28 %, 7039 MiB, 135.51 W
2026/09/23 13:32:17.424, 3, 98 %, 29 %, 7031 MiB, 136.20 W
2026/09/23 13:32:18.426, 0, 97 %, 28 %, 7041 MiB, 140.06 W
2026/09/23 13:32:18.427, 1, 95 %, 30 %, 7051 MiB, 134.01 W
2026/09/23 13:32:18.428, 2, 98 %, 28 %, 7039 MiB, 135.99 W
2026/09/23 13:32:18.430, 3, 98 %, 29 %, 7031 MiB, 136.20 W
2026/09/23 13:32:19.432, 0, 95 %, 29 %, 7041 MiB, 140.55 W
2026/09/23 13:32:19.433, 1, 97 %, 29 %, 7053 MiB, 134.49 W
2026/09/23 13:32:19.434, 2, 98 %, 28 %, 7039 MiB, 135.99 W
2026/09/23 13:32:19.435, 3, 98 %, 28 %, 7031 MiB, 137.17 W
2026/09/23 13:32:20.437, 0, 95 %, 30 %, 7041 MiB, 130.10 W
2026/09/23 13:32:20.439, 1, 97 %, 28 %, 7053 MiB, 123.97 W
2026/09/23 13:32:20.440, 2, 97 %, 29 %, 7039 MiB, 130.27 W
2026/09/23 13:32:20.441, 3, 98 %, 28 %, 7031 MiB, 130.10 W
2026/09/23 13:32:21.443, 0, 97 %, 29 %, 7041 MiB, 125.75 W
2026/09/23 13:32:21.444, 1, 97 %, 28 %, 7053 MiB, 122.21 W
2026/09/23 13:32:21.445, 2, 97 %, 30 %, 7039 MiB, 125.52 W
2026/09/23 13:32:21.446, 3, 98 %, 30 %, 7031 MiB, 126.72 W
2026/09/23 13:32:22.448, 0, 97 %, 28 %, 7041 MiB, 139.58 W
2026/09/23 13:32:22.451, 1, 95 %, 30 %, 7053 MiB, 133.52 W
2026/09/23 13:32:22.452, 2, 98 %, 30 %, 7039 MiB, 135.99 W
2026/09/23 13:32:22.453, 3, 97 %, 30 %, 7031 MiB, 136.68 W
2026/09/23 13:32:23.455, 0, 97 %, 28 %, 7041 MiB, 139.10 W
2026/09/23 13:32:23.456, 1, 95 %, 30 %, 7053 MiB, 134.01 W
2026/09/23 13:32:23.457, 2, 98 %, 28 %, 7039 MiB, 136.96 W
2026/09/23 13:32:23.458, 3, 98 %, 28 %, 7031 MiB, 136.68 W
2026/09/23 13:32:24.460, 0, 95 %, 30 %, 7041 MiB, 139.58 W
2026/09/23 13:32:24.461, 1, 97 %, 29 %, 7053 MiB, 133.52 W
2026/09/23 13:32:24.463, 2, 98 %, 28 %, 7039 MiB, 136.96 W
2026/09/23 13:32:24.464, 3, 98 %, 28 %, 7031 MiB, 136.68 W
2026/09/23 13:32:25.466, 0, 95 %, 30 %, 7041 MiB, 131.07 W
2026/09/23 13:32:25.467, 1, 97 %, 28 %, 7053 MiB, 124.54 W
2026/09/23 13:32:25.468, 2, 97 %, 29 %, 7039 MiB, 127.37 W
2026/09/23 13:32:25.470, 3, 98 %, 28 %, 7031 MiB, 127.20 W
2026/09/23 13:32:26.472, 0, 97 %, 29 %, 7041 MiB, 134.84 W
2026/09/23 13:32:26.473, 1, 97 %, 28 %, 7053 MiB, 130.24 W
2026/09/23 13:32:26.474, 2, 97 %, 30 %, 7039 MiB, 132.12 W
2026/09/23 13:32:26.475, 3, 97 %, 30 %, 7031 MiB, 132.82 W
2026/09/23 13:32:27.477, 0, 97 %, 28 %, 7041 MiB, 139.10 W
2026/09/23 13:32:27.478, 1, 95 %, 30 %, 7053 MiB, 133.52 W
2026/09/23 13:32:27.480, 2, 98 %, 30 %, 7039 MiB, 136.96 W
2026/09/23 13:32:27.481, 3, 97 %, 30 %, 7031 MiB, 136.68 W
2026/09/23 13:32:28.483, 0, 97 %, 28 %, 7041 MiB, 140.06 W
2026/09/23 13:32:28.484, 1, 95 %, 30 %, 7051 MiB, 134.01 W
2026/09/23 13:32:28.485, 2, 98 %, 28 %, 7039 MiB, 135.99 W
2026/09/23 13:32:28.486, 3, 98 %, 29 %, 7031 MiB, 136.20 W
2026/09/23 13:32:29.489, 0, 95 %, 29 %, 7041 MiB, 139.58 W
2026/09/23 13:32:29.490, 1, 97 %, 30 %, 7051 MiB, 134.01 W
2026/09/23 13:32:29.491, 2, 98 %, 28 %, 7039 MiB, 135.51 W
2026/09/23 13:32:29.492, 3, 98 %, 28 %, 7031 MiB, 136.20 W
2026/09/23 13:32:30.494, 0, 96 %, 30 %, 7041 MiB, 131.07 W
2026/09/23 13:32:30.496, 1, 97 %, 28 %, 7051 MiB, 124.54 W
2026/09/23 13:32:30.497, 2, 98 %, 28 %, 7039 MiB, 127.86 W
2026/09/23 13:32:30.499, 3, 98 %, 28 %, 7031 MiB, 127.69 W
2026/09/23 13:32:31.501, 0, 45 %, 1 %, 7041 MiB, 79.73 W
2026/09/23 13:32:31.502, 1, 44 %, 1 %, 7051 MiB, 74.78 W
2026/09/23 13:32:31.503, 2, 36 %, 1 %, 7039 MiB, 76.39 W
2026/09/23 13:32:31.504, 3, 36 %, 1 %, 7031 MiB, 75.80 W
2026/09/23 13:32:32.506, 0, 95 %, 30 %, 8125 MiB, 128.65 W
2026/09/23 13:32:32.507, 1, 97 %, 28 %, 8141 MiB, 121.73 W
2026/09/23 13:32:32.509, 2, 97 %, 31 %, 8117 MiB, 117.36 W
2026/09/23 13:32:32.512, 3, 98 %, 28 %, 8103 MiB, 111.96 W
2026/09/23 13:32:33.514, 0, 97 %, 30 %, 7041 MiB, 136.68 W
2026/09/23 13:32:33.515, 1, 97 %, 28 %, 7051 MiB, 132.17 W
2026/09/23 13:32:33.516, 2, 97 %, 30 %, 7039 MiB, 133.57 W
2026/09/23 13:32:33.517, 3, 98 %, 29 %, 7031 MiB, 134.27 W
2026/09/23 13:32:34.520, 0, 97 %, 28 %, 7041 MiB, 140.06 W
2026/09/23 13:32:34.521, 1, 95 %, 28 %, 7051 MiB, 133.52 W
2026/09/23 13:32:34.522, 2, 98 %, 29 %, 7039 MiB, 136.96 W
2026/09/23 13:32:34.523, 3, 97 %, 31 %, 7031 MiB, 136.20 W
2026/09/23 13:32:35.525, 0, 97 %, 28 %, 7041 MiB, 140.55 W
2026/09/23 13:32:35.525, 1, 95 %, 31 %, 7051 MiB, 134.49 W
2026/09/23 13:32:35.526, 2, 98 %, 28 %, 7039 MiB, 137.44 W
2026/09/23 13:32:35.528, 3, 97 %, 30 %, 7031 MiB, 136.68 W
2026/09/23 13:32:36.530, 0, 97 %, 28 %, 7041 MiB, 140.06 W
2026/09/23 13:32:36.531, 1, 95 %, 30 %, 7051 MiB, 133.52 W
2026/09/23 13:32:36.532, 2, 98 %, 28 %, 7039 MiB, 136.47 W
2026/09/23 13:32:36.533, 3, 98 %, 29 %, 7031 MiB, 137.17 W
2026/09/23 13:32:37.535, 0, 95 %, 29 %, 7041 MiB, 130.59 W
2026/09/23 13:32:37.537, 1, 97 %, 29 %, 7051 MiB, 124.54 W
2026/09/23 13:32:37.537, 2, 97 %, 28 %, 7039 MiB, 128.34 W
2026/09/23 13:32:37.538, 3, 98 %, 28 %, 7031 MiB, 128.08 W
2026/09/23 13:32:38.540, 0, 95 %, 30 %, 7041 MiB, 124.39 W
2026/09/23 13:32:38.541, 1, 97 %, 28 %, 7051 MiB, 120.76 W
2026/09/23 13:32:38.543, 2, 97 %, 31 %, 7039 MiB, 123.10 W
2026/09/23 13:32:38.544, 3, 98 %, 28 %, 7031 MiB, 127.20 W
2026/09/23 13:32:39.548, 0, 97 %, 30 %, 7041 MiB, 139.58 W
2026/09/23 13:32:39.549, 1, 97 %, 28 %, 7051 MiB, 134.01 W
2026/09/23 13:32:39.550, 2, 97 %, 30 %, 7039 MiB, 135.51 W
2026/09/23 13:32:39.551, 3, 97 %, 28 %, 7031 MiB, 137.17 W
2026/09/23 13:32:40.553, 0, 97 %, 28 %, 7041 MiB, 140.06 W
2026/09/23 13:32:40.554, 1, 95 %, 28 %, 7053 MiB, 134.01 W
2026/09/23 13:32:40.555, 2, 98 %, 30 %, 7039 MiB, 136.47 W
2026/09/23 13:32:40.557, 3, 98 %, 31 %, 7031 MiB, 137.17 W
2026/09/23 13:32:41.559, 0, 97 %, 28 %, 7041 MiB, 141.03 W
2026/09/23 13:32:41.560, 1, 95 %, 30 %, 7053 MiB, 134.49 W
2026/09/23 13:32:41.561, 2, 98 %, 28 %, 7039 MiB, 136.96 W
2026/09/23 13:32:41.562, 3, 97 %, 30 %, 7031 MiB, 138.13 W
2026/09/23 13:32:42.565, 0, 97 %, 28 %, 7041 MiB, 140.55 W
2026/09/23 13:32:42.566, 1, 95 %, 30 %, 7053 MiB, 130.72 W
2026/09/23 13:32:42.567, 2, 98 %, 28 %, 7039 MiB, 137.05 W
2026/09/23 13:32:42.568, 3, 98 %, 29 %, 7031 MiB, 133.48 W
2026/09/23 13:32:43.570, 0, 95 %, 29 %, 7041 MiB, 130.59 W
2026/09/23 13:32:43.571, 1, 97 %, 31 %, 7053 MiB, 124.54 W
2026/09/23 13:32:43.572, 2, 98 %, 28 %, 7039 MiB, 127.86 W
2026/09/23 13:32:43.573, 3, 98 %, 28 %, 7031 MiB, 127.69 W
2026/09/23 13:32:44.576, 0, 96 %, 30 %, 7041 MiB, 128.65 W
2026/09/23 13:32:44.577, 1, 97 %, 28 %, 7053 MiB, 124.06 W
2026/09/23 13:32:44.578, 2, 97 %, 30 %, 7039 MiB, 126.40 W
2026/09/23 13:32:44.579, 3, 98 %, 28 %, 7031 MiB, 128.65 W
2026/09/23 13:32:45.581, 0, 97 %, 29 %, 7041 MiB, 140.06 W
2026/09/23 13:32:45.582, 1, 97 %, 28 %, 7053 MiB, 133.52 W
2026/09/23 13:32:45.583, 2, 96 %, 31 %, 7039 MiB, 135.99 W
2026/09/23 13:32:45.584, 3, 98 %, 31 %, 7031 MiB, 137.17 W
2026/09/23 13:32:46.586, 0, 45 %, 1 %, 7041 MiB, 79.73 W
2026/09/23 13:32:46.588, 1, 44 %, 1 %, 7053 MiB, 74.78 W
2026/09/23 13:32:46.589, 2, 36 %, 1 %, 7039 MiB, 76.44 W
2026/09/23 13:32:46.590, 3, 36 %, 1 %, 7031 MiB, 75.85 W
2026/09/23 13:32:47.592, 0, 96 %, 28 %, 7041 MiB, 139.10 W
2026/09/23 13:32:47.593, 1, 97 %, 28 %, 7053 MiB, 133.52 W
2026/09/23 13:32:47.594, 2, 97 %, 31 %, 7039 MiB, 135.99 W
2026/09/23 13:32:47.595, 3, 98 %, 30 %, 7031 MiB, 136.20 W
2026/09/23 13:32:48.597, 0, 95 %, 30 %, 7041 MiB, 141.03 W
2026/09/23 13:32:48.598, 1, 95 %, 28 %, 7053 MiB, 134.01 W
2026/09/23 13:32:48.600, 2, 98 %, 28 %, 7039 MiB, 137.44 W
2026/09/23 13:32:48.601, 3, 98 %, 29 %, 7031 MiB, 137.17 W
2026/09/23 13:32:49.603, 0, 95 %, 30 %, 7041 MiB, 141.51 W
2026/09/23 13:32:49.604, 1, 96 %, 31 %, 7051 MiB, 134.01 W
2026/09/23 13:32:49.605, 2, 98 %, 28 %, 7039 MiB, 136.96 W
2026/09/23 13:32:49.606, 3, 98 %, 28 %, 7031 MiB, 137.17 W
2026/09/23 13:32:50.608, 0, 97 %, 30 %, 7041 MiB, 141.03 W
2026/09/23 13:32:50.609, 1, 97 %, 30 %, 7051 MiB, 133.52 W
2026/09/23 13:32:50.610, 2, 98 %, 28 %, 7039 MiB, 135.51 W
2026/09/23 13:32:50.611, 3, 98 %, 28 %, 7031 MiB, 135.24 W
2026/09/23 13:32:51.613, 0, 97 %, 28 %, 7041 MiB, 130.59 W
2026/09/23 13:32:51.614, 1, 97 %, 28 %, 7051 MiB, 124.14 W
2026/09/23 13:32:51.616, 2, 96 %, 31 %, 7039 MiB, 127.37 W
2026/09/23 13:32:51.618, 3, 98 %, 28 %, 7031 MiB, 127.69 W
2026/09/23 13:32:52.620, 0, 97 %, 28 %, 7041 MiB, 122.93 W
2026/09/23 13:32:52.621, 1, 96 %, 28 %, 7051 MiB, 119.31 W
2026/09/23 13:32:52.622, 2, 96 %, 30 %, 7039 MiB, 122.13 W
2026/09/23 13:32:52.623, 3, 98 %, 30 %, 7031 MiB, 125.27 W
2026/09/23 13:32:53.627, 0, 97 %, 28 %, 7041 MiB, 139.58 W
2026/09/23 13:32:53.629, 1, 95 %, 30 %, 7051 MiB, 133.52 W
2026/09/23 13:32:53.630, 2, 98 %, 30 %, 7039 MiB, 135.02 W
2026/09/23 13:32:53.631, 3, 98 %, 30 %, 7031 MiB, 135.72 W
2026/09/23 13:32:54.633, 0, 96 %, 28 %, 7041 MiB, 139.01 W
2026/09/23 13:32:54.634, 1, 95 %, 30 %, 7051 MiB, 134.01 W
2026/09/23 13:32:54.635, 2, 98 %, 29 %, 7039 MiB, 136.38 W
2026/09/23 13:32:54.636, 3, 98 %, 29 %, 7031 MiB, 137.17 W
2026/09/23 13:32:55.638, 0, 95 %, 30 %, 7041 MiB, 140.06 W
2026/09/23 13:32:55.639, 1, 96 %, 30 %, 7051 MiB, 134.49 W
2026/09/23 13:32:55.640, 2, 97 %, 28 %, 7039 MiB, 136.96 W
2026/09/23 13:32:55.641, 3, 98 %, 28 %, 7031 MiB, 137.17 W
2026/09/23 13:32:56.644, 0, 95 %, 30 %, 7041 MiB, 141.03 W
2026/09/23 13:32:56.645, 1, 96 %, 30 %, 7051 MiB, 134.49 W
2026/09/23 13:32:56.646, 2, 98 %, 28 %, 7039 MiB, 136.96 W
2026/09/23 13:32:56.647, 3, 98 %, 28 %, 7031 MiB, 137.17 W
2026/09/23 13:32:57.650, 0, 96 %, 30 %, 7041 MiB, 129.13 W
2026/09/23 13:32:57.651, 1, 97 %, 28 %, 7051 MiB, 123.66 W
2026/09/23 13:32:57.654, 2, 97 %, 28 %, 7039 MiB, 130.27 W
2026/09/23 13:32:57.655, 3, 98 %, 28 %, 7031 MiB, 130.59 W
2026/09/23 13:32:58.657, 0, 96 %, 29 %, 7041 MiB, 130.10 W
2026/09/23 13:32:58.659, 1, 96 %, 28 %, 7051 MiB, 123.57 W
2026/09/23 13:32:58.660, 2, 97 %, 30 %, 8117 MiB, 121.24 W
2026/09/23 13:32:58.663, 3, 98 %, 30 %, 8103 MiB, 121.48 W
2026/09/23 13:32:59.665, 0, 97 %, 28 %, 7041 MiB, 130.59 W
2026/09/23 13:32:59.666, 1, 97 %, 28 %, 7053 MiB, 126.47 W
2026/09/23 13:32:59.667, 2, 96 %, 31 %, 7039 MiB, 127.86 W
2026/09/23 13:32:59.668, 3, 97 %, 31 %, 7031 MiB, 130.01 W
2026/09/23 13:33:00.670, 0, 96 %, 28 %, 7041 MiB, 140.06 W
2026/09/23 13:33:00.671, 1, 95 %, 28 %, 7053 MiB, 134.01 W
2026/09/23 13:33:00.672, 2, 97 %, 30 %, 7039 MiB, 135.51 W
2026/09/23 13:33:00.674, 3, 97 %, 30 %, 7031 MiB, 136.20 W
2026/09/23 13:33:01.676, 0, 44 %, 1 %, 7041 MiB, 79.73 W
2026/09/23 13:33:01.677, 1, 44 %, 1 %, 7053 MiB, 74.78 W
2026/09/23 13:33:01.678, 2, 36 %, 1 %, 7039 MiB, 76.44 W
2026/09/23 13:33:01.679, 3, 36 %, 1 %, 7031 MiB, 76.33 W
2026/09/23 13:33:02.681, 0, 97 %, 28 %, 7041 MiB, 140.06 W
2026/09/23 13:33:02.682, 1, 95 %, 29 %, 7053 MiB, 133.52 W
2026/09/23 13:33:02.683, 2, 97 %, 31 %, 7039 MiB, 135.99 W
2026/09/23 13:33:02.684, 3, 97 %, 30 %, 7031 MiB, 137.17 W
2026/09/23 13:33:03.687, 0, 97 %, 28 %, 7041 MiB, 140.55 W
2026/09/23 13:33:03.689, 1, 95 %, 31 %, 7053 MiB, 134.49 W
2026/09/23 13:33:03.690, 2, 98 %, 30 %, 7039 MiB, 136.96 W
2026/09/23 13:33:03.691, 3, 98 %, 30 %, 7031 MiB, 137.17 W
2026/09/23 13:33:04.693, 0, 95 %, 28 %, 7041 MiB, 140.06 W
2026/09/23 13:33:04.694, 1, 95 %, 30 %, 7053 MiB, 134.49 W
2026/09/23 13:33:04.695, 2, 98 %, 29 %, 7039 MiB, 136.47 W
2026/09/23 13:33:04.697, 3, 98 %, 29 %, 7031 MiB, 136.20 W
2026/09/23 13:33:05.699, 0, 95 %, 30 %, 7041 MiB, 140.06 W
2026/09/23 13:33:05.700, 1, 95 %, 30 %, 7053 MiB, 134.01 W
2026/09/23 13:33:05.701, 2, 98 %, 29 %, 7039 MiB, 137.44 W
2026/09/23 13:33:05.702, 3, 98 %, 28 %, 7031 MiB, 137.65 W
2026/09/23 13:33:06.704, 0, 96 %, 30 %, 7041 MiB, 129.13 W
2026/09/23 13:33:06.705, 1, 97 %, 30 %, 7053 MiB, 122.69 W
2026/09/23 13:33:06.706, 2, 97 %, 29 %, 7039 MiB, 129.88 W
2026/09/23 13:33:06.709, 3, 98 %, 28 %, 7031 MiB, 130.59 W
2026/09/23 13:33:07.711, 0, 95 %, 30 %, 7041 MiB, 130.10 W
2026/09/23 13:33:07.712, 1, 97 %, 28 %, 7053 MiB, 124.06 W
2026/09/23 13:33:07.713, 2, 97 %, 31 %, 8117 MiB, 123.18 W
2026/09/23 13:33:07.715, 3, 98 %, 28 %, 8103 MiB, 119.15 W
2026/09/23 13:33:08.718, 0, 97 %, 30 %, 7041 MiB, 129.88 W
2026/09/23 13:33:08.720, 1, 97 %, 28 %, 7051 MiB, 125.84 W
2026/09/23 13:33:08.721, 2, 97 %, 31 %, 7039 MiB, 127.31 W
2026/09/23 13:33:08.722, 3, 98 %, 29 %, 7031 MiB, 128.91 W
2026/09/23 13:33:09.724, 0, 97 %, 29 %, 7041 MiB, 139.47 W
2026/09/23 13:33:09.725, 1, 96 %, 28 %, 7051 MiB, 133.40 W
2026/09/23 13:33:09.726, 2, 97 %, 31 %, 7039 MiB, 135.47 W
2026/09/23 13:33:09.727, 3, 98 %, 31 %, 7031 MiB, 135.60 W
2026/09/23 13:33:10.729, 0, 97 %, 28 %, 7041 MiB, 140.43 W
2026/09/23 13:33:10.730, 1, 96 %, 28 %, 7051 MiB, 134.84 W
2026/09/23 13:33:10.731, 2, 98 %, 30 %, 7039 MiB, 136.44 W
2026/09/23 13:33:10.732, 3, 97 %, 30 %, 7031 MiB, 137.05 W
2026/09/23 13:33:11.734, 0, 97 %, 28 %, 7041 MiB, 140.92 W
2026/09/23 13:33:11.736, 1, 95 %, 29 %, 7051 MiB, 134.36 W
2026/09/23 13:33:11.737, 2, 98 %, 29 %, 7039 MiB, 137.80 W
2026/09/23 13:33:11.738, 3, 98 %, 31 %, 7031 MiB, 137.05 W
2026/09/23 13:33:12.741, 0, 97 %, 28 %, 7041 MiB, 141.89 W
2026/09/23 13:33:12.742, 1, 96 %, 31 %, 7051 MiB, 134.36 W
2026/09/23 13:33:12.743, 2, 98 %, 29 %, 7039 MiB, 137.32 W
2026/09/23 13:33:12.744, 3, 97 %, 30 %, 7031 MiB, 138.01 W
2026/09/23 13:33:13.746, 0, 95 %, 29 %, 7041 MiB, 139.47 W
2026/09/23 13:33:13.747, 1, 95 %, 30 %, 7051 MiB, 134.36 W
2026/09/23 13:33:13.748, 2, 98 %, 29 %, 7039 MiB, 137.41 W
2026/09/23 13:33:13.749, 3, 98 %, 29 %, 7031 MiB, 136.56 W
2026/09/23 13:33:14.751, 0, 95 %, 30 %, 7041 MiB, 129.88 W
2026/09/23 13:33:14.752, 1, 95 %, 30 %, 7051 MiB, 123.42 W
2026/09/23 13:33:14.754, 2, 98 %, 29 %, 7039 MiB, 129.25 W
2026/09/23 13:33:14.755, 3, 98 %, 28 %, 7031 MiB, 128.91 W
2026/09/23 13:33:15.758, 0, 96 %, 30 %, 7041 MiB, 129.48 W
2026/09/23 13:33:15.759, 1, 96 %, 30 %, 8141 MiB, 120.60 W
2026/09/23 13:33:15.761, 2, 96 %, 29 %, 8117 MiB, 117.68 W
2026/09/23 13:33:15.763, 3, 98 %, 28 %, 8103 MiB, 125.68 W
2026/09/23 13:33:16.765, 0, 45 %, 1 %, 7041 MiB, 79.89 W
2026/09/23 13:33:16.766, 1, 44 %, 1 %, 7051 MiB, 74.93 W
2026/09/23 13:33:16.767, 2, 37 %, 1 %, 7039 MiB, 76.64 W
2026/09/23 13:33:16.769, 3, 37 %, 1 %, 7031 MiB, 76.49 W
2026/09/23 13:33:17.771, 0, 95 %, 31 %, 7041 MiB, 129.48 W
2026/09/23 13:33:17.772, 1, 96 %, 30 %, 8141 MiB, 117.69 W
2026/09/23 13:33:17.775, 2, 97 %, 28 %, 8117 MiB, 113.30 W
2026/09/23 13:33:17.776, 3, 98 %, 28 %, 8103 MiB, 122.78 W
2026/09/23 13:33:18.779, 0, 95 %, 31 %, 8125 MiB, 129.48 W
2026/09/23 13:33:18.780, 1, 97 %, 30 %, 8141 MiB, 116.32 W
2026/09/23 13:33:18.782, 2, 97 %, 29 %, 8117 MiB, 114.35 W
2026/09/23 13:33:18.783, 3, 98 %, 28 %, 7031 MiB, 115.10 W
2026/09/23 13:33:19.786, 0, 95 %, 30 %, 7041 MiB, 131.81 W
2026/09/23 13:33:19.787, 1, 96 %, 29 %, 7051 MiB, 127.20 W
2026/09/23 13:33:19.788, 2, 97 %, 30 %, 7039 MiB, 129.16 W
2026/09/23 13:33:19.789, 3, 98 %, 28 %, 7031 MiB, 129.88 W
2026/09/23 13:33:20.791, 0, 97 %, 31 %, 7041 MiB, 139.47 W
2026/09/23 13:33:20.793, 1, 96 %, 29 %, 7051 MiB, 133.88 W
2026/09/23 13:33:20.794, 2, 97 %, 31 %, 7039 MiB, 135.47 W
2026/09/23 13:33:20.795, 3, 98 %, 28 %, 7031 MiB, 136.08 W
2026/09/23 13:33:21.797, 0, 97 %, 30 %, 7041 MiB, 140.43 W
2026/09/23 13:33:21.798, 1, 96 %, 29 %, 7051 MiB, 134.36 W
2026/09/23 13:33:21.799, 2, 97 %, 31 %, 7039 MiB, 136.93 W
2026/09/23 13:33:21.800, 3, 98 %, 30 %, 7031 MiB, 137.05 W
2026/09/23 13:33:22.803, 0, 97 %, 28 %, 7041 MiB, 140.92 W
2026/09/23 13:33:22.804, 1, 96 %, 28 %, 7051 MiB, 134.36 W
2026/09/23 13:33:22.807, 2, 97 %, 31 %, 7039 MiB, 136.84 W
2026/09/23 13:33:22.808, 3, 97 %, 31 %, 7031 MiB, 138.01 W
2026/09/23 13:33:23.810, 0, 97 %, 28 %, 7041 MiB, 141.89 W
2026/09/23 13:33:23.812, 1, 96 %, 28 %, 7051 MiB, 134.36 W
2026/09/23 13:33:23.813, 2, 98 %, 30 %, 7039 MiB, 136.93 W
2026/09/23 13:33:23.814, 3, 97 %, 30 %, 7031 MiB, 137.53 W
2026/09/23 13:33:24.816, 0, 97 %, 28 %, 7041 MiB, 140.92 W
2026/09/23 13:33:24.817, 1, 95 %, 29 %, 7051 MiB, 133.88 W
2026/09/23 13:33:24.818, 2, 98 %, 29 %, 7039 MiB, 137.41 W
2026/09/23 13:33:24.819, 3, 98 %, 31 %, 7031 MiB, 136.08 W
2026/09/23 13:33:25.821, 0, 97 %, 28 %, 7041 MiB, 129.96 W
2026/09/23 13:33:25.822, 1, 96 %, 31 %, 7051 MiB, 123.90 W
2026/09/23 13:33:25.824, 2, 98 %, 29 %, 7039 MiB, 129.25 W
2026/09/23 13:33:25.825, 3, 98 %, 30 %, 7031 MiB, 130.36 W
2026/09/23 13:33:26.827, 0, 95 %, 28 %, 7041 MiB, 129.96 W
2026/09/23 13:33:26.828, 1, 95 %, 30 %, 7051 MiB, 123.42 W
2026/09/23 13:33:26.829, 2, 97 %, 29 %, 7039 MiB, 126.82 W
2026/09/23 13:33:26.830, 3, 98 %, 29 %, 7031 MiB, 126.57 W
2026/09/23 13:33:27.833, 0, 95 %, 30 %, 7041 MiB, 122.29 W
2026/09/23 13:33:27.834, 1, 95 %, 31 %, 7051 MiB, 119.55 W
2026/09/23 13:33:27.836, 2, 98 %, 29 %, 7039 MiB, 123.42 W
2026/09/23 13:33:27.837, 3, 98 %, 28 %, 7031 MiB, 124.63 W
2026/09/23 13:33:28.839, 0, 96 %, 31 %, 7041 MiB, 137.05 W
2026/09/23 13:33:28.841, 1, 96 %, 31 %, 7051 MiB, 132.03 W
2026/09/23 13:33:28.842, 2, 97 %, 29 %, 7039 MiB, 134.01 W
2026/09/23 13:33:28.843, 3, 98 %, 28 %, 7031 MiB, 134.23 W
2026/09/23 13:33:29.845, 0, 95 %, 30 %, 7041 MiB, 139.95 W
2026/09/23 13:33:29.846, 1, 96 %, 29 %, 7051 MiB, 133.88 W
2026/09/23 13:33:29.847, 2, 97 %, 30 %, 7039 MiB, 136.84 W
2026/09/23 13:33:29.848, 3, 98 %, 28 %, 7031 MiB, 137.53 W
2026/09/23 13:33:30.851, 0, 97 %, 29 %, 7041 MiB, 140.43 W
2026/09/23 13:33:30.852, 1, 97 %, 29 %, 7051 MiB, 134.84 W
2026/09/23 13:33:30.853, 2, 98 %, 31 %, 7039 MiB, 137.80 W
2026/09/23 13:33:30.854, 3, 98 %, 28 %, 7031 MiB, 137.05 W
2026/09/23 13:33:31.856, 0, 45 %, 1 %, 7041 MiB, 79.89 W
2026/09/23 13:33:31.857, 1, 44 %, 1 %, 7051 MiB, 75.41 W
2026/09/23 13:33:31.858, 2, 36 %, 1 %, 7039 MiB, 76.64 W
2026/09/23 13:33:31.860, 3, 36 %, 1 %, 7031 MiB, 76.49 W
2026/09/23 13:33:32.863, 0, 97 %, 29 %, 7041 MiB, 141.40 W
2026/09/23 13:33:32.864, 1, 31 %, 7 %, 7051 MiB, 134.36 W
2026/09/23 13:33:32.865, 2, 87 %, 26 %, 7039 MiB, 136.84 W
2026/09/23 13:33:32.866, 3, 73 %, 18 %, 7031 MiB, 137.05 W
2026/09/23 13:33:33.869, 0, 97 %, 29 %, 7041 MiB, 140.92 W
2026/09/23 13:33:33.870, 1, 96 %, 29 %, 7051 MiB, 134.84 W
2026/09/23 13:33:33.871, 2, 97 %, 31 %, 7039 MiB, 137.90 W
2026/09/23 13:33:33.872, 3, 98 %, 29 %, 7031 MiB, 137.05 W
2026/09/23 13:33:34.875, 0, 97 %, 29 %, 7041 MiB, 141.40 W
2026/09/23 13:33:34.876, 1, 96 %, 29 %, 7051 MiB, 134.84 W
2026/09/23 13:33:34.877, 2, 96 %, 31 %, 7039 MiB, 137.41 W
2026/09/23 13:33:34.878, 3, 98 %, 30 %, 7031 MiB, 138.01 W
2026/09/23 13:33:35.880, 0, 97 %, 29 %, 7041 MiB, 140.43 W
2026/09/23 13:33:35.881, 1, 96 %, 29 %, 7051 MiB, 134.84 W
2026/09/23 13:33:35.882, 2, 98 %, 31 %, 7039 MiB, 137.90 W
2026/09/23 13:33:35.883, 3, 98 %, 31 %, 7031 MiB, 136.56 W
2026/09/23 13:33:36.885, 0, 96 %, 28 %, 7041 MiB, 130.93 W
2026/09/23 13:33:36.886, 1, 95 %, 28 %, 7051 MiB, 122.93 W
2026/09/23 13:33:36.887, 2, 98 %, 30 %, 7039 MiB, 129.73 W
2026/09/23 13:33:36.888, 3, 97 %, 31 %, 7031 MiB, 130.45 W
2026/09/23 13:33:37.891, 0, 95 %, 28 %, 7041 MiB, 129.96 W
2026/09/23 13:33:37.892, 1, 94 %, 30 %, 7051 MiB, 123.90 W
2026/09/23 13:33:37.894, 2, 98 %, 29 %, 7039 MiB, 126.82 W
2026/09/23 13:33:37.895, 3, 98 %, 31 %, 7031 MiB, 127.06 W
2026/09/23 13:33:38.898, 0, 95 %, 30 %, 7041 MiB, 124.87 W
2026/09/23 13:33:38.900, 1, 97 %, 31 %, 7051 MiB, 120.28 W
2026/09/23 13:33:38.901, 2, 98 %, 29 %, 7039 MiB, 123.02 W
2026/09/23 13:33:38.903, 3, 98 %, 30 %, 7031 MiB, 125.27 W
2026/09/23 13:33:39.905, 0, 96 %, 31 %, 7041 MiB, 136.29 W
2026/09/23 13:33:39.906, 1, 95 %, 31 %, 7051 MiB, 130.72 W
2026/09/23 13:33:39.907, 2, 98 %, 29 %, 7039 MiB, 133.18 W
2026/09/23 13:33:39.908, 3, 98 %, 29 %, 7031 MiB, 133.88 W
2026/09/23 13:33:40.910, 0, 96 %, 31 %, 7041 MiB, 140.55 W
2026/09/23 13:33:40.911, 1, 95 %, 31 %, 7051 MiB, 134.01 W
2026/09/23 13:33:40.912, 2, 98 %, 29 %, 7039 MiB, 136.47 W
2026/09/23 13:33:40.913, 3, 98 %, 29 %, 7031 MiB, 137.65 W
2026/09/23 13:33:41.915, 0, 96 %, 31 %, 7041 MiB, 141.03 W
2026/09/23 13:33:41.916, 1, 96 %, 31 %, 7051 MiB, 134.97 W
2026/09/23 13:33:41.917, 2, 97 %, 29 %, 7039 MiB, 137.44 W
2026/09/23 13:33:41.918, 3, 98 %, 29 %, 7031 MiB, 137.17 W
2026/09/23 13:33:42.921, 0, 97 %, 31 %, 7041 MiB, 141.03 W
2026/09/23 13:33:42.922, 1, 96 %, 30 %, 7051 MiB, 134.97 W
2026/09/23 13:33:42.923, 2, 97 %, 30 %, 7039 MiB, 136.96 W
2026/09/23 13:33:42.925, 3, 98 %, 29 %, 7031 MiB, 137.65 W
2026/09/23 13:33:43.928, 0, 97 %, 29 %, 7041 MiB, 142.48 W
2026/09/23 13:33:43.929, 1, 96 %, 29 %, 7051 MiB, 134.97 W
2026/09/23 13:33:43.930, 2, 98 %, 32 %, 7039 MiB, 137.92 W
2026/09/23 13:33:43.931, 3, 98 %, 29 %, 7031 MiB, 138.13 W
2026/09/23 13:33:44.934, 0, 97 %, 29 %, 7041 MiB, 141.03 W
2026/09/23 13:33:44.935, 1, 96 %, 29 %, 7051 MiB, 134.01 W
2026/09/23 13:33:44.936, 2, 97 %, 31 %, 7039 MiB, 136.47 W
2026/09/23 13:33:44.937, 3, 98 %, 29 %, 7031 MiB, 137.17 W
2026/09/23 13:33:45.939, 0, 97 %, 29 %, 7041 MiB, 125.35 W
2026/09/23 13:33:45.940, 1, 96 %, 29 %, 7051 MiB, 116.50 W
2026/09/23 13:33:45.941, 2, 97 %, 31 %, 7039 MiB, 122.21 W
2026/09/23 13:33:45.942, 3, 97 %, 30 %, 7031 MiB, 117.29 W
2026/09/23 13:33:46.944, 0, 79 %, 18 %, 7041 MiB, 80.27 W
2026/09/23 13:33:46.946, 1, 67 %, 13 %, 7051 MiB, 75.32 W
2026/09/23 13:33:46.947, 2, 98 %, 27 %, 7039 MiB, 76.97 W
2026/09/23 13:33:46.948, 3, 98 %, 31 %, 7031 MiB, 76.39 W
2026/09/23 13:33:47.950, 0, 25 %, 6 %, 7041 MiB, 79.25 W
2026/09/23 13:33:47.952, 1, 16 %, 5 %, 7051 MiB, 74.30 W
2026/09/23 13:33:47.953, 2, 36 %, 1 %, 7039 MiB, 75.95 W
2026/09/23 13:33:47.955, 3, 36 %, 1 %, 7031 MiB, 75.90 W
2026/09/23 13:33:48.957, 0, 97 %, 29 %, 7041 MiB, 129.62 W
2026/09/23 13:33:48.959, 1, 96 %, 29 %, 7051 MiB, 122.61 W
2026/09/23 13:33:48.960, 2, 97 %, 31 %, 7039 MiB, 128.82 W
2026/09/23 13:33:48.961, 3, 97 %, 30 %, 7031 MiB, 130.10 W
2026/09/23 13:33:49.963, 0, 97 %, 29 %, 7041 MiB, 129.62 W
2026/09/23 13:33:49.964, 1, 94 %, 29 %, 7051 MiB, 123.17 W
2026/09/23 13:33:49.965, 2, 98 %, 31 %, 7039 MiB, 126.49 W
2026/09/23 13:33:49.967, 3, 97 %, 31 %, 7031 MiB, 127.69 W
2026/09/23 13:33:50.969, 0, 97 %, 29 %, 8125 MiB, 123.50 W
2026/09/23 13:33:50.972, 1, 94 %, 30 %, 8141 MiB, 110.77 W
2026/09/23 13:33:50.973, 2, 98 %, 30 %, 8117 MiB, 111.14 W
2026/09/23 13:33:50.974, 3, 96 %, 30 %, 7031 MiB, 111.48 W
2026/09/23 13:33:51.976, 0, 95 %, 29 %, 7041 MiB, 128.17 W
2026/09/23 13:33:51.977, 1, 94 %, 31 %, 7051 MiB, 123.57 W
2026/09/23 13:33:51.979, 2, 98 %, 30 %, 7039 MiB, 126.49 W
2026/09/23 13:33:51.980, 3, 98 %, 31 %, 7031 MiB, 128.17 W
2026/09/23 13:33:52.982, 0, 96 %, 31 %, 7041 MiB, 137.65 W
2026/09/23 13:33:52.983, 1, 95 %, 31 %, 7051 MiB, 132.65 W
2026/09/23 13:33:52.984, 2, 98 %, 29 %, 7039 MiB, 134.06 W
2026/09/23 13:33:52.985, 3, 98 %, 29 %, 7031 MiB, 134.76 W
2026/09/23 13:33:53.987, 0, 96 %, 31 %, 7041 MiB, 140.55 W
2026/09/23 13:33:53.988, 1, 95 %, 31 %, 7051 MiB, 134.01 W
2026/09/23 13:33:53.989, 2, 98 %, 29 %, 7039 MiB, 136.96 W
2026/09/23 13:33:53.990, 3, 98 %, 29 %, 7031 MiB, 138.13 W
2026/09/23 13:33:54.992, 0, 97 %, 31 %, 7041 MiB, 140.55 W
2026/09/23 13:33:54.994, 1, 96 %, 31 %, 7051 MiB, 134.97 W
2026/09/23 13:33:54.995, 2, 98 %, 29 %, 7039 MiB, 137.92 W
2026/09/23 13:33:54.996, 3, 97 %, 29 %, 7031 MiB, 137.65 W
2026/09/23 13:33:55.998, 0, 97 %, 29 %, 7041 MiB, 141.51 W
2026/09/23 13:33:55.999, 1, 96 %, 29 %, 7051 MiB, 134.97 W
2026/09/23 13:33:56.000, 2, 97 %, 30 %, 7039 MiB, 137.35 W
2026/09/23 13:33:56.001, 3, 97 %, 31 %, 7031 MiB, 138.62 W
2026/09/23 13:33:57.003, 0, 97 %, 29 %, 7041 MiB, 141.51 W
2026/09/23 13:33:57.004, 1, 96 %, 29 %, 7051 MiB, 134.97 W
2026/09/23 13:33:57.005, 2, 97 %, 31 %, 7039 MiB, 138.41 W
2026/09/23 13:33:57.006, 3, 97 %, 31 %, 7031 MiB, 137.65 W
2026/09/23 13:33:58.009, 0, 97 %, 29 %, 7041 MiB, 141.51 W
2026/09/23 13:33:58.010, 1, 96 %, 29 %, 7051 MiB, 134.49 W
2026/09/23 13:33:58.012, 2, 98 %, 30 %, 7039 MiB, 136.96 W
2026/09/23 13:33:58.013, 3, 97 %, 31 %, 7031 MiB, 138.62 W
2026/09/23 13:33:59.015, 0, 97 %, 29 %, 7041 MiB, 141.99 W
2026/09/23 13:33:59.016, 1, 95 %, 28 %, 7051 MiB, 134.49 W
2026/09/23 13:33:59.017, 2, 98 %, 29 %, 7039 MiB, 137.92 W
2026/09/23 13:33:59.018, 3, 97 %, 31 %, 7031 MiB, 136.68 W
2026/09/23 13:34:00.020, 0, 97 %, 29 %, 7041 MiB, 130.41 W
2026/09/23 13:34:00.021, 1, 95 %, 30 %, 7051 MiB, 122.45 W
2026/09/23 13:34:00.022, 2, 98 %, 29 %, 7039 MiB, 128.65 W
2026/09/23 13:34:00.023, 3, 98 %, 31 %, 7031 MiB, 129.93 W
2026/09/23 13:34:01.026, 0, 96 %, 29 %, 7041 MiB, 129.62 W
2026/09/23 13:34:01.027, 1, 96 %, 31 %, 7051 MiB, 123.09 W
2026/09/23 13:34:01.028, 2, 98 %, 29 %, 7039 MiB, 126.49 W
2026/09/23 13:34:01.029, 3, 98 %, 30 %, 7031 MiB, 127.69 W
2026/09/23 13:34:02.031, 0, 95 %, 29 %, 8125 MiB, 127.69 W
2026/09/23 13:34:02.032, 1, 95 %, 31 %, 8141 MiB, 122.69 W
2026/09/23 13:34:02.033, 2, 98 %, 29 %, 8117 MiB, 121.24 W
2026/09/23 13:34:02.036, 3, 98 %, 29 %, 7031 MiB, 116.24 W
2026/09/23 13:34:03.039, 0, 41 %, 1 %, 7041 MiB, 80.22 W
2026/09/23 13:34:03.040, 1, 41 %, 1 %, 7051 MiB, 75.26 W
2026/09/23 13:34:03.041, 2, 36 %, 1 %, 7039 MiB, 76.92 W
2026/09/23 13:34:03.042, 3, 36 %, 1 %, 7031 MiB, 76.33 W
2026/09/23 13:34:04.044, 0, 96 %, 31 %, 8125 MiB, 128.65 W
2026/09/23 13:34:04.045, 1, 95 %, 31 %, 8141 MiB, 123.66 W
2026/09/23 13:34:04.046, 2, 98 %, 29 %, 8117 MiB, 117.85 W
2026/09/23 13:34:04.050, 3, 98 %, 29 %, 7031 MiB, 115.76 W
2026/09/23 13:34:05.052, 0, 96 %, 31 %, 7041 MiB, 125.35 W
2026/09/23 13:34:05.053, 1, 95 %, 31 %, 7051 MiB, 119.80 W
2026/09/23 13:34:05.054, 2, 98 %, 29 %, 7039 MiB, 123.10 W
2026/09/23 13:34:05.055, 3, 98 %, 29 %, 7031 MiB, 124.79 W
2026/09/23 13:34:06.057, 0, 96 %, 31 %, 7041 MiB, 136.29 W
2026/09/23 13:34:06.058, 1, 95 %, 31 %, 7051 MiB, 130.72 W
2026/09/23 13:34:06.059, 2, 98 %, 29 %, 7039 MiB, 132.60 W
2026/09/23 13:34:06.060, 3, 98 %, 29 %, 7031 MiB, 133.40 W
2026/09/23 13:34:07.062, 0, 96 %, 31 %, 7041 MiB, 141.03 W
2026/09/23 13:34:07.064, 1, 97 %, 31 %, 7051 MiB, 134.01 W
2026/09/23 13:34:07.065, 2, 97 %, 30 %, 7039 MiB, 136.47 W
2026/09/23 13:34:07.066, 3, 98 %, 29 %, 7031 MiB, 137.17 W
2026/09/23 13:34:08.069, 0, 97 %, 31 %, 7041 MiB, 141.51 W
2026/09/23 13:34:08.070, 1, 96 %, 30 %, 7051 MiB, 134.97 W
2026/09/23 13:34:08.071, 2, 97 %, 31 %, 7039 MiB, 137.92 W
2026/09/23 13:34:08.072, 3, 98 %, 29 %, 7031 MiB, 137.65 W
2026/09/23 13:34:09.074, 0, 97 %, 30 %, 7041 MiB, 142.48 W
2026/09/23 13:34:09.075, 1, 97 %, 29 %, 7051 MiB, 134.97 W
2026/09/23 13:34:09.076, 2, 98 %, 32 %, 7039 MiB, 137.92 W
2026/09/23 13:34:09.077, 3, 99 %, 29 %, 7031 MiB, 138.62 W
2026/09/23 13:34:10.079, 0, 97 %, 29 %, 7041 MiB, 141.51 W
2026/09/23 13:34:10.080, 1, 96 %, 29 %, 7051 MiB, 135.45 W
2026/09/23 13:34:10.081, 2, 97 %, 31 %, 7039 MiB, 137.44 W
2026/09/23 13:34:10.082, 3, 98 %, 29 %, 7031 MiB, 138.13 W
2026/09/23 13:34:11.085, 0, 97 %, 29 %, 7041 MiB, 142.96 W
2026/09/23 13:34:11.086, 1, 96 %, 29 %, 7051 MiB, 134.97 W
2026/09/23 13:34:11.087, 2, 97 %, 31 %, 7039 MiB, 137.92 W
2026/09/23 13:34:11.088, 3, 97 %, 30 %, 7031 MiB, 138.13 W
2026/09/23 13:34:12.090, 0, 97 %, 29 %, 7041 MiB, 141.99 W
2026/09/23 13:34:12.091, 1, 96 %, 29 %, 7051 MiB, 134.97 W
2026/09/23 13:34:12.092, 2, 98 %, 31 %, 7039 MiB, 136.96 W
2026/09/23 13:34:12.093, 3, 97 %, 31 %, 7031 MiB, 138.13 W
2026/09/23 13:34:13.095, 0, 97 %, 29 %, 7041 MiB, 141.99 W
2026/09/23 13:34:13.097, 1, 96 %, 29 %, 7051 MiB, 125.02 W
2026/09/23 13:34:13.098, 2, 98 %, 31 %, 7039 MiB, 132.21 W
2026/09/23 13:34:13.100, 3, 98 %, 31 %, 7031 MiB, 127.29 W
2026/09/23 13:34:14.102, 0, 96 %, 29 %, 7041 MiB, 131.07 W
2026/09/23 13:34:14.103, 1, 96 %, 29 %, 7051 MiB, 122.69 W
2026/09/23 13:34:14.104, 2, 98 %, 30 %, 7039 MiB, 128.82 W
2026/09/23 13:34:14.105, 3, 97 %, 31 %, 7031 MiB, 129.62 W
2026/09/23 13:34:15.107, 0, 97 %, 29 %, 7041 MiB, 129.62 W
2026/09/23 13:34:15.109, 1, 94 %, 28 %, 7051 MiB, 123.17 W
2026/09/23 13:34:15.110, 2, 98 %, 29 %, 7039 MiB, 126.97 W
2026/09/23 13:34:15.113, 3, 97 %, 31 %, 7031 MiB, 127.20 W
2026/09/23 13:34:16.115, 0, 95 %, 28 %, 8125 MiB, 128.65 W
2026/09/23 13:34:16.116, 1, 94 %, 29 %, 8141 MiB, 124.14 W
2026/09/23 13:34:16.117, 2, 98 %, 29 %, 8117 MiB, 119.79 W
2026/09/23 13:34:16.120, 3, 98 %, 31 %, 7031 MiB, 117.21 W
2026/09/23 13:34:17.122, 0, 95 %, 29 %, 7041 MiB, 127.20 W
2026/09/23 13:34:17.123, 1, 95 %, 31 %, 7051 MiB, 122.13 W
2026/09/23 13:34:17.124, 2, 98 %, 29 %, 7039 MiB, 125.92 W
2026/09/23 13:34:17.125, 3, 98 %, 31 %, 7031 MiB, 128.57 W
2026/09/23 13:34:18.129, 0, 41 %, 1 %, 7041 MiB, 80.70 W
2026/09/23 13:34:18.130, 1, 41 %, 1 %, 7051 MiB, 75.26 W
2026/09/23 13:34:18.131, 2, 36 %, 1 %, 7039 MiB, 76.92 W
2026/09/23 13:34:18.132, 3, 36 %, 1 %, 7031 MiB, 76.82 W
2026/09/23 13:34:19.134, 0, 95 %, 29 %, 7041 MiB, 130.59 W
2026/09/23 13:34:19.136, 1, 95 %, 31 %, 7051 MiB, 125.02 W
2026/09/23 13:34:19.137, 2, 98 %, 29 %, 7039 MiB, 128.34 W
2026/09/23 13:34:19.138, 3, 98 %, 31 %, 7031 MiB, 129.13 W
2026/09/23 13:34:20.140, 0, 95 %, 30 %, 7041 MiB, 138.13 W
2026/09/23 13:34:20.141, 1, 95 %, 31 %, 7051 MiB, 132.17 W
2026/09/23 13:34:20.143, 2, 98 %, 29 %, 7039 MiB, 134.06 W
2026/09/23 13:34:20.144, 3, 98 %, 31 %, 7031 MiB, 134.27 W
2026/09/23 13:34:21.146, 0, 96 %, 31 %, 7041 MiB, 141.51 W
2026/09/23 13:34:21.147, 1, 96 %, 31 %, 7051 MiB, 134.49 W
2026/09/23 13:34:21.148, 2, 98 %, 29 %, 7039 MiB, 136.96 W
2026/09/23 13:34:21.149, 3, 98 %, 29 %, 7031 MiB, 138.62 W
2026/09/23 13:34:22.151, 0, 95 %, 31 %, 7041 MiB, 141.51 W
2026/09/23 13:34:22.152, 1, 96 %, 31 %, 7051 MiB, 134.97 W
2026/09/23 13:34:22.153, 2, 98 %, 29 %, 7039 MiB, 137.92 W
2026/09/23 13:34:22.154, 3, 98 %, 29 %, 7031 MiB, 138.13 W
2026/09/23 13:34:23.156, 0, 96 %, 31 %, 7041 MiB, 142.48 W
2026/09/23 13:34:23.158, 1, 96 %, 30 %, 7051 MiB, 134.97 W
2026/09/23 13:34:23.160, 2, 97 %, 29 %, 7039 MiB, 137.44 W
2026/09/23 13:34:23.161, 3, 98 %, 29 %, 7031 MiB, 138.62 W
2026/09/23 13:34:24.163, 0, 96 %, 31 %, 7041 MiB, 141.51 W
2026/09/23 13:34:24.166, 1, 96 %, 29 %, 7051 MiB, 135.45 W
2026/09/23 13:34:24.167, 2, 97 %, 30 %, 7039 MiB, 138.41 W
2026/09/23 13:34:24.168, 3, 98 %, 29 %, 7031 MiB, 138.13 W
2026/09/23 13:34:25.170, 0, 97 %, 31 %, 7041 MiB, 142.48 W
2026/09/23 13:34:25.171, 1, 96 %, 29 %, 7051 MiB, 135.45 W
2026/09/23 13:34:25.172, 2, 97 %, 31 %, 7039 MiB, 138.41 W
2026/09/23 13:34:25.173, 3, 98 %, 29 %, 7031 MiB, 138.62 W
2026/09/23 13:34:26.177, 0, 97 %, 30 %, 7041 MiB, 141.99 W
2026/09/23 13:34:26.178, 1, 96 %, 29 %, 7051 MiB, 134.97 W
2026/09/23 13:34:26.179, 2, 97 %, 31 %, 7039 MiB, 136.96 W
2026/09/23 13:34:26.180, 3, 98 %, 29 %, 7031 MiB, 137.65 W
2026/09/23 13:34:27.182, 0, 97 %, 30 %, 7041 MiB, 136.78 W
2026/09/23 13:34:27.183, 1, 96 %, 29 %, 7051 MiB, 122.13 W
2026/09/23 13:34:27.184, 2, 97 %, 31 %, 7039 MiB, 127.94 W
2026/09/23 13:34:27.185, 3, 98 %, 29 %, 7031 MiB, 126.80 W
2026/09/23 13:34:28.187, 0, 97 %, 29 %, 7041 MiB, 130.10 W
2026/09/23 13:34:28.189, 1, 97 %, 29 %, 7051 MiB, 122.61 W
2026/09/23 13:34:28.190, 2, 97 %, 31 %, 7039 MiB, 128.91 W
2026/09/23 13:34:28.191, 3, 98 %, 29 %, 7031 MiB, 129.53 W
2026/09/23 13:34:29.193, 0, 97 %, 29 %, 7041 MiB, 130.10 W
2026/09/23 13:34:29.195, 1, 97 %, 29 %, 7051 MiB, 123.66 W
2026/09/23 13:34:29.196, 2, 98 %, 31 %, 7039 MiB, 126.49 W
2026/09/23 13:34:29.197, 3, 98 %, 30 %, 7031 MiB, 126.72 W
2026/09/23 13:34:30.200, 0, 97 %, 29 %, 8125 MiB, 130.59 W
2026/09/23 13:34:30.201, 1, 94 %, 29 %, 8141 MiB, 115.61 W
2026/09/23 13:34:30.203, 2, 98 %, 31 %, 7039 MiB, 115.02 W
2026/09/23 13:34:30.206, 3, 98 %, 31 %, 7031 MiB, 112.04 W
2026/09/23 13:34:31.208, 0, 96 %, 29 %, 7041 MiB, 128.65 W
2026/09/23 13:34:31.209, 1, 94 %, 29 %, 7051 MiB, 124.06 W
2026/09/23 13:34:31.210, 2, 98 %, 31 %, 7039 MiB, 125.92 W
2026/09/23 13:34:31.211, 3, 98 %, 31 %, 7031 MiB, 128.17 W
2026/09/23 13:34:32.213, 0, 97 %, 29 %, 7041 MiB, 137.74 W
2026/09/23 13:34:32.215, 1, 94 %, 30 %, 7051 MiB, 131.68 W
2026/09/23 13:34:32.216, 2, 98 %, 30 %, 7039 MiB, 134.06 W
2026/09/23 13:34:32.217, 3, 97 %, 31 %, 7031 MiB, 134.27 W
2026/09/23 13:34:33.219, 0, 41 %, 1 %, 7041 MiB, 80.70 W
2026/09/23 13:34:33.220, 1, 44 %, 1 %, 7051 MiB, 75.26 W
2026/09/23 13:34:33.221, 2, 36 %, 1 %, 7039 MiB, 76.92 W
2026/09/23 13:34:33.222, 3, 50 %, 6 %, 7031 MiB, 76.87 W
2026/09/23 13:34:34.224, 0, 49 %, 12 %, 7041 MiB, 137.65 W
2026/09/23 13:34:34.226, 1, 69 %, 18 %, 7051 MiB, 131.60 W
2026/09/23 13:34:34.227, 2, 55 %, 12 %, 7039 MiB, 133.57 W
2026/09/23 13:34:34.228, 3, 40 %, 5 %, 7031 MiB, 134.27 W
2026/09/23 13:34:35.230, 0, 97 %, 29 %, 7041 MiB, 141.03 W
2026/09/23 13:34:35.231, 1, 95 %, 31 %, 7051 MiB, 134.49 W
2026/09/23 13:34:35.232, 2, 98 %, 30 %, 7039 MiB, 136.47 W
2026/09/23 13:34:35.233, 3, 99 %, 31 %, 7031 MiB, 137.17 W
2026/09/23 13:34:36.236, 0, 97 %, 29 %, 7041 MiB, 141.51 W
2026/09/23 13:34:36.237, 1, 96 %, 31 %, 7051 MiB, 134.97 W
2026/09/23 13:34:36.238, 2, 97 %, 29 %, 7039 MiB, 137.44 W
2026/09/23 13:34:36.239, 3, 98 %, 30 %, 7031 MiB, 138.62 W
2026/09/23 13:34:37.241, 0, 95 %, 29 %, 7041 MiB, 141.51 W
2026/09/23 13:34:37.242, 1, 95 %, 31 %, 7051 MiB, 135.45 W
2026/09/23 13:34:37.243, 2, 98 %, 29 %, 7039 MiB, 137.92 W
2026/09/23 13:34:37.244, 3, 98 %, 29 %, 7031 MiB, 138.13 W
2026/09/23 13:34:38.246, 0, 95 %, 30 %, 7041 MiB, 141.99 W
2026/09/23 13:34:38.248, 1, 95 %, 31 %, 7051 MiB, 135.45 W
2026/09/23 13:34:38.249, 2, 98 %, 29 %, 7039 MiB, 138.41 W
2026/09/23 13:34:38.250, 3, 99 %, 29 %, 7031 MiB, 139.10 W
2026/09/23 13:34:39.253, 0, 95 %, 31 %, 7041 MiB, 142.48 W
2026/09/23 13:34:39.254, 1, 96 %, 31 %, 7051 MiB, 135.45 W
2026/09/23 13:34:39.255, 2, 98 %, 29 %, 7039 MiB, 138.41 W
2026/09/23 13:34:39.256, 3, 99 %, 29 %, 7031 MiB, 138.13 W
2026/09/23 13:34:40.258, 0, 96 %, 31 %, 7041 MiB, 142.48 W
2026/09/23 13:34:40.259, 1, 97 %, 31 %, 7051 MiB, 135.45 W
2026/09/23 13:34:40.260, 2, 98 %, 29 %, 7039 MiB, 137.92 W
2026/09/23 13:34:40.261, 3, 99 %, 29 %, 7031 MiB, 139.10 W
2026/09/23 13:34:41.263, 0, 96 %, 31 %, 7041 MiB, 141.99 W
2026/09/23 13:34:41.264, 1, 96 %, 30 %, 7051 MiB, 134.97 W
2026/09/23 13:34:41.266, 2, 98 %, 29 %, 7039 MiB, 137.92 W
2026/09/23 13:34:41.268, 3, 98 %, 29 %, 7031 MiB, 138.13 W
2026/09/23 13:34:42.270, 0, 95 %, 31 %, 7041 MiB, 133.97 W
2026/09/23 13:34:42.271, 1, 97 %, 29 %, 7051 MiB, 118.83 W
2026/09/23 13:34:42.272, 2, 97 %, 30 %, 7039 MiB, 124.15 W
2026/09/23 13:34:42.273, 3, 98 %, 29 %, 7031 MiB, 123.50 W
2026/09/23 13:34:43.275, 0, 96 %, 31 %, 7041 MiB, 130.59 W
2026/09/23 13:34:43.276, 1, 97 %, 29 %, 7051 MiB, 122.21 W
2026/09/23 13:34:43.277, 2, 97 %, 31 %, 7039 MiB, 128.42 W
2026/09/23 13:34:43.278, 3, 99 %, 29 %, 7031 MiB, 130.10 W
2026/09/23 13:34:44.281, 0, 97 %, 31 %, 7041 MiB, 130.10 W
2026/09/23 13:34:44.282, 1, 97 %, 29 %, 7051 MiB, 123.17 W
2026/09/23 13:34:44.284, 2, 97 %, 31 %, 7039 MiB, 126.97 W
2026/09/23 13:34:44.285, 3, 98 %, 29 %, 7031 MiB, 127.20 W
2026/09/23 13:34:45.287, 0, 97 %, 30 %, 8125 MiB, 129.13 W
2026/09/23 13:34:45.289, 1, 96 %, 29 %, 8141 MiB, 124.14 W
2026/09/23 13:34:45.290, 2, 97 %, 32 %, 7039 MiB, 121.24 W
2026/09/23 13:34:45.292, 3, 98 %, 30 %, 7031 MiB, 114.79 W
2026/09/23 13:34:46.295, 0, 97 %, 30 %, 7041 MiB, 129.13 W
2026/09/23 13:34:46.296, 1, 97 %, 29 %, 7051 MiB, 122.61 W
2026/09/23 13:34:46.297, 2, 97 %, 31 %, 7039 MiB, 126.00 W
2026/09/23 13:34:46.298, 3, 98 %, 31 %, 7031 MiB, 127.20 W
2026/09/23 13:34:47.300, 0, 97 %, 29 %, 7041 MiB, 136.68 W
2026/09/23 13:34:47.301, 1, 97 %, 29 %, 7051 MiB, 130.72 W
2026/09/23 13:34:47.302, 2, 97 %, 31 %, 7039 MiB, 133.66 W
2026/09/23 13:34:47.303, 3, 99 %, 31 %, 7031 MiB, 133.88 W
2026/09/23 13:34:48.305, 0, 97 %, 29 %, 7041 MiB, 88.96 W
2026/09/23 13:34:48.306, 1, 97 %, 29 %, 7051 MiB, 82.54 W
2026/09/23 13:34:48.308, 2, 97 %, 31 %, 7039 MiB, 84.21 W
2026/09/23 13:34:48.309, 3, 98 %, 31 %, 7031 MiB, 82.16 W
2026/09/23 13:34:49.312, 0, 41 %, 1 %, 7041 MiB, 86.04 W
2026/09/23 13:34:49.313, 1, 44 %, 1 %, 7051 MiB, 77.69 W
2026/09/23 13:34:49.316, 2, 37 %, 1 %, 7039 MiB, 76.92 W
2026/09/23 13:34:49.317, 3, 37 %, 1 %, 7031 MiB, 76.82 W
2026/09/23 13:34:50.319, 0, 97 %, 29 %, 7041 MiB, 141.03 W
2026/09/23 13:34:50.320, 1, 97 %, 29 %, 7051 MiB, 134.49 W
2026/09/23 13:34:50.321, 2, 97 %, 31 %, 7039 MiB, 136.47 W
2026/09/23 13:34:50.322, 3, 98 %, 31 %, 7031 MiB, 137.65 W
2026/09/23 13:34:51.324, 0, 97 %, 29 %, 7041 MiB, 141.51 W
2026/09/23 13:34:51.325, 1, 96 %, 29 %, 7051 MiB, 135.45 W
2026/09/23 13:34:51.326, 2, 98 %, 31 %, 7039 MiB, 137.44 W
2026/09/23 13:34:51.328, 3, 98 %, 31 %, 7031 MiB, 138.62 W
2026/09/23 13:34:52.330, 0, 97 %, 29 %, 7041 MiB, 141.99 W
2026/09/23 13:34:52.331, 1, 94 %, 29 %, 7051 MiB, 135.45 W
2026/09/23 13:34:52.332, 2, 98 %, 31 %, 7039 MiB, 138.41 W
2026/09/23 13:34:52.333, 3, 98 %, 31 %, 7031 MiB, 138.62 W
2026/09/23 13:34:53.336, 0, 97 %, 29 %, 7041 MiB, 141.99 W
2026/09/23 13:34:53.337, 1, 95 %, 30 %, 7051 MiB, 135.93 W
2026/09/23 13:34:53.338, 2, 98 %, 31 %, 7039 MiB, 137.92 W
2026/09/23 13:34:53.339, 3, 98 %, 31 %, 7031 MiB, 139.10 W
2026/09/23 13:34:54.342, 0, 96 %, 29 %, 7041 MiB, 142.38 W
2026/09/23 13:34:54.343, 1, 95 %, 31 %, 7051 MiB, 135.93 W
2026/09/23 13:34:54.346, 2, 98 %, 29 %, 7039 MiB, 138.32 W
2026/09/23 13:34:54.346, 3, 98 %, 31 %, 7031 MiB, 138.52 W
2026/09/23 13:34:55.348, 0, 97 %, 29 %, 7041 MiB, 142.96 W
2026/09/23 13:34:55.349, 1, 96 %, 31 %, 7051 MiB, 135.45 W
2026/09/23 13:34:55.350, 2, 98 %, 29 %, 7039 MiB, 137.44 W
2026/09/23 13:34:55.351, 3, 98 %, 30 %, 7031 MiB, 139.10 W
2026/09/23 13:34:56.354, 0, 95 %, 29 %, 7041 MiB, 142.48 W
2026/09/23 13:34:56.355, 1, 95 %, 31 %, 7051 MiB, 134.97 W
2026/09/23 13:34:56.356, 2, 98 %, 29 %, 7039 MiB, 137.44 W
2026/09/23 13:34:56.358, 3, 99 %, 29 %, 7031 MiB, 138.13 W
2026/09/23 13:34:57.360, 0, 95 %, 30 %, 7041 MiB, 141.51 W
2026/09/23 13:34:57.361, 1, 95 %, 31 %, 7051 MiB, 134.97 W
2026/09/23 13:34:57.362, 2, 98 %, 29 %, 7039 MiB, 137.92 W
2026/09/23 13:34:57.363, 3, 98 %, 29 %, 7031 MiB, 137.65 W
2026/09/23 13:34:58.365, 0, 96 %, 31 %, 7041 MiB, 130.10 W
2026/09/23 13:34:58.366, 1, 96 %, 31 %, 7051 MiB, 121.16 W
2026/09/23 13:34:58.368, 2, 98 %, 29 %, 7039 MiB, 129.79 W
2026/09/23 13:34:58.369, 3, 98 %, 29 %, 7031 MiB, 130.01 W
2026/09/23 13:34:59.372, 0, 96 %, 31 %, 7041 MiB, 130.10 W
2026/09/23 13:34:59.373, 1, 96 %, 31 %, 7051 MiB, 122.69 W
2026/09/23 13:34:59.375, 2, 97 %, 30 %, 7039 MiB, 126.89 W
2026/09/23 13:34:59.376, 3, 99 %, 29 %, 7031 MiB, 127.69 W
2026/09/23 13:35:00.379, 0, 97 %, 31 %, 7041 MiB, 130.10 W
2026/09/23 13:35:00.381, 1, 97 %, 31 %, 8141 MiB, 118.43 W
2026/09/23 13:35:00.383, 2, 97 %, 31 %, 8117 MiB, 123.18 W
2026/09/23 13:35:00.385, 3, 98 %, 31 %, 8103 MiB, 119.22 W
2026/09/23 13:35:01.390, 0, 97 %, 29 %, 7041 MiB, 124.87 W
2026/09/23 13:35:01.391, 1, 96 %, 30 %, 7051 MiB, 116.01 W
2026/09/23 13:35:01.392, 2, 97 %, 32 %, 7039 MiB, 114.53 W
2026/09/23 13:35:01.394, 3, 98 %, 30 %, 7031 MiB, 110.03 W
2026/09/23 13:35:02.396, 0, 97 %, 29 %, 7041 MiB, 129.62 W
2026/09/23 13:35:02.398, 1, 96 %, 29 %, 7051 MiB, 124.54 W
2026/09/23 13:35:02.399, 2, 98 %, 31 %, 7039 MiB, 129.79 W
2026/09/23 13:35:02.404, 3, 99 %, 32 %, 7031 MiB, 130.98 W
2026/09/23 13:35:03.406, 0, 97 %, 29 %, 7041 MiB, 138.71 W
2026/09/23 13:35:03.407, 1, 97 %, 29 %, 7051 MiB, 132.56 W
2026/09/23 13:35:03.408, 2, 97 %, 31 %, 7039 MiB, 134.06 W
2026/09/23 13:35:03.409, 3, 97 %, 31 %, 7031 MiB, 135.24 W
2026/09/23 13:35:04.412, 0, 41 %, 1 %, 7041 MiB, 80.70 W
2026/09/23 13:35:04.413, 1, 44 %, 1 %, 7051 MiB, 75.26 W
2026/09/23 13:35:04.414, 2, 36 %, 1 %, 7039 MiB, 76.92 W
2026/09/23 13:35:04.415, 3, 36 %, 1 %, 7031 MiB, 76.82 W
2026/09/23 13:35:05.417, 0, 96 %, 29 %, 7041 MiB, 137.26 W
2026/09/23 13:35:05.418, 1, 94 %, 30 %, 7051 MiB, 131.20 W
2026/09/23 13:35:05.419, 2, 98 %, 31 %, 7039 MiB, 132.69 W
2026/09/23 13:35:05.420, 3, 97 %, 31 %, 7031 MiB, 133.79 W
2026/09/23 13:35:06.424, 0, 97 %, 29 %, 7041 MiB, 140.06 W
2026/09/23 13:35:06.425, 1, 95 %, 31 %, 7051 MiB, 134.01 W
2026/09/23 13:35:06.426, 2, 98 %, 30 %, 7039 MiB, 135.99 W
2026/09/23 13:35:06.427, 3, 98 %, 31 %, 7031 MiB, 136.68 W
2026/09/23 13:35:07.429, 0, 97 %, 29 %, 7041 MiB, 141.51 W
2026/09/23 13:35:07.430, 1, 96 %, 31 %, 7051 MiB, 134.49 W
2026/09/23 13:35:07.431, 2, 98 %, 30 %, 7039 MiB, 136.96 W
2026/09/23 13:35:07.432, 3, 98 %, 31 %, 7031 MiB, 139.10 W
2026/09/23 13:35:08.434, 0, 97 %, 29 %, 7041 MiB, 141.51 W
2026/09/23 13:35:08.435, 1, 96 %, 31 %, 7051 MiB, 135.45 W
2026/09/23 13:35:08.436, 2, 98 %, 30 %, 7039 MiB, 137.92 W
2026/09/23 13:35:08.437, 3, 98 %, 30 %, 7031 MiB, 138.62 W
2026/09/23 13:35:09.440, 0, 97 %, 29 %, 7041 MiB, 141.99 W
2026/09/23 13:35:09.441, 1, 97 %, 31 %, 7051 MiB, 135.93 W
2026/09/23 13:35:09.442, 2, 98 %, 30 %, 7039 MiB, 138.41 W
2026/09/23 13:35:09.443, 3, 98 %, 30 %, 7031 MiB, 138.62 W
2026/09/23 13:35:10.445, 0, 95 %, 29 %, 7041 MiB, 142.48 W
2026/09/23 13:35:10.446, 1, 97 %, 30 %, 7051 MiB, 135.45 W
2026/09/23 13:35:10.447, 2, 98 %, 30 %, 7039 MiB, 137.92 W
2026/09/23 13:35:10.448, 3, 98 %, 29 %, 7031 MiB, 139.10 W
2026/09/23 13:35:11.450, 0, 95 %, 30 %, 7041 MiB, 141.99 W
2026/09/23 13:35:11.451, 1, 97 %, 30 %, 7051 MiB, 135.45 W
2026/09/23 13:35:11.452, 2, 98 %, 29 %, 7039 MiB, 138.41 W
2026/09/23 13:35:11.453, 3, 99 %, 29 %, 7031 MiB, 138.62 W
2026/09/23 13:35:12.456, 0, 95 %, 30 %, 7041 MiB, 142.96 W
2026/09/23 13:35:12.458, 1, 96 %, 29 %, 7051 MiB, 135.93 W
2026/09/23 13:35:12.459, 2, 98 %, 30 %, 7039 MiB, 138.89 W
2026/09/23 13:35:12.460, 3, 98 %, 29 %, 7031 MiB, 138.62 W
2026/09/23 13:35:13.462, 0, 95 %, 31 %, 7041 MiB, 142.96 W
2026/09/23 13:35:13.463, 1, 96 %, 29 %, 7051 MiB, 134.97 W
2026/09/23 13:35:13.465, 2, 98 %, 29 %, 7039 MiB, 137.92 W
2026/09/23 13:35:13.466, 3, 98 %, 29 %, 7031 MiB, 139.10 W
2026/09/23 13:35:14.468, 0, 96 %, 31 %, 7041 MiB, 141.99 W
2026/09/23 13:35:14.469, 1, 96 %, 29 %, 7051 MiB, 135.45 W
2026/09/23 13:35:14.471, 2, 98 %, 29 %, 7039 MiB, 137.44 W
2026/09/23 13:35:14.473, 3, 98 %, 29 %, 7031 MiB, 138.13 W
2026/09/23 13:35:15.475, 0, 96 %, 31 %, 7041 MiB, 141.99 W
2026/09/23 13:35:15.476, 1, 96 %, 29 %, 7051 MiB, 135.45 W
2026/09/23 13:35:15.477, 2, 98 %, 29 %, 7039 MiB, 137.92 W
2026/09/23 13:35:15.478, 3, 98 %, 29 %, 7031 MiB, 137.17 W
2026/09/23 13:35:16.481, 0, 95 %, 31 %, 7041 MiB, 136.78 W
2026/09/23 13:35:16.482, 1, 97 %, 29 %, 7051 MiB, 121.73 W
2026/09/23 13:35:16.483, 2, 98 %, 29 %, 7039 MiB, 127.94 W
2026/09/23 13:35:16.484, 3, 98 %, 29 %, 7031 MiB, 119.63 W
2026/09/23 13:35:17.488, 0, 96 %, 31 %, 7041 MiB, 129.62 W
2026/09/23 13:35:17.489, 1, 96 %, 29 %, 7051 MiB, 119.72 W
2026/09/23 13:35:17.490, 2, 98 %, 29 %, 7039 MiB, 129.88 W
2026/09/23 13:35:17.491, 3, 98 %, 29 %, 7031 MiB, 132.43 W
2026/09/23 13:35:18.493, 0, 97 %, 32 %, 7041 MiB, 142.48 W
2026/09/23 13:35:18.494, 1, 96 %, 29 %, 7051 MiB, 134.97 W
2026/09/23 13:35:18.495, 2, 97 %, 29 %, 7039 MiB, 137.44 W
2026/09/23 13:35:18.496, 3, 98 %, 29 %, 7031 MiB, 137.17 W
2026/09/23 13:35:19.499, 0, 41 %, 1 %, 7041 MiB, 80.70 W
2026/09/23 13:35:19.500, 1, 44 %, 1 %, 7051 MiB, 75.26 W
2026/09/23 13:35:19.501, 2, 36 %, 1 %, 7039 MiB, 76.92 W
2026/09/23 13:35:19.503, 3, 36 %, 1 %, 7031 MiB, 76.82 W
2026/09/23 13:35:20.505, 0, 22 %, 1 %, 7041 MiB, 80.70 W
2026/09/23 13:35:20.507, 1, 38 %, 2 %, 7051 MiB, 75.75 W
2026/09/23 13:35:20.508, 2, 34 %, 6 %, 7039 MiB, 77.41 W
2026/09/23 13:35:20.509, 3, 38 %, 2 %, 7031 MiB, 77.31 W
2026/09/23 13:35:21.511, 0, 39 %, 2 %, 7041 MiB, 80.70 W
2026/09/23 13:35:21.513, 1, 33 %, 2 %, 7051 MiB, 75.26 W
2026/09/23 13:35:21.514, 2, 38 %, 2 %, 7039 MiB, 76.92 W
2026/09/23 13:35:21.515, 3, 34 %, 2 %, 7031 MiB, 76.82 W
2026/09/23 13:35:22.517, 0, 39 %, 2 %, 7041 MiB, 80.70 W
2026/09/23 13:35:22.518, 1, 39 %, 2 %, 7051 MiB, 75.26 W
2026/09/23 13:35:22.519, 2, 38 %, 2 %, 7039 MiB, 76.92 W
2026/09/23 13:35:22.520, 3, 38 %, 2 %, 7031 MiB, 76.82 W
2026/09/23 13:35:23.523, 0, 95 %, 29 %, 7041 MiB, 141.99 W
2026/09/23 13:35:23.524, 1, 96 %, 30 %, 7051 MiB, 134.49 W
2026/09/23 13:35:23.525, 2, 98 %, 29 %, 7039 MiB, 136.96 W
2026/09/23 13:35:23.526, 3, 98 %, 29 %, 7031 MiB, 138.13 W
2026/09/23 13:35:24.528, 0, 95 %, 30 %, 7041 MiB, 142.48 W
2026/09/23 13:35:24.529, 1, 96 %, 29 %, 7051 MiB, 134.49 W
2026/09/23 13:35:24.530, 2, 98 %, 29 %, 7039 MiB, 137.44 W
2026/09/23 13:35:24.532, 3, 98 %, 29 %, 7031 MiB, 136.78 W
2026/09/23 13:35:25.534, 0, 94 %, 30 %, 7041 MiB, 128.65 W
2026/09/23 13:35:25.535, 1, 96 %, 29 %, 7051 MiB, 120.28 W
2026/09/23 13:35:25.538, 2, 96 %, 29 %, 7039 MiB, 129.39 W
2026/09/23 13:35:25.539, 3, 98 %, 29 %, 7031 MiB, 130.59 W
2026/09/23 13:35:26.541, 0, 95 %, 31 %, 7041 MiB, 129.62 W
2026/09/23 13:35:26.543, 1, 96 %, 29 %, 7051 MiB, 121.64 W
2026/09/23 13:35:26.544, 2, 97 %, 30 %, 7039 MiB, 126.40 W
2026/09/23 13:35:26.545, 3, 98 %, 29 %, 7031 MiB, 127.69 W
2026/09/23 13:35:27.547, 0, 96 %, 31 %, 7041 MiB, 129.62 W
2026/09/23 13:35:27.548, 1, 96 %, 29 %, 7051 MiB, 122.69 W
2026/09/23 13:35:27.550, 2, 97 %, 31 %, 7039 MiB, 125.92 W
2026/09/23 13:35:27.551, 3, 99 %, 29 %, 7031 MiB, 126.24 W
2026/09/23 13:35:28.553, 0, 95 %, 31 %, 8125 MiB, 124.39 W
2026/09/23 13:35:28.555, 1, 96 %, 29 %, 8141 MiB, 119.39 W
2026/09/23 13:35:28.556, 2, 97 %, 31 %, 8117 MiB, 124.15 W
2026/09/23 13:35:28.557, 3, 98 %, 29 %, 8103 MiB, 123.90 W
2026/09/23 13:35:29.559, 0, 95 %, 31 %, 7041 MiB, 124.39 W
2026/09/23 13:35:29.561, 1, 96 %, 29 %, 8141 MiB, 112.22 W
2026/09/23 13:35:29.562, 2, 97 %, 31 %, 7039 MiB, 116.96 W
2026/09/23 13:35:29.563, 3, 98 %, 29 %, 7031 MiB, 112.52 W
2026/09/23 13:35:30.565, 0, 95 %, 31 %, 7041 MiB, 121.57 W
2026/09/23 13:35:30.566, 1, 96 %, 29 %, 7051 MiB, 118.43 W
2026/09/23 13:35:30.568, 2, 97 %, 31 %, 7039 MiB, 122.13 W
2026/09/23 13:35:30.569, 3, 98 %, 29 %, 7031 MiB, 124.30 W
2026/09/23 13:35:31.571, 0, 95 %, 31 %, 7041 MiB, 131.46 W
2026/09/23 13:35:31.573, 1, 96 %, 29 %, 7051 MiB, 126.95 W
2026/09/23 13:35:31.574, 2, 97 %, 31 %, 7039 MiB, 129.31 W
2026/09/23 13:35:31.575, 3, 98 %, 29 %, 7031 MiB, 130.01 W
2026/09/23 13:35:32.577, 0, 95 %, 31 %, 7041 MiB, 137.26 W
2026/09/23 13:35:32.579, 1, 96 %, 29 %, 7051 MiB, 131.20 W
2026/09/23 13:35:32.580, 2, 97 %, 31 %, 7039 MiB, 133.09 W
2026/09/23 13:35:32.581, 3, 98 %, 29 %, 7031 MiB, 134.36 W
2026/09/23 13:35:33.584, 0, 96 %, 31 %, 7041 MiB, 140.55 W
2026/09/23 13:35:33.585, 1, 97 %, 29 %, 7051 MiB, 134.01 W
2026/09/23 13:35:33.587, 2, 97 %, 31 %, 7039 MiB, 135.99 W
2026/09/23 13:35:33.589, 3, 98 %, 29 %, 7031 MiB, 136.68 W
2026/09/23 13:35:34.591, 0, 97 %, 31 %, 7041 MiB, 141.99 W
2026/09/23 13:35:34.592, 1, 96 %, 29 %, 7051 MiB, 134.49 W
2026/09/23 13:35:34.593, 2, 96 %, 31 %, 7039 MiB, 136.96 W
2026/09/23 13:35:34.594, 3, 97 %, 29 %, 7031 MiB, 138.62 W
2026/09/23 13:35:35.596, 0, 97 %, 31 %, 7041 MiB, 141.99 W
2026/09/23 13:35:35.597, 1, 96 %, 29 %, 7051 MiB, 135.45 W
2026/09/23 13:35:35.598, 2, 97 %, 31 %, 7039 MiB, 137.92 W
2026/09/23 13:35:35.599, 3, 98 %, 30 %, 7031 MiB, 139.10 W
2026/09/23 13:35:36.602, 0, 96 %, 31 %, 7041 MiB, 141.99 W
2026/09/23 13:35:36.603, 1, 94 %, 28 %, 7051 MiB, 135.93 W
2026/09/23 13:35:36.604, 2, 97 %, 31 %, 7039 MiB, 138.41 W
2026/09/23 13:35:36.605, 3, 98 %, 30 %, 7031 MiB, 138.62 W
2026/09/23 13:35:37.607, 0, 41 %, 1 %, 7041 MiB, 80.70 W
2026/09/23 13:35:37.609, 1, 41 %, 1 %, 7051 MiB, 75.26 W
2026/09/23 13:35:37.610, 2, 36 %, 1 %, 7039 MiB, 76.92 W
2026/09/23 13:35:37.612, 3, 36 %, 1 %, 7031 MiB, 76.82 W
2026/09/23 13:35:38.614, 0, 96 %, 31 %, 7041 MiB, 141.99 W
2026/09/23 13:35:38.615, 1, 96 %, 29 %, 7051 MiB, 135.45 W
2026/09/23 13:35:38.616, 2, 96 %, 31 %, 7039 MiB, 137.83 W
2026/09/23 13:35:38.619, 3, 97 %, 30 %, 7031 MiB, 138.13 W
2026/09/23 13:35:39.621, 0, 96 %, 31 %, 7041 MiB, 142.38 W
2026/09/23 13:35:39.622, 1, 96 %, 29 %, 7051 MiB, 135.93 W
2026/09/23 13:35:39.623, 2, 96 %, 31 %, 7039 MiB, 137.83 W
2026/09/23 13:35:39.624, 3, 98 %, 30 %, 7031 MiB, 138.13 W
2026/09/23 13:35:40.626, 0, 97 %, 31 %, 7041 MiB, 142.48 W
2026/09/23 13:35:40.628, 1, 94 %, 29 %, 7051 MiB, 135.45 W
2026/09/23 13:35:40.630, 2, 97 %, 31 %, 7039 MiB, 138.41 W
2026/09/23 13:35:40.631, 3, 98 %, 30 %, 7031 MiB, 139.10 W
2026/09/23 13:35:41.633, 0, 96 %, 29 %, 7041 MiB, 142.48 W
2026/09/23 13:35:41.634, 1, 94 %, 29 %, 7051 MiB, 135.45 W
2026/09/23 13:35:41.635, 2, 97 %, 31 %, 7039 MiB, 138.32 W
2026/09/23 13:35:41.636, 3, 98 %, 31 %, 7031 MiB, 139.58 W
2026/09/23 13:35:42.638, 0, 97 %, 29 %, 7041 MiB, 142.48 W
2026/09/23 13:35:42.639, 1, 93 %, 29 %, 7051 MiB, 135.45 W
2026/09/23 13:35:42.640, 2, 96 %, 31 %, 7039 MiB, 138.32 W
2026/09/23 13:35:42.641, 3, 98 %, 31 %, 7031 MiB, 138.62 W
2026/09/23 13:35:43.644, 0, 97 %, 29 %, 7041 MiB, 142.96 W
2026/09/23 13:35:43.645, 1, 94 %, 29 %, 7051 MiB, 135.93 W
2026/09/23 13:35:43.646, 2, 97 %, 32 %, 7039 MiB, 138.89 W
2026/09/23 13:35:43.648, 3, 98 %, 31 %, 7031 MiB, 138.62 W
2026/09/23 13:35:44.650, 0, 97 %, 29 %, 7041 MiB, 143.92 W
2026/09/23 13:35:44.652, 1, 93 %, 30 %, 7051 MiB, 135.93 W
2026/09/23 13:35:44.653, 2, 97 %, 32 %, 7039 MiB, 138.32 W
2026/09/23 13:35:44.654, 3, 98 %, 31 %, 7031 MiB, 138.62 W
2026/09/23 13:35:45.656, 0, 96 %, 29 %, 7041 MiB, 142.96 W
2026/09/23 13:35:45.657, 1, 94 %, 30 %, 7051 MiB, 135.45 W
2026/09/23 13:35:45.659, 2, 98 %, 31 %, 7039 MiB, 138.41 W
2026/09/23 13:35:45.660, 3, 98 %, 31 %, 7031 MiB, 139.58 W
2026/09/23 13:35:46.662, 0, 97 %, 29 %, 7041 MiB, 141.99 W
2026/09/23 13:35:46.663, 1, 93 %, 30 %, 7051 MiB, 135.45 W
2026/09/23 13:35:46.664, 2, 97 %, 31 %, 7039 MiB, 137.92 W
2026/09/23 13:35:46.665, 3, 97 %, 31 %, 7031 MiB, 139.10 W
2026/09/23 13:35:47.667, 0, 97 %, 29 %, 7041 MiB, 142.48 W
2026/09/23 13:35:47.669, 1, 94 %, 30 %, 7051 MiB, 135.45 W
2026/09/23 13:35:47.670, 2, 98 %, 31 %, 7039 MiB, 137.92 W
2026/09/23 13:35:47.671, 3, 97 %, 31 %, 7031 MiB, 138.13 W
2026/09/23 13:35:48.673, 0, 96 %, 29 %, 7041 MiB, 142.48 W
2026/09/23 13:35:48.674, 1, 96 %, 29 %, 7051 MiB, 135.93 W
2026/09/23 13:35:48.675, 2, 96 %, 31 %, 7039 MiB, 137.83 W
2026/09/23 13:35:48.676, 3, 98 %, 30 %, 7031 MiB, 139.01 W
2026/09/23 13:35:49.678, 0, 97 %, 29 %, 7041 MiB, 142.96 W
2026/09/23 13:35:49.679, 1, 96 %, 29 %, 7051 MiB, 135.93 W
2026/09/23 13:35:49.680, 2, 96 %, 31 %, 7039 MiB, 138.41 W
2026/09/23 13:35:49.681, 3, 98 %, 30 %, 7031 MiB, 138.62 W
2026/09/23 13:35:50.683, 0, 97 %, 29 %, 7041 MiB, 142.96 W
2026/09/23 13:35:50.684, 1, 96 %, 29 %, 7051 MiB, 135.93 W
2026/09/23 13:35:50.685, 2, 96 %, 31 %, 7039 MiB, 138.89 W
2026/09/23 13:35:50.687, 3, 98 %, 30 %, 7031 MiB, 138.62 W
2026/09/23 13:35:51.689, 0, 97 %, 29 %, 7041 MiB, 143.92 W
2026/09/23 13:35:51.690, 1, 94 %, 29 %, 7051 MiB, 135.45 W
2026/09/23 13:35:51.691, 2, 97 %, 31 %, 7039 MiB, 138.89 W
2026/09/23 13:35:51.692, 3, 97 %, 31 %, 7031 MiB, 138.62 W
2026/09/23 13:35:52.694, 0, 41 %, 1 %, 7041 MiB, 80.70 W
2026/09/23 13:35:52.695, 1, 68 %, 13 %, 7051 MiB, 75.26 W
2026/09/23 13:35:52.696, 2, 48 %, 4 %, 7039 MiB, 76.97 W
2026/09/23 13:35:52.697, 3, 60 %, 11 %, 7031 MiB, 76.87 W
2026/09/23 13:35:53.700, 0, 27 %, 7 %, 7041 MiB, 142.38 W
2026/09/23 13:35:53.701, 1, 18 %, 5 %, 7051 MiB, 135.36 W
2026/09/23 13:35:53.702, 2, 40 %, 6 %, 7039 MiB, 138.32 W
2026/09/23 13:35:53.703, 3, 37 %, 1 %, 7031 MiB, 138.04 W
2026/09/23 13:35:54.705, 0, 97 %, 29 %, 7041 MiB, 143.35 W
2026/09/23 13:35:54.706, 1, 96 %, 29 %, 7051 MiB, 135.45 W
2026/09/23 13:35:54.707, 2, 96 %, 31 %, 7039 MiB, 138.32 W
2026/09/23 13:35:54.708, 3, 98 %, 30 %, 7031 MiB, 138.04 W
2026/09/23 13:35:55.711, 0, 97 %, 29 %, 7041 MiB, 142.86 W
2026/09/23 13:35:55.712, 1, 96 %, 29 %, 7051 MiB, 135.45 W
2026/09/23 13:35:55.713, 2, 97 %, 31 %, 7039 MiB, 138.41 W
2026/09/23 13:35:55.714, 3, 98 %, 30 %, 7031 MiB, 138.52 W
2026/09/23 13:35:56.716, 0, 96 %, 29 %, 7041 MiB, 142.38 W
2026/09/23 13:35:56.717, 1, 96 %, 29 %, 7051 MiB, 135.45 W
2026/09/23 13:35:56.720, 2, 96 %, 31 %, 7039 MiB, 137.92 W
2026/09/23 13:35:56.721, 3, 98 %, 30 %, 7031 MiB, 138.62 W
2026/09/23 13:35:57.723, 0, 96 %, 29 %, 7041 MiB, 142.48 W
2026/09/23 13:35:57.725, 1, 95 %, 29 %, 7051 MiB, 135.45 W
2026/09/23 13:35:57.726, 2, 97 %, 31 %, 7039 MiB, 136.96 W
2026/09/23 13:35:57.727, 3, 97 %, 31 %, 7031 MiB, 138.13 W
2026/09/23 13:35:58.729, 0, 96 %, 29 %, 7041 MiB, 141.99 W
2026/09/23 13:35:58.731, 1, 94 %, 29 %, 7051 MiB, 134.97 W
2026/09/23 13:35:58.732, 2, 97 %, 31 %, 7039 MiB, 137.92 W
2026/09/23 13:35:58.733, 3, 97 %, 31 %, 7031 MiB, 137.65 W
2026/09/23 13:35:59.735, 0, 96 %, 29 %, 7041 MiB, 142.96 W
2026/09/23 13:35:59.736, 1, 93 %, 29 %, 7051 MiB, 135.45 W
2026/09/23 13:35:59.738, 2, 97 %, 31 %, 7039 MiB, 137.44 W
2026/09/23 13:35:59.739, 3, 98 %, 31 %, 7031 MiB, 138.22 W
2026/09/23 13:36:00.741, 0, 97 %, 29 %, 7041 MiB, 143.44 W
2026/09/23 13:36:00.742, 1, 94 %, 29 %, 7051 MiB, 128.40 W
2026/09/23 13:36:00.743, 2, 96 %, 31 %, 7039 MiB, 135.11 W
2026/09/23 13:36:00.745, 3, 97 %, 31 %, 7031 MiB, 133.97 W
2026/09/23 13:36:01.747, 0, 96 %, 29 %, 7041 MiB, 132.91 W
2026/09/23 13:36:01.748, 1, 94 %, 29 %, 7051 MiB, 113.60 W
2026/09/23 13:36:01.750, 2, 97 %, 31 %, 7039 MiB, 121.24 W
2026/09/23 13:36:01.751, 3, 98 %, 31 %, 7031 MiB, 118.66 W
2026/09/23 13:36:02.754, 0, 97 %, 29 %, 7041 MiB, 132.91 W
2026/09/23 13:36:02.755, 1, 94 %, 29 %, 7051 MiB, 118.83 W
2026/09/23 13:36:02.756, 2, 97 %, 31 %, 7039 MiB, 127.46 W
2026/09/23 13:36:02.757, 3, 98 %, 31 %, 7031 MiB, 124.47 W
2026/09/23 13:36:03.759, 0, 97 %, 29 %, 7041 MiB, 130.59 W
2026/09/23 13:36:03.760, 1, 95 %, 29 %, 7051 MiB, 118.83 W
2026/09/23 13:36:03.761, 2, 96 %, 31 %, 7039 MiB, 126.00 W
2026/09/23 13:36:03.762, 3, 98 %, 31 %, 7031 MiB, 124.47 W
2026/09/23 13:36:04.765, 0, 97 %, 29 %, 7041 MiB, 134.36 W
2026/09/23 13:36:04.766, 1, 96 %, 29 %, 7051 MiB, 121.64 W
2026/09/23 13:36:04.767, 2, 96 %, 31 %, 7039 MiB, 127.94 W
2026/09/23 13:36:04.768, 3, 97 %, 31 %, 7031 MiB, 128.25 W
2026/09/23 13:36:05.770, 0, 97 %, 29 %, 7041 MiB, 136.29 W
2026/09/23 13:36:05.771, 1, 96 %, 29 %, 7051 MiB, 119.80 W
2026/09/23 13:36:05.772, 2, 96 %, 31 %, 7039 MiB, 128.91 W
2026/09/23 13:36:05.774, 3, 97 %, 31 %, 7031 MiB, 128.74 W
2026/09/23 13:36:06.776, 0, 96 %, 29 %, 7041 MiB, 132.91 W
2026/09/23 13:36:06.777, 1, 96 %, 29 %, 7051 MiB, 113.60 W
2026/09/23 13:36:06.780, 2, 96 %, 31 %, 7039 MiB, 115.99 W
2026/09/23 13:36:06.782, 3, 98 %, 31 %, 7031 MiB, 115.83 W
2026/09/23 13:36:07.785, 0, 97 %, 29 %, 7041 MiB, 136.17 W
2026/09/23 13:36:07.786, 1, 96 %, 29 %, 7051 MiB, 121.97 W
2026/09/23 13:36:07.787, 2, 96 %, 31 %, 7039 MiB, 127.88 W
2026/09/23 13:36:07.788, 3, 98 %, 30 %, 7031 MiB, 124.71 W
2026/09/23 13:36:08.791, 0, 41 %, 1 %, 7041 MiB, 80.86 W
2026/09/23 13:36:08.792, 1, 41 %, 1 %, 7051 MiB, 74.93 W
2026/09/23 13:36:08.794, 2, 36 %, 1 %, 7039 MiB, 77.12 W
2026/09/23 13:36:08.796, 3, 36 %, 1 %, 7031 MiB, 76.97 W
2026/09/23 13:36:09.798, 0, 96 %, 29 %, 7041 MiB, 141.40 W
2026/09/23 13:36:09.799, 1, 96 %, 29 %, 7051 MiB, 135.33 W
2026/09/23 13:36:09.800, 2, 98 %, 32 %, 7039 MiB, 137.41 W
2026/09/23 13:36:09.803, 3, 98 %, 29 %, 7031 MiB, 137.53 W
2026/09/23 13:36:10.805, 0, 97 %, 29 %, 7041 MiB, 142.37 W
2026/09/23 13:36:10.806, 1, 93 %, 29 %, 7051 MiB, 134.84 W
2026/09/23 13:36:10.807, 2, 98 %, 31 %, 7039 MiB, 137.41 W
2026/09/23 13:36:10.808, 3, 98 %, 29 %, 7031 MiB, 137.53 W
2026/09/23 13:36:11.810, 0, 96 %, 29 %, 7041 MiB, 143.34 W
2026/09/23 13:36:11.811, 1, 93 %, 30 %, 7051 MiB, 132.03 W
2026/09/23 13:36:11.812, 2, 98 %, 30 %, 7039 MiB, 137.90 W
2026/09/23 13:36:11.813, 3, 98 %, 29 %, 7031 MiB, 138.11 W
2026/09/23 13:36:12.815, 0, 97 %, 29 %, 7041 MiB, 135.69 W
2026/09/23 13:36:12.816, 1, 94 %, 31 %, 7051 MiB, 122.05 W
2026/09/23 13:36:12.818, 2, 97 %, 29 %, 7039 MiB, 128.76 W
2026/09/23 13:36:12.819, 3, 98 %, 29 %, 7031 MiB, 127.06 W
2026/09/23 13:36:13.821, 0, 96 %, 29 %, 7041 MiB, 140.04 W
2026/09/23 13:36:13.822, 1, 94 %, 31 %, 7051 MiB, 123.42 W
2026/09/23 13:36:13.823, 2, 98 %, 30 %, 7039 MiB, 130.71 W
2026/09/23 13:36:13.824, 3, 98 %, 29 %, 7031 MiB, 129.08 W
2026/09/23 13:36:14.827, 0, 97 %, 29 %, 7041 MiB, 139.95 W
2026/09/23 13:36:14.828, 1, 94 %, 31 %, 7051 MiB, 124.87 W
2026/09/23 13:36:14.829, 2, 98 %, 30 %, 7039 MiB, 134.01 W
2026/09/23 13:36:14.830, 3, 98 %, 30 %, 7031 MiB, 132.87 W
2026/09/23 13:36:15.832, 0, 96 %, 29 %, 7041 MiB, 140.04 W
2026/09/23 13:36:15.833, 1, 94 %, 31 %, 7051 MiB, 124.87 W
2026/09/23 13:36:15.834, 2, 98 %, 30 %, 7039 MiB, 131.68 W
2026/09/23 13:36:15.835, 3, 98 %, 30 %, 7031 MiB, 130.45 W
2026/09/23 13:36:16.837, 0, 96 %, 29 %, 7041 MiB, 137.14 W
2026/09/23 13:36:16.838, 1, 94 %, 30 %, 7051 MiB, 125.35 W
2026/09/23 13:36:16.839, 2, 98 %, 30 %, 7039 MiB, 133.13 W
2026/09/23 13:36:16.840, 3, 98 %, 30 %, 7031 MiB, 129.08 W
2026/09/23 13:36:17.842, 0, 96 %, 29 %, 7041 MiB, 143.92 W
2026/09/23 13:36:17.844, 1, 94 %, 31 %, 7051 MiB, 128.25 W
2026/09/23 13:36:17.845, 2, 98 %, 30 %, 7039 MiB, 134.01 W
2026/09/23 13:36:17.846, 3, 98 %, 30 %, 7031 MiB, 135.29 W
2026/09/23 13:36:18.848, 0, 96 %, 29 %, 7041 MiB, 141.89 W
2026/09/23 13:36:18.849, 1, 96 %, 31 %, 7051 MiB, 134.84 W
2026/09/23 13:36:18.850, 2, 98 %, 30 %, 7039 MiB, 137.90 W
2026/09/23 13:36:18.851, 3, 98 %, 31 %, 7031 MiB, 138.01 W
2026/09/23 13:36:19.853, 0, 96 %, 29 %, 7041 MiB, 141.89 W
2026/09/23 13:36:19.855, 1, 96 %, 31 %, 7051 MiB, 135.33 W
2026/09/23 13:36:19.856, 2, 98 %, 30 %, 7039 MiB, 137.90 W
2026/09/23 13:36:19.857, 3, 98 %, 31 %, 7031 MiB, 138.01 W
2026/09/23 13:36:20.860, 0, 97 %, 29 %, 7041 MiB, 141.89 W
2026/09/23 13:36:20.861, 1, 96 %, 31 %, 7051 MiB, 135.33 W
2026/09/23 13:36:20.862, 2, 98 %, 30 %, 7039 MiB, 137.41 W
2026/09/23 13:36:20.863, 3, 98 %, 31 %, 7031 MiB, 137.53 W
2026/09/23 13:36:21.865, 0, 97 %, 29 %, 7041 MiB, 141.89 W
2026/09/23 13:36:21.866, 1, 96 %, 31 %, 7051 MiB, 135.33 W
2026/09/23 13:36:21.867, 2, 97 %, 30 %, 7039 MiB, 137.90 W
2026/09/23 13:36:21.868, 3, 98 %, 31 %, 7031 MiB, 138.01 W
2026/09/23 13:36:22.870, 0, 96 %, 29 %, 7041 MiB, 142.85 W
2026/09/23 13:36:22.871, 1, 96 %, 31 %, 7051 MiB, 135.33 W
2026/09/23 13:36:22.872, 2, 98 %, 30 %, 7039 MiB, 137.90 W
2026/09/23 13:36:22.873, 3, 98 %, 31 %, 7031 MiB, 138.11 W
2026/09/23 13:36:23.876, 0, 42 %, 1 %, 7041 MiB, 80.86 W
2026/09/23 13:36:23.877, 1, 41 %, 1 %, 7051 MiB, 75.41 W
2026/09/23 13:36:23.878, 2, 36 %, 1 %, 7039 MiB, 77.12 W
2026/09/23 13:36:23.879, 3, 36 %, 1 %, 7031 MiB, 76.97 W
2026/09/23 13:36:24.881, 0, 97 %, 29 %, 7041 MiB, 140.92 W
2026/09/23 13:36:24.883, 1, 68 %, 18 %, 7051 MiB, 134.84 W
2026/09/23 13:36:24.884, 2, 97 %, 30 %, 7039 MiB, 137.32 W
2026/09/23 13:36:24.886, 3, 97 %, 32 %, 7031 MiB, 138.01 W
2026/09/23 13:36:25.888, 0, 97 %, 29 %, 7041 MiB, 141.40 W
2026/09/23 13:36:25.889, 1, 93 %, 30 %, 7051 MiB, 134.84 W
2026/09/23 13:36:25.890, 2, 97 %, 31 %, 7039 MiB, 137.90 W
2026/09/23 13:36:25.891, 3, 98 %, 31 %, 7031 MiB, 138.01 W
2026/09/23 13:36:26.893, 0, 96 %, 29 %, 7041 MiB, 141.89 W
2026/09/23 13:36:26.894, 1, 94 %, 30 %, 7051 MiB, 134.84 W
2026/09/23 13:36:26.897, 2, 98 %, 31 %, 7039 MiB, 137.41 W
2026/09/23 13:36:26.898, 3, 96 %, 31 %, 7031 MiB, 138.01 W
2026/09/23 13:36:27.900, 0, 97 %, 29 %, 7041 MiB, 141.40 W
2026/09/23 13:36:27.901, 1, 93 %, 30 %, 7051 MiB, 135.33 W
2026/09/23 13:36:27.902, 2, 97 %, 31 %, 7039 MiB, 137.41 W
2026/09/23 13:36:27.903, 3, 97 %, 31 %, 7031 MiB, 138.01 W
2026/09/23 13:36:28.905, 0, 96 %, 29 %, 7041 MiB, 141.89 W
2026/09/23 13:36:28.906, 1, 94 %, 30 %, 7051 MiB, 134.84 W
2026/09/23 13:36:28.907, 2, 98 %, 32 %, 7039 MiB, 137.41 W
2026/09/23 13:36:28.908, 3, 97 %, 31 %, 7031 MiB, 137.53 W
2026/09/23 13:36:29.911, 0, 96 %, 29 %, 7041 MiB, 142.37 W
2026/09/23 13:36:29.913, 1, 94 %, 29 %, 7051 MiB, 134.84 W
2026/09/23 13:36:29.914, 2, 98 %, 32 %, 7039 MiB, 137.90 W
2026/09/23 13:36:29.915, 3, 97 %, 31 %, 7031 MiB, 137.53 W
2026/09/23 13:36:30.917, 0, 96 %, 29 %, 7041 MiB, 142.37 W
2026/09/23 13:36:30.918, 1, 93 %, 29 %, 7051 MiB, 135.42 W
2026/09/23 13:36:30.919, 2, 98 %, 32 %, 7039 MiB, 137.41 W
2026/09/23 13:36:30.920, 3, 97 %, 31 %, 7031 MiB, 137.62 W
2026/09/23 13:36:31.922, 0, 96 %, 29 %, 7041 MiB, 143.34 W
2026/09/23 13:36:31.923, 1, 93 %, 29 %, 7051 MiB, 130.10 W
2026/09/23 13:36:31.926, 2, 98 %, 32 %, 7039 MiB, 137.99 W
2026/09/23 13:36:31.927, 3, 97 %, 31 %, 7031 MiB, 137.14 W
2026/09/23 13:36:32.929, 0, 96 %, 29 %, 7041 MiB, 142.85 W
2026/09/23 13:36:32.930, 1, 94 %, 29 %, 7051 MiB, 131.55 W
2026/09/23 13:36:32.931, 2, 98 %, 32 %, 7039 MiB, 137.90 W
2026/09/23 13:36:32.932, 3, 97 %, 31 %, 7031 MiB, 137.14 W
2026/09/23 13:36:33.934, 0, 97 %, 29 %, 7041 MiB, 142.85 W
2026/09/23 13:36:33.935, 1, 93 %, 29 %, 7051 MiB, 131.55 W
2026/09/23 13:36:33.936, 2, 98 %, 31 %, 7039 MiB, 137.41 W
2026/09/23 13:36:33.937, 3, 96 %, 31 %, 7031 MiB, 137.71 W
2026/09/23 13:36:34.940, 0, 97 %, 29 %, 7041 MiB, 142.85 W
2026/09/23 13:36:34.941, 1, 94 %, 29 %, 7051 MiB, 134.93 W
2026/09/23 13:36:34.942, 2, 96 %, 31 %, 7039 MiB, 137.41 W
2026/09/23 13:36:34.943, 3, 97 %, 31 %, 7031 MiB, 137.14 W
2026/09/23 13:36:35.945, 0, 96 %, 29 %, 7041 MiB, 142.85 W
2026/09/23 13:36:35.946, 1, 96 %, 29 %, 7051 MiB, 132.03 W
2026/09/23 13:36:35.947, 2, 96 %, 31 %, 7039 MiB, 130.71 W
2026/09/23 13:36:35.951, 3, 97 %, 31 %, 7031 MiB, 128.11 W
2026/09/23 13:36:36.954, 0, 97 %, 29 %, 7041 MiB, 143.34 W
2026/09/23 13:36:36.955, 1, 96 %, 29 %, 7051 MiB, 133.48 W
2026/09/23 13:36:36.956, 2, 96 %, 31 %, 7039 MiB, 137.41 W
2026/09/23 13:36:36.957, 3, 97 %, 31 %, 7031 MiB, 137.62 W
2026/09/23 13:36:37.959, 0, 97 %, 29 %, 7041 MiB, 142.48 W
2026/09/23 13:36:37.960, 1, 96 %, 29 %, 7051 MiB, 134.97 W
2026/09/23 13:36:37.961, 2, 96 %, 31 %, 7039 MiB, 137.44 W
2026/09/23 13:36:37.962, 3, 97 %, 31 %, 7031 MiB, 137.17 W
2026/09/23 13:36:38.965, 0, 97 %, 29 %, 7041 MiB, 143.92 W
2026/09/23 13:36:38.966, 1, 96 %, 29 %, 7051 MiB, 132.08 W
2026/09/23 13:36:38.967, 2, 96 %, 31 %, 7039 MiB, 137.92 W
2026/09/23 13:36:38.968, 3, 98 %, 31 %, 7031 MiB, 137.74 W
2026/09/23 13:36:39.970, 0, 41 %, 1 %, 7041 MiB, 80.22 W
2026/09/23 13:36:39.971, 1, 44 %, 1 %, 7051 MiB, 74.78 W
2026/09/23 13:36:39.972, 2, 36 %, 1 %, 7039 MiB, 76.92 W
2026/09/23 13:36:39.973, 3, 36 %, 1 %, 7031 MiB, 76.82 W
2026/09/23 13:36:40.975, 0, 96 %, 30 %, 7041 MiB, 142.48 W
2026/09/23 13:36:40.976, 1, 96 %, 29 %, 7051 MiB, 135.45 W
2026/09/23 13:36:40.978, 2, 96 %, 31 %, 7039 MiB, 137.44 W
2026/09/23 13:36:40.979, 3, 98 %, 31 %, 7031 MiB, 137.65 W
2026/09/23 13:36:41.981, 0, 96 %, 30 %, 7041 MiB, 141.99 W
2026/09/23 13:36:41.982, 1, 96 %, 29 %, 7051 MiB, 134.97 W
2026/09/23 13:36:41.983, 2, 97 %, 31 %, 7039 MiB, 137.44 W
2026/09/23 13:36:41.984, 3, 97 %, 31 %, 7031 MiB, 137.65 W
2026/09/23 13:36:42.988, 0, 97 %, 31 %, 7041 MiB, 141.99 W
2026/09/23 13:36:42.989, 1, 96 %, 29 %, 7051 MiB, 134.97 W
2026/09/23 13:36:42.990, 2, 97 %, 31 %, 7039 MiB, 137.44 W
2026/09/23 13:36:42.991, 3, 98 %, 31 %, 7031 MiB, 138.13 W
2026/09/23 13:36:43.993, 0, 96 %, 31 %, 7041 MiB, 142.48 W
2026/09/23 13:36:43.994, 1, 96 %, 29 %, 7051 MiB, 134.97 W
2026/09/23 13:36:43.995, 2, 97 %, 32 %, 7039 MiB, 137.92 W
2026/09/23 13:36:43.998, 3, 98 %, 31 %, 7031 MiB, 138.13 W
2026/09/23 13:36:45.000, 0, 97 %, 31 %, 7041 MiB, 142.48 W
2026/09/23 13:36:45.001, 1, 96 %, 29 %, 7051 MiB, 134.97 W
2026/09/23 13:36:45.002, 2, 98 %, 32 %, 7039 MiB, 137.92 W
2026/09/23 13:36:45.003, 3, 98 %, 30 %, 7031 MiB, 137.65 W
2026/09/23 13:36:46.005, 0, 96 %, 31 %, 7041 MiB, 142.48 W
2026/09/23 13:36:46.007, 1, 96 %, 29 %, 7051 MiB, 134.97 W
2026/09/23 13:36:46.008, 2, 97 %, 31 %, 7039 MiB, 137.92 W
2026/09/23 13:36:46.009, 3, 98 %, 30 %, 7031 MiB, 138.13 W
2026/09/23 13:36:47.011, 0, 96 %, 31 %, 7041 MiB, 142.48 W
2026/09/23 13:36:47.012, 1, 96 %, 29 %, 7051 MiB, 135.45 W
2026/09/23 13:36:47.013, 2, 96 %, 31 %, 7039 MiB, 137.44 W
2026/09/23 13:36:47.014, 3, 98 %, 30 %, 7031 MiB, 138.13 W
2026/09/23 13:36:48.017, 0, 96 %, 32 %, 7041 MiB, 142.48 W
2026/09/23 13:36:48.018, 1, 96 %, 29 %, 7051 MiB, 135.45 W
2026/09/23 13:36:48.019, 2, 96 %, 31 %, 7039 MiB, 137.92 W
2026/09/23 13:36:48.020, 3, 98 %, 30 %, 7031 MiB, 138.13 W
2026/09/23 13:36:49.022, 0, 95 %, 31 %, 7041 MiB, 143.44 W
2026/09/23 13:36:49.024, 1, 96 %, 29 %, 7051 MiB, 134.97 W
2026/09/23 13:36:49.025, 2, 96 %, 30 %, 7039 MiB, 137.92 W
2026/09/23 13:36:49.026, 3, 98 %, 29 %, 7031 MiB, 139.10 W
2026/09/23 13:36:50.028, 0, 94 %, 31 %, 7041 MiB, 142.96 W
2026/09/23 13:36:50.029, 1, 96 %, 29 %, 7051 MiB, 135.45 W
2026/09/23 13:36:50.030, 2, 96 %, 30 %, 7039 MiB, 137.92 W
2026/09/23 13:36:50.031, 3, 98 %, 29 %, 7031 MiB, 139.10 W
2026/09/23 13:36:51.033, 0, 95 %, 31 %, 7041 MiB, 143.35 W
2026/09/23 13:36:51.034, 1, 96 %, 29 %, 7051 MiB, 135.93 W
2026/09/23 13:36:51.035, 2, 97 %, 30 %, 7039 MiB, 138.41 W
2026/09/23 13:36:51.036, 3, 98 %, 29 %, 7031 MiB, 139.10 W
2026/09/23 13:36:52.038, 0, 94 %, 31 %, 7041 MiB, 144.41 W
2026/09/23 13:36:52.039, 1, 96 %, 29 %, 7051 MiB, 135.93 W
2026/09/23 13:36:52.041, 2, 98 %, 30 %, 7039 MiB, 138.89 W
2026/09/23 13:36:52.042, 3, 98 %, 29 %, 7031 MiB, 138.62 W
2026/09/23 13:36:53.044, 0, 95 %, 31 %, 7041 MiB, 144.31 W
2026/09/23 13:36:53.045, 1, 96 %, 29 %, 7051 MiB, 135.93 W
2026/09/23 13:36:53.046, 2, 98 %, 30 %, 7039 MiB, 138.89 W
2026/09/23 13:36:53.047, 3, 98 %, 29 %, 7031 MiB, 138.62 W
2026/09/23 13:36:54.050, 0, 96 %, 31 %, 7041 MiB, 144.31 W
2026/09/23 13:36:54.051, 1, 96 %, 29 %, 7051 MiB, 136.41 W
2026/09/23 13:36:54.052, 2, 98 %, 30 %, 7039 MiB, 138.80 W
2026/09/23 13:36:54.053, 3, 98 %, 29 %, 7031 MiB, 139.10 W
2026/09/23 13:36:55.055, 0, 42 %, 1 %, 7041 MiB, 80.70 W
2026/09/23 13:36:55.057, 1, 41 %, 1 %, 7051 MiB, 75.26 W
2026/09/23 13:36:55.058, 2, 37 %, 1 %, 7039 MiB, 76.92 W
2026/09/23 13:36:55.059, 3, 37 %, 1 %, 7031 MiB, 76.82 W
2026/09/23 13:36:56.061, 0, 95 %, 31 %, 7041 MiB, 142.86 W
2026/09/23 13:36:56.062, 1, 96 %, 29 %, 7051 MiB, 135.93 W
2026/09/23 13:36:56.063, 2, 98 %, 30 %, 7039 MiB, 138.32 W
2026/09/23 13:36:56.064, 3, 98 %, 29 %, 7031 MiB, 138.52 W
2026/09/23 13:36:57.066, 0, 94 %, 30 %, 7041 MiB, 142.96 W
2026/09/23 13:36:57.067, 1, 96 %, 30 %, 7051 MiB, 135.93 W
2026/09/23 13:36:57.068, 2, 98 %, 30 %, 7039 MiB, 138.41 W
2026/09/23 13:36:57.069, 3, 98 %, 29 %, 7031 MiB, 139.10 W
2026/09/23 13:36:58.071, 0, 94 %, 30 %, 7041 MiB, 142.96 W
2026/09/23 13:36:58.073, 1, 96 %, 30 %, 7051 MiB, 136.41 W
2026/09/23 13:36:58.075, 2, 98 %, 30 %, 7039 MiB, 138.41 W
2026/09/23 13:36:58.077, 3, 98 %, 29 %, 7031 MiB, 139.10 W
2026/09/23 13:36:59.080, 0, 94 %, 30 %, 7041 MiB, 142.96 W
2026/09/23 13:36:59.081, 1, 96 %, 30 %, 7051 MiB, 135.93 W
2026/09/23 13:36:59.082, 2, 98 %, 30 %, 7039 MiB, 138.89 W
2026/09/23 13:36:59.083, 3, 98 %, 29 %, 7031 MiB, 139.10 W
2026/09/23 13:37:00.085, 0, 94 %, 29 %, 7041 MiB, 142.96 W
2026/09/23 13:37:00.086, 1, 96 %, 31 %, 7051 MiB, 135.93 W
2026/09/23 13:37:00.087, 2, 97 %, 30 %, 7039 MiB, 138.41 W
2026/09/23 13:37:00.088, 3, 98 %, 29 %, 7031 MiB, 139.10 W
2026/09/23 13:37:01.091, 0, 94 %, 29 %, 7041 MiB, 142.96 W
2026/09/23 13:37:01.092, 1, 96 %, 31 %, 7051 MiB, 135.93 W
2026/09/23 13:37:01.093, 2, 97 %, 30 %, 7039 MiB, 137.92 W
2026/09/23 13:37:01.094, 3, 98 %, 29 %, 7031 MiB, 139.58 W
2026/09/23 13:37:02.096, 0, 95 %, 29 %, 7041 MiB, 142.96 W
2026/09/23 13:37:02.097, 1, 96 %, 31 %, 7051 MiB, 135.93 W
2026/09/23 13:37:02.098, 2, 98 %, 30 %, 7039 MiB, 137.92 W
2026/09/23 13:37:02.099, 3, 98 %, 29 %, 7031 MiB, 139.58 W
2026/09/23 13:37:03.101, 0, 96 %, 29 %, 7041 MiB, 142.86 W
2026/09/23 13:37:03.102, 1, 96 %, 31 %, 7051 MiB, 135.93 W
2026/09/23 13:37:03.103, 2, 97 %, 30 %, 7039 MiB, 137.92 W
2026/09/23 13:37:03.104, 3, 98 %, 30 %, 7031 MiB, 139.58 W
2026/09/23 13:37:04.107, 0, 96 %, 30 %, 7041 MiB, 143.35 W
2026/09/23 13:37:04.108, 1, 95 %, 31 %, 7051 MiB, 135.93 W
2026/09/23 13:37:04.109, 2, 98 %, 30 %, 7039 MiB, 137.92 W
2026/09/23 13:37:04.110, 3, 98 %, 30 %, 7031 MiB, 139.01 W
2026/09/23 13:37:05.112, 0, 97 %, 30 %, 7041 MiB, 143.44 W
2026/09/23 13:37:05.113, 1, 94 %, 31 %, 7051 MiB, 136.41 W
2026/09/23 13:37:05.114, 2, 97 %, 30 %, 7039 MiB, 138.89 W
2026/09/23 13:37:05.115, 3, 98 %, 30 %, 7031 MiB, 138.62 W
2026/09/23 13:37:06.118, 0, 97 %, 30 %, 7041 MiB, 143.35 W
2026/09/23 13:37:06.119, 1, 94 %, 31 %, 7051 MiB, 136.41 W
2026/09/23 13:37:06.120, 2, 97 %, 30 %, 7039 MiB, 138.41 W
2026/09/23 13:37:06.121, 3, 98 %, 31 %, 7031 MiB, 138.62 W
2026/09/23 13:37:07.123, 0, 96 %, 29 %, 7041 MiB, 142.48 W
2026/09/23 13:37:07.124, 1, 94 %, 31 %, 7051 MiB, 136.41 W
2026/09/23 13:37:07.125, 2, 97 %, 30 %, 7039 MiB, 138.89 W
2026/09/23 13:37:07.126, 3, 98 %, 31 %, 7031 MiB, 139.10 W
2026/09/23 13:37:08.128, 0, 96 %, 29 %, 7041 MiB, 141.90 W
2026/09/23 13:37:08.129, 1, 94 %, 31 %, 7051 MiB, 136.41 W
2026/09/23 13:37:08.130, 2, 97 %, 31 %, 7039 MiB, 138.41 W
2026/09/23 13:37:08.131, 3, 98 %, 29 %, 7031 MiB, 138.62 W
2026/09/23 13:37:09.133, 0, 96 %, 29 %, 7041 MiB, 142.48 W
2026/09/23 13:37:09.134, 1, 95 %, 31 %, 7051 MiB, 135.93 W
2026/09/23 13:37:09.136, 2, 97 %, 31 %, 7039 MiB, 138.41 W
2026/09/23 13:37:09.137, 3, 98 %, 30 %, 7031 MiB, 139.10 W
2026/09/23 13:37:10.139, 0, 96 %, 29 %, 7041 MiB, 84.16 W
2026/09/23 13:37:10.140, 1, 96 %, 31 %, 7051 MiB, 77.74 W
2026/09/23 13:37:10.143, 2, 97 %, 32 %, 7039 MiB, 79.40 W
2026/09/23 13:37:10.144, 3, 93 %, 25 %, 7031 MiB, 78.82 W
2026/09/23 13:37:11.147, 0, 45 %, 1 %, 7041 MiB, 80.70 W
2026/09/23 13:37:11.148, 1, 41 %, 1 %, 7051 MiB, 76.24 W
2026/09/23 13:37:11.150, 2, 36 %, 1 %, 7039 MiB, 76.92 W
2026/09/23 13:37:11.151, 3, 36 %, 1 %, 7031 MiB, 76.87 W
2026/09/23 13:37:12.157, 0, 97 %, 29 %, 7041 MiB, 141.51 W
2026/09/23 13:37:12.158, 1, 93 %, 30 %, 7051 MiB, 134.97 W
2026/09/23 13:37:12.159, 2, 97 %, 31 %, 7039 MiB, 137.44 W
2026/09/23 13:37:12.160, 3, 98 %, 30 %, 7031 MiB, 139.10 W
2026/09/23 13:37:13.166, 0, 96 %, 29 %, 7041 MiB, 141.99 W
2026/09/23 13:37:13.168, 1, 93 %, 29 %, 7051 MiB, 135.45 W
2026/09/23 13:37:13.169, 2, 97 %, 31 %, 7039 MiB, 137.92 W
2026/09/23 13:37:13.170, 3, 98 %, 31 %, 7031 MiB, 139.10 W
2026/09/23 13:37:14.172, 0, 96 %, 30 %, 7041 MiB, 141.99 W
2026/09/23 13:37:14.173, 1, 93 %, 29 %, 7051 MiB, 134.97 W
2026/09/23 13:37:14.174, 2, 98 %, 31 %, 7039 MiB, 137.92 W
2026/09/23 13:37:14.176, 3, 98 %, 31 %, 7031 MiB, 139.10 W
2026/09/23 13:37:15.178, 0, 96 %, 29 %, 7041 MiB, 141.99 W
2026/09/23 13:37:15.179, 1, 93 %, 30 %, 7051 MiB, 134.97 W
2026/09/23 13:37:15.180, 2, 96 %, 31 %, 7039 MiB, 137.44 W
2026/09/23 13:37:15.181, 3, 98 %, 29 %, 7031 MiB, 139.10 W
2026/09/23 13:37:16.184, 0, 94 %, 30 %, 7041 MiB, 141.99 W
2026/09/23 13:37:16.185, 1, 93 %, 30 %, 7051 MiB, 134.49 W
2026/09/23 13:37:16.186, 2, 97 %, 32 %, 7039 MiB, 136.96 W
2026/09/23 13:37:16.187, 3, 98 %, 29 %, 7031 MiB, 138.62 W
2026/09/23 13:37:17.189, 0, 94 %, 30 %, 7041 MiB, 141.03 W
2026/09/23 13:37:17.190, 1, 94 %, 31 %, 7051 MiB, 134.49 W
2026/09/23 13:37:17.191, 2, 98 %, 30 %, 7039 MiB, 136.47 W
2026/09/23 13:37:17.192, 3, 98 %, 29 %, 7031 MiB, 137.65 W
2026/09/23 13:37:18.194, 0, 96 %, 30 %, 7041 MiB, 134.36 W
2026/09/23 13:37:18.195, 1, 93 %, 30 %, 7051 MiB, 127.83 W
2026/09/23 13:37:18.197, 2, 97 %, 30 %, 7039 MiB, 130.27 W
2026/09/23 13:37:18.198, 3, 98 %, 30 %, 7031 MiB, 131.46 W
2026/09/23 13:37:19.200, 0, 96 %, 29 %, 7041 MiB, 131.07 W
2026/09/23 13:37:19.201, 1, 95 %, 31 %, 7051 MiB, 126.95 W
2026/09/23 13:37:19.203, 2, 98 %, 30 %, 7039 MiB, 129.88 W
2026/09/23 13:37:19.204, 3, 98 %, 31 %, 7031 MiB, 130.50 W
2026/09/23 13:37:20.207, 0, 96 %, 30 %, 7041 MiB, 128.65 W
2026/09/23 13:37:20.208, 1, 94 %, 31 %, 7051 MiB, 123.09 W
2026/09/23 13:37:20.209, 2, 97 %, 30 %, 7039 MiB, 126.89 W
2026/09/23 13:37:20.210, 3, 98 %, 31 %, 7031 MiB, 129.13 W
2026/09/23 13:37:21.212, 0, 96 %, 29 %, 7041 MiB, 123.90 W
2026/09/23 13:37:21.213, 1, 93 %, 30 %, 7051 MiB, 110.77 W
2026/09/23 13:37:21.214, 2, 98 %, 30 %, 7039 MiB, 113.56 W
2026/09/23 13:37:21.215, 3, 97 %, 31 %, 7031 MiB, 111.96 W
2026/09/23 13:37:22.218, 0, 96 %, 30 %, 8125 MiB, 124.87 W
2026/09/23 13:37:22.220, 1, 96 %, 31 %, 8141 MiB, 114.56 W
2026/09/23 13:37:22.221, 2, 98 %, 30 %, 8117 MiB, 125.03 W
2026/09/23 13:37:22.222, 3, 96 %, 31 %, 8103 MiB, 125.35 W
2026/09/23 13:37:23.224, 0, 96 %, 29 %, 7041 MiB, 129.62 W
2026/09/23 13:37:23.225, 1, 93 %, 30 %, 7051 MiB, 122.69 W
2026/09/23 13:37:23.226, 2, 97 %, 31 %, 7039 MiB, 126.00 W
2026/09/23 13:37:23.227, 3, 97 %, 31 %, 7031 MiB, 126.72 W
2026/09/23 13:37:24.230, 0, 97 %, 29 %, 7041 MiB, 129.62 W
2026/09/23 13:37:24.231, 1, 93 %, 30 %, 7051 MiB, 122.21 W
2026/09/23 13:37:24.232, 2, 97 %, 31 %, 7039 MiB, 126.49 W
2026/09/23 13:37:24.233, 3, 97 %, 31 %, 7031 MiB, 127.69 W
2026/09/23 13:37:25.235, 0, 97 %, 29 %, 7041 MiB, 129.13 W
2026/09/23 13:37:25.237, 1, 93 %, 29 %, 7051 MiB, 121.73 W
2026/09/23 13:37:25.238, 2, 98 %, 32 %, 7039 MiB, 126.49 W
2026/09/23 13:37:25.239, 3, 98 %, 31 %, 7031 MiB, 128.17 W
2026/09/23 13:37:26.241, 0, 41 %, 1 %, 7041 MiB, 81.19 W
2026/09/23 13:37:26.242, 1, 41 %, 1 %, 7051 MiB, 75.26 W
2026/09/23 13:37:26.243, 2, 36 %, 1 %, 7039 MiB, 76.92 W
2026/09/23 13:37:26.244, 3, 36 %, 1 %, 7031 MiB, 76.82 W
2026/09/23 13:37:27.246, 0, 96 %, 30 %, 7041 MiB, 126.72 W
2026/09/23 13:37:27.247, 1, 96 %, 29 %, 7051 MiB, 118.27 W
2026/09/23 13:37:27.249, 2, 96 %, 31 %, 7039 MiB, 127.86 W
2026/09/23 13:37:27.250, 3, 98 %, 30 %, 7031 MiB, 132.03 W
2026/09/23 13:37:28.252, 0, 97 %, 31 %, 7041 MiB, 132.91 W
2026/09/23 13:37:28.253, 1, 96 %, 29 %, 7051 MiB, 120.28 W
2026/09/23 13:37:28.254, 2, 96 %, 31 %, 7039 MiB, 128.42 W
2026/09/23 13:37:28.255, 3, 98 %, 30 %, 7031 MiB, 127.77 W
2026/09/23 13:37:29.257, 0, 97 %, 32 %, 7041 MiB, 141.99 W
2026/09/23 13:37:29.258, 1, 96 %, 29 %, 7051 MiB, 135.45 W
2026/09/23 13:37:29.259, 2, 97 %, 31 %, 7039 MiB, 137.44 W
2026/09/23 13:37:29.262, 3, 98 %, 30 %, 7031 MiB, 138.13 W
2026/09/23 13:37:30.264, 0, 96 %, 31 %, 7041 MiB, 141.98 W
2026/09/23 13:37:30.265, 1, 96 %, 29 %, 7051 MiB, 134.93 W
2026/09/23 13:37:30.266, 2, 97 %, 32 %, 7039 MiB, 137.41 W
2026/09/23 13:37:30.267, 3, 98 %, 30 %, 7031 MiB, 138.11 W
2026/09/23 13:37:31.270, 0, 94 %, 31 %, 7041 MiB, 142.37 W
2026/09/23 13:37:31.271, 1, 96 %, 29 %, 7051 MiB, 135.33 W
2026/09/23 13:37:31.272, 2, 96 %, 31 %, 7039 MiB, 137.41 W
2026/09/23 13:37:31.273, 3, 98 %, 29 %, 7031 MiB, 138.50 W
2026/09/23 13:37:32.275, 0, 95 %, 31 %, 7041 MiB, 142.37 W
2026/09/23 13:37:32.276, 1, 96 %, 29 %, 7051 MiB, 135.33 W
2026/09/23 13:37:32.277, 2, 96 %, 31 %, 7039 MiB, 138.38 W
2026/09/23 13:37:32.278, 3, 98 %, 30 %, 7031 MiB, 138.98 W
2026/09/23 13:37:33.280, 0, 95 %, 31 %, 7041 MiB, 143.34 W
2026/09/23 13:37:33.281, 1, 96 %, 29 %, 7051 MiB, 135.33 W
2026/09/23 13:37:33.282, 2, 96 %, 30 %, 7039 MiB, 138.38 W
2026/09/23 13:37:33.284, 3, 98 %, 30 %, 7031 MiB, 139.47 W
2026/09/23 13:37:34.286, 0, 95 %, 31 %, 7041 MiB, 143.82 W
2026/09/23 13:37:34.287, 1, 96 %, 29 %, 7051 MiB, 135.81 W
2026/09/23 13:37:34.288, 2, 96 %, 30 %, 7039 MiB, 138.29 W
2026/09/23 13:37:34.289, 3, 98 %, 29 %, 7031 MiB, 138.50 W
2026/09/23 13:37:35.292, 0, 96 %, 31 %, 7041 MiB, 143.82 W
2026/09/23 13:37:35.293, 1, 96 %, 30 %, 7051 MiB, 136.29 W
2026/09/23 13:37:35.294, 2, 98 %, 30 %, 7039 MiB, 139.26 W
2026/09/23 13:37:35.295, 3, 98 %, 29 %, 7031 MiB, 138.98 W
2026/09/23 13:37:36.297, 0, 94 %, 31 %, 7041 MiB, 143.82 W
2026/09/23 13:37:36.298, 1, 96 %, 30 %, 7051 MiB, 136.29 W
2026/09/23 13:37:36.299, 2, 97 %, 30 %, 7039 MiB, 138.87 W
2026/09/23 13:37:36.300, 3, 98 %, 29 %, 7031 MiB, 138.98 W
2026/09/23 13:37:37.302, 0, 94 %, 30 %, 7041 MiB, 143.34 W
2026/09/23 13:37:37.304, 1, 96 %, 31 %, 7051 MiB, 136.29 W
2026/09/23 13:37:37.305, 2, 97 %, 30 %, 7039 MiB, 139.26 W
2026/09/23 13:37:37.306, 3, 98 %, 29 %, 7031 MiB, 138.98 W
2026/09/23 13:37:38.308, 0, 94 %, 30 %, 7041 MiB, 143.34 W
2026/09/23 13:37:38.309, 1, 96 %, 31 %, 7051 MiB, 136.29 W
2026/09/23 13:37:38.311, 2, 98 %, 30 %, 7039 MiB, 138.87 W
2026/09/23 13:37:38.312, 3, 98 %, 29 %, 7031 MiB, 139.47 W
2026/09/23 13:37:39.314, 0, 94 %, 29 %, 7041 MiB, 143.34 W
2026/09/23 13:37:39.315, 1, 96 %, 31 %, 7051 MiB, 135.81 W
2026/09/23 13:37:39.316, 2, 98 %, 30 %, 7039 MiB, 138.29 W
2026/09/23 13:37:39.317, 3, 98 %, 30 %, 7031 MiB, 139.95 W
2026/09/23 13:37:40.319, 0, 96 %, 30 %, 7041 MiB, 143.34 W
2026/09/23 13:37:40.320, 1, 94 %, 31 %, 7051 MiB, 136.29 W
2026/09/23 13:37:40.322, 2, 98 %, 30 %, 7039 MiB, 138.77 W
2026/09/23 13:37:40.324, 3, 98 %, 29 %, 7031 MiB, 139.47 W
2026/09/23 13:37:41.327, 0, 97 %, 30 %, 7041 MiB, 82.32 W
2026/09/23 13:37:41.328, 1, 94 %, 29 %, 7051 MiB, 76.87 W
2026/09/23 13:37:41.329, 2, 97 %, 30 %, 7039 MiB, 78.59 W
2026/09/23 13:37:41.330, 3, 88 %, 22 %, 7031 MiB, 78.48 W
2026/09/23 13:37:42.332, 0, 41 %, 1 %, 7041 MiB, 80.38 W
2026/09/23 13:37:42.333, 1, 45 %, 6 %, 7051 MiB, 75.41 W
2026/09/23 13:37:42.334, 2, 36 %, 1 %, 7039 MiB, 77.12 W
2026/09/23 13:37:42.335, 3, 36 %, 1 %, 7031 MiB, 77.02 W
2026/09/23 13:37:43.337, 0, 96 %, 29 %, 7041 MiB, 141.89 W
2026/09/23 13:37:43.338, 1, 96 %, 31 %, 7051 MiB, 135.33 W
2026/09/23 13:37:43.340, 2, 97 %, 30 %, 7039 MiB, 137.80 W
2026/09/23 13:37:43.341, 3, 98 %, 31 %, 7031 MiB, 139.47 W
2026/09/23 13:37:44.343, 0, 97 %, 29 %, 7041 MiB, 142.37 W
2026/09/23 13:37:44.344, 1, 93 %, 30 %, 7051 MiB, 134.84 W
2026/09/23 13:37:44.345, 2, 97 %, 31 %, 7039 MiB, 136.93 W
2026/09/23 13:37:44.346, 3, 98 %, 32 %, 7031 MiB, 138.50 W
2026/09/23 13:37:45.348, 0, 96 %, 29 %, 7041 MiB, 140.43 W
2026/09/23 13:37:45.349, 1, 93 %, 30 %, 7051 MiB, 133.97 W
2026/09/23 13:37:45.350, 2, 98 %, 31 %, 7039 MiB, 135.96 W
2026/09/23 13:37:45.351, 3, 98 %, 31 %, 7031 MiB, 136.56 W
2026/09/23 13:37:46.354, 0, 97 %, 29 %, 7041 MiB, 138.50 W
2026/09/23 13:37:46.355, 1, 93 %, 29 %, 7051 MiB, 132.52 W
2026/09/23 13:37:46.356, 2, 97 %, 32 %, 7039 MiB, 134.99 W
2026/09/23 13:37:46.358, 3, 96 %, 31 %, 7031 MiB, 135.11 W
2026/09/23 13:37:47.360, 0, 96 %, 29 %, 7041 MiB, 137.14 W
2026/09/23 13:37:47.362, 1, 94 %, 29 %, 7051 MiB, 130.59 W
2026/09/23 13:37:47.363, 2, 98 %, 31 %, 7039 MiB, 133.04 W
2026/09/23 13:37:47.364, 3, 97 %, 31 %, 7031 MiB, 133.75 W
2026/09/23 13:37:48.366, 0, 96 %, 31 %, 7041 MiB, 124.71 W
2026/09/23 13:37:48.367, 1, 95 %, 29 %, 7051 MiB, 112.04 W
2026/09/23 13:37:48.368, 2, 88 %, 28 %, 7039 MiB, 113.86 W
2026/09/23 13:37:48.370, 3, 98 %, 31 %, 7031 MiB, 110.80 W
2026/09/23 13:37:49.372, 0, 96 %, 31 %, 7041 MiB, 129.48 W
2026/09/23 13:37:49.373, 1, 96 %, 29 %, 7051 MiB, 122.45 W
2026/09/23 13:37:49.374, 2, 97 %, 32 %, 8117 MiB, 120.10 W
2026/09/23 13:37:49.377, 3, 98 %, 30 %, 8103 MiB, 113.64 W
2026/09/23 13:37:50.379, 0, 95 %, 31 %, 7041 MiB, 129.48 W
2026/09/23 13:37:50.380, 1, 96 %, 29 %, 7051 MiB, 121.97 W
2026/09/23 13:37:50.381, 2, 96 %, 31 %, 7039 MiB, 126.34 W
2026/09/23 13:37:50.382, 3, 98 %, 29 %, 7031 MiB, 127.06 W
2026/09/23 13:37:51.384, 0, 95 %, 31 %, 7041 MiB, 128.99 W
2026/09/23 13:37:51.386, 1, 96 %, 29 %, 7051 MiB, 121.48 W
2026/09/23 13:37:51.387, 2, 96 %, 30 %, 7039 MiB, 126.34 W
2026/09/23 13:37:51.388, 3, 98 %, 30 %, 7031 MiB, 128.02 W
2026/09/23 13:37:52.390, 0, 96 %, 31 %, 7041 MiB, 128.02 W
2026/09/23 13:37:52.391, 1, 96 %, 29 %, 7051 MiB, 120.60 W
2026/09/23 13:37:52.392, 2, 96 %, 30 %, 7039 MiB, 127.31 W
2026/09/23 13:37:52.393, 3, 98 %, 30 %, 7031 MiB, 128.51 W
2026/09/23 13:37:53.397, 0, 96 %, 31 %, 7041 MiB, 127.54 W
2026/09/23 13:37:53.398, 1, 96 %, 30 %, 7051 MiB, 120.60 W
2026/09/23 13:37:53.400, 2, 97 %, 30 %, 7039 MiB, 128.28 W
2026/09/23 13:37:53.401, 3, 98 %, 30 %, 7031 MiB, 129.96 W
2026/09/23 13:37:54.403, 0, 94 %, 30 %, 7041 MiB, 125.20 W
2026/09/23 13:37:54.404, 1, 96 %, 30 %, 7051 MiB, 111.48 W
2026/09/23 13:37:54.405, 2, 97 %, 30 %, 7039 MiB, 121.08 W
2026/09/23 13:37:54.406, 3, 98 %, 30 %, 7031 MiB, 138.01 W
2026/09/23 13:37:55.408, 0, 94 %, 29 %, 7041 MiB, 142.85 W
2026/09/23 13:37:55.409, 1, 96 %, 31 %, 7051 MiB, 135.81 W
2026/09/23 13:37:55.410, 2, 97 %, 30 %, 7039 MiB, 137.90 W
2026/09/23 13:37:55.411, 3, 98 %, 29 %, 7031 MiB, 138.01 W
2026/09/23 13:37:56.415, 0, 96 %, 29 %, 7041 MiB, 142.37 W
2026/09/23 13:37:56.416, 1, 95 %, 31 %, 7051 MiB, 135.33 W
2026/09/23 13:37:56.417, 2, 97 %, 30 %, 7039 MiB, 137.41 W
2026/09/23 13:37:56.418, 3, 98 %, 29 %, 7031 MiB, 138.50 W
2026/09/23 13:37:57.420, 0, 41 %, 1 %, 7041 MiB, 80.86 W
2026/09/23 13:37:57.421, 1, 44 %, 1 %, 7051 MiB, 75.41 W
2026/09/23 13:37:57.422, 2, 36 %, 1 %, 7039 MiB, 77.12 W
2026/09/23 13:37:57.424, 3, 37 %, 1 %, 7031 MiB, 76.97 W
